cell_id,albedo,ndbi,mndwi,bsi,ndvi,lst
0,0.13709268749006231,-0.01411972426691021,-0.4660410193341064,0.04441424620768957,0.45001857618690444,39.74529121151672
1,0.1450908657293529,-0.02131433893439874,-0.4664826953911417,0.04291040929602029,0.44961691906878526,40.693451035070396
2,0.13576098289149982,0.00260217350602453,-0.469932806927175,0.058288353419840344,0.4351424183243053,40.29405168396555
3,0.14055036823296835,0.030809296380029928,-0.4747824558757137,0.08341478218324425,0.402899321763447,40.339138872378186
4,0.16120163685800665,0.04559588743159645,-0.46553256809718135,0.10433832245571543,0.3540472423630695,42.92526786872276
5,0.16308583123310808,0.05941889432290565,-0.46333916237656303,0.11710756116581306,0.33421514838089417,43.320898696236036
6,0.14718061651938583,0.013032574731730579,-0.44804788969992915,0.0750062862268729,0.38656377252718793,41.5473407079966
7,0.12646809223741431,0.018377894148350497,-0.46240242824875877,0.06611522146351283,0.419894414918199,40.2968913851716
8,0.11947907228562098,-0.010779521332741343,-0.4534444149362135,0.04167953583217175,0.46179832698033063,40.21429926181772
9,0.13474188741580947,-0.008533608804814208,-0.4637113114226123,0.04862681649731649,0.44541691270089984,40.30716273917825
10,0.13737399922807336,0.015127891422507998,-0.47133982190234425,0.06611114511619715,0.42595450165820736,40.35582101084831
11,0.1322131258227769,0.019544775686720337,-0.46589252357285293,0.06786255173418,0.42829157522664507,40.62874404260966
12,0.13777260787844006,0.023060201244384636,-0.4705316101018826,0.07494797724081091,0.4123470551888016,41.719508920709615
13,0.16680521940772527,0.03913168627490404,-0.4464830927115133,0.10395940598994528,0.3382366009887322,43.526777840053164
14,0.13689244203518608,-0.028892956958758976,-0.4110032522970099,0.04340302495890034,0.40584940467803365,40.31654869743705
15,0.13340367041494502,0.023294982649015528,-0.4629234935456617,0.07091679867200473,0.4136154692422062,40.40102665892107
16,0.1283066640980252,0.01343744992770214,-0.4592096662349815,0.05851731787085418,0.4389985369646809,38.64265065722531
17,0.13618875459863913,0.029642290926698813,-0.4678716096699414,0.07186043269720924,0.43063174185659536,38.174551679552856
18,0.13385742014389118,-0.026051506976346887,-0.4713919007072936,0.025597679899395084,0.483498012429646,38.77999830803735
19,0.13386579969210963,-0.03929372415409323,-0.46769572116704416,0.015491089666651374,0.503478166623372,39.35007408543901
20,0.12435552317981856,-0.1355034952319919,-0.4651131395335913,-0.07488126880337136,0.6132362905129518,38.06539733813953
21,0.13317501002321058,-0.01160662416032465,-0.45389066561861396,0.047801783573072534,0.4376218708265902,40.48449662643888
22,0.14434243545790829,0.011416490279028222,-0.46690224029456984,0.07145633902938006,0.40672576264123717,40.61986241336384
23,0.13483193555776923,0.026654036576609235,-0.47144264964379423,0.0756022400245366,0.4172094222787525,40.595926664711556
24,0.13582089875135156,0.0032682553380820284,-0.46395265816186126,0.05538198654041164,0.44077885519891935,39.3829410694539
25,0.13827821865498158,-0.010325839573972304,-0.46624416270121294,0.047415943571540296,0.44853673410598555,40.76324277680107
26,0.13725390208370347,-0.022075575731384717,-0.45216895201433577,0.041153999413411545,0.44307056423086444,40.60843364632188
27,0.13918952855308048,0.02874740979505049,-0.46756249392859167,0.0789997941638004,0.4095143515926008,40.91993931751503
28,0.14005198848233535,0.027263477148305147,-0.46652968451471155,0.07413851018036241,0.4181787732937022,40.214533715945414
29,0.1382340980099724,0.058172658545243755,-0.4660731494647734,0.0984009879775376,0.3848243325131828,40.40482602006993
30,0.13793409385266475,0.05290081338572439,-0.46235679539508184,0.09287851022253682,0.39929748237690926,38.67846648315319
31,0.1298747927001227,0.02463779058442166,-0.4734082600341864,0.061651724867335306,0.4481126269335021,38.948442072840415
32,0.1397607907231537,-0.04748507976124461,-0.4724510004234761,0.009158948186481093,0.505033408127534,39.013990027213325
33,0.1431877979539394,-0.11558480214547386,-0.46648210136876367,-0.04475157039106872,0.5555490158119115,38.77561865394433
34,0.13548558771317853,-0.04706895678868125,-0.46287258809983234,0.009513948204425986,0.5024131242105311,39.785762929378635
35,0.13882160675140048,0.009771797686833495,-0.45281190610715,0.07129849201682358,0.40422745609652483,40.25379385737044
36,0.13295750939870274,-0.06439910257642954,-0.4432979409452461,0.004462791465319697,0.49118128405371453,38.43452530527112
37,0.1366624073311521,-0.024103814394995426,-0.45225672875282596,0.03783879856152835,0.4523582201010701,39.25700098322682
38,0.1510677678207693,-0.014568928670256021,-0.45242737941425837,0.05020833610465651,0.43216802698182777,38.86148180592249
39,0.1445330657995071,-0.023740818743433038,-0.4546229331365747,0.0410205508748069,0.44372617260307984,40.552795280533395
40,0.15228653662306765,-0.043319667678881436,-0.41572725278482614,0.03510453135014481,0.4092381017972556,41.81782048044559
41,0.16303350353582055,-0.014136871161855313,-0.40938678986495347,0.06406808039588464,0.36969858738664346,42.02402696315161
42,0.15130554076345867,0.02916400434601554,-0.45233299215029577,0.08389236050044431,0.3855971665606669,41.196344180624095
43,0.15599705719142762,-0.02111475255532129,-0.44827001645330206,0.04344057674607062,0.43382189555614487,40.859858644004625
44,0.14135957030628363,-0.005538520667776418,-0.4568972480543971,0.0459547941702241,0.4496196493989808,39.44365129467422
45,0.12839927476250354,0.024087044462435585,-0.4728389826471163,0.059130712403970616,0.4551712054791093,38.92810520616649
46,0.13678924003476037,-0.058872761819799016,-0.4662461652244004,0.0019208004805171854,0.5077014723639638,38.12495169939878
47,0.13862538703810703,-0.06885973360278563,-0.4594806540044993,-0.004311957690614951,0.5162145738759916,39.25937779792109
48,0.15258651959215366,-0.03768451649905406,-0.4451603908961301,0.030191351085964928,0.4489104077911009,40.64703780592266
49,0.15001575547316923,-0.045990288526434914,-0.4650732533910881,0.013306382422693386,0.4896607931345302,38.90291381217022
50,0.14312269133698877,-0.0636144254694228,-0.46381510457742703,-0.008022005443661266,0.5198405372697241,37.75808159649807
51,0.153881392959763,-0.0786494307427204,-0.42986366468669246,-0.0008861132966377454,0.4744259213133784,39.53651551420064
52,0.14019323127227673,-0.03379931902044993,-0.4457849343003413,0.03365398788686019,0.4446793324287173,39.19576703675331
53,0.16077088693262817,-0.08454010493377329,-0.4208911120401435,-0.002596712051110981,0.47007075831755746,38.502552452459476
54,0.16242081524663748,-0.05748017939085597,-0.4241764760925026,0.02115436082926255,0.44096743467926725,39.73171035568633
55,0.16010331405205402,-0.04318952778548638,-0.42592415869226474,0.029252971948181,0.43020808339215305,40.13881026326877
56,0.16101314012698376,-0.07054207765628857,-0.41927871710212145,0.01139467440982383,0.44487849984924427,41.089418291000264
57,0.15980858122992453,-0.05378634358510927,-0.4010649145064889,0.028326019986690928,0.40387648569711254,42.850973991528804
58,0.17738651668702973,0.01656342729372196,-0.38796820139533306,0.09498784484089284,0.30083146830446406,44.29907838454248
59,0.17037133229019402,-0.025475495050091716,-0.42456639398802387,0.04884670873286319,0.40277913213999905,42.52269561872691
60,0.16816003479936853,-0.04087365468218685,-0.4249525486851095,0.03450829231774221,0.42389340499228956,40.99088509420926
61,0.14706604502129797,-0.01758636226008226,-0.4463319914688013,0.040001401462238066,0.4426713934067156,39.52890738303864
62,0.13261039812545009,-0.04178104119871927,-0.46674278711330525,0.01122397630166194,0.5091910540087279,38.127400151582236
63,0.13741221729037625,-0.08503273732277876,-0.45832451236492266,-0.01875462831951326,0.5285733364833646,37.433738882885514
64,0.15298330018726042,0.01498672366820482,-0.47023620297508684,0.06723001713139029,0.42820554873276034,40.681099173832955
65,0.18236401476257552,0.01040431312695012,-0.3765614044761605,0.09227260054860938,0.29242137881086044,42.59899008346967
66,0.15413991783582787,-0.06227430580315933,-0.40815359930006806,0.014392944654167355,0.4339758379504417,39.54309609046603
67,0.14858821328884808,-0.11123970203805149,-0.45605696257787665,-0.04278886306987087,0.5481537405889901,37.18667367803802
68,0.1473430411884375,-0.05807033840755602,-0.44801774846319026,0.0014379503743359758,0.4918472441666532,38.115706993995374
69,0.15718088831727162,-0.11213813809330798,-0.41304222496175674,-0.02606742139745994,0.4945132232409251,39.17259614086287
70,0.15367607819988766,-0.1132391547100749,-0.4284070170361585,-0.0303296368001941,0.5128264408047559,38.67327131220933
71,0.15775143062421082,-0.08632403910727336,-0.42101693503729004,-0.006472160855837031,0.473852214800701,39.572347060545674
72,0.16292877228728517,-0.102152002568202,-0.4147389371211531,-0.01897246314036281,0.4816382869913385,39.3393993477962
73,0.16194715660276376,-0.037861843842090855,-0.3631521645055266,0.04652354697765636,0.350686757473793,41.05145617099958
74,0.16370573357272472,-0.05537099368200933,-0.34804397538726634,0.036491036605279324,0.35551531121990176,41.21840741957703
75,0.1675964389633931,-0.05300556819281168,-0.40760767812077003,0.02838801163798206,0.41695289316111234,40.86107112888321
76,0.17007375336775868,-0.03509371950419555,-0.42134980979729697,0.04053003635545351,0.410125516681212,43.363589370440145
77,0.17443169513803622,-0.009986185043635548,-0.3868260270838852,0.06946445822484477,0.33811319349568986,42.999020168757596
78,0.17191465690567254,-0.03457088323625489,-0.4024501894205889,0.04425887900385276,0.38837405394865654,42.461988975240516
79,0.18503339121464568,-0.034694987628132536,-0.41220253219097486,0.04321491958012033,0.39543242299843745,41.36343816320908
80,0.16904069773480368,-0.049299070603603286,-0.42282793802607965,0.02699952389202773,0.43215984837239724,39.82037162678776
81,0.16264792078568222,-0.014930832246352273,-0.4387413057795353,0.04903766806617765,0.423002823563666,39.631646182308536
82,0.15862834986380536,0.03850699732916939,-0.46046851110722203,0.09099184824232145,0.38251372268263534,39.81534823500095
83,0.16034151403259672,0.010673713747017699,-0.47012236280872205,0.06654847523196576,0.42268893012823,40.387625373911064
84,0.17372375564964535,0.02216322268100678,-0.3295173214658398,0.10545707500525639,0.23733710002559857,42.716669122245186
85,0.16781262226438196,-0.0035528127211115067,-0.321274829420159,0.08280428191984854,0.2615599970445712,41.52618854567981
86,0.153234032563322,-0.0676685420215666,-0.41856508522996594,0.004288338200470328,0.46217415441606985,38.57536714985566
87,0.1485642297605945,-0.03605089432878292,-0.432126826744832,0.023186768115889485,0.4549756078859868,38.50076385400414
88,0.14174849193200958,-0.03968805729567244,-0.43694387179291927,0.013906068675789845,0.47984253014787515,37.598377354070024
89,0.16645680813116603,0.005119155033628424,-0.3051151218448538,0.0940359310252331,0.24158341424503307,42.78020010419345
90,0.16350768701020815,-0.10057595679896396,-0.38307888208234725,-0.012003408197270126,0.44925845488149463,39.964618527723296
91,0.15592231167103573,-0.14094218254948707,-0.4159336827132339,-0.054654336441037295,0.5309159528068289,38.209550516265736
92,0.15175652861723293,-0.11637034616906346,-0.42561002672981013,-0.03544460902393022,0.5185473542730111,37.66863206050575
93,0.15066274737190263,-0.14742691407417347,-0.42657502104510775,-0.06456478030775864,0.5506358984112439,37.433543639101856
94,0.15289180504141767,-0.13190868713961082,-0.4206621096467331,-0.04966682833383182,0.5267697355255953,38.38688183010631
95,0.16983736583186265,-0.08633652962970445,-0.3943125794245295,0.0005335281042756664,0.44508819259007687,39.645152704152046
96,0.1677598280494852,-0.003873216754586972,-0.34118176635338493,0.07008802600381281,0.29796588414864533,42.1041264068443
97,0.17335590082138627,-0.015160582888856357,-0.39086590674202804,0.055271064434302894,0.3635485462383043,41.9889633829727
98,0.16982812253056426,-0.04214244023667841,-0.41154152117675036,0.03622319310997505,0.4049288366560575,41.02842418453118
99,0.16167595538400284,-0.0726936908562764,-0.40552369461349114,0.006469219101374415,0.4463540430444503,41.10800773300657
100,0.16358006202424014,-0.03881382994450828,-0.4080121838164467,0.03741394466254547,0.4052807635314166,42.5100348381582
101,0.1734673347965802,-0.015982636415056505,-0.378406778543737,0.05861779696043464,0.35128149700253286,43.25191741291417
102,0.17638712144981705,-0.021890265876055595,-0.39709884926348854,0.059946551295396014,0.35863582106488456,42.687782669659285
103,0.17976166061758336,-0.039803642657716784,-0.415253777201206,0.04448699642969502,0.39200716250208917,41.09991766539548
104,0.173528160222294,-0.0012768610225138228,-0.4439654833970043,0.06503617909005797,0.39740375728248933,39.23547421567675
105,0.16517753804625662,0.00838927811016141,-0.43351785017098116,0.07565672964905491,0.3755411397772144,39.543156506801004
106,0.16863453764040598,0.01008966020030067,-0.45055379007709156,0.07295652359396734,0.3963383278537391,40.15204499865508
107,0.15397648630078042,0.0073701401419190215,-0.4660599435102253,0.061891806143178574,0.43319598213176913,40.65184156667032
108,0.15139184422342042,-0.050512660609447965,-0.45990404967885085,0.012560992670414328,0.4928739707596594,39.36217745736996
109,0.15759573520714462,-0.03912645188730777,-0.45259617513769823,0.023081326309734616,0.4649743885596161,38.81693959948623
110,0.145501051975067,-0.03921946343975989,-0.4301948992063393,0.019654765892308225,0.45867739176652467,38.0702613924394
111,0.14734834182252377,-0.013568091687162132,-0.42224127165386244,0.04651322275271477,0.41737157916844736,38.392663284520225
112,0.15823632495240988,-0.04772600394151607,-0.4463447264069953,0.020977998733771024,0.46801793891083204,42.679776301277954
113,0.15891574875557524,-0.09589102239477128,-0.4290125392159273,-0.01801671745173514,0.4966117408787935,41.29662498573063
114,0.15162726727017573,-0.1529824595970465,-0.4237197840486111,-0.06875065125699902,0.550383104094992,39.342684736655634
115,0.16706393083927218,-0.049417694692249374,-0.3555736067866819,0.03634748647756996,0.36133819357386004,41.29201603191402
116,0.15182740240545337,-0.12744682112254246,-0.3945487019138363,-0.038698290750230555,0.4932585864420093,39.097766453996734
117,0.16272499359586964,-0.1266207526934548,-0.4265049218731622,-0.04581324492371048,0.5292441803405369,38.264564266838754
118,0.17506081734848505,-0.08902964943226788,-0.41144419701985324,-0.006655020516292681,0.4634461009494518,39.59919401583175
119,0.16821465185346726,-0.09789491720333775,-0.42534138578392755,-0.019803649960879122,0.49735250476131254,39.07570890998466
120,0.15036988324768033,-0.13197078066803308,-0.4152680805267971,-0.04735391432807634,0.5232553093578222,38.0429797832656
121,0.157742753111279,-0.11677347506950952,-0.40094472243192086,-0.029358217934060293,0.48679798135224955,38.304224479431774
122,0.16163828690676943,-0.07474945362599693,-0.409893776311206,0.006856155078803881,0.44767483478498565,38.691846597644854
123,0.16664581855260688,-0.061494759523422884,-0.39561536395045427,0.012045846477079968,0.4318950922972692,40.269526596603406
124,0.18019299580263598,-0.005764265917402409,-0.4193423405375528,0.060750749072072785,0.37969044687263437,41.331016038706316
125,0.15933449353790488,-0.05176270056127769,-0.403058826441503,0.027069069142749515,0.4182503151192593,41.12499446057722
126,0.1659665790450273,-0.07177668648670905,-0.39740041190245823,0.013565385279988738,0.4275934497277064,42.33298228835105
127,0.20257994542098978,0.014358140883332503,-0.342122690009749,0.09889736640501075,0.23717533132874694,45.23982018442176
128,0.19301206209413577,0.020437641714807355,-0.3926799237494592,0.0972410633908977,0.29333192398845137,44.61711690323897
129,0.17391253466336,-0.05096284070584271,-0.40512803274224024,0.031138789595110763,0.4061063264239365,40.2377901092765
130,0.16334218686922544,-0.09305246110106831,-0.42269053426480907,-0.015225698813649454,0.491469537961697,37.55397973928482
131,0.15357801549881925,-0.05525727557567956,-0.4437585063970032,0.013469000984251876,0.47206817592522415,38.34286857682217
132,0.15311591155547644,-0.02291319767350254,-0.4548510550749008,0.04093075846417545,0.44608327331047604,39.60864684894625
133,0.16086724156175158,0.058476782255834914,-0.4669124181311346,0.11031385445971942,0.3579700925796298,42.656891278872294
134,0.13637220775640663,-0.021756031710844937,-0.463021231570028,0.027507523963179164,0.4914901441416441,39.52341396071035
135,0.14625679805992736,-0.04832897814446779,-0.45618646006116936,0.006695575673534427,0.5002382196039102,37.81575993461082
136,0.1416878823793909,-0.05029605021772663,-0.43589039056384504,0.008624690550727693,0.4861713372678389,37.55235585792378
137,0.13955601622378375,-0.06381301593248898,-0.4311664363595487,-0.0018918737460686598,0.4975318417957521,36.96301533979621
138,0.14870669939428757,-0.03227948101929483,-0.4528479612668283,0.030407647365286113,0.4562139065981791,41.96176273906034
139,0.15387922947497554,-0.05435701662658302,-0.4428219208940654,0.01330966452238782,0.4711624819274815,40.38160154648259
140,0.15840435058230762,-0.12206936141067821,-0.4081667389655275,-0.037605204485127254,0.49580146616627707,39.67572574393443
141,0.16367967829181496,-0.0857643938182553,-0.37946970901457694,0.002960894745483674,0.4232154060203905,40.94249468923248
142,0.1586342656226772,-0.11503156170146679,-0.4263643900744341,-0.03414608584353654,0.5125437256542699,39.13442290122816
143,0.15389049538721372,-0.07530004928569024,-0.4469852090883609,-0.004139993121729146,0.49458520875274226,39.05008257731707
144,0.15484413228044475,-0.11572134386526658,-0.43857874084293585,-0.0406432250419926,0.5327877243345074,37.903215554113935
145,0.15725501151898663,-0.1419142755456454,-0.4287829060964114,-0.06296657922341001,0.5534325973793935,36.89446441013558
146,0.15534532098923035,-0.1528885555926807,-0.4137637358451561,-0.06822750565517173,0.5471731281137142,37.51097884634939
147,0.15571725522496246,-0.1148059084974282,-0.42444972222081084,-0.035350816855594054,0.5155033634263066,38.21072551716962
148,0.16945599625217483,-0.03481087447873531,-0.410103331413076,0.03916321016481927,0.399874425340683,39.910655599547894
149,0.15892608172786934,-0.0879701061790383,-0.38814220015795803,-0.0034803907034760026,0.44270365414188484,39.14271300142309
150,0.17366897840875226,-0.022377431359535765,-0.36755432532276083,0.05581601968736498,0.3463795027361449,41.20832733821579
151,0.17280181181170268,-0.05068958434673054,-0.3827085064353995,0.02415742869730408,0.3968401072260013,40.79291469732419
152,0.17585878151525453,-0.062074623710417186,-0.395727288234059,0.018083006467628556,0.41761468488270626,40.49582487863634
153,0.17612883107265326,-0.07066165724488821,-0.41324479699272104,0.00744416985705823,0.45064437240075345,39.71388274292989
154,0.20643616266205514,-0.01431215017862982,-0.40032747861571605,0.06773255153162652,0.35095131605991026,41.01427556152866
155,0.19535827108473536,-0.013606938599131929,-0.4100536869141949,0.06212484688173941,0.3695155478479604,40.69302094880017
156,0.15886233514878587,-0.07937446324344079,-0.4377819027586317,-0.005350788562756337,0.49157649093863265,37.71762588351549
157,0.14452290383499314,-0.045754592383458546,-0.46361927036664213,0.011587300094278004,0.5008972190744827,37.06620047230301
158,0.1522867259208342,-0.03374778362585724,-0.4675834033373378,0.024430504888672867,0.4781287303080854,38.995800528427424
159,0.16512076681074814,0.040335529687678326,-0.46293115766253257,0.09799348641912412,0.36308836469738054,42.37679908698077
160,0.13814626184521134,-0.011840130624345194,-0.4654369589150202,0.03636495689029648,0.47867144180304155,39.60442797482963
161,0.13921893908945956,-0.03384212657307711,-0.4600862198306728,0.012627533804299516,0.5056736058387434,37.889931456493734
162,0.13953410320358633,-0.03227999901921652,-0.4418912203351492,0.019365335329747317,0.47972909575424366,37.10570298464806
163,0.1429859229204924,-0.049819646003326376,-0.429239161138409,0.010968688436914368,0.4782749690420232,36.590818314982585
164,0.14500896821401246,-0.00807691813583236,-0.4598930457647127,0.05082755903885159,0.43290227600785575,43.757732510670515
165,0.14409702524979864,-0.09351138810973364,-0.4507119616409458,-0.024916256234546724,0.5237918788516378,40.55472363064967
166,0.13377155304931615,-0.18204193463327883,-0.426752154337554,-0.1045445325277915,0.6037179854129375,37.1464225333255
167,0.14727594012162493,-0.08634122684543308,-0.4490753943704733,-0.01670892722116718,0.5164449264804432,39.33085683267736
168,0.15434542446501068,-0.08147012476658325,-0.3913378683330051,0.002965701662782396,0.43112442383261024,40.81440627238796
169,0.15408832615659146,-0.08774585661196965,-0.4286113540327949,-0.010893290760067013,0.485515196212257,39.73567676435359
170,0.1474738814322589,-0.07541142042617917,-0.45135106014627835,-0.00564711615514581,0.5032406586879982,38.226711962632216
171,0.16054365164910628,-0.0495883450844733,-0.442384175956425,0.01791220051272599,0.4675729451382414,37.73161274492926
172,0.17967552103124967,-0.11333850631231664,-0.42436633999227674,-0.03290739255870037,0.5058613382018279,36.309538900766555
173,0.16084188542446093,-0.12930967869289453,-0.41515770269102276,-0.04640362167420402,0.5143457713008098,36.54857410986547
174,0.16646246977248758,-0.13232100952355505,-0.4266250932330096,-0.048854040365932876,0.5246573712365475,36.2425127129716
175,0.18065454203390968,-0.08428836947494417,-0.3970221978047784,0.00021479821071695234,0.43403687910513544,37.6100450379671
176,0.1744658998029116,-0.027035644672345368,-0.3722199705515947,0.05319772295441574,0.3505995880126101,38.951664002804755
177,0.16110073402512634,-0.04527804180866374,-0.3655349837175452,0.03001864458040799,0.37920371100567163,39.57011424874418
178,0.1856459106915003,-0.018032503393857327,-0.3682456329084355,0.04834850088555348,0.34450542009202834,40.56877696213093
179,0.17668682313513556,-0.058582637409642015,-0.39184923221738005,0.0224272842662204,0.40934354822006536,39.611308130618916
180,0.16811525270707364,-0.08685785398082722,-0.41633448744508816,-0.006234547213680421,0.4722411687104958,39.38060615153897
181,0.15939896402641496,-0.1077567904672748,-0.4279686561994665,-0.02954054924148533,0.5092482613590259,38.665386443859504
182,0.16822186591698346,-0.10153358790217558,-0.4161123608533513,-0.01955392638413141,0.4829419393249562,38.802993166188195
183,0.1576084707474479,-0.11429587134368796,-0.4425364022277147,-0.0394472122984461,0.5345218271969991,37.69626397437079
184,0.15606846991179968,-0.0734569682384401,-0.4503425794764112,-0.006823711434630464,0.5087228637533213,36.77740616555618
185,0.15087003317952677,-0.02313774515256505,-0.45939915248037844,0.03376690238171,0.46070977354664366,38.734857474465294
186,0.13782638680112802,0.0059353622907570855,-0.4701174651667527,0.05141078632779453,0.4563137811264184,39.571319940099166
187,0.1377827953588921,-0.01869112457299232,-0.4698952510935579,0.02757302699369723,0.4955514164049015,39.76340172420764
188,0.1328038388046429,-0.041464483743772367,-0.46138185101355056,0.0005693585303290309,0.5321431994808136,37.639726282859115
189,0.14434420410870535,-0.036536890187149174,-0.45595289388573357,0.008941145727627402,0.5020411441614999,37.27706182728756
190,0.14334502921971734,-0.036751621342490284,-0.4368802195252748,0.0170984220481136,0.47811238009273554,37.00245837239215
191,0.14858921203630548,0.012411097337533735,-0.44609396163999065,0.07289985149283326,0.39000423806169354,44.26974468062287
192,0.1448224802027002,-0.0413011025421448,-0.4470012184135224,0.023390812467715315,0.46061626684272233,41.917886974173115
193,0.1305879828468644,-0.10484384648338249,-0.4417098764143529,-0.037553865624220736,0.5353978826944714,38.46882178491043
194,0.14441891115483832,-0.12262452583460283,-0.4504658855318746,-0.05090557328027962,0.5545473127840486,39.00748383855893
195,0.1634278842863752,-0.05958034037085199,-0.3947559926386674,0.020647021090599228,0.4088156917051833,40.895089505912516
196,0.15648266620193477,-0.07241829562332869,-0.4359693388388933,0.0006142827939624349,0.47554730972900977,40.083566880203584
197,0.1568361772541542,-0.11048059559286678,-0.4333159298632216,-0.029664795005342443,0.5055443797224612,37.850402269452395
198,0.16757983575078142,-0.07435700577355872,-0.4347770147873368,-0.00187844833544186,0.48236471010244664,37.73596107277324
199,0.18898297086319069,-0.054434354225159694,-0.42010214204956803,0.02169992317258908,0.43165640430096835,38.35207422501903
200,0.17264054316653488,-0.12674433606236826,-0.409343968140827,-0.044816581272850195,0.5065764668262246,36.80374367507061
201,0.16871486959270396,-0.18060152860851694,-0.4228863724628612,-0.10028065030708902,0.5750018242270707,36.002300704127684
202,0.17462023867708734,-0.17781882016160527,-0.3735684276019988,-0.0877123962841007,0.5020281870550043,37.09971070969076
203,0.16348491248210303,-0.00034176009054798337,-0.2848062067266904,0.08779842925237503,0.2294569607425671,40.724328031086436
204,0.16011838797730965,0.012669224545887628,-0.27369055348335497,0.09921415319915836,0.2028187899178398,41.82880357034254
205,0.17288777498050734,0.01385054672127121,-0.3200124767446955,0.0920911513590754,0.24904430088677312,41.296957321941605
206,0.1803098848443262,-0.027473806734832545,-0.38302415106155824,0.04192605306799856,0.3756406959903554,40.18715306770818
207,0.1644774553996898,-0.07833400198548217,-0.41480547924121275,-0.00037313767174022036,0.46563225180789847,39.38361579158222
208,0.16716481039666164,-0.08473872116525503,-0.4189873028623634,-0.012027311080354493,0.4818692062152257,38.772366521598705
209,0.15905816607527437,-0.09799100678913594,-0.4312812354502762,-0.023024376036897245,0.5101797318557021,37.392651228818984
210,0.15973170715466364,-0.05430801270306531,-0.4408792317968561,0.010876162675381613,0.4733336361915031,37.97241088343035
211,0.15870746240351327,0.01572903625253192,-0.4521819016754323,0.06910756854410645,0.40365318876578815,38.70594310945577
212,0.1524225055218471,0.025609269572717346,-0.4715687912018035,0.0751685643378175,0.4085424995049079,40.121676150816825
213,0.15774232453648432,0.013427294044041317,-0.4682068381269065,0.0678887315207234,0.4163802405157566,40.70628410287353
214,0.1608366104913705,0.01405320987397634,-0.46253797388264684,0.07112740834114298,0.4046281785578972,41.53776774044183
215,0.14075257491715223,-0.02501461590767102,-0.43216037736153484,0.040065784133209464,0.43231764975418047,43.018705890943814
216,0.15238111064760976,-0.020834035280477073,-0.4282757795051523,0.04882640192097052,0.4101193067188352,43.16596124008865
217,0.14239022968354337,-0.06949413376733435,-0.43550957219375996,0.0001973792841055428,0.4831721466558674,40.0876923878298
218,0.1449800076983216,-0.09196884942541426,-0.43844976136532426,-0.019192979872530706,0.5059089835736761,39.47206689206376
219,0.16398732171407845,-0.09856603687903699,-0.41497620244673294,-0.016679033756028278,0.4774264239316484,39.48320009882079
220,0.17224238395299846,-0.06743135844955127,-0.3948676013469925,0.016932987002061906,0.41503552306887675,39.58439477140409
221,0.1666061636518042,-0.05986919987065977,-0.3869512387559601,0.018497149970582927,0.4068545547506041,39.056911959221424
222,0.17384474932057462,-0.06874493627075576,-0.4091921020918176,0.007956029784663834,0.44165011624761075,38.798892514919814
223,0.17494960643317736,-0.06691838040164362,-0.4067325447637748,0.01326685418312848,0.4351745481922838,38.78998432646201
224,0.1763228318622767,-0.10364211028415383,-0.3908265032244079,-0.021502714418045018,0.46509534218658066,37.76513438041692
225,0.16285758919343926,-0.13215162903499442,-0.39910340774589426,-0.048024697531083585,0.5046670358894243,36.8013111716405
226,0.17041277218235043,-0.09804029296103788,-0.3677294166163697,-0.010413723996457765,0.4297537271574309,38.27988155231839
227,0.19307170356164535,0.03016533647561859,-0.34523022725598274,0.07862089234633671,0.28602281015178654,41.78824167995688
228,0.1718179392067077,-0.032100136870398525,-0.349179943393218,0.03776374060404871,0.3532960437099575,40.94898363417889
229,0.17305489749206468,-0.05631971711031753,-0.3651963222531308,0.02222680996330844,0.3891298103973383,39.46302827525299
230,0.16765174880588976,-0.06333766612822117,-0.40364160395898335,0.0018264043070970002,0.4487924112058569,39.923859171355126
231,0.1640333199049649,-0.08283756006631088,-0.4128182086881302,-0.010993101664577525,0.4731352978511603,39.77044582396303
232,0.16434480468990567,-0.08338216580627553,-0.4247457408016847,-0.00941478843959842,0.48565521536815137,39.15184003265698
233,0.14105414201682553,-0.07952983716817832,-0.45751190766279004,-0.022453700358036,0.5367040549244173,36.67265069360463
234,0.13556896044580397,-0.013295792846488751,-0.4602558974355014,0.0336753101162076,0.4676418387893947,37.39911725007889
235,0.14461117270380616,-0.01811882466850567,-0.4581515159407401,0.03324448956839983,0.462667703209001,37.77581371993035
236,0.13852933815699775,-0.05869312394518882,-0.46450130200411693,-0.0036190365360356954,0.5095356653150485,38.21925287883005
237,0.13525571522125643,-0.07031155154015481,-0.4743303678878597,-0.017025816034664455,0.5381908925436253,37.87252816682707
238,0.14082897894383975,-0.05950207304561085,-0.47386995575871843,-0.005157720598336545,0.5277419448332332,39.726397883319194
239,0.14366055718333792,-0.046397854964901314,-0.43490329016952434,0.02378814254757094,0.4484361947283946,42.905762538166954
240,0.1411917130890151,-0.06682873126875756,-0.4364023726697073,0.002624268865826365,0.4815878048452945,42.19438469064016
241,0.15344936007643517,-0.06500276409195842,-0.3939263120871531,0.016596376780218813,0.42215452937473275,41.202669710215204
242,0.15690075717331656,-0.050611093737365144,-0.35531799136559383,0.034635364026117145,0.36296875056921796,40.559036712282634
243,0.15268356872293865,-0.07771319562612822,-0.4025426491794145,0.001875759220564731,0.4469407322703289,39.460501762240035
244,0.1569698578877922,-0.09363251187703589,-0.4348084824336169,-0.017923786721958296,0.49756089409638765,39.261784577479894
245,0.1757683902821673,-0.05503648401152335,-0.3934823519867667,0.016680776199899924,0.4145599697155979,40.3464019836718
246,0.1692688539851165,-0.01314448107867981,-0.30165511888527197,0.0713410484024057,0.2619582202637363,40.70020250033913
247,0.17402586657516933,-0.005954755195741439,-0.32565931041382756,0.07289095582337994,0.28011416109551857,41.314894258228506
248,0.1812502769588364,-0.05496723207950741,-0.3699386949813321,0.014298137130958925,0.40168646651970585,39.97361382879728
249,0.16041283360660963,-0.1429169674566375,-0.3894407507718083,-0.055611068620623004,0.5085002146338835,37.3163355445872
250,0.15272911565612354,-0.15524541498593017,-0.4052631353520155,-0.07100277177614374,0.5408503954089124,36.942069747454994
251,0.15876170019778602,-0.15589029077293068,-0.3962946310063749,-0.07171674843821348,0.5347487902946906,37.31723759082826
252,0.19044010712170603,0.001452063166174175,-0.3621727985572581,0.05577587027100918,0.32574142224476604,41.2389420988669
253,0.17135007447278194,-0.010979281328814447,-0.33699446340093064,0.059648809847980135,0.31018725632835137,41.364719803716525
254,0.16757089237389616,-0.06460236706458204,-0.3889722103611642,0.0017474964059637492,0.43411199688776597,39.192257746193235
255,0.1645110237088255,-0.1075078830015054,-0.4009940539655487,-0.026213640567143436,0.4811928733870157,38.64978113462934
256,0.15954713521285102,-0.10578689246623323,-0.41114921573652463,-0.02784092477241026,0.49598638228070474,38.86024453257121
257,0.1767001227120492,-0.0979791088057842,-0.4063926153088973,-0.01568966201835255,0.47048054946305684,38.34373204628227
258,0.17395761243155983,-0.08617793594314839,-0.40560495538192465,-0.005114782294237464,0.45274500994250116,39.07769719410384
259,0.14988739216922123,-0.06369991051162924,-0.440447644731583,0.0010897892524144534,0.48685662998179874,37.11155437959878
260,0.16742251425648824,0.0034237723891276115,-0.4423772707404996,0.06570033496634052,0.390121216480181,38.84848666945412
261,0.14162958361201494,-0.08859601650110986,-0.4602410294367515,-0.02672311233484148,0.5375379747509416,37.08391029377916
262,0.13034163482710495,-0.07681543914581533,-0.4749161785507081,-0.02762703260881652,0.5629629540621935,36.867788104698164
263,0.14452622124255582,-0.04067121498732265,-0.47892008110009093,0.00559467338321683,0.5254764678989128,38.14782387778859
264,0.14651846359789436,-0.06877406177934313,-0.4236015504164642,0.006610978072826801,0.4620191101504351,41.948339658533314
265,0.15594110274777792,-0.050072955267744225,-0.4115819602062361,0.025814771367127898,0.42273924148687697,42.72720891945596
266,0.15853102659790916,-0.04028331242091804,-0.34917888791503143,0.04441296378044891,0.34075650514971123,42.444888277008815
267,0.17225947243859774,-0.016122452416168796,-0.2976553429975051,0.07449525390652183,0.25702029328957193,42.159722455833084
268,0.1734856659629575,0.007536193332991028,-0.27676856162875735,0.09511135158941864,0.2097599513078201,42.39923268350336
269,0.17473111424451476,-0.015478102981805155,-0.32592778596229666,0.07079585766108715,0.2841074973359326,40.79225659138468
270,0.1609199917793039,-0.1166328069768051,-0.40486479185180013,-0.03300720982292356,0.4902392637529089,38.5451479224833
271,0.1714451129584804,-0.10190831333822828,-0.39396426089368175,-0.0151386156395824,0.45388482995735707,38.58836527727761
272,0.1642304929106628,-0.10803438523091252,-0.37739354153426874,-0.02287985445098123,0.4540324501908906,38.34636791415194
273,0.17784821531663247,-0.04248194870002145,-0.37481556083339157,0.01854481659550927,0.3924323116600422,41.06617744202647
274,0.1770761376447195,-0.07152238319410617,-0.368588949415969,0.005125255864269113,0.40958025259765235,39.65920962692457
275,0.15842089882708457,-0.1714577246796941,-0.39221601963901376,-0.08388184027431761,0.5461363861248975,37.36753625050299
276,0.16142847849984174,-0.15181683026742296,-0.39942706035291325,-0.06510437615084624,0.5269373381759956,36.48066832149424
277,0.1599608276375577,-0.1558817848130952,-0.38761492553960514,-0.06661368538315461,0.5212711005918714,37.3108328713092
278,0.15785593070296722,-0.10574044726062232,-0.3616665607920704,-0.01989974191943507,0.4378189732807598,38.372567970662736
279,0.16071317566929083,-0.05558899978382349,-0.3213808484119927,0.027518167686735612,0.3366855346783984,40.01890572937856
280,0.1639666602666409,-0.0907915608059067,-0.36243661325486015,-0.0055993436757322415,0.4182840798047038,40.1383983710709
281,0.16331821257936235,-0.10900745747055335,-0.408253285105143,-0.02943602035111885,0.491348202593131,38.80220757529407
282,0.1643559091620736,-0.10097578128853281,-0.40132602615010227,-0.017390168645651297,0.46944125872389886,38.11884339554032
283,0.16672291627642677,-0.07562987405482148,-0.39544438330038906,0.0037083082572453045,0.43718304843901346,39.72098587472407
284,0.1733771146974155,-0.01630077166097986,-0.38720297018763716,0.05967949103081079,0.34721923956660045,41.002220893432415
285,0.1846138513727164,-0.01220658408622388,-0.4112149109780758,0.06432481780824902,0.36567112510303484,40.47211408593283
286,0.17727875213389097,0.007490727249397134,-0.4259511041793341,0.07904760870890969,0.35828787289497877,40.457426080144174
287,0.1542089094304074,-0.04897463280885164,-0.45760721934032583,0.011962226627064481,0.4857151820443029,38.57548839101519
288,0.1316122480681287,-0.07569940372630067,-0.4660662505571003,-0.021424307285966553,0.5497321185179168,37.142781561205034
289,0.1326412239234915,-0.052204382337923995,-0.4540614803384167,0.0006658621033808454,0.5239491610772191,36.64370506256524
290,0.14010287360904397,-0.025560862208169166,-0.4458810743671995,0.027104920506973364,0.4805777664216918,38.16969615525485
291,0.13803617156661013,-0.10521307554685856,-0.41479791263006,-0.028299464792980844,0.5047378052888982,41.00228767486344
292,0.1524179526230117,-0.08088775137369537,-0.396049895136679,-0.0007305692653656057,0.4435894058844175,41.46318212113194
293,0.15207006647452243,-0.0633535723259238,-0.3370473052534025,0.022283687637807793,0.36109754693694707,41.31774476121603
294,0.15959905508397107,-0.012064178331481977,-0.26947633437502105,0.07724606417604495,0.2298624484294631,41.65476878085865
295,0.16521196616681813,-0.011241474479381045,-0.2832603387786817,0.07463125368320564,0.23801892873390906,41.77480930034919
296,0.1803499998563771,-0.021209657791074137,-0.336621701204066,0.06221673968437674,0.29875569910961614,41.216431834226164
297,0.1633791768830319,-0.10399766360238413,-0.3969259139230362,-0.020362037310392052,0.4647144831402179,39.04164105622117
298,0.16009016083959657,-0.12190345762341234,-0.41610219995017017,-0.04167735675072038,0.5096712977236397,37.90821642482152
299,0.15401910329640842,-0.1501054668001064,-0.4088301059436871,-0.06540226475502454,0.5356879192601186,37.03792082479105
300,0.16096513689921113,-0.14478985942853817,-0.3894943198315638,-0.05676979313368907,0.5079548152282947,37.57870111203874
301,0.164886907401571,-0.11274431546952542,-0.3815942872122278,-0.02486845996644834,0.4599688522086713,37.79204462671715
302,0.15879650447909277,-0.14688767463377145,-0.38217710309225683,-0.06018520047738374,0.5076926112274717,37.948892555434334
303,0.15623662840572286,-0.16369924051095439,-0.3888022039500102,-0.0741201685494671,0.5291068620488432,37.19935575330891
304,0.15040252189163236,-0.1517837617854125,-0.4018496350607175,-0.06593359329867027,0.5293717018689957,37.369966092571275
305,0.16253705512938146,-0.12842394352458072,-0.42029437411498594,-0.05097354857295315,0.5303295550984798,37.51337159375535
306,0.16851455670480184,-0.09564784551200035,-0.4021308253219426,-0.015589095645994904,0.46789211858581414,38.68829631438217
307,0.1547245099799029,-0.11703256345221631,-0.3789338470074154,-0.02960975273258888,0.46775187885775765,38.88239247779049
308,0.15887857874717767,-0.1292103639304495,-0.392275574234703,-0.04194508336220838,0.49572247923316026,38.15270018831171
309,0.15671795324654644,-0.11678676440742626,-0.3935895251166618,-0.030714807489224706,0.4847733552292905,38.073148175690065
310,0.1582901888206783,-0.1244206912073966,-0.38913110149257524,-0.03557284010714029,0.4869348608457317,38.12385222252294
311,0.17139285902349777,-0.04557304963403368,-0.39183616538482785,0.03726408902405753,0.3850071554182231,40.114406698712344
312,0.16814444305616758,-0.09235560089183122,-0.4066625052519367,-0.009279504662655433,0.4572705797241248,38.467034474123075
313,0.17578916684934595,-0.0061967306045690035,-0.3125064880185997,0.08106479582536884,0.25339243768387937,39.026532411307045
314,0.15006642416061597,-0.07120708223711622,-0.44730886482792753,-0.00429603324668581,0.4992706261061134,36.704115797507406
315,0.13147232571356746,-0.07722276647240918,-0.4513080909756451,-0.018134112036952834,0.5389873734370355,35.66633161544699
316,0.13549487267119603,-0.04498295785115061,-0.44753841086095963,0.01326616472769439,0.49690323532611547,36.341230571400786
317,0.13763288577222932,-0.0443173640002678,-0.44717816674946004,0.009630649782972825,0.5062317941343709,37.70677976323543
318,0.14170842598309455,-0.03827787954725218,-0.45306297754007374,0.013715772989472222,0.4939252188571035,38.848092060030645
319,0.14007654694579988,-0.1354856294093925,-0.4004837946726052,-0.054246659698438254,0.5203554496263583,40.499470855239416
320,0.14036491424836245,-0.13634340412283863,-0.38742656197414865,-0.05110779995798686,0.4977064933046939,40.737291288308974
321,0.143018863905132,-0.11986777670453766,-0.3697000881435344,-0.03654038725862788,0.46856524512273573,40.04924782302689
322,0.15731243915480406,-0.04810084902928715,-0.32125652099449803,0.037084283145971876,0.32645458299257224,40.623521849932395
323,0.16042852557611254,-0.08755450171679305,-0.35078238342413715,-0.0008033653058464299,0.3993774519590646,39.62763734191399
324,0.16315775257046347,-0.10554506799722294,-0.42574201374062765,-0.030423396498531197,0.503586754195949,39.196221000421694
325,0.16857237054648117,-0.08757006853716057,-0.4167805873837384,-0.007852006637864556,0.4563178844709716,39.72685126269234
326,0.15699555557807085,-0.15171936955463008,-0.4098840632041772,-0.06744066860745891,0.5355468465669185,37.61883018854578
327,0.16256854881492613,-0.13473426329487317,-0.3835204481352396,-0.046911238743226974,0.4944045953163743,37.64599011765261
328,0.1592760911938866,-0.10637990165868175,-0.36776315289453465,-0.02089046681570143,0.44167109224243206,38.32089568103931
329,0.15297581940353805,-0.14935330514148373,-0.3810410776471535,-0.06223929396092002,0.5088956814985731,37.85987229009134
330,0.15628428316490844,-0.1426150240769746,-0.39334292103909096,-0.05883070530427315,0.514009162131632,37.562115853512076
331,0.15254287007036696,-0.16213823867104715,-0.39897601288037554,-0.07665882775154761,0.5457009058129504,37.112965541466394
332,0.15879796368655386,-0.13953618159895184,-0.3851696703832422,-0.052297345434512615,0.5003043049514042,37.472287632193094
333,0.15775454288954902,-0.1423971414074598,-0.3906358361030739,-0.05626983634104291,0.508544429354488,37.91663015175827
334,0.16487148503433546,-0.09622330744922454,-0.40220487608818145,-0.023473934337494513,0.4756727089112103,39.652863261189964
335,0.15454861858114774,-0.13163566135207827,-0.4044411723772335,-0.05297774801553505,0.5181040854888449,38.65170990050129
336,0.1557475861067847,-0.14102935007062464,-0.4104545429412188,-0.06079758109458282,0.5345292204664251,37.92897360638359
337,0.15243009543818165,-0.14804899783818992,-0.4025921499659915,-0.06307507656306474,0.5324457426399377,37.39395504329196
338,0.16280523497053487,-0.1161283222047642,-0.4140014327746625,-0.035565633104045966,0.5017739017204225,37.41835204443552
339,0.161191697690361,-0.12824603859075118,-0.4309593814642911,-0.04931708264682577,0.5283106579297349,37.060122301771194
340,0.16179965650015737,-0.08959311133114187,-0.4234430669743606,-0.014292175003767341,0.4787904003219702,36.974847082382816
341,0.14362931904473938,-0.06380039166829886,-0.4232413078677536,-0.00035214584060373863,0.48269258329693965,36.87029868937475
342,0.13622850788105847,-0.1222308864858212,-0.43289967590818557,-0.05435351325940906,0.5633244655321548,34.83963324919999
343,0.134463430236314,-0.11833140299879334,-0.42867506438139646,-0.04972352960964256,0.5575578874023963,34.15583195589372
344,0.1339208098125953,-0.0833486955253273,-0.4327774303948776,-0.020276996736061693,0.5276826076510697,35.544950937514926
345,0.14150731863749233,-0.04420903673377416,-0.45025635197562397,0.008913032701701143,0.5014361776972454,37.74019852611101
346,0.1387319795893348,-0.05397171197470148,-0.43594722547278825,0.0028585823988141203,0.5008323036461001,37.77592139836694
347,0.14856402693313672,-0.07068227181296655,-0.4407511777854323,-0.012936998787459145,0.514977870645988,37.097319498411125
348,0.1352961443142726,-0.10175097663326148,-0.4266942134735394,-0.02995463359371637,0.5162821841051624,40.60182640959464
349,0.14251933029307828,-0.08528500531077385,-0.4251011482592885,-0.011427588078209504,0.4851119060913102,40.864434586691125
350,0.1436150519897885,-0.0756185544514091,-0.42098560882179975,-0.00431974793253534,0.4754563563989508,40.66692242984888
351,0.15862065355739272,-0.10661014103206456,-0.37189152084870103,-0.02047544188656174,0.4417122545472761,39.18092150444056
352,0.1571957076942929,-0.14123753130915276,-0.4024719142895751,-0.055933512144021875,0.5125068590267827,38.66893499968287
353,0.15154824565286776,-0.11774185282145519,-0.4097144133618938,-0.041677169949033935,0.511517855574178,39.031329088274894
354,0.15100194146873613,-0.08643052048723122,-0.43099946218818613,-0.01733593593007451,0.4962980952438067,39.57612572781422
355,0.14685340828149487,-0.13350769044518923,-0.427045881492945,-0.05870639534287379,0.5431311367645419,37.74249652754868
356,0.1537384026005415,-0.14745162162362463,-0.3976142483291178,-0.06516054250730026,0.5284715237820706,37.55611905597387
357,0.16092068939504692,-0.12484230794167184,-0.3680613613823051,-0.03481503315540692,0.4647091243957683,38.06907236952466
358,0.15160690691320955,-0.14467096736286128,-0.40096825224960764,-0.06211448050015831,0.5264704017849792,37.806804952914646
359,0.15630359290029297,-0.14159896226888644,-0.39420464736091715,-0.0588983842573751,0.5187391662127998,38.05570063694752
360,0.15610307086050315,-0.1354301450906141,-0.3962424897747585,-0.052010964840828865,0.5091861299221171,37.93969493469129
361,0.1485551410776384,-0.16905961973175052,-0.38595480233679547,-0.08311183740492255,0.5433085108047803,37.030305243377285
362,0.15864287725028145,-0.12978115617535604,-0.38812579424823723,-0.04330291674785187,0.48696711203352444,37.558544685093956
363,0.17676939302406677,-0.05475023404707677,-0.3911535811057476,0.017427080583767813,0.40479487200936853,39.809719397306964
364,0.15884070299226327,-0.08610164597129691,-0.3486587331300951,-0.0046923520138651195,0.40456419566125973,40.19365904970437
365,0.14826258815220986,-0.12491136611786441,-0.40530384296947003,-0.045105910220662425,0.5105243523305173,37.73320834717912
366,0.16083321257577926,-0.10357734142848984,-0.38844166402301733,-0.021751148997472745,0.4582905743768841,37.867223521082536
367,0.1794778396234495,-0.08347072899837907,-0.37315674672580174,0.003388671654031068,0.40341725133588713,37.383843085754556
368,0.15944981720983228,-0.08536760431314072,-0.44167516357177283,-0.018380233718608266,0.5033442754991112,36.786265744297026
369,0.1396477327404162,-0.09488226353024506,-0.437573574540765,-0.028983720091993088,0.5258467545877963,36.39017015537312
370,0.14540080902222044,-0.06354621781039312,-0.4313065757880223,0.0006478481254829391,0.48334327087834206,36.86612819074545
371,0.13609028917842478,-0.11532955250386685,-0.42332189006175047,-0.04752014272374946,0.5468511529801784,34.93967218948706
372,0.13665922807165792,-0.1096247038114102,-0.4297955705970289,-0.0447510326188427,0.5492089143929328,34.86523663417978
373,0.14552818769219586,-0.07873322567802397,-0.43702926177534124,-0.014240852909934217,0.5072362300939425,36.42339966520392
374,0.1436847989203187,-0.07898194761387552,-0.4439984167830276,-0.019027899541015244,0.5229869515769936,37.341136447736865
375,0.1383675751723395,-0.08524997080678376,-0.43377456978170725,-0.02448708010522034,0.5257448884605138,37.932056701315396
376,0.14626234913556121,-0.08721786496098344,-0.43862864189725714,-0.02849806874636533,0.5289781350161162,37.094034586827924
377,0.155749912546471,-0.07547104604336546,-0.43942453034596585,-0.015480947437266699,0.5075836651651934,36.74446510280829
378,0.1537159776145391,-0.13927470104363956,-0.4437323703276114,-0.07769113065839518,0.581835159457674,34.94244932068025
379,0.14317494148711887,-0.08593270611769502,-0.442562297449761,-0.0166267576042207,0.5090992882495018,40.139955270605185
380,0.159341179662703,-0.09160077843489772,-0.39701763255644973,-0.010254289488981659,0.4549122718693382,39.90505577026071
381,0.16277292499684046,-0.10751906190715782,-0.42052273550618746,-0.02780171637514546,0.4937686240742195,39.6330594173278
382,0.15125442669379002,-0.12608272879446525,-0.37774633389200346,-0.037191428005717814,0.47637983074761187,39.18963262324266
383,0.13479549680645284,-0.13632457093820682,-0.41694139266610564,-0.0621234781560352,0.5497369469168627,38.19754999814548
384,0.1375963579147736,-0.10925550901448314,-0.43898044597510805,-0.04535368848747281,0.5514224295867016,37.995256455782155
385,0.15853216322601707,-0.12509980106516896,-0.3919599675404071,-0.041293805486666404,0.49035681347734555,38.127944295021564
386,0.15632448347312927,-0.1270762624810652,-0.3817830806358919,-0.040001845527226854,0.48290915590604966,38.25461741547593
387,0.15745649874724008,-0.15017043652827108,-0.3884439860315549,-0.06429545273243172,0.5195145373792043,37.54890292484943
388,0.15314334524430875,-0.12991619742376323,-0.3865155917232833,-0.04502364188255894,0.49550642091890384,38.2242749994097
389,0.15255972743363969,-0.16207595808629438,-0.3903565468750285,-0.07608405984094178,0.5359635709620247,37.56001822372494
390,0.1579744191001291,-0.14053881567730828,-0.3846573410242134,-0.0551801925305512,0.5036666944577585,37.73477683235817
391,0.15746634142493351,-0.14987853634470805,-0.3871531728309157,-0.06506029141721532,0.5199494908586395,37.70329405593229
392,0.1579438783994157,-0.15687600991660627,-0.38140347665762353,-0.0720178421226131,0.5190072379141186,37.611195574277
393,0.15494639767777757,-0.13321267555046057,-0.3535483302600684,-0.043822198902340716,0.46144949027484305,39.10882100241445
394,0.1574309110011773,-0.08213268719319043,-0.308259934643645,0.00928020175384274,0.3479512868955741,39.808800919630286
395,0.16534241929945243,-0.0590085295269264,-0.29598844358182913,0.03225658577633532,0.30547419259880315,39.710714083055244
396,0.1766954897942497,-0.13109255943203585,-0.3510705313888836,-0.04251739873574863,0.44006302634167016,38.19943233469988
397,0.1683892944193458,-0.06652811653948755,-0.4152085139171683,0.004951657724158802,0.4452922225593163,37.347969760561284
398,0.14743117747005782,-0.07776163373869242,-0.4326470465643384,-0.011987449255392637,0.4910934037637128,37.00647538571658
399,0.1328720022113788,-0.06652089660860279,-0.44011286310366204,-0.009552211470652943,0.5094686259927063,36.48564396393834
400,0.1337805846711325,-0.07937415275616198,-0.4360770850531382,-0.019239037532698077,0.5155340484650224,36.32613730822531
401,0.147606493668428,-0.09989648647646004,-0.42634283205185597,-0.0318032322412618,0.5143601083093391,36.52017245726004
402,0.14949750142767695,-0.1490843364906694,-0.4286605273972649,-0.07503020362572202,0.5656462808884011,35.21990304989099
403,0.14240189238413023,-0.14288658738851515,-0.37976977466557,-0.06473049451360449,0.5005558643319659,36.22886732752751
404,0.15374572771626166,-0.062256763657985575,-0.4015452940886024,0.006681142184077174,0.43983790705236947,38.5954609971784
405,0.16372104228704817,-0.05766155150849104,-0.43360959350388484,0.005655915303004424,0.4649748617521685,38.76578737222172
406,0.1513914072404012,-0.09159299961333628,-0.4330738859475913,-0.02695603651510837,0.5137591943107123,37.282057717439955
407,0.15741167366769487,-0.1070300202861656,-0.4112056054066521,-0.03476494293553271,0.49676287619561893,36.665073389305036
408,0.14803636829230046,-0.0928334019606805,-0.4428756513459136,-0.04196665395559348,0.5359780871075343,35.83757296088938
409,0.14994625161035685,-0.03178413204749634,-0.4455572359137765,0.013078742407675256,0.4750030116692042,37.23887462187537
410,0.15053204617152272,0.00016495457961663307,-0.4484057298243384,0.04518695036188457,0.4310903897960562,38.786831063617825
411,0.15032189822459832,-0.021646276513945437,-0.20834004825812127,0.06016131106926309,0.18317877667381202,40.57205154363041
412,0.1789957035431014,0.02553939144373008,-0.24563063387213813,0.0921303433288658,0.15887981217014946,42.27361230036949
413,0.14592710025916006,-0.03684886005330036,-0.45711399249434687,0.02254860755596764,0.46881897847746523,40.30710656496738
414,0.15082465906286688,-0.10229353421443095,-0.44372849001502584,-0.03060792316231586,0.5222440394584325,39.600675281492194
415,0.17333056753503812,-0.06881307073289102,-0.39411898386062516,0.005168874191907393,0.43261972774685914,39.94191577267913
416,0.17458323072746962,-0.05825629181235604,-0.34694876455602475,0.01790258099490606,0.37243696890339084,40.11384704530133
417,0.16712835419290928,-0.03069415132428296,-0.30591043842637944,0.04959200277353348,0.2951849262959402,41.181136851629574
418,0.15306313207003666,-0.028645154617864748,-0.3074276879392095,0.049643996381125925,0.29584756048437705,40.458613916237965
419,0.15345405776278545,-0.10124320167667078,-0.37896102263995185,-0.025301023786208708,0.45684166817519534,38.73137928357977
420,0.13916935328860394,-0.15478265145743975,-0.38730448638554127,-0.07496445542709151,0.5197386262750215,38.464154397786686
421,0.15337875440964935,-0.11153394310092071,-0.3545487043223741,-0.023086403099568647,0.4377615473655607,38.44876426593668
422,0.16050047133165735,-0.09145961335844068,-0.3040498071897243,0.005010148373142048,0.3514982121886761,39.702245439938906
423,0.1529909490451087,-0.13661621863761172,-0.3709043366589128,-0.05266865432944541,0.4891450474468298,38.41545729985284
424,0.15054140569445867,-0.1307039214961009,-0.4000356091650113,-0.0551376260271339,0.5224265932404163,38.03443490413495
425,0.15524389979931877,-0.12435377039527841,-0.36523520019665423,-0.0433512975160812,0.47088356572975587,37.9453447043378
426,0.1634615277531539,-0.03010267058287748,-0.25090480320345776,0.0633615084171361,0.22846258631209576,40.09235163249362
427,0.16168610308095405,-0.08036638670882965,-0.3262243340292544,0.0011986573364277755,0.3758598659550607,40.46301553485311
428,0.15886476642316968,-0.07323004259874401,-0.3178428163560455,0.014401524735275562,0.348451156898505,40.03317809499469
429,0.16022795778677032,-0.13036135217036002,-0.34546696361849827,-0.042081531357336506,0.4433827884802898,38.55185872946872
430,0.15989703867047864,-0.15343699595494634,-0.41717604977149303,-0.07711592771234824,0.5520730597019312,36.9533012925089
431,0.15788184514276504,-0.11402598893418035,-0.41740251742250317,-0.039813329474736155,0.5054677285017618,37.89747655536834
432,0.14623323141601452,-0.12710835577937576,-0.43108026883818956,-0.056994516952810735,0.5370135815283217,37.0942214241658
433,0.1510687115751271,-0.09509157295998462,-0.42830540295798586,-0.0294999320275883,0.5119840690165267,36.64740818912723
434,0.1562809861134643,-0.09144035265193076,-0.41774174735985664,-0.023500505393130085,0.4963277384574716,37.482364155729066
435,0.1551066400281679,-0.11922249071177693,-0.4098573922060551,-0.04230099828751598,0.5049187690189355,37.85163170958379
436,0.16011384055850397,-0.12589687633623142,-0.3671513850031336,-0.04025058446450829,0.460898727908296,37.09312635252226
437,0.15751982891662533,-0.004160592719329365,-0.2598180596411663,0.08194035190453561,0.20483376341855553,41.0509300562243
438,0.15681649896398503,-0.027524716498443985,-0.2886664361133966,0.057283069656655396,0.2595368278846521,41.14534674774938
439,0.16074250024696285,-0.027870513021162925,-0.30805048799194923,0.05341626173721528,0.2796578339293185,41.419177096286056
440,0.1524016419874472,-0.04344465026340709,-0.2966573961539837,0.03699023115384778,0.2925626336978369,40.86661893184982
441,0.15772995689060373,0.00524272659949909,-0.254507097619891,0.0880877894871781,0.18935915455318705,41.15702869027197
442,0.1506625113960606,-0.08288835755688968,-0.4102996153496936,-0.018421203787406592,0.4789071689153151,38.097127606228206
443,0.15479416925181302,-0.030685839192623948,-0.4315846625417177,0.01979652211246825,0.4492239572443119,37.95682783205113
444,0.15411232824023932,-0.028839451953219748,-0.4358272034890861,0.02449780103160639,0.4453171636308363,37.8248313256987
445,0.16215586078373018,-0.08417911813055981,-0.423260876940578,-0.021657399602458636,0.48739290369787386,37.260403506920056
446,0.15138732136989233,-0.08141457283660726,-0.43589777083881387,-0.023209754049330827,0.5069283282419392,38.41885791306603
447,0.1685238927302516,-0.00507026350731647,-0.2859064897799398,0.060184209028951594,0.25001090824003686,42.756982678232546
448,0.16040606023539505,0.0017659498995071527,-0.2382762330493649,0.07557092962897481,0.1853171879813575,42.30916041178079
449,0.16687611685469625,0.015082685273410957,-0.2090230244915349,0.08952067887879953,0.13723450723685815,42.550121595206036
450,0.1453003677412247,-0.026934905312893526,-0.21279601283755678,0.0555071084874479,0.19547497716525458,40.259549254979746
451,0.16841524956802253,0.010142533862715231,-0.24556921447427688,0.07554468984443256,0.18351040214499464,42.03653251345319
452,0.16724975265504055,0.011761515770825338,-0.21380549751275899,0.08306737791976561,0.14681242713056514,41.76242943877703
453,0.1748064449214777,-0.010317626594592453,-0.42003181125241057,0.06135659906442585,0.3781955722119641,41.901895355491256
454,0.14780466549747606,-0.03357934701586412,-0.4437150257383258,0.03187029932085475,0.4407984435429086,40.29733124094849
455,0.15483841292832778,-0.13348520847729306,-0.43398339346431825,-0.05666623353442184,0.5417036950289547,38.942204011076
456,0.16670691173672267,-0.10885314921999655,-0.3996087182276473,-0.035332708393630646,0.486790330477901,38.71171355553282
457,0.1707394930814488,-0.07313845489792599,-0.38957657759760056,-0.00339957710980533,0.4392717859441687,40.08892340480824
458,0.16599347767356523,-0.029047898829279887,-0.32747005423666853,0.04881390590045125,0.31405006492710485,40.81982201443782
459,0.16633827773814336,0.00956490277663373,-0.2840624877632885,0.08695140240847558,0.22439163890747263,41.81925406473167
460,0.15539139989518047,-0.13640290421863516,-0.38774490947892837,-0.05149808647603114,0.5000595972597649,38.53972545664082
461,0.14929463834563453,-0.1498877825003387,-0.3768622757639354,-0.061867707397236675,0.49943180946988647,38.17463888930436
462,0.14440715394218406,-0.11756335552869558,-0.3528206954550619,-0.029560674928717376,0.44221378840587067,38.83393190663914
463,0.1700243541891226,0.0024626123877947853,-0.2868078569983817,0.07339510359846096,0.23915786635360947,42.22691401496057
464,0.15921363242603997,-0.10363826917813386,-0.34865248001205684,-0.023678226224224122,0.4260205924556787,40.284024740807396
465,0.14899792110188434,-0.10155032565118573,-0.4133440722574892,-0.033639517757602856,0.5067103132730885,38.67062090767011
466,0.1530803341595371,-0.08823822490378794,-0.42077348183511615,-0.02791629787135235,0.5025801682560763,38.04401922936302
467,0.15384024832709278,-0.05509483212415433,-0.28723885129528837,0.03204216153795254,0.294577703307136,40.08880699718631
468,0.16080672524164324,-0.012020716158650049,-0.25453881626684427,0.07385297111985004,0.21590809353760107,41.19878890201869
469,0.163160434584211,-0.04267606029833718,-0.26864763025767324,0.04882706493845814,0.2620460691506039,40.11864885045293
470,0.17378197801114106,-0.022861880185897448,-0.27967267870595497,0.06555365129154601,0.24449115955181802,40.89901927690191
471,0.1732591503271706,-0.08715910803301283,-0.3632192895585973,-0.0032122815457124206,0.40988278719457466,39.598086595784885
472,0.1439017297260579,-0.14515046236910886,-0.4102874965085288,-0.07131422757401942,0.5424021518291625,38.69784766086957
473,0.15259380618305665,-0.14164817012836703,-0.42786395571529684,-0.07122903748041358,0.5564377333862968,36.69014719000137
474,0.1568965728977669,-0.09483629356656866,-0.41715259224142964,-0.025972172066386086,0.497844818149882,37.199407970481325
475,0.1634359020628775,-0.13018189608692188,-0.38382896282593304,-0.04677654361589166,0.4852815061989165,37.86885873577327
476,0.16330547607308582,-0.10720914609831876,-0.38988132563860467,-0.027328157848651186,0.46335619250333554,37.93824465607761
477,0.16194161500656903,-0.02970866685757158,-0.27872406004890715,0.05555737996196474,0.2558519690744026,40.24465404324915
478,0.15838856430231635,0.010270429134424488,-0.23741721150720396,0.09261429482425228,0.1658398847383832,42.33157852370759
479,0.15642643528328817,0.024215814465393806,-0.22632327962792687,0.10429103337611449,0.13803675475843313,42.67812160586379
480,0.1559480064364598,0.022711125925729013,-0.22412338634538623,0.10343223887230767,0.1389598860400391,42.62057230244336
481,0.15469228015402137,0.023277635751524833,-0.22091337421468663,0.10506660506656605,0.13299304797714087,42.33743354081352
482,0.1603402085997623,0.022285484952248524,-0.22268311655552592,0.10322082819867856,0.13743576581080616,41.90493858641689
483,0.1618030964652944,0.009099921802959323,-0.23880195604544788,0.09110991893013554,0.16982313505983757,41.64449174574763
484,0.16662659107162997,-0.04506288322559617,-0.3767152743367543,0.02656826167283712,0.3800462313967697,39.107450984290374
485,0.1639509488967109,-0.0547691371779156,-0.43171324981841935,0.006384948167166193,0.4553077384862572,37.80528858174385
486,0.14891265609813736,-0.12009870089579769,-0.4231583230112509,-0.06119272590507232,0.5497153903408615,37.149948743763794
487,0.15997157762975936,-0.07598205870327004,-0.42740204724624825,-0.01861997570850631,0.493954099931368,38.399200067494945
488,0.14291906470505156,-0.17285989314837255,-0.41368235776021706,-0.10394968102131515,0.5974685754422827,36.027983378368255
489,0.15707165197863754,-0.16565174407278177,-0.3627739096443174,-0.08365941584248353,0.5075627263845933,37.37758122544582
490,0.15914943651700336,-0.08959046109109844,-0.29924473597355794,-0.003217537819876097,0.35069555480129483,39.697738914816945
491,0.1575588757692656,-0.004134102243008455,-0.22048339032054556,0.07534217885470593,0.17145848104310724,41.19469569655916
492,0.14932229552996243,-0.04704573196378118,-0.2874045176875375,0.03030813939252897,0.2969426678549552,41.38983728376918
493,0.16170609410789857,-0.023153487233346034,-0.25794848041380103,0.052743348331951656,0.23119810573864552,41.52042471902885
494,0.18001010410292528,0.027934660844850398,-0.2431442959289999,0.09672827986178424,0.1507967736545208,41.557806788690904
495,0.14811204006978873,-0.014612702883976262,-0.23667998138554816,0.060961170981249486,0.20530166802252056,39.98677328941771
496,0.1745375746309303,0.03492422950593426,-0.2392631128732002,0.0931400176822704,0.14986649145101638,42.86909070025802
497,0.17055589621486758,0.029242336065718102,-0.22054943031149282,0.09092304404328762,0.13716570429770564,42.6771144896177
498,0.17323090151159137,0.014333018555830924,-0.23579433808213518,0.08059535957281748,0.16554620417918905,42.08547633570391
499,0.18139592487426426,-0.07300886110417926,-0.4216202462440997,0.0016690399219120235,0.46145524501909324,40.6752539191555
500,0.1707974505235626,-0.08666198640405141,-0.4152345187186802,-0.009085660275845188,0.46489124926138903,39.79457906336469
501,0.18072863664358146,-0.03769741983601524,-0.40736623202357347,0.041724524255362494,0.3903953443289772,41.015397327322425
502,0.15073780174281406,-0.04705448727074163,-0.4364486603928486,0.0218873143623067,0.4494767667820013,40.12601002856127
503,0.16777574425937933,-0.04983637290144064,-0.43581017144206197,0.026741825291125145,0.432004371831389,40.22828779406338
504,0.16877751235169255,-0.07904017445637884,-0.42783329269482506,-0.002367233811262032,0.46935732448675993,39.420605957915484
505,0.16961881506859108,-0.08493495164730527,-0.412262998779358,-0.015149023983411322,0.4672696962246693,39.76044138622374
506,0.16583630493041368,-0.08830959003024424,-0.42750999747121976,-0.015597625141346593,0.48438143664472993,38.86652238367037
507,0.15657230238778178,-0.11464195148559188,-0.4044701000583906,-0.04149261466007705,0.4920757040322457,38.856446270852544
508,0.14725039596645575,-0.1450387832023901,-0.4066234484009831,-0.06660166573717194,0.5290653555741629,38.029348885923056
509,0.14261029081165297,-0.1837924177068234,-0.4094492977770274,-0.10260377898921061,0.5790626176404703,37.127309499767044
510,0.1661494409206093,-0.09563113105154084,-0.38117638559298866,-0.014017702472784064,0.4425211548797568,39.326725749448286
511,0.15699605830954558,-0.1018718441107424,-0.3782795159020504,-0.0219652838826395,0.4535997145485106,40.02448892492528
512,0.15253466502343355,-0.08159579473311061,-0.3369593310569341,0.0031561307105366122,0.38252192062292395,40.10045342526958
513,0.1447595909329766,-0.1010421919806939,-0.3509206967917525,-0.016914653348677797,0.4251093346179504,38.89366788272155
514,0.15313490942519156,-0.11043113631008011,-0.4052787659996725,-0.03611241541545819,0.49187628645373715,38.920563873064346
515,0.17156827879774725,-0.02604478042167526,-0.30157086024146,0.05741113243758584,0.27201825592153306,41.28098230549
516,0.16373563203659225,-0.012063974058301993,-0.2627775909952346,0.0744985070996204,0.21722733362068078,41.618360510007186
517,0.1662494814615677,-0.03958550979165397,-0.2506844388811654,0.05488512307711759,0.23487436434898057,40.54829260196783
518,0.1641882837346192,-0.06777001847902424,-0.2942440802430302,0.025227715091794608,0.3160872085966978,39.9965258574221
519,0.16119601487694885,-0.043579480183254214,-0.3079821364627694,0.03814725476178623,0.3034892514627048,41.25537783409728
520,0.15614148686501877,-0.08952329245914696,-0.33004165093214555,-0.0028326992336311667,0.37995282869801456,39.83927639453903
521,0.15612025048806208,-0.13824184714611992,-0.38925412988856156,-0.05752569031374937,0.505472109672154,36.85520589015433
522,0.15464633534082683,-0.13671257042564117,-0.36834704492629183,-0.05144961955705092,0.4822310033463118,37.03848990975794
523,0.15468962668067773,-0.12282083624328013,-0.3521444877085565,-0.03492936973880803,0.44796735605615823,37.56555571592828
524,0.1567859648118913,-0.12063939413909411,-0.37255701309507255,-0.03622604234436575,0.46319796678591213,37.51794940389854
525,0.1563722621230168,-0.045216663053846654,-0.2770860856610396,0.039159280762733686,0.2754063745398769,39.386571484404314
526,0.16067517226538847,0.01119441887967545,-0.2536585551018872,0.08576576865368091,0.18861731284182792,41.238620769744635
527,0.1654802116348689,0.020392281430023106,-0.24635464556342954,0.09403059288640814,0.1674596555506585,42.22137511706963
528,0.15582677649655205,0.025218751640618178,-0.23574952838502547,0.10161123758223241,0.14645433763550655,42.53598221757537
529,0.155319467801266,0.027332220679978904,-0.2233995750162066,0.10405914310327802,0.1323502607942119,42.4278366388284
530,0.1627562778017508,0.02377214062898859,-0.2276958177558502,0.10104301780114201,0.14305215265759824,41.8606378755911
531,0.16291560800286387,0.01646898628514378,-0.22173670996117842,0.09681361241833239,0.14578431220872426,41.87011877064663
532,0.16811847680894998,-0.05630171121171796,-0.3209240473749155,0.017851170026648315,0.33655492597191633,39.74229217891979
533,0.1442932998400572,-0.1665571190253643,-0.42442730310279375,-0.10292143329698668,0.5961376187658349,35.75628115507688
534,0.1554785700178313,-0.1273390288288466,-0.41966247502915305,-0.06741460963514986,0.551721438001057,37.644582517703796
535,0.14512211565308275,-0.17707098666734492,-0.4243603855505158,-0.1136770787982694,0.609911038585694,36.118181713850355
536,0.15029868943626937,-0.16689700701904492,-0.4217017740594459,-0.10147730137443813,0.5906806957912852,36.51484372080119
537,0.15343504191799012,-0.1411843784977003,-0.3660359234462427,-0.06355588373086848,0.4890700248771729,37.45498406084941
538,0.1592943543576776,-0.04212924483932564,-0.28381837543054367,0.0374737853699222,0.279626961124463,40.079438420852355
539,0.1573827721530149,-0.038047157130722736,-0.26808322746643826,0.04367909705143226,0.26120727135444893,40.90900360005077
540,0.15480403439503554,-0.050966114388296915,-0.27191908902416656,0.031573051529655914,0.27860225742440864,40.62006547109593
541,0.1579869872999164,-0.03251032761057262,-0.2788507033065526,0.04876405693712895,0.25710130236550666,41.00807489509728
542,0.15820243199236436,-0.014267971192674552,-0.23634764233972916,0.06315459541566107,0.20350521282170428,41.81494212429414
543,0.15326268552959624,-0.044402273805249505,-0.3213608973312117,0.02418615176627385,0.3286223888386314,40.74645887612869
544,0.1546654966698763,-0.029926997859669232,-0.3208005584376203,0.031656481153456484,0.3179364626804704,41.291927082685234
545,0.15111884295598796,-0.017015204115465147,-0.24569859312915648,0.05483972896350662,0.2174516986570961,40.39004232402891
546,0.17415853533299885,0.011669104764299061,-0.255115445246731,0.0723461405812133,0.19797364026987085,42.12961718789684
547,0.17760656635914546,0.02767471776695641,-0.22553577217760237,0.08845624163464272,0.14471555710596926,42.840389381151084
548,0.1675465480534787,0.02638145487395079,-0.20291490158833184,0.09254807418156191,0.1187799847948773,42.25804673007722
549,0.16005390985855797,0.0178088846640245,-0.19787225430648012,0.08943931686887914,0.12186549149126949,41.79732932998364
550,0.19592303193437224,0.11728797464062199,-0.40587164564097283,0.16457812411395498,0.20143488041480426,47.08797254517608
551,0.18587715750807085,0.09825124178324557,-0.41226650449706215,0.14524705412790864,0.23885113661511428,46.86333334748363
552,0.18451767566220345,0.08636989769034141,-0.39776420699095755,0.13577876197214167,0.24284264906786618,46.12236415930046
553,0.11611389925769912,-0.15385093728051655,-0.13422233922308807,-0.005416616533802409,0.26178992150541885,37.12432339912659
554,0.1352455171157602,-0.05344346864064248,-0.2855923048743052,0.04107614238784326,0.30751020313069066,38.767062179369894
555,0.1671094508209678,-0.10486243694419291,-0.40072768480675786,-0.025253692383142685,0.47714540293866703,39.92405893023367
556,0.1723042558406946,-0.0817675338076857,-0.4078258181949004,-0.006013944462592678,0.45852367336396727,40.34661931993522
557,0.17086360998503888,-0.07299301338966944,-0.4222245934685254,0.0011504493782238244,0.4602440970099832,40.225518694468605
558,0.17124057849162055,-0.0354109816064767,-0.4232696242288871,0.03485415181136682,0.41917644736564574,41.40598385797683
559,0.18812908975572648,0.0011126285151002392,-0.4199890088135465,0.07373136470773316,0.3516389726567236,42.576890154733235
560,0.16483514357257675,-0.05056916252474291,-0.41166477351304237,0.025027524770838923,0.4207578750436547,39.93139220602537
561,0.14655444479243449,-0.08374769128853217,-0.42334216894027726,-0.01004097499137474,0.4826875423583214,38.422768231583085
562,0.1743996035636257,-0.004533763336373023,-0.4316227004792673,0.0629862322732596,0.386133613667733,40.03062922429275
563,0.1574504387808303,-0.09690645675783481,-0.4295117588246454,-0.025054795332651182,0.49880752939371265,38.46282075559115
564,0.15248591209009152,-0.1210655900145645,-0.4296687757974441,-0.045985814740865875,0.5269500332343698,37.95976030581387
565,0.14797845979323793,-0.11731260358101162,-0.43398667768515864,-0.04724187363005935,0.531251271229197,38.15107626082789
566,0.15061789678597132,-0.14120293779476564,-0.41940073583432796,-0.06647047447571852,0.5384072631374781,37.88111574971029
567,0.15331964801579978,-0.14915432420372904,-0.40607427360242265,-0.0698147582784932,0.5321034506289478,37.71952937152577
568,0.16318513782694202,-0.14531305022634838,-0.3809917620786606,-0.05918632262805387,0.5034730760943292,38.990559231184875
569,0.16126951977289783,-0.11324952361215507,-0.38874712281866397,-0.033441343401270945,0.4742868024338818,39.196019361406854
570,0.16609511271636276,-0.07468999374083587,-0.36057146773064047,0.010351219654022734,0.3900086846311743,40.100045213322005
571,0.1512023384136873,-0.12593119664309765,-0.3765772980012292,-0.04403782309024669,0.4777407591353856,38.959183126343895
572,0.15043644059219935,-0.07189640367744785,-0.33080781173788254,0.012960404671478895,0.36495355467123847,40.48274903592563
573,0.159552671606156,-0.0659003538773117,-0.31035610767715094,0.021024624117359045,0.3300605911444053,40.70350969884226
574,0.15495567969509502,-0.043542111050763686,-0.2819241489610526,0.04038664366909801,0.27817729438307864,40.81525460795427
575,0.1425245260999295,-0.14672132214677502,-0.372497342603491,-0.06583940900541613,0.504919890696778,37.990809605598784
576,0.13885954519262364,-0.19411863021741854,-0.3863792996799461,-0.1110836348947554,0.5727862158285131,37.37209652502205
577,0.15797618200562222,-0.04331074522234484,-0.28327951970804177,0.038668817222495065,0.2798231364752478,41.02695971803153
578,0.1645864266427734,-0.0712866390299275,-0.31398211311649926,0.010433717766157929,0.34344024966304953,40.05099984003802
579,0.15932790446586606,-0.12582308753045537,-0.3589512443821915,-0.0413407761302834,0.45746677688182635,37.906270136455426
580,0.15278081783237685,-0.13129504446663084,-0.3666518808665656,-0.046744810061920335,0.4726890161282343,37.344691961090504
581,0.15177131152992024,-0.14496462925372317,-0.36558881135269844,-0.05917769405425119,0.48625476764412867,37.20920075102203
582,0.15377702955319725,-0.14679327839721198,-0.3574251665123317,-0.05913419624968926,0.48011857027763605,37.365230318528155
583,0.15164205052285223,-0.12874449326630097,-0.341837776922424,-0.04010797893344272,0.4432105015419901,37.91923221016302
584,0.152905050456985,-0.021547560366204026,-0.23627611851035546,0.0612088754952447,0.20992186274200017,40.08548867850464
585,0.15515193103896424,0.014206389193826824,-0.2161397414421602,0.0926705328250171,0.1441112309991736,41.74354153493704
586,0.1500612458693717,0.02456568965505958,-0.2231328485630087,0.10071344480634865,0.13423063233198743,42.096326023497895
587,0.15740159387250363,0.028315322553850455,-0.2239054252689616,0.10107380213380243,0.13360021846907508,42.59914342054672
588,0.1587255230460168,0.025104065461995492,-0.22350380011811005,0.09973136112352188,0.13769871215787893,42.25982433654109
589,0.16515759010818523,-0.0017360497932422962,-0.24758518567967,0.07545428270938023,0.19704685298090538,41.52355968328456
590,0.16449173371071152,-0.020249560440543702,-0.2755665573106397,0.04829536007650679,0.25436122563428165,41.11523217824575
591,0.16916657117950404,-0.10923973496279991,-0.3743338696310546,-0.040381026679853264,0.4626632679993804,38.09356852177761
592,0.1837566139676369,-0.1046906280440993,-0.3993273309709169,-0.03622724424055696,0.48242034675328277,37.33866604051595
593,0.15571298150558466,-0.15077221169542887,-0.394137127234276,-0.07843662286401738,0.5340098814492055,36.986425872069056
594,0.15564748249645563,-0.1352146399461366,-0.3728591510236586,-0.05837430469038559,0.4906671085476722,37.749208754672544
595,0.15383779041178447,-0.08102500756221397,-0.3551092566780738,-0.012884451357479985,0.4193608867749884,38.69544366564545
596,0.17277655253258306,-0.06611949965532787,-0.37823461244822937,0.006263951408312791,0.3892394192769864,38.86154880737658
597,0.15178479206038467,-0.052794088513637163,-0.2866163779270358,0.027558708964728323,0.2971082653720212,41.25321689130132
598,0.15572691380811127,-0.07424874244266118,-0.32242061858913906,-0.007884215546891607,0.3766384496723809,40.54612903065263
599,0.156928963167584,-0.03858585008634845,-0.27404445020078066,0.04216131027069796,0.2638374357240035,41.50042950865794
600,0.15687553579632513,-0.06071779073767994,-0.2806376086381699,0.016562445413092448,0.3072167186509633,40.80415699680338
601,0.17624250764336735,-0.02106924381187134,-0.31045908001586503,0.046067624124005016,0.28125928139041545,41.15770956003085
602,0.1453174790003021,-0.00011522542968926257,-0.30759886793989527,0.05275958580343008,0.2783213850883405,42.20272589268808
603,0.15263138570994014,-0.02595191469524853,-0.24185902031369044,0.04748274938982036,0.22884274475796315,39.886353053739306
604,0.16979632037003947,0.009064052826697687,-0.22871237384508497,0.07342324822301687,0.17317967004589002,41.96508949208936
605,0.16866683355439205,0.019726541543421218,-0.20344703181046886,0.08560160312689344,0.130146601102838,42.21021008984056
606,0.16513541416675062,0.015931222595655162,-0.21171500143966973,0.08307341445838011,0.14144883239706027,41.65955158387335
607,0.1589498668891031,0.007878779784860125,-0.19945819652849747,0.08131041064870177,0.13402983177411476,41.458107812797074
608,0.18885257200760064,0.13096127877050476,-0.40085594315960676,0.17488762695963633,0.1849248361107543,45.750519220340884
609,0.18143798400029365,0.10226276542003178,-0.3933419954157747,0.15084748418833624,0.21528863526951306,44.9490312083867
610,0.17602219116513343,0.06954851536051768,-0.38886317529663744,0.12473999833746437,0.2504858231164837,44.20130963069866
611,0.1607877559167554,-0.0037481096528482437,-0.3772452727169338,0.06383340740768947,0.335104591639691,43.00284214299814
612,0.1550161179009388,-0.06447364264874139,-0.391652427589354,0.003551280379405384,0.4403402256149424,41.94087293711044
613,0.09491386005467098,-0.08508839593444881,-0.16988044012008488,0.03107137203511539,0.2516897289384025,36.20845601888034
614,0.037968205446593246,-0.17748330286254385,0.20333006381126884,-0.008294006956815142,0.0593820631419642,30.61575818564133
615,0.1197466805904121,-0.1160413936264211,-0.1819893404242595,0.012229711712755364,0.277571974934677,37.77882400211056
616,0.14432227955241678,-0.022961362257395118,-0.2527412442723451,0.07212348178743463,0.22979400426533442,39.75928214298049
617,0.13208638156695565,-0.058383058254402154,-0.2277065340391951,0.0500183127266551,0.24235770742965532,40.47709531038047
618,0.1524056834785752,0.03887014013183559,-0.3511785243729639,0.10773872138360037,0.24766312014431793,40.782016904925506
619,0.16118262125599375,0.05696969005314416,-0.38081620359040325,0.11287082242964824,0.26715332450433277,40.42787510290221
620,0.14325451144467952,-0.020620986401730847,-0.3573179244097071,0.054758346291737856,0.34302884067857914,37.67363171522911
621,0.15949214668925202,-0.14652542371039165,-0.4042508500989335,-0.06584936619787356,0.5229938255524454,38.62193764554647
622,0.15589025281986998,-0.13649229019128004,-0.4112802060869439,-0.061557311142744264,0.5317814368530668,38.76756288031509
623,0.16983914990163307,-0.07058347269976048,-0.3494876543652849,0.013008906924515139,0.37872342885570187,39.80496388112361
624,0.172198825387272,-0.058612465872938314,-0.3743792560368128,0.022744331960364256,0.38996997364787617,40.35302286340561
625,0.17452752371114116,-0.06775512937711199,-0.3779427587953136,0.014086252815616757,0.40572015314810084,40.18011323440382
626,0.15604125884772876,-0.12225790835343085,-0.3850655086836898,-0.03642125890158128,0.47785305106905657,38.852713054356336
627,0.14108761795415295,-0.06261869919688776,-0.4373980690019325,0.004998186413115448,0.4814458074477538,38.212584219640476
628,0.16052949673001102,-0.07478127939461733,-0.41218979094091307,0.0020216353313329315,0.45346205279107116,38.78901029361308
629,0.16577031002905926,-0.10231812977989388,-0.41983481187440297,-0.02774120439822231,0.4950803083858021,38.40659850187453
630,0.14677781311754498,-0.1564048613861185,-0.42208195874952686,-0.07932130350169768,0.5589613918220531,37.298748250036894
631,0.15852010855929285,-0.12353851508813357,-0.40514842985477706,-0.04496604014494987,0.5057804547138892,38.389403846188586
632,0.1670284863102961,-0.11396574080139103,-0.3827470098665932,-0.027884289027218196,0.461272665433952,38.34750808052992
633,0.16588947344194363,-0.11770257000387556,-0.387823048880121,-0.03174010456692308,0.46970768265236557,38.7465815133314
634,0.15323920332777843,-0.18247720672071913,-0.3724757981769872,-0.09166006459991867,0.535098877943723,37.86543545291842
635,0.16380584896109304,-0.10054981003431772,-0.359412349985671,-0.014242104439408095,0.42494556570532505,39.46304522283745
636,0.14927335043014892,-0.1341680767215211,-0.30878723698977883,-0.03362824981039643,0.41344358579154894,39.03870225086009
637,0.14547552669943992,-0.15864464125829822,-0.35257010195384514,-0.06890896917651725,0.4892092013025779,38.68094488555395
638,0.15584223966257907,-0.12914227479323565,-0.3513691440117536,-0.04001301371147176,0.4488371214883409,38.67205147659081
639,0.1467786251568105,-0.11590569016769567,-0.3330072188738116,-0.02859864088177612,0.41766599536068294,39.62998311720404
640,0.1444298657949987,-0.16300632803936102,-0.37451358528445816,-0.08084638126209746,0.5207737265614588,38.25075372241644
641,0.13759752250935248,-0.17161515196861837,-0.4037985979012282,-0.09859621298606004,0.5796878405433035,36.77945889525401
642,0.13882539332550806,-0.13849164791881885,-0.4159852240358034,-0.06921401694869449,0.5503848723286939,37.47495200335379
643,0.16220992117219785,-0.08656927043102823,-0.31675125435432055,-0.0009014811688538087,0.36305891325757494,39.22208696266619
644,0.1692003907363092,-0.03122686752949043,-0.2755828183818453,0.05087028898742622,0.25831541991955753,40.9459231902875
645,0.16088578859002312,-0.11572834894454923,-0.34821330691885666,-0.030125068078716778,0.43485591659056233,38.42386267730314
646,0.15441562928657096,-0.12964976715864296,-0.3491921884519111,-0.04358381005352929,0.45242257090528226,37.34618755212969
647,0.1552980545178277,-0.13126560862856512,-0.3578707795518223,-0.04670079451825126,0.4637595657019647,37.46949167679645
648,0.14792055228638779,-0.1426001862302949,-0.3511187175754161,-0.055820570285015414,0.47113966767300003,37.46128009157527
649,0.14747031555217296,-0.1419489294401844,-0.3455562490433042,-0.054588571578920414,0.4666598138442776,37.75963255574871
650,0.15375348389544202,-0.0020660757465634284,-0.2268574292045793,0.0778931242457154,0.17710834878889514,40.500178134764965
651,0.15411921057020686,0.016861684757179286,-0.23036014324059192,0.08961543457922795,0.1572454261399146,41.82719632673778
652,0.14676889544891952,-0.018563921724251597,-0.25807665514106315,0.05922250712759433,0.22423830918546891,40.7591690047902
653,0.1567082554936075,-0.05041548652735606,-0.31002843622773296,0.02615934117888854,0.3206759061922217,40.277876782495035
654,0.156890002374044,-0.030992385539413858,-0.28935472312988375,0.04842494870351982,0.2694220514900589,40.970115762581734
655,0.16663208909260524,-0.03289626615779922,-0.29131650221791205,0.041038219953295284,0.2777731465670968,40.49063937926746
656,0.15893076378760546,-0.06398106268847042,-0.3505105163417785,-0.0027284307260619033,0.3899892424912684,40.35876469896377
657,0.15691162782624618,-0.12649431121989962,-0.38125326335925824,-0.058308957687067606,0.49099576940428236,37.96229547532208
658,0.16915784014269342,-0.09562883558795664,-0.3540453815259879,-0.021499401294926276,0.42225072688179455,38.98394756760028
659,0.1736409596502032,-0.04909215629424968,-0.3162225478693651,0.016234616753842503,0.33290634541805403,40.50215995757352
660,0.16423217247493338,-0.08138799182044337,-0.38157116434484284,-0.022165578245912098,0.4497155507757493,38.51784671614812
661,0.1502712908783827,-0.10478021648250879,-0.38647088409435454,-0.039922134270971604,0.4854215584289496,38.186955532697226
662,0.16276829761706546,0.03959793273654187,-0.29467083160467444,0.10056970845124552,0.18585630510490095,44.92155693062157
663,0.12498159336454658,0.0029527718014910336,-0.23897894757551189,0.08554817319135653,0.16207912532108432,46.48543665349197
664,0.15033628980767935,-0.02401791408412665,-0.2929634358133205,0.045403396023754074,0.27081324122379563,42.505249425930145
665,0.161599371975458,-0.031389325695526535,-0.2504450120842293,0.047769310932583464,0.23587069082440643,41.47435592245024
666,0.14962368508294566,-0.06932916440972503,-0.2848617111505252,0.0102996066539686,0.32131205817058556,40.08673915180019
667,0.1512054181983266,-0.13483483253082368,-0.35371629488602274,-0.060076467599253336,0.47216062069503195,38.06385467577097
668,0.15169332920253858,-0.16136932860683323,-0.36721544235137915,-0.08795925325358403,0.5200056396104799,36.644877228214035
669,0.15061920825359632,-0.03583906694288124,-0.2273012218531316,0.041353493567153475,0.2231619290526669,39.88985852060501
670,0.16035278368306072,-0.025491111321879596,-0.23390547712490076,0.04933199923151343,0.2132609671064422,40.648605411362226
671,0.16042119545644065,-0.06043946899799419,-0.2758800292329477,0.01294266393117547,0.3045523135581323,39.8942223330132
672,0.16601698717008898,-0.049481850842602225,-0.2818195898561327,0.02431669822896499,0.29593222207511233,40.34175210186209
673,0.168595040090248,-0.0016648182292848758,-0.2841074857985933,0.062303816357288995,0.23597455926860034,41.80349857348762
674,0.16250031311748045,0.015182777994931377,-0.21276786275329765,0.0817095654248651,0.14419017723609362,41.63045924004351
675,0.1851122653304336,0.12482007943328631,-0.4077700787936327,0.17164270740372112,0.19554670486265702,44.04494050955645
676,0.17768125638262117,0.10251163472289272,-0.39549305933767426,0.14796550488823335,0.22293878553625524,44.500580979042454
677,0.17210672549763248,0.10195227356125265,-0.40944574097455727,0.14537816226078415,0.2334536979751908,44.95020770245922
678,0.16841633350214627,0.013326055578402177,-0.3719493619598678,0.07565598218667831,0.31775060424367435,43.225435326760945
679,0.15964929331320132,0.030451604194003043,-0.37027949927223486,0.0898561485886378,0.292788890335418,42.672871357017186
680,0.13100847361300424,-0.006082912192274976,-0.2989893750300206,0.08033846100986429,0.2543614653157769,39.49933831727087
681,0.09348740640626528,-0.21458667891422215,-0.06589762586805256,-0.04477656677856691,0.2747281195868514,34.38162588840976
682,0.08613103440678735,-0.2822165220127197,-0.0481518348772401,-0.12745343828268524,0.3746653131742576,32.03385709197086
683,0.08241745297606837,-0.1710039297175504,-0.03060491599699474,-0.03580180949080011,0.22403754000854653,33.3547306956681
684,0.17153349253094607,0.07025516406091051,-0.38922118212432677,0.12398039667238692,0.24896212397535952,41.517909127016544
685,0.16995900440911285,0.06992995271160043,-0.3695472234525103,0.12815099428206822,0.23368251099229498,40.73597650437087
686,0.1717028544453405,0.07280645860833891,-0.39236635336513376,0.12921401273322441,0.24133383698418376,41.957562558662985
687,0.17047380765306755,0.0093703513369269,-0.37559198642299607,0.07346358770965275,0.3114510482417723,41.61624548738314
688,0.17875501210356914,0.07522215856135782,-0.38580766406592587,0.1274138571531528,0.24226256692104398,42.53100587008435
689,0.1751080638212693,0.08156929688301887,-0.38935653536305487,0.13700788365324912,0.23385987451795195,42.25538351376922
690,0.16062446561176957,0.04089591078218729,-0.3408739723117107,0.10749590197142458,0.24239398340560567,40.512448864960064
691,0.16401389083918982,0.05144049246092018,-0.3768777372238092,0.1057374727717314,0.279808285670761,40.029558253027425
692,0.154742015234103,0.002296328461442172,-0.3592975881031604,0.07430903433688964,0.3103776262141771,39.05306777382587
693,0.19205082942455187,-0.0013804337776978125,-0.3858839939045012,0.06734704499897937,0.3371712527442872,40.500747368643985
694,0.16045407029392555,-0.15565218419078355,-0.41665304122933833,-0.07805232288615038,0.5543355032476449,39.33669825658056
695,0.1745324924129027,-0.12719606876820613,-0.3922424748917534,-0.042655437891766915,0.49063814780323556,39.426417764027576
696,0.17373288017405356,-0.020105059031221784,-0.3038651394517761,0.06641828017738115,0.26335920083422876,41.226000643525296
697,0.14736110080007978,-0.1204954001272545,-0.35952467081411943,-0.03197335612446781,0.446692493036763,39.754264049084206
698,0.1527583237074885,-0.13286600420567832,-0.392277448828576,-0.052778070414532495,0.5001911275594341,39.60925065158594
699,0.1553904322644017,-0.10991827700618778,-0.3721742553069943,-0.024063054558651095,0.44952308486357195,38.9428891463371
700,0.1667543885707288,-0.015418998556833105,-0.2939004812270955,0.06835786006820642,0.2589716204564916,40.88749389531759
701,0.16858284677958538,-0.02414719029510779,-0.3080300163911721,0.06236233936972792,0.2813039327225517,41.132685486311345
702,0.16701220411591694,-0.05131978286636109,-0.348152081292615,0.027591975405449814,0.36441008192247065,41.37321095903128
703,0.15191954623077153,-0.11297028456978529,-0.40226529359060675,-0.033731722123782754,0.4938970506250398,38.85534639159856
704,0.14261846838569667,-0.04203696819071929,-0.44214380038924733,0.021191105819997846,0.4620795921835797,38.67759536936937
705,0.15642404867962265,-0.05766790866344939,-0.4141932712199917,0.016643302263667937,0.44032278728926166,38.86643894657007
706,0.16735058764769842,-0.10989797010271546,-0.4147202675375402,-0.031374818568848536,0.4960827398267053,38.63894752601921
707,0.16589650658330807,-0.10285024788449025,-0.4072313353260295,-0.02394437318547783,0.477375541003965,38.77927200448715
708,0.16957139328277268,-0.08753038894883741,-0.3813084746860339,-0.0034979224397178664,0.43160709978293565,38.9683292995146
709,0.16569476856865667,-0.11973811143136918,-0.3886636092879339,-0.035136066565855405,0.47570386814967586,38.374415162470044
710,0.16162229879086074,-0.11477432853951199,-0.3784397171225026,-0.029357381394034408,0.4600605820695842,38.52886357227063
711,0.15496858540489053,-0.13973321088757845,-0.34400146969604617,-0.04453248441476848,0.45174532516478566,38.27852031932161
712,0.1564307435171507,-0.06482311090311162,-0.32506542576492264,0.024335283962370665,0.34180838284348886,40.79592608053936
713,0.15435891006982105,-0.08792396832855842,-0.2958154575380797,0.00803886604929915,0.34217065050239265,40.059893222601666
714,0.15223054074623182,-0.1382927770803545,-0.36134157177064585,-0.05159351931696823,0.47822059496317976,37.96045583331893
715,0.16433174947861606,-0.08814058835658688,-0.33321302413850934,-0.005068342844201358,0.3851732494029547,39.00910760144279
716,0.1545828060609327,-0.09611223328696013,-0.3133441415092959,-0.013068648304073338,0.37750340057205517,39.11025287110912
717,0.14322564672944268,-0.18456591329523703,-0.3955169646450873,-0.10656414248888674,0.5688087026936888,36.88913470221965
718,0.1301209742438145,-0.22617460839294898,-0.39699392029737307,-0.1494167657388775,0.6230351246100331,36.15832021821224
719,0.13584477104174855,-0.1824621770148806,-0.3977895318985122,-0.10606297681512956,0.5737038261637649,36.602689979554576
720,0.15799708302375523,-0.11316895542959321,-0.343257456927331,-0.03209228417403606,0.4271383952000774,38.8785817816941
721,0.1652479321416523,-0.03709767542113776,-0.265999501802168,0.045019344913752785,0.2550573097651213,40.530664817526095
722,0.16103192837219568,-0.07776399906117736,-0.3128458120493685,0.0038493497484441913,0.3552766481276832,39.58506815255119
723,0.13395013227200372,-0.14561853589591645,-0.4132544811949314,-0.08026043323544702,0.5568974349231451,35.53780354769143
724,0.15409473529037332,-0.11359537912170635,-0.374192159125419,-0.03789405918941763,0.4654425391081704,37.11807199583027
725,0.16326031015208198,-0.08917541351290985,-0.378149897702215,-0.013276571721035193,0.43055731345570125,38.276140104834056
726,0.15369352836063677,-0.07869373721435648,-0.3234461821240062,0.0015845162591149066,0.3633106666694626,38.69891765266602
727,0.14570521428400182,-0.046737227967473594,-0.24848010112120417,0.03884780567799547,0.24828776824112642,39.654967219571894
728,0.14799354870747014,-0.025659222004113177,-0.25171025098356187,0.05481788487142615,0.22695353992297004,40.02786118919531
729,0.14824712828476186,-0.0726362879609454,-0.3090168791270486,0.008012868736938898,0.344787127124308,39.66624470828184
730,0.15040141846255436,-0.13173932670221064,-0.3504680224383777,-0.050348661071908676,0.45948406470060255,39.144168545981465
731,0.1517812211138567,-0.12520409124583967,-0.37603717093930905,-0.05306360694761615,0.4889179717628151,39.067798832369384
732,0.16393406942907382,-0.11391287808741662,-0.35547154631224154,-0.03992022058547722,0.45119479045744204,38.74655167523767
733,0.149364923218042,-0.13276975915489475,-0.3947913689309212,-0.0687586699798808,0.5286695546715605,36.609856726989705
734,0.1558170655683793,-0.08958699147814912,-0.3994349479363858,-0.032143796788975616,0.4905870103791971,37.560297997256754
735,0.17081027980740393,0.010189144701779906,-0.2620199073462992,0.07677239838386408,0.20217512264248838,41.45493166534525
736,0.176035474065524,0.028151390089667626,-0.24785579661706997,0.08650863082955093,0.17294818123127706,42.12624834440792
737,0.1644739904666795,-0.04699494830972647,-0.38413195524008836,0.0029253339046553983,0.4220599721097477,39.193260269428784
738,0.1499563167148756,-0.13982563457847602,-0.3939890536495601,-0.07404576419045962,0.5346227174093081,37.22490586143287
739,0.15545252971936183,0.0023388681646053125,-0.3007618157427786,0.06061379264792102,0.255510352418867,43.153976725618705
740,0.13588756336321933,-0.04275052653835564,-0.2868801561398228,0.031731487108566804,0.2832971296940993,43.830087860001576
741,0.1561209190295115,-0.06513075125447143,-0.33916165832435846,0.0017681870704078862,0.3756197079630826,40.0677477534506
742,0.1556591707492789,-0.05987337914298874,-0.2784548252512717,0.015239017732261799,0.30610583984870054,40.932824539771964
743,0.16329574019133183,-0.04888983972224052,-0.27392320999046205,0.02685718713247829,0.28345050314619413,39.90407236424911
744,0.15857246442314846,-0.12053595089896321,-0.3136099355203425,-0.042523347615948386,0.40854957717247753,38.64860031931404
745,0.16029274336657182,-0.06396285013498583,-0.26359157970442854,0.012584019203141592,0.2906729353313001,38.6265533360002
746,0.16261551507907834,-0.05732479215794186,-0.22707951057437936,0.03126789864257042,0.23806553964714947,40.95758590522749
747,0.18475533175849704,-0.035184045868948174,-0.304068363363978,0.03587742854855816,0.3012288983276678,40.404505353108576
748,0.1852979244460954,-0.06153082743015223,-0.34046057017204934,0.003745021350993018,0.38088429563242004,40.451003826374354
749,0.18242182880156307,-0.023496243323539532,-0.2894333073351493,0.04741970764916201,0.272200251992191,40.470488194495395
750,0.16150615749929484,-0.030498463053222246,-0.3232579829734028,0.030604683664575503,0.320668914606038,40.75438614773206
751,0.16936625463218713,-0.021943651189811102,-0.2716260154008589,0.0444453958170639,0.2524167042144891,40.39101188191934
752,0.16433571413783987,-0.11958028497623026,-0.32142210869034493,-0.04164817321040405,0.425054965580822,37.273175748188514
753,0.17082720794894413,0.1111348621527968,-0.41222557743300303,0.157209300199844,0.2248665788175027,44.12396262484353
754,0.16649983426590312,0.10180028824540639,-0.40878955021744706,0.148513972135618,0.23489944268756904,43.34757423726862
755,0.16078732618387845,0.061343432118250364,-0.4127809432731927,0.11209734843385474,0.29259126224239684,43.037578109458885
756,0.17730931068718614,0.044875877477608336,-0.39187132590227425,0.10076600672117829,0.2904683547159835,44.21387654975255
757,0.17523028102068364,0.026780361765745123,-0.37668070524189273,0.08913756471734408,0.29231210855860507,41.73633663247962
758,0.17789510344180434,0.09994785665862348,-0.3966297271401846,0.1446061621749874,0.22484141689583512,41.6985347375217
759,0.14732178753193262,0.007752421216945554,-0.3463526956566583,0.07422659300806761,0.2956916565847204,39.30467090132558
760,0.14497557029523,-0.28275233504827313,-0.33261859714069797,-0.1848258566863405,0.5867507105113721,34.82921190976797
761,0.16368923942479036,0.013847750467791357,-0.3953782683619821,0.07019149626534382,0.320559374049657,40.30463793245414
762,0.172803998582834,0.0763254220551101,-0.40552823851029096,0.12814161096058935,0.25444187914473804,42.286724929114904
763,0.17789837186055574,0.07067230443236698,-0.4083369994663091,0.11786870613918288,0.27609777441543626,42.2627166389656
764,0.15552998778411575,-0.06390276850268645,-0.4116236431134163,-0.002093694287471455,0.4573801039320547,39.800024023710904
765,0.16700049616089377,0.013642770397537946,-0.39708271908727444,0.07524218592860471,0.3292753215724119,40.61135432287454
766,0.17708151306384776,0.08341403501629244,-0.3970171138080514,0.14004728356587298,0.231104043322774,41.50010339544103
767,0.176464022014946,0.07278960778537133,-0.3978451359539452,0.1270441538979254,0.25624494368176054,41.59784538046173
768,0.17075040452753457,0.03687109113928961,-0.39466927923531947,0.09170924157851189,0.30714466086400133,40.89500793261651
769,0.18081201296345542,0.012997733449414232,-0.3740841689461084,0.07585465547472701,0.31106267366780255,39.503384389899544
770,0.1697489500819166,-0.0075961861124012285,-0.3355764157424727,0.06452006683933668,0.2958410252125129,41.81691255731508
771,0.1421447529576298,-0.0672454181913325,-0.2851483936891737,0.02934618256569767,0.32640837520773863,38.938874645658395
772,0.13762804309072005,-0.05851018865526836,-0.3013571026189528,0.028987747365484727,0.3377190137588454,38.79570938187386
773,0.1838078832625457,-0.008161767239345905,-0.37408619248958697,0.062508212111548,0.3308639901093151,41.01615806958377
774,0.1793497817722455,-0.049267081967231764,-0.3772301316551024,0.02674799164797414,0.38287338726355236,40.50357925340749
775,0.18583618174871944,0.0056746589951220516,-0.39990795110702404,0.07291185796937845,0.3381286031961634,40.979394588632836
776,0.1880543332196963,-0.01079456309854696,-0.39544277307429015,0.06085832950446238,0.34909549279928354,40.11579025946108
777,0.17273512299137025,-0.05671175838956853,-0.4006902135519996,0.01690302041590581,0.4227798760203043,38.88099041496445
778,0.1812227125780736,-0.06693617393063703,-0.3604458804886928,0.016155404990601637,0.3854773705149034,39.49107668200898
779,0.17780821693111898,-0.051640319296681156,-0.38392916098009683,0.02226993500420857,0.39302464597645903,39.94945152783187
780,0.18997195345395665,-0.08081921242913288,-0.39217775862319587,-0.0032698834397237473,0.43826536948382966,40.02227434581406
781,0.1656064641949238,-0.13066671987140682,-0.3695206359694626,-0.04393295167044479,0.4785477082667054,39.86592384378384
782,0.1731531781201754,-0.0888803375951626,-0.41243848423623136,-0.014856147284176644,0.477004124039249,40.646226865285776
783,0.16514539812081208,-0.1355206256215242,-0.4099833372763995,-0.054754083430359375,0.5165090333411506,39.5801742217038
784,0.17424445755175744,-0.12322728724643052,-0.38765538576754094,-0.03858606248597866,0.4787975992847251,39.85957449682006
785,0.18084038009615,-0.08900025035204091,-0.3844557489013358,-0.0050883294950628735,0.42970173683337337,40.81959602408349
786,0.16704807071719074,-0.129075774469336,-0.37575013396848383,-0.041292476881367814,0.4675360756667578,39.74887204540805
787,0.16419217885841658,-0.030997947090715357,-0.31875710358943155,0.048832380357116845,0.2965912600329477,42.85884969471629
788,0.1697239620719248,0.0008522877617391868,-0.29214007996718244,0.0741170788074539,0.24252367992412943,43.55856581763131
789,0.16394485007038917,-0.09897536263732803,-0.36540732354681144,-0.01510909087649612,0.43492590470822234,40.03335486631615
790,0.1576236891269034,-0.15460468641102726,-0.38983734793357033,-0.06883199610355488,0.5235435957569028,38.054181699096546
791,0.15887162543115171,-0.0675273704229611,-0.3759226765628904,0.018303159991653602,0.3960189309102001,40.84746463176596
792,0.14034742929371347,-0.1474769490776176,-0.36535505000927065,-0.05817391397908326,0.4875042258377625,39.14895300019153
793,0.15658718845881545,-0.1371293889893965,-0.3714408497918138,-0.046109032718716664,0.4786296905446814,38.04628107284123
794,0.16090757746464307,-0.14027358953185068,-0.3820164665109961,-0.05068863936954584,0.49342902269187766,38.365584629567344
795,0.15933112753979614,-0.12841019597725364,-0.39313186424664737,-0.0437411853146898,0.4934442827131958,38.83537957256609
796,0.1590750368569004,-0.10286115913426463,-0.40750470584057535,-0.022566088668050766,0.48413514334534,39.04184760725247
797,0.15165727743957264,-0.03964476609846276,-0.43427924084164005,0.028181340669883162,0.43544111018514575,39.09867986581357
798,0.14899958597898202,0.002451096446948712,-0.4533296015254768,0.05862572037005766,0.4149102812606957,39.32173080194495
799,0.1443978101478935,-0.03231944083923068,-0.44894089736238374,0.02662842521410435,0.45969145087986724,38.70670603867306
800,0.18098638426742328,-0.015238964771923427,-0.4225026916965782,0.05638479183076127,0.38371679264939146,39.631397937906826
801,0.18252172874837883,-0.023552101639597235,-0.4201105781410726,0.04187760216511755,0.40750055016864367,39.40771461150648
802,0.17045619089068553,-0.08299599798395216,-0.41805595003500895,-0.009761984376372424,0.46653887666042526,38.418425180086075
803,0.17784972605245275,-0.04545456927500454,-0.4038328180307373,0.027213123301347366,0.40595625175821476,39.28096990709575
804,0.1726874048556197,-0.09447167909154235,-0.3793165594035868,-0.0117052126555502,0.4352982493309544,39.515117761879054
805,0.149827186367072,-0.12806489095771487,-0.3583137144783787,-0.038461091690649984,0.4601705573805294,38.526746704713936
806,0.1570169129240662,-0.0859629428180131,-0.3096774588744409,0.008036172395578769,0.35222658423013736,40.02470243578027
807,0.1562250490152258,-0.04395406576248579,-0.26146007102797664,0.045902476378592356,0.25678287241629033,41.460454959559726
808,0.1636621270814942,-0.05470801490483787,-0.29472453782308117,0.030810999210882765,0.3035358209250926,40.399974567582234
809,0.1586056539939142,0.010020685234133452,-0.23118623359243115,0.09177489572524072,0.1632035448631973,41.46097257319384
810,0.1573330517394757,-0.010025164728874629,-0.25904697136695426,0.06830155470660713,0.21848509059845994,41.03478582791543
811,0.14214782897375106,-0.22433594322875192,-0.4085954242059742,-0.14837157105341714,0.6199577274990402,36.07193683877802
812,0.13624032020928617,-0.20391125836090115,-0.40484041620660405,-0.12943779875414707,0.6051253677283118,36.51532992735003
813,0.13428542954834333,-0.23095469594355764,-0.41264581291340346,-0.15814733857579105,0.6434795435323959,35.5325055559946
814,0.14910890943554952,-0.15280562845323464,-0.3773968529495408,-0.07950736225149696,0.517673186628005,37.35002693850819
815,0.1546354160154498,-0.054897640053772664,-0.269444677009421,0.027960135752695348,0.2835920932730122,40.5136474589606
816,0.1492761102056505,-0.08046459218008258,-0.28040853296887985,0.005520198258830025,0.3283040961505375,39.88690869411623
817,0.14618501334706047,-0.11022803084591874,-0.31412529938039446,-0.02429812652098794,0.3984402156856789,37.93276773934696
818,0.1477381407093877,-0.08653201250574939,-0.3146675330298782,-0.002644342842624918,0.3684225249475755,38.86249357330197
819,0.15661306115023887,-0.10231004838924129,-0.34991037290448784,-0.02208571445757576,0.42259863819998267,38.86093114726657
820,0.150338849072679,-0.12765301754634537,-0.34201799345007217,-0.044999288566915194,0.44626555832943576,38.35805902910333
821,0.14504563170380827,-0.06356489306492816,-0.25048574757520004,0.023931834242761716,0.27293119495023216,38.914106397930574
822,0.14463332103227675,-0.06840720218917005,-0.2720451945217436,0.015473537375282016,0.3033983590188477,39.01722599878546
823,0.14526060528097487,-0.06183400003138506,-0.2736204657244676,0.021212581092041785,0.29186317695831293,39.167559922731265
824,0.14879941914092845,-0.12045782997109955,-0.3182988660948983,-0.03908752067113431,0.41103831201449575,38.45594037734233
825,0.13256809634860023,-0.13293688652909072,-0.4221870140298107,-0.07758930011333164,0.5734232691948885,37.24252914264414
826,0.1448750110461686,-0.13144209419871059,-0.39469559687104583,-0.06916146286550846,0.5331987296909388,37.25266271247345
827,0.15404823343032634,-0.05571697704255478,-0.255444901754736,0.023633854679367256,0.2756091358715076,39.30732420288284
828,0.15867074112627616,-0.1009051150387547,-0.3428285129567381,-0.029205304878554803,0.42080485149320707,38.542464873472845
829,0.17144825414792572,0.010477966108966596,-0.26048672675153084,0.076296131457419,0.19482039959534792,42.2342968460866
830,0.16796433326540325,-0.038247068431770115,-0.2989572293837284,0.031229874720950353,0.29938245701518446,40.972272721184865
831,0.15981003769978552,-0.09532982780549613,-0.37246371461121786,-0.03150055826254589,0.4604086203149871,38.44418614783709
832,0.15725619660547235,-0.08218300139649069,-0.3099349423997128,-0.012430897854473967,0.3713608897931405,39.78348612384646
833,0.1622808924545173,-0.018899591921070918,-0.26274985241288007,0.04854805761156082,0.24409218826985957,42.18144984579512
834,0.14805586548584895,-0.0416181908212591,-0.2807065069448967,0.03318559825101098,0.2759940523379854,41.77031112325753
835,0.15500123834445467,-0.06348762620018404,-0.31691578640993484,0.004220159244226718,0.3554012604851627,40.02980463089266
836,0.16115917386315734,-0.0474668174311436,-0.2981448504979203,0.02230323905919184,0.3171546741758395,40.37306332454041
837,0.2030025129207469,-0.02439510860784889,-0.34959269234431106,0.04133362945863123,0.33042506314289605,39.680208181691015
838,0.18040406311772633,-0.0011175066481303615,-0.2565537384606262,0.06654303821223854,0.20806066667372836,40.92086917942794
839,0.15568269536898935,-0.06253462113064974,-0.23893225653535274,0.020012128362836536,0.2649160929053265,38.47137469066192
840,0.17080201240343226,-0.02462220751347962,-0.12739179558109268,0.06561574240154117,0.1004791274670582,44.670202612134204
841,0.17374384192277817,-0.09079497544958512,-0.24962879190146942,0.0005221306298888267,0.306341012547793,40.08916621413872
842,0.1829052872645183,-0.04511282577747331,-0.28221375532060006,0.030753185890617724,0.28929983597293724,40.36023740075529
843,0.16627839394041646,-0.05202926719492657,-0.31193234882726784,0.016247154617899842,0.3317056451104829,40.36015794630841
844,0.17952317141264915,-0.09030264687887474,-0.36053710594286437,-0.0275405322594772,0.4382640310102921,39.85306623866267
845,0.17399297915887038,-0.14079682112060657,-0.34200342617781476,-0.06272502319940121,0.4661682829054158,37.69699968780445
846,0.1257882385211448,-0.14954982011636184,-0.1407382280702259,-0.0461376820730712,0.2919324949678835,35.261155224477434
847,0.16949829678930448,0.0507971383419631,-0.38175146286307604,0.10466013045886301,0.2787630906337367,43.84161541771749
848,0.16328262596168577,0.09568800500930905,-0.3971975089920814,0.14396905050529124,0.23204066486935948,42.67159329821913
849,0.16675125606711563,0.09455487213246908,-0.39078982812633645,0.14040804719098776,0.24130338582591343,42.32738242464089
850,0.1711610748857415,0.04491092275751088,-0.39830202504018525,0.09996129354188288,0.3010273692565973,42.90906674428772
851,0.17417189107310446,-8.437248425995104e-05,-0.33964812083315804,0.0686095338869411,0.29188774431111203,42.86730741685062
852,0.1712503791353638,-0.004349642054608127,-0.35148768553215337,0.06543741741482373,0.3089315934123983,40.93792752953118
853,0.16455819960754065,0.06600403415264143,-0.38409378687093854,0.11723281578010096,0.26056983020581415,38.502264952735636
854,0.16131940000716383,-0.07353373503532354,-0.37216355036567883,-0.004089450029288413,0.4003988531779973,38.25684326018481
855,0.15458568699157385,-0.0618361285461349,-0.4164107708338058,-0.0047051446255715395,0.4410272028577193,38.82482593400095
856,0.16569526697172038,-0.00028130997868727997,-0.4051159502586507,0.05392629263240619,0.3772440922407145,40.72404093877556
857,0.16939840491913968,0.05347293862696343,-0.3905295289298166,0.10967888055734008,0.2726079771445002,42.541272734815706
858,0.1711728690605694,0.040369775862484664,-0.39034851580658686,0.09419062081430148,0.29119889352571093,41.24300788469463
859,0.1608547848322448,-0.020451885706798446,-0.3964994829612384,0.04135255259875697,0.3744344070228087,40.16050736352073
860,0.16332177856222696,0.018969224588136737,-0.36701432874476453,0.08253002906006233,0.2941104268278395,40.38250565385733
861,0.17636092189393507,0.057731187938624196,-0.37981194117240735,0.11667929327736425,0.2514116004345989,41.461634044323574
862,0.18110066796350618,0.06001965436759308,-0.38729909416674124,0.11583122537290264,0.2622111164527167,40.85532067839819
863,0.17890565112179743,-0.010889717655504408,-0.3714971754762248,0.054633936572949966,0.3377589301450331,40.26284776872197
864,0.19186439923962337,0.04706019623750659,-0.37530332884096623,0.10416584202022633,0.2666164975688847,40.058360203980264
865,0.17374834202607137,-0.033442793013978026,-0.360472364149414,0.03865831301121353,0.3547670099055051,40.83838572366385
866,0.18087610340875107,0.019107884306252463,-0.39224725469422556,0.08039990390339066,0.31780064496911226,42.169684270811445
867,0.1378921809565893,-0.06442573238246004,-0.31027359499875645,0.020715744319208935,0.3454910304575846,39.089508097905075
868,0.15456210981366414,-0.03048830414489927,-0.33568289889039227,0.044969644392919735,0.33489620468014153,40.17277167030187
869,0.15763166208449617,-0.04868863397629707,-0.3441174063318047,0.029546380134261693,0.35661156767069896,39.83872329931393
870,0.1635395767701311,-0.035177483747377364,-0.37479489472975225,0.04074101886074456,0.36703758699151084,40.22805827406114
871,0.17858223017827585,-0.06512307426506986,-0.402886822578046,0.010629356526586442,0.4208048069870506,39.724250190858285
872,0.18540560688506244,-0.010492791117805173,-0.4065284934044715,0.05972117188606583,0.3533019937633965,40.14252932717044
873,0.1693797356613594,-0.05058030425438023,-0.4040871255857107,0.018272291935814592,0.4188000345395572,38.869180985873896
874,0.1731799799954274,-0.13723700169149736,-0.4002947330887384,-0.05564774749081361,0.5076664332747922,37.62587832372856
875,0.17917287153428155,-0.1343669817853569,-0.3870522268572545,-0.05005653443831405,0.496673502842704,37.394242730280844
876,0.17568601877589876,-0.16950449319017963,-0.38821608121390494,-0.08186534763263463,0.5299203919946726,37.877675667143635
877,0.17752209039028718,-0.058197332325916645,-0.3889527901821145,0.01924608169728304,0.4098433334303938,40.43120187173879
878,0.1721510274350409,-0.0944422931129961,-0.4002246470371305,-0.02164333283448157,0.47443810896985594,39.91034330738864
879,0.160196638111538,-0.1132539801902063,-0.4156034318283642,-0.036578433578183814,0.5050192811404005,40.39541902608825
880,0.16451501930100598,-0.11232695649182815,-0.3979332939103207,-0.03202989405408503,0.48208478599203397,39.677690198041795
881,0.16078839433241826,-0.1408094056329555,-0.4127403621130697,-0.059494838221759605,0.5254210977142854,39.05050510051394
882,0.17255577272586897,-0.1304850615945063,-0.3960009696353432,-0.046129857528515464,0.4901670568920623,39.34138264571537
883,0.169962924136118,-0.10940897517863843,-0.38066607409595915,-0.023785709540767464,0.45010868618991545,40.287396862167455
884,0.16362212297298162,-0.008449338053184232,-0.27129810445155705,0.07583563360688476,0.22483506568237144,42.654625303018236
885,0.1607429513765826,0.020059423421193545,-0.2358110521844911,0.10567883587023039,0.15172012825748937,43.21512615131664
886,0.17197818914871987,-0.05078228587233596,-0.3052144904751287,0.03217598796609272,0.31440647416947376,41.60373712452855
887,0.15910629219433006,-0.11846441727877001,-0.37769699208448276,-0.03517686164404994,0.47557030986929244,38.693065946778006
888,0.16432114461957478,-0.11338991754128055,-0.3643097604359536,-0.025574837379301656,0.4481789665418495,38.28093928727275
889,0.1549014099745004,-0.07138495582785086,-0.3247978240857505,0.018219053577892816,0.3612712099870106,40.6577885846706
890,0.15623723188346378,-0.1509222487575599,-0.3830196149786723,-0.06470499372622993,0.5093702581298752,37.7053019129728
891,0.15489268517710655,-0.17800501699921412,-0.3839027243809296,-0.0873969366011797,0.5434445543939834,37.28987224095988
892,0.15572166194310819,-0.15259260155571952,-0.37839057634343626,-0.0604879295301895,0.501436735447728,37.95635232107384
893,0.1611027462059579,-0.1107190067734444,-0.4008448699366811,-0.027334294865777146,0.47847302839397704,38.62274189256076
894,0.15958562150267813,-0.06735114297518378,-0.4205120205766066,0.009959514313074925,0.44336850991352217,39.051077938297674
895,0.1503277123419393,-0.07417305883835078,-0.42781353030754515,2.8717947564902102e-05,0.4653084512905949,38.355856781248136
896,0.14253614336048687,-0.0615439795730536,-0.44527954160938893,0.002338441003979875,0.4865789192286466,37.47205096542532
897,0.17271595657378322,-0.043597975247110524,-0.348130165971689,0.042357861403522316,0.34342061756427206,39.00039805993423
898,0.17108553268499616,-0.06620950896133032,-0.3768221759379223,0.014185182143802882,0.4079441228474386,38.721810280384446
899,0.1617569007497676,-0.09497461855672176,-0.3810343296426332,-0.014546358536233308,0.44887371108267055,38.2358495043577
900,0.15535779723153445,-0.11657596027909059,-0.3491238959861649,-0.02688484429294402,0.43076500446821986,38.52455546055684
901,0.16320405960433534,-0.07832462948189232,-0.34510230999371777,0.004335813148515772,0.3802402057895786,39.71890878444123
902,0.16667513982629187,-0.09988087089339345,-0.325958620043266,-0.01018142542513403,0.38467495170258126,38.579090546722554
903,0.14760984959708842,-0.137977903347683,-0.31939407216215693,-0.04069503072631907,0.42537789850579516,38.751473249555
904,0.14025444473763937,-0.14549647339504015,-0.3354644061213139,-0.0548672400468992,0.4573330006997509,39.31568465503311
905,0.13662781769471702,-0.1114671855768668,-0.3299745850576072,-0.028515301821162433,0.4221185298198925,38.573507785717354
906,0.1501659528094096,-0.041447970436957755,-0.2687117944434208,0.03974890740822616,0.2667901657940135,40.31179106438482
907,0.14940234866079286,-0.0948898005978721,-0.3226518836523045,-0.020076585971325053,0.3893091189108126,38.938213454687194
908,0.156719859753039,-0.12558547210585627,-0.36079902918079737,-0.04545639239650001,0.4577510519279795,38.677412664967335
909,0.14193733778194229,-0.17302917426176848,-0.3701186560507209,-0.09219606348062905,0.5296482330089355,37.528017403406245
910,0.1458858882029066,-0.09194560626087155,-0.29195436752969517,-0.011018060459008692,0.3544350379978579,39.22184648823625
911,0.16167351076092648,-0.1414316243197149,-0.3612462712354433,-0.0651145866545736,0.48405634746774695,38.180804879148724
912,0.16226544382910274,-0.155440984537235,-0.35609793825563635,-0.07686276971663979,0.4970667344064696,38.19045079781657
913,0.15150801915557963,-0.13103107273396966,-0.3210654256935791,-0.04697416971785182,0.4323764595500117,38.831529847049325
914,0.1558227393966451,-0.11906297518921218,-0.32874335348245326,-0.036636830255455506,0.42790060479193537,38.378839185549054
915,0.1459274489048122,-0.11886333631415304,-0.29503399275124137,-0.03026055034730117,0.3891227399213612,38.57510457083708
916,0.1485297925652229,-0.12162769324153298,-0.32281429660942684,-0.035445011245821646,0.41464556990417406,38.58234659575401
917,0.15283057182683438,-0.13731993353513688,-0.34224926034484454,-0.0564875287352669,0.4572999631956511,37.733458599949536
918,0.1466049528868968,-0.11401048667250488,-0.300100679694177,-0.029488643612740877,0.38863808238946196,38.33547925707599
919,0.14568410894699715,-0.07270724764656322,-0.25238135961789626,0.011976734329881965,0.2890190817362524,38.23840127225261
920,0.15865393038624861,-0.06760682236537528,-0.27405533646445784,0.012283162909329279,0.30341788984444334,38.628471992041746
921,0.13947995463922175,-0.148436962673069,-0.34818456037137185,-0.07159137141364735,0.4836621753207939,36.771895263667105
922,0.12954977157522368,-0.1538617098392743,-0.4113432548972223,-0.09520523731190086,0.5842218359691737,36.380703245375756
923,0.14013932828832348,-0.13567969232527374,-0.3402226842517249,-0.05990028802506232,0.4768105648972257,37.00377683927599
924,0.15050759495785124,-0.08323085611903346,-0.26096225020875696,-0.001390668868502167,0.31451909468331635,38.9112198558358
925,0.16040395195228038,-0.017949694284047423,-0.22682672129371031,0.05881100064161066,0.19711272246652145,40.753566697276035
926,0.15940048470812723,-0.1318724537326224,-0.3779117825573293,-0.062323331256131216,0.49967590656386324,37.89106682402321
927,0.15223881980821374,-0.13089729136631098,-0.3999874669328221,-0.07252442593548299,0.540020759788575,36.64785934862954
928,0.15902492843631072,-0.0867324787088899,-0.35376312572432406,-0.02313951125532336,0.4251333240996791,38.927911873455045
929,0.15630438436552843,-0.028980315007771106,-0.27792154232154476,0.0360665124869949,0.2717645677628645,42.04246188360438
930,0.15896012594806927,-0.051820211887695235,-0.2768765745613154,0.01827310717378647,0.29581165597797754,41.5653053834
931,0.15952449497638221,-0.06382513314783132,-0.2913828123185779,0.012813550614579387,0.3169234171575679,40.272381865006494
932,0.16270323266085268,-0.04166993727804013,-0.2763310995672961,0.028430442093668608,0.2847722969466128,40.585352863285664
933,0.1735970534771366,-0.10328637454048939,-0.3695412205674559,-0.036834635485973044,0.4598925546159257,38.23337307251522
934,0.19011391257442017,-0.030285164422522718,-0.33593687048546383,0.030510859665651806,0.3333089227677793,39.59465462353419
935,0.1549622155471372,-0.04539299305369666,-0.2250301061752526,0.03418312501164972,0.23044999285078535,39.60914040775893
936,0.22085677046716293,-0.0005093164609245859,-0.2922417860248518,0.07968914970228799,0.22345408329540198,39.14841149515569
937,0.19805495546126597,-0.04983119993710792,-0.2957018085150243,0.02887808369658967,0.30071904204466304,39.08127418553384
938,0.1554610059169368,-0.14600862969154327,-0.3081179339398487,-0.0676422447147008,0.45613871682525,38.05420838726421
939,0.15426621450037215,-0.1433066451161039,-0.3523497062434528,-0.07342273648387722,0.4994647798258591,37.60491673307919
940,0.1759748154586553,-0.08465184118031377,-0.34115432798436957,-0.020722105725941492,0.405617810696849,39.096983547721145
941,0.16979254653316145,-0.13778830574969522,-0.3658905853423865,-0.06807809181167726,0.49620813506680345,37.30354302968365
942,0.1744409569753653,0.051106690343883834,-0.37333516878469336,0.10827274526687625,0.26323216865443044,44.55975768388664
943,0.17887339168315602,0.09459820015757792,-0.3989092669641962,0.139042618278355,0.23449744112293539,45.21619621278986
944,0.16792622843023391,0.11193748992907669,-0.3952389621658898,0.15302507350826852,0.22128306101643921,43.356466842398305
945,0.16938430696318812,0.08321931762380227,-0.4115441719874302,0.12761713559436272,0.2752171856652884,42.727892464322245
946,0.16933412676063378,0.055779235313668754,-0.39852730513815143,0.10774964898599097,0.28774856339023613,40.446141114635324
947,0.16017655826266966,-0.042297320690254,-0.3695090595992538,0.031100977953332106,0.37232606761701303,39.07965049104647
948,0.15935987006079597,-0.13406146084226173,-0.37537911888162434,-0.05637639057521594,0.475374539923426,38.26323067905065
949,0.16352004096766035,-0.13932098780595392,-0.396298270251364,-0.0716639198690366,0.49606021624614866,36.99786013075335
950,0.16857838562136424,-0.030714716866500288,-0.4189406902584727,0.026139813601314947,0.4210034207390802,39.108239489053595
951,0.1667925342584057,0.04164153864364445,-0.39136560969465417,0.09816461950873533,0.29329053153604845,40.47194664598231
952,0.17588056025009716,0.04650168242917198,-0.36789815759099664,0.10126343559852834,0.2671586929473676,40.67360022331782
953,0.1797029228062212,0.06275234547680558,-0.37062759306260906,0.11110842368975328,0.25397320292165904,41.9494333584257
954,0.1606101201692805,-0.0640371039044326,-0.3945100797012411,0.0013691109452693415,0.4433004759509623,39.59072392399633
955,0.16673672391724323,0.011139764502589303,-0.388689645015914,0.06714774593938318,0.33530237877955993,40.97370142017401
956,0.166238797841225,-0.010627926036126275,-0.3794167479086458,0.05270534027488011,0.34884175071670553,40.74903236626499
957,0.17714956833869203,0.038916938597818154,-0.3782499528724956,0.0972309671409649,0.28341807769564265,40.89537275286528
958,0.1768930435413345,-0.013747988817186132,-0.3642476303038759,0.05438323821904664,0.33376322130279445,40.47029114306198
959,0.17818584317044023,0.02920585875182963,-0.32713500074668744,0.0947852360483352,0.2435948125285373,42.572416730108934
960,0.19478797403502518,0.07655136369040573,-0.37434246853855124,0.1265976642227437,0.23153463583618655,41.18162614565427
961,0.193098464443586,0.06432961667685717,-0.391290234052934,0.12232810702449202,0.25898900046869205,41.32426541116455
962,0.17802916287328663,0.017243538954996616,-0.39303229660323097,0.0802069921242908,0.32391655170845446,41.49989094899615
963,0.1623456130719527,-0.025540395278786196,-0.34680510927321295,0.05038262845195827,0.3328379059891927,39.47094365614709
964,0.17959233512281014,-0.015015504906140887,-0.38596547743842646,0.05583282418000959,0.3530695278943061,41.797803141967094
965,0.17797102961656946,-0.019749752093929943,-0.37014116518338763,0.05325032158265778,0.3457184812220027,40.433536128726026
966,0.1600150035698553,-0.03339377230217465,-0.3067769325947989,0.04860745504257135,0.304262672573543,40.33526528611296
967,0.14610147440142468,-0.06656351103438311,-0.3056216981580506,0.021479057717318967,0.3434930842510369,38.968593765088364
968,0.14593000673312048,-0.08052132916362456,-0.3066654349202882,0.007058139870031835,0.3618910118368468,37.71973766476906
969,0.1552484855579376,-0.04826971352463252,-0.3397073578939115,0.03360627975807695,0.3486501148085045,39.45424650607097
970,0.16724514755812417,-0.0537581633411355,-0.388974483855431,0.025922862037356158,0.39416710454731163,39.487781815972674
971,0.16845913147032382,-0.1306118829409086,-0.380920758705515,-0.04240605620209821,0.47919228766856176,38.9021706029048
972,0.16467559684402697,-0.15393879600370947,-0.3925349848237689,-0.06962178218806835,0.5202859738766622,38.186819916875166
973,0.16893884731651462,-0.10807876932202826,-0.3840634761428515,-0.028604539528661637,0.4665391098904696,39.63153877043456
974,0.14592361084549466,-0.1321242921130645,-0.40117232124722635,-0.05711287535775467,0.5241105485575833,39.269334240367144
975,0.1551860598011614,-0.14137604635909695,-0.3984343315189864,-0.060461717652415106,0.5223623295464016,39.63923273165903
976,0.16761254410831328,-0.13278933093772372,-0.38936333913355464,-0.050285508743095265,0.4920482138851881,39.52203819369014
977,0.15434741212698505,-0.15221725115951262,-0.38943770646782006,-0.0654610875848329,0.5135245740319255,38.615393472149506
978,0.16213751776065027,-0.10372191716693863,-0.40137552145821204,-0.02267870649284841,0.46829936214739937,40.36514140695161
979,0.15630913839011057,-0.08283617260248369,-0.363756576000721,-0.0013090625258015388,0.4087566699555327,41.211950479166745
980,0.1605030053434194,-0.022606000475961195,-0.2792716795564317,0.06299945808651462,0.2532523628778082,41.94034580299738
981,0.15996690595107058,-0.02420751375869704,-0.2882691268899993,0.059453997303368096,0.26644503898802624,42.0094097427446
982,0.16341737411450424,-0.08725563632883866,-0.3579756658645011,-0.00603917574911725,0.4159242803617322,40.26942015942452
983,0.16947301135111814,-0.06845415731109683,-0.3552738150272135,0.018562801971410237,0.37796245677744644,40.31079315271428
984,0.1671276967280891,-0.13415536309766168,-0.3727357230715228,-0.04415387779951684,0.47969849195899233,39.040062496569604
985,0.1608881469334236,-0.07765054414127993,-0.32698847683837434,0.008633739036445107,0.37560968308849374,40.647392912109424
986,0.1559854092790653,-0.13622993583549037,-0.36140174490719845,-0.045092933633342165,0.4723429354565599,38.162544579311216
987,0.15584093930823417,-0.15806705053839215,-0.37529416682062083,-0.06600002800140722,0.5092429311724389,37.593896984660766
988,0.1564979647645468,-0.14319809238453562,-0.39637898738878946,-0.05946675546141351,0.514786876951377,38.23403208256519
989,0.15615298353472268,-0.09005772562728745,-0.407687981673115,-0.012747350479555336,0.4692547196955978,39.50468671462652
990,0.15891611539536557,-0.08076376479839042,-0.38183222048426896,0.005006648218326372,0.4192858623765646,39.60197246480165
991,0.14915462785606476,-0.10061167228574171,-0.42951325987429045,-0.025427124584828563,0.500460571617849,37.800850109563946
992,0.1570769903307904,-0.08228115810618014,-0.3333183033016905,0.008574116107148564,0.3726086963029638,38.79611842287552
993,0.15768950173623544,-0.08477548651224258,-0.33923972225356624,0.0061053282026962636,0.38078441424910475,39.29476129761294
994,0.15522297524371276,-0.1274675461325805,-0.353893405421406,-0.038124434982398266,0.45142049585377786,38.78174142210257
995,0.15277035769989064,-0.09862178404594589,-0.2996855350008781,0.0028160985743360028,0.352526773189883,40.47518733626741
996,0.16287553758319953,-0.04972074378215795,-0.29636529983061144,0.03859614679115964,0.29796386070464087,40.36623293451798
997,0.15209592724195223,-0.12344717181479345,-0.32481269226041276,-0.029579935393886647,0.41504003923121463,38.82175935914864
998,0.14234483478798518,-0.14591033871943782,-0.3569332430167181,-0.0618518425560353,0.4880617353836622,37.66368324751493
999,0.14601999383052816,-0.11778721472302993,-0.36266158737337534,-0.039618283598583555,0.46570799773564886,38.62137267517348
1000,0.12712814789982982,-0.1837079646351065,-0.3710195515999448,-0.10532530617349102,0.5598985803292413,36.053905189255744
1001,0.13229086001610832,-0.1882476218137563,-0.4025427577370107,-0.1171635247428346,0.5975574782219708,35.480527133967705
1002,0.12941794341487903,-0.19957626117927857,-0.41676703726309117,-0.13127867813969324,0.6253149639081478,35.80427330860981
1003,0.1444508079976676,-0.20371176697483867,-0.4033158579370315,-0.12962564720246533,0.5992794504057127,36.46071020933966
1004,0.14669464232242765,-0.17752713011158658,-0.3532314250293428,-0.09689793571315335,0.518326574460099,37.46590303805781
1005,0.15630593497034512,-0.13061689766986817,-0.3349314120101362,-0.051601392557881716,0.4424245099507484,38.18320112296949
1006,0.18653048640241132,-0.18292813651089002,-0.4250887551558769,-0.11989110267377469,0.6076221841519979,36.80679301952143
1007,0.15740355682256874,-0.1485648452895076,-0.3541347269275305,-0.07139191124678959,0.4915292068436118,38.018675056571475
1008,0.15249414375828585,-0.08293198789786654,-0.26550112320768865,0.004865007098866542,0.31528596668819875,39.577105923215996
1009,0.1528559214476636,-0.07806988320575348,-0.28131639186717533,0.00019122572289217358,0.32561586531982667,39.75659678090195
1010,0.1535767345742867,-0.07862543770202618,-0.26229113378662755,0.007476278584715687,0.3035412063226574,40.33771455609061
1011,0.1551939427739327,-0.09710595091860723,-0.25884792487701713,-0.009077393309391526,0.3213314044068028,39.81088822955559
1012,0.1577199584335558,-0.09859526904882046,-0.31751268901449003,-0.01852626445582798,0.38580166814381134,38.392159336500406
1013,0.1561284837851559,-0.11100532133883372,-0.31875660988650534,-0.029213027329608607,0.4045520059449386,38.36097611797916
1014,0.144742500184876,-0.14107177264546025,-0.3225255664318322,-0.06432025691500128,0.44514849886344504,36.778618090768404
1015,0.1343135734648525,-0.20182139143775443,-0.36881042506720413,-0.12864147448420152,0.5608744458539464,34.41907735032007
1016,0.13072444419234489,-0.18360371359697739,-0.36711172151566185,-0.10924888662017694,0.5527382702056902,35.29446966054222
1017,0.14885204009077316,-0.11147038984371169,-0.2998161573765783,-0.028968259823245784,0.3896809133033421,38.42235823464685
1018,0.15500208407075858,-0.10090503432110827,-0.2969198604096125,-0.020227267738599206,0.37681462061178067,39.7412511535266
1019,0.1551616680989755,-0.061546725497532456,-0.2526624008760903,0.021767273108909413,0.27644941691879454,39.731304551547886
1020,0.16067233139158224,-0.058253934321484145,-0.27114273796973787,0.020801269266072238,0.29195872925861127,40.060027093249886
1021,0.15983885265113673,-0.14988521412835232,-0.3329610855402476,-0.06729959611057955,0.4654088052048032,37.864291172833916
1022,0.15952832652923313,-0.13766034525899823,-0.3312009701228328,-0.05803543863916778,0.44820650806487156,38.519603727312266
1023,0.15921523761080109,-0.04689293166501677,-0.2772896260840003,0.024784525212368735,0.29231262950919673,40.93819518247811
1024,0.16021171835301717,-0.0029682971827229626,-0.2596219133501372,0.059282308853887605,0.22212793158166064,42.33289167761458
1025,0.15771809343151286,-0.032087204256034105,-0.25273962921604015,0.041132403749862434,0.24305199767695018,43.06597324373416
1026,0.16035114659531965,-0.04750480848803241,-0.27918152929206,0.02464602708204738,0.2936344844636197,40.603162319757075
1027,0.15776802265433806,-0.13599577230953142,-0.32918106908509653,-0.056064414548225305,0.44619612076178855,38.65629740253422
1028,0.16481994587741183,-0.1779261320314302,-0.38319908659093194,-0.10761829738859849,0.5422641389306843,36.54306843246408
1029,0.17339502525706021,-0.10395663659406806,-0.32837565181695855,-0.029724331691896273,0.40381269141120285,38.585034946820755
1030,0.16377737802861916,-0.06962894038699034,-0.279126254835386,0.010090463604971614,0.30875391955720494,38.801231201762654
1031,0.20399900531586376,-0.032781720930692995,-0.2932320273474544,0.044664118156535954,0.2707792109028649,40.16943355371103
1032,0.16750008218778106,-0.05990844427202004,-0.27845740273296427,0.013185024357785007,0.3004351080981833,39.804642805834426
1033,0.16881616881802627,-0.04046599006814716,-0.27287974754939864,0.03026340319341736,0.26861501821693906,39.93538260218209
1034,0.18027227329835485,-0.10359623924219541,-0.3121280124105241,-0.028546484095367742,0.3872020948303494,37.89239361925882
1035,0.17674318521003327,-0.18842148953449428,-0.34415138204834916,-0.10720168516067229,0.5179217266277693,35.82037858857206
1036,0.1722410721627133,0.09619208637074703,-0.4155688994560648,0.14284370897021026,0.2501266245404105,43.49907903112006
1037,0.1840181958910877,0.11315556790488224,-0.40979294578002545,0.15839501198525943,0.21092237633026575,44.97438580549664
1038,0.17755853510874775,0.09692803875044569,-0.40706619203092304,0.1431240890524411,0.23443441560037676,45.05686431693954
1039,0.1749489064610052,0.039885394976576005,-0.3971492353885673,0.08996509270181226,0.3032108786623706,42.71678550779753
1040,0.16666408012510134,-0.05627240745574335,-0.3918443788132091,0.007444209371603396,0.4017136785977417,40.246222720412725
1041,0.16251879241239123,-0.07761333638088759,-0.3930510988009192,-0.013063023163399915,0.42566462317722065,39.15989748905766
1042,0.16524916227474762,-0.03653570709959548,-0.38104796134473373,0.0231716949160076,0.37046470311045593,39.15894170508651
1043,0.1526634784594974,0.049655799753104565,-0.37408706212749293,0.10564431667462976,0.2719157003360544,39.27008632647678
1044,0.1505877634771454,0.05462705354401932,-0.3827713420985365,0.1066350238831398,0.2834452907918542,39.08123238678701
1045,0.16899199290842054,0.029601580166970974,-0.369085232776616,0.08604033616334439,0.3000003567217343,40.24112331548749
1046,0.16941638053898664,0.014902790893415011,-0.3612832910727181,0.08183094854674654,0.2889792400585961,40.179372336507996
1047,0.17668920779258304,0.007701303069648302,-0.3223721478093275,0.07564905026415517,0.2658349397988263,42.34917514927348
1048,0.1759065620343007,-0.0018322321975154554,-0.3042736874554675,0.06898886262270923,0.2643366123302586,42.49227979623198
1049,0.16440429287928354,-0.03369866468539848,-0.37266448713321576,0.03326804386724668,0.37954216926996903,40.839773861250016
1050,0.12528332226330785,0.01003229808994084,-0.2617564884561766,0.08258589427723828,0.21786955459921917,44.99827951952024
1051,0.14876142966364703,-0.04364683703948751,-0.3612010877947886,0.023492136929627372,0.3773061445060011,41.02504579498533
1052,0.18001955479354145,0.029822081251702517,-0.39069002398506963,0.08966029369237657,0.30201891560075345,40.46087784815813
1053,0.18019562089133806,0.0062726143148753065,-0.3823511383828895,0.07139528631858147,0.3260500605077865,40.31189610690154
1054,0.19285412145244626,0.047314240583777235,-0.37380137320935725,0.10794429668195749,0.26362668121179866,42.069463897115554
1055,0.19464242168199722,0.07221710453159425,-0.3788762763702757,0.12750243568091865,0.23911771537635906,44.06225241813783
1056,0.18740170903754275,0.015161561956913934,-0.38434349193511747,0.07778167199534639,0.31277914161964226,41.353262104673526
1057,0.18367167412166716,0.004354125424716646,-0.38465295485819284,0.07005874388549532,0.3282274950947299,41.42717120650045
1058,0.19020270363721667,0.05099684353069011,-0.38202968532372344,0.116670193670188,0.2560034981464538,44.03253516062314
1059,0.18697865450320028,0.010093040373870783,-0.39501510990143385,0.07518323092857938,0.32931650158336706,43.67595109116901
1060,0.18652862458468786,0.02575455408858292,-0.3898968001891513,0.08716808273380586,0.31014383027207354,42.921967699130654
1061,0.18599497408404592,0.004890055204500668,-0.37275875343049236,0.07373369247342705,0.3124687100016978,42.38261891045618
1062,0.18828798731280508,0.03422973507460917,-0.3818372558439533,0.09699419837095247,0.2884240015988592,42.56667650132912
1063,0.1829026839367501,-0.00800354026970919,-0.3780851948073395,0.06186803905024971,0.34029731206416475,41.04071831532124
1064,0.15432601645690686,-0.09710258360744012,-0.3531215230541895,-0.014110214083373958,0.4240446179242888,38.677767454975104
1065,0.17177310623493072,-0.07304715799487024,-0.3836716587017061,0.004924492961143037,0.4246301281655864,39.736667391667226
1066,0.1749482912262241,-0.11061420405881905,-0.37387789289838613,-0.02554900280993356,0.45056509792210775,37.972483452731765
1067,0.1753561981086199,-0.0297809040303141,-0.30926404214789116,0.054040676912418296,0.2860993551844621,39.86642106741646
1068,0.17357660458076818,-0.09874072202552107,-0.3851016602600471,-0.0142603857782889,0.44728206364005263,38.877046541284166
1069,0.16927893353756157,-0.07811897667450526,-0.3585481538540415,0.007320972401582884,0.3963034349585094,39.5883738089407
1070,0.17132854490165167,-0.012568507296361685,-0.29087360345558705,0.07104757171940704,0.25087973368022953,41.99442296373009
1071,0.1754439213656987,0.023541434022453022,-0.2562759044488719,0.10199408050168034,0.17313371196018454,43.10136329327783
1072,0.16280129440987268,-0.04235554952276731,-0.3115038845424864,0.04290070795471318,0.307407615778867,41.823414656716174
1073,0.16331877006163548,-0.10861934739356384,-0.36731299068834405,-0.025990526235642655,0.4489758893560992,40.09049351777925
1074,0.17099320783435662,-0.10320566518362223,-0.38199944770043665,-0.018989954372531363,0.449594996292218,40.26006615809494
1075,0.1592377064738415,-0.14896752454654802,-0.39186490921766637,-0.06463682299520325,0.5201945326777152,38.48532812562966
1076,0.15810636834133476,-0.13731815867492067,-0.39770328305398295,-0.053726299037587966,0.5089751815057165,38.784506492966045
1077,0.1590345177203425,-0.12783362862057737,-0.3794857389730129,-0.0438007833304745,0.4820889312648535,39.77679390044199
1078,0.1580904849685462,-0.09039785406445626,-0.34379569368166557,-0.006376761318076619,0.40229142433708204,40.51324000076837
1079,0.1698005811540976,0.01365450117067363,-0.2866710404664869,0.09049066813621273,0.2169132820196496,43.76895911608414
1080,0.17881846654522038,-0.018444371546170592,-0.3238236008097829,0.05274450485650613,0.29393089587088866,42.0595340300891
1081,0.1642021576584396,-0.11993149999361268,-0.3836668026395013,-0.041638310272292915,0.4811793799993132,39.4317668432339
1082,0.16550453187639083,-0.08191225637447179,-0.34415961978977594,0.005959956788640874,0.3901234793906101,39.78675977443412
1083,0.1816849582438739,-0.01523609876444041,-0.30329889022952566,0.07559417549235083,0.24865323772021977,40.66049608212475
1084,0.16006159547738882,-0.12984615384732975,-0.34212454274309007,-0.03757175547688625,0.44098973752770526,39.16278224710988
1085,0.16705215157863879,-0.09722886611635866,-0.3805718809860733,-0.011375698981861318,0.44011491150574505,39.81896890199263
1086,0.17232663872882695,-0.06789915523638781,-0.3841622839011622,0.013743302152993717,0.40824994952805965,40.90651779502282
1087,0.1727561781085082,-0.06345869213567222,-0.380638313268864,0.01977712854648058,0.39348643843005165,40.272642316246476
1088,0.16372398345428477,-0.0905991518970229,-0.3794238820616953,-0.007448767249096406,0.4278410318527175,39.43678345947163
1089,0.15283511397431268,-0.09737623084953843,-0.356332019890019,-0.008235193183552664,0.41353913658894204,38.98480175996008
1090,0.15405185280214104,-0.14970342374176782,-0.3900380973515619,-0.06554265271963888,0.5089777311103101,37.798711610611406
1091,0.15854744222653874,-0.13657581719939485,-0.36398569468055936,-0.0490473512083057,0.4738103051927859,38.27880652962915
1092,0.15414779329211487,-0.1300803855816366,-0.29441542046022123,-0.02683261410582466,0.3883476997361499,39.18254736859974
1093,0.14699259610071685,-0.11154376144623585,-0.3070582217725201,-0.01468450489610592,0.38778550334064693,39.000260273288276
1094,0.1371208757509595,-0.10367181800191423,-0.4027742974850511,-0.038308392582356715,0.501379610417171,37.52745182962284
1095,0.13038886201201044,-0.0801734022477797,-0.4237202761783028,-0.02784448862738187,0.5137782505773698,36.98538115860257
1096,0.13328673198011678,-0.11168298268699188,-0.41464749146728436,-0.052993574874238655,0.5324621089561637,36.52486360520328
1097,0.13079561439321985,-0.19702156571167767,-0.3893601902512182,-0.1186989308329246,0.5837223078800099,36.20436883093362
1098,0.12432905665154284,-0.1864102649895493,-0.4110570060573183,-0.12206490245574579,0.6165317414486559,34.81707748856045
1099,0.1295989196172054,-0.20693890391439224,-0.4174415728679572,-0.14031184074406516,0.6354769673988383,34.89503908114041
1100,0.1341946703055618,-0.23117217693307496,-0.4217005992930005,-0.16107471530250483,0.6521039575257334,34.931904219283055
1101,0.13857951406379804,-0.2549972124146251,-0.40661406642418313,-0.17981258252098128,0.6544834234033124,34.673341336197524
1102,0.14685629516923035,-0.1871038503133207,-0.38047479194265743,-0.1159583070638485,0.5663861862329583,36.63793671427134
1103,0.14011869697328327,-0.15487345617370585,-0.33677564967083223,-0.07145288182682029,0.481532813004678,38.63626534359901
1104,0.14465053708013567,-0.15739737634451506,-0.3209545336337096,-0.07172005907765666,0.4631726463200813,37.93016842639248
1105,0.14971349853734803,-0.102725797892392,-0.2847380535928411,-0.017173285812578806,0.35994576953798463,39.20282660461958
1106,0.1555894741592363,-0.06501178693831328,-0.25465989109329074,0.02197179573489151,0.27988873509290835,40.31718280365387
1107,0.1577701181596919,-0.012164061479174896,-0.20497400261594934,0.06552522328768119,0.16675870643146432,40.92431730505844
1108,0.15570022400221623,-0.061896628848357546,-0.2611849584046734,0.01684952532717399,0.2858215656580065,39.64156024791015
1109,0.1562873487821786,-0.13421050448903846,-0.34671062121826546,-0.05790537967853845,0.46406526793311437,37.65466243365194
1110,0.1482312217738406,-0.1356072336478037,-0.308065479651951,-0.04867030582277181,0.4211084299359523,38.126331334639
1111,0.12773326979807995,-0.20489623648487246,-0.3658650540506688,-0.12829628014785324,0.5742066293894063,34.33323370482513
1112,0.1422695371290291,-0.14252603292526522,-0.31603544217937163,-0.06121386833520785,0.4443052163049894,35.48107580824459
1113,0.1498320238413867,-0.0962428885264903,-0.2904789045665637,-0.015839048217157547,0.3612526915440372,38.30394222386494
1114,0.15512737273557348,-0.07295844762533028,-0.26932419332992935,0.008377297334914222,0.31040971911210635,39.95848509503738
1115,0.1536588333791506,-0.12699144076184776,-0.2985633942428549,-0.040530405760527986,0.40224090373403787,39.030413787185786
1116,0.15516781195060503,-0.06810133286100316,-0.25647339936745145,0.014331088055109588,0.29020569366386606,39.66797548949152
1117,0.155881763595123,-0.002582716450926828,-0.23065902837030366,0.06724910752499416,0.18430199899283442,41.79178310262357
1118,0.15980338840822012,-0.029170439289515744,-0.22841824550628348,0.04737151707895077,0.2124010698611035,39.9708242363731
1119,0.1574539735646867,-0.06035558117285202,-0.26823140566644715,0.019757114400325876,0.28981903022880073,40.30738909213698
1120,0.16747657234393873,-0.024862631945116696,-0.26379698931419265,0.03860684400521518,0.2578443174772039,41.87018538978934
1121,0.16957653035195575,0.003610689377122516,-0.2640322323282964,0.059566549299760824,0.2195101999051258,43.091649091384994
1122,0.1638830161715782,-0.046261439816053754,-0.26791375554598895,0.02725135127205272,0.2762043407523097,42.020195584777206
1123,0.1536785895968132,-0.10560016424540718,-0.2776617635691523,-0.018853337508105833,0.35541271949614495,39.60465168916076
1124,0.1541398661159,-0.12693953777330433,-0.28649260646277463,-0.03742075680017274,0.38902257158727094,38.42716718525752
1125,0.1603516704566156,-0.0870704062531121,-0.2750995461844898,-0.00397232166780454,0.3295333084887854,39.151505812432305
1126,0.16487150418098068,-0.029027266765933663,-0.21573809608675404,0.04723207436415815,0.20054964233325534,40.01612739226875
1127,0.1599238201667749,-0.051504657762006224,-0.2650321615747836,0.022313329048522224,0.27554242798835216,40.268263662533265
1128,0.16341706491585042,-0.003082613590873944,-0.2676102466366443,0.05679072668015951,0.22959244861318387,41.99860399515838
1129,0.16614159181016583,-0.01680256840406666,-0.25494751856555564,0.052007052269971495,0.22328757977936273,41.375877292808134
1130,0.1730473395062441,-0.1361974835736144,-0.33326230964205017,-0.06267883349284234,0.44695858923925813,38.247205789840564
1131,0.16603760396296863,-0.19274309490769512,-0.33150770453862366,-0.10716029795374729,0.5124960504171949,35.901359618376325
1132,0.17535266121013174,0.060175731225169324,-0.3834285821069933,0.11703549732173843,0.2605705613602455,45.42304590470474
1133,0.14540003825274347,-0.006383773263407158,-0.34329745812885953,0.06642265852670692,0.31401889480239753,41.96239842449987
1134,0.14718471658105764,-0.01015773397727781,-0.3503775163051404,0.05867807840491135,0.3295018406625598,41.775932018423966
1135,0.14222404936533486,-0.04505703063230773,-0.3471973171925464,0.02759847621603328,0.3699097180546454,40.4615550879032
1136,0.15297944103569355,-0.01302317578470095,-0.3801460245686516,0.05070274253926989,0.3665065622536818,40.7226523076583
1137,0.17683412401010706,0.04653371248636335,-0.41183198960766165,0.09754730333618956,0.3146904304150188,42.94989302959504
1138,0.18223014207675411,0.111019174823569,-0.3967570804117577,0.1516818702657903,0.2167941872793676,44.26370399035867
1139,0.17980498488652694,0.07167071749397894,-0.35855077982584527,0.12324123163148051,0.22623882668718875,42.62678902487781
1140,0.16973709982925947,0.018427018641324924,-0.3912239308942588,0.07360042441088128,0.33632164317628666,40.67786158336725
1141,0.15922827415000057,0.05452121628310672,-0.3806625619732262,0.10911879990602975,0.2713900385024436,39.40828951829366
1142,0.1726361990794686,0.021449656172963797,-0.3243762567162513,0.08821857743924078,0.2498368520062231,42.03023314617257
1143,0.17179594472442444,0.030462136807961747,-0.37984124842915207,0.0921847187986841,0.29052711711181317,40.12663457192292
1144,0.17103526252486193,-0.026361745830922035,-0.3648206508451681,0.04259364090137985,0.3564292780390472,40.61725027851481
1145,0.17347023531452974,0.00233732028495004,-0.35290802362238116,0.06575422214991357,0.3087483947620162,40.07144362786287
1146,0.17326364334244002,0.03639717805638217,-0.3477707158410839,0.09427838754578544,0.2654142794601866,40.724669141014374
1147,0.15305834354483744,-0.07320247299825408,-0.3862449262317776,-0.00301167389307495,0.4386224577967073,39.09570917525707
1148,0.16355914641408176,-0.030211076906886868,-0.3852894581054639,0.037843624599996135,0.37636627396358674,40.35708425053985
1149,0.17966264619544867,0.026781788035141082,-0.3798027489163671,0.0897048731406647,0.294515641085706,41.06296135088127
1150,0.18513527296844226,0.05500066368821696,-0.3700836212060848,0.11402639946414547,0.25321677246902413,42.53481970145098
1151,0.19274489149730825,0.058772150607139716,-0.3848262519113495,0.11938427540964276,0.25434311884681937,45.09561780720372
1152,0.1923563804955466,0.06373179587394467,-0.3841965755216087,0.12097706988472104,0.25343201129047066,46.14266599336369
1153,0.2164468664495224,0.08987551343554875,-0.3644431508274327,0.14882114257877208,0.19100316072139098,45.360198260955144
1154,0.19305798826041748,0.06392298747981938,-0.38340618899457024,0.12456486018940309,0.2454413106550117,45.55294987375298
1155,0.18837560031673067,0.0510898234238365,-0.3972422059869839,0.11226341002097702,0.27655059196198234,45.67827212893789
1156,0.1954050319231052,0.0631562739163143,-0.3959372471764683,0.12553855468548597,0.2548969863405664,46.93158387600679
1157,0.18807119277988288,0.027695008923168857,-0.38505907803189476,0.08780488126155063,0.30126309043675253,44.24065756599144
1158,0.18609509958203713,0.0036388303821558933,-0.37858210709802675,0.07352776408601139,0.3213408620132893,43.61284910060432
1159,0.17999145707457068,-0.007281660987612794,-0.38660927841485737,0.06234942095386926,0.3425766577145613,42.89862720042285
1160,0.18852225457400337,-0.023638256303241383,-0.3709084567729481,0.052697683813121794,0.3390893043218287,41.96193814493684
1161,0.1784499041604393,-0.06324019413376299,-0.3648570606093068,0.019084472158653967,0.3866924638295969,40.04573494799623
1162,0.17101042000712607,-0.0919841749871661,-0.36911194476878423,-0.005301548751325723,0.4239252442529316,38.31606103435762
1163,0.19350967067128713,-0.04201284377341197,-0.36978421055755406,0.033271561294517714,0.3685124665674107,38.03037470777909
1164,0.18314488604667128,-0.05785287278316272,-0.36280557910003747,0.023017359290017938,0.37481578417502853,38.4081567461342
1165,0.17809385637369426,-0.05826440697708759,-0.33841328821356675,0.02900488412528976,0.3458233480078911,38.295651410526816
1166,0.17326758848894552,-0.09310625559100894,-0.3782847656936004,-0.009298196732032697,0.4361201286208761,38.595544442060636
1167,0.16988043450165088,-0.134612724200307,-0.38183424136801714,-0.05107085758318291,0.49130699024142227,37.809644909483715
1168,0.17556256975478413,-0.051527176973457864,-0.3355727911582902,0.034500149374821015,0.33854343969212547,41.24213121540903
1169,0.170373819699579,0.003169535560780469,-0.2658792656062625,0.08685624912951806,0.20385189465479134,42.48905598641562
1170,0.1691679142604653,-0.029464516392383348,-0.3148384437487503,0.053113176882038426,0.2961022082466143,42.45694019521116
1171,0.16093296368708843,-0.09588880100804348,-0.3796272602969134,-0.01598871875757815,0.4473539396856013,39.88096478526978
1172,0.16227046381846416,-0.12883724023452625,-0.3741554024501729,-0.04268643778764157,0.47434045576575623,38.843299128638364
1173,0.16895612879386038,-0.10363604579321291,-0.38767179778916266,-0.02176311525213491,0.4607876574832814,39.6745859731716
1174,0.16013473250302518,-0.1415410910304786,-0.3753676517969349,-0.055028920760369214,0.4915683776388398,38.327759938997275
1175,0.15630434161971904,-0.1294183706928807,-0.3776196513251328,-0.045641225551571594,0.4844539371470667,39.40191442400719
1176,0.16432591793675527,-0.11764034479524312,-0.36972453434892516,-0.033235408278197404,0.4588082506743834,40.18795619760483
1177,0.16051406370575497,-0.0459208842735726,-0.31912292418755345,0.037705182043879584,0.3269400520346941,42.24383989773965
1178,0.166842688707221,-0.032089974807609147,-0.3399406500568757,0.04496564245605477,0.3307569177328414,41.644532539874284
1179,0.1798709058162975,-0.014343188735547484,-0.3452471592758569,0.06050472375694697,0.31214705036945684,41.88328498558203
1180,0.17760057908211135,0.022727917548029858,-0.33427208192719987,0.09580313466621704,0.25314815735404306,42.79704684105714
1181,0.1821804899228073,0.02341452760255492,-0.3235220502213395,0.09767551788792257,0.24198050869857968,43.16992868226932
1182,0.17023803926236686,0.015361940220696306,-0.3267505392274223,0.08906030404571044,0.2594880883255519,43.753465046297485
1183,0.168762249091731,0.006045093964711458,-0.29067195273700935,0.08284746472734043,0.2336081917553729,42.72136426256838
1184,0.176505289250389,0.02276462822850837,-0.2751962303543304,0.09670677489425576,0.19805875184945232,42.27129805795196
1185,0.17269488269589134,-0.02823416506176624,-0.2977017670735179,0.05941603178993229,0.2727914516204839,40.90877083533268
1186,0.15704827068810204,-0.07049581980212993,-0.3184538927710897,0.021398525775186014,0.34422834671123254,39.84715796203096
1187,0.1587707065846014,-0.06587176191746666,-0.3174542818172321,0.023127249101758195,0.33555885872075897,39.66073263563934
1188,0.14963746487628074,-0.14129759521486454,-0.3449063826804618,-0.04956459820642916,0.4582003054650484,38.46101325850663
1189,0.15148255536351599,-0.13464613645828707,-0.3003735390976486,-0.030827337625447118,0.4016397858532776,38.818513314668444
1190,0.15470066137470576,-0.14823331273356083,-0.34644871646183656,-0.05694844570204472,0.4672238080659197,38.242461730197284
1191,0.15321376405637196,-0.10936218694414004,-0.3330722817003893,-0.021177829432163748,0.41202007928143025,39.46577304964785
1192,0.13683503593733087,-0.11152285216380903,-0.4033823220371588,-0.046811249902684586,0.5079953284634461,37.94989415567735
1193,0.12978397298277652,-0.1069736786729936,-0.40927814955027203,-0.04785783881008423,0.5266765590684453,36.95095298421711
1194,0.13226497785429628,-0.1239052549687468,-0.40108624193771114,-0.061251009519377994,0.5307142736442477,37.003879493034255
1195,0.1264027545461037,-0.19144295563444913,-0.40250963861128664,-0.1214738778795901,0.5996308382963165,36.00580855313071
1196,0.1292655344098268,-0.1663847665319916,-0.4069879673739005,-0.09961004656975887,0.5803552095798414,35.86846151419605
1197,0.1324405701307217,-0.2011642938196701,-0.390308995400166,-0.1278340452929336,0.5926907282998758,34.95669781419878
1198,0.14043291607518457,-0.18484416113492436,-0.3612435712743516,-0.10682887054459578,0.5378748096266212,36.222384186726465
1199,0.14885675692593037,-0.16387970350879255,-0.3457458656078686,-0.08420034113331025,0.49450488128104036,37.06829421944362
1200,0.14893632098241946,-0.2151806913584519,-0.3713255221198235,-0.13640532776416514,0.5795142572794868,36.38234712851887
1201,0.14412876418870754,-0.1422675722676004,-0.31767444259652494,-0.05823395227647019,0.44318945130866444,38.63776374598929
1202,0.15176243131260908,-0.1417628338898326,-0.31665739696049505,-0.05675958028684579,0.44115956163152986,38.2162915067768
1203,0.15852611179457926,-0.11128812069428841,-0.3404296971062632,-0.03697908235741654,0.4295613807663807,38.93775842273765
1204,0.15110448837219417,-0.08559286087682107,-0.26804369214593743,0.00017932275178799692,0.32159852071024436,40.242137812570995
1205,0.15203513307889546,-0.06327714996928616,-0.25294770308367254,0.01912001351773873,0.28021136461883567,39.652233508112744
1206,0.15158708460855233,-0.10799133919154291,-0.26886502769662424,-0.018868749053983627,0.3483696223231099,38.88058467805192
1207,0.15713624360228626,-0.09833123028935177,-0.3091455052351382,-0.020524582065226366,0.3791575279961574,38.370873984028435
1208,0.1540541290965569,-0.056450792012366934,-0.25579785860446463,0.021216045683779678,0.27444833390520845,39.21152595896559
1209,0.1347195288757683,-0.1708536499376338,-0.34760452181091567,-0.0924124333734113,0.5151193863579422,35.737203335411984
1210,0.14924403524941862,-0.09490051938938296,-0.26323298546569657,-0.007923060749164795,0.330339527604196,37.741186319371174
1211,0.15615072848388367,-0.05608538194863921,-0.25561644632644875,0.023980284376709165,0.27377621861086393,38.96561248231049
1212,0.15754024491358984,-0.08919947712387041,-0.29056300924492684,-0.008886506918767504,0.350197672388217,38.828987455563
1213,0.15488463977899364,-0.08713793204478756,-0.2878237187869189,-0.004079686181560005,0.34538837680978013,39.4793468381871
1214,0.1603503143878517,-0.06547751201710227,-0.2592069288876264,0.015474825595422136,0.2936011308736432,39.8988337621176
1215,0.15784067976809796,-0.038896702245216866,-0.23200410023224524,0.041007880769520985,0.22964402246911905,40.249642847243294
1216,0.15681504884231717,-0.023730241267740558,-0.22860339375568378,0.049365256409741785,0.20978325442039183,40.42710802485472
1217,0.1619055133770995,-0.015320679977958806,-0.26102965342160006,0.04871274232463501,0.24042676658851733,41.51492452080842
1218,0.16288206299305727,0.007317397594275074,-0.2516002498710349,0.06801575218928532,0.20173490058066745,42.87832815094032
1219,0.16820653170140135,-0.011322320851716668,-0.25194010030741165,0.05258863824172555,0.2235302776449832,43.02562499925512
1220,0.15660323988619615,-0.05470901219256704,-0.26896997600549344,0.023291679704288665,0.2832888236189991,41.73590509406277
1221,0.16269020070054022,-0.0635115289097901,-0.27063006406570955,0.015239524730760564,0.2975011444623269,40.564540571825155
1222,0.1574730965835931,-0.11690622264591531,-0.3016329865243531,-0.03369786491225261,0.394795582097339,39.11090109847061
1223,0.16029102708859214,-0.0779650429085253,-0.2486391072141214,0.005221744656519051,0.29363310074857035,39.401062763055634
1224,0.16368131267876584,-0.026255816976557118,-0.23863947619827972,0.048615708591012864,0.21646906250902737,39.766690414330824
1225,0.15434564235305517,-0.08979721767609586,-0.25768114560349537,-0.010361127749550558,0.3187257942388797,39.08143567814729
1226,0.17115488809385185,-0.06808985148747086,-0.3074827214558869,-0.0049294992018981834,0.34770929597436406,41.13841930118991
1227,0.1717429192783708,-0.06972188518442114,-0.3122631637439502,-0.007609528058037133,0.3487324492401148,39.311190717850465
1228,0.14767415405580003,-0.2361785933936162,-0.33003940017272615,-0.15442649161469932,0.5714953068513259,35.15606277235452
1229,0.18053439487638936,0.09988848137920052,-0.39172917513397326,0.14847844262832788,0.21145619893056683,46.31290054220022
1230,0.18109847514273042,0.12245259727683286,-0.3914420232982921,0.16705913119941931,0.18213439630822853,47.04631258222413
1231,0.1806535467703624,0.067562660671798,-0.39305142267653403,0.12103197396429828,0.2654259718186817,44.818693325327835
1232,0.17733378121544993,0.035288896355293566,-0.3933385820896101,0.0945005384708823,0.30113059243004847,43.653991156253916
1233,0.18054217613277637,0.02127528194748171,-0.35239040657500537,0.08503119450965904,0.2794371894237008,44.52648325349207
1234,0.17650035488948165,0.06389953211294128,-0.4059439688289223,0.11220043456207618,0.28959698327727496,43.965233033939555
1235,0.1717841155875736,0.1034935128723428,-0.4055572226475966,0.1458662851644734,0.23515790038234874,44.062839571083174
1236,0.17715588330134074,0.08157090328202271,-0.4220682061225358,0.1245911380193996,0.2903185869343902,43.7381413987887
1237,0.17793690560620165,0.06960065746733297,-0.41544654554302596,0.11428067173587005,0.29686704488617716,42.44554088853999
1238,0.1725957278410684,0.08234324638437386,-0.3961662641700593,0.12826862958430543,0.25294590344884543,41.80306686381912
1239,0.1653365066409246,-0.038626588434135925,-0.38577842805907464,0.0265664596596972,0.39007602161763366,39.15515628236651
1240,0.1791682566012114,0.014095792051116503,-0.3792635143134077,0.07485004844072009,0.31831721920155753,39.51338052333031
1241,0.18522000047326448,0.05025825136813159,-0.36411876885774785,0.10451460954669803,0.2605330080322775,39.64973371442779
1242,0.1780178288123866,0.011925681172796345,-0.3743411698369719,0.06987277132986221,0.3214524608606659,40.167012143994924
1243,0.18414297923269285,0.04297639697984441,-0.342253140483759,0.10135773728911722,0.24708462917313903,40.2067097024585
1244,0.18266593448137702,0.06779087786515776,-0.35350654674553894,0.12119124891897025,0.22490117865063072,40.38866611231291
1245,0.18984047947574173,0.03772039060590362,-0.3665115600925602,0.09530613381324597,0.2690703019316222,41.31695593668868
1246,0.18355527609600814,0.04209296668689091,-0.3611270405318844,0.10089402310100734,0.2661756429956239,41.84379475540412
1247,0.185990169256399,0.03465516736751618,-0.36740909530505705,0.09499268737532855,0.2785260862486254,42.95723744013324
1248,0.18988452822657678,0.06245327522503816,-0.37799344982351324,0.11920483350301275,0.24882731505437433,44.80772890577252
1249,0.19910632790543478,0.0745002723799125,-0.3777995907995253,0.13010015540542497,0.2329971966342889,47.048959772465935
1250,0.1906058557814198,0.022541268702698944,-0.384150827752126,0.08666133213427563,0.29929758414851515,46.29710764936884
1251,0.18466236537400876,0.046927384056485465,-0.38623503463676906,0.10895437233348658,0.2714936781287836,47.15523572911589
1252,0.19358986352517707,0.056876906262928545,-0.38903295543046484,0.12407207792648044,0.25003722393095495,48.30810567048871
1253,0.19863311077896706,0.06098483689300499,-0.3947371294456456,0.11971006949848464,0.26273334885009036,46.90769512923684
1254,0.1913406479600406,0.0481159396459327,-0.3722017980685476,0.10838817118114395,0.25848045066818487,45.635057485855285
1255,0.1857875524197576,-0.009176838341930883,-0.37839877194022464,0.06067129018057723,0.337186147810359,44.306061642242994
1256,0.18453855080788914,-0.015096949713560385,-0.3772950448134932,0.05683002718942634,0.3419007802538975,42.96546021179485
1257,0.18320049929870594,-0.008576983891173914,-0.36358645251443034,0.06550394940084384,0.3187468769502224,42.97925908481313
1258,0.17286279844752886,-0.06530365963940696,-0.3566032529534876,0.019381200642547333,0.3820708124770476,40.185348558520616
1259,0.16657505388886562,-0.07847101968483594,-0.37349591635109836,0.0009228558387124495,0.41868697345739997,39.45782207900808
1260,0.15881116721086136,-0.21028220604771308,-0.3733991074639106,-0.1263721104620779,0.5553657073585948,36.36815498880664
1261,0.16333002744877703,-0.07632951534250965,-0.35943563412987606,0.005847816253957579,0.40021019888157366,39.42355885189671
1262,0.15944182240945126,-0.12148783636843109,-0.38231779686612133,-0.036471931329233695,0.47503743781323676,38.3071655523873
1263,0.1649406189081057,-0.11086658329270037,-0.3833695317858282,-0.02487670381078425,0.45682921327606657,37.864773955168275
1264,0.16945888793554373,-0.09646811964854797,-0.37276009934445,-0.011649144523014195,0.4371097756030504,38.26448583395457
1265,0.16593151389848365,-0.05142168482277799,-0.3319821424302837,0.032752707216077474,0.3442284420680243,39.64207024252348
1266,0.18696087511227946,-0.02049229202626613,-0.34846901765146643,0.054431009833599525,0.3205922288168274,40.198056434221456
1267,0.19289782722976728,-0.045448843993969534,-0.3365962880531024,0.039858333714225834,0.3244324699196848,40.26760530749986
1268,0.17542829325525663,-0.0675351762034809,-0.34333391627729004,0.017893016623154193,0.3658717246084848,40.17900705672427
1269,0.17544114182498294,-0.008798817259128634,-0.3020543938894617,0.0718214909642292,0.2574773162504583,42.331204714595415
1270,0.15499484798652124,-0.054881631899643214,-0.20676265257390367,0.048441627129667576,0.2381546496479583,40.21765422979806
1271,0.16938300068414744,0.004643869265208359,-0.29141270903895516,0.08225101547722787,0.2337292370364615,43.76678769114358
1272,0.16377144532008475,-0.07231044597262773,-0.35801468770901407,0.002131811192246499,0.4038336556127959,40.770482207752664
1273,0.16546447548096935,-0.08294319278907338,-0.3707733157165848,-0.006992270160980268,0.42578944082697434,40.36853508939562
1274,0.16766735277944447,-0.05336765635384144,-0.36085749395915107,0.024534018149327277,0.3774290638738248,41.96078037068533
1275,0.16141542336621886,-0.037153962112255565,-0.3759748275761801,0.032672842061656444,0.38018307088906156,42.37960726287822
1276,0.16068416635353308,-0.010159420869067235,-0.37445319652660464,0.05348401744770674,0.3552230059608086,43.34422648763536
1277,0.1625661984388415,0.01537876058070391,-0.37138256349089094,0.07735337389021278,0.3251660651222366,44.746990881149046
1278,0.14712148562788435,-0.0012875432570300153,-0.35998811611801446,0.06299778530017844,0.33710137868048423,45.361463458819635
1279,0.14787740166288163,0.016088059621127134,-0.34099556354099425,0.08358305697863466,0.29102242573581794,45.834226789545546
1280,0.15050577081843675,0.015771319784609186,-0.30360401261787856,0.08890606253751228,0.24657906207819716,45.34521836320927
1281,0.1651511358729698,0.010123376566876523,-0.32201742704128306,0.08257354541037391,0.27102398116076487,45.036922546371336
1282,0.17710381597989858,0.02091575629504332,-0.2982060319856156,0.09681380512930426,0.223743780994589,44.58890128010237
1283,0.17751862652326786,0.014156631649322628,-0.3215058300863086,0.08856680570791477,0.25268201977976645,43.85389747542374
1284,0.15892033907486533,-0.005827886815352324,-0.29607924256066515,0.07710337888209384,0.24626858938471946,42.52364600670022
1285,0.15819049684751824,0.002613531880881591,-0.23969797314437857,0.09425441766413101,0.17708965767220888,42.00163291839567
1286,0.1602830593120523,-0.006338850543726336,-0.23525354003135654,0.0873554021027595,0.18079640193149246,41.868832279192546
1287,0.1616202751263941,-0.0015650727828723176,-0.25474792108096894,0.08556136548045896,0.19903168339594854,42.172704849886436
1288,0.14417803646573926,-0.16159308721774063,-0.39853499242384527,-0.08290895081063215,0.5415305094226285,38.31146163336204
1289,0.12871192410333918,-0.1697090819489903,-0.40000016546986705,-0.09716201572310575,0.5681128106526268,37.27084714710919
1290,0.14003823537552249,-0.18681881222887212,-0.37532725292279184,-0.1024669251504687,0.548146418052276,36.98381260255999
1291,0.15707591740174065,-0.11580936955891707,-0.3687451518356931,-0.0332129575054042,0.44970314122441984,38.27212757839485
1292,0.14055122534337963,-0.10257521661304296,-0.386402625940919,-0.03466345798432902,0.4789406125681304,38.66027778159293
1293,0.14764903502594795,-0.10749479217620143,-0.3078456964777573,-0.018443757222146022,0.385431318151954,39.479612050315716
1294,0.13823322265198437,-0.16148380948043112,-0.387638006672921,-0.08880628622105109,0.5447856098807604,36.148841848517655
1295,0.13354373636964872,-0.16607748381064266,-0.3916048148900611,-0.09299918592666688,0.5518563434883277,37.58696186075441
1296,0.13276884674753525,-0.16564016565116899,-0.4113270864398397,-0.10090246439967789,0.5830837451307269,36.60348781943724
1297,0.13107188120741,-0.1698026325596174,-0.37713012055970374,-0.094290272323166,0.5443673841785531,36.399667028312976
1298,0.14004462237683446,-0.16692560733090983,-0.3538790277926477,-0.08757220015378747,0.5128297426001928,36.247891483673705
1299,0.14981963005393478,-0.11278734917635282,-0.2970250067101312,-0.0277370577322684,0.3828842628187528,38.5753461452881
1300,0.15990074078741337,-0.12427247635877621,-0.32454534693078735,-0.04379951958275454,0.4272925561931808,38.40435601139337
1301,0.14893555713444223,-0.16807180891009643,-0.33700610512379275,-0.0840589386132747,0.4882155678705088,37.75601078885566
1302,0.14468700518465802,-0.18506714302554983,-0.3465762653945339,-0.09844717105060745,0.5177483028073239,37.53710022785298
1303,0.15385707401751691,-0.13121775270070302,-0.3020637288812786,-0.04557204569841522,0.4145718786418441,38.95375178130544
1304,0.14914500042716639,-0.1176610686533199,-0.29080656684496164,-0.031788524586515376,0.38536381635885864,39.52641681686705
1305,0.14296388389368575,-0.12139747381561031,-0.2811929946090466,-0.03191722288767289,0.38032199259497035,39.564688306142095
1306,0.148723815482013,-0.12285685552551247,-0.2780201803518979,-0.033098519477910905,0.38197685354880556,38.67370114079126
1307,0.14388163797493148,-0.13177748637615733,-0.295690984382951,-0.04852544077828302,0.406102491392888,38.0156615352021
1308,0.14279943752368907,-0.12846352066555203,-0.28535699103591744,-0.04052340854818417,0.39049115692394704,38.25805076829107
1309,0.1414403781761868,-0.12375941426609745,-0.2883908267188186,-0.040346077741748074,0.39113892882975204,38.257318415888335
1310,0.1272060184119059,-0.14733178941186825,-0.3080389327518063,-0.06725599582874583,0.4515144394867638,37.30521812392825
1311,0.1336453971694244,-0.12827228224239598,-0.2956603579722882,-0.04798915184891512,0.4189685357517872,36.6863004665268
1312,0.1487968875888511,-0.09071938828417972,-0.2660241105304841,-0.00548136377378152,0.32912626921304183,38.40662985732539
1313,0.15210568934945468,-0.06692629695213269,-0.26714934422577735,0.011925303515705463,0.3018669062141093,39.44628436201188
1314,0.152328640717285,-0.058369422206341816,-0.2567247717454624,0.022761533329036177,0.27891130936112407,40.58197810109643
1315,0.16093064620285166,-0.06210792662497354,-0.2690310816880421,0.014405154802335115,0.29662474530938737,40.56016307301705
1316,0.16107862843228368,-0.09558373626748154,-0.2840910489495317,-0.015314823459723145,0.35288981697406285,39.266706620482545
1317,0.15027781566396833,-0.14115682598335172,-0.3183190947583544,-0.060399300345684796,0.44182775130198565,37.95258256125821
1318,0.16412884720834717,-0.15199989877859207,-0.3691420551791503,-0.0808556785191233,0.5108520451921649,36.693947303409566
1319,0.1821155727181894,-0.01986641452448594,-0.3011678382853713,0.04332594293195568,0.2786755390336435,41.14649140270622
1320,0.15526278385466016,-0.0651138476818149,-0.27656723663261334,0.009681768700827856,0.3072803001368621,41.2892370474942
1321,0.15678848760104738,-0.1551305783856993,-0.320077275984936,-0.07565149422765198,0.45809554760756277,39.1207047189672
1322,0.15905032264350535,-0.09544974781326211,-0.3531968363894763,-0.029604343406673447,0.43116182430394906,39.06255489495941
1323,0.16825421278720643,-0.08751829241054929,-0.2995902832605939,-0.009541893583150052,0.3596992086981636,39.899427414548406
1324,0.1596562366244177,-0.07833608664519483,-0.26342838375230304,0.004562828694835987,0.308383432342373,40.04910598520395
1325,0.16330343962747076,-0.033411896147974865,-0.24458003124151914,0.0393946526622182,0.23393244377383424,40.67171580071361
1326,0.16892701014709746,-0.01329536660410258,-0.23989511914680253,0.05265556523234129,0.21186588675475682,41.33246956381711
1327,0.15920594663633975,-0.07149011877223904,-0.2788004043276706,0.0006276937702984886,0.32336605565022997,38.949767415367255
1328,0.16002994899001302,-0.19515384229889982,-0.30999699757127236,-0.11171605361127306,0.49736610565017025,35.938746847585364
1329,0.18427718000717377,0.08971302550514858,-0.3762252674684907,0.14048606527781868,0.21247610385953541,45.955508524742314
1330,0.1832051276738601,0.08194773406008632,-0.37978908635620007,0.13393927989326687,0.22688678042217858,45.66348433270524
1331,0.1948049861788652,0.10652607088601486,-0.3939378838052491,0.15629116975048052,0.20388546000486565,47.38697421003569
1332,0.1972740175176407,0.09742914250014932,-0.39184027860200943,0.14935633975610055,0.21010246631903964,48.42926856426328
1333,0.19394305708496662,0.08679936434564332,-0.3941059978194668,0.14017010368091287,0.22966871576719855,48.04141987482605
1334,0.18553696894118676,0.08789494491261735,-0.3903217885341445,0.13956484108921233,0.23330737290699247,46.49134720554155
1335,0.17184163451111328,0.08992584080087941,-0.4026860719020551,0.13719274618461733,0.24809769543170948,43.641246128017734
1336,0.16938825227201618,0.07532742487980444,-0.39412310539369244,0.12182767146904724,0.26646713461196336,43.46135732184051
1337,0.17443399299089038,0.10226474585213274,-0.40663538194542875,0.14410893582226433,0.24126230699692489,43.78656425341775
1338,0.17544520572635716,0.082747131206184,-0.4103624560368989,0.12775477205228336,0.2719976652492465,43.42784533398165
1339,0.17857777917987383,0.03644058247803488,-0.39608545003203377,0.08655768651803099,0.3107873102625274,41.69492317352035
1340,0.17565280654538482,0.06644555963808618,-0.37479010336205076,0.11414068249217102,0.25921912453444107,41.01963869975131
1341,0.18919297290676992,0.05923841430394215,-0.35982074015756604,0.10965048933014486,0.24449024650652074,41.537399017035526
1342,0.18700636250997177,0.08465427964287382,-0.371677892709476,0.12981985045846864,0.2282686212061551,41.42729593242438
1343,0.18594735515327177,0.07877577448008022,-0.36302039839439,0.12766978290275754,0.22732428029496576,41.13599726405818
1344,0.18221759236805646,0.039590310557227,-0.36661763995047797,0.09436007519521848,0.28134754501160825,41.36826606865791
1345,0.18608397893816472,0.0558951096224163,-0.3569003391884571,0.11142744519266903,0.24432123725577018,42.28460092013694
1346,0.1917656086690782,0.07958192402161325,-0.3533761777810752,0.12973939919429922,0.2110530700037077,42.98136227958789
1347,0.18542834997590382,0.04994361645351872,-0.37088401362433676,0.10403105910808016,0.2648917021135122,43.539860658997185
1348,0.19797814759434007,0.09776160739274742,-0.3642911124818962,0.14662616428340633,0.19313215224102734,45.62135232233702
1349,0.19599171443012645,0.09771049711282827,-0.37895123254103463,0.14443586866388708,0.21154304491305007,46.42359279734541
1350,0.18890977412468274,0.0954401949961889,-0.3885433862711917,0.14082815388659592,0.2265960017162234,46.01632212964037
1351,0.17917954060912536,0.02400574509330471,-0.3380315062650256,0.08855493015743689,0.26217819303872886,45.11490311283759
1352,0.1841378446727836,0.0035271604177344877,-0.3746309011728775,0.07392076794655777,0.3124294204254812,45.04899709720564
1353,0.18748747762357512,0.045575933050794284,-0.38474250972692553,0.109962012137258,0.2674004337910206,47.949956708422334
1354,0.19239162952499783,0.029104914589872258,-0.3856434428466126,0.09489636394289257,0.29158570228630765,46.59441487921009
1355,0.19307340203724144,0.04312120117842532,-0.3808624900976878,0.10431477800400948,0.2737979574144118,46.182640973964986
1356,0.1843617624506889,-0.008502180791166769,-0.3713472527775391,0.063634912428985,0.326881384003288,44.520895963815484
1357,0.1756417521858482,-0.024663282234619107,-0.3333903469315677,0.05227366858551219,0.3123109781235966,43.191956460006985
1358,0.17424524737664523,-0.013593501069632346,-0.3208184740750963,0.06264512247728383,0.28571645802953527,42.86501691938787
1359,0.17356769712244718,-0.07479945759117067,-0.37082201375363877,0.006589892046229816,0.4039712385463018,41.444856137316464
1360,0.17591410749774256,-0.05858915574167505,-0.3896510758770775,0.01722678591479862,0.4016960190230078,40.1215287776092
1361,0.1743957709093428,-0.10084864255021124,-0.4037757960825645,-0.0252350273801812,0.48079882107084476,40.48531479944242
1362,0.16127075708299757,-0.14451773229423823,-0.3858818058059028,-0.06403586399522529,0.5078387817779748,38.81689732673162
1363,0.1230637736984361,-0.22713687561331056,-0.3407318582748932,-0.1328432383564016,0.5640673910043824,35.52498763971857
1364,0.13637142110284434,-0.16409767133905448,-0.38804013628311507,-0.08140532335834363,0.5344030044577369,38.268681260126556
1365,0.16597824858973118,-0.05619789820521689,-0.3756677866661018,0.021594526921199918,0.38918193853837113,39.26969908001041
1366,0.18989069505447786,0.013959969708529174,-0.343549768584592,0.08133352570832018,0.27736197270379465,41.216661991396116
1367,0.20062578376922105,0.03381787089532118,-0.26990165568914304,0.10190735598409746,0.18260744450928915,43.252823921640484
1368,0.20639332352889184,0.026109670884470124,-0.3194286654803037,0.09060805074241134,0.2414464255839682,42.35909083482654
1369,0.20015400369870906,0.0523776915751321,-0.34702677819611966,0.12344401609181659,0.21343573236163155,41.64745444468812
1370,0.19210711589012464,0.0026872201935113694,-0.31247833007628445,0.08070075921579076,0.24705119822087773,41.60729387184476
1371,0.18429222096563302,-0.027871329111694845,-0.3151007783668064,0.0528032533801959,0.29308268493117673,40.96945441673839
1372,0.17480131689618755,-0.09384328743735927,-0.348219150271527,-0.0053865134965506,0.40551779949751404,39.45397240775663
1373,0.19416217625048637,0.019403321339102438,-0.3149480948018157,0.09915065096902437,0.2192030070330159,42.619558056558276
1374,0.17515967737999985,0.02032930262193002,-0.3456594675499381,0.08753093046424403,0.27277817267104987,44.42348263423667
1375,0.1803705596596116,0.04700971951983029,-0.3291940307193567,0.10638404701777002,0.23418860280687537,45.6794531811927
1376,0.1555536314944249,0.04379742929776196,-0.33724290496617,0.10423120973966374,0.2517017942855849,47.02153908575903
1377,0.15062927416997454,0.03669138033127622,-0.3265388073834912,0.09905823928370593,0.24942003175541427,46.713529253109215
1378,0.15734060640216743,0.026043879914029712,-0.34556337283843247,0.08921145568947432,0.2801311118310186,46.66239642005766
1379,0.15628447102650117,0.0178079049533143,-0.3168708518145894,0.0877588940130039,0.2568274112568036,47.13041093796018
1380,0.15284768989587044,0.01717196980096191,-0.32548957978713317,0.08614343331969271,0.2691842810879176,46.847601042540084
1381,0.15287359930218167,0.02389063808660348,-0.29377538725664104,0.09612414545878879,0.22472491475591663,46.448366726587466
1382,0.16268658371499206,0.02206416044440513,-0.28723889226724875,0.09669356274072281,0.21492488835168833,45.36439518348219
1383,0.15517011098271036,0.012261561627119036,-0.29424773409184146,0.08094065472945129,0.2431479457393375,44.58276745803237
1384,0.17012338411577255,-0.006406923784975998,-0.312677150679939,0.06945400135406829,0.26323685892408044,43.523417961570466
1385,0.16966827251641758,-0.011789334154362535,-0.29732167355543504,0.07275042430428286,0.2501751035680879,43.84395726421451
1386,0.1635394870858433,-0.06859969870648151,-0.37768688422798813,0.012571519915157458,0.40144277610063434,41.59197466501138
1387,0.17085891839114933,-0.017451815950427135,-0.31510975639996763,0.06598714778701652,0.27450925914715735,42.16484911856709
1388,0.15251162680719055,0.009867162593212755,-0.24517732067949866,0.09489714717830997,0.1799459703378708,42.57313823566619
1389,0.16515510197829755,0.01029887093403199,-0.24181671303319577,0.09629075837158059,0.17056398182434448,42.09104160111924
1390,0.16108919284544915,-0.11474319477862005,-0.353081834847307,-0.031751305309066176,0.427729586744148,39.51593165628824
1391,0.14746921394848705,-0.18445320500108164,-0.40594239045275643,-0.10824195237939194,0.5659647204899841,37.34197537602263
1392,0.1289283647008966,-0.16473675306377825,-0.4078664574755396,-0.09464928792072744,0.5758821590995756,36.77548041090379
1393,0.14698902548977252,-0.06945328832600788,-0.3976281904390161,-0.00216219048103824,0.44653093570302754,38.947962577577194
1394,0.13767256833212674,-0.09540419482280416,-0.43259456125564194,-0.037866181546581994,0.523590857619224,37.79648747250216
1395,0.14667836914325078,-0.11078712215644582,-0.3891223517622078,-0.0424661746607998,0.48709197564326173,38.35083467587086
1396,0.1359586227965633,-0.18348037539838577,-0.37591331275987777,-0.10470645716845593,0.5535040579837176,36.79388155716361
1397,0.13711351904507743,-0.1848242959849119,-0.3717191866892779,-0.10364738751411905,0.5497130028705266,36.93091392974821
1398,0.13897726546535447,-0.1528007068969646,-0.408819165150608,-0.08413869506359307,0.5537354781299488,36.52706688852751
1399,0.13887293610800375,-0.16044423685970102,-0.41037822106617133,-0.09543064777908185,0.5727566845988582,35.93685975755635
1400,0.1438632995988237,-0.13606624503823125,-0.3388552001612729,-0.05536110387971242,0.45821893249024515,38.077301255643
1401,0.15402746454693206,-0.13894991281519029,-0.3463828255710411,-0.05784764288564504,0.46661760679945874,38.25067189134908
1402,0.1558480422614312,-0.11500053311156634,-0.33188850586363816,-0.038343555057932924,0.4286473446052116,38.79564729217502
1403,0.14870298759837866,-0.1581500284933462,-0.33643514372271466,-0.07947140036272249,0.4885091334012581,37.74179072969207
1404,0.1443383396123499,-0.14659413864277449,-0.30384440851371375,-0.0583074706363181,0.4325292337736253,38.369530847065704
1405,0.14091192025617527,-0.1470877508126933,-0.2828875697348458,-0.05279761197198572,0.41343519932282885,39.051600357189855
1406,0.1507698029879866,-0.14528905021216063,-0.300098622506497,-0.05591869615769951,0.42381762203982026,39.05569957751892
1407,0.148504707017601,-0.13669406739810608,-0.2905784882013899,-0.04974770901530267,0.4094482781193977,38.727582023188305
1408,0.14924586501671203,-0.14797157261647123,-0.3134273168319252,-0.0671481251287564,0.4464382480810744,37.9384172479924
1409,0.134896982326023,-0.2078225335181529,-0.35177387785330944,-0.12973081144727794,0.5641529605784954,35.15255636242031
1410,0.13078530185095238,-0.2085499566553561,-0.3621451083768205,-0.13591498692090492,0.5843948920732833,34.52512890903888
1411,0.1376262401691283,-0.16173538235771384,-0.31763379301739825,-0.08023430008798671,0.46847255926002784,36.854591021765685
1412,0.1373633714051585,-0.1431638227634358,-0.31811707259680594,-0.07007808281460906,0.45962831254966313,36.166851645619865
1413,0.13357348536478916,-0.1351524181770061,-0.3103983294679864,-0.06086122297616114,0.4436139159387978,35.31244108130129
1414,0.14609888083472378,-0.1175727546106519,-0.28573846571033135,-0.034887450040515564,0.3824522291710089,37.2439689670385
1415,0.14869200969351154,-0.08801191779356242,-0.2739474031793362,-0.005501498046663943,0.3358010532425131,38.79969193995318
1416,0.14684704943853313,-0.06302457053149185,-0.24819224141292823,0.018044095427344302,0.2738138562161271,40.75773992080168
1417,0.15107664107508717,-0.07447577413475745,-0.2632213978326154,0.006872172619068133,0.3062585009992608,40.119209487570224
1418,0.15701818999474904,-0.14127448688020458,-0.32750765455942965,-0.06528144199779565,0.4533024984605848,37.95032559104225
1419,0.15272550114534073,-0.15264814694543985,-0.34050507198577,-0.07956999713157463,0.4882776030522401,37.75724280109171
1420,0.15723643699930617,-0.12111102472615622,-0.32743760803554206,-0.050949296956057724,0.4386987690067268,38.430576983061506
1421,0.16840576879902003,-0.053146951323868694,-0.2619442197996743,0.022636767685674353,0.2770822278715273,39.544397120490686
1422,0.14223140058054104,-0.12571657538576814,-0.2633864525638916,-0.03765384821079159,0.3701087639960964,37.89046267817672
1423,0.1322166502306715,-0.19431752010519063,-0.3209271712338998,-0.11007518554548278,0.5160409652713622,36.932195601343345
1424,0.15558094284548477,-0.11808369920492821,-0.33977994180667176,-0.04720349518182158,0.43854358451183983,38.12072804102778
1425,0.17426297004806313,-0.030148677110774996,-0.24629818226733785,0.04078359471957902,0.23391513901390265,40.54973043608899
1426,0.15875099441959975,-0.05029085541341148,-0.25242275223985444,0.024496010325268526,0.2679237458482954,39.656465457622375
1427,0.16379278644123066,0.012940609447814503,-0.1906662261427082,0.0791552872349787,0.12521190763546966,41.2595336531082
1428,0.1721304420012589,-0.08134178171434998,-0.2660695979839973,-0.007335458713719587,0.3135822703979229,40.03851001998735
1429,0.15730119281242266,-0.21867784405779084,-0.2477097310392495,-0.12567041550639324,0.4459131990882706,37.148114597104744
1430,0.19430019778296828,0.09799395939625999,-0.37261899143308386,0.1481400714845314,0.20183591105096646,47.05537962222604
1431,0.1957653434284914,0.09663382024785401,-0.3878192019212626,0.14801397652778234,0.21492596199444355,46.97963280000254
1432,0.190118266229685,0.10868579575094109,-0.3755983929069636,0.15310310101978616,0.1994711433389005,47.2088234893287
1433,0.18822425398963427,0.06343183944683062,-0.37950414375749786,0.1207414766879097,0.24616553814938658,48.00368981141946
1434,0.19084897597700753,0.048285228131804254,-0.39044499484971296,0.11360778460301492,0.26531522420922227,46.492394322107735
1435,0.1921998523363863,0.0523431931383232,-0.3804622138795976,0.11214643943050287,0.25951848454327087,47.207157311259735
1436,0.19267045785135228,0.0755632500308876,-0.3834657606352359,0.12872404175682328,0.2365393549477053,47.825973203196746
1437,0.1895764419663038,0.11003355775588719,-0.3906892091576847,0.15246038448110297,0.2063715971750827,47.21698158281552
1438,0.17141288704289723,0.10052199529014992,-0.4091451887816019,0.14289061479472978,0.24022710538922587,44.0934531064962
1439,0.1746208824077421,0.06764649867979342,-0.40279013701503874,0.11748267302208333,0.2791326522679957,42.81850285051898
1440,0.17659931775975166,0.07396115366996563,-0.39678962375890253,0.1206824007036819,0.2685402954488152,42.80313421079309
1441,0.1728654940155491,0.024717609814259515,-0.3153143484082664,0.08856475229996023,0.24261352095593872,43.6585978678801
1442,0.18177449323279207,0.05255217347848655,-0.38087752835181654,0.10269243115141653,0.27962574443190547,42.91389700757901
1443,0.17530491863862685,0.03280702023088514,-0.3535483069945746,0.0900852261649953,0.273375551192057,42.79020233728628
1444,0.1897907749392571,0.09295117509126721,-0.3725982497148653,0.13374385352209853,0.2223817157271899,44.098068015745746
1445,0.19706016648169114,0.09301278450295056,-0.3706421106439992,0.13480778333925875,0.21697262878714174,43.57353939687998
1446,0.1873709720405313,0.07069265878394394,-0.3672136259719627,0.12061981416648955,0.24290095215925622,42.37501637710346
1447,0.1864073532175039,0.02649810801344537,-0.36978566237361066,0.08413199118835342,0.2941030779443578,42.91531221798574
1448,0.18628509896371484,0.05752599938565307,-0.3573004128787899,0.11154872960964511,0.2452601741653919,43.882825922971755
1449,0.19158385746980608,0.09617552676757202,-0.3674057131651231,0.142507623073242,0.2035413847496459,43.93896757222594
1450,0.18730062925564825,0.05420198730191449,-0.3558199752991329,0.11062020650243107,0.24443451400255722,44.36012660223349
1451,0.187207477180459,0.05730610998834081,-0.37717917867110207,0.11112869219085789,0.2634585776753379,44.99400455288699
1452,0.1966622482762267,0.09218890191805583,-0.37851346801983227,0.14190373399843575,0.21649934740712073,46.25164893050667
1453,0.2022376087544216,0.09478613649298058,-0.37170145450239156,0.14511101182817432,0.20497323269953296,45.70369502383888
1454,0.18555241524412336,0.04950480419436058,-0.3886340264175647,0.10318208886694819,0.28106090947542867,45.39646245625425
1455,0.18945529362908095,0.05726750231774988,-0.37956548253416406,0.11565496720334018,0.2555087921070392,46.93135480642481
1456,0.19371829920701142,0.05591663439748979,-0.3842623409155178,0.11702539797689382,0.2538761651222158,47.14872273636683
1457,0.1762256642252769,-0.0020137708692157196,-0.3938264844709989,0.06516769103140672,0.3460495157094895,45.04368927499604
1458,0.1870228520816965,0.03814521248126867,-0.38323487925652816,0.09786904461530016,0.2888923657450568,46.26956124899977
1459,0.18149281786944318,-0.043715806295489594,-0.37196069316106867,0.032252735133772005,0.37249706736276295,42.73247521075716
1460,0.17896520468555732,-0.03443730436798542,-0.3713686524804598,0.03997939874406272,0.3594881714789921,42.810199326331286
1461,0.17527068477702673,-0.06681070183095428,-0.3906130378134135,0.009566390817500265,0.40988817293772956,41.91902053608431
1462,0.17069186764607375,-0.03371130377333872,-0.40061963938577205,0.031802988298475665,0.3945094530013358,42.50407709906048
1463,0.1866471812894349,0.03746189514788314,-0.38230309902705306,0.10025319102778418,0.27731370752143547,43.29309816439306
1464,0.17848907591602034,-0.03735446783696364,-0.40738231415467857,0.028930161078206115,0.4114538918374911,41.70890019408204
1465,0.1703093597408414,-0.08840403470824078,-0.3619999934472479,-0.005942354503105382,0.4252689891618319,41.716427008339245
1466,0.14816257509591677,-0.10057134021220308,-0.34578908858988305,-0.01436311146296999,0.4221680981507455,38.991551555035656
1467,0.12780052493896296,-0.19530924086595342,-0.34091374651717005,-0.10527325769223136,0.5270338550612986,37.22468337350819
1468,0.16404031729341784,-0.03991803643192025,-0.3880273140859438,0.031971310652004425,0.39111212355299807,39.56788780736204
1469,0.17445037685347228,-0.0018895384110834922,-0.38364789443794467,0.06543574102858117,0.34156041863604064,40.308187723545466
1470,0.17597902362492654,-0.014600418456477816,-0.34791698939520627,0.059905672175327364,0.3135964554454374,40.95336235053652
1471,0.18071731922748957,-0.05857600171843949,-0.356123845482899,0.026449371921828287,0.36286676185945244,40.11933204367625
1472,0.21023545900815088,0.03876907609790754,-0.3066081255275558,0.11601267373104589,0.18841780330590963,42.03810997268001
1473,0.2174896991173723,0.045349158070150955,-0.3008020774520329,0.12047143937878213,0.1777941142297451,41.88228780616924
1474,0.21062630165799678,0.01359804430959249,-0.3138074859707893,0.09294252766841977,0.23106520815495085,41.688661036614356
1475,0.19209713402040673,0.0027408744439525955,-0.316505700565174,0.08142253309122441,0.2507040892390602,41.87623592913479
1476,0.16931964504100847,-0.04247020793003789,-0.34796625778441864,0.036407689546202354,0.3465351091051529,40.90805684373335
1477,0.19351850290565,0.023227930017631772,-0.32369578714705555,0.10022288744022988,0.22789342763820442,42.58468178624537
1478,0.1788962430251818,0.03826796269947119,-0.3171819388171377,0.10346143877598131,0.2274563645035615,46.394026703257545
1479,0.16263461781692237,0.02574384429287352,-0.2921670303092419,0.09763586936943451,0.2182395550055949,47.007952330025134
1480,0.14572698015595398,0.03677223910897898,-0.2801428613921986,0.10795355127908167,0.19648277144801246,48.06254273878567
1481,0.16861670828734798,0.042239256178605376,-0.23907251133904767,0.11276130849806953,0.14661532735998767,47.70973444291762
1482,0.18703966640138298,0.04938277693837175,-0.201128298070139,0.1211690485186182,0.09575930768354815,47.15905203759885
1483,0.19200850105446868,0.03957135338272995,-0.2097567892134868,0.11186496179340985,0.11686510675566011,46.17774598853887
1484,0.17583464330598186,-0.034828219870886794,-0.3239350079795864,0.0417778519197971,0.3198245593018547,43.626819580701884
1485,0.18230635564166278,-0.0328481273759432,-0.30436705952719617,0.047875264029152785,0.290297585834351,42.21929645775354
1486,0.1582434327299072,-0.08447442307955293,-0.3079581835931518,0.008075924710023686,0.35952470711107876,41.68288958872351
1487,0.16147565769132013,-0.06427565093544163,-0.3078435679675905,0.02247638578115744,0.3357820570568983,41.96608399648102
1488,0.18120675032191363,0.006617607871552515,-0.2519416684669266,0.0925650406393576,0.1790327306137179,44.24949162014793
1489,0.16595854642495073,-0.025946841011096695,-0.31870985712743677,0.05808325596838466,0.29153648450076963,42.46579050187389
1490,0.157043166903353,0.0018186882482191225,-0.2503572228969157,0.09161344922887657,0.18636504668241644,42.21139378822529
1491,0.18229703512477846,0.03432071778351991,-0.29933796096814913,0.11831704153925238,0.1769954168615098,41.921554313129725
1492,0.16662829806366974,0.011677412681775454,-0.2677643962379789,0.09738106309649322,0.18907317851040525,42.11330959775813
1493,0.15641549395199808,-0.08543181057901038,-0.3207176086242128,0.005450952117527631,0.3627314540281046,40.3034895865739
1494,0.1576705639751389,-0.07447696963107066,-0.3898300943525143,0.0018614055162242376,0.4240980829307016,40.17042193696707
1495,0.14389437269690575,-0.1065334678505715,-0.39866354198395837,-0.035807802509538716,0.4886903565946115,38.42996212731139
1496,0.12849407730288712,-0.11040626804093334,-0.4207699470218417,-0.0512426378718777,0.5396706560747271,36.94107578524815
1497,0.14285477185677117,-0.12026054452138278,-0.40641588487894975,-0.05287376255284167,0.5112214860836491,38.1094454390039
1498,0.15428331702074266,-0.12952369521871068,-0.41493493763190054,-0.0625979194384136,0.5266168399719497,37.09202877651587
1499,0.13974864118874916,-0.1658912851078179,-0.40093202545663875,-0.09424547224117437,0.5608291029731438,36.39874603225804
1500,0.13279300439608224,-0.1822634988670165,-0.37174980021401194,-0.10258207057947616,0.5515867006760502,36.75175767446197
1501,0.14465170841973124,-0.13987407893259374,-0.34978857154863713,-0.06028565148518306,0.4721978880833094,37.44025392153556
1502,0.15241021981006522,-0.14733695330142696,-0.33074156407114175,-0.06096641826758066,0.45712625577124677,37.656774255516204
1503,0.14835946966553668,-0.11922216199573886,-0.3236099136936073,-0.03783903421005817,0.424774154745423,39.26768097762389
1504,0.14546325432754403,-0.12762464447632008,-0.32603583863699154,-0.04497947415567541,0.4389087063062942,38.7214916310207
1505,0.13055610833938985,-0.217519547181324,-0.38501448785006925,-0.1442107655748864,0.6099897824673518,35.54962652690379
1506,0.13039929344295262,-0.22503567115269618,-0.3837195424021792,-0.1511050869217812,0.6148781599608818,35.01408481556619
1507,0.1338369703957761,-0.1870125592367771,-0.35159821649513023,-0.10809574310448888,0.5370968793178619,36.53461244640092
1508,0.1492622309023624,-0.1181316069573462,-0.28336780915187815,-0.02928198706772711,0.3767593316698485,39.17020146880251
1509,0.1499303465808265,-0.1201510371492046,-0.2838759343644853,-0.034248492440607334,0.37972823416706897,39.380113110881965
1510,0.1483238775258947,-0.14268503448101713,-0.29925705619164844,-0.058865156434202044,0.42476693304825947,38.92435344240312
1511,0.15395675764909159,-0.1547482392144027,-0.3241043848395846,-0.07508499873757052,0.4588172286457263,38.50358284459068
1512,0.16587988130331446,-0.1566880715603552,-0.39105771181230536,-0.09036427181586466,0.5420639981159048,36.61332877788263
1513,0.12082750738429511,-0.18540862709504946,-0.38155691435208994,-0.12175441278897917,0.5940608597933946,33.82632373886582
1514,0.13370630409901643,-0.17562651027406828,-0.3258768419910033,-0.09807530883923508,0.5010082527139166,35.94791434648014
1515,0.15179916545443045,-0.057432670829156714,-0.23263511416800559,0.024625395418220036,0.25325319092290516,39.61660679458383
1516,0.15576449124855848,-0.05236605545207949,-0.2532920173887528,0.023186551193428592,0.2703243551214925,39.35836225151842
1517,0.15083653178470402,-0.0625326797720201,-0.2458968863068204,0.017878706537127226,0.2733286805848014,38.331449656193215
1518,0.14802410326405496,-0.1146885293818241,-0.31959977364349157,-0.037975673819641176,0.4167381162298455,37.722012535314086
1519,0.15511981973869007,-0.07815417893389923,-0.30263703933230857,-0.0054625583880755745,0.35314257041061237,39.19924380329598
1520,0.1601814023072907,-0.09860951469921918,-0.32263277725698486,-0.025815835984486984,0.40057650433274844,39.89762086822614
1521,0.1697930984035021,-0.08788678636555503,-0.32533752931818277,-0.01903346856371639,0.38756445702536196,38.549164651829145
1522,0.15274024141699477,-0.1403035758330213,-0.32267047679124816,-0.06414012472634587,0.447091267367908,38.65663390254157
1523,0.15560779211793443,-0.12735578207003062,-0.3041578199999511,-0.04911483791301745,0.41456259522844985,38.85089895487468
1524,0.1538439724779002,-0.12912445431763406,-0.3267794836680383,-0.05089885537646451,0.4399048547842135,38.221665978848065
1525,0.15799621206868522,-0.11238926798253,-0.3023319685996155,-0.035195235777585765,0.39036299862937274,37.34611870245233
1526,0.19141067159015693,0.007057067195490482,-0.2677523464058317,0.0730055283957601,0.20353388477299536,39.95896210290767
1527,0.19999303010293212,0.00934844022965929,-0.2866917808348465,0.07137474250491975,0.22164458976132873,40.575981146330854
1528,0.1666594126518245,-0.03042529816705609,-0.2569584624568113,0.04088685360245342,0.24253807735671568,40.25826534723435
1529,0.16499211863491917,-0.007082182270978891,-0.24162261482093442,0.05675274214996873,0.20420004281232815,40.28184745956319
1530,0.13116582975932525,-0.12161752487721747,-0.12862613999588557,-0.01919019657946805,0.2462727802966092,37.12012068962472
1531,0.19671425780747614,0.04386285057804933,-0.3548892493177275,0.10936245613803218,0.24866158605597846,44.523217624867804
1532,0.18935485507505792,0.05142595675011081,-0.367490981057323,0.11122635694542826,0.2541600401332614,46.27128596474558
1533,0.1872364812344255,0.0870486608886328,-0.38407461744625293,0.13756077989615523,0.2297255285400388,46.930098426227225
1534,0.19171653707267178,0.06250412896185263,-0.37178056174686347,0.11898051555614624,0.24476317346558094,46.46763738795383
1535,0.17932360110183238,0.02606681398968288,-0.31946694336291864,0.09439215125771375,0.23671383692122244,44.51122753397123
1536,0.18175633750759876,0.033097853296305095,-0.3323390989700045,0.09530813573138741,0.24378858487262112,44.60561101787168
1537,0.1950602000425231,0.09953903686854267,-0.3957905891512927,0.14691501499277587,0.21470969917683036,47.039323574760466
1538,0.1899713929847515,0.10428888538287664,-0.38797674164151885,0.1537833830009659,0.20320555748186506,47.2138853548945
1539,0.18788859552032108,0.11615985883992479,-0.393509820955131,0.1601001569681453,0.19615320680895626,46.65614617123676
1540,0.1863380145924826,0.11635369579816862,-0.40310702509491997,0.15687328993027413,0.21229643623372885,44.529213905396446
1541,0.18154643675219012,0.09711272501349179,-0.3969843214893183,0.13734150446849674,0.2425246218256844,44.38926067179749
1542,0.18283127537549038,0.09997428928503815,-0.3888464798946877,0.14054399427142575,0.226275196666014,45.14686308292342
1543,0.1816901934933057,0.05935653972489646,-0.39004466367361185,0.1115113759962961,0.2708880633496464,45.01468373091294
1544,0.18393576746723733,0.08953757623994664,-0.3959566893826608,0.13308388728095472,0.24558740707614168,44.40532320325424
1545,0.18758165253467673,0.07874879209086418,-0.37087353515780014,0.12421016353276199,0.23544365222296385,43.63508712454408
1546,0.19411696232472192,0.0974624857462499,-0.3762303811120649,0.1366833058182182,0.21825398837907634,44.823730586264624
1547,0.19419624590122236,0.10576214898736161,-0.36928086159606255,0.14525958517901655,0.20120630037158185,43.723598656108116
1548,0.1948773477662599,0.10075625589511657,-0.359877918546569,0.14422739367173726,0.19385785742769943,43.33295687668602
1549,0.190130938070884,0.07216003906170337,-0.3536338288807963,0.1256785258730138,0.2181288444074211,44.211482545093986
1550,0.19164605064638365,0.06297261148898464,-0.3554747927630437,0.12182366838402767,0.22337173770218274,45.92422010418305
1551,0.1869431377250273,0.018141022038333517,-0.3695990409344861,0.08149910711426205,0.2975477027514412,44.34153054965216
1552,0.18701863026399798,0.048197612529011426,-0.35337747383824597,0.10670545327373604,0.2478126637205347,43.61182112337883
1553,0.1908571432213971,0.08052600063481372,-0.36961711110370843,0.13112711272877092,0.22453173070718585,43.82738918969372
1554,0.19851093489847793,0.08050825439979062,-0.35973471014720987,0.13509981681717548,0.20795097609255897,46.22646706340737
1555,0.19090440496530456,0.06281319309326454,-0.3900230163720628,0.11436368166127252,0.2758520228438722,46.08999883229206
1556,0.18421263618930267,0.05333560449893394,-0.37613620837658246,0.11198296599756537,0.2595099332107793,46.132050800770564
1557,0.18230334241337934,0.02067509471857411,-0.3740999326006158,0.08545945233477505,0.29408179347038216,46.11119237314701
1558,0.18944228635256358,0.03240144116865905,-0.38118644388608197,0.09769898145158862,0.28119034169583096,47.18519783547383
1559,0.17281652576556644,-0.029957445758304158,-0.386271853037119,0.044194066643660684,0.3678748326074399,44.93882068700033
1560,0.16679025782897303,-0.046288103188130425,-0.3848387494678938,0.02450227457458725,0.3957122030962428,43.81898494555803
1561,0.16472081082235185,-0.11314679819442205,-0.38376986523413703,-0.030178433407306977,0.461703318910884,41.61880532004135
1562,0.17307345207163588,-0.07800613803839898,-0.4027892994394726,-0.007259231420011993,0.44757597025103313,41.33371448178486
1563,0.1818362752779809,0.013845803695130363,-0.39473869401619965,0.07855642425560871,0.3215682990956083,44.92470185444608
1564,0.17204513755309206,-0.04768787180392361,-0.38511598678087605,0.029455998449007488,0.38702177976588664,42.692907646203906
1565,0.17525175870657161,-0.029812316273455874,-0.3888000544117251,0.03950749757008445,0.37601853014352793,42.33570465217574
1566,0.1686781617271313,-0.043615494036465655,-0.37330932856978755,0.03192699354777944,0.37711824844046654,42.75494565250652
1567,0.17045081111614171,-0.07956184447710182,-0.3815279873328747,-0.000620989710776508,0.4270120095665638,41.82133220795525
1568,0.17926689065761336,0.012813399540048755,-0.3805966759847905,0.07879537496683997,0.3137657657132818,42.72645160825525
1569,0.15201797410119522,-0.03277245456265059,-0.3578104442956954,0.03980651371275624,0.3547167198371008,39.36180672834685
1570,0.13650063470599308,-0.19869695081146257,-0.34687313768861483,-0.10657322322272428,0.5398622975734694,36.02356026225934
1571,0.17361151945679948,-0.11082407083475816,-0.37223004299726575,-0.03201798395594416,0.45745510398857886,38.64262171702789
1572,0.18051240346491196,-0.04418277033440258,-0.3138324941477837,0.03422021425698249,0.3159486283091372,40.662764164064754
1573,0.17229916520733615,-0.09220156703917137,-0.3776829331053946,-0.011123797253788047,0.44273721146003514,39.62986146261023
1574,0.207479305120394,-0.002193908143853207,-0.3384883576705406,0.07065120743129893,0.2858659141919606,40.09254525616877
1575,0.28102837834920663,0.1075348921853789,-0.29135059982341593,0.15712409959472687,0.1142949509732261,39.201420117525466
1576,0.20419459052511577,0.04041325909864381,-0.2693244928601195,0.11888663273040631,0.14795318812778974,42.341403093830806
1577,0.17851887189563978,-0.012405485497024405,-0.29139710587064094,0.07066472742186193,0.2464290771017923,41.84979127011703
1578,0.1670455317268293,-0.07431200784923439,-0.32347843618794797,0.015226342371112301,0.35620808948107807,40.51809578093925
1579,0.16958529284033408,-0.11467303749885242,-0.3701854196174918,-0.03090543996945759,0.4461578059895203,39.424874070652606
1580,0.16994362061168056,-0.03949055661870194,-0.3466460986268332,0.03839170214913787,0.3414355599667173,42.5252449582668
1581,0.16492980596178938,-0.004966885381165854,-0.2721398000417161,0.07461178496748268,0.22745078260018417,43.594977994621274
1582,0.1593652395148933,0.02166021933734461,-0.2980008805816628,0.0930231898224082,0.23163606840172507,46.2674271528657
1583,0.20170480171226635,0.04880008686558404,-0.17653554725292067,0.12003764380418479,0.07265180333910722,47.31813782886838
1584,0.23839289474353428,0.038194399467603106,-0.2051966239723748,0.10292364965433029,0.12265889029429884,47.5598333683129
1585,0.15956378796483522,-0.050353188105883344,-0.28499329376259697,0.037755216722273034,0.29435718050011916,43.92133762826169
1586,0.17597146185304127,-0.06958068699333832,-0.2901481911574437,0.020019200423654487,0.3239754456355686,43.60714309600089
1587,0.15586872629939627,-0.0705832177575155,-0.295631417715908,0.017845382788421238,0.3342669984430863,43.476993290530714
1588,0.17028160222980626,-0.03793367058909059,-0.2488023632105717,0.04492512043048826,0.2490710823480407,44.01497370694138
1589,0.18877777206262972,-0.013803783253051127,-0.30724816218024836,0.05307407181674462,0.2788716243050072,43.82076230314607
1590,0.18398667139699096,-0.006394506040709319,-0.3095769500157904,0.06838823844863406,0.263423336300576,43.246660239781214
1591,0.19109284099119625,0.018465666061925446,-0.29671656012371334,0.08501823813252157,0.22611712585416202,43.57633447462246
1592,0.16394195275562862,0.012338922191244099,-0.2949376317595493,0.08937480793603476,0.22871239624808085,43.30347143051393
1593,0.1630739830420608,0.007066076595610896,-0.34683184611456086,0.07885194023109346,0.2910818911911627,43.023265458186046
1594,0.1654507448050023,-0.010140631662440043,-0.34298342999517495,0.06370195005943748,0.308132512117964,41.805527711747665
1595,0.14231500317349596,-0.08249370076756177,-0.37462149873751205,-0.008664846193490273,0.43334770068744904,39.48779148544204
1596,0.14189242582750727,-0.09212044853110296,-0.4197461684856282,-0.025172106006864915,0.4914668119025103,38.54640549270482
1597,0.13768156841127735,-0.09005377686962553,-0.4185887011271519,-0.026152789381463558,0.4947888559989586,38.36290005002606
1598,0.12583143360731183,-0.1386868218413314,-0.4132815669917238,-0.07369097557886878,0.5609837783111788,36.65985209515496
1599,0.1473456399043917,-0.08194906156737082,-0.38707983912770916,-0.014211708179451587,0.44495943181317077,38.651622166513945
1600,0.15893364209022912,-0.08575851928745754,-0.32478968048655954,-0.002081406159164731,0.3721015988630779,39.154900054170305
1601,0.15275312235016808,-0.11241210821268281,-0.30798307486410953,-0.020492795730473308,0.38961922911313945,38.470682763865874
1602,0.14812587889250825,-0.14895403299814855,-0.3427946333955935,-0.06736852445408904,0.47677220565116435,37.58768378942209
1603,0.1557310958311346,-0.0362161462092723,-0.23442241094771935,0.04646359343919495,0.22470696801909437,39.584580750228945
1604,0.14847223106516838,-0.0929851402605441,-0.26971332327992115,-0.0031377233113515446,0.33006347609013204,39.454005834340265
1605,0.1463123026128284,-0.14605964947837669,-0.33116995380800934,-0.06086335507298243,0.4587455094244809,37.935865462048966
1606,0.142405350009898,-0.16327110296052758,-0.3303370386573431,-0.07677872725972205,0.4833884249806329,37.30917606288108
1607,0.1350975409917357,-0.23295786911029462,-0.3766438587394266,-0.15656838866993733,0.6259306187584346,35.05645548915377
1608,0.1293521567583916,-0.249118506563497,-0.2540655737231464,-0.14631725604530213,0.5350464868888125,35.1778465685671
1609,0.1345343646342691,-0.23477310299979925,-0.37330657370722625,-0.15828926917722733,0.6167505904868891,35.18188546917852
1610,0.15341121815453257,-0.0912215518813939,-0.2754451375592731,-0.00827450592455596,0.33561541599723277,39.22183908741963
1611,0.15197617371528108,-0.08655266282199706,-0.25716335762188847,-0.0012351617441343852,0.31529687942281953,40.08233486136291
1612,0.1480986157314694,-0.14944205680814515,-0.29865716338418924,-0.06360380442791373,0.43006578180467053,38.625517183057795
1613,0.14931818282852352,-0.16705349487152912,-0.31881874518471304,-0.08316738590789666,0.47614915787265466,38.18755525386594
1614,0.16045719820373497,-0.11353717881090807,-0.31921356020330754,-0.038371766769461677,0.41084247243125194,38.4306779524231
1615,0.14500882493524855,-0.12724626599438577,-0.3317563745597233,-0.05267175640873986,0.44698703805409146,37.184541352756995
1616,0.1381524947463764,-0.12666532321929477,-0.30758996591324034,-0.04788959984921882,0.4203352636236215,37.83604471008683
1617,0.15024005707323423,-0.08120901308118866,-0.26381195454183304,-0.0009959120051867825,0.3144504036059677,39.08509044787953
1618,0.1569240657150954,-0.05352896445961528,-0.2513400337171809,0.024118768997936413,0.26452220842085256,40.143653512315254
1619,0.15413334752209815,-0.06688887814242887,-0.2571583849202652,0.01126328490396845,0.2909003774341213,38.30762849769037
1620,0.152266506201534,-0.100094108800412,-0.2736653372838233,-0.018376770044092397,0.34386014924231384,38.56742774782819
1621,0.16052224859281497,-0.05526665673327464,-0.2910330915817432,0.014113964246970706,0.31108994444125265,38.991744163892776
1622,0.16837800921231333,-0.07192834831015688,-0.3551832215435043,-0.00687306853189678,0.409743194818955,38.77628110089301
1623,0.17263595228654643,-0.12285451276795235,-0.3633044369724586,-0.05643641556357736,0.47595639025288206,37.80218598194669
1624,0.15341633602645993,-0.08457405440561268,-0.307033129230135,-0.017266611420365195,0.37444688818568794,39.85224043868862
1625,0.14527080284330487,-0.1024128281333066,-0.29210489747046336,-0.023666506737409925,0.3737492498691141,39.67896099536254
1626,0.15396755335634355,-0.11733055327905328,-0.2884708553286605,-0.0363227688504299,0.3837012470273331,38.360765432228426
1627,0.16332277872114537,-0.14041132317386157,-0.32367722771530016,-0.06173642445751752,0.4474317369084276,37.77963760449411
1628,0.1706188473934037,-0.061630069428542114,-0.26785836592387086,0.00944788391661229,0.29819982966611175,40.18316128353444
1629,0.17033728710728557,-0.023183591914623738,-0.24105765850334643,0.045507883816868454,0.22252045620039423,40.57984007682532
1630,0.17276057166929978,-0.05191554655009849,-0.261398236679535,0.021687113005397125,0.2721127229684398,40.12326610446544
1631,0.15350215836068654,-0.0796195695743891,-0.19840522575306102,0.001798107390221192,0.2522898274778213,38.44719828490444
1632,0.2018680129617057,0.053382393531468605,-0.3403094870892668,0.12067068470101118,0.21780460625871884,45.49589560462035
1633,0.18839005276898352,0.0651542292374781,-0.3627866890015383,0.12460957987210533,0.22605042171054388,47.22655634631498
1634,0.18606202843148356,0.05860362082699438,-0.37716235115747004,0.11913014944355896,0.24730108528642028,46.63995381883112
1635,0.18946465766629436,0.053587536967105234,-0.36977229652682053,0.11431982651819515,0.2510717472768559,45.277441960727764
1636,0.17380723923355193,-0.029278957058028642,-0.3655753506785888,0.04095889026490944,0.3637748891398428,42.82186601537404
1637,0.17236331381762174,-0.014337099501315925,-0.3660444319856904,0.05500819719414453,0.3354706639193598,43.235813458731386
1638,0.19632345952253252,0.09761052128453691,-0.3849448817599213,0.14579513925528848,0.21277346847370573,46.2216402398822
1639,0.18939502294126084,0.08243685435068962,-0.3822205086003411,0.13740982324593676,0.22473883514063023,45.624618185689954
1640,0.18740426949454386,0.07195026915913373,-0.3860629288899832,0.12475412035549634,0.2462542733451563,44.92098736150917
1641,0.18620661687338066,0.07385123671252092,-0.38468154942310356,0.12074547820211572,0.2524350042676677,44.649545106174735
1642,0.18489332155016527,0.036204927476497006,-0.3916637759095748,0.09152862297333708,0.307616252414979,44.00781441994466
1643,0.1828250817763615,0.07346956849718753,-0.38777283845837623,0.12260120489482002,0.257583727450219,45.011188879984005
1644,0.18924742231537767,0.0918204484985339,-0.3847376860673926,0.1368032033836348,0.2278497080479475,46.04093041183846
1645,0.18824031975933428,0.07367183320477412,-0.3795738764005855,0.12221345852107861,0.24485051696177856,45.338934350586
1646,0.19152608818777359,0.09687410767752025,-0.37698885105406127,0.13882963047337749,0.21884399734758425,45.66384508590753
1647,0.19347657913457422,0.09984049229791954,-0.36270847351628543,0.14243814827999007,0.19746083121571217,44.47643891557866
1648,0.19892297743756526,0.10349627681174123,-0.35913519815814887,0.14476104750865196,0.19028383198256507,43.563576696469994
1649,0.2002726948971937,0.08611016597130362,-0.36239072509302306,0.1336778204457821,0.21281950523494952,43.71209379454875
1650,0.19119059121184254,0.07148216341245658,-0.364907576236149,0.1247482658756972,0.23020719446646531,45.64496412861232
1651,0.1902090464074681,0.07037177420176387,-0.37045478764561174,0.12618461054072835,0.23121578479752194,47.1467112252225
1652,0.18303564203264377,0.025016006078231408,-0.37025022886407555,0.08465894737803857,0.2926420231382163,45.46096221807203
1653,0.1832468503412917,-0.013468465685828627,-0.37203726536374543,0.0540471262267012,0.3464898638022697,43.33725566254074
1654,0.1982625802456969,0.0604922069876387,-0.3703473614672551,0.1211549353675631,0.2445583068195983,44.06385155479631
1655,0.19298258437648597,0.07295879626782455,-0.3772514558529242,0.13023207051445276,0.23351947920689178,47.20285879300813
1656,0.1954372316231035,0.0542602215523507,-0.37396149271308604,0.11494408659463724,0.25059919035150535,47.65920046267885
1657,0.19805690245357557,0.06473219595129176,-0.3699379144810489,0.12659932585520606,0.22913882830939009,46.674781072097495
1658,0.17986614639587184,0.019286026927740334,-0.3509319348801005,0.0871359820322971,0.27347790436587865,45.71087221801314
1659,0.17729405081191266,0.006986316745777277,-0.38449240681018343,0.07355259383769532,0.3202299277507377,45.57160816707995
1660,0.1654742728341432,-0.10371598643077647,-0.379228150235945,-0.022149303202406698,0.4564475244150348,41.18319185369003
1661,0.16974600455587627,-0.09286539706768118,-0.3811724814523731,-0.012580717707618282,0.43895131233460033,41.230494497162674
1662,0.17809658054820798,-0.05777359507370901,-0.37680431728113223,0.019844953501484658,0.3897379301868959,42.647944704425605
1663,0.17888580002977228,-0.03266028393589166,-0.3857558280981377,0.03606871683135267,0.3741801675549891,43.29099298616876
1664,0.18434133805693945,0.024446648483527778,-0.3830186996381426,0.08735911813260133,0.2997013921920464,43.752369933873624
1665,0.1760636727834128,-0.03554151466254586,-0.38512785855674964,0.03531210272859778,0.37913926352466326,42.70379976826147
1666,0.17343678822837683,-0.005311034370826941,-0.303692378974768,0.0735229446277319,0.2585448812700782,43.67131321304288
1667,0.17168345570646032,0.004067511800610765,-0.2951457546772764,0.07955820206483578,0.2411605218632418,44.19386217277406
1668,0.17535082858632503,-0.003361836886497994,-0.3622244480651958,0.06731968211033972,0.31699063193353366,42.784311353265856
1669,0.17931458161947342,0.010482414397796702,-0.38431673695872615,0.07686484354204072,0.32347404391748047,43.3975330705123
1670,0.17606910250898627,-0.009900556913981041,-0.37867012756090485,0.0589919584416468,0.34593674589251017,41.010924395645816
1671,0.14439361095772854,-0.1210873666772741,-0.33242536202091755,-0.03226953203833481,0.43455160115720487,38.349337044688646
1672,0.15616044633472673,-0.11452686646630099,-0.3381525449166283,-0.027420981738914815,0.4199403443608891,38.65446419202035
1673,0.164029249522029,-0.10641662745522708,-0.3716525844428716,-0.025421182297423586,0.4491808427351889,38.61879632858667
1674,0.17498640929094567,-0.09568317855699315,-0.37688023666548814,-0.020385117457171507,0.4454641605426905,39.37836370245888
1675,0.1687904372400902,-0.08257647322685743,-0.33510955640069784,0.003419307619078536,0.3769863847382648,40.7683151022485
1676,0.17828492588011657,-0.009519652750404808,-0.2885927694853784,0.07245157398595442,0.24445396352466525,41.3350698637241
1677,0.1752879739534214,-0.005149789463192913,-0.2669335595956209,0.07990077074139203,0.21269294598607857,41.61259506486714
1678,0.16195538518895825,-0.06880528118998654,-0.304956611848632,0.024250642811434037,0.33109754914624356,41.06618846082096
1679,0.15538965570084282,-0.09518850346312395,-0.3157355533062564,-0.001715948936585322,0.3768419585638654,40.353760281940176
1680,0.14971455540240422,-0.09683434666256394,-0.30885280064949416,-0.004763786630829994,0.3750541406476187,40.9521720224589
1681,0.1658892929307469,-0.10247400460883017,-0.33733902478881495,-0.018256300160617547,0.4060285281899571,40.11961349090536
1682,0.16120999473307032,-0.06684266107726865,-0.3094082743184609,0.018641300309713258,0.3367766636205216,41.49439406797903
1683,0.18116025443416026,0.013170343667217409,-0.2952158882985998,0.0871914567744567,0.22477118139980878,44.54538846024316
1684,0.17905551042630305,0.04055574447350078,-0.20739067057858002,0.11310691354850705,0.11421889496467438,46.7728816930101
1685,0.17175259214134553,0.028758170293001973,-0.21881218310289818,0.10414171247405662,0.13498343619832312,46.42127863112437
1686,0.18393837022063944,0.038970420130098465,-0.24967269334472844,0.11196974981344021,0.1442605068629915,46.05206364406125
1687,0.17922216255169968,0.003219185774486463,-0.2875826382224641,0.07430886048965825,0.24073046852794736,45.15024492716781
1688,0.17554310410044102,0.04022774487707677,-0.24734403901006607,0.10847106999264808,0.15380248945600972,45.77102547688763
1689,0.1754558344825367,0.03544612628928883,-0.2865257450795073,0.1010872966234813,0.20067111076480337,44.88423560805093
1690,0.16647605498361492,0.020994140027926326,-0.31716102528615564,0.08519935764914749,0.2505310450699423,45.0995063747201
1691,0.15509954248535449,0.022340801324874142,-0.31692959815313976,0.08986935846093232,0.2510191792108606,46.043979522997766
1692,0.15888801956396545,0.03955333930659636,-0.282183983720414,0.1081877782079784,0.18633451004789892,45.89297229914051
1693,0.16270476439607812,0.01454257548279393,-0.3442057800492668,0.08042382846068577,0.2864515252101147,44.93486394870453
1694,0.15323571291070595,-0.008484381163874585,-0.3802666430436748,0.05556837865480163,0.3533127067684796,42.97844684155834
1695,0.15952874417345525,-0.03696429854996847,-0.4091278713105315,0.02798700378769208,0.4115700262011367,41.38586254178583
1696,0.14304267167875678,-0.06868713396059631,-0.36649168340128957,0.007120586430361428,0.40303503092265663,40.70947268677156
1697,0.1668314446927957,-0.07060825715591466,-0.35698705278045056,0.007904305776538043,0.38250823592376787,39.83148885466689
1698,0.1555013174081783,-0.08637878061423748,-0.38554085323893367,-0.015837065648678136,0.44509067427972937,39.144419646805105
1699,0.13570210246052197,-0.12818812452947043,-0.4051994984886604,-0.059033286599636046,0.5267540476093766,37.63767218124059
1700,0.1449695965942963,-0.13448281528212544,-0.33640216942908036,-0.047282471223749685,0.450352316839895,37.85271958603501
1701,0.14615230807339263,-0.12490744160017782,-0.3138891448523285,-0.03631324108651781,0.41506863076064765,38.38689795971652
1702,0.1445678038139746,-0.11897413156504422,-0.2840673001725248,-0.02481243358800074,0.37604690556785664,38.85078342865798
1703,0.14689766967465556,-0.12839900819078076,-0.335598393778958,-0.04775080521735051,0.44977360893305357,38.06360481946194
1704,0.13842834720382638,-0.13106584183609873,-0.2904296053013146,-0.041126266486040244,0.3995718748388181,39.67619898678513
1705,0.14567007255126593,-0.1548709967622618,-0.32152821854748626,-0.06571294180896634,0.4585340591030801,38.21657350159792
1706,0.14834070564473256,-0.14679464283321775,-0.3330248544803543,-0.06143091402789045,0.46057257449833255,37.66105985578368
1707,0.15057381652162705,-0.13052794463688738,-0.32415390625986856,-0.046591789959361155,0.4306519652366039,38.29279712014434
1708,0.1411742183367804,-0.14357354092980942,-0.32126877477490934,-0.06270059841172987,0.45617941738645107,38.02271884138234
1709,0.14601827047604446,-0.1254754333683409,-0.2964922759182106,-0.0435462011161395,0.39951008016410355,37.94670583369784
1710,0.14874856599407515,-0.11208435311848278,-0.2839121042636213,-0.030501657701872888,0.37154047138093566,38.305454101375
1711,0.15296932086773388,-0.0773309207783204,-0.252954932932622,0.005164342303333041,0.2977464899588872,39.84952491554182
1712,0.14890567598943363,-0.05695010690414164,-0.250014417684204,0.02029698516783612,0.2727183258518921,40.74690402004364
1713,0.15693418157779987,-0.08156902953229336,-0.26582290444322004,-0.0012170658277582882,0.31764271904017843,39.10822829315292
1714,0.15343004342789124,-0.1254503929728439,-0.2941991822590436,-0.0404092849727285,0.39705632877294184,38.630620248121964
1715,0.14965516237750467,-0.0991064762639868,-0.2771013626527136,-0.016818660785228225,0.3482996121907677,38.54719349921451
1716,0.15380458428398294,-0.0951202305091432,-0.3072834227810762,-0.01905394311623941,0.375857596865961,38.7741899479421
1717,0.14618767258471876,-0.0967944677326836,-0.2745460411460946,-0.01572113649908598,0.3424124273845095,38.775545412283
1718,0.15331038528459584,-0.09458225790697627,-0.3062094220463053,-0.020863545367416306,0.38025959386907626,38.89302037165747
1719,0.14730297211112608,-0.11492916470936813,-0.3042628233937638,-0.03651658540667908,0.3962155238366915,38.87930965096701
1720,0.1508808844715111,-0.09384054232532767,-0.27512250947545447,-0.01394028779996032,0.34360939256166684,37.67468571464302
1721,0.14874093888826737,-0.06835352435796649,-0.24389618166380117,0.012112592308938314,0.276261247996526,38.92752665696565
1722,0.15197039171932955,-0.04184006720112536,-0.23356690850024528,0.033727834150474006,0.23300316161527188,39.579620167771985
1723,0.1509417355995324,-0.07977346587457768,-0.26605218693171123,-0.0005760203622004029,0.3160801695882934,39.94336592300413
1724,0.15358490838871422,-0.07842045646266511,-0.2747972050857962,-0.0009417620125098601,0.31895723090601247,40.384900139956315
1725,0.15680009464769623,-0.054809483637543954,-0.2870158567140608,0.014512494295027559,0.30582779993999376,40.758244410342805
1726,0.14679452092416778,-0.10116489595672114,-0.2632459906109104,-0.018631365758973128,0.3426027739104139,39.85156975296551
1727,0.15546377600529607,-0.07758216245944224,-0.2652029926032713,8.009236676503057e-05,0.31674821696527017,39.74105833524595
1728,0.15558181659462245,-0.10222553644614477,-0.33577950237299675,-0.0330515980344106,0.4212696596053848,38.50301484948264
1729,0.1598530302998283,-0.1166855307487425,-0.32718333345162365,-0.04343792546466425,0.4253185939619422,38.87053436947842
1730,0.15989721009535493,-0.1176528765518314,-0.3205436526725956,-0.04349472897197721,0.42320799034459866,39.08599796792503
1731,0.16264289005532556,-0.07509513405042506,-0.2660711761450755,-0.000817182185608232,0.30786810222209,38.903244560330386
1732,0.14487569792219193,-0.19537805441114048,-0.21206145287432698,-0.09917673004939631,0.40866368871423614,35.820170615852604
1733,0.19563767307054597,0.07347082946721883,-0.35687152782868703,0.13287546687191287,0.21431462381206448,46.28607433248774
1734,0.18650516441078865,0.07406794802016728,-0.3645129146733017,0.1327018948055113,0.21585210118056555,47.1422067847875
1735,0.19583874105244373,0.09842817155497605,-0.36463089076912336,0.1499344033954254,0.18800288949363575,47.47565466056717
1736,0.18663338171775062,0.04109975501829994,-0.3766435472769644,0.09686442241548143,0.28121940253701033,44.02271125549805
1737,0.1589319577993545,-0.0780650184659991,-0.40965640997615593,-0.015397475944425237,0.47818495908211617,40.819959480273205
1738,0.14922336425148522,-0.0993358052571759,-0.40799754694218965,-0.02923739508528409,0.4949949320546904,41.07677994305891
1739,0.18363356375486295,0.0436742305837114,-0.3781843542319596,0.09964905173616867,0.278669688134102,43.899676024380426
1740,0.19419806929131633,0.10407995858820392,-0.373408331007553,0.14818701877187576,0.1995380237171525,45.1672453209086
1741,0.1891513555484539,0.11088967190523148,-0.37934636187427423,0.15269477643409676,0.1976686035975164,47.14885030716963
1742,0.19640699738740663,0.09714063514836216,-0.3692156778784162,0.14103289874860575,0.20849072730090887,46.885446013946925
1743,0.18714120518805336,0.08173167823951698,-0.38020302203851414,0.12628226989164082,0.24290993830959753,45.28561959110138
1744,0.19231588406932726,0.0865489006018219,-0.3716143794934251,0.13424982381905246,0.2225430859296157,45.89376670872576
1745,0.1896768906352449,0.05111080541772024,-0.37190269489321237,0.10564062259011277,0.2636949244557727,43.80803520445287
1746,0.18031629461181073,0.02803695250830549,-0.3672543962376243,0.08913574038357026,0.28348372595671895,44.059554204495306
1747,0.19315028509224644,0.04046955523189227,-0.3615610995176177,0.09540496414859848,0.26678414719403454,45.793983917493684
1748,0.19778175849422933,0.08637545205047867,-0.3599511594637112,0.1330441267793567,0.21541748910275607,45.8026765707838
1749,0.19809216632313756,0.08380453634251084,-0.3673747135702645,0.12971043066661966,0.22472163340923124,45.42800406659128
1750,0.17277302782091689,-0.01905301869127471,-0.4009055016616969,0.03892985872502339,0.39294122713741375,42.948377970747046
1751,0.16888484826346262,-0.023544116162932748,-0.41105352350860624,0.033629828393271374,0.40894387556206924,42.979808369976304
1752,0.19372453709252174,0.04979774251237464,-0.36030037280989125,0.11340202130916902,0.24155872805796966,44.80899148541242
1753,0.18125389823261173,0.011665592223635956,-0.36836024097897,0.08083923295624909,0.2998820788490829,45.18215439541801
1754,0.17513968251757336,-0.015373100303885836,-0.3629430702010897,0.05821694206770797,0.32932075920204196,44.15327335246576
1755,0.17980901341497063,0.004077906363551378,-0.36644164801606915,0.07391711289648087,0.30746852403615543,45.35663499507982
1756,0.1938082529160453,0.07686095847329776,-0.37374379011434467,0.13417525588896928,0.22539456152851026,47.753957833072526
1757,0.18490985901070364,0.06256283965741333,-0.3879500981954364,0.12024832514451303,0.2575959291527892,46.9144571581262
1758,0.18422682873106255,0.025027734074292464,-0.36612924261186264,0.09012741697149836,0.2830681814509683,45.83512096769161
1759,0.18163640608348422,0.022865688086660695,-0.3697433777640099,0.08653230377942286,0.291428784738546,46.023734501380325
1760,0.1755343848524204,-0.0017321471540835656,-0.3746464192405688,0.06557118799545403,0.3282457926955974,45.47528762819455
1761,0.17003276884168586,-0.08210395876861334,-0.38536752210203823,-0.005636553655588823,0.4372622014406336,42.30217340436895
1762,0.17101397535411775,-0.07375120501026879,-0.38596650477448385,0.001551820924588822,0.4231137750821691,42.27713730451724
1763,0.17585993259024005,-0.0327619897325981,-0.3424010487050925,0.04416652949165555,0.33132942604180515,43.1403743830647
1764,0.1921110866960087,0.00360692974977929,-0.36697182268143164,0.07212139407839366,0.3036596103462643,44.25754082906859
1765,0.1965243276764031,-0.002935058491064974,-0.3811448751342784,0.06403320501537403,0.32946021810767206,43.27711006684685
1766,0.18654532035564564,-0.024734493232039394,-0.397033651739472,0.04353309627531944,0.3762698295324816,43.015297013264686
1767,0.16364435315099501,-0.039212745566281175,-0.34318871412932656,0.03983220156424385,0.34061171510681465,43.10566203173272
1768,0.1694057522918628,-0.005458740979891224,-0.2959537194898615,0.07326162710579696,0.25072952923175834,43.699360514629454
1769,0.18264161819734492,0.03687937485082241,-0.3750331293447556,0.09939424409062671,0.27582300267420484,44.84807510117479
1770,0.189173558889092,0.026570636372048862,-0.3870149817631054,0.09062927411768117,0.301739269284915,43.87072798412314
1771,0.16813258079783494,-0.0010072444179548407,-0.3436094597642634,0.07436251396120937,0.2854057239021209,43.16781340664472
1772,0.16904262204169315,-0.029778958067748124,-0.3440717241834161,0.05161602699111398,0.322827996758727,41.343789902336525
1773,0.14095986858516882,-0.12817517539647666,-0.2962178338781579,-0.03319952123098745,0.40276726826410403,38.19585410599349
1774,0.1836939329585408,-0.08802944430410507,-0.3641404881092764,-0.010477788798637977,0.40847837056852393,39.037663841282225
1775,0.14998030964290993,-0.24320241207179558,-0.41104742358883084,-0.16432765912069316,0.6441459066827533,36.25533345061948
1776,0.1596368248956282,-0.11109786776378493,-0.3499843436224816,-0.0239966394801997,0.42768374453415914,41.22456246527028
1777,0.16473174431639112,-0.04991413787073903,-0.3068393244827306,0.03630258875469648,0.3153009896377208,41.64355158798888
1778,0.16658578326589732,-0.03564837712366275,-0.2873472335252247,0.048212875924671196,0.2791716849562493,41.65877665027031
1779,0.15577126413120945,-0.09279079703094507,-0.3320157677225026,-0.0024126750563467393,0.3924404109451971,40.46072173953943
1780,0.15276714696877147,-0.07721419187024604,-0.3025936896707738,0.014553117870434878,0.3443862733765612,41.06200855275442
1781,0.1502434296748772,-0.08872492166062428,-0.31403914436146807,-0.000588166178747514,0.3724756331503548,41.916815145882545
1782,0.168144354706369,-0.07710206211873213,-0.30838177103553355,0.008157059351478979,0.35077322040414854,40.95228204008275
1783,0.16158988878924574,-0.10632854629829333,-0.35308547896893344,-0.020666182744081645,0.4300103380796119,41.05342088507019
1784,0.1800298961505272,-0.028306552895459115,-0.33126440172062904,0.04910204230789569,0.3100191110685934,42.82817573156759
1785,0.190824467238858,0.03276028900427795,-0.27881743701649714,0.10299340938084084,0.1864259696977786,45.275688602376185
1786,0.19533369721311308,0.046907851396305926,-0.27515693713798317,0.11650632025998958,0.15742083010475622,45.43790389710952
1787,0.155797687617571,0.0219074597694461,-0.30498414146353986,0.08914803528715867,0.23792519355480102,46.0563666669185
1788,0.15759381586641769,0.029866785563548253,-0.3380060500893549,0.09238327552038451,0.26599695325998074,45.786380614955604
1789,0.15729545272127024,0.029394002865691223,-0.3170432416882025,0.09501841629683208,0.2403141711423602,45.84770130457801
1790,0.1688333445687205,0.03737378545510818,-0.3352944324693047,0.10079897474506234,0.24429023007846085,44.92210882567877
1791,0.1850497880808915,0.04118408766912671,-0.2712893263456803,0.10716197968451636,0.17324093178436095,45.260257539355614
1792,0.21192127628706386,0.0510153720203144,-0.21048879740010776,0.11917744479403442,0.0967041970090727,44.5726641082051
1793,0.23276247271305014,0.06174334577382548,-0.21755640071609153,0.12883171115256545,0.08058020559372676,44.14202681982396
1794,0.19627322187788554,0.02985324593345726,-0.23363780692465808,0.10503644957519603,0.1389385894212833,43.86635476421558
1795,0.1513220709886976,-0.08612885061940666,-0.306224847975491,0.005597731957357447,0.35717076514490476,40.609035834711754
1796,0.16044194296434805,-0.06805264737217147,-0.39175737199697735,0.009223039184887538,0.41544819133756855,40.14423613467391
1797,0.14471567075772157,-0.11783968603051194,-0.3538167703772258,-0.03220858982232418,0.4428975189777402,39.79426295352592
1798,0.14951528012018128,-0.13170441079186612,-0.38328230469652247,-0.05094258365052206,0.4894313778337588,38.714089855084055
1799,0.15845960819970414,-0.09575062274970537,-0.3755849932032337,-0.019839080784242905,0.44386748307011187,38.53022668522828
1800,0.14432603074834993,-0.12351336193217828,-0.3930627675877261,-0.05146855458092604,0.5010002155387855,38.001598767308295
1801,0.13930509395516288,-0.1301021436865616,-0.3460673223995609,-0.048731276635919155,0.4614533931909232,37.925125709478664
1802,0.14898994562007542,-0.10184632673883831,-0.29154900297272035,-0.013352720978721443,0.37051303249750406,39.24120133405398
1803,0.14716200223770978,-0.104251063518787,-0.2818722895287118,-0.01195549523449961,0.3596596627224684,38.99424423310745
1804,0.14330555175736068,-0.12480670677633625,-0.2940351242800719,-0.03594798222226386,0.40106385300269887,39.14607255512661
1805,0.137363643307091,-0.15397592141921007,-0.3246087895175824,-0.06639907830295212,0.4641697639907769,38.66703514018132
1806,0.14815429175093225,-0.13848494798238015,-0.3114792314299639,-0.05054839923670493,0.4313954046898196,38.87247875823875
1807,0.13721164308406406,-0.13912840832836093,-0.30241167787581985,-0.05057502947139048,0.4253233179392336,39.83134996860976
1808,0.15485122849342062,-0.1183722925147623,-0.2970902793384129,-0.03246623824364812,0.39070486305673013,39.11099143863547
1809,0.15202059202879123,-0.07766652958059983,-0.2487145151929513,0.008621622813055304,0.2916924749936079,39.884657119892886
1810,0.15857151271161202,-0.05107083703779803,-0.24735972653421076,0.028957895409594293,0.2595077635728806,39.802386387792666
1811,0.15181595596756448,-0.07676943562156334,-0.26197233647285123,0.006398176837287836,0.30659773915322514,39.62898761504069
1812,0.15859548765784745,-0.09842655795112573,-0.3211694844568588,-0.021609529784091967,0.3904777107246737,39.01081087950132
1813,0.14753704565633813,-0.13021760922141093,-0.298093060477028,-0.048681494144576114,0.4135722892017931,39.60611306256045
1814,0.1541722511001838,-0.09262467804464257,-0.27649864581100175,-0.0158338812463638,0.34384624803289693,39.90704565807461
1815,0.16438467841028487,-0.05458544113800898,-0.2449036667936456,0.024318027111611473,0.25966963358425643,40.031495353318135
1816,0.1576092673007629,-0.05704803104920142,-0.24142146504240836,0.020627385583148083,0.26058347858280895,39.85383237145969
1817,0.1474039492228239,-0.10972877826920165,-0.2947851552198259,-0.030292339187292232,0.3771659349958752,39.15373626511333
1818,0.1479297288170204,-0.11802864204040865,-0.3040750010455345,-0.037485235038157275,0.3992088864292752,39.31211365273842
1819,0.1389301562056594,-0.09836750614568561,-0.25971398860674416,-0.013875259228451356,0.3315032670466388,40.20631884497918
1820,0.14427797330136444,-0.09318018026618156,-0.24989402233091693,-0.008304916181715732,0.3162335875915339,39.54377131597388
1821,0.14681435616982222,-0.05410745775613794,-0.23703457534781366,0.024282015933734087,0.2539360164507242,39.796730682429796
1822,0.14583701111698535,-0.05996337575112017,-0.2410408171489944,0.020888906707011493,0.26141714594611576,39.72362095625907
1823,0.14591668048716858,-0.10747138399585585,-0.3125477272736505,-0.031832081103093914,0.39357511078799,39.041423836348976
1824,0.1465774079426638,-0.14852389513227154,-0.34072443138194275,-0.0728405108076302,0.47679397030706794,38.49117398839077
1825,0.1507816244343763,-0.08206342587117273,-0.2613483564297943,-0.001455808416693464,0.3124353960444931,40.05274899132833
1826,0.15329895357100956,-0.11739200939826944,-0.26631289143508774,-0.030719218327778124,0.36431958095327605,38.80780335833939
1827,0.15735938432106006,-0.0825356882388469,-0.2592382454407493,-0.0030692653080456414,0.3141875623105797,39.51615602623871
1828,0.16098283449197304,-0.11166349245315792,-0.3056550703898291,-0.03551285366010235,0.4013420810344408,38.4292832268118
1829,0.1705812133634472,-0.0882560738506002,-0.3118538451243288,-0.0201059101860673,0.3818573139121013,39.149876223663036
1830,0.1694710584062462,-0.053357981057858155,-0.2907182910511022,0.011936694803436114,0.3151950461867674,39.88599826346562
1831,0.1630025177462367,-0.04959908992894375,-0.2596752210600544,0.020953573798368534,0.27448517330755196,39.36968600818118
1832,0.15289368227842412,-0.12482983409120302,-0.26461163260122,-0.037483998952189415,0.3743495561586604,37.887278848125675
1833,0.20044900363437046,0.06872352443628342,-0.34105666189531597,0.13604297685588582,0.19521580465916075,46.41687716132271
1834,0.20689417517971923,0.07455003006041472,-0.3431722626894615,0.1366735091849779,0.19658012061992086,44.13224085514433
1835,0.20150529182949714,0.08415647740078164,-0.3522768449904341,0.14328245185009653,0.19042926690760026,46.30301963640757
1836,0.207885279756162,0.09399916759033157,-0.3439012821799486,0.14954238586320234,0.17041430859447143,46.087348367254364
1837,0.1814205077054283,-0.022180876258975583,-0.3806388333900527,0.039595129233380585,0.35682857464489115,41.86419958501563
1838,0.17226946181263464,-0.009335434711813789,-0.3968578617819831,0.0454451844079914,0.36014508544315765,42.3556088199018
1839,0.1769365134776787,0.05725549324778882,-0.387640885355133,0.1071277573487312,0.2749516059692589,43.741884781704314
1840,0.16965121101405936,0.0032498541988274475,-0.38769439816661805,0.0644573815161128,0.3368671044846767,43.44398162002951
1841,0.19117616040375787,0.11124997923685488,-0.37764108237851735,0.15264448306059725,0.19360216066402147,46.575416456820285
1842,0.1873083408319556,0.11583986424208811,-0.37038243198608456,0.15218018842466982,0.18570562950157873,47.44684834756701
1843,0.1880359023093927,0.11998502116937723,-0.3713045258550223,0.15706459685534474,0.18048998251056084,47.07893680908097
1844,0.18860828454734763,0.09814302040584376,-0.369612434742999,0.1406566015139721,0.20530482681175047,45.96421943675695
1845,0.1806470248306626,0.023824968106013072,-0.36606376831180926,0.08548225938602474,0.28942310653190256,45.20107195795942
1846,0.18678412923019944,0.054548838076262214,-0.3753020453926844,0.10724672287189319,0.26043472499569836,44.79744556288329
1847,0.1781006431671749,0.02023701901957421,-0.3564360367846664,0.08185648683393822,0.2834993024017141,43.761307339081135
1848,0.17792967732689494,0.01866615859481607,-0.31795748724974426,0.08431566999377664,0.25028085648703374,44.47379241803163
1849,0.1947279066802256,0.06224284261492256,-0.3639548984018403,0.1156706480743194,0.2425211451061063,46.87807875618581
1850,0.1865288405404273,0.0751886890689799,-0.3826392987676943,0.12555735773869425,0.2450926707269553,47.753476582239124
1851,0.1686976229086373,0.006879746954447031,-0.40212102314602316,0.06252477128826181,0.3647868149716047,43.822398880493594
1852,0.16333512576406756,-0.05241825344506463,-0.40415597619983207,0.011689993390156346,0.43904836172167555,41.60097227047434
1853,0.18191290785615646,0.01818114514091536,-0.36781014751573277,0.08116473307728315,0.29968047394104486,44.58183754352805
1854,0.17317511682255726,-0.001497609209891862,-0.3859389546034018,0.06573958546179902,0.33621618699551414,44.10643135662519
1855,0.1653240878864938,-0.030892511613221527,-0.3918067804617543,0.03720477508160056,0.3903178124290625,43.221421808795064
1856,0.1701055926290808,-0.026522141491687894,-0.38460948868878025,0.042531473391343735,0.37393286014606375,43.56450566598729
1857,0.17250021845505356,-0.037559217432833324,-0.35435546679266283,0.041007091175795436,0.3480398852682341,43.980005043599455
1858,0.1785666877702415,-0.0023754760950187854,-0.3820241533985367,0.06553391417922724,0.33444670841635504,44.950948776170485
1859,0.17424799472750496,-6.468897591777724e-05,-0.33330696246371033,0.0700402236270674,0.2875871670260965,44.73309938044045
1860,0.17594957075488082,0.00759805226053305,-0.3610424324264737,0.07410887556234437,0.30487543167878556,44.687317892576004
1861,0.16223819340927761,0.0010105926627105323,-0.3748540348317894,0.06818633026036773,0.3322158683106574,43.16145010624641
1862,0.18070286960973928,-0.06469806846337446,-0.3720438530868757,0.014326103652298918,0.3949902288879756,42.938766661381976
1863,0.18367071343749447,-0.03047829517787876,-0.3622458256022249,0.04575735611968157,0.3455069301948643,43.16898458658498
1864,0.17735876259935682,-0.05558313320050849,-0.36613423783891497,0.022221871251263202,0.3816848218048572,42.675415009518
1865,0.1853269150986222,-0.00370368558839855,-0.36855101380746685,0.06547286482674748,0.318637304671112,44.7106001276206
1866,0.2036171946387646,0.05047457881583825,-0.3787149607913793,0.11178892519349122,0.2597060586070841,45.36714543158997
1867,0.18860941335937997,0.033545706197596156,-0.394343823237735,0.0957034549512373,0.2971078053394807,44.22604182505777
1868,0.16224847198346126,-0.04969464423151343,-0.3955372258447799,0.023389553174233243,0.4090468765419049,43.15629759463795
1869,0.1761898586411022,-0.05042886799817737,-0.3698868672289183,0.028326076219102495,0.37720058368734843,42.68061905839743
1870,0.18501893078123427,0.02328373364746187,-0.36683109355650445,0.09266331597844038,0.277950865039076,44.88005603846077
1871,0.1794047164018371,0.02974455880624729,-0.34828251518448045,0.09688122673293258,0.2600833371330778,43.8550891291323
1872,0.17051273419254617,-0.010149833857629513,-0.3219152962492968,0.07216652111547371,0.27351585416998564,41.98257322683281
1873,0.16610926369928738,-0.00911473016005378,-0.3619994077107405,0.06839768457802563,0.31337272647734316,41.421613668887765
1874,0.1575899711587274,-0.07223288747228221,-0.3135014345963407,0.01697098703307442,0.3430792936260682,40.07776118822035
1875,0.15666219060996345,-0.11361355725181316,-0.27212536058381215,-0.017263023664689892,0.3611191045583567,38.476020164452066
1876,0.2087928397962931,0.025249203529151647,-0.3151786406257754,0.09870828356858807,0.2214131214132184,40.871359011246675
1877,0.18404017616838306,0.010472932074392942,-0.27767073529690467,0.08924608464144392,0.21064658262625166,41.058008013719316
1878,0.177313892643166,-0.07269983777028013,-0.3519739937144843,0.008840670517563102,0.3881373257997278,40.87266853243032
1879,0.17199057260327674,-0.10108266610477121,-0.36251179595058153,-0.019028040899849087,0.43195373052869857,40.09993332756948
1880,0.16746930040047542,-0.07975073444839177,-0.337139762345255,0.005940065429969249,0.3773535483457777,40.39687424100738
1881,0.2006810369761875,0.00817540358846643,-0.31329773253901433,0.09153540762736552,0.232192098505402,42.65966722127449
1882,0.18614372746926972,-0.024917901259571742,-0.3199481858521022,0.05688533647099499,0.28997002903153574,42.204265505515885
1883,0.16446887105259825,-0.08521379934285778,-0.32136461021780593,0.006582887711888112,0.36370608045550556,40.73131363529223
1884,0.16318031841611552,-0.08520951024574945,-0.3165912383370883,0.003331894882960336,0.36655647363317373,40.67283020628356
1885,0.17053032503632157,-0.07291057954007771,-0.3261543845203512,0.01395623604940237,0.3583509818274513,40.95262950032127
1886,0.1818101370213947,0.0007014857946872709,-0.37237943237119336,0.06627837047621939,0.3287713090245085,42.95725994803383
1887,0.18296361977899142,0.03968351496086879,-0.3520190863292434,0.09859832414228113,0.26294607109510754,44.842570045820594
1888,0.18051897715994716,0.034074299843289586,-0.3069092601113522,0.09778698012155418,0.22267200418435124,44.782762237492264
1889,0.16941384758594047,0.0267233951218878,-0.3241093015465086,0.08978619658923412,0.25077522929004287,45.05482265824694
1890,0.1594796053267729,0.01635628764152326,-0.31893404805522996,0.08238894939428548,0.2596201250785924,45.89057464869224
1891,0.17018624619316103,0.025419211364097243,-0.3385123577815131,0.0842999398435401,0.270858848756963,44.7233380603927
1892,0.16341366417364764,0.01669355238201596,-0.3148403671677749,0.08295560464056204,0.2552414101599657,44.919075983610995
1893,0.17832299451696262,0.018784564393432148,-0.2859765423282066,0.08890078789820301,0.21795396722722066,44.4518242322623
1894,0.1985248503095564,0.027238355197092477,-0.2674729461731568,0.09993242585011934,0.17774951316386067,44.38051210653677
1895,0.1680529336163229,-0.025637659913007677,-0.3291726655288134,0.047965691413010485,0.31162671378383605,42.637271498005006
1896,0.17963423827421726,-0.01855935612549971,-0.34736632085355484,0.06272622497048216,0.29866593978041983,41.01031592637151
1897,0.1693894145087842,-0.04503270410651125,-0.3298753739367848,0.04182563632978236,0.31497036826491903,40.54963472922905
1898,0.13900881929861164,-0.09459612752702928,-0.31456210759975717,-0.005022082967923843,0.37212253038241694,40.94286498754749
1899,0.15464501391258306,-0.1224254981131382,-0.3719815051393503,-0.04123517959396584,0.46720207416512266,39.37991095931725
1900,0.16057479424521415,-0.11599606561973218,-0.37111763020888694,-0.03699530823180028,0.4608998195518561,38.8565317599134
1901,0.15343902599332482,-0.13654013678411314,-0.3570738276180159,-0.055045727627342174,0.4702262334945914,38.44290259356782
1902,0.1386961235139177,-0.15879719822908844,-0.37187959484758026,-0.0824197714401788,0.5249651017029079,37.99955382931036
1903,0.1424461661020886,-0.15073200783016838,-0.331302494895156,-0.06625430827889252,0.46601174362863595,37.756277307883536
1904,0.14589586802354304,-0.10087117240951288,-0.2787685079925556,-0.009541436639179121,0.35233676511112433,38.85117607723791
1905,0.14182400228641295,-0.13501235765081127,-0.3059276003400262,-0.04615057916372039,0.4202793351779868,39.17735666822274
1906,0.1436380149707511,-0.1603643499240568,-0.3278620656673781,-0.07265146549422127,0.4696416639761726,38.511935460654115
1907,0.14318749783156598,-0.12323603483125602,-0.31111520629510436,-0.03924054041676163,0.4131210547940065,39.31553359613493
1908,0.1418460774138992,-0.13348172104179748,-0.3082455480237769,-0.048573724288442324,0.42201432783800213,40.69485031279214
1909,0.14621191920838303,-0.11114108947137707,-0.2904593331939798,-0.026549657898257435,0.3786473480047158,39.774958958415155
1910,0.14494282083458673,-0.08246133330276634,-0.2668481692492777,0.001156881326989533,0.3153704568783702,39.935407404981255
1911,0.15666197382305025,-0.07169090024307376,-0.2860781167025868,0.006435126230475498,0.3230095647773687,38.55732110994424
1912,0.14537429348993344,-0.09790565416471124,-0.2782019887171702,-0.01652084256922133,0.34927177471480453,39.24954966486181
1913,0.1473091642074787,-0.1070031925067558,-0.2800408514387747,-0.02402925544682525,0.36324895830449966,39.62019559124822
1914,0.14872057939514854,-0.08756995646973871,-0.269066065338009,-0.00997238021664779,0.33435641488580237,40.961262697435366
1915,0.1542254906133023,-0.06645886839215291,-0.24510441939540753,0.010822116926591295,0.2827665521833037,41.1222970130354
1916,0.15546083741672173,-0.08715678945148919,-0.2536630792104739,-0.0056575454600109945,0.3136890231752916,40.69745751338626
1917,0.1513291979544617,-0.030440965299449802,-0.22870130310014958,0.04177509687507232,0.2174014527749937,41.629152604434104
1918,0.147745042011313,-0.029382446566296856,-0.21256645663726162,0.04448634572531871,0.19890674621788174,41.56684398692214
1919,0.1508603565718916,-0.0824522104040645,-0.24958785591973004,-4.475484860201827e-05,0.301747366272791,39.82506305430978
1920,0.14607290581121357,-0.09741600274917807,-0.26770093797278016,-0.015148828671343718,0.3391921677074514,39.33112838637826
1921,0.15520757561180837,-0.07290992644586856,-0.2425643364304276,0.009180607673984575,0.28111199769235556,40.076126116176724
1922,0.14760811798159326,-0.058995819603812186,-0.2543898190090931,0.013975136184151658,0.2811841027560152,40.02847075451982
1923,0.1501950015222195,-0.11016874440522739,-0.2879446460751711,-0.03270984063409091,0.37238600418370077,38.129549736009025
1924,0.1526687307357997,-0.07831299147328222,-0.29464109010461137,-0.005553854120647245,0.34458591655587034,39.86993291431144
1925,0.14467701457827567,-0.12375810842535014,-0.3163965355911579,-0.04800745927585268,0.4224551863648187,39.086531845599886
1926,0.14942218695684542,-0.12191817743264119,-0.28235787442649646,-0.03918799576816868,0.39130391325216535,39.00617881681166
1927,0.15969982793796075,-0.09811017085821779,-0.26169969787540065,-0.01487417486415055,0.337640149851782,38.68773650432907
1928,0.15942564246093557,-0.06963751079095046,-0.2413987932825324,0.0114655836868293,0.2790792694207308,39.42946441034983
1929,0.16641103116941722,-0.08435380847188907,-0.2612281713603304,-0.0022550975948992455,0.3160799552272018,38.627852358130276
1930,0.1737266725010046,-0.02903238818695606,-0.24210627891884254,0.03869421216229897,0.2291726706042083,39.4700302589985
1931,0.17719044290279318,0.014916505600557245,-0.18997247200687636,0.07918796358715474,0.12030328290905198,40.8327317645035
1932,0.1723239966297499,0.016626768885671883,-0.1926786956703501,0.08011000214729584,0.11992138007173948,40.54099293346955
1933,0.16222824761347332,-0.2175118644773552,-0.27527524798571845,-0.12415900345536425,0.4679111113021401,35.35634512551535
1934,0.1732017530206771,-0.07365297900902083,-0.3840459886730988,0.0008401855833360932,0.42953503714951613,41.79082712487464
1935,0.19997920505031302,0.04019107273039092,-0.3567013919477544,0.1069131450068159,0.2535934467304176,42.74098523361772
1936,0.2120202454585978,0.07829755940079856,-0.3348296636702985,0.14393162758087047,0.17569064401174048,45.020168958030304
1937,0.20493353827405839,0.08636224062802794,-0.35753502243062296,0.14267060409820906,0.19841655164097088,46.15397576046495
1938,0.19174199811673545,0.07137759567996498,-0.3680133872050311,0.12386251194342668,0.2345226182379864,43.4680980803266
1939,0.18145604922316774,0.03124244116493374,-0.35345770575708074,0.09314157003722749,0.2649080956718698,44.12165296081885
1940,0.18214302101051702,0.02932390329678414,-0.36613632026743387,0.09025325544618433,0.2813093099168473,44.425407248041125
1941,0.19037042397197934,0.10375264610085579,-0.37513021218061354,0.14515084525998362,0.2045803845785599,46.19114616910363
1942,0.18456559963051417,0.07069751034420847,-0.3663063320537282,0.11933022830969311,0.23746661122682325,45.45307104785978
1943,0.19034417700782097,0.08912871874032703,-0.37106303030563326,0.13332982609682859,0.21843637284769646,46.34027952403202
1944,0.19202077981687898,0.11155787523760419,-0.37734585894914047,0.1501549599442934,0.19852699975874025,46.20437402043923
1945,0.19951541289147878,0.10484311947051721,-0.3675419891035326,0.14582649327677644,0.1958859751755333,45.75193663240241
1946,0.19414819284171725,0.07608351221684967,-0.36052683774019545,0.12355457222479452,0.22465770681099476,44.707288114711744
1947,0.19089474207881588,0.09011062609977286,-0.3604776593792099,0.13573958319094384,0.20603361119730687,45.571941972558534
1948,0.18177451173946924,0.045011112613963296,-0.3725214689193868,0.10214033643703692,0.26831468278265486,45.702150751751965
1949,0.176697343472401,0.01663229066851415,-0.36442792389203665,0.07900809147389615,0.301141327235669,45.2679412268688
1950,0.18935545637265028,0.041759251704649634,-0.3802419187911191,0.10027605329708637,0.2804278769119435,46.91759523630255
1951,0.19250439159602567,0.06506569443076476,-0.37406653501775117,0.11588419007688312,0.2528747257744033,46.52166453200254
1952,0.1749168598984757,0.02797540718106212,-0.3874974078861668,0.08486736369138807,0.31325554662496524,43.98443045957521
1953,0.17911051025780317,0.022281534559313053,-0.37726841917803944,0.08281874151779112,0.30858035821155,43.73973351626238
1954,0.1841848898897607,0.015967919482769835,-0.3653169186534725,0.08290418021916794,0.296040660474638,43.88685174478041
1955,0.16902667235489677,-0.058695078232521465,-0.38826050422629427,0.015798002214894566,0.414079880822575,42.6164744266746
1956,0.17671186825335364,-0.018251272419866866,-0.3834168737001455,0.04715451374489408,0.36393952425526593,44.34931545400844
1957,0.17074893688670942,-0.03605244801298797,-0.3723616227034238,0.03470557852510908,0.37196843921333295,43.61858271122966
1958,0.17875897558245876,-0.023210410513822007,-0.3469091728567847,0.05117978358168394,0.32982263949395385,43.71824602025452
1959,0.1775602177042867,-0.034911508330736925,-0.3808028743861706,0.037285087705343355,0.3767619269862797,44.59949472625747
1960,0.17445413991077544,0.01459764483931803,-0.37932836722978985,0.08040850823650644,0.30940202571145076,44.36652114623864
1961,0.16941767376674666,0.006951646270589019,-0.37747553825159236,0.0770583288621036,0.31535780725267104,43.43000104272992
1962,0.17526344216232626,0.009158753866571886,-0.37786589738425086,0.07287304166185617,0.31978958608640745,44.3850291682502
1963,0.18211912775772296,0.0023218091186532016,-0.36872695895158486,0.07127215673336562,0.3157882470802967,44.02856358345119
1964,0.18032035238922772,-0.022622160697384326,-0.39283061414449544,0.048168529290316876,0.367039446346235,43.28366534670996
1965,0.17279880392449892,-0.03156275288877979,-0.3853671942401907,0.03975671726352778,0.3719068847386223,43.68806007220798
1966,0.17635004502645776,-0.06304504159266223,-0.4041851663924469,0.008905132412509594,0.43371677630016386,42.84948571373068
1967,0.19211970728409,-0.019816548245240387,-0.3859565505337553,0.04923508479260074,0.3589639875643339,43.89840900403663
1968,0.18767486796184887,0.031504664393975035,-0.36554882548974826,0.09705377674166088,0.27052425595031937,45.024475453825225
1969,0.1704653672838842,-0.08494834756068757,-0.3899389676571319,-0.0065403701811349215,0.44053881800480954,42.067825121831845
1970,0.18817888680926534,-0.031994392481712035,-0.3945293376423317,0.03671058018058468,0.3892642526871111,42.92539984012291
1971,0.17641227497101733,0.008442686396147703,-0.3537860432255804,0.07766549519337732,0.2893879191493215,44.53718807347555
1972,0.17897140406572268,0.006623141153533095,-0.3699741190277382,0.07636163832706234,0.30707196509413975,43.5977436713356
1973,0.17379402090597856,-0.012460020746526766,-0.2738641551183833,0.0765035521222773,0.22862201993316722,42.34896204504195
1974,0.17526212198651975,-0.033662476264101515,-0.295451022006967,0.054729436593214435,0.27907373090612303,41.63554556876637
1975,0.16854185725099466,-0.011909459790722674,-0.254455361406042,0.07913350233898059,0.21050628624391965,41.32800462939229
1976,0.16088400853759197,-0.03483131920970898,-0.2579447522752522,0.056586448741195415,0.24566375178836486,39.90466358672329
1977,0.15488919923542854,-0.12423293220214451,-0.3035886020728853,-0.030665286244046523,0.4144320671794968,37.58902068714124
1978,0.175889109428741,-0.02433611056749759,-0.33658273352189544,0.053117849025456,0.3148314906534469,39.61978290533408
1979,0.1599784972253806,-0.09782194719303307,-0.3531575166514846,-0.01358734765874105,0.42274303292655874,40.04951972525827
1980,0.17098526365038796,-0.07700959612398811,-0.38182961986006403,-0.0010756796595701153,0.43000125081689045,41.12889276595107
1981,0.172664801508794,-0.0725318101000884,-0.35256233501045436,0.009884921526675942,0.3832040451291662,42.07187466361806
1982,0.21540829817509757,0.04448085510984124,-0.32913351676143526,0.11838188818682083,0.20370828186554402,43.584098346437756
1983,0.1814831003125601,-0.017897912599781435,-0.3286210865619829,0.06020903495777089,0.292488724716135,42.601605464355195
1984,0.15512516857186823,-0.0835337469073855,-0.31100540475100613,0.0038637415820328724,0.36009803627946024,40.695768161243336
1985,0.16725469462717096,-0.04243682357191016,-0.2750768693456095,0.04489719843556549,0.2705162185911545,40.82661572316202
1986,0.1719069487271989,-0.020557383018478027,-0.27582758911942895,0.0635075082954303,0.24400767168035295,41.39264876581405
1987,0.1652233862951349,0.006265423097337544,-0.25426501981203137,0.08551848980940922,0.19548947375454762,41.992057745862915
1988,0.16855558369947793,-0.028769854002097174,-0.3939621866009955,0.03542818735678801,0.3898075445077909,42.933937087379874
1989,0.15682275342075436,-0.06445650205460672,-0.38991665091327576,0.003964606212163437,0.4325418735133548,42.218372059200675
1990,0.1703856167098665,-0.06817253862249886,-0.36299847871730145,0.005433782394047459,0.4026870768629678,42.04417209460041
1991,0.17322924192121708,-0.05350297935066083,-0.35669043414914026,0.023045171400342103,0.36794105469054456,42.25774333935961
1992,0.19713844218098456,0.0270789425607034,-0.33377132521121244,0.09360268517387833,0.24238882735934034,43.55086846064063
1993,0.2049606653911821,0.016037325515353865,-0.3071662603787594,0.08006670973809422,0.24617085430802757,43.77316927639227
1994,0.2082487575946493,0.048104321830876665,-0.29424205788791324,0.10393611642882729,0.1894428652649301,44.111045595573074
1995,0.17317829703161647,-0.026127416511482267,-0.3154195213578824,0.04850259229556807,0.2954182065627347,43.18179774693342
1996,0.15860017917406627,-0.08800421252918053,-0.3453836629879584,-0.008178831733716462,0.40873723844465487,41.41869073473327
1997,0.1566209399385543,-0.11575292619585596,-0.3781734205146317,-0.03451670108861726,0.46714812894878927,40.317784915822806
1998,0.1776002603092852,-0.021728540467931802,-0.35632365161014556,0.05543002070022516,0.31396691307446045,41.327739147634816
1999,0.17534777966154927,-0.044014715062421446,-0.31327271998767625,0.040807570224521854,0.2968016350661905,40.66159649239877
2000,0.14758618159574083,-0.09741116672456245,-0.3197371530067507,-0.013728273012383187,0.384834145418615,40.33462011028111
2001,0.13822889518907053,-0.14987932058014186,-0.3563637734695503,-0.06869515497571502,0.4834547488162192,39.06090741893419
2002,0.13921956966905433,-0.14642875093541347,-0.34154852070841857,-0.06197266165512194,0.46670628554659127,38.689922623503264
2003,0.13853807512277969,-0.13876810431597794,-0.3595486439925084,-0.060088195423270374,0.481266235273571,39.330730151733185
2004,0.14704736360998283,-0.10231700893043111,-0.30138066443283545,-0.017223081230250462,0.37199749038203184,39.60614083538478
2005,0.1437959048283622,-0.12340089946074655,-0.28266884661340597,-0.029754760138490093,0.3827477605655443,38.94288595751555
2006,0.14109681090269996,-0.16215211243360378,-0.31110206063663454,-0.07108224498060306,0.459260127906906,38.18390413395934
2007,0.1359918066924689,-0.16470454084681416,-0.31475686706447426,-0.07571125403780841,0.467929164678183,38.26436744922242
2008,0.14741811082850542,-0.13313057561460642,-0.30119052071039104,-0.046299746158761125,0.4132745235083655,38.733774936351566
2009,0.14777596532648174,-0.12989923084463129,-0.28750020075240174,-0.04209695100701501,0.39402423453326685,39.58204420780707
2010,0.15202005282894443,-0.13987934252172676,-0.3384691660173701,-0.059082237979777734,0.4540459839903837,38.31774582455167
2011,0.15045640436703786,-0.08555976293132767,-0.30191932057447896,-0.004980653247166135,0.3527579002679933,38.77717859417261
2012,0.14749556347947584,-0.13856512301938564,-0.3516576817913814,-0.061222201561356125,0.47086640614264014,38.08259528839245
2013,0.1447260123849927,-0.13231754038131568,-0.3490585376489538,-0.05741803249077387,0.46445293637694146,38.03441720137217
2014,0.14690280395235739,-0.13770385016422307,-0.34758171983500397,-0.06247238451460744,0.4695249977592978,38.066691416658706
2015,0.15153999557108044,-0.14509845038107935,-0.2992307775306608,-0.05744691984335856,0.42106810953060925,39.2589143300882
2016,0.1471014863588045,-0.07452889839677271,-0.2530747815582391,0.0030929086597438586,0.2988352301632814,40.69927247051391
2017,0.15841515093515476,-0.09537799301778915,-0.26713613391742513,-0.015648252677167258,0.33558752836766037,40.5669413417938
2018,0.15608234347762706,-0.030464296035826052,-0.22503678823942094,0.0422982345603764,0.212286128999363,41.19034095865194
2019,0.1515506668176266,-0.00797909523263482,-0.2066959045088123,0.05995392304857615,0.16678333110585183,41.05071205410285
2020,0.14979791664836023,-0.0657433597868551,-0.24219181472549087,0.0121906909116284,0.2734392670023019,40.17726393160525
2021,0.15144543186700332,-0.09400655614580315,-0.2764919852853712,-0.01383877847657059,0.34546034422221594,39.122194010598584
2022,0.1441921936308095,-0.06305164980850916,-0.2311974878596908,0.016459525630280778,0.25989645154310403,40.38039719990812
2023,0.15186256027781736,-0.04745153262547007,-0.23593284031967993,0.02579499078749268,0.24693273250972875,39.96644663707519
2024,0.14555326814239497,-0.1708695849003603,-0.34176147527196565,-0.09467213381814038,0.4985293912762618,35.76612328904408
2025,0.15931563054867737,-0.09864857565013063,-0.3215095545933627,-0.023574800110559273,0.38655050528907764,37.55740220613847
2026,0.1503049986979254,-0.0551742689572583,-0.24741791967923746,0.020415441301814788,0.26118273939903136,40.097296169762686
2027,0.14594126229411897,-0.10135457972041793,-0.254063794020823,-0.016469793085180272,0.3317539223805315,39.59695936948533
2028,0.1536560166897911,-0.13443471652766245,-0.2953295071281026,-0.05230205922567757,0.41622109175775907,38.145390727434425
2029,0.1622154927310249,-0.09094130857820673,-0.28759526951772635,-0.018489342106306355,0.35049892923322784,38.832340644953064
2030,0.17977497301481588,-0.1502778371236248,-0.2691567838322828,-0.07293299240224217,0.37474627167813845,37.12898672169663
2031,0.19277054278888878,-0.34903443838211784,-0.34502146767665615,-0.26926182487459277,0.6467705031359136,33.714097796399926
2032,0.18304875266111292,-0.2537751839201878,-0.2953292032271656,-0.173504996095328,0.5105451750361922,35.77541757804757
2033,0.17588848737604326,-0.1438142523340568,-0.2531691144465032,-0.06434016065212086,0.3523644481816665,37.212085845654336
2034,0.1226456259525123,-0.3465137486169922,-0.17110268724831107,-0.24313970463556425,0.5368506058881355,31.46640012504409
2035,0.14883034049050456,-0.10041821140146326,-0.419497448721707,-0.029825680962778333,0.5122945312621308,40.32617610280961
2036,0.16117330099465269,-0.08573194028374378,-0.4035302906394337,-0.012255649281202275,0.46560563804945326,41.065706940869795
2037,0.18620881483793922,0.014083720093109833,-0.3661981980510543,0.08356737371621253,0.29304299752410956,43.70895304188515
2038,0.19475563546154437,0.05064295926909883,-0.3625887922400538,0.11162106975112135,0.24642706595844424,45.27569124645126
2039,0.18202941988672594,0.011475482840186041,-0.34148082524171997,0.08072192564695072,0.2801229538217276,43.259984416054394
2040,0.1756456448682224,0.03420319382520687,-0.3205027481490643,0.09810954728419086,0.23302222828895588,44.467151570192804
2041,0.18272245799403378,0.027997862664785725,-0.3656664388289578,0.08800860997189534,0.28296463571197494,44.90441463490739
2042,0.1894875457328519,0.09550231616158741,-0.3626712170540987,0.14009300934167865,0.2034201882270114,46.006441029567824
2043,0.184832600234961,0.049539079683353505,-0.36566687627185224,0.1045812220144663,0.2584819571355736,44.68480621290603
2044,0.1811248097299629,0.04832972775564106,-0.3550478575643411,0.10292369837976888,0.25206958866148105,44.50395784160744
2045,0.195314578145334,0.12498635200974058,-0.3726696407255004,0.1603783008862267,0.17155339633277014,45.74363563053998
2046,0.19662763017970913,0.12634937329547502,-0.3791430256734798,0.16299544245408326,0.1717638586713943,45.46359629382331
2047,0.19717880218851422,0.12305274431627525,-0.3740896593926994,0.1602190863030776,0.17215828995044946,44.997833415966184
2048,0.19059856352712823,0.1108899778795448,-0.38446505459507413,0.152132248306622,0.19809857595849986,45.231613173053894
2049,0.18544472475732435,0.07064015793396491,-0.3771740431596249,0.12361017388670219,0.24205853259355095,45.99969949805611
2050,0.17632564781195212,0.016400725067499494,-0.3651279315345121,0.07756288083838421,0.30480780538029123,44.86104185089998
2051,0.18505567554496205,0.05887216463533128,-0.37582119468374053,0.11213922195877152,0.2599970658583305,46.07889156441571
2052,0.17038639321075472,0.02376422317612284,-0.38453831189925086,0.08108910056764512,0.3191269809649169,42.802687955113264
2053,0.1829331989735824,0.06730395018281435,-0.401576580181821,0.11090530268018249,0.28378235686065945,44.49959719985779
2054,0.1910906616642961,0.062227876206152,-0.37659047308274224,0.11577565370812633,0.25814556199296035,45.942194614533435
2055,0.19373312008635232,0.06967974079305098,-0.37580871208524486,0.12210720211442777,0.24693367032302838,45.2738159628627
2056,0.18510199749374162,0.026496413853348666,-0.37473700523478803,0.0859205312038297,0.2962632996250323,45.06200722852313
2057,0.17876017616982437,-0.042335550955681506,-0.3716746553647913,0.029431774195681285,0.3744654673535954,44.689636823311325
2058,0.17585580642689763,-0.025270473955993595,-0.3639533089957143,0.042808307688244604,0.3480909513926452,44.477854014978206
2059,0.17541377073439518,-0.010817398042414867,-0.38443428022853077,0.05203646092585787,0.35386098075157896,44.51241866084538
2060,0.16888421746194512,-0.06317629231692005,-0.37620810864223064,0.013001011852285747,0.40453638379622536,43.53821386960456
2061,0.18339429744054628,0.03717245638051437,-0.3678979003469897,0.09871223877263406,0.2718832987276501,45.06415480134887
2062,0.17791040374350675,0.05405225566595639,-0.3742353400492124,0.10891474622033961,0.27099110337116145,45.697787519330916
2063,0.17753359962245965,-0.006701612932504273,-0.3732906265996906,0.06060163583829003,0.3362969923600074,44.908239927829804
2064,0.18148175413187728,0.03097172192161242,-0.3782855735076878,0.0939020866862117,0.2907600330928319,45.545240394491266
2065,0.17745250840800852,-0.020994273381388703,-0.4030611256369191,0.04372571501757452,0.38729802707494004,43.63821526600464
2066,0.17434310790239171,-0.04171287534902364,-0.39753355516791306,0.025304437039064823,0.4044879126049522,42.78709140237021
2067,0.16860392785437486,-0.03785380599916807,-0.3858737792483471,0.03415176102367241,0.3832617719589646,42.78076014291367
2068,0.1751986777736003,-0.04321621874777089,-0.40014190804664507,0.028545726662377938,0.39963544563517756,43.18618729530369
2069,0.1656037458075156,-0.03795450516078118,-0.395111740873104,0.03085431537457411,0.3942224628832731,43.5366932228253
2070,0.18276092634028077,-0.0004804662882339473,-0.3809481692462873,0.06661456750016628,0.3245651188712503,44.30537315831957
2071,0.1806330180391351,0.0332200179517947,-0.38059839039973314,0.09589373941594316,0.28700830872153793,44.05546959615978
2072,0.1740261429080217,-0.031100214138256553,-0.3394364046870905,0.04660457185248925,0.3252936027276982,43.33965057129621
2073,0.1775568077929529,-0.05578630347268062,-0.34509292714708184,0.027021398739834085,0.3519161227272846,41.765888811399634
2074,0.18013568646487363,0.0041183533960432415,-0.31617957298687566,0.08160740875897818,0.2532285868417033,42.626906168525544
2075,0.17522976941177448,0.01368065862972959,-0.27099270196290626,0.09666882049594722,0.19236654173755421,43.09884942779999
2076,0.17740640918619197,0.01862333662109659,-0.28822403467020974,0.09583430492780284,0.20730451675161243,43.41754505888554
2077,0.17689085844698163,-0.02115464136068543,-0.3032838367079605,0.061110163202437714,0.2707118446919684,41.437642792462874
2078,0.1370843014244237,-0.13455029189300022,-0.2890279040880375,-0.03462552806346871,0.4030722762385266,37.97085968844521
2079,0.15370739183999538,-0.10828252415204384,-0.350437552083292,-0.022892777192575063,0.4257300821081786,39.18577692078637
2080,0.1507153930844099,-0.08156661329088666,-0.29680143967657185,0.008342584601228437,0.3468598384435758,41.09456380030742
2081,0.16006228904364012,-0.049099288947110804,-0.2811287295762439,0.038959996798684046,0.2876985506977199,41.01594437847839
2082,0.15878737528088854,-0.09032438519952657,-0.32957228245091047,-0.00549078596129346,0.3914901826942904,40.73686175614429
2083,0.16216780434010006,-0.06633740889605792,-0.31104001598095227,0.021884450865413876,0.3396132096060261,42.28177342471624
2084,0.16794219083032963,-0.06960929371365987,-0.32731826666376507,0.012846278358839093,0.35954185462686866,40.9511940977131
2085,0.15019353613415054,-0.09719650465046363,-0.3368703950853858,-0.011979201462685883,0.40859435098585956,41.37088872542084
2086,0.1549717536712315,-0.0650164279776769,-0.3019400753097071,0.019856659824943994,0.33409976558784127,41.71018969632054
2087,0.1638858023999488,-0.049793723133744236,-0.3070398838401228,0.03470071792761937,0.31387303689895035,41.87861780338306
2088,0.16070288350546352,0.01761317347290691,-0.19791044475177524,0.10029793318354792,0.12256325114611359,41.21687515492642
2089,0.15883952095284415,-0.01682144820459849,-0.2590371658932505,0.06465204893467275,0.22788481483977516,41.62133531530143
2090,0.14399088828653622,-0.11509322877332011,-0.3613366572909537,-0.03557692042837386,0.4591640323920237,41.126627533698944
2091,0.15175521765067307,-0.09146085739611723,-0.36048839678308325,-0.023087568530956296,0.43472138561870743,41.78951806665557
2092,0.15702066464259393,-0.0844531308698612,-0.35951069751321135,-0.012517767405543126,0.4188444774756494,41.45925392677577
2093,0.16791322358938202,-0.03115804118115847,-0.32910899488671996,0.034503885263516276,0.3282972476153577,42.938703894157534
2094,0.16264545804799554,-0.0529228900991519,-0.30948474926185443,0.02291313593272766,0.32810905180614147,42.42978325017286
2095,0.15283985181032303,-0.07130922057490956,-0.34362388711632647,0.0049469374971197215,0.3835399307302431,41.6593717762683
2096,0.15354391601027018,-0.08511432267185555,-0.3583558014226357,-0.008728151670160264,0.4187605855884442,40.70207313997973
2097,0.15042109741405413,-0.09833706003388996,-0.3698619136328943,-0.02269400145583817,0.44724301600519917,40.284937649527535
2098,0.1583546579484627,-0.11226482458020076,-0.3700360485328207,-0.0329317323803966,0.45356959159154414,40.64417763671037
2099,0.1663425769059182,-0.052177067128726544,-0.36842631583905594,0.01966909894379987,0.37602809515947005,41.60703839010888
2100,0.18200816952965265,-0.07243236035186368,-0.34168913673605184,0.00882519492335433,0.3658740706480432,40.21612607415659
2101,0.16200871734562242,-0.09864986748006956,-0.35651349654112824,-0.01822203540157498,0.42141799274433683,40.38168491490983
2102,0.14342779045286105,-0.10201085358542887,-0.33200574827209234,-0.018842231013981917,0.40777239695964485,41.00848199130679
2103,0.14812519302553112,-0.10739994523348519,-0.32935057087576153,-0.03021421615277872,0.417469804936297,40.142125188797074
2104,0.14344714209823187,-0.14771412372654788,-0.3535117459111197,-0.06832330474757087,0.4855038787270955,38.520945988975726
2105,0.14157814252110815,-0.14302131806672116,-0.3530763137877486,-0.06357140469181582,0.4760253868249613,39.60939783840363
2106,0.1527278127206291,-0.11352990262337945,-0.31978796486335737,-0.029869929303179596,0.40814287561847123,38.88403543054253
2107,0.1512812683039349,-0.12512438204728044,-0.28884287816177523,-0.03571616180620261,0.39190637899519526,38.416016892163995
2108,0.1453269996924688,-0.13898794511199078,-0.2879520060393039,-0.04629170396412222,0.40567047981038634,38.816555830136274
2109,0.14130100504927956,-0.13646786015022727,-0.2991511194372069,-0.048467307604625975,0.41327699125669093,39.13822911620665
2110,0.15007965526654032,-0.17754131490015823,-0.3184426600000554,-0.08831781740475064,0.48098467820477847,38.37605921967398
2111,0.14961854882504,-0.14608910945573317,-0.34242230351819075,-0.06578030030042567,0.4687240762820165,38.35409557679993
2112,0.15004938084557057,-0.11346593439575106,-0.32041885395725034,-0.03247100152263653,0.40762094275288946,39.02431157776714
2113,0.14730006741836657,-0.10036377378435997,-0.3235903510779912,-0.017793557544887678,0.38575713758607133,38.562825632132636
2114,0.14316221289405798,-0.1101783260192124,-0.32735238602211086,-0.0325191983107617,0.40831767418888976,38.525284524156184
2115,0.1509075345381423,-0.11998687733801479,-0.3068704687591271,-0.03896579545241029,0.3996422834055466,38.830470183197455
2116,0.15386454233865068,-0.13520273106757086,-0.3004056384191384,-0.04991167053884538,0.41461238328703587,39.65651895950995
2117,0.14041978139241734,-0.14603357466346342,-0.2927528358108211,-0.05890974399915722,0.42397580751777586,40.10669477391188
2118,0.15562718165854772,-0.11375812623538976,-0.32377631136802104,-0.04129111979483544,0.41475086578461734,40.1885198125342
2119,0.1511464298452665,-0.04868394723740665,-0.24845369853306956,0.025787742103953966,0.2565842764367481,41.10328711699651
2120,0.15599676957075168,-0.023193349471393288,-0.27591966229878473,0.046465826500161254,0.248220675670025,40.09132904358489
2121,0.1474371966192194,-0.06398858979890057,-0.28057803998456543,0.010391667781473862,0.3086611489010615,39.96587651026212
2122,0.14416806706120458,-0.08467034001725816,-0.2665537068589729,-0.006963927981957671,0.3229034348754416,39.83686426292557
2123,0.14026135742258233,-0.09418338044627803,-0.2638372769055012,-0.01291858135667045,0.3296454247994312,39.981665161630296
2124,0.1463935857919738,-0.08247180773363577,-0.25392141843246696,-0.002073907143850251,0.3050474041349954,39.87486117208982
2125,0.14738940844839105,-0.12386726944041249,-0.3015781954653226,-0.045042250375867364,0.40450286604483665,37.77858402260111
2126,0.16222247958712652,-0.060068520290173434,-0.30393757885487893,0.011365588394246541,0.3234387783976654,38.676250759836755
2127,0.15358374208154044,-0.049481001820642884,-0.24561860870311367,0.025554333797540418,0.254156199187345,39.08683520171267
2128,0.15251919341450096,-0.07971082627132121,-0.2578476758372596,-0.0024279001103061832,0.30911161552540717,39.5253717339838
2129,0.14803465562508625,-0.07510748110813907,-0.2498579556093866,0.0022523361082984,0.2966826884625947,39.70572247171918
2130,0.1471517431242141,-0.1542908568006386,-0.24756007778646014,-0.06323252710254455,0.39972133107660063,36.29595964983289
2131,0.16648950216714914,-0.3175863273715009,-0.3091496658764659,-0.23032922324462318,0.6130370311303537,33.50753388133788
2132,0.16989741009623266,-0.19247141842958773,-0.33535257169140426,-0.1136629309512396,0.4971443976954343,35.754659845810195
2133,0.15769408628565057,-0.13440290177108905,-0.35635718093264657,-0.061689159084846505,0.4749668702524611,36.40801127768668
2134,0.15662628629439498,-0.1843030348287892,-0.32498366539621876,-0.1074345673625579,0.5016846496549292,35.90180626860499
2135,0.09711681683179742,-0.2384140010585553,-0.08734692922149478,-0.1369473802879897,0.3620174612592851,32.86835909270577
2136,0.1664531861632357,-0.029338245760082676,-0.3893127333675169,0.041606965102133735,0.3838579119507504,42.18654717796853
2137,0.17283843383370529,-0.016471755667079598,-0.3777181943018768,0.05578856044164261,0.34456650998109223,43.72304322904545
2138,0.18238182454761906,0.045195879619738095,-0.37942541372399835,0.10455527490614586,0.27506228002757677,44.85737104699128
2139,0.1903664091542438,0.08806247688026704,-0.3708494312343117,0.13948312980650132,0.20977509416465145,47.069837379483445
2140,0.19668041791062013,0.09796353873427391,-0.35896231940551043,0.14589312098886323,0.18817560124683522,46.708892719937985
2141,0.1868618131022958,0.10517387447925869,-0.3669570142682469,0.1470039520685176,0.1935165367066835,47.09175552799886
2142,0.19533418764340138,0.11947647769136971,-0.36597879457759813,0.15576122152833963,0.17725704022716948,47.02275598331108
2143,0.19495394002058392,0.10547160260937778,-0.3653232804720878,0.1491858607159625,0.1875197589188611,46.505985209480514
2144,0.1886399098192964,0.06077423321882,-0.36819592950193786,0.11415100496744052,0.24652204105546033,45.600188013220915
2145,0.1796683711334017,0.059239356049660914,-0.3656361936730594,0.11042321370285217,0.24794358636897698,44.0332665803469
2146,0.1957487192958677,0.10855384662984902,-0.36760310586516937,0.15075608213033195,0.18316709216355356,45.658205828892704
2147,0.19445403776184772,0.1164327353670422,-0.37170319191850854,0.15747014605105272,0.17870843718623616,46.24057891771765
2148,0.19282838866666296,0.11520167461162507,-0.36922959959290474,0.15637734991705424,0.17943371022934126,46.2307694411117
2149,0.1817736262158803,0.08508683796880494,-0.38029718842306787,0.13138637948837903,0.2339920098501653,45.44188266078861
2150,0.17640428052350848,0.016453500268532237,-0.35739164861152356,0.07935471497674307,0.29118791055375104,44.13156138545827
2151,0.17734041571119352,0.0020486963117269993,-0.35345055410570103,0.06867347965011647,0.30307055583100817,44.0343977298831
2152,0.17493683949663538,0.07918325147060705,-0.3845772621989543,0.12794381795909585,0.2395921086532576,44.83067169625819
2153,0.17656649033159336,0.014274168024810845,-0.388635851486329,0.07331309915431715,0.3229656192895147,43.32576018990642
2154,0.18774726409405557,0.039816753028652715,-0.37686176614823735,0.09541446461003644,0.2858272511031309,45.397129644712585
2155,0.2023195329675104,0.0812360380715977,-0.36316021102135154,0.13257769510360923,0.21748162379220629,46.433509579265575
2156,0.19577240507839988,0.06137221041816137,-0.36602421376016997,0.1152116162740932,0.2474443065513844,46.16183913126063
2157,0.18387255014841528,0.030903765523723502,-0.31363084891590615,0.09603029807028185,0.22933092569050384,45.36480538287471
2158,0.1807492059599839,0.006223366475663522,-0.3813573614502816,0.0673324552652242,0.3295678125871011,45.71411037239061
2159,0.17287469260154154,-0.04436247509709768,-0.3752701234072932,0.026099891280040203,0.3798114259463493,43.40671186966451
2160,0.1770787441436661,-0.032606114794435904,-0.38882113088726344,0.0333527040538305,0.3831370646327287,44.21868109066836
2161,0.17631673480191754,-0.0383973307943122,-0.3803829869402041,0.03008727610869992,0.37977580235476066,44.7179253815856
2162,0.17792222757491097,-0.007278634483836352,-0.35758694829856197,0.06198399932033909,0.31419847397146633,45.73164802402884
2163,0.1861766502694578,0.049934372600215556,-0.37760306593958726,0.10838834004358357,0.2675886061343225,46.39062146992406
2164,0.18600017926117965,0.0338522201326832,-0.3729757086322011,0.09524188815514593,0.2848025088118284,46.168484280579705
2165,0.18210804468227434,0.004515031288200877,-0.3933574577292633,0.06669784928542753,0.34170588557870213,44.76636726826388
2166,0.1840273689470925,-0.0019420917470829393,-0.38893330258680847,0.060782989215448884,0.3489224654408903,43.45713498548864
2167,0.18971965160164386,0.00010633631890608984,-0.38963358580593005,0.060372973043992244,0.34985878410726207,43.351672457695194
2168,0.18132418578319456,-0.04943505879137519,-0.4074406794423505,0.01651938696068845,0.42385699936891874,42.351967868103316
2169,0.16562128997971481,-0.04114652843748345,-0.40272459358008666,0.02922305207539494,0.40414383955753336,42.379224512327205
2170,0.16515221860944448,-0.05300774010439353,-0.3922432641181451,0.017697518790385773,0.41392852509372147,42.79551353285253
2171,0.1813700878767819,-0.016274274474029113,-0.37789461820599873,0.054949616772206354,0.3426878516927685,43.622618811216746
2172,0.18116854470963484,-0.05729252922230559,-0.34852868857754177,0.02786983089486493,0.35376401059365986,41.735309706647435
2173,0.18111225913297493,-0.03410986497886333,-0.3480194289016571,0.04538644234702438,0.32865556924815453,42.306116154485785
2174,0.17798712535111985,-0.060169284788285364,-0.3362747245365872,0.024526528146271154,0.3542089881600432,41.12043693751048
2175,0.1706589598236109,-0.056810908944373815,-0.30436975759306306,0.03151747164903412,0.3161277694097093,40.96588432769943
2176,0.153306813832764,-0.08966038299858729,-0.30475561464535966,-0.0037883497723498255,0.35791670091771927,40.61942597191016
2177,0.14581767181014477,-0.15404825735538735,-0.3366886518512331,-0.06411803238532071,0.4652918112574113,39.173382566704596
2178,0.14383358715785743,-0.17564900853344165,-0.3490527588748975,-0.08414336673727367,0.5065726525525909,38.38078983503924
2179,0.13944141837973492,-0.16734986045111577,-0.33191679015369935,-0.07650516895742444,0.4825604583072497,38.99694361257128
2180,0.15794695883750295,-0.12303301589291624,-0.37026758805680177,-0.04074930812405239,0.46892105053076844,40.560094160863294
2181,0.172410931313134,-0.07720350009648974,-0.31342901824393066,0.011586538347927666,0.3496118079946,41.13255861560205
2182,0.16149124230742834,-0.1051537608728073,-0.3540591296226236,-0.02238904488559695,0.4317577863968367,40.977578347872885
2183,0.18381676587185894,-0.017386867047626105,-0.31560566535079126,0.060506807224341076,0.28143051902019384,43.05659375894434
2184,0.16191571238433025,-0.06386654765435254,-0.3087520878450565,0.019174042346084146,0.33799418350179483,41.90627201491382
2185,0.15242099376749838,-0.09005934316224266,-0.3042337403403213,-0.0006923788994652581,0.36403382814549695,41.06836021262701
2186,0.1489910619977823,-0.07929509204646594,-0.3024983905070886,0.008617880204290001,0.35000387664569055,41.028374546725665
2187,0.1504134753268843,-0.05591904154230122,-0.29169474761183833,0.02927613379780041,0.312082914604992,41.315739012214166
2188,0.1585475795633105,-0.042155431733787684,-0.2873795671947168,0.039117002738320465,0.2887138038688952,41.634216172298565
2189,0.16313188617254684,0.013527535820948879,-0.20939828115155992,0.09432038123081302,0.13862116222715626,41.12219006541982
2190,0.16015160305505713,0.011255801501260543,-0.19891862145700484,0.09438308847591834,0.13081156464778348,41.311730844374665
2191,0.15694579000426948,-0.028251325708553928,-0.26436979880403705,0.05378404883242836,0.24399147847380237,41.952338911098174
2192,0.15301378297471854,-0.059914757882537396,-0.33729632208863797,0.017291962497730053,0.3651282206631764,41.885610600205446
2193,0.15183335895956537,-0.0705727415193892,-0.36135332776473944,0.003327508815685157,0.402668495422157,41.604771736412665
2194,0.14749794617625575,-0.05238443130191786,-0.38634015233222735,0.010241094899068229,0.4175616561162102,41.33148118812191
2195,0.15753927248631933,-0.06596969725523785,-0.3775719218714155,0.006846670903662051,0.4082992667560585,40.81907293302359
2196,0.15693382208282108,-0.08519012466316558,-0.39601099554684976,-0.014125894744422812,0.4534598911593003,40.33899047532403
2197,0.144408860565267,-0.11076402792621369,-0.37892040234153307,-0.03520591043665534,0.46674516663701043,39.992942722446706
2198,0.15419323219542724,-0.09753007133755019,-0.3800210773800372,-0.024415118733883103,0.4527461875669175,39.68341662591544
2199,0.1580621675272989,-0.10351233342932732,-0.3540794640862841,-0.023164984549437072,0.42287618260343285,40.82328924838988
2200,0.16416063780142456,-0.11893451418354069,-0.39050027515969415,-0.03983033678880786,0.4730082663145866,40.24773495853519
2201,0.1699070061368664,-0.07651003204346053,-0.3409443100087614,0.001107189988336822,0.3853888420135011,40.6565226712266
2202,0.15842326611913213,-0.05637533211806535,-0.3065642082898664,0.021705630552446377,0.32661684205715824,40.24304399890636
2203,0.14809960395589422,-0.08654562986580891,-0.34841667340531474,-0.008883887081201958,0.4007518605525968,39.64339236065921
2204,0.13681288723401397,-0.1370088902198919,-0.33221439071614445,-0.05650442961078112,0.45340802265777547,39.72810312697072
2205,0.14981393635292442,-0.13245709215535825,-0.34708394024214717,-0.05280802510635956,0.4598695519925981,39.32835915947838
2206,0.16008139213145933,-0.07041863707035517,-0.3130913418159736,0.006004978640577219,0.3484813343363509,40.45213292465169
2207,0.14494035569514432,-0.14433593776397358,-0.3492897653073421,-0.06399777046309583,0.47567368055617076,39.59365674344166
2208,0.15608998961521617,-0.12623191737923772,-0.3034199461277268,-0.03813506923686187,0.4021324162972181,39.04161706143131
2209,0.15018890213264963,-0.14899760102539175,-0.32742418280811675,-0.06398771594287078,0.45233754105486446,38.845532738731684
2210,0.14679031006630755,-0.14618734447788634,-0.29987469198582994,-0.05466727095872624,0.4215636086498935,38.78560145334204
2211,0.1472944673775762,-0.1602787788421868,-0.31522223940431254,-0.0703328375599171,0.45379992686915854,38.2590060546037
2212,0.14896663242979186,-0.1420688393975233,-0.30908697558106357,-0.05519394983784853,0.4274372632032831,39.07338036935783
2213,0.15417264204262546,-0.08806205029110403,-0.28365864495498283,-0.005016596981442807,0.33399500192766013,40.02948268758381
2214,0.15311720583583477,-0.09952133893511829,-0.28823164728354267,-0.016146292650599692,0.35286860082611293,39.39816026142735
2215,0.14924126457840906,-0.14140790595759475,-0.3256899030613302,-0.059179578487130825,0.4474980158055356,38.57059045922681
2216,0.15051083496804182,-0.10631488281419678,-0.3152524208435973,-0.03176796035676737,0.4007841727491839,41.438628640847476
2217,0.1569885239621523,-0.039155809458590866,-0.37001758130929435,0.014551039228315875,0.3910445817255637,41.94793855530181
2218,0.15059773996190526,-0.08042130135261416,-0.3080782772717348,-0.010737319834164127,0.36353997816283296,42.13985747156877
2219,0.15149377672929124,-0.11854484552044253,-0.2891015842108966,-0.037290424820703535,0.38236852811575767,40.00865428244271
2220,0.14971107534515823,-0.1418380600834666,-0.29108683575284544,-0.05800838480969444,0.4064550388658243,39.61734259961004
2221,0.14761537024902696,-0.09343449513863546,-0.2759480193778583,-0.014364293349538603,0.34431958155090275,40.433004034924025
2222,0.15779927709061561,-0.08338724339028639,-0.2774440816326512,-0.004177797063412013,0.32929611336296377,40.5542820832585
2223,0.2186358255531919,-0.02555212944263307,-0.29644788601463523,0.038749251157184174,0.2724169497085942,40.95772877242528
2224,0.14017972676186805,-0.13412055845160326,-0.2918483722038123,-0.052199111970801196,0.40464036604043735,38.808521445803684
2225,0.1454036258499744,-0.11480927889686392,-0.26368522943183237,-0.029542544696324183,0.357268892457621,39.1589831082808
2226,0.15223805689896955,-0.054847260068456874,-0.23779324381009376,0.020270646965289487,0.25626794761908117,39.59686470888481
2227,0.1476707172181132,-0.07216665227065083,-0.2467749781022202,0.006291364490929019,0.2849621449560167,39.68361521056644
2228,0.14652470961035216,-0.09470380024606305,-0.2884358048836183,-0.016340995957969045,0.35517948722591686,38.41416343108773
2229,0.15515619326434565,-0.06893231263802965,-0.25714460783639675,0.006440871395069548,0.2957680270573617,39.7846035195886
2230,0.14892079563225608,-0.08033831079792343,-0.2765117606949219,-0.007034536240769601,0.3311261367802095,39.624362327496875
2231,0.15148911175456276,-0.14378535284151306,-0.3178785502890765,-0.06705105264746784,0.4547224137456175,37.64277314141714
2232,0.14715498397269114,-0.15122191251043765,-0.3154367111907908,-0.07281457769183523,0.46612234430877736,36.794414728935486
2233,0.1498189390184677,-0.14532197419043505,-0.3343451615625826,-0.07112513373950739,0.48217164129503703,35.97009808560639
2234,0.13436193434866095,-0.18318558387988423,-0.208407433688044,-0.09575157810805553,0.4039741033003385,34.31249170008655
2235,0.09630065152773819,-0.1857632626869709,-0.008652507947695643,-0.08645373001074319,0.22600367501925062,32.64683338337934
2236,0.17594915038403422,-0.10426973911526675,-0.3085103081274933,-0.036659781735893876,0.4065312336690563,36.77898409308757
2237,0.18730016369716404,0.10394091412141676,-0.3567506323616526,0.14582941960658305,0.1829262775225456,47.99851654801688
2238,0.19371278954572357,0.11049795099492978,-0.3555645809244734,0.15651804951608925,0.16711257929561857,47.35766899149987
2239,0.18999276796407258,0.10832612241863758,-0.3709059379006775,0.1490638197568259,0.1889754886529041,47.2052349889204
2240,0.18237968616221678,0.06957900968365847,-0.37232714306626374,0.11785568949860546,0.24256458692755214,46.676011478816
2241,0.19104446764947264,0.10003602337440425,-0.37011153921495127,0.14470857363105033,0.1989398488206529,48.410064275872664
2242,0.19355007484541747,0.10711777376435265,-0.37333868149209903,0.1506600812802437,0.19284087756255397,46.664374609695464
2243,0.19528139710820405,0.08438566860166936,-0.375646740510953,0.13707395532871333,0.22386666812747436,46.4499166363688
2244,0.1890463175568385,0.06964251688507093,-0.37941023511270133,0.12261327781154346,0.24951428054465868,46.006817471190935
2245,0.18155535301154202,0.06281447386953329,-0.37640048540382753,0.1159909791936859,0.25473699227201224,45.277246611330696
2246,0.17779071415747236,0.06478891581156591,-0.3746143894520311,0.11801698209476721,0.24849421852480905,46.12960592020292
2247,0.18235186620513436,0.06104250178237884,-0.37871929156401685,0.1133034437433824,0.2596745067773057,46.48390836967349
2248,0.1891061500976021,0.06977893760332869,-0.37537088957474984,0.11834190264581804,0.24715773104185662,46.36949511155266
2249,0.18416427238651456,0.01794291168851579,-0.36600423021870393,0.08145857411953128,0.2948052316256711,45.31087536146073
2250,0.19221186432633441,0.03211544810189937,-0.3649297135230475,0.09154251596244863,0.27884648957661884,45.65658124372161
2251,0.1905843712388836,0.05687974110956382,-0.3639521450231906,0.11074079015938194,0.24866298577122672,46.198596244325024
2252,0.1883892734459044,0.06165005220660917,-0.3755539604304126,0.11491038874802605,0.25004321000315416,45.01216057091596
2253,0.1975546819521363,0.07930912828307381,-0.3737606905829677,0.13010056149857974,0.22559333112163443,45.892229794074915
2254,0.18711104490675914,0.06141983519623854,-0.37501930910875264,0.1142013443725684,0.2525393218436225,45.69965893936389
2255,0.19368047613439782,0.07238354113200705,-0.37756810349971476,0.12412483833780114,0.2433784810593059,45.027724327880456
2256,0.19609107837463652,0.08389773183260164,-0.36660652659616005,0.1343854103320211,0.21542985016669383,46.88203123099063
2257,0.18272771572588026,0.04609687415459706,-0.3381915120165319,0.10588994728234637,0.2349982527093215,45.60341498501168
2258,0.18176738832696857,0.01870827886090438,-0.3711307456992459,0.0814334616308858,0.29571045362474996,44.83135881813536
2259,0.19741164716826853,0.0730003723324564,-0.37387523550492696,0.13022184061010825,0.22583022712376968,44.887500784076025
2260,0.1882416259667443,0.04251846578397938,-0.3787716231438356,0.10161663916359717,0.277887642940893,44.76495754445316
2261,0.17657411936818754,0.0036206222788159907,-0.33751180041356066,0.07039057798699135,0.2879916976434323,44.10560508658142
2262,0.17744699105371864,-0.0364528598846355,-0.3759505450590612,0.033471697221569376,0.3749101217007699,43.23272771057263
2263,0.1785909341001472,-0.006180243016649569,-0.38852935785942816,0.06001443670775085,0.3448280340412644,43.450075253559575
2264,0.18228950609310743,-0.02860386969356332,-0.3900062148717618,0.04035710179964429,0.37651910567704,42.34071350048009
2265,0.1654813636424126,-0.07352190490224433,-0.3626324366487014,0.006608740289920583,0.4049509141440713,42.11961976401573
2266,0.170204585130564,-0.05355663853066702,-0.32146997844860953,0.032586461455172314,0.3318826122039927,41.959347910354005
2267,0.18117987427484145,-0.0600617487407169,-0.30885702641743273,0.029690078945481587,0.3239833263880432,41.48637724827549
2268,0.17696071204753427,-0.010301018975034727,-0.3003354454636158,0.06973124030586443,0.2523399587951754,42.468516332751605
2269,0.17169410540250057,-0.08556478223569573,-0.3481565450914474,-0.0028504448200875224,0.3961158639039805,40.56546498343392
2270,0.12993743668587968,-0.16095182563789892,-0.3071949240142699,-0.06459781624920662,0.45237577087076825,37.89911331364269
2271,0.14127245783335785,-0.09742800219798209,-0.3467463904654064,-0.017966893351417552,0.41590881158679444,40.4551761961711
2272,0.15512489152332995,-0.12661490471545245,-0.3530985720914939,-0.03805182126120963,0.4484610565755514,40.751587911889544
2273,0.14882489271472232,-0.09845104806442079,-0.3094496693918215,-0.005311241407342324,0.3772955947751742,41.60104303343194
2274,0.15355668957739305,-0.08651316612421514,-0.3221453955665677,0.0012284485699541237,0.37525493006305366,41.65479828001971
2275,0.15321635725960936,-0.09268420151495885,-0.3190506740255816,-0.0031017271133070142,0.3762934822608507,42.100814423447524
2276,0.1510409295238859,-0.09713389327843294,-0.3110084389551329,-0.006194423187841882,0.37646735235337503,41.71284726739362
2277,0.15355795543646653,-0.09890752942348241,-0.32620274473147787,-0.017968064057975672,0.4011926109654419,41.49907403683162
2278,0.16242212928466018,-0.0705259764364421,-0.31400542613378557,0.01585116454844985,0.34620734089481575,42.43460554869218
2279,0.15044091556747125,-0.09507669827196988,-0.3297435042134082,-0.010922612401520327,0.4000793325939507,41.15428137464757
2280,0.14674704635186545,-0.07836374424510202,-0.29816075472744813,0.008646848920524773,0.34596439946115765,41.62046131353425
2281,0.146819951292597,-0.07026533019374284,-0.28508186265109237,0.016584956416008555,0.3228527198460843,41.53092836354025
2282,0.15771116546356517,-0.016611857897327453,-0.24820168977369908,0.06294990594212009,0.2209622124570483,41.852543809234355
2283,0.16545634372085713,0.006387079166856027,-0.25117172905434265,0.07822809531848884,0.19444062741079984,42.417094329424636
2284,0.16173340287932186,0.003339760200072577,-0.22599223032084645,0.08192114050702355,0.16994537614211133,41.95051760301879
2285,0.1542109734292235,-0.02058254059353189,-0.23258637464955445,0.06332720356110386,0.20449201927246127,41.26678501192762
2286,0.16075614154900228,0.008638915629285048,-0.22919823946580528,0.08621928169971226,0.1661421822491815,41.97145121754633
2287,0.16916184913845614,-0.029527275311059746,-0.30124877357004015,0.04669639643679935,0.28708206094303307,42.262352607699725
2288,0.16061630678035604,-0.07011512494383096,-0.3737081272879129,0.004389324998914993,0.4064100829708385,41.99228538090538
2289,0.13328228344705528,-0.03671158935509565,-0.4072798352365241,0.016750856816139893,0.4235235772418937,41.90023072136207
2290,0.16859718169116286,0.013085589173316951,-0.39211480085239975,0.07625232653112037,0.3124613551733179,42.40520190818735
2291,0.16486564123705813,-0.055405696612290375,-0.37747998283526185,0.01483465853230293,0.3967714927838095,41.74015019653266
2292,0.15126586885929239,-0.09548659647352445,-0.3833537033684766,-0.02334457546625322,0.4512803749142058,40.515847531412724
2293,0.1477733155320114,-0.09694380463947935,-0.3605910500700247,-0.019570268407479555,0.43194130123436786,40.212288520916864
2294,0.15004593913012285,-0.09710975074539888,-0.3503495426920122,-0.01793890686526438,0.4219913184182763,40.88191324976846
2295,0.17210020284514474,-0.06285964051129382,-0.3440115195778918,0.009490531207545639,0.3696716802088579,41.04982412329702
2296,0.14976480067219533,-0.1345248443413199,-0.37932475025072154,-0.05774677410380262,0.494908342724361,39.04182689673776
2297,0.14587490384018126,-0.13436283405137675,-0.3487728963351384,-0.05216467293081886,0.46075235201368847,38.5751762814841
2298,0.14675725110155394,-0.16311116312012544,-0.3637407955868638,-0.0834960077727188,0.5109853394988161,38.28183210107941
2299,0.14566898181988425,-0.11175058074437481,-0.317182663749847,-0.030643627120381742,0.40390490520618927,39.95849504413588
2300,0.14131032919764816,-0.12741683640920254,-0.32778372293972335,-0.04554182420010894,0.43377501688638304,40.431026372053196
2301,0.14299059606694217,-0.15184109167150509,-0.3479463932796122,-0.07312882645816443,0.4792888993773148,39.86359564148805
2302,0.13725167568478977,-0.16033076994522366,-0.38109169318530783,-0.08794357308356275,0.5360909032216906,38.442704611683666
2303,0.15592851822122156,-0.13510459495781243,-0.3090678783521082,-0.04967160899874317,0.4216615416598016,39.26363063522552
2304,0.14898697017761237,-0.10090516208794473,-0.29218215426466637,-0.01931480052263516,0.3645211149739866,39.46804563198892
2305,0.1516764878035594,-0.13279610592742785,-0.33518217090107316,-0.05285825984128253,0.44393357657027993,38.78165655825885
2306,0.1530279651370096,-0.13138984421121092,-0.3276551359738118,-0.047556346478364236,0.427853953557297,39.851491219375674
2307,0.16339329186039636,-0.14854678493725096,-0.3204048570635301,-0.06537819033433541,0.45675972324481345,39.29721941659235
2308,0.1562508732636709,-0.14933538646968,-0.313280557467914,-0.06495734873614281,0.4464348542314624,39.22024512799513
2309,0.14570723978981315,-0.17626237657226707,-0.3418684345522097,-0.093526935211551,0.5047157080497361,38.74141514353853
2310,0.15048550922859935,-0.16934417253072626,-0.3588723938993009,-0.09226181681160425,0.518315139566675,38.761326413754965
2311,0.17538454167004144,-0.0229267329650081,-0.3913198852314808,0.028704002630748623,0.3910038284544958,43.548215147007966
2312,0.18155404713476475,-0.0875883116265171,-0.3467237519547307,-0.023857732176808654,0.4197259707578735,41.192158089329006
2313,0.15236196296685373,-0.11085531903987597,-0.3051536917101745,-0.034836881942025145,0.3971954107098066,40.800723337216674
2314,0.14793889884686579,-0.11907785290930131,-0.2786206439424825,-0.03350424620185501,0.37763271526803177,39.44167818642924
2315,0.14788625170541064,-0.12686626552406208,-0.3028363122524801,-0.04718669511946275,0.4139561745540736,39.370847080313574
2316,0.1475218655217862,-0.11307727085491458,-0.29110517649748036,-0.03402907926497599,0.38326148329160703,39.926613787156555
2317,0.1481561606358566,-0.09431351902870819,-0.29017276690087557,-0.017710981427324465,0.36043663997214465,39.69306163682917
2318,0.15249296085302144,-0.11682289221668991,-0.28778452531061965,-0.034179537305907774,0.37723855720783384,39.65613939608375
2319,0.15035463419358341,-0.07109599825231339,-0.2660531842095095,0.0022940956916037876,0.305891877064223,40.776629264124075
2320,0.13497069525392424,-0.12726197450715024,-0.27033639980794816,-0.04348308453093,0.3765730158250004,38.46808508346834
2321,0.13984606503953187,-0.11283992900973597,-0.26895957374422863,-0.029195300982319983,0.3591636504201929,38.31295686982149
2322,0.14504396688996954,-0.11625985220089304,-0.2869752176174521,-0.039768975299800904,0.384828851444163,38.19757430095937
2323,0.15944655500338495,-0.000481814918749037,-0.23903886977128413,0.05740024876833986,0.19085554349132722,40.78026142429879
2324,0.15514801070223377,-0.11678554932095689,-0.3115578614628448,-0.04859599151232702,0.4057152873635945,38.65267578610607
2325,0.17168455760710558,-0.06059468937377192,-0.2953207026963154,0.0074659581204802004,0.3217564360617175,39.116113703933316
2326,0.16669620215751368,-0.1516498089045297,-0.31091238924842174,-0.07654315153557799,0.44882510961218014,36.41162311818531
2327,0.1480758977887805,-0.24072986834616295,-0.30998757880829225,-0.15959024295461188,0.5707359369409509,34.05703977729445
2328,0.07508926729156484,-0.2762930538600078,-0.015528545537886691,-0.15320361329464022,0.3545456613192472,30.800558980281934
2329,0.09979984543004625,-0.2562434800925701,-0.058216896152634715,-0.15427669221240478,0.3667597170403529,31.79426350465447
2330,0.17268942468560095,-0.19774207002545574,-0.330500301565804,-0.12220765405559535,0.5284043959255078,35.31110134711081
2331,0.1827488654046195,-0.11265382491787936,-0.3513748918462372,-0.045690134483346426,0.4455486090687936,37.4021023427364
2332,0.15872526197148393,-0.23740893497594076,-0.28266723666727966,-0.1509649367856374,0.513361354469168,35.72341611435446
2333,0.14176717671539987,-0.12725429482891823,-0.2660361332672057,-0.04467336114242064,0.3773368278733587,37.28737967227475
2334,0.18722077539516754,0.10050809990700972,-0.3488633065551537,0.14757164588793234,0.17161545674028666,49.24244843421856
2335,0.18919138193387613,0.10685795560854089,-0.35442618233577045,0.15302683622444319,0.16916506639655454,49.432299991314196
2336,0.18570977396515637,0.10952673533601635,-0.36179676983390796,0.15372877188233008,0.17683895974587227,49.98022091870442
2337,0.18117373238468215,0.07640051104511078,-0.3815947207373927,0.1260709917120092,0.242904670546058,48.94155833757751
2338,0.18652029198841774,0.07497429077540889,-0.3714125192089516,0.1275749313866307,0.22817940253281682,49.66017849727858
2339,0.18796655715901456,0.10350454547595911,-0.37058761495580256,0.14906858421355504,0.1942181246544247,48.95757792571527
2340,0.1878744953974752,0.09251299032010865,-0.36768489056741044,0.14473598911576263,0.20217397892449251,47.3349080802926
2341,0.1914711380323214,0.09307476767988752,-0.3718862422096943,0.1429682240407778,0.21005058067579546,47.215026833069594
2342,0.18855205900487826,0.051611362106594436,-0.3798220287521645,0.10744652371435379,0.27462964158541764,45.01132149532851
2343,0.1916706294309196,0.039313133173998496,-0.3496237094006191,0.10449967087586957,0.2502799974864373,45.420605880126935
2344,0.18710903005882235,0.024099326726521198,-0.36370099199922856,0.08650842567368103,0.2893581070959912,45.73162880106449
2345,0.17637431762458472,0.007753622598952188,-0.3479775496380989,0.07476927383958004,0.29068349653054937,44.59765480164079
2346,0.18632247096845725,0.04306889695565592,-0.34893188336470954,0.1028064466982119,0.25007625254056437,45.61372045259397
2347,0.19420922553536465,0.07772063611350533,-0.3666016408358097,0.12693010150914907,0.2297582281404443,47.24706937009646
2348,0.18833007420420605,0.06330504884050561,-0.3776846912533452,0.1150199360766456,0.25113004157865576,45.59704778346427
2349,0.1952063861845267,0.08187455930491412,-0.37305132062576424,0.1307909080189766,0.2236843770429733,45.68669643339094
2350,0.1934412194964004,0.05609981287605047,-0.3825076677398408,0.11024630147108476,0.2676362154849297,45.69028717044589
2351,0.18967786700988523,0.10025849943544878,-0.37506215923165254,0.14561537136926178,0.2087175893177157,46.24699891797469
2352,0.1967207144026337,0.09082208628614419,-0.3703971502393646,0.13671605007390683,0.21568997479192475,44.3872505242874
2353,0.1929501730664742,0.06922603014549226,-0.3651880992842493,0.1227652018618413,0.23593866568557853,44.7745060728611
2354,0.19505107355834453,0.052350456826321994,-0.3592852217923423,0.1113071691696865,0.2454987105696385,45.89650701852361
2355,0.18972550149375422,-0.002343622691637506,-0.3649473717249996,0.0636801659597733,0.3133110731593346,44.41438407396572
2356,0.20021114839931245,0.0751670954866492,-0.3669428279708997,0.13239434432451802,0.21755217349631217,45.60831003618286
2357,0.1887936320252928,0.05564023406807077,-0.3735312307218939,0.11660585431834918,0.24846118389748853,45.42838481059164
2358,0.17536820982074916,0.004164765346691189,-0.34172886035363675,0.07409176436069638,0.28575634229756375,44.36032203689273
2359,0.18083562139168569,-0.0003981032236797138,-0.34619221736815187,0.07000588764436923,0.2966490108214683,43.96171593605983
2360,0.17337511397432376,-0.02299417957679015,-0.30755117546067745,0.06030298736071815,0.27961027973960995,43.59101238625961
2361,0.17001700083408797,-0.0029220961322566604,-0.2818867690057546,0.07555356126188392,0.2335013140885012,43.585898048432995
2362,0.16851138218206319,0.002010225961503679,-0.275104849742134,0.08112571591561246,0.2218152338637675,43.57037110368362
2363,0.1687072793731154,-0.04701665658293375,-0.26677608933545777,0.045184705673470486,0.2711861117875497,42.011383450336695
2364,0.17247378575805863,-0.009151288239906146,-0.2625699050927796,0.07578367596609249,0.21956836214055755,42.61786958495287
2365,0.16501843570395736,-0.07001262623997016,-0.2777589551734096,0.024038606993532573,0.30351022898961116,40.65437249446128
2366,0.14817737714666873,-0.20701114860640984,-0.366209888408821,-0.11783648204708466,0.5576750652538313,37.222359664106975
2367,0.1365629768591704,-0.21753651541300575,-0.33714892234056826,-0.12450457961610546,0.5449049981347031,36.98976878500178
2368,0.14737180364339378,-0.1408229687093306,-0.3452240118587137,-0.05357375689242207,0.46968278578741296,39.698891070934586
2369,0.16895649234628146,-0.09632267994297716,-0.3474725195049702,-0.015187810260697333,0.4148617758000594,42.08983416997294
2370,0.15428174801225408,-0.09845771918279274,-0.3492520806977346,-0.01510962384910638,0.4192441986001268,41.61301637562541
2371,0.14816588202463798,-0.07874097006225879,-0.3213288390254215,0.007268424636942429,0.3700925322795155,41.95370694046089
2372,0.16232255707096824,-0.08130987548575086,-0.33158365114159505,-4.03947747259896e-05,0.3809337065314845,42.564070408744975
2373,0.14561439143402066,-0.11749600410104351,-0.32297669619843833,-0.027259552630462373,0.4133854936616337,41.259499574443865
2374,0.147777472109434,-0.11837371301583405,-0.3534629048925647,-0.034212573158523225,0.44531377638095043,40.973271450974984
2375,0.15609567274421352,-0.13216558808167317,-0.3718408811266118,-0.05269669576332323,0.48167317320970454,40.87772637970223
2376,0.1496492059871393,-0.09053442946353366,-0.29425798725245556,-0.003099315127500232,0.35551426383681345,42.01797293139837
2377,0.15609499834320642,-0.10159790022274114,-0.3253149099045933,-0.016044018730879826,0.3971340876609485,41.14852583189674
2378,0.1525610835849025,-0.09355060046354231,-0.3030010343162901,-0.0066556269284185595,0.3662608487945986,41.15139456249007
2379,0.1483702147620589,-0.08107873411341382,-0.29048267139565664,0.003527023170777238,0.3406898954895228,41.30376408481841
2380,0.16281798873281314,-0.043310745813051596,-0.2930292878717926,0.02762652520807371,0.3027423209823729,41.798695487503245
2381,0.15356614501988386,-0.029838314839316666,-0.2607943115725999,0.04754976535173394,0.24919040800794753,42.02433364974311
2382,0.148602220926887,-0.07108933911076051,-0.2618790430554957,0.01798246089755991,0.29596507755211504,40.77017854742213
2383,0.15895671697226305,-0.022123517739473696,-0.2279504706993098,0.06109226348332129,0.2004553750974865,41.6107390990935
2384,0.16439648945667915,0.017119858791963895,-0.20227987415066742,0.09572665817498335,0.1262039617607317,42.174675811574105
2385,0.16518604710022494,-0.028422961612179935,-0.3316408589819434,0.0415697893221792,0.31828704802212826,42.69108723499691
2386,0.16148784359896587,-0.009358310427261485,-0.3777304270612486,0.04090352611232291,0.36017976884434144,43.671872766483794
2387,0.15139111521926366,-0.032664473364054064,-0.3971072829010252,0.02477178555595657,0.3982707133230248,42.86420677045903
2388,0.14800732222377025,-0.057429025632906,-0.38002866763044313,0.009561322326525333,0.40632891232927615,42.541052858985886
2389,0.15205973691153857,-0.0977509961451375,-0.3727134192347416,-0.022917868992336773,0.4458931683735792,40.33844115204599
2390,0.15989036664894785,-0.06763631752782216,-0.35014992271865947,0.006745442569723554,0.37969563005149604,41.062492081990555
2391,0.1474680780071069,-0.10489520597036513,-0.35613998359181726,-0.027589801156022838,0.43734503986976686,40.653093855373186
2392,0.1413366787359025,-0.14641702552280772,-0.35851789101890563,-0.06349950921894823,0.48727612477337723,39.2833694523586
2393,0.15033803643760388,-0.12019036612500601,-0.37406864453978944,-0.04837162532533069,0.481491511190974,39.400548182299126
2394,0.1432853379905811,-0.15248011112968093,-0.3879391267804907,-0.07717336601877417,0.5276318339102237,37.88396885275412
2395,0.13294837292524972,-0.24179868032899712,-0.4043479678855818,-0.16790346591762792,0.643313938639708,35.26396677934941
2396,0.14011876334051965,-0.19663482791783926,-0.37478248740551445,-0.11840582922961437,0.5641469614923673,37.00606912159554
2397,0.1486904812869679,-0.1397609579182712,-0.3467493878544909,-0.05696544163211207,0.4633329026910067,38.81986976505754
2398,0.136554878009424,-0.13081563578465452,-0.33817510175470933,-0.05224532928278266,0.44780659025442315,39.407412561974795
2399,0.13119199028378956,-0.1423341548466774,-0.3419410371361374,-0.0681274385712351,0.47759927395369917,38.55921196753165
2400,0.15016329967696862,-0.11793894778603926,-0.3392192177651423,-0.04290304156570492,0.43746237290172707,39.98027221400419
2401,0.14115355972351173,-0.1336863565947472,-0.32371513484365916,-0.0535120781829202,0.4376056674126335,39.41526206721033
2402,0.1475373179507029,-0.1518201368137031,-0.3439124471783093,-0.07044635480951056,0.47616527669723696,38.925271929123895
2403,0.15857374865080678,-0.11583638541910853,-0.3064584742749249,-0.032662040250091375,0.39686545871364,40.174398630665856
2404,0.1622812687731403,-0.12250833450341664,-0.32062023772453424,-0.043650236939934216,0.42593168427888084,40.228986951896744
2405,0.15533468561308364,-0.13534464561630674,-0.33938902203109866,-0.05818347693434219,0.4630857138773731,40.22726654211578
2406,0.15080404294927635,-0.19069986060944058,-0.39297913525593414,-0.11879152375074369,0.5795027703626032,38.056919443672115
2407,0.1594309202456543,-0.13788931562045692,-0.3640474450232072,-0.06697758459429094,0.49164646612999907,39.06381206204904
2408,0.1752427505718573,-0.1175450982111041,-0.3741296293485236,-0.052093355189193814,0.485984153371296,39.006761765669104
2409,0.1701165279257601,-0.14038132751628576,-0.35976830120646197,-0.07435286440257302,0.49463943352058637,38.663599076516185
2410,0.1514599233808596,-0.17588994687454232,-0.35161987164856773,-0.09702829282131607,0.5169994184324708,38.21827672648315
2411,0.14202213997523463,-0.19245302420683655,-0.3155253171321277,-0.10640537792977227,0.5030717156706682,37.58856343125832
2412,0.1471539535781576,-0.1748183863494449,-0.3450434437844646,-0.09836545433146496,0.5088739438083494,37.49478560576715
2413,0.14964939371813368,-0.13348887651319774,-0.3163366439480768,-0.05577379652506701,0.42939705665534483,39.08014118565676
2414,0.14479023852897904,-0.11272023953029597,-0.29312440422947544,-0.03476597598594667,0.38518727725034624,39.40677014529884
2415,0.14476286248028472,-0.11101091675763404,-0.2974359212590856,-0.03536213225361047,0.38596656165139087,39.689400407137306
2416,0.14542997895342583,-0.08343024218008474,-0.2794952982501664,-0.009682423460605634,0.33032946815654707,41.105286618794565
2417,0.1455975193004525,-0.06965699535455502,-0.2679463521571918,0.001841625060962638,0.30777034431659217,39.6206986657096
2418,0.14774014507658267,-0.1352903144468422,-0.34858699987094893,-0.06497357298352935,0.47389845993145996,37.142725292813616
2419,0.15657749396137013,-0.10920782065656691,-0.3255041674171138,-0.03555719300593229,0.40659623034119274,37.37669745617586
2420,0.16084932445547073,-0.028856609371665558,-0.27018367246421554,0.0326286729230027,0.25899541496233597,39.636567721425195
2421,0.16268791404793684,-0.1376613681628856,-0.29616891461949635,-0.05750161148962184,0.42106277603077297,36.36033394946217
2422,0.15804420592871937,-0.18869429358766468,-0.3425584160792204,-0.11440332278569995,0.5266872583778162,35.71201847022456
2423,0.12788978165276776,-0.1981507115244531,-0.15297616819782048,-0.09702190904011453,0.35771113912689356,33.85393349519625
2424,0.09945205247281633,-0.2409867090478999,-0.07137315621380448,-0.13416638545411746,0.35036212822782237,32.30581494511
2425,0.12879626183142767,-0.2358632333835428,-0.16316403277343264,-0.1349749224270453,0.4279402720745817,33.00511559714021
2426,0.17517447101562628,-0.20022870219307184,-0.32610060161846843,-0.11620242045404612,0.5172270656484304,34.65047568866697
2427,0.17606474195371458,-0.20384932349108673,-0.3330694444586294,-0.11989312852074006,0.5269616478168088,34.69127132407656
2428,0.17328043728934367,-0.1603280088910483,-0.3305265318645844,-0.08190761918297734,0.4800781636345273,35.91892939228789
2429,0.16530632385898344,-0.08575064696995516,-0.28179535304970965,-0.009620354949700581,0.3375510568239282,39.24716093448173
2430,0.14798305461720412,-0.14899947319022294,-0.27682278593647935,-0.06551620380117824,0.41069915369309135,37.637617616376616
2431,0.16036458413470353,-0.013113818090378863,-0.1925246651615072,0.057432076458715474,0.1575846763994753,39.892561599347864
2432,0.1870687349126709,0.08535993085108706,-0.357076890589307,0.13405957158761442,0.20075517956122313,49.24899600192524
2433,0.18403034746554306,0.06307844016379947,-0.3494899836873504,0.11672214206618463,0.22534393276535397,48.79708114718658
2434,0.1871509041171201,0.08435011254244286,-0.37351441069047225,0.13251691025472517,0.2248392008811893,49.12230367936604
2435,0.182091299707016,0.06725409053989831,-0.367812817734854,0.12047964919057044,0.23714784351544058,48.343125102347685
2436,0.1830374037795181,0.07308880682252579,-0.36020366713907837,0.1257744844368662,0.2240702106793529,47.57684890964037
2437,0.1865029033433977,0.06992142676407374,-0.35629791913944486,0.12865112446793334,0.21878353928929,47.56905499968086
2438,0.19284204658889362,0.08146479492508638,-0.352329382752564,0.13612228475387117,0.19958408551534368,48.33917963106031
2439,0.1950300816308955,0.06868899585697749,-0.36160161441725597,0.12656038600577266,0.22319456337989185,47.974763363356935
2440,0.18129439247946194,0.008716300232059021,-0.3647039708125166,0.07767000544039102,0.30051117745890005,45.05928263366113
2441,0.16869092595433205,-0.061989295289140205,-0.33280649217580704,0.02109659340469707,0.3594827678745622,42.632580394363735
2442,0.1881578690426452,0.0074915231924154,-0.3517046693736298,0.07607839291465594,0.29096267380221946,44.818393515458204
2443,0.2009042538735689,0.08210693094227822,-0.3664905243786828,0.13156100643158755,0.22058921880269028,47.63133648346919
2444,0.19751909516716706,0.054417067189432566,-0.3732787427262146,0.10685240034030759,0.26274390628492905,44.98709833120852
2445,0.19995288258066127,0.04877967651712104,-0.373981935919389,0.10178558297458,0.26247913815112384,45.18124798315575
2446,0.18252709811348627,0.01857010012725961,-0.32382140810069737,0.08672374331151533,0.2511229748341147,44.62491938352739
2447,0.1829082255601871,0.01702300592189983,-0.3678026195981167,0.08002204535947269,0.2996744671480229,44.24327278863096
2448,0.19639382315404744,0.06525051565205765,-0.3798168531509345,0.11772746114725341,0.25453491084531704,43.90312008474041
2449,0.19364648103269597,0.09432176714792159,-0.37285778950450377,0.14290737644516513,0.20951321716300494,43.59881484696708
2450,0.18615964530508025,0.04046127382603374,-0.3737745347126708,0.1001259018282181,0.2731799991840457,43.71419403061878
2451,0.18068658815707392,0.05208874343114174,-0.3850431373105612,0.10909831299383745,0.2665606411247084,43.834435227213206
2452,0.18503812019055677,0.012455408071474354,-0.36345823781783215,0.077655438038813,0.2982911255880381,44.326130824864265
2453,0.17983028783570518,0.017190869797650606,-0.31101871176629653,0.08606527090394163,0.24168780560675154,43.84582416099875
2454,0.1809434023600567,-0.01623905555095359,-0.3231130810012194,0.059543061627282914,0.29256262985719866,43.16521014136235
2455,0.1720941711009223,-0.04033758811291614,-0.333011657227392,0.03988559355121259,0.33135196433929215,42.661366519921465
2456,0.18197842539926534,-0.012285529629793556,-0.3469658631617096,0.06098960202102512,0.30865939795513125,44.249825123335704
2457,0.17051865994450313,-0.023238012074464978,-0.29702610495414233,0.05892141462105141,0.2713821408210327,43.256366737984905
2458,0.1695043123608144,-0.015519791809313288,-0.2891850962095135,0.063994715996343,0.25766190538325356,43.17093157707265
2459,0.17451743748544737,-0.0027866403454962934,-0.28965537385448753,0.07531972453611789,0.24035742565473958,43.16397601937199
2460,0.17605596927713318,-0.018753218203799795,-0.26763213553239196,0.06642191604264898,0.23726825256695624,42.14176908735721
2461,0.16939256690657756,-0.033937837238786836,-0.2718958857144419,0.05327623835622859,0.2625785078900047,41.17249352203756
2462,0.17063289642463583,-0.06910469335669167,-0.2951630401985716,0.020695856966748655,0.32194042144592383,40.87711719495947
2463,0.1382255406444566,-0.20239938724830578,-0.3287042793831044,-0.10675154593074204,0.525962324950087,37.06344598054836
2464,0.16440512958746373,-0.1298702426688711,-0.3652417888845556,-0.04917293563808797,0.4751208929037015,39.6104256315598
2465,0.15699374426344553,-0.11006353845180775,-0.34675849382682544,-0.025350010250362147,0.43560810133135575,40.856507931404074
2466,0.15759984868553872,-0.1368401066008789,-0.3554349705612612,-0.05080709607367458,0.47028776388871457,40.548189473878104
2467,0.15789392144444664,-0.1054614631291107,-0.3268778036628848,-0.017260056394545874,0.3983266773247543,41.362765942555015
2468,0.1677623395519156,-0.058777247008130876,-0.2900895998732336,0.030524646355602862,0.3033625923008907,42.56878456458095
2469,0.1570622017356264,-0.07212709549311087,-0.30173623535884037,0.014583466384382087,0.33962741540365254,42.25567566887082
2470,0.15134384868232637,-0.09033439099671271,-0.32904921162898937,-0.007124939211316115,0.39135212865081803,41.78891678925283
2471,0.14354292440102942,-0.08187039402824202,-0.2676039582553448,0.010976074208581174,0.3182646388066391,41.83656327373037
2472,0.15372327572462258,-0.10210928145807532,-0.3413544246807081,-0.018577695955629105,0.4153952806947507,41.26119217371894
2473,0.14718260647279224,-0.13529314859260078,-0.3608981307592564,-0.05499852973475322,0.47431213167367403,40.90428158928827
2474,0.15184707133667585,-0.09526638395938113,-0.30704866947459764,-0.009429073839935066,0.3712587030564138,41.5611087226974
2475,0.14549060613344,-0.08722580191332241,-0.28459817794698733,0.0016625340110991422,0.3404135561812377,41.421104263455675
2476,0.14587894129922097,-0.08303030575148572,-0.2794995141224253,0.005719481983602844,0.3306984818225908,41.654469684449964
2477,0.15662773275591682,-0.05065582602193073,-0.24708994192241174,0.03302513258061159,0.2608133230623429,41.379260987840745
2478,0.16267332805851384,0.00223519999192832,-0.2144473731206259,0.07943895783573401,0.16274210979422368,42.190209445865534
2479,0.1650758052862357,-0.006569509939459414,-0.21872324380421948,0.0727821587930454,0.17495456550203511,41.38229517021009
2480,0.16407601821355017,-0.046428422757855636,-0.25483153527795505,0.03379974440432539,0.2640727848400859,40.9794963313767
2481,0.16662352244609682,0.005863078611654302,-0.22261056497189113,0.08207824227508553,0.16402588053503095,42.27990060258819
2482,0.16497102854572943,0.0012604947940220023,-0.22358609394314288,0.0776329509096724,0.17112171828168826,41.73690046740502
2483,0.16082898332925705,-0.049217838190236604,-0.3698377088516963,0.015397733438208055,0.38959919336860604,41.64337230273116
2484,0.15556667853301612,-0.05656288662542171,-0.38395791468323925,0.006182813773524875,0.4123264071285266,41.40230537074739
2485,0.14946372926374196,-0.06261021245906329,-0.3982988194987774,-0.002349572493285282,0.4389019729717442,41.12143673922527
2486,0.1585912059800449,-0.07824030110079484,-0.36648180936123714,-0.004451472095785006,0.4140926608470298,40.25422244870271
2487,0.15590226786991504,-0.06925930633643232,-0.30907925966464167,0.010218437320222989,0.34397764223863747,41.23942938220561
2488,0.15160101385812105,-0.12796104100231886,-0.34851954006814384,-0.04439421393886893,0.4520126433951171,39.2755506173831
2489,0.14069418717011534,-0.13952852698794477,-0.3484027754533296,-0.058257730906870545,0.471847115843916,39.22471008246269
2490,0.14168151360521347,-0.11056674866590675,-0.32016370639552594,-0.028580499255381007,0.4093097116497234,40.06729426035083
2491,0.14325532286934478,-0.15887330907524747,-0.372862474700307,-0.08078011213762422,0.5175889128100783,38.393696107358934
2492,0.1419876630822599,-0.1694010578705879,-0.3663112172669597,-0.08932100914288621,0.5255181158157096,37.86806975048111
2493,0.1460717067339618,-0.1585239286600811,-0.3686000287699206,-0.0813612209033076,0.5146746223963663,38.359602265634265
2494,0.14006356515782478,-0.17540801809945,-0.3655645269188324,-0.09615957872061612,0.5304410246732553,38.115644943169755
2495,0.16139272167418384,-0.1780584342508492,-0.404943641449186,-0.11060077742863712,0.5816527001385527,37.46189016794494
2496,0.15650105377408402,-0.15914669526504582,-0.3690452419181059,-0.08508179873822894,0.5169558867973453,38.70976512859975
2497,0.13051910726153154,-0.1283676686838277,-0.31784157627234394,-0.04693734106845718,0.4289434461444266,40.209807657699294
2498,0.13371741112495417,-0.1638164599150617,-0.34176722008080956,-0.08162099093474519,0.49464020722134494,39.12244605673921
2499,0.15283765912097702,-0.12357168114204274,-0.2962462639471075,-0.03621306922189175,0.3922432438331971,39.580404296667595
2500,0.16201821152948648,-0.10188078713108302,-0.31773723741059706,-0.023947506413663583,0.3942817029951412,40.754627084839136
2501,0.1691722460330695,-0.09959634120062541,-0.2954727596925607,-0.016746968428726097,0.36654038704058883,40.94627972324882
2502,0.16850633067899592,-0.11388561669189468,-0.30793213382763324,-0.03358987254802186,0.4005931800690182,40.48913648759142
2503,0.1560139508280691,-0.14360781696512873,-0.3300194743253306,-0.06499880020689548,0.45834074884323645,39.23067909913135
2504,0.14722068881388892,-0.14051088187326577,-0.31340596885216887,-0.05985553211741422,0.43537706128236,39.843933820407344
2505,0.15715924452174407,-0.12896501632437443,-0.32988097471767813,-0.05342210701056224,0.4435814666715188,39.47535946758761
2506,0.15195359210463533,-0.14867745032167004,-0.32267281873599835,-0.0758407091455784,0.4656759525789991,39.066030974807134
2507,0.14778946788572428,-0.1844990133260029,-0.3261919026412894,-0.10153125205033865,0.5053915079817435,37.660148181649305
2508,0.14855348324104828,-0.16419149382249734,-0.31605165321571993,-0.0809146042224238,0.47193644703614357,37.987187439741945
2509,0.14609350513251593,-0.1958490496832906,-0.35027533796263993,-0.11805027754864128,0.5411877632832717,36.93738651977683
2510,0.15343197875593254,-0.1444543279114151,-0.3284747293884924,-0.06668486442605209,0.45977467081073375,38.683989017672
2511,0.14375399737924516,-0.1662877491670321,-0.30428082777524557,-0.0828601633122654,0.46168949936983866,37.9590517786982
2512,0.16004536108821754,-0.1977513799262286,-0.3961520853945032,-0.1316529845774777,0.589811888625454,35.4265271615582
2513,0.150716788547622,-0.1814250717703922,-0.368544333696141,-0.11339004096843551,0.5512695703074093,36.20679031597995
2514,0.14497662112399604,-0.1412251849800174,-0.32508704748229733,-0.06737063982562508,0.45453699941932096,38.24517476985263
2515,0.15263128156396957,-0.171319968124909,-0.37557939171852167,-0.10137444606696032,0.5415873353454024,35.78764426838315
2516,0.15591832775997955,-0.11427289083018853,-0.3490048928532249,-0.044474357665238384,0.4411109515119079,37.126310521607984
2517,0.17227188781428737,-0.07061689659915188,-0.32256551587188687,-0.006669355144275351,0.36748424282595765,38.45621479163914
2518,0.17962914608304703,-0.0907130996537693,-0.3234052125333028,-0.023608808458320963,0.3946829257206821,36.77844202187588
2519,0.09443902312588834,-0.23034056010605733,-0.07001259739942266,-0.11925861003576047,0.32818185062526145,32.662808798805735
2520,0.11805284474158516,-0.20605933061285941,-0.14407098189551992,-0.10558479255897575,0.36917971927701354,33.58106615326478
2521,0.16935491525258467,-0.18510749745320326,-0.3180699005192932,-0.10309526267585968,0.49644370434183216,35.44119083784247
2522,0.1708545778032521,-0.19820046041549935,-0.31292365859550864,-0.11046071498861142,0.5037189805329857,34.820469789802196
2523,0.17479790111179583,-0.18491221132086613,-0.3043884407619231,-0.0937234810228101,0.47395111875988466,34.507730515578494
2524,0.17855492630485714,-0.1723210365889513,-0.3042625820502674,-0.08248953734024217,0.45599227290181976,35.05541800272849
2525,0.16308983714352,-0.14983175759625714,-0.28323296937639675,-0.06305080896272107,0.4137055668875106,36.962518599617695
2526,0.15733690494767605,-0.09624807069840435,-0.2710537317182511,-0.019224379399107074,0.34537865560534997,38.83894382332901
2527,0.16504681098005708,-0.029159420627587765,-0.22326899432539327,0.03993697482555965,0.2127254230827375,39.94332490657171
2528,0.15203606585894433,-0.13007316417241538,-0.2500724041278138,-0.044460012228020984,0.35568117212443484,37.666669672337505
2529,0.15793929480124846,0.007047012121004771,-0.1852859080723572,0.07408748487037703,0.12525215446935312,40.24342395399746
2530,0.18995578019377607,0.09609170365255881,-0.355874378640135,0.14159160992560824,0.18858317453880669,50.1196280151891
2531,0.19291202208229774,0.10741827305718803,-0.3641380776081116,0.14993758339157243,0.18259401080514515,49.826528916786295
2532,0.18043590509866664,0.09561720286335271,-0.3642341787066787,0.1424455491463141,0.19798091854518776,47.937720577603606
2533,0.1835428033361984,0.10964663301585473,-0.3707661308412425,0.15305458095998203,0.18766347980777617,47.5685925131733
2534,0.1889467123029779,0.111304373158926,-0.3629821510666469,0.15442094926982589,0.1779261991888013,48.52510757195947
2535,0.19081774880339936,0.09008946266384123,-0.35214611401910034,0.14112562324811145,0.19055396346601614,48.70997085613227
2536,0.18878449068912803,0.09082007795632104,-0.3548580777438353,0.14201334693738643,0.19039937610673163,50.04012049083898
2537,0.18966798478259628,0.08566782887182661,-0.3565187793062717,0.14197184595516296,0.19391655002510816,49.88066829625112
2538,0.19211093067303625,0.07300900569249423,-0.3518033459923845,0.13322782392790894,0.20232268883664847,49.43600094252266
2539,0.18062488599750431,0.012258868389805722,-0.31917736451094514,0.08551492226460436,0.24906127912274484,44.78707582690089
2540,0.19247882687812357,0.04684805879570702,-0.32831169994667897,0.11165649123922582,0.21532500177687747,46.447882013534745
2541,0.19721008330455028,0.08313434725671226,-0.3533092367212612,0.13729859356943325,0.19723468460704494,47.05507800017066
2542,0.20016175193175,0.08572312179301363,-0.3695896818271954,0.13449229384053654,0.2171299431678316,45.84620895515443
2543,0.18699834948742236,0.02917006770980669,-0.38311866182673004,0.08665035864505768,0.2988244900552997,44.03272408938002
2544,0.18540990050301115,0.044522911256108764,-0.359525744890485,0.10319725639239541,0.258643134083036,44.08630218759749
2545,0.1879604844079467,0.028433640080671046,-0.367569076997063,0.08993896601354737,0.2851474065736235,43.286900186911396
2546,0.19177093559848296,0.07528633969389478,-0.37180555740026616,0.1288307099836387,0.23006928850305053,44.296792044373724
2547,0.1893457146365161,0.07960596418841966,-0.3754090131034272,0.13389982954328825,0.22768913202752944,43.97125168745215
2548,0.192029374101195,0.05316668950304612,-0.3738430525187252,0.11365151427291974,0.2528687493925742,44.127585040784766
2549,0.17754147366079295,0.06394556547770913,-0.39109222423487844,0.11394323090923618,0.2773981470423047,43.231853421632565
2550,0.18446170871772075,-0.0061718522382304495,-0.3611812090271263,0.0649849836536643,0.3159081372456057,43.421787445314976
2551,0.1795557430047854,-0.006887451609164694,-0.3300776292044331,0.06617544194932878,0.28754286241903937,43.25512437889873
2552,0.1775240619657722,-0.012861930255351416,-0.3244782487331659,0.062486160081542785,0.2897563988894432,43.14079659148262
2553,0.17468099285168517,-0.022939948169102595,-0.29997028834934775,0.057331154595245466,0.2782995555880849,42.54377402039301
2554,0.17085560444545847,0.002660518474498398,-0.2674445673316513,0.07982843619159051,0.21434068482105598,43.50703462363981
2555,0.16821314666115525,0.021551370256173156,-0.252716373537285,0.0966583543188579,0.17535921742249813,43.705339526563144
2556,0.16485155415364958,-0.014436346692899248,-0.27062654249497,0.06502990820955021,0.23572181175938495,43.42488611915626
2557,0.17767463888923807,-0.02585943998096644,-0.31379172726849575,0.053091609480334125,0.29063953204683923,43.24840726729934
2558,0.17886338338631394,-0.0317713599407461,-0.303464972702789,0.04872591143814923,0.2899101282264944,42.446572326481345
2559,0.17648912885137086,-0.059357113440911075,-0.2920527157363829,0.029512941852925318,0.30923920253900267,40.89265396864455
2560,0.17390606564264194,-0.07564731407776747,-0.3158711973033961,0.012719667857580604,0.34693822747863606,40.89842513166379
2561,0.14340426209571822,-0.18673471014979084,-0.3187415045289233,-0.08723041665171437,0.49119378597612096,37.10041814216663
2562,0.15008488422441235,-0.1363048647741882,-0.31524207331467097,-0.04002557082647077,0.42124426871306925,39.63012841249273
2563,0.16498336801014435,-0.08735229768858481,-0.32080137600992487,0.0013495763819692571,0.3714926338489792,41.35014274568201
2564,0.17231657790890983,-0.07645205720213834,-0.318476264494016,0.009362313776629652,0.3543228263066333,41.93726211326043
2565,0.15677037990588324,-0.06693742542843761,-0.2779373563267797,0.022354688154229287,0.3048725369202015,42.17981360700598
2566,0.17386254009605104,-0.05250275256113544,-0.32529435988819067,0.02941661071237594,0.3310182097791694,41.876642393268355
2567,0.15775368136585652,-0.08402045678607471,-0.2897055987470233,0.006879883414337613,0.3372169368089952,41.31742116352618
2568,0.14991291573760268,-0.0966161731960974,-0.3116229673249485,-0.008169329159156212,0.37875540039688704,41.63360961905669
2569,0.14846182538248776,-0.11720270687944122,-0.31380033398397483,-0.027529670142117595,0.40414464602784694,41.16816761061009
2570,0.15045146753835142,-0.10346635222473993,-0.29942266535349904,-0.013298429304300073,0.37188427354103676,41.22741418448808
2571,0.16005007064386662,-0.06107952069126578,-0.2980360187323569,0.017120308669773637,0.3261586485854204,42.90100566746336
2572,0.15063143786619776,-0.0422136723183668,-0.2711917649489674,0.03658112408259546,0.27538057569288726,42.243052683221535
2573,0.1567065603208488,-0.05120336038248887,-0.2917304082829772,0.025528039283600867,0.30780646741919954,42.441780826396524
2574,0.15459320923803802,-0.04280116684299767,-0.2506967641598494,0.041606398578015194,0.250567603351482,42.29986099743341
2575,0.16614097430327135,0.007183710418903533,-0.1902448800523202,0.08674577037218172,0.12744499010771096,41.757023663549376
2576,0.1670123499051385,0.010821096830563145,-0.2022078016682965,0.08588754927525634,0.1368355769437228,42.08857487979106
2577,0.16665422862965493,-0.0391267212617536,-0.27899182734661054,0.039229292232712425,0.2736229299980618,41.58065593910077
2578,0.1609889040771836,-0.07272753677731725,-0.2825021128585622,0.011303739898485064,0.31746321350528395,40.58710658313243
2579,0.16561972285923274,-0.02223037023288981,-0.2415730580372367,0.056897249881238135,0.21455661642427548,41.27071514572537
2580,0.16320890785146244,-0.015177001162725306,-0.23858065923176436,0.06280204543327778,0.2017229693293341,41.447423507911886
2581,0.15288093413841936,-0.07989005287693078,-0.30582549945166626,0.0020719055487147253,0.34802738134593614,40.42139720688104
2582,0.1608958634356102,-0.06698381990983006,-0.3672656821420705,0.003044992955854401,0.4020124886078059,41.73401914138285
2583,0.15906167413993932,-0.08020707439644295,-0.3841756607234739,-0.011392425565353541,0.43636966857008186,41.28464707480309
2584,0.16359775014061212,-0.09199646234367992,-0.35577873600226284,-0.013793375398082139,0.41515851066139803,40.71191549439745
2585,0.16006719864272687,-0.07952137217750072,-0.3661765506916474,-0.011255396463520287,0.41785955896351223,40.77493798460879
2586,0.1427033573341984,-0.13612474625839704,-0.34833321396582345,-0.0540699055703396,0.4597086285231223,39.2027507991196
2587,0.1395285045205336,-0.17980309420226576,-0.37643249371730364,-0.09915455154962116,0.5400159028268026,37.85536243869114
2588,0.13326159455822081,-0.1650055875240385,-0.36987034094640725,-0.08682542878716584,0.5237085875159656,38.44116081920102
2589,0.14915682667535965,-0.12749213592092903,-0.36440368885768704,-0.050319306261825326,0.47194520333330336,39.214259507584025
2590,0.14688930916682674,-0.12618001398890447,-0.3754300665091594,-0.05182205292884118,0.4851669259447503,38.946759130823295
2591,0.14883543772999835,-0.13205856296222912,-0.37333733664638735,-0.0620832563237923,0.49642297382980394,38.48786775322886
2592,0.15717733919747473,-0.08767967076124188,-0.36894439839355697,-0.01869609556771221,0.4336127032106887,40.345554052400274
2593,0.16505774263684272,-0.15416927815752093,-0.41253449987365765,-0.08948764680582615,0.5620658756964427,37.677321264594774
2594,0.1469499509659065,-0.17832951628446497,-0.3685660007876079,-0.10144317553484593,0.536914955121711,37.91972962408099
2595,0.14445197085495176,-0.12536469377994416,-0.34597573242070667,-0.046182231962761146,0.4479532355988468,40.09665630057117
2596,0.14452709028514046,-0.13159144747029894,-0.395292920607387,-0.06619367193265736,0.5220965188066076,39.16405294647458
2597,0.13008003851107314,-0.18275787247320993,-0.3772342462328032,-0.11154226027474132,0.5700088123095921,37.937177146108894
2598,0.14286000740192312,-0.1740742159647627,-0.32435061706316914,-0.08828775428784945,0.48911791135997673,38.949620813533315
2599,0.15892872157544252,-0.1160559834088737,-0.2758413945272751,-0.0282105527475778,0.36723421446294197,40.11475270141825
2600,0.14968063990128064,-0.13946628204237846,-0.32122990139833907,-0.05825714144247787,0.4475290663424473,39.98059030002166
2601,0.15265830864368093,-0.15939315041324256,-0.3402590793380383,-0.07998067514548768,0.49383605681880777,39.40231482012317
2602,0.1515298891087534,-0.1430692807654546,-0.311863787517463,-0.06193989158437945,0.4371606194601179,38.730535491914765
2603,0.14923475074669362,-0.17216973247458944,-0.34673783817853016,-0.0929263800635926,0.5131032549850654,37.77248435132121
2604,0.15130172578478013,-0.17788406777754026,-0.3349585023251649,-0.0975193794446996,0.5124607718786975,37.850827401807955
2605,0.1519559866029833,-0.16741459836432954,-0.3315775806604185,-0.08730575396017348,0.4937680785140044,38.168760606240866
2606,0.14931677245187427,-0.1648702082236039,-0.30313972435632297,-0.07877062490133067,0.45837812680474727,38.48855944519604
2607,0.14749437173438432,-0.16000388562274723,-0.2987223263707956,-0.07349448010506056,0.44889291588361385,38.822256134882096
2608,0.14696619175024808,-0.14439233432941753,-0.2961423573740294,-0.06162112517005607,0.4253520635240018,39.727848650236666
2609,0.14157080071943426,-0.14240061126984285,-0.28864521698995343,-0.059080703522279,0.41964596929455034,39.62324960444889
2610,0.15789340859588333,-0.20085459858142696,-0.39143969642869675,-0.13406003582075243,0.5899966137131,34.908353386370834
2611,0.14858418653562935,-0.17970437197404593,-0.3514529380768061,-0.10609974103179196,0.5230278118361528,36.212589366891976
2612,0.14292634848913505,-0.14941365671267634,-0.30938356940842515,-0.0701516933754876,0.4471449389549549,36.88231930325566
2613,0.13969830349693993,-0.17066536503792534,-0.3664100790003765,-0.10234597200320462,0.5380480007036549,35.32012084600342
2614,0.1448714302241094,-0.13010510617272217,-0.3496482716689358,-0.06091882552962416,0.46768094676182365,36.2789174260122
2615,0.15359059751607892,-0.07787178211168648,-0.29090891882149117,-0.00830316263077729,0.3432532575709231,39.56671032110504
2616,0.12486650942596514,-0.14696476175579307,-0.21497421623709623,-0.06237669430912859,0.3552317189743416,36.54749193965091
2617,0.1204873004665109,-0.14713119832524743,-0.20278607046332378,-0.06405144128653414,0.35567022002312415,36.761151792481314
2618,0.16394409321447542,-0.17207600389607208,-0.36835996497232615,-0.1035199811831638,0.5362526348918125,37.27642799403164
2619,0.17269307041588258,-0.20781101367832083,-0.32328640458102303,-0.12240392460976432,0.5225350812649684,34.74972829748405
2620,0.17513507575789336,-0.1476118012984981,-0.2956055966733202,-0.06276558667091839,0.42383684498665514,35.44311335350994
2621,0.17646470766949957,-0.14831052657555333,-0.2989888364630405,-0.06283610613908175,0.4259359633167195,35.89432329178861
2622,0.18153990608336854,-0.11770582636674497,-0.2809452643002436,-0.035365632754170415,0.37196280663192816,37.34043683777542
2623,0.1559861573116953,-0.12852700636492517,-0.2745681577848145,-0.04470517515169573,0.3852715098709331,38.36878967015482
2624,0.16195019435892838,-0.09890874985440531,-0.28802676131981086,-0.024891439406459295,0.3667552567653266,39.10398517998521
2625,0.15451799377420647,-0.15362628952757892,-0.3248629341678516,-0.0801297091369662,0.47005622809339564,37.087085340844496
2626,0.15023169824386265,-0.08888104770765179,-0.2470155590118171,-0.007800757950729825,0.30677044845805795,38.71452572559335
2627,0.14837457444376262,-0.12365178773360037,-0.26035467093437986,-0.03926280499845878,0.3618187143218401,37.74760813231898
2628,0.16605932473932578,-0.07584794220962571,-0.2594658321862898,0.0029250961309545973,0.3052846975030584,39.60476521666739
2629,0.1601903090425688,-0.07399009115208834,-0.25642220350710637,0.004215486465649745,0.30103761167322046,39.677974884914015
2630,0.1796825381140394,-0.07864288406709832,-0.3140113733437237,-0.009998320692827831,0.3677170879328915,40.07228406418627
2631,0.17102252556016723,-0.06701670412577386,-0.2987210408350347,0.002042697068151391,0.33573311545910833,39.798049754022486
2632,0.1907912925745139,0.10227400799740854,-0.36150844196918636,0.14569110315248568,0.1874032337470193,48.82724418210233
2633,0.18245522181389198,0.10962889364989442,-0.3666313718429608,0.1527175669173422,0.18082326919653693,48.063412761711376
2634,0.18876343814329372,0.10119205545424013,-0.3694539994370006,0.1501241228872415,0.19140048550211441,47.902292782288626
2635,0.18557024990953486,0.07810741624956775,-0.35858347235037585,0.13139550107276604,0.21146157455441966,48.080754673281014
2636,0.18295887593870766,0.04780755591676377,-0.34837190692844017,0.10623512134396405,0.24009488944644367,47.40199575268607
2637,0.18767940976330347,0.057502881890869405,-0.36595641196266876,0.11540770807478291,0.24131742382376262,48.17737930971135
2638,0.19485867337743604,0.09258940933338547,-0.35344057262576284,0.14403249205917457,0.18575130742437865,49.26826988248222
2639,0.2054789954687904,0.10069380690592737,-0.34980015119985736,0.14914046170926806,0.17259611479670467,49.65591504684772
2640,0.20334416897269797,0.09284339505694492,-0.3556166071654626,0.14462624780568928,0.18555262850890564,48.598060462770306
2641,0.20078719205359263,0.10079022609524543,-0.35420573563455116,0.1506987205272648,0.1756364060914553,49.05955872889099
2642,0.19377197866485488,0.062460388182020064,-0.3614617609829688,0.11517139709492083,0.23616632864861942,47.301959498567385
2643,0.18764471670282357,0.032557206107375586,-0.3614069297592115,0.09405116647846776,0.2725123526300966,45.43855850607148
2644,0.1807490945411274,0.037183859569723136,-0.36765890647218435,0.09785699079270106,0.2724491394614505,43.89302629704542
2645,0.1735726669427986,0.0036776593066683975,-0.36776890224911385,0.07031738009952973,0.3142224086128231,42.401238199307976
2646,0.18304654482550314,0.009722386933426485,-0.3513397149142561,0.0777273352468215,0.291994718319047,42.83564063493041
2647,0.17736059491495954,0.013451062697577192,-0.32246575320063536,0.08166088341397527,0.25837095837145835,43.482598876202445
2648,0.1826872643926868,0.010128712520145093,-0.36044683107256753,0.07683732785660391,0.29601112544801356,43.795916215455826
2649,0.18467073124820169,-0.002504796631196357,-0.39428379624745913,0.06408596684362691,0.34056644438384037,43.75095374632729
2650,0.18393814295939037,-0.0027381196965706772,-0.3405493530233131,0.06919022229838463,0.29389917436273433,42.373750441989664
2651,0.1772074168927476,-0.0008709518033447188,-0.3094105406955348,0.07489330140542938,0.25621080941632185,42.967029182834004
2652,0.18212846236561364,-0.012616280398952354,-0.3217996099908306,0.06340483239815942,0.2829727657358167,42.767006916429494
2653,0.17723697661502802,0.003832921480186614,-0.29952376001385045,0.07540951137509928,0.2468547034015266,43.159239215201126
2654,0.17522247228908222,0.006578443089680965,-0.2740384921042769,0.08152101714379349,0.21876733867181075,43.64984821338113
2655,0.17281238929792786,0.014207186339704666,-0.2678872955494375,0.08729920269720798,0.20439566434895248,43.915262658252715
2656,0.16648356388531482,0.029201832829051526,-0.24798909795758314,0.10161240073092286,0.16353493271148006,44.30171459573603
2657,0.16645347905753993,0.03448137222458155,-0.237879445351409,0.1066263056662885,0.14422229160155445,44.290448561826786
2658,0.1701764239479403,0.018441124746969788,-0.2417098041826999,0.09584470268853588,0.1656750808623654,43.91913574454131
2659,0.1753641540618462,-0.024397251070040087,-0.28207665466838444,0.05792563890099691,0.25926809843374277,42.5146531593412
2660,0.1763170309536647,-0.08241640237292679,-0.3236457107576522,0.0038868826867482676,0.3679596711497308,41.13569681228144
2661,0.1475030311511595,-0.11447852477426061,-0.2799130040183874,-0.015424882213515309,0.3652384870659133,39.13899499427595
2662,0.148061392766614,-0.15820868408022434,-0.3123534116139037,-0.06132446589796335,0.4478913218353427,38.93096670705214
2663,0.16390214767616912,-0.06934435778738177,-0.3122497992238608,0.013226346111895295,0.34335075079773086,41.650928798063525
2664,0.15981359675144952,-0.04747449248953106,-0.2983604255840843,0.034997837322682586,0.3046958431133647,42.95886357741525
2665,0.17344357033328148,-0.03523314768902874,-0.2758100514230671,0.048045950828121534,0.2643120662119583,42.09250478203552
2666,0.16476144182523889,-0.050894448007504055,-0.265298673886057,0.03592102858496204,0.27297343107947086,41.80328699509499
2667,0.16004839912479363,-0.08824339037860963,-0.2913034968013452,0.003061286568282576,0.3429433202515624,41.23238890937835
2668,0.15680228300212837,-0.0669637199006541,-0.28337910358975726,0.022059701151053848,0.3109801110230875,41.03857085977386
2669,0.15297009501247352,-0.08884378623895081,-0.29205386394607485,0.002105376789241154,0.34714415218513417,41.56412662240906
2670,0.15237876476644505,-0.08687762579682762,-0.28910033064471846,0.002350087582426993,0.3440422612645674,41.79783446690559
2671,0.15565749518949723,-0.03779425099039595,-0.2530473180327385,0.044905993400141606,0.24913514524225855,42.48640140351994
2672,0.16415197542940974,0.017367673611223013,-0.20323497513318722,0.0926522573453943,0.1305371580339352,42.54626437591302
2673,0.16103390868001177,0.02140771229455053,-0.18987968122878401,0.09743115582158739,0.11033762504815255,41.60659345816248
2674,0.16145219426943117,0.017952015940098744,-0.20021308212878958,0.09361592806451738,0.12545278770015122,41.76503710109402
2675,0.15439934078430395,0.013414294154401823,-0.18756823208011364,0.09070650791394204,0.11632213514857229,42.05070281904529
2676,0.15698171066856662,0.01397079785308017,-0.19041181482098232,0.08886978273789001,0.12097176951119376,42.10384994863584
2677,0.16324062595772112,0.016844932614820125,-0.20936593765514466,0.08713845345243479,0.13898047785003922,42.63007843375772
2678,0.15961470630469327,0.003061676256135393,-0.21281075600704355,0.07771723644441313,0.15799907139297506,42.08526427775997
2679,0.16296333657228687,0.0059857094461585525,-0.21305525091941382,0.0810636293739311,0.15243631079902856,42.111669117642464
2680,0.1673552288921576,0.006896682159200411,-0.21890291757845498,0.08180054639690783,0.15507616539971514,41.93475449489635
2681,0.16289146509457567,0.020938842273183017,-0.19634443441237528,0.09433463987728295,0.117896181654184,42.179055996211495
2682,0.16267052170851307,-0.0033085996038931774,-0.21841826410022075,0.07254441779885207,0.17149413112258274,41.99908745305723
2683,0.15686863518098612,-0.012244090528825101,-0.25337235069395936,0.062285015142925636,0.2159599287691857,42.02853083729371
2684,0.14797723580915162,-0.10179061473255602,-0.3522776232680582,-0.02742395567417435,0.4309830703558406,40.928736965083516
2685,0.15083910286392638,-0.08743564713397867,-0.3402579882259107,-0.013174228687362245,0.4020216185390066,40.638348623750325
2686,0.15480972671402662,-0.10869346550572423,-0.36255570983886126,-0.03336035378767063,0.4430948091265613,40.404733353833315
2687,0.1428555735840625,-0.10572785269521805,-0.33470405534355374,-0.027164707407934502,0.41600625011383874,40.71247757310694
2688,0.13887042790341517,-0.16586729947552314,-0.3629276033964374,-0.08493516561671571,0.51156892942892,38.509033882333895
2689,0.141566056637209,-0.1487038945848424,-0.3630349081676939,-0.07287712864289178,0.4967257777142195,38.603418531662115
2690,0.14236651210077986,-0.14023518908177668,-0.35671249918199954,-0.0656897767327957,0.48400353351836484,39.04703675121562
2691,0.1344207545840394,-0.1682298631117424,-0.3627194292009906,-0.08958610933819149,0.5183283379159249,38.03153238142026
2692,0.13356842164733312,-0.18217501065924557,-0.3641259012266557,-0.10329952985836517,0.537405938239493,37.693848503062526
2693,0.1359704637656313,-0.17307939555133983,-0.37115317286181193,-0.09762132144005227,0.5339115262636055,37.70802108245376
2694,0.12862986139647753,-0.23129490196002778,-0.387371081096859,-0.1553755386749805,0.6148435729743883,35.8019973884423
2695,0.1431665321674704,-0.15692147155027378,-0.40560404844031195,-0.09163326315787265,0.5579137180174388,36.78005751281556
2696,0.12973669917636693,-0.21478667455229006,-0.39723572059099943,-0.14439218577638377,0.6112099360451887,36.361834848796626
2697,0.1259867608606458,-0.17887728652802531,-0.3883588406897881,-0.11283231655678219,0.5784232720222117,37.32889116270747
2698,0.13181562755516688,-0.14518945799513266,-0.4042681493354718,-0.08688148953448033,0.5636442494593555,38.13851138781707
2699,0.12842855400412473,-0.1294423861802807,-0.3957188574148239,-0.07230030810213979,0.541439661250562,38.66321188776412
2700,0.1296344293389827,-0.16454889322882327,-0.35561284656517383,-0.09118373297541943,0.5263028721945293,38.082818207965786
2701,0.142114490555438,-0.157023457286679,-0.31774355095911483,-0.07185190238561469,0.4617565784512546,38.64107255114178
2702,0.14557071566095225,-0.17042055582530197,-0.33735900670099794,-0.08880001274667236,0.4973665601408903,38.98400425881682
2703,0.14554454749289494,-0.1658799875035616,-0.32067800191357937,-0.08257464310003056,0.476693033823764,39.080882836263264
2704,0.15044219446804702,-0.15439805123125025,-0.31606875729107825,-0.07507014226035982,0.464061049261932,39.17318802987848
2705,0.15129646067157593,-0.1544100544353364,-0.3324090945034616,-0.07532402947739797,0.47800484749804784,39.00384674491313
2706,0.14730054642028767,-0.17502643060620615,-0.32354453381151266,-0.0927621515998996,0.49558198398871267,38.36258962775736
2707,0.1508627628991289,-0.1695081514709521,-0.32724040266423243,-0.0898650975061709,0.49355632108620323,38.04923715539768
2708,0.15316061564934333,-0.16335217416940506,-0.33199089008781163,-0.08511498646069882,0.488849178460557,38.734142883204555
2709,0.14292202709245666,-0.167331130486933,-0.2988327086442706,-0.08243490670940087,0.4555545015237143,39.49869051773805
2710,0.15256905224604247,-0.14748525442308738,-0.2997926988847466,-0.06349893712412884,0.4298135026221594,39.00990379597495
2711,0.14988798104858225,-0.16877137142183757,-0.3303070161292969,-0.0911522753911746,0.4889662342660377,36.57679374758613
2712,0.13555906756976488,-0.17433751602507397,-0.2983830036385798,-0.08882854329509271,0.4617028151466189,37.047013228609835
2713,0.1421638856153492,-0.15900475835622427,-0.3193444973753311,-0.07937463071680882,0.4657819813554727,37.30609645342969
2714,0.1418001275508339,-0.15939945369344502,-0.3495449081353618,-0.08712920921773518,0.5084565975766667,36.210070024850026
2715,0.13997716328422305,-0.11838546313943227,-0.30941487669815704,-0.04600289662043824,0.4087990346249903,37.32553974570364
2716,0.12057867018670282,-0.1084130566355451,-0.14572428423360426,-0.02658266329756821,0.2482197994740086,37.069653478584314
2717,0.12115193691557652,-0.1907442757068568,-0.16093783776318063,-0.0969435862454491,0.37357831859418306,33.80898374265262
2718,0.16958774767845308,-0.0945761670606719,-0.3481302836442442,-0.029448322795088598,0.4267379875380844,37.62671139808365
2719,0.15950684233477594,-0.05836207460994703,-0.25502415712001514,0.010771355050647068,0.2893586263615694,39.75197528280831
2720,0.16639240788533705,-0.1085621595130075,-0.2999087897500941,-0.035248596287681205,0.3905461187191256,38.55910288587836
2721,0.1734357651388182,-0.1523700740299486,-0.2930388320050262,-0.06665390495117554,0.4303576100293108,36.04572134788388
2722,0.17733332136998864,-0.1534762352920256,-0.2996165991717211,-0.06612043613906955,0.43008641420227745,36.18789289099743
2723,0.16860946075036912,-0.09083605041806168,-0.26800721630621094,-0.014127123447113034,0.3297057660749633,38.892363233712246
2724,0.16010010126205793,-0.07638048376417726,-0.2678331155770481,-0.002744077806575223,0.316006079225099,39.11213602474037
2725,0.15918610130914476,-0.09973272193441875,-0.2785831328939449,-0.02195064194944755,0.35301012389928077,39.032136842305654
2726,0.15948885847916003,-0.07870044824334423,-0.25425905674647653,-0.00044951350696017465,0.3017726402094798,38.31242326041325
2727,0.1546666038516896,-0.05321319692215848,-0.23374171686641904,0.023987908197940864,0.24782019122795687,39.45785072472693
2728,0.15355564031382293,-0.1019540336405943,-0.2607578053450573,-0.019554580276611624,0.33558380525671083,38.40822422765128
2729,0.15552296294580292,-0.07905285110821364,-0.2442221739710539,-0.0018242680079399848,0.29128529009041765,38.865156740506315
2730,0.17336879578266723,-0.027495595276172295,-0.24096480964154135,0.040449939667227604,0.227831811856361,41.09557129351774
2731,0.16211533883941667,-0.08064075633453015,-0.28620336972811095,-0.006452234919184397,0.33854210759586195,38.99090872493167
2732,0.15579552333296157,-0.1206836907277286,-0.3068906507120606,-0.04281356849343696,0.4067703334038936,38.94393324730341
2733,0.1629070303946214,-0.06280655972123796,-0.2599255236285116,0.014827532607447843,0.28793569827264953,39.95653071036023
2734,0.16337874434922453,-0.1268098304173469,-0.32584265395598433,-0.05034132960178176,0.44187566940160666,38.40743421287613
2735,0.18644312131865953,0.07232993974325946,-0.369327380855387,0.12188073453138391,0.2365320536207956,47.37868007836553
2736,0.1845195900059814,0.10366234244139662,-0.36487041793999253,0.14821757332307697,0.19077184437223613,47.525039992053166
2737,0.18390971468804979,0.10599319132175572,-0.3603352567484841,0.1519536126266625,0.178748921945492,47.1542936146337
2738,0.18300068007533912,0.04510610889221105,-0.3442106324201308,0.1055324485343599,0.24214292312380029,46.25171187740905
2739,0.1827937118903181,0.04081279767978389,-0.35561468106676597,0.10094452363102427,0.2534317321823471,47.53285022009881
2740,0.18638186659704614,0.053613915547196724,-0.3625964187058066,0.11406445151906568,0.23659630208135754,47.91380427660265
2741,0.19411530054549175,0.05150465359959289,-0.366677200319351,0.10895591285137869,0.24856048622322396,48.43341131448867
2742,0.19990402382180672,0.07098845458394183,-0.3565641966299199,0.12470780252980108,0.21851593925306215,48.806972882256254
2743,0.19722884028155332,0.07014844206219437,-0.3651948777587101,0.12309256890807646,0.2309549122806496,48.46122805558791
2744,0.1965181645723974,0.08793886285828346,-0.3589572849833261,0.13838396427528682,0.20199942489659597,47.965269632531694
2745,0.2002361085288203,0.07964654893883055,-0.35168934778663546,0.133761789948491,0.20524283288138317,47.59997451352224
2746,0.19624298274223367,0.08494144723763711,-0.35885962970001944,0.1387981878247986,0.2017351758509978,46.489412461003894
2747,0.19125992412099094,0.07513691164782704,-0.37165769803402154,0.12896262414366,0.22888605738241533,44.88987498595699
2748,0.19081932317559994,0.06934894880641247,-0.3791157386102998,0.12324987442697853,0.24253689053056776,45.20275869271713
2749,0.17859015197407285,-0.001840543261754052,-0.36800342655119733,0.06572738849102049,0.3136501141558347,43.77248400421521
2750,0.17307441789214806,0.004579617655289786,-0.329504863553979,0.07259403442849661,0.2758713006400619,43.24613883617858
2751,0.1744226838625687,-0.050403935464614746,-0.3507929684036803,0.026802870487188064,0.3618279585826793,42.24855778721984
2752,0.17796417860003116,-0.03659686364319903,-0.3600226208270737,0.03708059318689768,0.3531488433991313,41.3761678545688
2753,0.17632390980805118,-0.016004510112818456,-0.334135518772501,0.05783574420117068,0.30219859710044605,42.256352843474374
2754,0.17448157007759546,0.0030472484010689686,-0.29155655791407536,0.07921107710117548,0.23532276536994745,42.788353815217796
2755,0.17357711683245813,0.01860167415602319,-0.2685587872996616,0.08883491240935486,0.19675578492485618,43.67755398892126
2756,0.16891398575172661,0.022353087928487503,-0.26600730990843136,0.09387559523590545,0.19025705991880204,44.18384679607752
2757,0.1723795480829462,-0.019740877694569142,-0.3044578402639072,0.055543439585778155,0.2776190295262695,43.61462242513384
2758,0.16904781804266727,0.022441381861913037,-0.2590058056668917,0.0954805379975052,0.18299391317592226,44.61626263739628
2759,0.16065717491590456,0.01858699063171558,-0.26268000021417315,0.09007385181722821,0.19262830483967938,44.40805055235458
2760,0.1659780781334154,0.03564211551636481,-0.24629670003186388,0.1046023673428344,0.15429625773845093,44.2295435432768
2761,0.16894442658101194,0.010846420405596711,-0.2583235030699691,0.08617811588004849,0.1931441780125587,43.62692539241858
2762,0.17900630026638764,-0.01662009907516818,-0.3051559324382434,0.06160810576534153,0.2668502721276933,42.71101797570173
2763,0.1711507931757918,-0.01681850951999624,-0.2944170263064033,0.06315517567404802,0.2625961126119735,43.02704398465936
2764,0.17876580041054094,-0.03149678118687741,-0.2992198519926948,0.05088524280319161,0.281413997101657,42.044221002135856
2765,0.13013276541536895,-0.1489203161024313,-0.2773829737192794,-0.04726559314186697,0.40833995579551546,39.29614191168719
2766,0.16176706818864778,-0.04955684528057912,-0.2834355095353026,0.03303077554870642,0.2913201467647534,42.23761496892197
2767,0.1600200183338116,-0.04181984167490502,-0.289650748209328,0.03680748817099377,0.2913973800101116,41.753800617147625
2768,0.16437524343897553,0.007824970032288645,-0.2269163420395346,0.09005698593147059,0.15982874817515197,42.45156258837636
2769,0.17971336512922612,0.010472680976472382,-0.2417211122832393,0.08485476524249659,0.17674196748327398,42.719980458374266
2770,0.16675654464117345,-0.10077765041864778,-0.34291928037134267,-0.022414928091221014,0.41585984326894454,41.62091130327835
2771,0.17311731274966227,-0.09271424876591322,-0.3793259054148512,-0.01910903265885612,0.44243247102290606,41.48556312102029
2772,0.16884584958674195,-0.0029428605495210296,-0.2709027304698284,0.06665772038338738,0.22902462722066302,43.81581752010637
2773,0.17158447444759717,0.015757898970260406,-0.2606300422410036,0.07862908367142465,0.19573628277101052,44.85182019360615
2774,0.15848132213930147,0.017666599808138304,-0.19654796250855483,0.092886052372815,0.12334448924122851,42.86340111514691
2775,0.16375291370024647,0.023181145337486758,-0.18615407453693802,0.09817857006527961,0.10578434161253494,42.28398613737575
2776,0.1594868078101607,-0.007016812750459889,-0.20258354460103933,0.07513389669804711,0.15655476356653178,41.524923507461715
2777,0.16003968911633298,-0.04660334242409564,-0.24200128759046732,0.03875984223692832,0.24573185822230623,41.43052506690635
2778,0.16049294527843871,0.009803549957976915,-0.19585351874955825,0.08576472911126182,0.13043537059264568,41.77933036200813
2779,0.15542503053847856,0.016749027282754583,-0.1959424760321155,0.08880269899192514,0.12384012087724412,42.102626313776014
2780,0.15575267425813957,0.003614332758997768,-0.214865741728008,0.07555926787028155,0.16001609583445248,42.66984796014404
2781,0.16195474855819536,0.013862946093098502,-0.21141102184783203,0.0835068437335758,0.14329066581756866,43.30634449025063
2782,0.16404541506554518,0.010130038135195063,-0.1909799807753364,0.08524220223295285,0.1260642568262277,42.49686411785895
2783,0.1558415228481408,-0.021388911106423217,-0.2304024579012785,0.05674552276765639,0.2032147313067779,42.01859166583696
2784,0.15375714085109274,-0.05805664233963357,-0.27012475062121727,0.023469872975985306,0.28763454889886,41.25264513527831
2785,0.152160990168754,-0.06980632237866519,-0.2620106236294915,0.01363274236393427,0.2977959927762675,41.27331234333636
2786,0.15458279006721926,-0.0666027450360492,-0.27371267443699043,0.014471933394724778,0.3053181239351141,40.86476549677639
2787,0.15407308340441478,-0.043301153088524696,-0.2677957359544004,0.033846055160959246,0.2704217112689442,41.521817298951945
2788,0.14370477528918585,-0.0678892294976252,-0.30699398173829867,0.004326219729626716,0.3546245241260008,41.857101655889785
2789,0.1432227421619438,-0.12433680515952944,-0.3640780419130554,-0.051386279274684914,0.472293916798927,40.26419212912258
2790,0.1532093634947617,-0.11717651390050832,-0.37737677523507074,-0.04532805312152761,0.4748304320166615,39.890619376822
2791,0.15316666162920842,-0.10048096768531187,-0.3536777978842684,-0.02891665839520405,0.42944779129188604,40.25417420867493
2792,0.14106175289189357,-0.1286789463799541,-0.3545117879010943,-0.05802934943211771,0.47018046529270713,40.18960516541792
2793,0.13842345335472725,-0.10640966939995339,-0.333535983463309,-0.031074386205863037,0.4211537123417854,40.41915853423909
2794,0.14746996776320034,-0.14371900141849905,-0.36712113240675887,-0.06980206721613942,0.49330910199391,38.982534107054214
2795,0.13607070396616727,-0.1612547529399106,-0.41057525644623155,-0.09733963508259638,0.5659267785176016,37.78102793539668
2796,0.13449850481858103,-0.235013877344984,-0.4116662003224892,-0.1666460750505026,0.6436236711237021,35.58741412472913
2797,0.1302417267127776,-0.2538124340684573,-0.4113952647719022,-0.18512128064707792,0.6661740027819187,34.80535760326913
2798,0.1361461649823009,-0.2145007960927667,-0.4071360338964612,-0.1470901680340524,0.6199662623707035,35.83511017799617
2799,0.13356873028678262,-0.1602664679227369,-0.40900405562445874,-0.09740073121215867,0.5708634846572345,37.74393219452518
2800,0.12369305379331541,-0.12669708484391048,-0.3895955294127441,-0.06737844499050126,0.5342867578533068,38.11118666944558
2801,0.12707055195536618,-0.10536787078706371,-0.3945828675018613,-0.05058899823564795,0.5184645897096896,38.72679156884799
2802,0.12032227971041173,-0.13171163345116557,-0.39347609383735666,-0.0751910083919234,0.5483637744249557,38.172167275497586
2803,0.12103929341601556,-0.12304575453374324,-0.39778280939988614,-0.06891343493658549,0.542437011114234,38.6529211248903
2804,0.12819357984791188,-0.15547981151252152,-0.37150397727608875,-0.08599270509131395,0.530560163904704,38.95402356768417
2805,0.15172374702711816,-0.149619241687248,-0.334206837769022,-0.06961860431092266,0.4684240375879938,39.115559254513215
2806,0.16114186773348627,-0.11372652968017921,-0.314948122814734,-0.03490473558566092,0.40600751979791366,40.400503870752225
2807,0.15868851567103906,-0.12536391006447753,-0.3051672464123858,-0.04407030397355841,0.40824519110625423,40.33762180159474
2808,0.1646051684400565,-0.0689702296549684,-0.28195513216246443,0.011698674319749185,0.3098979333376588,41.32635413834895
2809,0.15790129109296636,-0.11715303587990489,-0.30618190541173557,-0.036057518038812096,0.3975236655956079,39.737721119717534
2810,0.15766199231293043,-0.14004845819107056,-0.3060629204833849,-0.05908128213540311,0.42965322673661027,39.049761065387436
2811,0.15178436846383267,-0.1462841780212136,-0.30187081851044983,-0.06703249473011169,0.44086751898772136,39.46851899288175
2812,0.15309565265640995,-0.150282288748501,-0.29993656867303126,-0.0681748793606994,0.4363912572855019,39.47604464816567
2813,0.14790308259663554,-0.16241625113504268,-0.3044712656890775,-0.07843492653273719,0.4542420345619152,39.20136610417442
2814,0.15856677131310906,-0.13771373075762602,-0.289497596380856,-0.05281296593523031,0.4013513703467234,38.89011046602033
2815,0.14993987789190658,-0.11225812707349123,-0.3058048727336198,-0.037264113536054376,0.3962031393320085,39.41708628379721
2816,0.15106615474438848,-0.1459643551221344,-0.3559392666671274,-0.07307950660137846,0.4901677972579564,38.106498873372665
2817,0.14877711876631525,-0.1509618403964844,-0.3560652243840538,-0.07805489118161751,0.4876380418726488,37.4100837936859
2818,0.1445737177033755,-0.10084000817617193,-0.324374724218642,-0.03043671653444048,0.4018831123184758,38.58553534952651
2819,0.09872853197500407,-0.19855725783147143,-0.08304929227028802,-0.0948575102833005,0.2994116677583259,32.735493037306775
2820,0.158551865204512,-0.1777694856544153,-0.3355777699265809,-0.10434156867453732,0.5162772105903112,35.18941353952378
2821,0.1537500716978362,-0.2237777909006428,-0.3636703336199164,-0.15292914155939466,0.5871798013248688,35.462989575103926
2822,0.18291372296676053,-0.06671537105259076,-0.3285068615345795,-0.003368040055536061,0.3771003806986767,38.994589745942676
2823,0.1707814529440892,-0.12411511762511136,-0.30891454135624274,-0.05178511068836337,0.41318055751531463,39.154506233114724
2824,0.15446107343955914,-0.08002935356743814,-0.14125451134154732,0.022253679829999658,0.1868931303191141,39.606568063848144
2825,0.17466605950423417,-0.13509177781046638,-0.2866494154412502,-0.04968513453781732,0.398353072412763,38.17023544968215
2826,0.15276909215664317,-0.1055095984029544,-0.2669719424388574,-0.02641971915850235,0.349427037133838,38.87117257961257
2827,0.16606746898453867,-0.024483915176993946,-0.21922191475326197,0.04372846006194411,0.2032317518112026,40.628218832859524
2828,0.1685010042776521,-0.052339144089185476,-0.24061299841788436,0.021936250420124655,0.2566901051241941,40.09122489818964
2829,0.1627341105508248,-0.07745359727270423,-0.2595643083300258,0.0007577039095393622,0.3050203034643098,39.54590270217269
2830,0.15354289367656218,-0.06554145865156977,-0.24726784767195717,0.011626114468583632,0.2794056449356612,39.1168969415042
2831,0.15182009650792277,-0.04618034442223201,-0.22729823912592279,0.030502102612109887,0.23318175531293822,39.05694348188024
2832,0.14167997559361267,-0.13683840192373004,-0.2701364800989062,-0.050590777253382437,0.38831355298689324,37.84737930409218
2833,0.152712422158642,-0.08543781957908038,-0.2637691560158505,-0.014439375841865673,0.3288764204690175,38.23028976061842
2834,0.1596054184649694,-0.0643303875535452,-0.25834619027297445,0.010191071321644167,0.28854699797411315,38.30745178811438
2835,0.1640696389047139,-0.08000594839581882,-0.28319224939981774,-0.006442380598487135,0.33603006431285354,39.773726094149964
2836,0.16988550615934267,-0.06601749311614089,-0.2776966391259195,0.007782412915751522,0.3099066391545593,40.06394382369866
2837,0.16109855864954783,-0.0797391043720898,-0.2751926981757903,-0.0005617884792877804,0.3272214066602509,39.87655613991981
2838,0.17314255807260925,0.06536510702836092,-0.36125761885694624,0.11845934177513094,0.2379449493931843,45.1009808456918
2839,0.16895628745531954,0.0736288941771415,-0.3533036931424556,0.12805190700975627,0.21479427509541837,44.65544678819273
2840,0.1819916693307691,0.027777411598583074,-0.36716736035501546,0.08906179462806942,0.28293224615137813,45.53494518230024
2841,0.18700476062124338,0.0466184015590228,-0.33387559857239846,0.10682618042211015,0.22492337284645325,46.33965053316518
2842,0.1930759032425982,0.07904099405609129,-0.3673506988422029,0.1321929739441061,0.21917797196435965,47.72858958276967
2843,0.18800631719905564,0.0527425831469315,-0.37298873005311145,0.1089088238656581,0.25629129081477514,46.93592616952445
2844,0.18552260172164167,0.06955439955485293,-0.36624717199054574,0.12519513962653264,0.2293211047703248,45.30135929708592
2845,0.19608115683740202,0.08326701915880114,-0.36335479666966075,0.13183844485449353,0.2139045230801669,47.86860615206843
2846,0.1984782322996819,0.09600783515553711,-0.3556669065568759,0.14311022013230745,0.1910267835781835,48.33738322277718
2847,0.19659716338962596,0.0795829138070915,-0.35339203795152596,0.13266148552460416,0.20630054634759434,47.93092596756655
2848,0.19128745587685664,0.05186750058437469,-0.36269640458838026,0.11049707892356223,0.24841357697983163,45.866083755949425
2849,0.18541052412053843,0.03296709997983524,-0.36211469380968847,0.0960413702149623,0.271514225873757,45.13636929160327
2850,0.17201813786692582,-0.02497114555443214,-0.38152292398469095,0.040886168734072505,0.36833570243735114,43.012029623416154
2851,0.14605275610142796,-0.14651513203891428,-0.40636923973938666,-0.07170972559333988,0.5411379858484863,40.121739345407676
2852,0.18515608894463534,0.027084205423797567,-0.3793607957385826,0.08768029586933064,0.2927523840173913,44.26864484312854
2853,0.1888556624651499,0.04846707933057294,-0.3772273287024596,0.10801648365355176,0.2612532708805255,44.34406348181244
2854,0.18443657009524828,0.00980984710237411,-0.3856268443004173,0.07135892304533542,0.3234036342926179,42.673609713726634
2855,0.17593321954413854,-0.02139867385640126,-0.34312311812139645,0.05275458810004512,0.3190348061954109,41.485315758524415
2856,0.18018608869690847,-0.02903353348217319,-0.30688221410622674,0.05272186359128923,0.2817611146364057,41.994707971681684
2857,0.1787148603283472,0.021763158023651683,-0.26942306754051804,0.09572492241241738,0.18877377699829026,43.251641267491166
2858,0.1756389026572522,0.028361352278277185,-0.25989076447911885,0.10004963067960862,0.17197768062736116,43.92766640739346
2859,0.16439959415965086,-0.005809912658109692,-0.27540130637400123,0.0700929849146393,0.2312414994711502,43.86533618253395
2860,0.1616624537257194,0.03268650602325987,-0.268790335874257,0.09705755261699797,0.18418047426229003,44.78572334838894
2861,0.1651039452902822,-0.00880454925360379,-0.2742010629163089,0.06756654945140063,0.23492703146737548,43.87751814461342
2862,0.1645064165452527,0.021274224338940686,-0.26465810398545925,0.09063836950701377,0.1916018151376393,44.32746424991779
2863,0.15820023660903315,-0.041035012844082425,-0.300431056327496,0.03577944744497825,0.3041175275048734,43.14818746615961
2864,0.16575640537859837,-0.04052073887440426,-0.28682193788729304,0.040678897572654846,0.2827067517155769,43.50453571797014
2865,0.17111787223868993,-0.00025910087646399763,-0.28545120409401015,0.06702571964548146,0.23871103211495107,44.890058422224925
2866,0.16606264015452848,-0.04922581926920962,-0.3162104756803974,0.0279374308614801,0.3291230133442897,43.23949344982867
2867,0.16604956125579307,-0.07486851168823737,-0.3187053473906032,0.0012097616481615112,0.36773977206884545,40.729999137151744
2868,0.13074119561760478,-0.14457315010128968,-0.25669002946065744,-0.0410561394504129,0.37973706246744715,38.99949855569041
2869,0.16930073993577924,-0.0367086320414536,-0.2692635996753807,0.04383111231457369,0.2596769581774987,42.41063386104987
2870,0.17016581055661617,-0.0035572573210752192,-0.2699555610612315,0.07272177350611014,0.2206900864839596,43.07179780413924
2871,0.16918069139780528,0.01185789813929776,-0.2361152433814599,0.08710106124560871,0.1697203059621157,42.9385414532656
2872,0.16169429931825702,-0.07617109776311486,-0.30014697247273264,0.0022690530386822064,0.34242534210044295,41.81107376085578
2873,0.16452274402663866,-0.033671942837679776,-0.2683238581983365,0.046372785836850464,0.2540781966971698,42.693909535000344
2874,0.17011820144290998,0.006501184275184882,-0.2424053251153434,0.08285559307973699,0.17761594443536186,43.96179873773191
2875,0.1592788845972874,0.021190276301508788,-0.20389720080843005,0.0952609891065588,0.12641674394832558,43.08152857539494
2876,0.15975063474829,0.01982218437560584,-0.18725557328781448,0.0947996952223007,0.11122861684337612,42.84529559746926
2877,0.16329688346167448,0.026990808833475526,-0.18401087796039053,0.09959557919224793,0.09973010513385148,42.58660516695385
2878,0.15763236925313168,0.023204198084301728,-0.18412026026587577,0.09720249104951614,0.102229998205871,42.222594427200036
2879,0.16042617704459916,0.01768170110135837,-0.18959434755600932,0.09174629208496936,0.11322399769256623,43.70325023554778
2880,0.16298671477664425,0.018925566616754458,-0.1988132222601041,0.08855465655248097,0.12364436566302275,43.038638275906415
2881,0.16107061538139428,0.01349942498708523,-0.2094874442623496,0.08327471702490602,0.14019456615630888,42.56877928069373
2882,0.15887397015273053,0.023439005332537535,-0.19987493264947814,0.08994992368480502,0.12291166217365913,43.01884927866873
2883,0.15041266886738755,-0.03624949895342921,-0.22612717602734722,0.04463531078950043,0.21986723128079563,42.753810176929385
2884,0.15368823554360914,-0.06087921039177956,-0.24839044326371723,0.021687847774117523,0.27309481734355573,41.74428295794435
2885,0.15372775546552914,-0.08115332666123326,-0.2581777951901697,0.005667463785892059,0.30586259005552263,41.05762136474845
2886,0.15778789274780014,-0.09224713376097374,-0.2911828574937642,-0.007369942312893744,0.3501445708535107,40.59080469288707
2887,0.15932339403496254,-0.09079239395650765,-0.3021217656676121,-0.011697810397349205,0.3654907944482715,40.61604479266588
2888,0.14550818045799327,-0.07308275577174718,-0.27169700572676037,0.007744195174857351,0.3130071202666001,40.99584822922261
2889,0.14609974937931472,-0.04015519792326138,-0.2718865247327554,0.03370470575021568,0.2712247869297797,42.34654217656246
2890,0.15094896679336675,-0.03655223195281404,-0.30357666411886125,0.02560593321408568,0.30723155267740465,42.454821724719025
2891,0.1538452115399549,-0.05564195013180252,-0.35429073506439257,-0.0012802559182139369,0.38996414151550574,42.48019407925673
2892,0.1588770475264036,-0.05216601948397044,-0.34858591697043856,0.0012167080829687104,0.38039425401516996,41.977465883866635
2893,0.1460646454692599,-0.1271388355885857,-0.3734714625597144,-0.055165255634322584,0.48410799718773795,40.26406429752078
2894,0.14810972929873792,-0.0824913359859668,-0.3296605989016485,-0.010151736291632808,0.38877142762518163,41.546864534669524
2895,0.1504068506605069,-0.09160951077918093,-0.3438405469836427,-0.018411173867433912,0.41003177691190695,40.80276146051129
2896,0.14983187444342877,-0.0845562002392772,-0.3897823537906766,-0.02295841666056331,0.4558220135206374,40.77187703582439
2897,0.14297772675170986,-0.14078489831804522,-0.39121964741243453,-0.07361143553934174,0.5234968530197334,39.72542991384527
2898,0.18425601886064266,0.0013898654247862317,-0.4039339360845148,0.06457768262421422,0.3502060573317298,42.25842069513356
2899,0.14087388149846866,-0.030238229704842377,-0.42522314134154754,0.016559285756234624,0.44237278255449863,40.72051094840563
2900,0.12331027948835661,-0.17047725485585133,-0.40934986884316227,-0.1107607734895592,0.5909740940382937,36.56186647105511
2901,0.12772546589943734,-0.15213183042226042,-0.4103548588876741,-0.09290282236316032,0.5721718800554472,37.49928653702516
2902,0.12182059253699529,-0.09326418504098159,-0.4071269907977037,-0.04376949341947158,0.5238467816589543,38.69701455771948
2903,0.12896697514805322,-0.1215295838981942,-0.393488537397526,-0.059524734291346026,0.5220708001533249,39.333030317012714
2904,0.126361572698388,-0.1021800978511633,-0.4029856475002105,-0.048500253219210636,0.5200914959133704,39.638439706741224
2905,0.13192594397375945,-0.07628576591477547,-0.4042421840621009,-0.025080990676384064,0.49131249955533396,40.94485275504499
2906,0.13976036826911153,-0.1500396458998661,-0.3890508154270224,-0.08218348974743477,0.5345874689068577,39.440088800961
2907,0.14820124841552954,-0.17579852310513633,-0.39791654597305665,-0.10786492235882879,0.5703501833153398,38.68049003648602
2908,0.17578273165203634,-0.13269157276278146,-0.3673434737991504,-0.0567965810976713,0.471300473081741,40.65534009266069
2909,0.17087691995593046,-0.09397349109486146,-0.3475505629010883,-0.015908473409955708,0.39375835185425706,41.35404706167339
2910,0.17560283086356882,-0.0666608422982075,-0.2987130667341582,0.005856271998755658,0.32395069508234325,42.585391953695876
2911,0.16341796549789603,-0.09131780025221027,-0.28849798736682,-0.008389392324449253,0.3422242423918765,41.5883281476592
2912,0.16574751523925604,-0.13424759782688991,-0.30705122531834234,-0.051440336556781645,0.41980273572774396,39.62063318082524
2913,0.1581218043964778,-0.09087957269943708,-0.2779950722575578,-0.008456650993209766,0.33230497855777763,40.151337651395934
2914,0.15691183615325727,-0.10155406437101482,-0.28121097662737626,-0.020843590797851353,0.3552908202347373,39.459387030638304
2915,0.16144966973868197,-0.12475740229403938,-0.30501108557093665,-0.041191157306082006,0.40319634585806935,39.75961892311399
2916,0.1611765669098453,-0.12987495959306072,-0.3075465675961606,-0.05126981291102947,0.425727738797285,40.32829071886793
2917,0.16301637999110155,-0.09620075334424909,-0.2883771900318241,-0.02695384365572959,0.3571429748568717,39.75591748430759
2918,0.1768968685657857,-0.014449269611540212,-0.28493433298080834,0.044740900203181055,0.2523887939688834,42.04679822137303
2919,0.1682520414404852,-0.03524741053933198,-0.26588940910719355,0.03184511957945878,0.25894288531812903,40.30207486297326
2920,0.141601273995043,-0.06800804695103169,-0.2702915864697361,0.003557868719350429,0.30796198142469916,39.40192553160477
2921,0.10729060292539835,-0.22006869368007057,-0.15939642642750748,-0.12087587012365505,0.3923690014316491,32.77654413959878
2922,0.14407473976250174,-0.21328088184265132,-0.36507392105251546,-0.13940308461435316,0.5712956129809104,34.1366632677757
2923,0.1441951764431511,-0.247484228365329,-0.3759298001478464,-0.17001564914592082,0.6085319724263919,35.12362565668347
2924,0.1658942112856914,-0.12841212919670453,-0.36038255370318045,-0.06284174249085443,0.4760733432153447,39.121062840291216
2925,0.19134082488889956,-0.037034148241089686,-0.320322149629451,0.024551254000378258,0.3190344422655145,41.02033844478672
2926,0.19576260477362,-0.02482612477633643,-0.2549058637493933,0.04721210887970417,0.22233580557101987,41.92167477526238
2927,0.15193480547742805,-0.05203812861176999,-0.22399647531590103,0.021413627179018138,0.24235688338483843,41.58489188790894
2928,0.16105427430847352,-0.04081844568102655,-0.23082059262740776,0.029782820427615445,0.23447080070971735,40.576324376386026
2929,0.15830654202435662,-0.0676283290657788,-0.26767888230317394,0.005254054494791171,0.3020099419362386,40.03608902396039
2930,0.16634126587076903,-0.0968392489068889,-0.29151962392182634,-0.021365775424477287,0.36322566910500703,39.35913716338736
2931,0.16579606277479902,-0.04729771569850575,-0.24526708961464866,0.02036086574976998,0.260156517076366,39.85289552891588
2932,0.16981033541003485,-0.051580773654758015,-0.27150474574977285,0.016361157408391665,0.29384583483182947,39.77182611781091
2933,0.1612318193646905,-0.05373211081278552,-0.27699847740969386,0.0159810235550378,0.2970074120596373,39.68820054897598
2934,0.15154824701336986,-0.07706585470590818,-0.25078370708798564,0.0035825922134571156,0.2944029529322183,39.36457894689559
2935,0.14495664168034172,-0.10375578208173544,-0.28288665823548664,-0.024429420030711798,0.36313181948675816,38.38660150811945
2936,0.1615265416427216,-0.050665135616581786,-0.25040616341230987,0.02043659420987753,0.25961806254917336,39.5601199769604
2937,0.16468299735363345,-0.04923610543242127,-0.2526745108987073,0.025573162188269577,0.26302276212071446,40.20398405110233
2938,0.16664640685516674,-0.043692785872516675,-0.24050713895151232,0.03235386473985609,0.24235346504965216,39.92743037789712
2939,0.1643965606437325,-0.06112775495360815,-0.26071200956321955,0.01653100121509985,0.2866278916302747,39.968497412933814
2940,0.1708620639515812,0.0488774282724131,-0.37218330872967137,0.10499786086573086,0.2697713588180157,44.702019434618094
2941,0.17236408702178688,0.0496722595588966,-0.3726700834610519,0.10613800591303454,0.263133117600213,44.98332552762036
2942,0.17321761117683807,0.0202124982644684,-0.33120527506247566,0.086132783870225,0.25701385230964774,44.687147853963914
2943,0.18112437830443187,0.009492992166369622,-0.3676407200624225,0.07520544680720118,0.30592194278575263,45.04319595560639
2944,0.19051759652445116,0.06046471383206571,-0.36688316922754094,0.11753083634210051,0.242118784537026,46.49939688533836
2945,0.1776164431341387,0.09717555212633681,-0.3844611754989027,0.14700831381704893,0.20583658824399867,44.52061638468684
2946,0.18815910213085388,0.1016187142915365,-0.3819758837502331,0.14941329705106404,0.20084179058925683,46.53889354036658
2947,0.1959876469016801,0.09389481747965908,-0.37011560395294124,0.1396950763901689,0.20665205443296913,48.427993284572494
2948,0.19268295849587647,0.08167931987234277,-0.3657242953601619,0.1315373298093881,0.2192808597474899,47.50505089367579
2949,0.19640519147524357,0.07354398149175345,-0.35846046956872507,0.12745787844403572,0.22005582960119338,47.89618746035847
2950,0.18223531629488068,0.027137133042862187,-0.3606075216063443,0.08947773322743291,0.2768871728279845,45.760779078549966
2951,0.1789802818530369,-0.01874884346449277,-0.3616043883503731,0.05006103532134316,0.3389832044888303,44.62822147224407
2952,0.17817378563942907,0.0014130534165394657,-0.37483349872049543,0.06341964078102234,0.33025423851465363,44.099691952468014
2953,0.1719865157272966,0.006293579261216158,-0.37896974336416095,0.06567240124557726,0.3267895600195293,44.23905746560486
2954,0.18630621336887707,0.08361558872595493,-0.38667397381937263,0.13329391821164555,0.2313791373712701,45.54159656729647
2955,0.18978008343385183,0.09401805064880908,-0.391881769859456,0.14542757541714454,0.21704999966340266,46.14565484480823
2956,0.19037754629578887,0.04171346675403317,-0.38391339861304086,0.0959344934816334,0.28038525882923887,44.841985388214816
2957,0.177347476900763,-0.10086611892472248,-0.3617958846015467,-0.02015844840871429,0.42345725412543633,40.71820657430128
2958,0.18226512023745386,-0.03036944575748334,-0.32600213056122396,0.04749595024072843,0.3053960145639633,41.7618577283215
2959,0.18306792862711016,-0.013864769216737769,-0.3177246465550456,0.06345556933706305,0.2774049933376159,43.61099800189422
2960,0.17924868630235907,0.0113396500865346,-0.29440499794235403,0.08457000141310692,0.22443599553927773,44.234181386487094
2961,0.1709705967912981,0.000476448553695654,-0.2813550226331548,0.07500386818885531,0.22880450261254756,44.008825638668746
2962,0.17075912162943954,-0.0006253310646645291,-0.2743239976217686,0.07326943820951752,0.22271265695014214,43.92220408323346
2963,0.17215805507770837,0.007533063156400796,-0.2809516916137619,0.07889700005564813,0.22163510956394913,44.30331909651091
2964,0.1725670332765528,-0.012390758939770744,-0.2771761862897224,0.06400876559221287,0.23874923404858886,43.95912872745333
2965,0.1816374487861651,0.02174166739347718,-0.32179571334929685,0.06313954162020888,0.26873308239588867,45.06058280002621
2966,0.18086430286771316,0.032191639843757565,-0.2695222435449137,0.09315391498213806,0.18647798118231143,45.14842320745477
2967,0.17758475556428818,0.008627974596249212,-0.2870646239098846,0.07328403896575142,0.234553370314499,44.20643621857245
2968,0.17742548715405848,-0.0023626171074619404,-0.2685170108087195,0.0734462054325357,0.22071507526236236,42.729545010108936
2969,0.1741490801785077,0.0168451844950695,-0.26707772008680386,0.08864750299122232,0.19307865064427346,43.14583668664549
2970,0.15217437322002536,-0.0033596979417217926,-0.23348179422198248,0.07851884409557049,0.18417222894283106,42.340454931265036
2971,0.15647614789235478,-0.11422584206693917,-0.29324370433299723,-0.02583482981058507,0.36484608304215965,40.11595490202121
2972,0.16578430243432862,0.008853767672202984,-0.24807349301288725,0.0827108929750956,0.18453451541738722,43.060894589262766
2973,0.1627344689527056,0.012310115222841355,-0.21973379279114563,0.08783329630383335,0.1503322083206293,43.520189799826504
2974,0.15900345736383273,0.0006501095142498808,-0.21763297617909227,0.07884549710838573,0.166165340832405,42.64657995837324
2975,0.16200291179551915,0.019479919456527495,-0.21075163446807965,0.09224012468912429,0.13601263374513375,42.99140206469965
2976,0.16728509294331417,-0.0009397888112405476,-0.2129977767629068,0.07527595272839603,0.1606073493905397,43.101959461171084
2977,0.16186026025965336,0.016867077417072135,-0.1935763350676386,0.09235675079337205,0.12132114737056,42.71332167588572
2978,0.16231777814024367,0.028528050276391208,-0.19597958983018754,0.09747539910703626,0.11133872831694962,42.99457583342345
2979,0.16042251784812395,0.02817025430386737,-0.18960385017147713,0.09846096194324462,0.1056534888870166,42.78657100286201
2980,0.16149348873570712,0.03276569378886811,-0.19747942299862664,0.0986268435725382,0.1086684678065361,42.9334067684858
2981,0.15800757809502736,0.0319578128080479,-0.19782126437254455,0.0981123557657771,0.10676977117907745,42.910515131163955
2982,0.15961766427029556,0.02090761405561343,-0.19806293604623051,0.08811521545542286,0.12455122049370916,43.016732024966686
2983,0.158960012718205,-0.016358699826132715,-0.22159020162642623,0.05754385741418604,0.19146293216467128,42.71157572212973
2984,0.15455079793107354,-0.07768248678043344,-0.25675081273732125,0.005351941265412626,0.30201684678682433,41.329497714599746
2985,0.15600443037806552,-0.10510835556760556,-0.28113136930417404,-0.021430244237429598,0.3588478112979339,40.60194251198573
2986,0.15033193138544065,-0.0819502810953492,-0.267205311770351,-6.23186999683269e-05,0.32127643761366176,41.26994510316285
2987,0.1553053115684777,-0.0835669688633602,-0.28380470612823044,-0.001013124293457896,0.33589501226652047,40.91716356740921
2988,0.15039868153663602,-0.12924139153839384,-0.3073188195611807,-0.0436175512188103,0.4131447982422533,40.71591409746896
2989,0.15683910112323246,-0.10521943174197963,-0.30261729341052557,-0.021420951020719368,0.37880150929268536,40.550709988943126
2990,0.1517004539319373,-0.122978257767299,-0.29612137797038723,-0.03694419124385225,0.39454669568806,39.536096911850905
2991,0.1369704051369125,-0.08120350577352162,-0.28614148284245033,-0.004158896595194117,0.3389910986003688,41.44140418667042
2992,0.1352587137663998,0.004208483728437573,-0.24600813999409246,0.0644520875266671,0.2006175291779883,44.91998534775557
2993,0.1519894791417603,-0.03750690172203155,-0.3059341179952772,0.022288602828757637,0.3072241847509742,43.522127858846765
2994,0.163472523340017,-0.06511117121642453,-0.4037422037689558,-0.024405111774766175,0.4626699185297623,42.55813339439369
2995,0.15258385076657388,-0.10318152671858873,-0.37777824127375165,-0.04261377768451556,0.46803727467751954,41.158260435336516
2996,0.15776662499739758,-0.07997657366137777,-0.32834117881410224,-0.006537247282972068,0.3796869290253187,41.591625390869574
2997,0.15034318117579495,-0.06428341717893073,-0.29980286418498087,0.008061978958245961,0.33448454847895603,41.1242560432744
2998,0.1437782959558277,-0.14186816925948328,-0.3810319413711957,-0.07340087434845279,0.5101607006739393,39.756980739542946
2999,0.15645363198836496,-0.08146052331603733,-0.39422588976441997,-0.015349798926647331,0.4532466319087703,40.380551792580185
3000,0.18283455588185787,-0.013759601894682711,-0.4295135025270408,0.04324557171990382,0.41324104946129875,43.16087844565384
3001,0.14280890095799675,0.007279011987839271,-0.4281195317400822,0.046488642491662145,0.408737858885716,42.09864466108224
3002,0.127987864996807,-0.07321079043861184,-0.4079516970682067,-0.023676381206649538,0.48612338374174874,39.52004410657428
3003,0.13012773374381933,-0.05164025710662915,-0.4136830297811599,-0.004572619121716112,0.46310300277650074,40.24088041764814
3004,0.12754526508910488,-0.08533700835756966,-0.410787558772931,-0.03371509670562891,0.5015488006563659,39.699065339376034
3005,0.12448706295504516,-0.12661638748508453,-0.38903633029743545,-0.06554942819918423,0.5239218540981496,39.301876855222844
3006,0.13118021342322897,-0.10824192208549784,-0.40456743063783535,-0.052012018561297085,0.5151206432482069,39.55827286638948
3007,0.12484622320430182,-0.08291534903998334,-0.4022851039185952,-0.034220975848032964,0.5002319117037641,40.12586800635269
3008,0.12781989904931707,-0.15292514438634486,-0.39885639410789175,-0.09265574462584598,0.560272265928178,38.09476014940162
3009,0.1481127522760327,-0.1605582570213993,-0.3661406274121241,-0.08869302956002886,0.5220556871049905,38.6055559016218
3010,0.15564088390361966,-0.1523277224156598,-0.32276239661939865,-0.07041290579619816,0.4599733649119228,39.82671246180464
3011,0.16464940671734699,-0.09759277714236265,-0.3079923259536777,-0.019465393946067347,0.37068909770943353,40.55540205107353
3012,0.1700579800291389,-0.08171898930917745,-0.29414744778443597,-0.00214862655780811,0.33366935817114735,41.47824268028249
3013,0.1703888032256621,-0.07972433330557681,-0.25339874451512545,0.003807891363175761,0.2925686559120279,40.67986022525244
3014,0.1506944071648654,-0.123541825541537,-0.28551068958066383,-0.04409239333290697,0.39254535361647996,39.895186019487554
3015,0.14594500078274064,-0.13805350866341798,-0.286750884779206,-0.05483243066304229,0.40838204964684327,39.20914961455999
3016,0.152934923845963,-0.11445614648298369,-0.28503514579050376,-0.03556640963122539,0.379180834874502,39.350580762351484
3017,0.15242826559023004,-0.12939678720242362,-0.2916143822061945,-0.049175922355614195,0.3996844584171217,39.79436361065573
3018,0.1411086593060911,-0.1532844541838985,-0.30341308726832156,-0.07212122641155207,0.44845249068682824,39.568065094927306
3019,0.15462067354038034,-0.13118735874829932,-0.277267474138762,-0.047897377122757684,0.3851157312190683,38.69710275383024
3020,0.19831988925147218,0.01042619873217308,-0.23052589239850288,0.07718906423360482,0.15761231657629635,42.117133516150965
3021,0.15486330415460145,-0.06936314745110991,-0.2713445090914678,0.001248766657614282,0.3103518360387489,41.09541404877035
3022,0.13603972370023423,-0.09473398834192419,-0.2672113762287622,-0.02074127899832318,0.3410194648007364,39.506363156903966
3023,0.09818570541046914,-0.24718639957386543,-0.16219606288145674,-0.14809412610346015,0.43710576880125185,32.44553911603575
3024,0.12872431249688274,-0.20573446291404035,-0.36222602570459955,-0.1285453057903696,0.5576006636947068,34.36255891055324
3025,0.14384474507286724,-0.1674780606355639,-0.38213456001541646,-0.10122412363232448,0.5406675121788589,36.34979771961341
3026,0.15722228733549953,-0.1422523313664759,-0.3829572547134246,-0.08200321881902306,0.5203370593216511,37.71202228392477
3027,0.1517167719739836,-0.15571642660055962,-0.35503371513097826,-0.08798251417119107,0.5063421341375517,38.458649263014706
3028,0.1624170394815971,-0.10207212792061081,-0.2773653606736959,-0.02892737295814427,0.35123367460840266,40.397682160675515
3029,0.16086802103929468,-0.018986132300776105,-0.19049624663839934,0.049706257971342115,0.16533106086020274,40.77341087215246
3030,0.1490849403341805,-0.054812439083026875,-0.23693394986468444,0.015264310632877814,0.2605067999787547,41.66732802526062
3031,0.13887772685649152,-0.1237049522239505,-0.2550158720311326,-0.039785119181047476,0.36207976036718686,39.076574499785075
3032,0.15176647149087671,-0.07118447114731011,-0.2563866275502892,0.004534788923579932,0.29861047907399185,40.387197356317216
3033,0.16133808825625684,-0.06683087926100786,-0.27731279783549406,0.002685206065666746,0.3186896319284057,40.11098699727189
3034,0.16326082879534587,-0.08102733629360895,-0.28212137051977126,-0.007592051288790049,0.33967365730150245,39.53439979682228
3035,0.1624415546642043,-0.08612839969861322,-0.2960593885773125,-0.014317064686380582,0.35872201845843116,39.748215580249216
3036,0.15790644832824965,-0.04515547296399296,-0.2573029694565299,0.025449824996163148,0.26440464115904466,40.051447108542924
3037,0.1573182533009994,-0.06586827540629261,-0.2616122710724932,0.01072324340404918,0.2919069985722125,39.449545186516566
3038,0.16395449355617805,-0.05526695579232036,-0.3056744497564107,0.00657682545263355,0.32525606295925497,40.55367772968997
3039,0.1610925650951482,-0.010963450079253102,-0.22510629980361924,0.05592352869108828,0.18929165388155283,40.52832940509024
3040,0.1781003340553524,-0.00037309467073023413,-0.26593967450146383,0.059213684705528596,0.22064674079529023,41.59646529656362
3041,0.17595854835073968,-0.037258338657401295,-0.27225167953712764,0.03433961010826439,0.26732821749217617,41.128655543974794
3042,0.16998205861060928,0.06259184948812539,-0.3722268698262421,0.11946842823554445,0.2463968191369871,44.51029211502349
3043,0.17381219137096438,0.04803695636854154,-0.3722306655576402,0.10676635065207321,0.2623944623928014,45.12118065342836
3044,0.18196346824778298,0.08291368711442311,-0.37408259745589256,0.13443792174938493,0.22007761383449567,46.38915841940993
3045,0.18375101467331328,0.07774327897027435,-0.3646961888755915,0.1319231697224891,0.2156007166182076,46.23135563032791
3046,0.18915640380322754,0.07529602306074726,-0.3746002589820563,0.13136543621676425,0.22733249866613126,46.178829665505006
3047,0.19069808642690295,0.0969053459165318,-0.36999223911129636,0.14359254872357105,0.20446395713363627,47.33665922847299
3048,0.1800608622298131,0.04822843053523911,-0.36006332368376687,0.10591947013389441,0.25797386619588086,45.84355897677562
3049,0.17739537758726043,0.013531342318875917,-0.33678707907301314,0.08189598065326842,0.2681422352175498,44.58463705059491
3050,0.18575467450864355,0.03481004418853693,-0.352420248568872,0.09883994293167596,0.25753092850974596,46.135532228127005
3051,0.18245978738548677,0.00669088411037563,-0.3655462257941747,0.0727337764509381,0.3094659638124042,45.106064052631176
3052,0.19025481690041451,0.08682002390336017,-0.36381654799998925,0.13891726964060003,0.20374266417632883,47.71259032131242
3053,0.187417687527222,0.09485354755119567,-0.37844544533752467,0.14280117402293122,0.2108024665240927,47.19808560396573
3054,0.18391688352386873,0.0529939955226408,-0.3809536677024567,0.10683607475843349,0.27137949751188783,45.66044394575625
3055,0.18839043720688606,0.04172322868925794,-0.3741251265116448,0.09874990601784481,0.2705276957889653,44.084751728462905
3056,0.18691079226685908,0.014239426270172738,-0.36491076178414156,0.07933003817000013,0.2888692867252127,44.02656906920225
3057,0.185759623922479,-0.0454062662655887,-0.35112720688003485,0.03346623517188986,0.3392590032468844,42.49631369926069
3058,0.17792991888168588,-0.026119959875156924,-0.3400067969471283,0.046887134856972754,0.31757465794392453,43.45509716670761
3059,0.17844817548845104,0.0014850176442255036,-0.29801412460723187,0.0742819198166216,0.24294062152732662,44.236386396671456
3060,0.18097046284009272,-0.012263328861827325,-0.34994996431643793,0.05940117743889961,0.30120287898974124,45.462567409802496
3061,0.18080798370400658,0.011959821605098727,-0.34111240351729794,0.07999591424004872,0.2680798662980367,46.36481578032359
3062,0.17293346014106967,0.0018013023491981134,-0.2864503650698391,0.07402283936152414,0.2353821267192926,44.42773330867555
3063,0.1717705435178124,-0.022832631044284235,-0.32970251045887766,0.04576938629589891,0.30918863737861585,45.092731358495755
3064,0.19570012668292736,0.0360893821772771,-0.3086538398018284,0.06584220693469979,0.2485556768206653,45.509669139363545
3065,0.18364574888288357,0.03199001058461443,-0.27812963894766723,0.08334449033278972,0.2044975945482138,46.063036573537616
3066,0.17290179682952247,0.02654215349747884,-0.2764696782234884,0.08548337926884636,0.20246885528886205,44.005992720492316
3067,0.15448522249255595,-0.04319486716192499,-0.2561435634224329,0.04316699426252987,0.25809347856116893,41.408771681984376
3068,0.17423634863746373,0.007472958981560328,-0.28774377434077497,0.07817776985863031,0.2239255910987732,42.634605997139936
3069,0.17173712257413143,0.026419102982039748,-0.26901770572263534,0.09494052582499797,0.18136381009917035,43.68857352292839
3070,0.13700674925798598,-0.09654476253556561,-0.28201809935541544,-0.00442697905474774,0.34536250288406634,39.27710322974209
3071,0.16400719552313067,0.02087193331387013,-0.2136267550648585,0.09655464373555776,0.13453826992933102,42.24814472921238
3072,0.16473811714822173,0.024569994980253737,-0.21192282163721785,0.09760914671323316,0.12877885179159101,42.64195095959224
3073,0.16293476733259715,0.02282682803679618,-0.19761069934864947,0.09703158627571573,0.11663711112387615,42.54969045143409
3074,0.16583228774090614,0.020253695481368354,-0.20958901053128326,0.09271970229526193,0.13211629199248368,43.017890282997435
3075,0.17131002479014593,0.014791506456115447,-0.22111501607706913,0.08562192694808976,0.1510127596237399,43.08515982175682
3076,0.16675782271690956,0.026660734121840772,-0.21588703259843112,0.09216954582173871,0.13490457113031035,43.38623843363073
3077,0.15914048708304243,0.020286160052028893,-0.2021070104920209,0.08723167442438991,0.12879301281569105,43.409731711210114
3078,0.16058556740671362,0.033628853261072636,-0.205764444721816,0.0964594330549051,0.11630483959359195,43.45613061336788
3079,0.1582890751280618,0.022788220515353355,-0.21069718497740464,0.08752047635320283,0.1348939243107748,43.09603195702894
3080,0.15461360875075444,-0.006055452576032964,-0.21493559291407374,0.06647868333878129,0.1715116513957633,42.49818722769017
3081,0.1538813950166493,-0.0772365663831921,-0.26985543499821396,0.005320405743926151,0.3131241676022493,41.81463736210399
3082,0.15645286948459752,-0.10275502570822818,-0.28786429153042664,-0.02118341139407697,0.36264059485813843,40.75947888137105
3083,0.15759651472105518,-0.06875597482735732,-0.26573211816668657,0.010642420852282961,0.30241883008654763,41.70722592169911
3084,0.1559729032208985,-0.06195373105667112,-0.25592517206284066,0.018370188936944597,0.2801691786624985,41.78708550999994
3085,0.1485947355300817,-0.10564696924381589,-0.3064300487685778,-0.02780683838876046,0.39198138805865784,40.86898384080704
3086,0.15513644326878415,-0.06710539476135045,-0.2865651673779251,0.010096115921997696,0.317489407411007,41.429167431391384
3087,0.15003689121541258,-0.08631811933799716,-0.28576124625598304,-0.010167145098434062,0.34507310044530654,41.35979455126578
3088,0.146339312355179,-0.09836344970505978,-0.2831628468205247,-0.016451383197975122,0.3550682759577017,41.20074345871609
3089,0.1536366355398122,-0.09876583152445371,-0.2866984265003575,-0.016583717554744155,0.3584823871280221,40.84604659354263
3090,0.15354937686942105,-0.06540784203972917,-0.2759949063938175,0.011208764049072707,0.3073414572127337,41.124439597189834
3091,0.15452003303484016,-0.032249883293414106,-0.26097132559533665,0.03387137948695853,0.2576965205143504,42.427457346925536
3092,0.15940256648508966,-0.03788557351792187,-0.3045714902273493,0.021823012444072486,0.3108359002639083,42.40929730070279
3093,0.1531955139979769,-0.08820475225011412,-0.33800242402552805,-0.021059064331646265,0.40094770487567655,41.4274724283751
3094,0.14691518922152677,-0.09570731508320203,-0.36946277917194303,-0.027296202282868783,0.44134272819707093,40.66902905112964
3095,0.15114744001754565,-0.05645568104313815,-0.2643323850768082,0.017486628979228088,0.2829092786115948,41.193024386202296
3096,0.15705201476753863,-0.010359945261203214,-0.24004061730009588,0.05873456735994534,0.2047610398485202,41.50755858504701
3097,0.14774691154626482,-0.13476690049283577,-0.3272129961771431,-0.05649502400514862,0.4415121460127729,39.013572325026324
3098,0.14342201186349554,-0.10641055829535753,-0.3689838626080865,-0.04234883584239997,0.4681462831664464,39.20587390643702
3099,0.17030130256997572,-0.06706663601879051,-0.4090901785623786,-0.004666091534593608,0.4506748702317272,41.15970428930359
3100,0.15727009930080327,-0.05141289994491669,-0.3289152314806056,0.015388247304429071,0.35085505087620955,40.78239552487586
3101,0.15042558496656902,-0.05021909137466434,-0.3048970350430536,0.019077586947748523,0.3232405477685725,41.130731292669104
3102,0.13587832853923046,-0.0652118751183584,-0.38467120725341464,-0.011892831952069638,0.4507623195572723,40.81787895988992
3103,0.12830482699016837,-0.06824662072786067,-0.4085192463102322,-0.018301132188945864,0.4790818491935079,40.479496864675944
3104,0.12260777806136067,-0.06871581220909206,-0.4133799883343988,-0.02142938245746983,0.4893798451153775,40.13942506624289
3105,0.12306353297906637,-0.12429639445710808,-0.39081163031903116,-0.0629389924846475,0.5193765202131486,39.777110679258044
3106,0.12640108397070682,-0.07858699557746358,-0.3996805209875103,-0.02813505355842534,0.4901553854345395,39.93634076503409
3107,0.12659153165629722,-0.08002702614826113,-0.4045724566923295,-0.030978784050283426,0.49731328481999376,40.46501407049166
3108,0.17464301614089828,-0.10373888156259173,-0.34087042247344285,-0.03850231406370256,0.43280069187541215,39.471434362702695
3109,0.15319292208957402,-0.13126655704747653,-0.3204483373516677,-0.05209111326610757,0.43532531233463606,40.30835225702316
3110,0.1447791272964955,-0.1569751431913352,-0.297591950787763,-0.07012243669564593,0.4427342284254101,39.43319050414125
3111,0.14644234900802408,-0.1366354131677058,-0.3042097712563189,-0.05619903096281497,0.4276933064218957,39.675885073299625
3112,0.14668181562585791,-0.12446782127357349,-0.27406326652214025,-0.04054860793004402,0.3796357271435389,39.76609482582863
3113,0.1492824911357783,-0.12897437842509707,-0.27177086984940024,-0.04335975842039857,0.3805240303712928,39.234475901915985
3114,0.151058648078058,-0.12264977448106368,-0.2648204720256568,-0.03915757480964867,0.36616103626958546,39.943015826751015
3115,0.1493968317687655,-0.14807308416422024,-0.28801279338881774,-0.06472044691294813,0.42367045066320735,39.55745637144839
3116,0.15047212412892869,-0.15982611934985272,-0.30486510791896443,-0.07887889656469037,0.4539188227537245,39.140079340476426
3117,0.1460835989893765,-0.1519085975651958,-0.2952583822582409,-0.06894951927435752,0.43663533407696786,39.566669578883484
3118,0.151454754587119,-0.12453665131817897,-0.28226320669097943,-0.04215994790950549,0.38262197774640105,39.95316791267743
3119,0.157086521976055,-0.06859693405161832,-0.27283559201178287,0.0024780429533733353,0.3069690412667406,40.38363180068282
3120,0.13641487785431325,-0.09943438159719833,-0.2769897304394097,-0.02341819675226045,0.3523856380312056,40.37174171701897
3121,0.10806346196559902,-0.1730384762652729,-0.23513716730091,-0.09451016009031055,0.42564738266184077,35.645581841307894
3122,0.10745906123722482,-0.25520394876789804,-0.24071325414921982,-0.16207740943259707,0.5133667386687204,33.17277794808597
3123,0.14752052659139725,-0.15306469076800022,-0.31405961193472126,-0.08678470575663545,0.45874829217232266,37.286979068941925
3124,0.14834140990885528,-0.08509901157775708,-0.3176881239437262,-0.02369562202072236,0.38214517791926994,39.76201373889578
3125,0.16165798315621124,-0.09765803010610428,-0.35407730164149587,-0.04088596426022102,0.4381668162304245,39.838423329280445
3126,0.1613934213318867,-0.10948562798180207,-0.34211643935388414,-0.044895240140318975,0.4350524841665531,39.67541595289432
3127,0.1618747811485118,-0.056044520951276135,-0.24499636527166993,0.015656841732360163,0.26182845528928755,40.11191559056957
3128,0.15827315968450154,-0.003296710144590944,-0.20105785412848612,0.060414627426797866,0.15643024433839597,41.50666551395477
3129,0.17446675165934544,-0.05041530109348793,-0.26931493359969183,0.012099277038642013,0.2927358507821932,40.85027718103171
3130,0.15506259107355422,-0.03334849433327046,-0.21171455040746148,0.03726005472112466,0.20711204490836443,40.36214253715186
3131,0.1562591267995635,-0.03091922602749234,-0.21332683246592055,0.040533482949347874,0.20323556500844772,41.10385906954867
3132,0.1531261407612826,-0.037264104632110696,-0.22322952533365994,0.034497507768411144,0.2230371219581921,41.88541386028863
3133,0.16050732963225625,-0.022282768462604064,-0.23065880278608147,0.04672047186128545,0.20924251243159084,41.53732989193651
3134,0.1606519579038247,-0.01356579401721336,-0.22769218865086407,0.053268999116926334,0.19679246353706245,41.60069687991851
3135,0.17053939481168282,-0.02056573593767172,-0.24509953391418854,0.04600781222682336,0.22130073064090502,41.28389417631449
3136,0.15939300313072943,-0.048837867520657594,-0.2563756463787663,0.02386310994043488,0.26670262674120354,40.85334867509282
3137,0.16651758961537033,0.024977717403828217,-0.29103226150866013,0.07544989616626106,0.2106029979998534,44.275739315981156
3138,0.1586260622857974,0.003002325602159733,-0.27895966543114176,0.0629097248687811,0.22044888170687493,44.60355352583223
3139,0.1746729988385332,-0.024435994571086646,-0.27573146733030873,0.04434365433390068,0.2539231902095052,41.570135403620085
3140,0.18223927867383782,-0.010971206727333208,-0.2840149034892934,0.0521603366855477,0.2506868380494717,42.317473700850115
3141,0.1741674889580735,0.10371081836855267,-0.36820304137031556,0.1496125190425725,0.19567964397101592,45.24830495859771
3142,0.17662405988901567,0.036236767240665275,-0.3704418180752943,0.0967504373433106,0.28607460023952147,44.23613808699244
3143,0.17422971903162593,0.0436645339038881,-0.3665822761998585,0.10365814223826111,0.2646879351330649,45.04496992983773
3144,0.18215688146322298,0.08118785898164657,-0.37515703775941056,0.13141771394502605,0.23044708104493292,45.80033552995749
3145,0.18213003718800605,0.0668765667260297,-0.3733268141568066,0.12019008103956043,0.24347385873182242,46.04159363470868
3146,0.1800788798074579,0.01640345975546088,-0.3584658279702834,0.08099885654949654,0.2859559755432893,44.065532843682774
3147,0.18809224228446544,0.04326685910489455,-0.3764277680503263,0.10193943658946478,0.26934951116950856,45.03408609207977
3148,0.188147906984915,0.029695066060512993,-0.37738977291687864,0.08885176648834678,0.29566052058410885,45.866593730872985
3149,0.18683476211766611,0.038512652631737226,-0.38845649312781855,0.0903294160571381,0.30512935631085664,44.65411408628506
3150,0.18863625773611822,0.05758298925760602,-0.364215942454099,0.11337908825043984,0.24264129202120785,44.45855130137782
3151,0.18374534720423302,0.0049118658307999545,-0.35474134799610807,0.0725996163205213,0.29745214104125883,43.11418624104361
3152,0.18301057034769172,-0.008401061199276699,-0.3132410240291141,0.06794731307569028,0.26271504134597595,43.06447596722307
3153,0.18072207126550854,-0.004681588305275241,-0.32433661179337464,0.06641182941777314,0.2769598284785147,43.67461365234488
3154,0.18519389174197362,-0.021804825081219607,-0.35180239355348375,0.05218099416932484,0.31833386007171355,44.511653670379744
3155,0.18879888832348246,0.01551509148859501,-0.36338505464488785,0.08422629577568262,0.27679852798567395,46.13608538851027
3156,0.1811666440566426,-0.010403222163111438,-0.35415606998399124,0.060526378476058545,0.30664615974626747,45.51540214291347
3157,0.17975183339815723,-0.04944218077969621,-0.35526689322296506,0.0239038820251422,0.36240284122440497,44.88719036011137
3158,0.17238996597015727,-0.07918981734407643,-0.3352787307487632,0.003058147730181428,0.37477312869088825,42.73404398696809
3159,0.1776567011034763,-0.02535207421721809,-0.3080297550568738,0.04609597540641367,0.2931289318911073,43.0597607876304
3160,0.19342606572921237,-0.0010552575278547204,-0.2981891857359959,0.06666100300943774,0.2481113894530071,43.608924853275795
3161,0.1650401389559409,-0.01218211732352388,-0.2448875579617072,0.07090803959802115,0.20151560566257332,42.19391506394036
3162,0.16392759400092186,0.004534686536909479,-0.24054084933901712,0.08417566742026046,0.178297575056987,42.09284578012121
3163,0.14022402905223194,-0.010546445140179325,-0.2047508700634673,0.07579128880877824,0.16317337982610983,40.878403156189826
3164,0.14414613504991045,-0.004100462686275012,-0.21026563584201532,0.08106941117522275,0.1589025722393528,40.53458864399924
3165,0.13165750904801213,-0.11212856364723787,-0.26940003480277397,-0.016655850864488893,0.3607184435918354,37.74632503015177
3166,0.16445772684032234,0.008551963076636693,-0.23255274495876302,0.08708682108730606,0.16584068733146173,41.56487155492484
3167,0.163211543133813,0.0182636582558713,-0.20263574665560663,0.09615486127529752,0.12468102969380976,42.22708164333282
3168,0.16245805809034108,0.025133726440638455,-0.20390399925577943,0.09812723782939943,0.12079427052261302,42.37493428185669
3169,0.16336446050051426,0.02553361238408694,-0.209813877064667,0.09601427814158768,0.12758484303039624,42.66983855601266
3170,0.16745417133058893,0.011299097697982242,-0.21389524025828863,0.0857802622160198,0.14684564565464453,42.44412442541133
3171,0.15660108246316437,0.020418535248344083,-0.18840311119042114,0.0935988771632432,0.11149923842884857,42.74981506731828
3172,0.16055728307853198,0.014720442812484654,-0.20693648008333113,0.08710428386933307,0.13519043837508654,43.2513393263311
3173,0.16784711711070088,0.002697274387758603,-0.24952073114939813,0.07184336748958306,0.1947428587857447,43.66552369870627
3174,0.15891184467249284,-0.062133021867916687,-0.2790301415011945,0.014182417468555041,0.30137852596457376,41.38465940913213
3175,0.1546353339863963,-0.052980141342487005,-0.2471559281691992,0.02873426974296705,0.25753143551304974,42.07400023218903
3176,0.1562242489989487,-0.04618394904133015,-0.2506184208287761,0.030499712069614753,0.2590437865507007,41.8862384946212
3177,0.15622590334763486,-0.066737896145415,-0.25589995522547,0.010577103791242475,0.290365865220993,41.71243609734787
3178,0.15249595341857755,-0.09593240007646803,-0.30967620404609975,-0.018621139966394116,0.37776495517025965,41.11260189213955
3179,0.15114767637442758,-0.11030490901852956,-0.29085137866778804,-0.028030149584027844,0.376253498836409,40.47094245986297
3180,0.15368557341282907,-0.08047038970578663,-0.2658491289839342,0.001971359528046699,0.3114461229616441,40.56162224449226
3181,0.1550847912986167,-0.061847034388919066,-0.25388447811618625,0.013066788930897124,0.28164094855682376,41.05536235735097
3182,0.1585615235748516,0.013943561728049812,-0.2155765365830773,0.07653247768127344,0.15332639977178217,43.339888903929136
3183,0.15629557166411642,-0.04733485327587116,-0.2465768356284276,0.029735078363858386,0.2558928435870902,42.09873164604782
3184,0.16229892910097327,-0.07187873281208688,-0.2931232835621502,0.0036300849522587033,0.334579594981407,41.23408688731318
3185,0.15255554639630559,-0.06984522058413291,-0.2549509672482153,0.008269682734973952,0.29241078306001833,41.322002765118945
3186,0.15682168349893116,-0.021913211541288485,-0.23727792919096138,0.048596086743953444,0.21699513215483862,41.870768325718366
3187,0.15279527833279438,-0.054977752505893714,-0.27841376670226686,0.013825371157568664,0.3004461449703727,41.738152818984716
3188,0.16581268314797595,-0.010612660393419847,-0.2877525158238281,0.03820495011445473,0.2684707682240596,42.81178602042714
3189,0.15237477815071798,-0.1079866353724278,-0.3465558254293574,-0.0403132234509687,0.4357318296419234,39.71261323523422
3190,0.1487555054642049,-0.05962628166762632,-0.26239117750818125,0.013058006138090831,0.29038969843368456,41.52557857889364
3191,0.15728670871806516,-0.06447631976275808,-0.25624280390630727,0.016073522929599546,0.28607428103087706,40.230546635600405
3192,0.1513708850161133,-0.10827523444876257,-0.2969471367747009,-0.025628622357530415,0.37493183856033874,39.48492909682277
3193,0.16608906820271968,-0.022511165919636564,-0.24998044487087892,0.0500368727694111,0.22909934313616828,41.01657949552987
3194,0.15603430720417727,-0.07999055950631216,-0.35227277851918193,-0.012125888503543663,0.4050167828700514,41.39201585564048
3195,0.15467420390624112,-0.08323127396857628,-0.37200697870066973,-0.015762134205412167,0.4287565919836644,40.71920400140506
3196,0.16469628922935858,-0.06247221036410328,-0.330357874588958,0.009131283117741144,0.3596894093881041,42.32145169579143
3197,0.13272979625708067,-0.07002170339641024,-0.3958321987157064,-0.0157671417520553,0.46647426695072813,41.147131572026865
3198,0.12706130560452697,-0.10880055087273015,-0.4015640651268763,-0.05386771719245963,0.5262266235498908,39.94834177282932
3199,0.12853644518375743,-0.12401860720290256,-0.3809450196493413,-0.060595524536946097,0.509107012407192,39.73571939279852
3200,0.12402938719056653,-0.11347516755587496,-0.39796033646216017,-0.05758324467490148,0.5252577365505305,39.682910007804445
3201,0.12346455036249344,-0.12040726613280373,-0.38753264185487357,-0.060733273407281074,0.5183126293931601,39.55066259310763
3202,0.12543552621618975,-0.10934018209940503,-0.3936798117428078,-0.05398251179191629,0.5172980495810856,39.809179638740076
3203,0.1300757407699399,-0.0854809244828054,-0.35706043759296513,-0.02521570717530901,0.44259415427965626,40.7838022812368
3204,0.14346049206230457,-0.1288483038718313,-0.3066351204579628,-0.050488880559349615,0.4194711225683379,39.67114184893847
3205,0.1504604306215533,-0.12391002242210593,-0.29617471918742305,-0.042894666675947345,0.40012178645619356,39.29511295232052
3206,0.15550751417231995,-0.1007071459491285,-0.2599070310710838,-0.01700175836239945,0.3375034259441948,39.931764203363755
3207,0.15095898203769925,-0.12663166473429177,-0.27486759364455327,-0.04184126609285542,0.3790957753430991,39.20571248499
3208,0.14531820835568995,-0.13043636643988274,-0.2824133211699283,-0.04721395020625578,0.3954590349199397,39.92957532852909
3209,0.1409096796212286,-0.11704107041289066,-0.24846423539544127,-0.031039395982072313,0.34153370291024826,40.39344876306279
3210,0.13989383071090392,-0.10937050654199802,-0.2590840222843434,-0.02762515935261104,0.3461969976701755,40.59020881863372
3211,0.16302165414723135,-0.11534526139551693,-0.31308638764726254,-0.03763313502574611,0.40543856102044934,40.55507510272472
3212,0.14697174910689176,-0.12896092398287895,-0.2725809081290675,-0.04554780002634493,0.38128580951465474,40.547373339731415
3213,0.14634337966645813,-0.11670563326718156,-0.2806863439080901,-0.03966414591590362,0.37713020701806205,40.46892604892654
3214,0.14513899208417397,-0.11490504595487525,-0.24970948512773747,-0.029952539836371743,0.33958102300404447,39.983242044528986
3215,0.13298536753635326,-0.10265845897400362,-0.2747561212029238,-0.026198823381214917,0.3609123672061834,39.7486303542276
3216,0.12274891547492221,-0.15921612323646844,-0.27985918777489477,-0.08098456882413631,0.4407275387142099,37.19977316285534
3217,0.07351043556846622,-0.1970452050070524,-0.05695379310229953,-0.08397828369722737,0.27251126539868314,33.395892055941104
3218,0.14362609450581126,-0.16210369124988652,-0.3403084522668619,-0.0882486787500212,0.49799577482187485,35.31606811388388
3219,0.14658936789158655,-0.20025091258422573,-0.35683638396848394,-0.12525052296314576,0.5483676597180088,35.45153315783848
3220,0.14070609839671397,-0.15557170656323058,-0.33369625625301663,-0.08304010586119907,0.4814171159582493,38.208366012448714
3221,0.14364556592257657,-0.07492555802089233,-0.2752495476813198,-0.005803860690893505,0.32500267752434975,41.59062782760427
3222,0.1619163355931653,-0.001295906096753212,-0.2003930934808146,0.0593907905365018,0.1542735772997408,41.69353167667297
3223,0.16363129160376086,-0.019510705775133762,-0.21087373036360904,0.04622880222885321,0.1858055635824174,40.777275013651526
3224,0.16604707806426355,-0.024650491693408806,-0.24049327937644932,0.040178201362898174,0.22345996959758563,40.44833370658542
3225,0.16690691995892482,0.023485306227373205,-0.17956774274555004,0.08197452743537552,0.10355492070698423,41.07016842760515
3226,0.16854727455530244,0.019947954115226037,-0.19049891098746385,0.07875911279843659,0.11870047591415166,41.0870245093454
3227,0.1641068094835392,-0.0034391799668076657,-0.1980493701309915,0.06261563969916428,0.15464756019139891,40.78878536069406
3228,0.15862685156023001,-0.0698127618299308,-0.23961532662326984,0.00819088729763694,0.2803294758478733,40.14723824037541
3229,0.14851437088242636,-0.09396477687305044,-0.2624024752729757,-0.013513680628044889,0.33011398638354417,40.086790505445855
3230,0.1570598371038001,-0.05658175272457654,-0.2516364019090642,0.018915847384963602,0.2724314537676921,41.534273235473684
3231,0.1488928024539677,-0.016192663200692726,-0.21656901157511005,0.05387028874134796,0.1893242218800793,43.70836101787466
3232,0.16795231430093185,0.03329528965767874,-0.2515644571141161,0.08609190598416894,0.1611530059263938,44.72103498952153
3233,0.16629697354307327,0.054349289226618094,-0.2937046192002426,0.09763260871020238,0.17664045050798274,43.80035653289185
3234,0.15714783175535774,-0.04417569869928047,-0.259705152598714,0.029289715355319816,0.26532123646784084,40.81786303723609
3235,0.19375640803386482,0.07015682091395611,-0.36770028231326374,0.1262781477918614,0.22787878397444564,46.74337037071348
3236,0.18151500905141393,0.024610362435373668,-0.3695706864287224,0.0833593189642618,0.2925153080438637,44.60138160523009
3237,0.17145744027131554,-0.03497476855532588,-0.3601770566730751,0.036619416587385996,0.35605676342828263,43.0389480756119
3238,0.17984707912381,0.004698601891820543,-0.32140469931433147,0.07762517177662281,0.2606057177913146,43.901042956243856
3239,0.1816377452366015,-0.01682972041537801,-0.3195863952854553,0.06052895628575352,0.28384171063992064,43.50061915051639
3240,0.18676276013436893,0.005747665624660379,-0.32341700263322903,0.07975394446083373,0.2577522654668174,44.54194242336202
3241,0.18740554607562823,0.026575443540970776,-0.3469831930878963,0.09206651660393124,0.2575068663756646,46.52496282637756
3242,0.19228330677984387,0.01012951626468609,-0.36822056628396194,0.07647459253253355,0.2874150846227702,46.22045857893799
3243,0.18574717419605585,0.0201513915652699,-0.3635955724791377,0.0828521132608088,0.28118039217358615,46.973169521283545
3244,0.18310486456338748,-0.024441197552802205,-0.36497728125388906,0.045463899678741065,0.3379500989276076,46.39503433570732
3245,0.18539664872021053,-0.041301717157770375,-0.3660079753850427,0.0254657803459605,0.3638630118498626,44.39356549766037
3246,0.1776250037897286,-0.027222530355559615,-0.3215517129081211,0.0490909543238637,0.29613380612423973,43.24092084416983
3247,0.1688674604866071,-0.006911108234110094,-0.2830995640119592,0.07010240144719439,0.2359396043085787,42.354206883726064
3248,0.17280250529387484,0.0025826320019734545,-0.2536955014890955,0.08079469558167317,0.19473116985755495,42.49002412502004
3249,0.18153504042777321,0.0037924265826757217,-0.2802614217290891,0.07906556267998734,0.220031778956705,42.60510111558805
3250,0.1651323687790102,0.005230703738744758,-0.24519978856954983,0.08323862291988073,0.18174199501019803,42.39853559825215
3251,0.16177245558901374,0.015970754515753284,-0.23140315193308744,0.09313100308031078,0.15688122302343976,42.187581388607335
3252,0.14054205614932846,-0.047189937828942076,-0.2270677260104022,0.041405597801101375,0.23638756267860359,39.86029354848393
3253,0.15788974952347892,-0.032268985049448834,-0.24845700135630253,0.05244252785619818,0.2336108807599145,40.399621922472065
3254,0.16245734248435817,0.006316082321821022,-0.2223069107469156,0.08424629190985794,0.16133098177493688,42.176495413030295
3255,0.16446155485079422,0.02237527468877917,-0.20280158801135464,0.09719459173312865,0.12109701348359542,42.21277453096528
3256,0.16371831437870052,0.02890300703758123,-0.2110182835393633,0.0985943651140039,0.12434580624666756,43.011098630543664
3257,0.1626210134222455,0.018371127599949043,-0.21821065106195525,0.09010328033810638,0.1420680823548574,42.926736288124445
3258,0.1664822347711507,0.021412176671616257,-0.22444875493156521,0.08719993623204672,0.14815771158798258,43.96083759895754
3259,0.17626976841162517,0.0256446391567947,-0.24154562321053288,0.08859586409143756,0.16046533943656174,45.240797133596594
3260,0.16851464901340343,-0.03127113984246542,-0.27515957972901783,0.04154395608065218,0.26368772541723146,43.26724194362477
3261,0.15831387665268964,-0.06680129990954202,-0.28818951936599546,0.008390776177939836,0.32096534999771753,41.79617925158975
3262,0.15867424125083984,-0.07530766959835224,-0.2731887171467907,0.004258331408813486,0.31621473292791386,41.65215379255258
3263,0.16272190830128602,-0.062222577363489635,-0.28221034644543935,0.010195680271405019,0.31444519668413584,41.58213154150681
3264,0.1581004346021453,-0.07978451469511863,-0.27288631890703624,-0.000835335388590911,0.32058841388132375,41.08751945023502
3265,0.1488049444190706,-0.047396199549959904,-0.2373648104542144,0.03037486960880715,0.2484278155241936,41.548118986219805
3266,0.15645627496658457,-0.05121357342647876,-0.2367892694672772,0.024287902243026065,0.25206812738465434,41.49125153799359
3267,0.15284186193572696,-0.06916326360086185,-0.2578962559086088,0.010576184504313685,0.2926290411772428,41.02206543204625
3268,0.15489021437136175,-0.08449673529709936,-0.2769118941414738,-0.004245833682684565,0.3298332638076786,41.05238733273473
3269,0.15677438499151355,0.009591472992816135,-0.21233704678050966,0.0747311472951658,0.15435187488439048,43.25559819920201
3270,0.16128934389904434,-0.0705340898630055,-0.2753510681580849,0.004754297222265088,0.31126738004705795,41.62940298896385
3271,0.16339877006591885,-0.07105599925330501,-0.3161008783708723,-0.0029504927103745286,0.358007640021719,41.79660956850026
3272,0.15990980218761133,-0.08059596955347177,-0.3002572683978274,-0.009238352074905478,0.35298357012037385,41.82626852971307
3273,0.15705818207623182,-0.08805321485944463,-0.2877335364023254,-0.01046002446252518,0.3478165218288329,41.08551387783293
3274,0.15490262492488996,-0.09145718219138468,-0.27445224872561574,-0.011436757574883705,0.3349756739814601,40.55553883936383
3275,0.15796591569756166,-0.04364980732393533,-0.29059035784071097,0.016602573963029704,0.3073832171897078,42.28578105314866
3276,0.1619579520141519,-0.036422002842363466,-0.2790182656980529,0.022020683561759714,0.2850861482073724,41.445639060997465
3277,0.15720780707468393,-0.014430216659273975,-0.2514979730221681,0.049189140503925075,0.22366325387822758,43.27054331568985
3278,0.15222997708055488,-0.051908276242193276,-0.24379131642223295,0.026611355886361807,0.2587721792162625,41.272564332275
3279,0.15052385737260862,-0.04606244058365808,-0.24270637942451953,0.03299149861619762,0.24755596850295228,40.574144112890245
3280,0.16395220681308678,-0.04594145108401847,-0.273293087258049,0.028513557585664186,0.27790909390276397,41.699761022448705
3281,0.16141807078413906,-0.06897444824446214,-0.351806448298489,-0.007292038671580468,0.3936009559601067,42.63649123348249
3282,0.1944314986958274,0.042764553462683076,-0.3780141990369655,0.10731741382025013,0.25918278776454945,46.137402880554866
3283,0.17461110857972778,-0.04295518899900013,-0.34998909318225174,0.029899190076065955,0.3461503350110483,42.803958929575074
3284,0.14863200025186207,-0.11766319469158289,-0.35270847479738643,-0.041551928681861056,0.44841439336322886,39.64716979298722
3285,0.13740636313836685,-0.14192885458118365,-0.3459999268134845,-0.06567076128657777,0.481978092398384,39.19483098378853
3286,0.13891587428757013,-0.13947885547769676,-0.31966672842407184,-0.0586009699754223,0.44294577222928816,39.252273711279756
3287,0.14807311746355103,-0.10478752880129652,-0.3172159670966858,-0.02760521122454318,0.4003516838318334,39.38616391061476
3288,0.13353471867711347,-0.14024225367405807,-0.36332839833010133,-0.07342266608587719,0.5045575204462917,38.57481479757183
3289,0.12386125360368307,-0.13992017871497786,-0.3670946973149617,-0.07314018132883202,0.5151983776346089,39.975592029732276
3290,0.1264164696699716,-0.12738900323622443,-0.37344166812821283,-0.06467063200538783,0.5083799554232581,40.24697991475108
3291,0.138215224794335,-0.13388842903050588,-0.3434867471400874,-0.062181258515444045,0.4700277241713383,39.44476394966198
3292,0.14732289552816388,-0.11516266457589372,-0.3000008532894099,-0.03648206059909594,0.39480263546405525,39.62764887883125
3293,0.1447318016462051,-0.09441971585645839,-0.26788190527790035,-0.01485910835692692,0.33935995968911375,40.43783958199619
3294,0.1531134868226618,-0.12411602176051148,-0.27849114672440245,-0.041537061609201426,0.3802894975127949,39.99430126266665
3295,0.15212770506479945,-0.07955326035497229,-0.24670054896225577,-0.00024171471884447488,0.2940351231897861,42.06185909024887
3296,0.15188450588935984,-0.07866302218674096,-0.24546158410041632,0.0012702127686314746,0.28934206254241795,42.663853727991075
3297,0.1434280259189903,-0.07371380091073428,-0.24121768021497797,0.002453195543834265,0.2848779030620602,42.10480965772684
3298,0.15199380226869375,-0.07759593097017366,-0.26796546412234695,-0.0021335922933929524,0.3139235887094359,41.85304521966581
3299,0.15033895089956553,-0.1030102799484403,-0.2718697709990154,-0.025560409683380976,0.35028414893098764,40.706269038845235
3300,0.15072647442162815,-0.14739293282604882,-0.29073020221210183,-0.06261896551954246,0.4157741358309285,39.80951510434465
3301,0.15113055274136541,-0.12282453001416958,-0.29664035813122897,-0.04537710843519081,0.39660007202003744,38.4564972452528
3302,0.16098307934383185,-0.08119082166516557,-0.2806069588003403,-0.00668748407769879,0.33728641418679045,40.24315039402918
3303,0.16992686897021977,-0.10870334461062306,-0.28168777776693565,-0.030432041055015655,0.3642833919919311,39.5846430807024
3304,0.09339227268247005,-0.24257468319705228,-0.11104522773664226,-0.13707790862296437,0.3822496856437942,32.168302789430435
3305,0.12610863261488353,-0.23771072435880736,-0.260783927951361,-0.15306440527395918,0.5158142155315073,33.23631003992044
3306,0.15632218789402108,-0.04867039716051269,-0.4098723586902316,-0.0015687029273771184,0.445231429298322,38.71015596588974
3307,0.15671866918128496,-0.060691505914642264,-0.34026063707972415,-0.0008351503038238047,0.3756672383191259,39.90722758305321
3308,0.15678070312109874,0.005941121675737215,-0.19008855793780982,0.06645740816576103,0.13524172680312718,41.458722082575385
3309,0.16277082468461007,0.019224339262413768,-0.18831055224889692,0.0719813143693241,0.11802279398094333,42.639487811480556
3310,0.1673066222689258,0.006040449957963015,-0.20002170161543747,0.06625093957471839,0.14544657778911826,41.20302372286332
3311,0.1694204467137554,-0.08062520954418365,-0.2522949681693934,-0.004195728916818086,0.30102599670251656,39.471199950958436
3312,0.16638036559479039,-0.043892998482513434,-0.233082711920915,0.02471312298411178,0.23511953998193105,39.76126706880544
3313,0.16918475373005196,-0.012080506636685525,-0.2244993010199247,0.05364468369117997,0.18949415432509337,40.26434163962532
3314,0.15765118323547897,-0.06551026497923565,-0.23027814720636786,0.01344639309880673,0.26488354623802535,39.66244839542083
3315,0.15780390122330087,-0.06540843187682419,-0.23868864350936841,0.012204402842124163,0.2756465646261124,40.032305709109394
3316,0.16323376840653253,-0.061377354261077224,-0.2538180469347513,0.011514977930942662,0.285056491143584,40.57158873137091
3317,0.15836477079603373,-0.04719475697940319,-0.272672412551626,0.019862215673445177,0.2906827699579456,40.96493808642185
3318,0.17277930925605206,0.009756246078365215,-0.23289088948719014,0.06913253507068423,0.17147277922488693,42.32127061595832
3319,0.18333919758595246,0.03014576107624547,-0.2574606723135612,0.08194392473949573,0.16930108974503677,42.56478099145919
3320,0.15467717256662555,-0.03712546236449627,-0.2626234884541803,0.02445028204038607,0.26883062034900335,41.854737528281746
3321,0.18763424780144033,0.05416823818296411,-0.36181303499145157,0.11146445409479541,0.24339851045369848,45.73719967433601
3322,0.187129436538387,0.05423677006540342,-0.36468684897771253,0.11175142837853444,0.24744552324499822,47.31703907602549
3323,0.17606751544607654,0.018519544655627104,-0.38173646759761076,0.07629214504787496,0.3142163180356269,45.638782253103756
3324,0.1726335086120525,-0.02569097432459708,-0.3947575791053772,0.0408399922148849,0.3816862370256237,44.97780677385252
3325,0.16657255081798636,-0.031910399120873977,-0.3474509792741083,0.04207379177883622,0.3351359150561494,44.41310975908081
3326,0.18273354699446678,0.003535666854163459,-0.29875924613526866,0.07876975270509853,0.2340782489234316,44.210150270399986
3327,0.18697867315553793,0.019418437175846497,-0.3483288176338988,0.0884126908860946,0.2644171691093299,46.03842040952129
3328,0.19305841096799656,0.052393193937851294,-0.3598553357009861,0.11316385088163496,0.23409087800729947,49.36423408064796
3329,0.18761068435198555,0.01162066924291227,-0.3630192750871205,0.07798429189153705,0.2873568567469515,46.72724206888865
3330,0.17745578954574048,-0.03093444514230665,-0.3316474350514146,0.04370491896557952,0.31108250079672284,44.23932913028162
3331,0.1824085149371129,-0.033095082977825006,-0.3580410093922932,0.03843801630772263,0.3417123728607349,44.561923892947625
3332,0.18479920672977343,0.02905780982591263,-0.3617296757051713,0.08670055189904248,0.2710656586708414,47.58040369623448
3333,0.17744177784899312,-0.07007855286297918,-0.36949978448983345,0.004363396996529249,0.40039707034821753,42.42035197500404
3334,0.16721320897614883,-0.076686101076265,-0.33345882933992604,0.0042674313762559165,0.3711326101248406,42.09270025901245
3335,0.16172569518477545,-0.08943225350707172,-0.35632839732351745,-0.012286957393894859,0.41386312128285563,41.3562081420534
3336,0.17948012035182054,-0.022015119368848476,-0.32019843840171386,0.052434432992696026,0.2951533988834119,42.4110632405934
3337,0.17501790998211064,-0.0023938914177323075,-0.2881274260360626,0.07126332593990456,0.23851183009111934,41.89470307291814
3338,0.17324813386066315,-0.008782841578827156,-0.2779964203433395,0.06694942128018909,0.23739375503665736,41.19553816937917
3339,0.148543315767065,-0.04869959120821546,-0.25130646321471467,0.037126970954482724,0.26323393283158586,40.206413103137784
3340,0.14676973754761263,-0.023622825141915205,-0.21898601620977662,0.062075982132222395,0.19661495264117854,40.81002996307446
3341,0.1622187769743984,0.02967942678862238,-0.214153277887743,0.10316040845226372,0.12272726746442925,42.74835167851864
3342,0.16068110820249165,0.03466291237937845,-0.20895963213076527,0.1048509650753184,0.11161292462046665,42.544569850137236
3343,0.16633758395011755,0.03465462403244129,-0.2288001069615408,0.10054918869205766,0.13411052448527314,43.32630601549118
3344,0.17013252992239242,0.024327707293646635,-0.22669604457003062,0.09262076713460514,0.14317597233087076,43.54848692314589
3345,0.16992991255652456,0.02007143873471855,-0.23205800390999146,0.08786936194118473,0.1539620890250149,43.42389811998735
3346,0.16694263553755254,-0.03120376061389069,-0.28608371286266193,0.04088165036998203,0.2681899813246379,42.403475468718995
3347,0.16465546380383375,-0.051163006217264315,-0.25883783361132556,0.029215393923712422,0.2677788764677769,41.28899750045161
3348,0.15849649734162508,-0.06958717822679994,-0.2632519039629497,0.013432280973969047,0.29832617033785447,41.599419336807806
3349,0.15435336913016165,-0.08131050233862239,-0.2620447676457464,0.0014111005541670846,0.31260728823526274,41.233707888255346
3350,0.15665995922259585,-0.06220045902752337,-0.2557791386627613,0.017112972484070024,0.2811144064882746,41.07558943575259
3351,0.15498414800012933,-0.0814972167770916,-0.2789784615363723,0.0005200042244466726,0.32713271883399675,40.367917412871826
3352,0.15517309247723154,-0.02855674372710358,-0.2302363363892429,0.045049514479448015,0.2171131060126406,42.168846135655556
3353,0.16183776814525952,0.025838987168617208,-0.19590955539934696,0.08898165665028498,0.11660649614044293,43.24233848428104
3354,0.15510227363053042,-0.008574773317638819,-0.21195547296025777,0.06230078176896007,0.17611894215137985,42.69775642675968
3355,0.1495207510748913,-0.04132563164338103,-0.23054286453525719,0.03438393180115683,0.23140115678427273,42.777140503766084
3356,0.14750051574072923,-0.04148140203337172,-0.22740104671942005,0.03482241636713797,0.22972861885954704,42.643751265906324
3357,0.15445706471288084,-0.029103641045459133,-0.23054782499700519,0.044751809514648834,0.2168782693912602,42.28822455448777
3358,0.15392845789775428,-0.03271147055842703,-0.234690560312729,0.040791972463038076,0.22521206666069254,42.31998798628876
3359,0.15787846520548154,-0.031142623900165808,-0.24019761793137812,0.04246817845799844,0.2314243530826067,42.27048905988102
3360,0.1510659371765419,-0.08358881026633365,-0.26387283315829896,-0.003692899356173163,0.3177126099662392,41.03921073090637
3361,0.1506923735003181,-0.06234127293651537,-0.24501796323644012,0.016561914667079267,0.27367387619483174,41.52103605986327
3362,0.15359279998474082,-0.1045646876985988,-0.30051481083425574,-0.025658415868183845,0.3822665797106448,40.86876568950761
3363,0.14345733405066832,-0.05782366662539429,-0.26923121013951046,0.011371150643415852,0.29710736712143887,42.443630357343096
3364,0.16688446247467903,0.00682170940013413,-0.28579769613859407,0.05679000542957698,0.2351841680218283,43.79535391412262
3365,0.15669278214251525,-0.03322576326431377,-0.2650330448346784,0.03254879129409107,0.259463635576897,43.01510731360437
3366,0.15240586861925462,-0.03298011236752977,-0.2693719100174257,0.040167862176367336,0.2563890793560439,41.98264096369869
3367,0.1722445339725887,-0.019694288967409344,-0.33596044643606654,0.0500629415247805,0.30261218173395804,43.573755690137475
3368,0.1824221625197062,-0.00780533085590145,-0.3694644347881054,0.061177375705888624,0.3165226942290441,44.51460306913747
3369,0.17726960375135103,-0.010802883697026993,-0.36075030704752636,0.05212192892878002,0.3255532172211269,43.23633390252863
3370,0.16122266524751871,-0.08902082511203126,-0.346052834777537,-0.01775980192706765,0.41110873315595314,40.03136261541357
3371,0.14714590225736027,-0.1414979276284519,-0.352199886732137,-0.06614334541539603,0.48202071510641314,38.90561628494577
3372,0.1507183715082935,-0.12858823561284669,-0.3457694784753741,-0.053774933744611106,0.4584434381456063,39.42909047608358
3373,0.14627954233142137,-0.1345072195088907,-0.33654617477544707,-0.05432780454866953,0.44918512355255424,39.96140706674581
3374,0.15187659533467293,-0.07973507441368373,-0.2592682638001979,0.0037783294129942664,0.30587331666822565,39.891459802167624
3375,0.14913654078357283,-0.061085847401315375,-0.2518432357451249,0.0144355849254461,0.2806879300524616,40.46601788421963
3376,0.13567978406249415,-0.13964754704845203,-0.33063742362486176,-0.06586146071823246,0.4640611635763617,39.44477776889978
3377,0.1319642277457186,-0.15787836120874693,-0.3694131256217676,-0.08896053115069577,0.5288392192714175,39.356483911716765
3378,0.13939289651083434,-0.09523155581449065,-0.3797227072800206,-0.03701471355320595,0.4759095602194865,40.43630438812684
3379,0.1466073541993435,-0.1078332336691536,-0.3011763666820381,-0.030740948634621148,0.38903246354218046,40.24902703780972
3380,0.1481303113728244,-0.11420540040078667,-0.28717662716480297,-0.034213348580722544,0.3797145308888367,40.514070678314326
3381,0.15971524543477564,-0.08268852419692159,-0.2732853429045679,-0.008854077553244553,0.3274416345369518,41.048922311353245
3382,0.15698898138672027,-0.0893182473465453,-0.2784155104847928,-0.01717440454259726,0.34559498549383133,41.44741706579623
3383,0.14353913987999484,-0.07845235319563379,-0.25139463061281486,-0.003878907973051769,0.3007100368172382,42.47998435862501
3384,0.1490868698559813,-0.09490821349627117,-0.2646098086595131,-0.016026263134728734,0.3307280924522764,41.07123531248168
3385,0.15212601181682647,-0.11976191096209528,-0.2808085281352594,-0.03828077004137481,0.376355417429381,40.40990004058852
3386,0.1513852373778683,-0.10093433933973094,-0.27521098235099334,-0.02254440932785671,0.3469207850706214,41.50702992111652
3387,0.15841606042304338,-0.10163404638720668,-0.2836353883940261,-0.0251052409616201,0.3570537842529114,40.79565228503442
3388,0.1662327780483247,-0.08530466596193201,-0.3261251409739393,-0.017180694599571115,0.38751667106560883,39.50439837568725
3389,0.14757644933493771,-0.10245927837038399,-0.32151147907959904,-0.030491362946587948,0.403906669660187,40.23209557744053
3390,0.1488077944144462,-0.0924063016542184,-0.29042776017186667,-0.01758745074773407,0.3534958452227288,40.76036271012536
3391,0.13842700161152102,-0.12120275827413554,-0.3241589072537952,-0.0544993234955213,0.4343214625135269,39.2782633777835
3392,0.09703412597442322,-0.23361603141499662,-0.0863381179252609,-0.1300093110468473,0.3524213462763129,32.35814383066457
3393,0.16609861900822787,-0.08133424156940726,-0.3889890272438893,-0.02699774895751565,0.45702802427965644,38.39561363759213
3394,0.17010070023966234,-0.030715597304179214,-0.26161382721963605,0.03506093565690072,0.2510916208130744,39.77036847633166
3395,0.16044034355188747,0.02070801443504483,-0.18252817100562918,0.07818515204624553,0.10854737793548862,41.62961165880087
3396,0.1628643724381778,0.015205732470368884,-0.18877704311606033,0.07291075207451019,0.1223716695296683,42.628708759225354
3397,0.1698357952728239,0.0185386652931521,-0.19029277445857987,0.07605565249368161,0.11963301971074397,42.15767294704377
3398,0.18075005603245026,-0.047992037778618435,-0.22422694803543036,0.02153904174520967,0.23465538820545645,41.05221332576603
3399,0.16725938455655354,-0.07672271519082706,-0.261458466278295,-0.0026384574098901378,0.3076611820831721,38.89622659037976
3400,0.16452913466450705,-0.08022157437728458,-0.2517662573796005,-0.0041271394394393375,0.29954650637361013,38.900245586952586
3401,0.16073362869005872,-0.06929037001309042,-0.24266019924200274,0.007668467046883109,0.28189314828255224,39.925688946618735
3402,0.1523440099708236,-0.061974523333575865,-0.24722412800826882,0.008342272203028972,0.281847696743675,40.91156727902129
3403,0.15139257890064012,-0.0757484549764032,-0.25360025876191417,-0.0002463578999951375,0.30359660418217843,40.4328031601372
3404,0.14825099380206744,-0.04860946141974343,-0.257326845714635,0.01387937150056666,0.28110675183137274,41.62185130997218
3405,0.18724195969210217,0.04012851552470749,-0.28862989268651124,0.0756738558697278,0.20217188291906046,43.3252730582393
3406,0.18578803161027738,-0.005455723537434184,-0.3705926958106882,0.062025998736337094,0.32301470959922357,44.246146802582544
3407,0.18865898472117162,0.02633558679751157,-0.3611413906962655,0.09149705370794226,0.2693548221169208,44.290490244531895
3408,0.19385872678700475,0.04439596499849564,-0.36136299637778335,0.10283455809114957,0.2531886630420197,47.09138708326932
3409,0.18379326877070074,0.019562848659959754,-0.38819461077071066,0.07697845829310342,0.3201345804121601,45.93586120281262
3410,0.16471183863423478,-0.05768835090479618,-0.38820589534021804,0.009737219785639736,0.4176757455494958,43.595000326777715
3411,0.16788928740703635,-0.05788895302801883,-0.35801125894675895,0.018968539858687433,0.38070449081559943,43.009300938359466
3412,0.20396964429834177,-0.017299144202466848,-0.3496334481832443,0.05429851554236729,0.3116458398157765,43.46251115846534
3413,0.18790652394655427,-0.01369309970717585,-0.36808190939017305,0.0516452545885472,0.3241467348481402,46.42952584965438
3414,0.19021590121900722,0.04297137722187596,-0.3633178859562775,0.10570071817353319,0.24916923979231684,47.350965316449766
3415,0.18513734543482366,0.0003726036901655333,-0.3610751403066544,0.06876055118819314,0.2947087166921801,45.815284678868956
3416,0.1752271758726991,0.03265351586947299,-0.29454122125867116,0.0970266966632614,0.20353588385944874,44.470495449963906
3417,0.17509122723618853,-0.05861254930049385,-0.32980745443404463,0.019225652740987146,0.3515623882077453,42.658000877032954
3418,0.1710731991834982,-0.06695898038653755,-0.3550819762344716,0.009792079750775954,0.3829846477782067,41.54352718606201
3419,0.19442070541278653,-0.05047685868508728,-0.35636020977099475,0.027306564630331764,0.35063497667045757,41.936812694668376
3420,0.18796420135462205,-0.06647885373168935,-0.3788585007585641,0.0063209248848642525,0.40352199358317403,42.73846114491379
3421,0.18216108876341672,-0.06575349841284388,-0.3809323140665286,0.00807133860682023,0.4093719978325527,41.91084369412348
3422,0.17299709399031826,-0.05027672933655192,-0.32307400289221117,0.02245441847995507,0.3399395224347587,41.23211607269878
3423,0.1705258213030604,-0.0030639233971535237,-0.2990148917240001,0.06339180839154056,0.26055193400700716,41.88115106656384
3424,0.17528499048961824,-0.10359124857884926,-0.3907258686827685,-0.03917948509634595,0.4904823115206882,38.581828744550016
3425,0.15522873798994583,-0.1034060019920435,-0.32954214775417484,-0.02216191625227087,0.41601932394296276,39.01417890314689
3426,0.13270455754300314,-0.10650232716444114,-0.24236411125573248,-0.011865382178170404,0.32559675575202823,38.79867028178973
3427,0.16201047541915214,0.005092225542799311,-0.2344102684633413,0.08308888524249824,0.17081122338644866,42.118948072661674
3428,0.1576739930575366,0.025144285291721965,-0.21254081844534647,0.09975148095355088,0.12306646435989779,42.52360461595326
3429,0.1558178194974758,0.038936931585303786,-0.2209585807567931,0.10764982886097064,0.11299094745438339,43.186067381944795
3430,0.16368018212464894,0.006023856663494515,-0.23284437503811245,0.07924818928473201,0.16802574405333903,42.67283538862263
3431,0.1620615111793783,0.01830342191865674,-0.2168236779254819,0.08948666816041591,0.13806839639324,42.761269199420155
3432,0.15647328125020785,-0.054376113936461426,-0.2977755053384118,0.02126043475763937,0.306159345602347,41.057297936838175
3433,0.14537400383678878,-0.15193413889715313,-0.27415986732718506,-0.0633072693510807,0.3937793646692769,38.219891487222085
3434,0.13646828476073275,-0.11626294130043116,-0.2554983495002549,-0.02901458244614324,0.3491640128024301,39.52645687286079
3435,0.15493741891986554,-0.07082489476532554,-0.27277663160066856,0.010349093462146795,0.3117560301399446,40.78249928030377
3436,0.15788365112256117,-0.0729438449336242,-0.27848469998464537,0.006308789771065413,0.31544810395172246,40.77986996882572
3437,0.1519614552282289,-0.08095825627814693,-0.2631302509294283,0.0008248398859362859,0.31193032730000003,40.33663984305198
3438,0.14881445761921686,-0.06900442927146169,-0.2579021914062894,0.012781638561287756,0.2954439266812211,41.264337366658076
3439,0.15509532423691677,-0.05097627247434261,-0.24802734891672212,0.026424153236318672,0.26198417525297985,41.98781725813546
3440,0.1610981463301442,-0.03774313559924889,-0.2507561196870868,0.03734401335546141,0.246311858307288,42.11846127127703
3441,0.15741358240759593,-0.04357162744174763,-0.23429798824421907,0.03499100056223656,0.23719157944352112,41.969627692706446
3442,0.1579418405458526,-0.029150812614192907,-0.23472568766815924,0.044108994467976816,0.22193749303257643,42.31660840626285
3443,0.1564888015367712,-0.04415950844126882,-0.24015132847721302,0.02885302369337921,0.2503295310933809,41.73402059816612
3444,0.15155713368637447,-0.04684857757865798,-0.2839427478176809,0.020917661076417217,0.3040243315585325,42.23433254110136
3445,0.1526817164760581,-0.09561365072702592,-0.28595968249322173,-0.015217989053057759,0.355097952849835,40.86108696905803
3446,0.1582006594412036,-0.033241080959620535,-0.22708457949648295,0.04228202354629979,0.21970681075414475,41.694665388227506
3447,0.157370560845769,-0.03683297279979291,-0.23564067890278603,0.0374659733053113,0.2315580399160868,41.86892423804782
3448,0.15770813167736,-0.049634962862041956,-0.23795942814626708,0.026608155880776918,0.24897026207714507,41.02081226994803
3449,0.1560065326713485,-0.02065724308041721,-0.22714763958491574,0.048380614521757834,0.2091962748584603,42.40495859883885
3450,0.16095945903186687,-0.01460457211250274,-0.24924633795104653,0.048511241924419156,0.22246266562072645,42.81576385214172
3451,0.15595330061308468,-0.04336563883787392,-0.32270318458649955,0.013772451121687602,0.33465150778004715,43.0059357678021
3452,0.15102681469814533,-0.03833422417059307,-0.28796432386519444,0.02693150680612487,0.287180401173519,43.43711714065749
3453,0.18022079079614994,0.008674620791726836,-0.3558129763503864,0.07539306616532732,0.28219259890290127,44.203129992738354
3454,0.18601987816914212,0.01846865784549453,-0.3655435597667327,0.08531382493142596,0.28027830146438126,44.48835089951454
3455,0.18260806347795353,-0.0032788673215808045,-0.36358891877293237,0.06603404724708513,0.3062249376446939,44.42293879302283
3456,0.17131035242690285,-0.048013820597693845,-0.34085368286073164,0.02208808113810297,0.3503936813899725,41.68006061296721
3457,0.15859049566238492,-0.09177755373053402,-0.34644140649265515,-0.022009619008517597,0.4154170556281934,40.34529952986374
3458,0.15499099136781327,-0.11064638657406539,-0.3194833091507756,-0.03497937819408393,0.40889878052898543,39.86662506856448
3459,0.1444612890154002,-0.08681720272669435,-0.2703543666772228,-0.005473941175565419,0.3266372540004533,40.63771266999341
3460,0.15510770429378365,-0.033265157025430016,-0.22695742645509556,0.03939688718832687,0.22290521356182103,41.216831551110005
3461,0.15683376313937217,-0.05281599694646383,-0.2514652674911766,0.02100184285019042,0.26947191220566,41.40997102630798
3462,0.1511444189620088,-0.11472147589620006,-0.2847671459491667,-0.03294493350388778,0.37696641099771117,40.14135137690127
3463,0.1352598067847796,-0.16202050419945263,-0.3579644275890786,-0.09103162610647395,0.522206304605354,39.13088777803854
3464,0.12996720256684632,-0.1870083781191893,-0.36169024919273474,-0.11378276126582881,0.5532322560135557,38.42094273208124
3465,0.14373308905365764,-0.14002532770861467,-0.33474330107085914,-0.06745440088136237,0.4627246361091409,39.59605166720766
3466,0.15043325562038218,-0.06621409309413348,-0.27095108012388597,0.005661922045447443,0.307138291627356,41.93930457958119
3467,0.15276152225971296,-0.01719892725938579,-0.24362006131552316,0.04398339719381742,0.22175852214763245,42.05581166947288
3468,0.1555874170449076,-0.0006799934721109552,-0.2444789829221357,0.052877640767123396,0.2043740554178953,42.53312063020468
3469,0.1606800082018345,-0.002944723502153376,-0.26250064200185047,0.03518000158604879,0.2432087543726842,43.33356246572134
3470,0.14868614391241142,-0.1015884451195292,-0.2577680128307462,-0.021626172236400412,0.3311016569697532,42.0150045833832
3471,0.16302362291048292,-0.04103088535216151,-0.2689384003701366,0.029586132440686367,0.26446102619785633,42.73047311907831
3472,0.14953627897482016,-0.04270872753134294,-0.2521945382977553,0.023727104952961736,0.2562205254428239,42.37892985360371
3473,0.15159733349074228,-0.022779006800206114,-0.2261087551967516,0.043392705093618505,0.20395913000081553,42.71020679504784
3474,0.14873327529360936,-0.07339271656782238,-0.2707456092902877,-0.004468247839621761,0.3207094003570236,40.86228912934776
3475,0.15864922952843458,-0.12684086394806401,-0.3432935466234258,-0.054667944480786934,0.4538683883640668,39.43337268540817
3476,0.16121640614233168,-0.14167922520573228,-0.3646897866509785,-0.07575705691081627,0.49698841312560016,38.34211195483579
3477,0.14871766587386592,-0.1081258864291582,-0.30598811846454643,-0.038145807809058255,0.3915784110538882,38.941295267698194
3478,0.1383273765697189,-0.1771561395912431,-0.2949191132463434,-0.09838113183686463,0.47800120948167635,34.73681941202634
3479,0.1322816030282697,-0.17765879141630883,-0.24492817394477062,-0.09590790408792765,0.4291682408151666,34.89907648776587
3480,0.1491223623045233,-0.09697355152866938,-0.211381410782702,-0.007505750008140315,0.2841283685116891,38.68181274251233
3481,0.15804389490991852,-0.015754437166368138,-0.21202016816995067,0.04918128733460025,0.18300422237821656,40.87063642576963
3482,0.1599535650173405,-0.02050007630259219,-0.20869084781388125,0.04636828444801686,0.18748085029762046,42.14297001033964
3483,0.15947621148399188,-0.02990233523396054,-0.20895183750199534,0.03924534917703935,0.19733280643658935,41.570501450034214
3484,0.17051928244897344,-0.0569631685988442,-0.24246978344857678,0.01615759469952886,0.2639792900981869,40.13868171356435
3485,0.16786753297377333,-0.04664132348769868,-0.23371210370118264,0.024129551729354586,0.24362292162291682,40.152253665375746
3486,0.16631944780903676,-0.0554316870536059,-0.2346761355109941,0.015453999424464748,0.2540006420133943,39.73297771116803
3487,0.1531051220809389,-0.11579512514696329,-0.2807274907165203,-0.03707197763335288,0.37309905579715624,38.40434906921156
3488,0.1609900856238906,-0.09815773102901917,-0.2811081481970959,-0.03158209819833798,0.35508275289493285,39.47248780421738
3489,0.16314088029228418,-0.04612361028504965,-0.27125471960573294,0.012765704770675143,0.2922906861695752,41.13217533074611
3490,0.1522042392518693,-0.04517223919203535,-0.25746035775561926,0.02036635036399408,0.2722883356849207,41.51039656371639
3491,0.17322724833442846,-0.044678346408830984,-0.3751958805574456,0.026717995361224323,0.38025239055818255,41.77621266306909
3492,0.1866085296008633,-0.029049684702417197,-0.374115081213456,0.041498513529858685,0.34807966676521396,42.03039615751257
3493,0.1864580991508408,-0.00035634420538466677,-0.3711445587435684,0.0659997041858236,0.3166780482306294,43.513941278778766
3494,0.191268735829208,0.004822239342977134,-0.3773323387037715,0.0671419874078568,0.31395598826514814,43.734307552466674
3495,0.17592832231297048,-0.03637263601137028,-0.3414361237798475,0.037839448745287066,0.3356864265979433,43.19391496041814
3496,0.17072236134254726,-0.048673549068166344,-0.3595094681176145,0.02509787943175469,0.37025853074395537,42.37667611433015
3497,0.17118321415358936,-0.045137568896792574,-0.3361362409141579,0.031162929878001292,0.3370573240563944,42.936664630331265
3498,0.18467951178308636,-0.057425053209187345,-0.3740208864305885,0.016505247041496158,0.38481268174276645,43.20472758228968
3499,0.17674632848077063,-0.05809589306967158,-0.3687082147430221,0.016875625525007033,0.3738062120579778,44.104792712341855
3500,0.1863555714625545,-0.005783388005764302,-0.36224161041041486,0.06650660198580391,0.3001699856418689,44.18071259577986
3501,0.18669482919526276,0.007887428112974482,-0.351936562707453,0.07751686006123774,0.2779876083207889,45.283999289722274
3502,0.1746704579838617,-0.07833814451181231,-0.34891768242190657,0.0029087754756664517,0.38311930052674487,42.64278013479502
3503,0.1730419077453674,-0.07977812447730624,-0.353326475004872,0.00030225506324556924,0.39453214966895456,41.463045106156095
3504,0.1727656222444379,-0.0740841080366248,-0.35223479743435376,0.003097344625774099,0.3860112865363566,40.969067111440815
3505,0.19085475764518386,-0.08625288787430306,-0.3574494766776145,-0.004935574854788602,0.39972933908269975,40.66217720874328
3506,0.18467909126329876,-0.11869274982171976,-0.3764446091990933,-0.04089144067227649,0.4642070844269921,39.85242847401396
3507,0.18280468933213428,-0.15029857887358467,-0.4069218579519681,-0.07639770803169786,0.5378972689572816,38.67945037825322
3508,0.17232584564575024,-0.15937553506095525,-0.3661348246065077,-0.0802177866796111,0.5189449348843329,37.474749941731055
3509,0.17218735619736356,-0.12135662763454977,-0.3699485819054455,-0.04526465965726385,0.4718533004596739,38.33552095927198
3510,0.1690707373513742,-0.06488883762817448,-0.34070454289834906,0.008313593384468984,0.37500401857156274,39.809865113019626
3511,0.18208060092160427,-0.012248072202530885,-0.29136449860921104,0.05969575668068574,0.25549309790654,41.118353641930476
3512,0.1638834590058679,-0.05186895841701816,-0.28568155640264975,0.028412025495063394,0.29991973232802865,40.477514808482645
3513,0.13963838040277052,-0.12768630383216042,-0.2565389669800596,-0.03178306474594847,0.36132080103364894,38.401705180781036
3514,0.15700127942380313,0.0012014176414080347,-0.22567507681929033,0.07871631563647226,0.16389800692942863,41.90874540414838
3515,0.16487080796683168,0.014673318040314383,-0.23434768220428892,0.08778714755383016,0.157187822379107,42.83491109038092
3516,0.1629451320730552,0.01701972952883595,-0.23317188684400622,0.08876897074540875,0.1548023742359431,42.74444526852752
3517,0.16366983092800727,0.016304392800470843,-0.22746897297524427,0.0884113578972049,0.14964121892159876,42.6682986106102
3518,0.15717940070711575,-0.019593200596641897,-0.2447248992181324,0.05594049785026901,0.20987359503684402,41.71380519147017
3519,0.16365867190345068,-0.12181654424403508,-0.29247595971180057,-0.042192425746592106,0.37185268878319777,39.75113766342633
3520,0.15577663711772005,-0.03138536207975569,-0.24784267269822455,0.041589286183964604,0.23740837733095027,41.66789405681782
3521,0.12491433208009857,-0.13535275385903434,-0.23178843388156053,-0.042902364387469194,0.3523048865869333,38.43194305682429
3522,0.15670875306503543,-0.09152110253773314,-0.28139340664859375,-0.008466183797173924,0.34148647526441517,40.418319162354834
3523,0.1573916469733676,-0.05926588070239151,-0.2390702024201749,0.023634413385406658,0.25840230389599383,40.77676130137476
3524,0.15094964455118506,-0.06398447511795759,-0.25573858161213103,0.015429008777272808,0.2849962149091861,41.159806286832286
3525,0.15484225297717155,-0.045990466711626106,-0.25024793099488796,0.02767468538371289,0.26069977551676504,41.797492177149365
3526,0.1556126947508591,-0.028356701195578243,-0.22364247000672968,0.046788449078355214,0.20691518587957788,42.39330543710195
3527,0.15359494777641297,-0.04638613670070931,-0.2429128403528846,0.031037202447723643,0.24791063616797043,41.806137320693594
3528,0.1586073183754848,-0.004422158815245445,-0.2127259634909751,0.06412295806823194,0.16959499740634076,42.40720748100722
3529,0.15908555990306497,0.012744005609109587,-0.20697207385707117,0.0782769893125473,0.14167730127410472,42.82450966067909
3530,0.16150997175479487,-0.07098669659483323,-0.3046709520305388,0.0014810121013116811,0.33993097264865674,41.46849565334677
3531,0.15505721560466273,-0.05893690953009259,-0.2299912085581623,0.020605475576208333,0.2541434726287709,41.41647494651126
3532,0.15308010045429968,-0.050607796129254035,-0.2341767321217491,0.02717172001321763,0.2470401643219165,41.42562148215201
3533,0.1623498782722754,-0.006833134438389636,-0.22789266432902297,0.05834772165032046,0.18938913065545937,42.46458510028805
3534,0.1534474457129666,-0.04469992810374575,-0.23416592163720418,0.029730707973274765,0.24186315953316698,41.860316386148625
3535,0.1571864189179998,-0.02277312571830404,-0.22530916644124094,0.04716936547415139,0.20781093235907258,41.862716060210204
3536,0.16038210184195528,-0.05201735797664198,-0.25197931330978096,0.02242397769125141,0.268088321428725,41.381921803903374
3537,0.15573289144949187,-0.03884095796082264,-0.2627763539775486,0.02855936925219933,0.26535910370269694,42.27265698995155
3538,0.15905975098139416,-0.021861604052037,-0.291088307709118,0.033737346070000944,0.2792091577375049,42.85292383230914
3539,0.16660524115543446,-0.02277039108468791,-0.33423995137593027,0.04016967067293301,0.3105104804670337,43.737900474734545
3540,0.17416346220145118,-0.03223582631515911,-0.3584131706141754,0.035660870543128186,0.34192963607124854,42.47532853751958
3541,0.16734721383603424,-0.06917461960204813,-0.32630045490072856,0.003574342845962222,0.3610873007062295,41.87623377570455
3542,0.16545735504549033,-0.006727519561516249,-0.2585683300752827,0.05884186060434675,0.21878035612349403,42.354895180780474
3543,0.16140220079801013,-0.025637742390340963,-0.25070468574277316,0.045537940397998904,0.23455744241725798,41.51981699582996
3544,0.15996108002956086,-0.03506426262817539,-0.2459267662205288,0.03549963293387825,0.2451904814966335,41.35384454877091
3545,0.1556411330524366,-0.04480654345809563,-0.23689597235111032,0.031537183000880535,0.2421529320758183,41.23712401626755
3546,0.1490038430471449,-0.08453584235921294,-0.24162949035512604,6.1377046129039814e-06,0.2972682525526831,41.18850537964375
3547,0.1542073721804899,-0.02440138892602543,-0.226926162776758,0.046418310032588825,0.2101043265432909,41.431956636968415
3548,0.15764979590701922,-0.022589671205212734,-0.2390492328682398,0.04152751871552011,0.22514982647447912,41.77122848140231
3549,0.14707711216696195,-0.07957041344040361,-0.2768854665391791,-0.007325701608237136,0.33240163656209093,40.74484771978408
3550,0.1432895822195983,-0.08169747518589995,-0.2749622117957053,-0.011691111777355032,0.33416633571035337,40.829411512840785
3551,0.14677164343187468,-0.09343755886944578,-0.26836328900978274,-0.016381696639737715,0.3378695582273288,40.918249897589355
3552,0.14926361720681053,-0.07263037524475056,-0.2700411274412767,0.0034842315974628925,0.30771123339793355,41.86496722893191
3553,0.14926038268257028,0.019372422644538416,-0.2146249678402207,0.07412429240946451,0.14468771425614427,42.94778075328169
3554,0.15071550871765949,0.01594950083940502,-0.22301386552621125,0.06875737642407664,0.15992202707776887,42.95323925646534
3555,0.1577512937890473,-0.016217837608946968,-0.2788268354323013,0.028187334777076235,0.2668522148597678,43.68589681313832
3556,0.14815755303999145,-0.02458913630031923,-0.23915273715796473,0.03700914008971072,0.2220712535581187,44.252953961271515
3557,0.14901047506897405,0.003787986284987679,-0.20602682622081175,0.06479190970331809,0.1517970025909237,43.3312968054254
3558,0.1479495964329971,0.02304196307028529,-0.196601009993029,0.07864777567442303,0.12002418672424138,42.958988777909816
3559,0.15309055555466777,0.014679183251691314,-0.19872327474836302,0.07244088077481967,0.13353641097884797,42.91017508347364
3560,0.15257318830678226,-0.03217065557579896,-0.23741832800058485,0.03247288081727459,0.23214292421324376,42.08999159616208
3561,0.15457920017165802,-0.11349038621200325,-0.3457566334735827,-0.04588496512791233,0.44157859047174436,38.974241330725896
3562,0.14769735964209202,-0.15778081928376333,-0.35509036736226723,-0.08715149102347759,0.510055574981959,37.11526897405451
3563,0.1511648909202007,-0.0949721055166346,-0.33015144402572866,-0.02633626619580159,0.40659874610195496,38.03873259786098
3564,0.1580768887970628,-0.12136086128137047,-0.35569342335243104,-0.05569209938211013,0.4729439933503062,36.60420576722211
3565,0.09289666824143183,-0.22315851719419336,-0.04273596922471254,-0.10944172678842579,0.289191045819231,32.12451050256538
3566,0.14779879012258518,-0.11885027556234062,-0.2764100625353503,-0.039805274493255306,0.37176341979492566,38.60062170414924
3567,0.14906895367156955,-0.01820422633633741,-0.2228260997901452,0.043980027101573206,0.19871564054405064,40.90138747013475
3568,0.15241826954411483,0.0030746863657010034,-0.20341943626438125,0.06213352896542644,0.15169226760581309,42.59555639651706
3569,0.1583621337555167,-0.015624233403550802,-0.2187314231393556,0.04694832186051739,0.189577102841606,42.01951711954436
3570,0.16602221101357423,-0.010400254500006914,-0.21802721589476715,0.05231420245760064,0.1852748466087756,40.70669748332002
3571,0.1677056406074722,-0.006268980274391003,-0.2159242833490362,0.05578260190632377,0.1776202404877505,40.945348994756465
3572,0.15315222970265327,-0.062087422864413946,-0.24029291662161867,0.011041926119085551,0.27197382796737,40.1107168668225
3573,0.15970501428470868,-0.0742282955639741,-0.26745235343755286,-0.0025143744777398193,0.3131767601113669,39.413891144333206
3574,0.16888946681434916,-0.05779310183365528,-0.2626927688550137,0.012283642432191285,0.28747780644906545,39.260864058674926
3575,0.15444032570626787,-0.1177019839544551,-0.3079378479504074,-0.04406066877481761,0.4058953277232299,38.584187124053585
3576,0.1606368965673358,-0.030536994574741697,-0.25477401259173066,0.030733656913308243,0.24734221026225367,42.55849968463365
3577,0.15492002497816623,-0.003359152654888407,-0.24525199279993304,0.05680107213040424,0.21023642386352068,43.44226163428998
3578,0.1879937332918063,0.030004882528409268,-0.3721678209351542,0.09051350758358749,0.28231737737950413,44.398879526658746
3579,0.18204560103673478,0.01829268982603568,-0.35754015924080684,0.07859984275663738,0.29056383611651526,43.5333908674683
3580,0.17022457616277864,-0.09568965535684196,-0.3640598419318701,-0.016546947706368054,0.42749457211610103,41.197216748651485
3581,0.18125845049407288,-0.05877962534387646,-0.37484971142496687,0.012354604886740825,0.3880395702178835,43.11552439117812
3582,0.17698000259843708,0.0056274869974066504,-0.36271750917395423,0.07100302963694843,0.30451199949449503,42.83245104256376
3583,0.18633242197680636,0.0003640726587903735,-0.3425473443593241,0.06955421430205927,0.28978516674943766,43.87589013212547
3584,0.18177477767192238,-0.005859112807150024,-0.34056512757067636,0.06495000517755413,0.2931079071403344,44.04780270477009
3585,0.18982597386226097,-0.012254692830970724,-0.362398203003665,0.06058493147002464,0.3125310619672409,44.85853870875913
3586,0.18465136773014168,-0.08275249272807042,-0.3625894308091199,-0.0004256886084628991,0.3924316461029663,43.824877405874965
3587,0.18385559646078498,-0.02876430993018429,-0.3581444093368056,0.042962056438329906,0.3315837779870851,43.395783466222234
3588,0.18949308460903763,-0.022676825174537427,-0.35079676855599445,0.05340236846472733,0.30439169810638794,44.3631459926817
3589,0.18115661477609968,-0.05318519049555079,-0.34980429084974524,0.02571309897461289,0.34881897366937914,43.67075734154173
3590,0.17651912735279487,-0.1065625346749845,-0.3467883640594412,-0.022334404720717158,0.41912722772367594,40.4682081836878
3591,0.18261755620910455,-0.050596725625979395,-0.34611896218514615,0.02763076080604619,0.34925650138058956,41.84437946872106
3592,0.17388288124359497,-0.05573187107831953,-0.3544575859493556,0.021295939132830802,0.36888562469218866,41.809045182680435
3593,0.17516014929360754,-0.19011058793449342,-0.38042131725723977,-0.10476274929364729,0.5439521312436337,38.5069440609206
3594,0.19163461803212786,-0.016200806522372366,-0.4003437085600569,0.0480511531204579,0.3726186554313134,41.78647046921151
3595,0.1796061687162023,-0.14893432192667774,-0.40628489580272287,-0.07424234255728948,0.5375453202669033,38.33949991241967
3596,0.1346829494296676,-0.20108548204851148,-0.2206551494268144,-0.08305210347877437,0.4468976177371029,36.94897270022704
3597,0.1789092438371193,-0.14093965826968688,-0.39762351022388986,-0.06844870844136686,0.5253341074941162,37.742720054181284
3598,0.1718179639178434,-0.054683710766445175,-0.33025197579656207,0.017756295498374774,0.3483794735463466,40.44409668359322
3599,0.17006444255317862,-0.0002699604170545909,-0.26713451133900784,0.07574730899851509,0.2122353779703949,41.30460220324031
3600,0.1772285129947301,-0.014543633740095274,-0.28987899042765103,0.06041788930433487,0.25702017177883574,41.256864400151926
3601,0.16578144621143676,-0.08501990931032263,-0.30679416449049757,-0.0017566222493842936,0.36295657460208364,39.63442765062288
3602,0.15921821834878622,-0.14590974103630863,-0.3131460830730527,-0.06140847190012718,0.4230831347553181,38.87151126766511
3603,0.15542350787534798,-0.10043468039426362,-0.2584834815201957,-0.013087319732927847,0.3133077149273477,39.36417566618856
3604,0.14096429084575027,-0.05444108925201668,-0.23585659897437652,0.026745135942327865,0.2559103298452776,39.81617887098006
3605,0.14061125820268813,-0.06603425111797168,-0.24727662550391016,0.016001431034950196,0.2781704110810295,39.566248517804006
3606,0.14502910052479598,-0.08459292216714581,-0.24814613706972813,-0.0036000492450197173,0.3023748053907294,39.72272978602529
3607,0.1695109653570111,-0.050474657728218464,-0.30688114485042806,0.01936999693128015,0.3238218533147004,41.641784306902004
3608,0.15780792152263579,-0.0063471742961584195,-0.24026085760579324,0.06487880492131741,0.19800419418002063,41.893541762254756
3609,0.15292743065381387,-0.01801749031590305,-0.2292456363804059,0.05558330384179248,0.20036793603104017,41.63816448648289
3610,0.1425011516150617,-0.17428516400977323,-0.2799217757020321,-0.0863241820627415,0.4252833730077929,38.35008510918555
3611,0.1542390370242897,-0.11978633835849935,-0.313397004151202,-0.0397181254687121,0.4028422928127959,39.82800583476459
3612,0.15379924734861347,-0.11957506444650656,-0.3318294345975344,-0.040976859558576106,0.4282593151401478,40.04391556710605
3613,0.15308667143786583,-0.050335348607619276,-0.2581293486268351,0.024766882502884578,0.26911889468150174,41.31940172734683
3614,0.1592173284296649,-0.009899079368152083,-0.24276356146003766,0.05992342879448073,0.19964237448609257,43.14466992455966
3615,0.1644841815422798,-0.03621665214836394,-0.2512542396435126,0.03785674493273733,0.2423217792398206,41.96574257203206
3616,0.15362015917780306,0.002444343280860819,-0.20845718244367148,0.0718044040620122,0.15507737640413388,42.38709776869613
3617,0.155389559423636,0.013217833014906716,-0.20468961086832757,0.07922495061133247,0.13929143034016192,42.46689638330277
3618,0.15610634277825816,-0.048125953209739704,-0.25023085514663856,0.026988927122491523,0.2611801548129123,40.976054263140966
3619,0.1548411868386059,-0.04453677168353997,-0.23662910959997752,0.03295651440360629,0.24154258753155822,41.718317495491085
3620,0.153608519330738,-0.06433645180741158,-0.2536519584696458,0.013619996462584112,0.2835450796626927,41.254909258035354
3621,0.16411356487624776,-0.0381516326494862,-0.22732647805158446,0.034884172100868145,0.2252643830252309,42.28311915892376
3622,0.14975192986996014,-0.008130449931453424,-0.2156956232807895,0.05883352814379587,0.1804335806426268,42.67285131382932
3623,0.15060065775628956,-0.04684785195599886,-0.23498711452498197,0.029863177035409735,0.24606127299271188,41.29454183167288
3624,0.15361325980833937,-0.053701265842588976,-0.23247969939825733,0.025043787602117236,0.2491419335995477,41.003420181564906
3625,0.1569238138080385,-0.04768232187048674,-0.23603964012125642,0.02965311965900353,0.24541397824030012,41.14416068810397
3626,0.1575135981203146,-0.039965652410066464,-0.24681882494231933,0.028324639604513886,0.2535956264119095,41.87288671506386
3627,0.1548040607445829,-0.0414138099550982,-0.29159074693770326,0.0222512532712795,0.29859233871497953,42.69937905232713
3628,0.15538558634024732,-0.07018913049042073,-0.2911374267959266,0.006606389530739087,0.32557732474155276,40.87377041254361
3629,0.1551923584321552,-0.06482971514983638,-0.2683512695136728,0.007714376242218163,0.3029309679094084,41.25653775459226
3630,0.1575827778707608,0.0009380562467310984,-0.21190370360235675,0.06726241131450848,0.16390249247963812,42.24529778427184
3631,0.1609208805839262,-0.037088785903753,-0.23618281711319983,0.03716190623508895,0.2323688248377597,41.37844255858016
3632,0.1555931543539997,-0.1098604768880415,-0.310360588799833,-0.033503630469644274,0.3963546988952408,40.10568008370375
3633,0.15871320409384224,-0.09227698709182963,-0.3270952521448817,-0.022041225163236994,0.39502426019959386,40.61082995292663
3634,0.15322977679626715,-0.08017959325338316,-0.27016491206585813,-0.0036720405342893355,0.3226395403018451,40.294906953172905
3635,0.1490705480393968,-0.023283752130104873,-0.22302989225088207,0.048009750653996174,0.2040701807776148,40.79877059176034
3636,0.15335944898338955,-0.00594184357244853,-0.234020742376861,0.0541844601021597,0.19915261832012818,41.62484757308883
3637,0.15762681450818133,0.01894382018456525,-0.23477408393571536,0.07034823387472544,0.1702560408694857,43.1835545059255
3638,0.15233287232443035,-0.012116506239340791,-0.23930598352109742,0.047374900262821346,0.21140379552241703,42.55685148775652
3639,0.1509494854135847,-0.08627583777179373,-0.2791415739625115,-0.014539734135641288,0.3357973035392645,40.98570496494483
3640,0.14527517882025512,-0.06451949984186987,-0.250820179114495,0.008384654993529079,0.2849176530784394,41.908798203998685
3641,0.14793743214299693,0.0065618241999315045,-0.22136140315089325,0.06522943471929858,0.16648856711817656,42.59479466893546
3642,0.14853631335488562,0.010486207432410901,-0.21510232640453958,0.06643904676937139,0.15587910998292026,43.11506074111442
3643,0.14488163545362853,-0.025371024165573366,-0.22500521114609112,0.04154113590587703,0.20638351013903247,43.0968708065908
3644,0.14963131943889801,0.025798826388072127,-0.20279959146680077,0.07918688950672045,0.12718172690665905,43.94863337964402
3645,0.15141928685040665,0.040096351253544306,-0.20804950322159368,0.08686089022043307,0.11550404671744502,44.553007720201165
3646,0.15499614783717175,0.02157266749173125,-0.24230746345389428,0.07501372934458399,0.16377874001852383,43.6260768014227
3647,0.15002078657717613,-0.07455568863515433,-0.28518979702800024,-0.006138552255386783,0.3314006716816738,41.660488842732306
3648,0.1503789812984853,-0.09197949838144402,-0.28762774325573526,-0.01890502822531801,0.35465165982664637,40.995052660696885
3649,0.14723405010228527,-0.13115044673305093,-0.3478438765369607,-0.06336509430986573,0.4700960211097251,39.14985429113992
3650,0.1410829032849446,-0.09778326429498958,-0.3241288747034499,-0.030788987455035822,0.40662281336774403,38.952296055470974
3651,0.15511904470785928,-0.08674968934734499,-0.3351423430066273,-0.020600024930846356,0.40759341977628505,38.303281181996276
3652,0.1522339695947124,-0.10045086034244832,-0.3239369827680829,-0.03599170873859151,0.4198232564398397,37.2890629861911
3653,0.12176870879177859,-0.13567633947736632,-0.1638281257211655,-0.05058409255633826,0.2974344838724072,35.18637586135825
3654,0.15051143708390843,-0.0697740278210565,-0.25988915232937815,0.001451591615210134,0.29644600904854806,39.07010343843383
3655,0.1517183870228157,-0.02324617471688038,-0.22682638666678379,0.04147629373740881,0.2073028569994272,40.65500030337171
3656,0.15560392589350977,-0.0112518558882044,-0.21290327322217814,0.05206920909424314,0.1782092558686024,42.0437501842797
3657,0.1554576156208162,0.020589920510260658,-0.193836872763292,0.07663432249460178,0.12191876331289253,42.41474576291395
3658,0.15924486619306163,0.02590974505925005,-0.19421614446715077,0.08099287481669162,0.11736434873942092,41.41327011887177
3659,0.15494717103672448,-0.0065441287823049575,-0.20409863864123953,0.056176759497140086,0.1673394277497919,41.080010408935436
3660,0.16052824320671727,-0.07456306937851725,-0.2667887836010739,-0.0025130856527801866,0.31427435235540324,39.53227356823187
3661,0.16343532689560064,-0.03258700658810566,-0.23066756229670973,0.03718336021399702,0.22403104408032684,40.41574717342884
3662,0.16865882653491357,-0.02998005691476912,-0.2523149535384509,0.03165166721970338,0.2474245146336302,40.81649554859158
3663,0.1712114105593223,-0.030908739164213845,-0.26692810081650886,0.029562346524507142,0.2672718420911015,40.386121763555636
3664,0.17920417909288275,-0.002567403927317542,-0.26027658487761607,0.04709257067210319,0.22878546750392773,41.52970051024021
3665,0.17510951327755175,-0.003251274096489168,-0.2520402844581493,0.05687020859345249,0.21351241573031576,42.0707407813308
3666,0.18564160681398437,0.03438856608940328,-0.3634371618708503,0.09264134516596376,0.27068038211657586,43.52924870189068
3667,0.18690424630150004,0.02344904593563716,-0.3663708451402256,0.08523032918816274,0.2824197041701637,43.72901039514388
3668,0.16768747539390827,-0.06684284865892476,-0.3695785469437481,0.007251868835772858,0.397296628565658,40.810771288206176
3669,0.1834540408956077,0.005829426217261512,-0.37150205275202175,0.0724882843084087,0.3072930810139153,43.857598692980474
3670,0.17657942172190014,0.013319343425556454,-0.31271257197082036,0.0822744836332315,0.24425435540093945,44.19553939602865
3671,0.180420346288919,0.008312782120897817,-0.31935557929833436,0.07689773860268363,0.25636920079274744,44.0563806932337
3672,0.18269156747711857,-0.07075410930685394,-0.37424350794811984,0.008101147862992958,0.3939814608608328,42.82539254012995
3673,0.1799204846828166,-0.07700857111932112,-0.3639299599483774,0.0021244803356330645,0.39403870708856714,42.31124002651336
3674,0.19030684465553083,-0.00019630579074229285,-0.3682914202632952,0.06772219993383319,0.3063882563760202,43.40941722314196
3675,0.19091349101405442,-0.005359466743270909,-0.3526582185729964,0.06674954868071287,0.29541427679681737,43.09384431375545
3676,0.18097861226368223,-0.06888566297477869,-0.354222641918592,0.011665839364492427,0.37648943680010444,40.8393304592165
3677,0.18181330511694693,-0.12290091080862788,-0.37456232164673925,-0.04283968373776976,0.45618521372099136,39.786392814750926
3678,0.1811981009503438,-0.09508695365996973,-0.3610601539897609,-0.014962113555288446,0.41254792499156095,41.34500934980152
3679,0.18425711815667353,-0.12915229211966514,-0.37367428908144673,-0.049351564755550664,0.4676512078664438,40.48247376471704
3680,0.18069500799811156,-0.15896485420989606,-0.38862902498274726,-0.07867104040955042,0.5168654815162129,39.601877944418355
3681,0.18770699797740203,-0.052957658262776444,-0.3888890303110127,0.020295975816402585,0.39132685468941003,39.840355600793
3682,0.16765748182086682,-0.14680299433032595,-0.3504778100319346,-0.06117842346440263,0.49100234569024764,39.12906827329036
3683,0.14233271381378576,-0.19803215099273977,-0.25458189001457615,-0.09392047117066679,0.47909170586065347,36.794339877531705
3684,0.19030027441161226,-0.025258388457185445,-0.40291706230667257,0.03319057872556289,0.3986720138182287,40.70649750377612
3685,0.17453785328079033,-0.11150125036935409,-0.36496010336168083,-0.03600825628859092,0.4537204809524336,39.615250618961674
3686,0.17542090339352828,-0.04870850594261285,-0.3275057558644056,0.023431126667490768,0.3393150350560151,40.67216149563794
3687,0.19376972174950555,-0.07901804216195299,-0.35224830432419635,-0.02008410902182216,0.4047494681460944,39.227289932099914
3688,0.16996146129303621,-0.09283071494610226,-0.32393929874127886,-0.013518372312191752,0.3890464931454362,39.134277943820074
3689,0.17342605372877948,-0.018490465747510253,-0.2999692504133048,0.04624109191545959,0.27917005132075384,42.011194322729814
3690,0.1767259840673733,-0.008377485446439821,-0.2715983984220826,0.060972013320332086,0.2325314196011142,42.12481646225518
3691,0.15401659169303317,-0.03997426714730125,-0.24478912799602578,0.03584072271567304,0.2571083980670372,39.227183000392756
3692,0.1569978572607872,-0.07716916875233899,-0.31132892521542765,-0.001818788999129651,0.36024153564363104,39.82312312608086
3693,0.15076807562505717,-0.15599168289204784,-0.36840922297155604,-0.08497929973715193,0.5083673533201837,39.47209878551719
3694,0.1755437039290227,0.001607079427570954,-0.27789701246264664,0.06009619014229499,0.23301038641852487,43.4809903279078
3695,0.15804220666289415,0.023449987261779964,-0.23963563003007474,0.08686642456767533,0.15955621967457964,42.84032947375719
3696,0.15509950276432286,0.0031524274616241458,-0.2392950739528243,0.06961823731837102,0.18739471782405384,41.72250342862531
3697,0.1602916036552795,-0.03186415802092693,-0.2724355836501857,0.035409183943147696,0.26534065703426524,40.89896876744743
3698,0.12989251696319098,-0.21825812491337843,-0.3128715263855952,-0.12952544275905703,0.5269411810060527,36.49423739742718
3699,0.12558474922644441,-0.1447986529727705,-0.2932841598158341,-0.06351641393491575,0.42812623077542056,38.52938846532749
3700,0.14082739361837646,-0.11995617353179551,-0.2936137361997856,-0.03666098357314539,0.3916156374391762,39.68235166567437
3701,0.14139066325218014,-0.08181604266381703,-0.24562123003722552,-0.0016417862019821273,0.2922859947320021,40.6030853283705
3702,0.13865693709135646,-0.010661659221761714,-0.19255297744196104,0.06148994275984468,0.15672788529563061,41.60496323395154
3703,0.1512715312608471,-0.0003447046810454067,-0.2024537402379811,0.07303431389458992,0.1471772010977055,42.62215541068715
3704,0.15478473962940803,0.006976905501333136,-0.20890186719973652,0.07427984249194769,0.14759213407600413,43.2163269040694
3705,0.14995237492761163,-0.08112172345962813,-0.2797596616925237,-0.003325111892770406,0.32390824884176783,41.479486470732816
3706,0.14349623315125024,-0.0463602440227048,-0.24698219523823858,0.0296623399475243,0.2513679187153829,41.41588176908832
3707,0.15300544276522804,-0.05672451571581803,-0.24794676139584468,0.020552104263814354,0.266716573409777,41.1878681446166
3708,0.1668730171752376,-0.020961857295116546,-0.2715001874376313,0.03950068881209897,0.2543252498090878,43.19515070754353
3709,0.14854963125943754,-0.04504255145827436,-0.2537698468466673,0.02656589396186019,0.2682378258179728,41.58011604785583
3710,0.15551625171619585,-0.037533533454303415,-0.21959874176411082,0.03448802082918258,0.21935704758910302,41.76931610485182
3711,0.15216050333756626,-0.028193821910909703,-0.21831760594340446,0.04553942179266264,0.2033888203115503,42.26680678730876
3712,0.15829172047484277,-0.01783896141907152,-0.22210356063781322,0.050839180044169874,0.19832155272846666,42.159623126018715
3713,0.16239155138745204,-0.01919400936562002,-0.22843142269058622,0.04760605881570339,0.2086505954269259,42.09250281099759
3714,0.1547985544372665,-0.05118896141223861,-0.26461532391012,0.017094646712965737,0.28293216710035857,42.105887840906284
3715,0.1525899057669065,-0.023858252193519783,-0.262971641418758,0.04132396837134351,0.24734425538423685,42.390855427392346
3716,0.15204192557348942,-0.027688858466380212,-0.22379692172911325,0.04426188313130189,0.20726183062301162,41.5294647756253
3717,0.15974479199798516,-0.027783370024417,-0.20803262506817957,0.04804110067134117,0.1902114914577031,41.23712656419439
3718,0.16636182539362576,-0.028467383516799356,-0.23313116893357708,0.04556049265991348,0.2155494285878556,41.15726438916212
3719,0.1476531537754777,-0.08754533299783844,-0.33066442407779784,-0.021693340321882085,0.39766346778355055,40.72182242008096
3720,0.1492792580595339,-0.13680953666189669,-0.3658663290860463,-0.07268181251465444,0.49463449045830477,40.24886533611293
3721,0.14530469988531114,-0.051492815961266106,-0.2524346414792275,0.018244034958717296,0.26776277494725526,40.26693644818078
3722,0.14966976681996172,-0.04095215075277385,-0.22888524016071918,0.033182630542695706,0.22813125945124738,41.016922619468566
3723,0.15601649022052308,-0.028157282438091166,-0.23650952046308063,0.04010554926869161,0.22395252407209135,41.41404043148511
3724,0.1549297108311487,-0.09949622456301874,-0.27486294852390486,-0.022119740234191932,0.34997070485939946,40.650997356552914
3725,0.15922313282245582,-0.07796558859292582,-0.2830478145583196,-0.004398305818059468,0.32873268572316144,41.37482014348385
3726,0.14369807150418404,-0.07792180306379977,-0.25934095444324035,-0.00585750145844707,0.30888156392343435,41.204941439089936
3727,0.1578087399623892,-0.025726863335101338,-0.26104694231755604,0.03797535768652066,0.24498644233067063,42.27652173683752
3728,0.15517763913948862,0.009708172776759285,-0.22921789571079745,0.06790203036196454,0.16932303415417368,42.81158796606371
3729,0.15342408417475123,0.0016963856938107323,-0.23105135395430165,0.0559298196321348,0.18504407884897484,43.65659133976906
3730,0.15146486019853866,0.021168983585839306,-0.22172835226899915,0.0733695265698929,0.1503609372216407,43.560606075134885
3731,0.15036983146327196,0.0336651432180905,-0.2053630576279227,0.08494452156874935,0.11935675518660112,43.63156036094371
3732,0.1532007724433554,0.04076582763058062,-0.2184681260024062,0.08431899335645368,0.12835339323421863,44.3198796482987
3733,0.15542587291694981,0.01637726715527423,-0.22244596681505954,0.07085909010664762,0.15404440276570605,44.625542878354466
3734,0.1645761317196975,-0.08285260537347551,-0.3307122009982446,-0.011761552088042528,0.3774666699066208,41.57720251192816
3735,0.16530316463795686,-0.12943813532560008,-0.37379622860542294,-0.06266677555295297,0.48905411907115987,39.52579378188538
3736,0.15918564863936474,-0.14835759085782937,-0.34748143266362697,-0.07674704458795702,0.49020826425112995,37.9604099498325
3737,0.15880364792914392,-0.1070614132633825,-0.343297095118237,-0.04058637933944025,0.4422878398605595,38.012922322679806
3738,0.1612319682926014,-0.1360801200582097,-0.3798836506302844,-0.0728831590932499,0.5135813151637729,37.084780847707
3739,0.11756274180741541,-0.1544211721169562,-0.16801215996463942,-0.07096784636983587,0.3346352021362963,34.990887860513766
3740,0.1501641840301273,-0.06382190553698738,-0.2760378227939162,0.00285786267182095,0.30988472355100594,39.67116148720587
3741,0.1518191743903634,-0.07054523918409815,-0.2537779906438339,0.0017073581721329806,0.2946950895778109,38.57643823401505
3742,0.1530128424519455,-0.001221532275026485,-0.21756105829262706,0.05753857545560934,0.1725652150671733,41.03963239365174
3743,0.15941832329993869,0.027395973518032364,-0.1962896198241265,0.0809794765109998,0.11618074755128062,41.997488476380504
3744,0.16314368972789423,0.022231246569589604,-0.1895482445256961,0.07860745734732855,0.11456619589675249,42.12312935661428
3745,0.16348168121544357,0.01817452131587008,-0.1828031007838917,0.07791157961296549,0.11296101126781233,41.64816425299247
3746,0.15391974615586038,-0.04659085309407606,-0.23420198714905072,0.02293497252361453,0.24616708836707346,40.5617652405311
3747,0.1705076156317786,-0.06288691821944987,-0.24124168397990572,0.011115559666972313,0.2726092487362036,40.50052573482911
3748,0.16720914819939103,-0.042029575538112054,-0.23943609471413477,0.028261358067470325,0.2442357428998451,40.50269166141245
3749,0.1707807676995811,-0.06061019653860101,-0.24765204538526372,0.014047438847365793,0.27387643252203353,39.82347161159918
3750,0.16887250450072372,-0.03244492387883648,-0.22190280985224206,0.041265274260361806,0.21210074702450718,40.28560958294666
3751,0.16484607584639838,-0.06384405198341309,-0.2592921643579413,0.012542872757072323,0.289283216854974,39.881922208729605
3752,0.15007728785515106,-0.09377207045836478,-0.2950620821355879,-0.021257200554857622,0.36365397416789685,40.20773391583363
3753,0.18890585033621843,0.06957512034277219,-0.3600461059533297,0.12124227404675644,0.22379913282393213,46.116963494103565
3754,0.1896382768083857,-0.0022598548610948056,-0.3537811978755727,0.06379917397166086,0.2944742648088822,44.38778017416081
3755,0.1854109640242485,0.024048185980595816,-0.3536557305786874,0.08627415833771526,0.2700288691686606,44.305525742144575
3756,0.1712177316005115,-0.03063945266147143,-0.3449779643106788,0.04308729770801911,0.3302711561399709,43.45876799993534
3757,0.1747216766253937,-0.051091658669780056,-0.34189980448202645,0.024944921257524427,0.3487728764565844,43.31406008779733
3758,0.1849379908790575,-0.04605009144366438,-0.34652808144512753,0.031282548342590887,0.3417560705192889,43.77638233202281
3759,0.18658936102445947,-0.04987269398321488,-0.35286638209794646,0.028525497213744293,0.345098560172659,44.17135520429024
3760,0.17556389889170285,-0.06647871442815918,-0.34093103031820043,0.015847795697720674,0.35876924740595795,41.81361984641336
3761,0.17366882942543085,-0.057816167348327896,-0.3445640051483375,0.02415042228046735,0.35287051816709014,40.58352581768862
3762,0.17242549817993316,-0.0439671460646291,-0.3481086388989093,0.03273357304874746,0.34143685370832716,41.384507983878535
3763,0.17781698308759367,-0.11644480990712137,-0.36534159783629166,-0.03415046333949847,0.44298642027844537,39.382741005329514
3764,0.18527499522471677,-0.16360374310392,-0.3772806199415518,-0.07585052627381816,0.49910551736792813,39.980622231357
3765,0.17623632961631688,-0.1605656511990846,-0.38615201790595943,-0.07875440705092449,0.515966752466903,39.439157197016705
3766,0.17833568338163225,-0.18203648000641676,-0.3973287125549773,-0.10265033725936083,0.5534268807416914,38.55889849894197
3767,0.17139794017005475,-0.16637940545853536,-0.37701025508946107,-0.08209603197166389,0.51750832189534,39.03711527180639
3768,0.1759669387601928,-0.19903640287291588,-0.3819520166742497,-0.11509020943749278,0.5566581684824089,36.803455094965635
3769,0.1819289538661387,-0.12910726579241744,-0.3789823704494991,-0.04860554201682771,0.46705950983009664,38.25887252323731
3770,0.16207157795094015,-0.12810724518742062,-0.37527003524745095,-0.0518977777827869,0.4757843823595601,39.42720908430118
3771,0.17355411104121557,-0.04533796828315015,-0.3584810323803511,0.020290864900275662,0.3733569545214175,41.62540067947215
3772,0.1730670837040232,-0.07842638164542534,-0.3467900791288513,-0.0032579508233712418,0.39500234476287166,39.857965284289236
3773,0.17085578697745113,-0.1760230507673062,-0.38761414901116986,-0.09700624270803201,0.552052315815908,36.63002097421096
3774,0.1748931594111387,-0.2168202676422947,-0.40141629572213144,-0.14091651192382323,0.6151679777731545,34.963883411761245
3775,0.17416966994331978,-0.21995065718387902,-0.39760063194667394,-0.1449054168080812,0.6153883417054904,35.1110128432626
3776,0.16965221817339587,-0.05792441423820891,-0.3108429495648123,0.011453755160640837,0.33910727543866576,40.73034025669372
3777,0.1767138056805429,0.009731532160010119,-0.29010636510440924,0.06780359495526625,0.23843607718447302,42.79190720815343
3778,0.1657427718914231,-0.033250809867516336,-0.2587032914819593,0.03845516936828213,0.26000455000694905,40.2446066047939
3779,0.16922699023777077,-0.00582947130906181,-0.25674403516344124,0.06593464711565922,0.2146538361001325,41.13069277103672
3780,0.1411029910007108,-0.14736748964182078,-0.30286226485231077,-0.060647615115545804,0.43244862947538754,38.956098425209426
3781,0.15981548944903362,-0.0519998968687739,-0.2933785813028657,0.019444569838976147,0.3126592298795295,41.13156691280834
3782,0.15735623243145333,-0.0020626505763762432,-0.2331469021013305,0.07092971889779964,0.18298371542096006,41.62127081170509
3783,0.16142002507617523,-0.016789948116445418,-0.2839951257714256,0.04386778702861503,0.25923329531113,41.287156134345395
3784,0.15844218449852607,-0.14058240506091818,-0.37153859565818576,-0.07132351845318632,0.49324865606578494,37.94018799858849
3785,0.1587856497866762,-0.15808253554911728,-0.39682679252710995,-0.08871718197905765,0.5429501682805524,37.40160340992153
3786,0.13801642987787394,-0.15138738634531704,-0.3000787915175675,-0.066049924517315,0.43310364420127717,38.12427049174875
3787,0.1574124174087494,-0.1070012901199655,-0.2888765275043401,-0.026093307143239337,0.3671330472698433,40.0779024063283
3788,0.15765447156993018,-0.053436280999956766,-0.23573289968609693,0.028340361571922875,0.2482208828922677,41.19491051637471
3789,0.14598927328254502,-0.04265474404311929,-0.21802528106911676,0.0327791837093583,0.2225262760149136,40.68074076595996
3790,0.13578841390533644,-0.008297951136188236,-0.16339610618563039,0.06380570358065593,0.1259697419924894,41.32947925727881
3791,0.14321791875881879,-0.01519961110967673,-0.1999133348107537,0.0566398707844519,0.1677125982510067,42.18251103212728
3792,0.1455751025015884,-0.07408788528090568,-0.24902273744657094,0.0022910310476248396,0.29260996858700195,40.56069086191688
3793,0.14085502475172781,-0.04417568935822972,-0.22338813209083552,0.03335260919463299,0.22713085435200375,40.24933116656874
3794,0.1537662513715503,-0.034940241304048776,-0.23374215100497586,0.03976729069416213,0.22565357946699813,41.04259796865822
3795,0.14033249635967593,-0.08022296792134288,-0.22269500736116155,0.002751564275319041,0.27404800578815003,39.546208055004456
3796,0.13254615444266094,-0.10810203851612643,-0.23326520859034555,-0.025425364278834593,0.3238227780242582,38.70334689587409
3797,0.15081496702354458,-0.05171678113546735,-0.25337549936750414,0.021453981145761237,0.2673779804536991,41.12509906833417
3798,0.158178906266937,0.010835816238966973,-0.2221779183747624,0.07306878051292945,0.1582439848842849,43.35939663486524
3799,0.15833847208736004,-0.015122923109587634,-0.23599364316903473,0.051413669211540315,0.20537780007699663,42.44448210259353
3800,0.15580831413551594,-0.027116134150927847,-0.23780144585684754,0.037070759008552036,0.23105227464993755,42.89619782935054
3801,0.16190268303331098,0.00951505700913094,-0.2353927881144036,0.06384200018253984,0.18306315353129135,43.67843221043003
3802,0.16441921043431923,0.0019577478522284676,-0.2650640084813846,0.052584379231276845,0.22540902870813034,43.20058699699224
3803,0.15383322015512912,-0.06015459394149817,-0.26376199459935135,0.014765199559373055,0.28428607858662996,41.507038976351346
3804,0.15685345819745625,-0.009912627889009248,-0.18508718456888132,0.0649134537888671,0.14291094837238807,41.481202214831484
3805,0.16907017942882946,-0.04670109364212153,-0.2863368239631408,0.023792342240876747,0.2937622349141853,41.88485405934863
3806,0.16341275437961764,-0.021358972143058538,-0.2939607112474081,0.02879393504555293,0.2856909539358834,42.58664018926522
3807,0.1590060275820002,-0.030375174650083603,-0.28820012364401804,0.028775938472767982,0.2840629810489181,42.74444027014938
3808,0.14833768759400998,-0.02499409557282843,-0.2370025672667068,0.04015052823820185,0.21939643817890186,41.927283119399284
3809,0.15624591953036035,-0.0581960808172075,-0.28208857275300075,0.011532498409978005,0.3055736371161787,41.16438667880282
3810,0.15406242957464508,-0.07366331539754747,-0.25394425758976724,0.0033562935584861143,0.2952712477087142,40.83133646323046
3811,0.1543600570840054,-0.04719840842921503,-0.23719950324193143,0.023662631451828585,0.2499095866588715,40.691369464616294
3812,0.1495481817944948,-0.011222580622022228,-0.23614030293636817,0.0485805415252451,0.20919848026159893,40.95432090438117
3813,0.14513272054255483,-0.03971773332495546,-0.24673875495374614,0.026638698707904238,0.24856269649959875,42.01884906933237
3814,0.1497340012796036,0.014976661191366925,-0.22456503932317337,0.06917465769274368,0.16198985365149937,43.062224175962896
3815,0.15396894818899148,0.041054878593071935,-0.22326544272051474,0.08496837101533887,0.13329326275304407,43.99696529095547
3816,0.15661603020699005,0.02454733583032618,-0.2559039084885838,0.06652681276056929,0.18595057595059125,44.43628600942207
3817,0.15078597713916836,0.03613581668624978,-0.2282816693440884,0.08257088168940087,0.14107819888850254,43.89763450083608
3818,0.15272577091897005,0.003753200450431647,-0.25487612704958185,0.0530506383498153,0.205833961251986,43.421206298482204
3819,0.1564446474471051,-0.06020208075996723,-0.26884959859290564,0.006603622477803917,0.2972948483615243,42.16340307016204
3820,0.14756942518464608,-0.023879079112961943,-0.25137663686715656,0.033327808544163784,0.23877302868782477,43.169056504472785
3821,0.14362650971686547,-0.09090497514009972,-0.2983631330506658,-0.018967172424294354,0.36461182619919336,41.39971585908208
3822,0.1558592896827854,-0.11689652572284095,-0.34503416851668767,-0.04579307309481483,0.44061701631782396,39.84990162047456
3823,0.1446292114981988,-0.15278386162856206,-0.33787739250753285,-0.08176035118989067,0.4841158497527783,37.90692666106745
3824,0.1295287328045167,-0.1541095325470968,-0.2530364734310347,-0.07782003158990172,0.4170406600398663,35.221692863229705
3825,0.10360433284053704,-0.18978711883103586,-0.15606549731982677,-0.09320193587300743,0.360525914447545,33.89425170065806
3826,0.1361617271952246,-0.08417965463727257,-0.21128597436636248,-0.010858608883597274,0.27216330304979064,37.90549092469403
3827,0.1596247391009128,0.023162204577564967,-0.20787182032426105,0.07503142473064203,0.13497720425446494,41.28891303218351
3828,0.15333744800822213,-0.038315879939328536,-0.23684833309071018,0.027529069736741928,0.237646536794862,39.42622996350886
3829,0.15440421292430725,0.01572064929566513,-0.2091508669281372,0.06856938394679604,0.1458465265836529,41.01430060444853
3830,0.161575183201719,0.018081686945618153,-0.20976061613024982,0.07149924443018749,0.1422799099204581,41.39161760664473
3831,0.16886938954536834,0.019260549242645437,-0.19650676187704516,0.07538002744103045,0.12621599431789063,42.239747311083526
3832,0.1633119756365284,0.009822067693211802,-0.18483022976743457,0.07187703749587639,0.1254866404712279,41.703566224543756
3833,0.15507570808701104,-0.021953822710993835,-0.21244256882510767,0.045635438809676035,0.1919865611116163,40.86420912184816
3834,0.17990943953687205,-0.01550206667711121,-0.24614173675894843,0.04369454314182579,0.22335854457853815,41.542630089692366
3835,0.19318280589074424,-0.0039495109011756175,-0.2704448902393604,0.052762994307117325,0.231781898827426,42.01179525599536
3836,0.16343554680835773,-0.0583216749658516,-0.2350191671126881,0.018665447061667815,0.2580667003680529,40.36369383694977
3837,0.16178649834871558,-0.07378328759586097,-0.26634226914562875,-3.4108811350356826e-05,0.3139177995753714,39.876859684250434
3838,0.1591877655157428,-0.06872869016530474,-0.23958209521452942,0.009644517501623718,0.2784485437022432,39.8668645232341
3839,0.15925984695271225,-0.0556415965245778,-0.2417133024067407,0.021522001964863483,0.26084937361282434,40.297719820081475
3840,0.19345644621372188,-0.004155668246853967,-0.33790390724592506,0.06640779629725979,0.2814912794419293,44.75697395774879
3841,0.19109597257686523,0.040868833609582295,-0.3346079720333661,0.10315869858238924,0.23078207342489268,45.67916583488038
3842,0.1768177480916108,-0.005149431146600316,-0.34672920766887144,0.06356253861095466,0.3009436256685214,43.35011020281894
3843,0.1702628441082329,-0.03815220278400431,-0.33231045319548547,0.038535055259609,0.327186905546683,41.592459423558914
3844,0.1713321230393695,-0.05110630192841684,-0.31201984116336096,0.03482941215991912,0.3094665910559241,41.32893365293174
3845,0.17384513520479813,-0.03885411217126591,-0.3600763539588472,0.036242243224600484,0.3496045360689156,42.58452705030394
3846,0.18802583993576924,-0.03497075748885869,-0.37275803630521204,0.0386906968667087,0.3523409567691835,43.605517736312606
3847,0.18573179270421056,-0.021090329001894847,-0.35320413645635973,0.052871182605610405,0.3167704682090004,43.850370188262794
3848,0.18755725056135258,-0.04392428004594968,-0.3638447577864501,0.029791842035483625,0.35595181647302554,43.141577900496394
3849,0.1813110812288403,-0.06366151237713488,-0.36912176561651344,0.01029275541760448,0.39102080064512734,41.65643558952564
3850,0.17600973596758163,-0.09641616987159997,-0.37137258289613667,-0.021957993297004156,0.4308720894312181,41.58788277704951
3851,0.17728499140415158,-0.16534764062267573,-0.39583097420094526,-0.08835115234061298,0.5293156264641191,39.0550036132071
3852,0.1528301010708854,-0.1351935900113542,-0.4046475250775378,-0.06603704703713638,0.5338173643991407,39.158316601193825
3853,0.16487013795776204,-0.11022107404232956,-0.38198547227401575,-0.03381931751918188,0.4653511501425653,39.67798745783045
3854,0.16896179606323936,-0.14514893817490218,-0.37433089288230337,-0.0645671690180389,0.4971762143875495,37.56118156507059
3855,0.1728038247780939,-0.06002878648910502,-0.3537262319187405,0.018182715575470174,0.3627759929858893,38.693515535869835
3856,0.174403711821882,-0.024085972985463725,-0.3002830147475049,0.05845478004822748,0.2654014395872628,41.50385581298329
3857,0.16155807299667083,-0.00792408790271199,-0.2904142379572466,0.06760685687517287,0.24449077748904682,42.86754769295529
3858,0.17548569068912287,-0.033773437967851865,-0.3279602830693521,0.039320660241573366,0.3195841456966581,41.26178773778853
3859,0.1758677863025851,-0.07707407577032634,-0.373197206822347,-0.006335337940831044,0.41980971521776633,38.52483716770135
3860,0.17445924345606195,-0.1343705394948126,-0.39429760908055617,-0.06206871583884482,0.5240690702380864,36.767081722973685
3861,0.17218961096382362,-0.18339159537384825,-0.39296886476880116,-0.10736123347011543,0.5701152364556504,35.654142110397565
3862,0.17697824080271618,-0.11348685333672473,-0.34381415354189376,-0.0448932753241418,0.4400931879867662,38.50107057918559
3863,0.1710035397428419,-0.05308273854312992,-0.2908710796863164,0.020978876307074595,0.30453503739290516,39.889779720678504
3864,0.16817990237292751,-0.037850799876943994,-0.288784983879829,0.036492786093628556,0.28512146617648604,40.354936861081285
3865,0.17145324166044232,-0.009947902959356481,-0.24702530194752562,0.0634592355541751,0.20740303313919425,41.33031616083305
3866,0.16241858686712332,-0.004523461467395446,-0.24628285875081998,0.06702065993822288,0.1998325396008059,41.79515189297981
3867,0.15928895583030994,0.017599753952207486,-0.22191374540940892,0.08579085808086084,0.1495006448216714,42.27218071376898
3868,0.16055506523669472,0.023670153600397592,-0.2225687500739658,0.09018357496972146,0.14045013252115393,42.44919912267302
3869,0.15998799945886902,-0.045526554763037776,-0.26852857307302963,0.025345859970203753,0.272676599080364,40.59012769207092
3870,0.15933349819287249,-0.08890753264044306,-0.31962832425825194,-0.0195844658481811,0.3803356726690025,39.261463302332245
3871,0.15956894030786115,-0.11609769504919491,-0.3390924143979825,-0.044387218366530826,0.4349450447771384,38.681763182163884
3872,0.1523788947446003,-0.12230737361603859,-0.3000732808289847,-0.040438577199241335,0.3971754156505233,39.2936183672727
3873,0.15788060039979174,-0.07656536983175183,-0.26990140962849285,0.003669103561137145,0.3130925320106802,40.85624304743036
3874,0.15735949821870854,-0.07290153217263629,-0.25724065492714904,0.008026193660901727,0.2942126070030678,41.097831887714186
3875,0.1606411246308675,-0.06164581439846979,-0.26319873121439885,0.014117961038084745,0.289508989995932,41.34089017216763
3876,0.15706805294861265,-0.0943175791119222,-0.294111529181758,-0.016773910540809737,0.3615163492238616,39.74245293777613
3877,0.1504417892822986,-0.0796622056024826,-0.24288097066364853,-0.0005257639980918381,0.29342617523424175,40.000114562743704
3878,0.15452629574403173,-0.060279323823128485,-0.2501146745636237,0.018548856037562417,0.27399776145873145,40.187707917260134
3879,0.14582306666769473,-0.09941069165548498,-0.2681133652428784,-0.018806502576464667,0.3414007901036087,39.14502367766463
3880,0.14009441579733822,-0.10862319642595407,-0.2252422453079143,-0.02122138059678151,0.3107813449401757,39.23437833077393
3881,0.16081284331459275,-0.044089600729644574,-0.24519702257008574,0.027505747616567974,0.25469286469752744,40.70942915662313
3882,0.16347488161179605,-0.038113779087542245,-0.23944743608060912,0.035773339647680195,0.23902379828685613,41.40941818146979
3883,0.14756346587440383,-0.049855862957002804,-0.23333108454138593,0.025355842942475414,0.24706291772526393,41.120897354435456
3884,0.14317391391413375,-0.042566575109570376,-0.2030734746141827,0.03382007395012986,0.2094188251455239,40.34225558408374
3885,0.15350002262203083,-0.06985074408964659,-0.23670805763405056,0.01062355180070582,0.2729304286555795,40.52224197247912
3886,0.15336524218048359,-0.06871160433419925,-0.23037219576156484,0.0137588225289262,0.2621518996849134,41.05585409861208
3887,0.15030827713559408,-0.08859820368142335,-0.2685915672494003,-0.010196488889838394,0.3277210809322325,40.89382768838235
3888,0.1585759623235511,-0.07205310104681521,-0.29207682364768767,-0.005694028913123491,0.3333854287302149,40.89896866300761
3889,0.15898975236541585,-0.02611043202419126,-0.2632768834109621,0.0315939070907888,0.25454307687779854,41.99952530813185
3890,0.1576954326947308,-0.02090551925411006,-0.23101716967111519,0.049857115634274835,0.20479855106019804,42.05395358857076
3891,0.15135389745920727,-0.0013774569011301765,-0.20816315797144014,0.06940590611136667,0.15234229329153273,42.4017905513776
3892,0.15250459519370785,0.021941619497751277,-0.22157274637948743,0.07596051904406328,0.14659730215053735,44.28881780345319
3893,0.1439137991900235,0.024883587951336338,-0.2262078146433982,0.07592599921666601,0.1500344846842682,44.99093247555659
3894,0.13914672397893374,0.0031027210883596682,-0.22264378122405143,0.06310521528153486,0.169783266258804,43.667045990073454
3895,0.15486168837220757,-0.022178873590414983,-0.2544320070459153,0.0420541966623683,0.2356145205046273,42.18992494763159
3896,0.15978188199637364,-0.03834705491658091,-0.2565478221224919,0.02900894795669594,0.25475538522466934,42.48650785669297
3897,0.14383565309807927,-0.08831945062462698,-0.27492866734239635,-0.01078649350410603,0.3317471908603558,41.51653805821001
3898,0.1512057318700664,-0.06120054527078428,-0.2644571879971512,0.010418222670637578,0.2921148697358958,41.28667759565132
3899,0.15082019543301495,-0.0995863405291053,-0.2850587295028607,-0.025742966762711792,0.3591003167783451,41.21223221609845
3900,0.14626415621108382,0.006251100458862281,-0.22367440615654566,0.06120534375530401,0.17401989026458045,42.56518082244623
3901,0.15027694067454941,0.027193571873589957,-0.22729634406658525,0.0745520009614685,0.15345142237340986,43.323247805580536
3902,0.1439146168614988,-0.031124692828405923,-0.25380567693025385,0.03223021371888728,0.24536481048740275,42.737775842928656
3903,0.14087899812303667,-0.03437397833318872,-0.24692509031078397,0.029590305485036487,0.24192420287201613,43.02774156233227
3904,0.15537344574702025,0.02896550214212525,-0.2625891353953526,0.058833612128063956,0.20319138504883374,44.04518606137166
3905,0.15932172696665362,0.021974726909490604,-0.2489534584495012,0.05622856025947227,0.19560622527926214,44.08689841315035
3906,0.14882779711562089,-0.05557157128825375,-0.26941077054238927,0.004475489670177228,0.3022090079745716,42.047348317755045
3907,0.13003931660230664,-0.11014731591001052,-0.22129456027514435,-0.029402295907634626,0.3158202015419579,39.38523777816161
3908,0.11559143293358318,-0.15337459614427787,-0.1776959027983405,-0.05821413671368629,0.3313974153490792,36.64278098695948
3909,0.12373590622642187,-0.1684253989219071,-0.2204683658859303,-0.08184490280533456,0.3894402514753778,35.31837737001311
3910,0.13684832891109172,-0.15181265758037285,-0.24473894641719646,-0.07193468064133071,0.39360061952769254,35.33435641092556
3911,0.1501483369725672,-0.10630794435822952,-0.2817842907272166,-0.03618236699199872,0.36607374212968874,37.886934294994724
3912,0.15295699205337412,0.02561385138926617,-0.20970438615562587,0.07652257880781546,0.13433662889311693,41.706583847700436
3913,0.1576506501811374,0.04424975927491213,-0.20394288469017388,0.08699302932165992,0.11068814220618649,42.49751051948376
3914,0.15588941391510078,0.039102002453245584,-0.19154495262209517,0.08710636551544786,0.09940761526318308,41.171314195517795
3915,0.16307014984767837,0.007529934852827708,-0.22240454483802605,0.06504254179745095,0.16659517454646108,40.13848375534061
3916,0.15909501122770575,0.019386945085819902,-0.1959585760490039,0.0752677755803419,0.1246280344309036,40.88386372572916
3917,0.16563708547658157,0.009361304042762046,-0.188958311832188,0.06919576899676862,0.13035144489140418,41.99686628108911
3918,0.1540308053559206,0.00027296616999436,-0.18613951968669798,0.06195725062836354,0.13866649982107135,41.99079916433707
3919,0.16630023133608757,0.0218572343606842,-0.1963503269484277,0.07836377398680457,0.12178318886196843,41.39375825262914
3920,0.17510326432110304,-0.013831987970053352,-0.25745478943796263,0.04491440573170989,0.23113296441323683,42.00614968183685
3921,0.17505636704537225,-0.04962538134546929,-0.27831134122146783,0.01504796528940542,0.2974250901229541,41.139805101188905
3922,0.1668604473784495,-0.06106844836980595,-0.25861719743154404,0.011456678687365066,0.28647115944950535,40.207704728659266
3923,0.18486884546963306,-0.05246011937894016,-0.2800259104218671,0.01450533785395025,0.306221319665586,41.25173147625986
3924,0.16995857097656403,-0.05480723056045551,-0.2647437653099523,0.01970402266794349,0.28413320706953704,40.5954482177321
3925,0.15703452031608942,-0.05293247138918718,-0.24005575096077167,0.023556329204724735,0.2555208538893229,39.99024498163555
3926,0.19349242550921697,0.018032175432675258,-0.3374303596855351,0.08312183312061623,0.26262816047677934,45.47815361421616
3927,0.17419974137375158,-0.033448349858680504,-0.323737341431879,0.04214110877224214,0.31268945470734955,42.859089412184105
3928,0.16780839328521557,-0.09253259626263363,-0.3623259141433275,-0.015586567992290962,0.420518039062778,41.29924045680758
3929,0.17319012156759508,-0.06584706795405366,-0.337561518944317,0.017407307378329618,0.3567944736881184,41.38621060437345
3930,0.1802530700752452,-0.048633685847730174,-0.31284546397178137,0.035945451235621706,0.30523851885728454,41.97433590332555
3931,0.17503681780843752,-0.04273916625966444,-0.35638411196504677,0.03297212276489799,0.35142986649071606,43.59052269665201
3932,0.18235406287216022,-0.03579711822401837,-0.30550561254351394,0.04188523020260585,0.29419765453350905,44.27812698194924
3933,0.16945178273529182,-0.07104094556648649,-0.339579780999017,0.013565207822639407,0.365494305459146,43.48543298200557
3934,0.18605815778225776,-0.05244793411561862,-0.36346861730129837,0.023189860314288765,0.362334720521942,43.521236809254034
3935,0.17283074501674356,-0.018283882077969705,-0.32385890142925616,0.0535942106836214,0.29669851838676214,42.825519812808125
3936,0.18002742643470504,-0.030468330466867675,-0.3577195288011935,0.038745307864064514,0.340540281778295,43.36961131493045
3937,0.18230204488441895,0.02356878926935706,-0.3819464387310126,0.08169612747739807,0.3015559438281367,42.931777823714086
3938,0.16261146875335378,-0.0324603091168299,-0.39288796823744065,0.02514440593071871,0.3975952079398755,42.21480710365408
3939,0.18422029342925322,0.03229558402075073,-0.35970841525002195,0.07709744615739325,0.28421034454390387,44.59990213943803
3940,0.16665150939387335,-0.03097403926130505,-0.3059602764922596,0.04067439922614287,0.3045973683768162,41.625250952247654
3941,0.1728616982866328,-0.16150174752369012,-0.3736062884616737,-0.07932087734284636,0.4936835064565288,39.37382583666356
3942,0.19989912902820037,0.017483995224131993,-0.3735318298588922,0.08644037910584694,0.282077876392154,42.15191611929119
3943,0.1868771101101278,0.018903834174982342,-0.37529498698999997,0.07860680791939102,0.3053062530386148,42.53437440257281
3944,0.17641169015380778,0.012271601165667365,-0.3028512798975348,0.07803277308319695,0.23750126659899273,41.99451814479956
3945,0.1862695838865428,0.022143026767981244,-0.34829251011540496,0.08086781406068752,0.27344338498548326,41.662191828374745
3946,0.18675879789193825,0.01181334529332972,-0.39424576980443216,0.06991438686497287,0.32461408982250567,40.45949141532797
3947,0.17537624286279568,-0.12403127450141262,-0.37180200562851706,-0.05041818272037643,0.48203566058327274,37.466053232624866
3948,0.18960712488302311,-0.06567045543244517,-0.34379103364574987,-0.005483700188224878,0.3852618423996975,38.64576337007097
3949,0.16364349328048342,-0.20331710616567905,-0.37935487866713674,-0.12358451220044088,0.5714471134312675,35.905280238149025
3950,0.15679358129896623,-0.0992097144487253,-0.34975958472500046,-0.027291377560768854,0.42705473958324003,38.91862721717913
3951,0.16019430320230704,-0.044471544509890444,-0.26716620850884876,0.03159916181426216,0.27237861928401463,40.538677002469036
3952,0.1730182105184464,0.027699103106195274,-0.25736092084156686,0.0840233707892616,0.17860746552738857,43.124996155280755
3953,0.1624450380591941,0.025828620259962166,-0.2120630315881619,0.09204811605773265,0.13037647591752594,42.8758936438094
3954,0.1582140416717921,0.017598977692074632,-0.21392543925111698,0.08462298713571548,0.14205366747909481,42.688617666218704
3955,0.15876488062304944,0.021271896898086808,-0.2112959390762386,0.08776477739495134,0.13280673990944836,42.61334803326826
3956,0.1552542537452948,0.01376572268858024,-0.19172816630913084,0.08497643247891526,0.12097518538422011,42.746748946819416
3957,0.1495348636151653,-0.006916784539307584,-0.19418859354340537,0.06808960921198522,0.15017706021513824,42.09264524986993
3958,0.15536055016304443,-0.08107395169841906,-0.26711727399985435,0.002886537496006951,0.3170292817920991,40.797943676498114
3959,0.1592073562163935,-0.07791012850288231,-0.27803922163148953,0.002194280225487682,0.32355505362838805,40.93353337244475
3960,0.1808218471844484,-0.06435989007319273,-0.3013190945780305,0.01044821909933212,0.3291592916867335,40.56371108257792
3961,0.1555530181934751,-0.09071514884204039,-0.26587364092814225,-0.01023900776506445,0.324723277669799,39.83064805477879
3962,0.15133320011550674,-0.13701323540435964,-0.2938945271109644,-0.05306557646075541,0.41187256872651656,38.91812515016509
3963,0.16018004609549608,-0.04860137844314841,-0.25073659926749653,0.02451553550675787,0.26390260850751923,41.11811842738923
3964,0.16195012377697376,-0.0775849753134807,-0.2709590056779849,0.0002646500577301007,0.3180821614605361,40.275959265245504
3965,0.15640406463189327,-0.07821405347676304,-0.2666040732687016,-0.00118285578972846,0.31851529142893487,40.543463591250934
3966,0.1585140352925615,-0.0657487730966358,-0.2576492806264113,0.011183906204481281,0.288182997848759,40.69026952180052
3967,0.1599862489713864,-0.07062798494471934,-0.2663333516460825,0.004478372540841603,0.30465094656241054,41.04763802271739
3968,0.1590928584274105,-0.028795761879753967,-0.22261894167949012,0.04333544508121114,0.21140958358964704,41.57893654354158
3969,0.16070502292475464,-0.10541777766148566,-0.2814849810203519,-0.02849011827254251,0.36609475731386376,40.23460738126872
3970,0.14662250988197362,-0.08506076189409928,-0.24205527804356428,-0.004350656583636465,0.29884481019178355,40.53386050017252
3971,0.1482209893128064,-0.047942553438766085,-0.2209440784117541,0.02945224240807379,0.23109406061218604,40.9676069434688
3972,0.1502986284163303,-0.05946808387852053,-0.21982295733989557,0.019978478021661764,0.24521332286667316,40.271756723941834
3973,0.14278626574922215,-0.09441357434357112,-0.24545418759543075,-0.009746424606884276,0.3089949014636723,39.062357195746266
3974,0.13945109843944883,-0.13959930438894955,-0.29515506696283744,-0.057086519364188695,0.4193002527327656,38.29278793786323
3975,0.17427593455984158,-0.11524253083519129,-0.38282635533806664,-0.04797726792566625,0.48056018524989624,39.78054052257981
3976,0.178954018574894,-0.019246531760014538,-0.31418525815849435,0.03603040444442021,0.3015917234029385,42.22604010344006
3977,0.14569710332277044,-0.014006634889079835,-0.2390187618790916,0.05415903120522583,0.19879866277826524,44.1431961661794
3978,0.1454988564244933,-0.018074485243543065,-0.24546051884224138,0.046920823596910376,0.21529381217859112,43.80918882602936
3979,0.14943759850135385,-0.0481897384819882,-0.2610548074178443,0.02139876460574174,0.2680922579301216,42.39703676173721
3980,0.15294119077990084,-0.06650490533947204,-0.27003424401991055,0.006919483583601448,0.3018125255340583,41.353218471832164
3981,0.1457555580784041,-0.06937846611994664,-0.24555569936337546,0.007497014629618877,0.28297209773274934,41.429233047000146
3982,0.1440970043079713,-0.08963823973051822,-0.24190036117051716,-0.006093321628928164,0.300748142316169,40.47099234056712
3983,0.1438986399882919,-0.06138362232074479,-0.2296857669966799,0.015874161051851736,0.25341354580919967,41.01479782153705
3984,0.14947518868669804,-0.07283644770731251,-0.25368762013649304,0.0004958152300729073,0.2952598363178066,41.46581820162006
3985,0.148592380263914,-0.04822624956798201,-0.26836882354297137,0.01833040212670838,0.2801874152907788,42.0018616280785
3986,0.14960203337674438,-0.035748259035616764,-0.254481054663032,0.02776685297655566,0.2561385660800804,42.125143966956486
3987,0.14063253768901643,-0.09203365493058993,-0.28190253095312034,-0.023003430601709403,0.352517988242032,41.05695683614112
3988,0.14990223972913705,-0.07314006539873098,-0.2771381402201716,-0.004844988564390226,0.328624809063513,41.41296697218488
3989,0.14294051728584642,-0.10232749485358836,-0.2772703984274107,-0.02549477644026329,0.35734880677468933,41.01307749008792
3990,0.14511285654443826,-0.1044107694019041,-0.30577039844631937,-0.033159475724942954,0.39809587405004737,40.299758007104906
3991,0.14551268739056258,-0.04356700444183745,-0.24028923469820054,0.02070873730402259,0.2577450380405051,42.333563540807866
3992,0.13244346085093367,-0.0912739885259603,-0.22165740419023763,-0.011837101172782727,0.29412020083732404,40.35574236276088
3993,0.12057517257663504,-0.14158542081331954,-0.14721838607962534,-0.057272055715924156,0.3036261247786686,36.44320380082062
3994,0.15691871200375537,-0.16675445485736654,-0.37224937709698874,-0.10120131199886324,0.5353458259975907,37.53146145730208
3995,0.14821838002978002,-0.16911397712064338,-0.3506331290578743,-0.09648624559507143,0.5090411975835141,37.76549081017463
3996,0.15789591236619058,-0.08134409280137989,-0.29057686664858096,-0.011481767820464494,0.3436020494595749,39.61551937206563
3997,0.1565850406346812,-0.031724986223624296,-0.2586980077403306,0.033149361805928465,0.247949317166192,40.49544712633844
3998,0.15009792582959186,-0.010178002143025508,-0.22118275048359523,0.051184321722343586,0.18467881187792876,41.01424283320101
3999,0.14853636289547917,0.007970132486691135,-0.19228638706842097,0.06735306972390007,0.13612665972302965,41.43394702438562
4000,0.1529166516404667,0.015515087094515084,-0.1875095617645508,0.07314138761770617,0.12048388441116475,41.05342570405051
4001,0.15762284105106658,0.01609124043358334,-0.20865404243678848,0.07252770901832274,0.14052634620887192,40.57544433830478
4002,0.15823625407486933,-0.04731408584923112,-0.25028659037894385,0.018802839255028483,0.25917997132560683,39.9189540022218
4003,0.15461242748890713,-0.008635610782450027,-0.19986612880595278,0.05479120769038213,0.1648232527878434,41.1973605966979
4004,0.16224745809020993,0.010708367242062835,-0.19259164707652562,0.07036059912383728,0.13204735588171368,41.82530805033024
4005,0.16489927898661239,0.027227436623521197,-0.20573629335210894,0.08024294285113008,0.127622536962433,41.481876329791106
4006,0.1634905165919644,0.03382621264187241,-0.198837759517772,0.08458000711529952,0.11425132909217955,41.455445486092756
4007,0.16299695390366775,-0.020932369094410666,-0.22001230435078353,0.04567611246653606,0.19823495977688046,41.194042307309246
4008,0.1572877450465067,-0.067774298364942,-0.24434208866337473,0.009266369227195361,0.2824538196698438,40.67878379896761
4009,0.15445534949798131,-0.0783934445930552,-0.24949337928261336,0.0008060047817650924,0.2978038636886126,40.32356382577241
4010,0.16024388203943174,-0.08431272407720625,-0.2791427146508835,-0.008765317706171219,0.3351526420197504,39.957598644519926
4011,0.1655782737575919,-0.0532828547596052,-0.24080206556366018,0.021820277550474144,0.2593144101884193,40.34457821785082
4012,0.18912948874395868,0.007926350311810338,-0.347344658089909,0.07758098397785647,0.2762190786276947,42.4786876797914
4013,0.16607015855248755,-0.06133940389252311,-0.3115714837091385,0.02583359864311213,0.3279555342339989,44.18481551748835
4014,0.1761574736847399,-0.05454911443414186,-0.3243931316597743,0.030059289969379614,0.3323129362057187,44.40041939451262
4015,0.20051403077096353,0.03589435976794414,-0.35621140476695035,0.09994321524810802,0.251283370940863,43.927292998921004
4016,0.18936610707171128,0.032178014622197396,-0.3652736504790485,0.09647403404274231,0.26691857395012253,45.96515290750611
4017,0.19153652216228834,0.02872828439561007,-0.37419015175511944,0.08801343336726758,0.2923671350315334,43.721798575937264
4018,0.18122811182402426,0.013366093941486102,-0.3823630492104957,0.07265570815213945,0.32012266409109014,43.33189535229418
4019,0.17694005011065436,0.04473717097046671,-0.379507334001179,0.09801123159692093,0.2801775955065186,43.33435208271312
4020,0.18112577773576655,0.03459943847973001,-0.3390129303028018,0.08919928203894398,0.25329892985793967,44.48350820374277
4021,0.17695991452762383,0.024227863118383246,-0.28494356300237894,0.08063706620669349,0.21657777445786833,44.241095114222766
4022,0.17563315073239077,0.028950102731949416,-0.3752852938124552,0.08294189064494104,0.29543260307441965,44.73398317458233
4023,0.19889884045863954,0.07757360887004174,-0.37701872147486615,0.13181400344704605,0.21729336182989697,45.02896542086339
4024,0.19677058277395315,0.06290757094576203,-0.36531625177999416,0.11655915569988563,0.2333983090840882,42.85465166244492
4025,0.1842070285344267,0.04259359731664039,-0.36239860230507054,0.09480146925285791,0.2649626411997439,42.61489850980353
4026,0.19127358919751133,0.03885631491636725,-0.34873339068553194,0.08200875366490637,0.26732496791319504,42.66472740424714
4027,0.19173532873872498,0.04706037659729222,-0.3492807948676384,0.09461462255062936,0.25021684470841554,42.14992294138186
4028,0.19886162372593663,0.04556987971455387,-0.36476285827592747,0.06893125284132294,0.2987800742777905,42.365961140782375
4029,0.18834968159020302,0.006468874682136592,-0.3510386728024442,0.048063174696219214,0.31883986080101906,41.12123812836126
4030,0.1820312627662739,-0.046071115832064545,-0.3372084077258985,0.01202311602527842,0.35790596481358106,39.34677521450455
4031,0.18058847798511124,-0.011551476224841989,-0.2988899147530474,0.0356445286764057,0.2863999999094393,41.85189897483338
4032,0.1683463365896508,-0.053129338226982736,-0.29739167655927873,0.015774858469563377,0.32494490637693696,40.28396435559139
4033,0.179667939481445,0.004218955295380334,-0.28152561919107816,0.062293987132529434,0.2327555272134909,43.12758485066958
4034,0.16979953960073757,0.02797495428518763,-0.2639194473514948,0.08056227184526099,0.1892754588696659,43.52560553879723
4035,0.16739873216987486,0.03794751242772988,-0.2388194436748695,0.09065975212153553,0.15061112028528906,43.98294114892321
4036,0.16295465881068974,0.02070478705287212,-0.2213800220632444,0.08551837817223709,0.14495412148349535,42.8411100803907
4037,0.1550543015338372,0.017156577362687997,-0.19568638823998727,0.08773392409806378,0.12100831309247218,42.58728368466687
4038,0.14981110756562596,-0.01170303311308431,-0.2009531466733142,0.06450226869671079,0.1599350294690943,41.94888876421379
4039,0.1654152290382048,-0.056130625450929186,-0.28349869571475733,0.016930938234516777,0.30258946548208565,41.07697872943708
4040,0.16844874547307925,-0.05734605156585299,-0.2614541717224569,0.01906928174896643,0.28023102401498173,40.94642102271845
4041,0.15982352665526536,-0.05726802659218902,-0.2559733147585702,0.018747748971064827,0.2780680352037863,41.040159556901415
4042,0.14852678636689767,-0.13098162649301973,-0.29548486598118867,-0.048803138965427206,0.40771983857878824,38.99851825462273
4043,0.1590187336171721,-0.08549674888507157,-0.27169909517857854,-0.006076455933788481,0.3283019046086464,40.084742727440606
4044,0.159547668220665,-0.059193751180352194,-0.2379762138864866,0.020038136737003914,0.2624303477465605,41.395952954889204
4045,0.16311938465335263,-0.06509435178205923,-0.2653966870509571,0.012353947619549959,0.29780163804829085,41.00992549525831
4046,0.15313215027413224,-0.06288233686589098,-0.25032057997652424,0.016080944481541924,0.27573858632883247,40.9624976266312
4047,0.15451368582789918,-0.04130443643015946,-0.2540249395480522,0.031244389877088843,0.2542858264768245,40.908947451678976
4048,0.16084867558895088,-0.016822070466953682,-0.23654949263978034,0.049784586413118594,0.2089330011921695,42.370105848785315
4049,0.15949851777907204,-0.080801073301965,-0.27395053260838176,-0.0062543983929762535,0.3238557697325779,41.04086624642225
4050,0.16132679405921577,-0.023872968689467616,-0.22121343219680867,0.04620127794328818,0.20347625618802564,42.07319095886309
4051,0.16105542896838593,-0.02765357910466203,-0.22555703688865247,0.04270882211323994,0.2149928307331803,42.09644701306992
4052,0.15387201221907057,-0.022077547108447115,-0.23805830624099872,0.04525932154218477,0.22007049668391274,42.56019811885488
4053,0.15134625106794952,-0.09155397377573844,-0.26878122194696014,-0.011929545180620478,0.33123387567869084,41.17894373831115
4054,0.15264970492385857,-0.07516742957744979,-0.27690903432482283,-0.0043466469757218245,0.32620887566894047,40.96732571147141
4055,0.15863187024776837,-0.02869308722050886,-0.25203787959727575,0.03972356574717637,0.23790377390651413,42.15151179018418
4056,0.14900834071078195,-0.037207935677691185,-0.2482458378192506,0.030498154798682835,0.2464948951509648,41.52692277863242
4057,0.14705540991471838,-0.02643502888403652,-0.2288487438220704,0.04246819699178335,0.21131322861235557,41.566472815411196
4058,0.15090174285024677,-0.018981395212733777,-0.22756074682232297,0.04762817822287484,0.20181445252633448,42.25893949541679
4059,0.1510792781741177,-0.04068282115009478,-0.2462486935402669,0.023763508057698706,0.25148215000844487,42.448707825976875
4060,0.1554944690018926,0.0014744279927606208,-0.21421293952643272,0.0622486867884079,0.16449868034754467,42.254177385066825
4061,0.1576883910695792,0.007252285410074786,-0.1859384150695977,0.07171398084651774,0.12691919068315113,42.02262043325984
4062,0.14670285164851532,-0.1064772809105322,-0.26319634340305675,-0.027625638356664064,0.34427696242328454,40.23549272287186
4063,0.14164365586701919,-0.14482421857210165,-0.3075163058164896,-0.06374719463934982,0.43315820431806873,38.97733681466411
4064,0.1406586965177161,-0.12642004187983152,-0.28443483288541055,-0.04575682735695578,0.38933370811041573,39.62049261815728
4065,0.14932024822037837,-0.1508482599259916,-0.3423224546816511,-0.07607402550985858,0.4795992338377013,39.02542757832773
4066,0.14793068497153858,-0.052480781034350076,-0.25538904972504267,0.017119340654124026,0.27337111814428044,41.20693064952162
4067,0.14291494360080761,-0.022526066133203137,-0.22175357469293003,0.04416981439553367,0.20156935777513188,41.59961970226989
4068,0.14325478741073247,-0.20565877294391227,-0.34100009813204946,-0.1306941506654063,0.5502899690339204,37.063343685815624
4069,0.13991724127133431,-0.17497983992178556,-0.30367993549295197,-0.09481321230309246,0.47773116831661494,37.300272915373846
4070,0.15899727373853956,-0.11352050645177438,-0.3022970018352888,-0.038846940833372284,0.3983433077173455,39.17705034978729
4071,0.15972018346307898,-0.08858206160207018,-0.2829394017804576,-0.016195793686305738,0.35089265427335575,39.75756969753678
4072,0.1421105125204746,-0.14200446056630117,-0.291229299101202,-0.06248960499540592,0.4233345989928997,39.01472097495281
4073,0.12232855228660752,-0.12090791018558,-0.1581263910390407,-0.0340580176688372,0.2758794048558999,37.71363409836835
4074,0.15677157017071927,-0.09192313969814515,-0.3305862308886049,-0.02799596758100468,0.4120725014397055,39.30277102281341
4075,0.15511201996583,-0.07320434286926332,-0.31161170089599827,-0.013275820172740538,0.3675927853461625,40.287106027698265
4076,0.16026778426628205,-0.04309725586578381,-0.2752365623150545,0.0207492071110246,0.2866294447437831,41.75905537384369
4077,0.17024408035514949,-0.05591495059517582,-0.28683713853199005,0.011429650440596923,0.3119239779007598,39.87532382301279
4078,0.15966370563783577,0.014373340574354005,-0.21641036918047366,0.07466114419618057,0.14474763858631498,40.60458313793247
4079,0.16290343239274133,0.0003170694245532581,-0.2330668899151847,0.06564537800954748,0.17233732079199449,40.730525098765845
4080,0.1463968417110324,-0.018266308900428838,-0.20376764383946683,0.04965311014811211,0.1765939906776177,41.11088881982156
4081,0.14194696654931105,-0.044729266119732596,-0.23504564564766905,0.023634211988523363,0.2437308212753898,40.45533933059163
4082,0.14268795501537365,-0.06950769984292361,-0.23985357421048883,0.006160488021751197,0.2775039201388124,39.0352951345291
4083,0.15093242844305518,-0.038957894447017194,-0.25498989355187895,0.02065377979898325,0.26525812968393725,40.63023085104627
4084,0.15089586161020577,-0.026058745515747286,-0.2319553611154462,0.03746941355304828,0.22206639757530047,41.12656011741084
4085,0.15761541262034517,-0.005073373499981759,-0.2228895086209694,0.05368228112067036,0.18595005716299992,41.99415279626633
4086,0.16107164377137215,-0.007276467357174075,-0.22441768037031148,0.04983646269865557,0.19137780192252257,41.87671807851308
4087,0.15988172261487207,-0.021745091233947668,-0.24164199233560152,0.041558815023202696,0.22063672988648073,41.24037895012107
4088,0.15515686854805802,-0.04093719110395201,-0.22790713504532759,0.030512056240862853,0.22762312975116702,41.226184203355466
4089,0.151266164519087,-0.04695759695810643,-0.21339130085210947,0.029483056945948615,0.22301298675645903,41.34480644274761
4090,0.1547986357772254,-0.05893728082155411,-0.23637217677981048,0.01835306902371651,0.2603669479794342,40.74100156743781
4091,0.1600320795051717,-0.08270831351886039,-0.26650348136884155,-0.006883748120338207,0.3203994320085632,39.87289901379211
4092,0.1547800782691601,-0.05839225279547605,-0.2312077881681519,0.01895922400715555,0.2543058753273598,40.50953575606969
4093,0.15142728811344153,-0.04714910109669011,-0.2290246244926198,0.03005573918314384,0.23909278287297472,41.47982373523676
4094,0.20430813394667835,0.04044891329724,-0.3159596175377447,0.10603508695329872,0.20602461917780657,43.1434302417286
4095,0.1920327366470584,0.023371877002570998,-0.33954809359946286,0.08844007926542675,0.2523986261647687,43.03490655681558
4096,0.2006056934768824,0.027451971681186585,-0.3208899199592084,0.0944545211482689,0.22873571065124246,43.558299759759635
4097,0.18584001896829705,-0.011381938548951687,-0.3301119508944314,0.060910425976747944,0.2894087620753007,42.3385042951062
4098,0.1584321939700004,-0.05627385099119317,-0.34353146310152166,0.01760775644972203,0.36575509536965445,42.32138954686677
4099,0.14050994853401627,-0.03349008916806613,-0.30269086671881246,0.03793000446537379,0.30868464886431773,44.04893848955341
4100,0.1668697835571791,-0.02357852804442923,-0.3580567912373252,0.040968820524201414,0.34418564761904896,41.84413853324935
4101,0.178907728621622,0.046379137255254346,-0.3876090191884,0.09838246323597903,0.2909489625560883,44.13826251217656
4102,0.17930430361141586,0.04574441262353336,-0.38796011192008834,0.09338362273162559,0.2955864691619955,44.85397491170191
4103,0.17667001262819254,0.006980587671854167,-0.3370974320827163,0.06480555313384856,0.2901968075707964,44.02934214340143
4104,0.18994107345161101,0.03270747874941192,-0.39824239612249274,0.08238699170215028,0.32434557628050603,44.556808264961724
4105,0.1834637176413424,0.057230519827136804,-0.3762033559428337,0.10728519823467703,0.2640919740850482,44.528487273118564
4106,0.20336230229942565,0.057577551378354054,-0.3486711951542942,0.10432800718785952,0.23259711907806985,43.84508222649868
4107,0.19731307794541453,0.05375709638947302,-0.3228214245329304,0.08863754166501975,0.23202494922822609,44.09968218651281
4108,0.20087532575539274,0.05335575255902681,-0.3035647076893526,0.09526253318334973,0.2070604376484992,43.74967476449137
4109,0.17774584292946347,0.025534850794685437,-0.27450225179307625,0.08148490669001611,0.20769545663255537,43.117908810997555
4110,0.18906426798737744,0.03783325883170051,-0.27221312225117406,0.08718207026763489,0.18962920990107984,43.42458043618222
4111,0.1876691698852555,0.019174111451105758,-0.30466606970751076,0.06372455922549634,0.25179930407553786,43.140332518525135
4112,0.18937451958563956,0.05208577388468131,-0.2742854114788019,0.08809535212223651,0.18702732052675766,43.3410196717405
4113,0.20103291480318303,0.07378879452164319,-0.2965887679869259,0.08744004518202221,0.19375467320836884,43.6644284746997
4114,0.1683203758435148,0.03808951171319324,-0.23664023392955733,0.09593907118811557,0.14259818802498353,42.91941362020252
4115,0.16477943075775067,0.019317434169706885,-0.24087458277749657,0.08426034009501449,0.17095725705772932,42.78859360410846
4116,0.1703848579888102,0.035226202542932836,-0.23290048119045972,0.09281026434559268,0.1462815769725998,43.06463543218732
4117,0.164956938828603,0.03873153167313861,-0.23769248976589635,0.0923425604339596,0.1480065030679303,44.04612940834811
4118,0.16232298234252687,0.012903361232528015,-0.22264494440925084,0.07940875139003192,0.15810791969822105,42.804951806806116
4119,0.16099828877200187,-0.01724017274366462,-0.25488647560781186,0.04916854123063706,0.22336072079267566,41.71465898978655
4120,0.15074666750278815,-0.04817648945257848,-0.25922711048640706,0.02822660251026444,0.26306731502868547,40.34258611453209
4121,0.15968132158145765,-0.06724718843154238,-0.27877099736683797,0.01012481653994445,0.31273746516750195,40.8400895455989
4122,0.16779329901608542,-0.057974842795430984,-0.263030959972152,0.020897906688125547,0.28200807953316503,41.11719351611005
4123,0.16436707657340854,-0.03855199427757625,-0.24786242723096827,0.033342378100456274,0.24806207012436482,41.57640579267203
4124,0.14653910805212614,-0.07840607350763612,-0.2555475017860823,0.0026469259214738725,0.30387442680309856,41.600558973915774
4125,0.1557874449289252,-0.05854820237780876,-0.24857133179797847,0.019734166758303036,0.2724078442502319,40.57896210035965
4126,0.15399337051883133,-0.09797700478083599,-0.27582650589692875,-0.01790351413927921,0.3486548967495202,40.22247625509675
4127,0.1552559188643594,-0.05267458589550983,-0.23970512577196387,0.02431707830835681,0.25700518974194847,40.79461549102266
4128,0.1509202089372915,-0.09704863634023311,-0.2720292996950196,-0.017402326890114485,0.34103775717294305,40.83659288263567
4129,0.14682327482683316,-0.09538692561195522,-0.28939395149028474,-0.019668665356810562,0.3606573664176666,40.54921473446631
4130,0.1585566213554614,-0.06853507871286359,-0.29554978342820415,0.005336918992843317,0.33194218823304905,41.28829230304025
4131,0.1674497641977345,-0.05772612465027543,-0.2872775446737036,0.013784263993545756,0.30651470638530265,42.5805765062429
4132,0.15293503846269438,-0.09508698512651424,-0.3005395453614974,-0.02045038057409855,0.3673192346519647,41.929854997310166
4133,0.1629748886223033,-0.0783662776545987,-0.3009268349333134,-0.00863653435739113,0.3516061907484952,42.568895618364515
4134,0.15141839292812476,-0.08428324968535655,-0.28454295720916406,-0.009290431021555613,0.3375910380453727,42.190514398688244
4135,0.14303952475892512,-0.11127009394165831,-0.3059753156195608,-0.039765470478745006,0.3952194742857713,41.17020918075802
4136,0.1652747874330199,-0.025406789010953567,-0.3095273702127661,0.02827524753283192,0.295789489587793,42.28310241133093
4137,0.15814296693802787,-0.05340918168573481,-0.2839734612579292,0.011944115699031855,0.30467738882106815,40.925543282746744
4138,0.16002583390073508,0.0320996093781302,-0.19985492058337784,0.08726513943287904,0.11481581325906243,41.96869636101657
4139,0.15974209433369857,0.008130485402275815,-0.19946181566169913,0.07190572125505017,0.14092916487406096,41.54244445418984
4140,0.15288488377288134,-0.013051008845362477,-0.20914208531739228,0.05465642713367641,0.17654894211037078,41.66485091142566
4141,0.14407062257663453,-0.08916176007985113,-0.2708233300666093,-0.013086707010322713,0.3323824626150718,39.914269244284824
4142,0.14900180206242053,-0.08202844537336255,-0.29350907619778477,-0.008238303412201893,0.34708912890428273,39.88536713250852
4143,0.15117969802941933,-0.02344732165833979,-0.1995835507445134,0.04839091300949801,0.17809466652613218,40.550752582405046
4144,0.1591734421236265,-0.08102759549585589,-0.28765475281070485,-0.01002884650394453,0.33691797589138367,39.54339085759492
4145,0.14578552281517937,-0.11490451838519529,-0.31894580456772503,-0.041624802242183144,0.41719483071667757,39.44527647921487
4146,0.15493602013998173,-0.0874036616077406,-0.3035931455764812,-0.021991005249133347,0.3714377793549338,40.47638695946996
4147,0.1557042420779483,-0.10527800900387521,-0.31364869586808586,-0.03558869112527862,0.39894271910085943,39.63442261932403
4148,0.15261657530882744,-0.03190382355689742,-0.24982676939283868,0.03319437567548924,0.24280354680078384,41.6012083577142
4149,0.14900217872767874,-0.020567417151149216,-0.2146824302276404,0.04737213218750752,0.1928153681435201,41.22100525333405
4150,0.1458770388670717,-0.11933588118810273,-0.27215867102017194,-0.040972590832683856,0.37393206914275884,38.663721136640426
4151,0.13739865678188645,-0.17891205832884113,-0.32554453184002013,-0.10201012146614609,0.5084873429590016,37.35150086052572
4152,0.15390397792664848,-0.13735695030500314,-0.3012821419646423,-0.059148732707505466,0.42093066334964135,37.78860182096707
4153,0.1529668484405006,-0.10680330617924788,-0.2688510106292369,-0.027036725944033953,0.356086359862244,38.92172643354361
4154,0.14899594741604344,-0.09702655492570182,-0.2652078383837123,-0.01771235838934996,0.3410204234595297,39.15795747775665
4155,0.1043354221835578,-0.1848724847069029,-0.07132397971340287,-0.08227342760433373,0.2847773497979322,34.13588633159919
4156,0.15767613835207087,-0.1936591443699624,-0.38159016772111687,-0.12462510095383877,0.5765248827664724,36.92706636933149
4157,0.15863442443340933,-0.15434755528648206,-0.38552615333435886,-0.08909622880328166,0.5433669171704286,37.38017247599322
4158,0.17551951906279548,-0.087874174964892,-0.35331603951686313,-0.02183561461227328,0.4289293815841647,38.402107128321056
4159,0.18785865398521592,-0.056167132493027634,-0.31523171162061076,0.01269789292927142,0.34759825730951527,37.05812461796282
4160,0.1535403011010197,-0.08648328458135585,-0.2839728423938479,-0.014344563038832876,0.3471541417282549,37.705687082976105
4161,0.16312653569342003,-0.05540469647266561,-0.2754330844033103,0.014411308144876492,0.29281394825211143,39.86065384977933
4162,0.1540480765674486,-0.0006306723558069736,-0.21981512099746228,0.05962471359445955,0.1720882826386958,41.282462954454395
4163,0.15158920417679753,0.013137333575404206,-0.19714513488450608,0.07108036277247304,0.132177279258864,40.691975951598906
4164,0.14895304187348393,-0.024463337437846216,-0.21953260365739174,0.04236437727641804,0.20345535859161992,38.97550770849992
4165,0.16548694416679285,-0.014533393947925896,-0.253785101381001,0.0460474201851008,0.22881379813058117,39.915551097910026
4166,0.16252879491564276,-0.009130678869155884,-0.2095338696820233,0.05365449171437773,0.17545314748523097,40.531214725182075
4167,0.16383228177587922,0.017541811736589273,-0.19802313301399432,0.075732599475089,0.12802421997545496,42.758423524753304
4168,0.15620657349849573,-0.007245657800072857,-0.209585442605707,0.056782122842317234,0.1703575177331457,42.91141501203256
4169,0.1637411344531332,0.004227225670673884,-0.21372340058779368,0.06490136856716629,0.1609880698135819,42.046318941497695
4170,0.15464590933217237,-0.02020956261815504,-0.22292243416338728,0.046526827362884736,0.19819774104833243,41.88244829203666
4171,0.14457603393833035,-0.05180012145649384,-0.21509251317078315,0.023299690809037488,0.2338904371365311,41.71125151691502
4172,0.1565089556581602,-0.05552534770688403,-0.22748396368936485,0.019744214575187612,0.24914430660355588,41.12071740408203
4173,0.15345640283448647,-0.048724265679136,-0.22707523920981545,0.022866618539213058,0.24211598910377952,42.198949695531915
4174,0.15287582509192502,-0.024185430086628462,-0.21856641088422618,0.044748081401120056,0.2014783547814241,43.062563545519296
4175,0.1475340399587607,-0.02320678512345183,-0.23814375413621905,0.04655533071270974,0.21588309349580062,42.75113440088709
4176,0.1715895907501848,0.0280711171043791,-0.30672687310859387,0.09080516403535903,0.22093693170574796,44.25546861963602
4177,0.17995075699710728,0.007783045505893524,-0.31323011456363187,0.07293078145915609,0.25509045887912396,43.405537755090556
4178,0.16778112768095166,0.010581211621516096,-0.2573750279533491,0.08690532748259257,0.19050162097015602,43.516233419032645
4179,0.16910255938382496,-0.01009797226217216,-0.2990436091217641,0.06066406212923069,0.2661955769629632,42.37372316700506
4180,0.1598861367765963,-0.026881685224134772,-0.335633288343397,0.04277646289062645,0.3278164810989103,41.22668943469878
4181,0.19575817653843064,0.017534895236459805,-0.31109352930498557,0.06791948184923001,0.2604759146473697,43.80680031768547
4182,0.2005683150707526,0.034593247874236774,-0.32973634495516496,0.06936570030728877,0.265385299331025,44.49542634400759
4183,0.16520854305624078,-0.03275625336526697,-0.35277014264978546,0.03183521997708452,0.35351146190659793,42.886563983243164
4184,0.1586383336846392,-0.08166908812276642,-0.4017544580312761,-0.018433247563448947,0.47566704304343854,41.092569036470906
4185,0.1765604607120621,0.004048492084048354,-0.35562235150600546,0.056902973918732676,0.31709535145730944,43.48454672165995
4186,0.1927648221312276,0.051929522878132024,-0.3342632203283257,0.0809862747919246,0.2531956810292302,45.22659077067805
4187,0.18975976974054518,0.05209942935595254,-0.3277171541979441,0.08936931729964666,0.23798078023713332,44.90000698374666
4188,0.19391470955762521,0.04047751469289447,-0.3001783123814801,0.08892332628225165,0.21198000993221816,44.312329960443286
4189,0.19016956021131182,0.047797959936764445,-0.3004329317831506,0.09636107875025834,0.19933233147821502,43.86780362125648
4190,0.19144738308856765,0.050401140843307685,-0.2965693894256884,0.08953179184310793,0.20539268442393577,45.02632135480755
4191,0.17676561643062316,0.0374204309935238,-0.2557346847022378,0.09870874142383596,0.16358009639348245,43.636217538787335
4192,0.17826394540221494,0.03864521385949172,-0.256859416152618,0.0953102658348406,0.16822980981526026,43.56455799410333
4193,0.1821639575791249,0.03829954313829647,-0.25911273092338616,0.0926138974175736,0.17195340581479174,43.7909601550311
4194,0.18192367221631003,0.04702452453076007,-0.252615441384138,0.09796697851318999,0.15432481531379796,43.63853238751147
4195,0.20618997534310274,0.08189112089260898,-0.29946685902137965,0.09336103385740167,0.18483011797842425,44.97700968953992
4196,0.1777152501084474,0.05351933183397664,-0.2569203784324022,0.0973648086450701,0.15466888260701017,43.27571227271208
4197,0.16975442384043832,0.039739480220494755,-0.2375885032333555,0.09672085189674057,0.14120734302836616,42.98563705487203
4198,0.1647279760192215,0.032191488895001584,-0.22443374439165334,0.09406767139235964,0.13706790873456756,43.009426974106795
4199,0.1573684006051938,0.021958214518038196,-0.2154368940942571,0.0895838521396849,0.13788423366103975,43.291198151986265
4200,0.15861892024492777,0.025794610424105108,-0.23288082815130115,0.08763276107588176,0.1532860407813763,43.63817559985376
4201,0.1503130770003773,-0.07533464597986064,-0.2812725411026649,-0.002613185084491172,0.3253466161598619,40.54445406755824
4202,0.14428753199736208,-0.09458916940452429,-0.2927992431043754,-0.016670554732261002,0.36179875645637655,39.96751825444337
4203,0.1536925176674673,-0.023028658643607227,-0.2409888912108507,0.04514167244282216,0.22379159053305675,43.08237864236762
4204,0.168531301467703,0.00928402899673418,-0.23898988664237436,0.06565024177628971,0.18685991166552388,43.514074068558095
4205,0.16316474289235106,0.00736037098158842,-0.23517445035567708,0.06635880060912762,0.1837980764110693,43.33784828143327
4206,0.1567912133830968,-0.04980692282430679,-0.2672584633207731,0.017181568211365638,0.2833114358514754,42.02451190848309
4207,0.1535806631646933,-0.12214760304200573,-0.32261594271045446,-0.04354720449869761,0.4167713429168758,40.316627696283476
4208,0.14620388805133205,-0.15234270071583864,-0.3384645929505395,-0.07434625498774597,0.476003794005789,38.98466062408419
4209,0.15228809937866805,-0.13071306954128276,-0.3091128146848797,-0.05377447674031606,0.41770667765646535,39.34173767700639
4210,0.14993943594141063,-0.1329274593714407,-0.3456750828342792,-0.062235104704448735,0.465810720253758,40.23978984728373
4211,0.16134295320820197,-0.0987331785763886,-0.35142913335067083,-0.032144344788217274,0.42966550351571,40.55585637312123
4212,0.16279098768670303,-0.04820711112250818,-0.3384723074477546,0.0072380729137427316,0.36128939809968585,41.286455211842224
4213,0.15635205106423655,-0.07597794332660872,-0.32614542919076367,-0.01736582879507933,0.38417752140292405,41.082987493703484
4214,0.15487201339272655,-0.11215865774782773,-0.2999022289500184,-0.03456969303289893,0.38887753156989263,40.7353797690428
4215,0.15855540869962775,-0.005547072744738886,-0.21881091948186102,0.057955161089672545,0.1821400438325946,42.59150060794692
4216,0.1614786705693237,-0.007141485751597723,-0.22458193675378918,0.05655077395484457,0.1876169409040654,42.18028532565664
4217,0.15200299211127588,-0.016811296012217612,-0.2500334591627628,0.043008707817221596,0.22892364151749636,42.75588967568104
4218,0.1594508981861945,0.014188315478708604,-0.26611254119899486,0.059418374783743164,0.21360836648443776,43.26968074445438
4219,0.16563283125486647,0.0333731860927411,-0.27149381145344775,0.06729407062441192,0.20220109654122037,43.598009643128876
4220,0.1579584416757339,-0.06890785966249591,-0.2694778784307154,0.0018295284960457821,0.3090039787981819,41.229675096840545
4221,0.1525896074477464,-0.07029950381426239,-0.25773643811608926,0.0018030147613944502,0.3007137447561526,40.45874848282849
4222,0.15088214523931495,-0.034638029069918426,-0.2290074667491562,0.036844696366410364,0.22317503191654153,41.511816648412186
4223,0.14852166829262342,-0.07230125574935249,-0.2551291181453456,0.005092538389797617,0.2973656081513448,40.16015755124997
4224,0.15235228206755697,-0.10522291056092248,-0.2673444292748116,-0.0244863191172779,0.351042892807341,39.45612124072985
4225,0.15662793210420237,-0.10392678569136513,-0.30272259972359633,-0.03154612130916821,0.3874760384490443,39.19284782075272
4226,0.14400920324530425,-0.1156136976234988,-0.288866396902557,-0.03682383750640955,0.38510786483282905,39.19768947169297
4227,0.14389932171294248,-0.10499532377420484,-0.2680026028203247,-0.0249234101636124,0.34973857083501264,39.45406635481452
4228,0.15263971550094313,-0.0546119964443741,-0.24275806969612998,0.011554978444983637,0.2701764189365223,40.67710086841249
4229,0.15442112048601978,-0.022533025226747924,-0.22413781113441597,0.04293679974411668,0.20807569028124454,41.47571420576887
4230,0.15131752208724922,-0.03736518330891947,-0.23566667393428842,0.029010237196969334,0.2369701039352734,40.771264390567616
4231,0.15115740277962875,-0.04106522052682829,-0.2421730333370306,0.025470614905652073,0.25091311153539075,40.62863112475081
4232,0.1503063522123546,-0.13172513698306226,-0.3303770428613706,-0.05945140091583583,0.45164644340002635,38.27510046077075
4233,0.1341863399203807,-0.19604496000376076,-0.3630440387354802,-0.12342867941620438,0.5666464498918747,36.53654701583292
4234,0.15362037785699972,-0.12869535721754788,-0.2808327674954824,-0.04732472071226726,0.392026173287747,38.29850955661899
4235,0.14979288567473856,-0.11822105349066266,-0.2971525059685577,-0.03962874018778552,0.39835785694067727,39.04841015711645
4236,0.13322995454860112,-0.16922228940739922,-0.2515280974873358,-0.08097321464943862,0.41614613763316644,37.60264814404028
4237,0.13523813845222313,-0.1519872472372028,-0.21406914459365342,-0.07047495929840521,0.3856887249917529,35.64713838219515
4238,0.16673530812397194,-0.10126627226432583,-0.3855459085511401,-0.0431155093350946,0.4900630451770709,37.62200452649744
4239,0.1700624802896384,-0.10236353512122694,-0.34309848213125455,-0.036834881629472065,0.4489640782588565,37.276126663026105
4240,0.15339661448281358,-0.10780495910705648,-0.30931329203845237,-0.03472550236688763,0.42269647968999297,37.66375021218399
4241,0.180645736469048,-0.051496554390126376,-0.2576576285307199,0.020371485487765132,0.28551561993857116,38.69719667727319
4242,0.15967466736577937,-0.02240030103606566,-0.22600090014334265,0.04677729961967896,0.20492626732431105,39.35501448480478
4243,0.15828586055175206,-0.04069284428980629,-0.2443862792281589,0.028413667947587363,0.2452736152559912,39.92364044615745
4244,0.15441163240792893,0.022028621119703464,-0.19555159700786962,0.07944794275891957,0.11980461167466434,40.968818436123
4245,0.15307767092753172,0.026793985738603737,-0.1802391634574576,0.08326871939502013,0.09931386547673503,41.15395390174093
4246,0.1492187788769363,0.0049853755020238975,-0.215142341486434,0.06343311266223252,0.16135002789253394,39.852872259693946
4247,0.15452813613251995,-0.016828816361294432,-0.21753890189427166,0.04926552908967192,0.1886621872006607,40.006868623760916
4248,0.15941838046627657,0.02421228663246189,-0.1878337768760393,0.08162875076482129,0.11010756492885673,41.534242262612004
4249,0.1590817396401071,0.023634121721406613,-0.1924624256437301,0.08095947401747178,0.11569590923336112,42.90754467671114
4250,0.15930730277946503,-0.002965758010330202,-0.21922754840777947,0.05917663556747906,0.17401779695598593,43.08793151700611
4251,0.16629065867109447,-0.0023649166542034474,-0.21439227642177694,0.06210570169893446,0.1691828167981727,40.68653583250846
4252,0.15786077710842847,-0.07723759836221178,-0.2862558244292385,-0.005038855804883686,0.33643637092414036,39.42963053368442
4253,0.15578894193608853,-0.10657447965423975,-0.31991929107231876,-0.03450770820348104,0.40972127620564774,39.43010382272245
4254,0.15862287629941926,-0.09877163651105311,-0.28801054446445323,-0.019969989445743793,0.36212605842163603,39.747795654688
4255,0.15708174117580753,-0.10137494777118086,-0.26713722962977465,-0.019562151148247452,0.3437218478922804,39.57241806758419
4256,0.15044287201267056,-0.07115582301600079,-0.2886289615189493,0.0014234526719080866,0.3309096838799256,40.183621756222706
4257,0.15030361320970634,-0.0873367430480378,-0.27711858065840833,-0.009463045133507084,0.33930174888891035,39.80800803896957
4258,0.14668228281042672,-0.04552927589240917,-0.24854579907038485,0.028510079398036296,0.2572500661373445,40.15206367914886
4259,0.1736623171804662,0.02950232806847309,-0.24543311072994778,0.10606108101757818,0.14634585899444202,43.45501871873737
4260,0.1711759704303877,0.009966233258926765,-0.29411845704340617,0.0784571385936318,0.23464788812403783,43.35714751038698
4261,0.1647853987580529,0.02512587562652877,-0.2657538127340376,0.09553504835108534,0.18342106020241467,42.99555563714509
4262,0.17351778586571773,0.019999231962827588,-0.28383400578721174,0.08671130922081306,0.21226332618698515,42.6954716279029
4263,0.1644408363946001,-0.02614417128693423,-0.33404040861265555,0.03762857367687833,0.3309381839029062,41.5452883004199
4264,0.16970523557903266,0.002123861746714652,-0.3244479695736191,0.0598817371801366,0.2885575088028947,43.61875374576371
4265,0.18321060429802416,0.02761042757151916,-0.30666175558543357,0.07567463961630613,0.24002978159466248,44.434554209733506
4266,0.169339574287801,0.00040767726247123307,-0.3394373608149378,0.0523688924510743,0.30823848510314533,43.923844499516726
4267,0.17012611995907084,-0.002236939819010276,-0.3438569854096862,0.05327344108012375,0.3163578130561029,42.904887693654224
4268,0.17856520957168323,0.021735083473305855,-0.3228455006558268,0.07193462546808418,0.2627408991578975,44.10757436628108
4269,0.18551632274653804,0.0156308324462573,-0.33875749071509725,0.06606399950629513,0.2877589205354343,42.741674895215866
4270,0.17764026980968545,0.006338062895851981,-0.33523994764001486,0.06293312198151632,0.2912277487859487,43.427048213992826
4271,0.18768420590012252,0.02525822335791679,-0.30728435452954894,0.0687192299017873,0.2516092310699885,43.93522210553536
4272,0.19166784535824646,0.05174014337422682,-0.30182400081717103,0.0995634286493481,0.19726327631963556,43.8052495141659
4273,0.18360004457806575,0.02701954085297157,-0.29239570262725517,0.07751641576425551,0.22582752006121068,44.43714371878482
4274,0.18508551469328888,0.028991493595438688,-0.2730648877818572,0.08890796462062972,0.1946696363634378,42.87809186676889
4275,0.17688855335472792,-0.006303269922422752,-0.2869493162511234,0.0561624873462127,0.2568764545754621,41.99828847515946
4276,0.1831443763449313,0.04065110527898999,-0.2804535209747,0.0836147920862427,0.2043885732761405,43.30983832833627
4277,0.18211140531385617,0.05722058496914513,-0.28461643055466435,0.09255466047319932,0.1890775936549247,44.57360014224311
4278,0.19558803747672368,0.07696803233045857,-0.31433377036392124,0.08929840844987152,0.2109427604819371,44.68509162882094
4279,0.17069190667764614,0.03477496797870919,-0.23982629035019826,0.09697675909098658,0.14764209828583316,42.88729664832014
4280,0.16662994113785023,0.02063504883567851,-0.23693655130890326,0.08951843747362388,0.15901867071142872,42.55245332428773
4281,0.16001949393056145,-0.0200668902990816,-0.25838944094412913,0.05464490924708564,0.23100976853912905,42.282014109993995
4282,0.15799008143579754,-0.018731256949072586,-0.2865560486025559,0.04981010167424363,0.262191152503372,42.7511230065659
4283,0.16787355471057036,-0.016872750888947283,-0.28362663922035913,0.053284836284846794,0.2517875407586757,42.40409665655511
4284,0.160346159943035,-0.019372540939572466,-0.24914706776600595,0.055103566294966565,0.21820371237720942,42.22274139632852
4285,0.15085626019072496,-0.08982170797035635,-0.2829202003011617,-0.004967552113178928,0.3380731578143865,40.50285578554647
4286,0.16623010182440925,-0.039928762079597446,-0.302313252694163,0.02911723065584689,0.30233578539360256,42.270828085610184
4287,0.17389860458190962,-0.026414494217051256,-0.29763730048757403,0.03547283051105722,0.28834740969415146,41.20227846930353
4288,0.16339921731603743,-0.04171296941735153,-0.26492506692460294,0.026989958919325607,0.2697422475271053,42.66730739366966
4289,0.1631956183462383,-0.030186157825007925,-0.2808082142037222,0.03591149508207986,0.2691964480305753,43.2710705665081
4290,0.15440063609091337,-0.030338396103592624,-0.2563962846686423,0.03766344442483895,0.2455949397305199,42.054070489525365
4291,0.14351069688840867,-0.1690999292616066,-0.3339029627269914,-0.09339289685212673,0.49609574935359646,38.475664398347334
4292,0.14323354761809456,-0.18147115480867987,-0.3528825110008597,-0.10289174800543115,0.5248186400636928,38.23616461607082
4293,0.1514980938691699,-0.12477313792847312,-0.35527480482229823,-0.058304700396789796,0.4717591245149188,40.34973689258507
4294,0.1479335021244987,-0.14052402214669957,-0.3544141015698826,-0.07291140087624505,0.4909093874900488,40.02534594236205
4295,0.14689331997014818,-0.13353587596483402,-0.3271192197229926,-0.06529144940696384,0.4500595362870499,39.970888823918216
4296,0.15830307798731508,-0.03003135976227926,-0.23982839023659624,0.03722924438791404,0.23247116251781239,41.270102242807
4297,0.1627673001052336,0.01970895613582175,-0.20458187308491665,0.07817519239070295,0.13870779372397674,42.03319146114965
4298,0.15766606590484664,-0.00464058580046501,-0.21042479598367614,0.05962988541117486,0.1717022113435501,41.68697119616361
4299,0.1579231468474131,-0.03642753482621658,-0.22732911607177722,0.03546440756229205,0.22594656350640563,40.797216539871435
4300,0.14513918918698454,-0.058483083918926516,-0.2384688879442754,0.018424591362704485,0.26003547280162054,40.62891721368349
4301,0.14796070393147326,-0.038868660927613756,-0.2497963660636804,0.029276367802532868,0.25262244176389403,40.9250127689374
4302,0.14985070288248944,-0.05704736764875091,-0.28040196391745353,0.006734320184296303,0.31110291368338444,41.51721450381997
4303,0.15676672818003834,-0.11577513010815035,-0.3056610078854473,-0.03862473373095327,0.4014389545435563,39.85509217712654
4304,0.14903581267319732,-0.12808027886523868,-0.2976236089949252,-0.04812100197362224,0.40662069145537644,39.22670077579316
4305,0.1534137984257047,-0.06692122216969262,-0.25419722532049294,0.009034693651596176,0.29126668452443877,40.473206040901005
4306,0.15362507162828792,-0.09394253869220577,-0.2897199849426654,-0.01869728246040976,0.36028593732107406,39.71473874612098
4307,0.14410160874552483,-0.14459688242672378,-0.31548411352975725,-0.06640924175705393,0.44872687084572904,38.168125393036256
4308,0.1480288374846686,-0.13997560055236263,-0.3688016646932575,-0.07043196021973523,0.4985710661639313,38.80725951987342
4309,0.16331216210441923,-0.07443496984622902,-0.2832550729462896,-0.0012165118763549302,0.3301442337596344,40.24843662457196
4310,0.1598642257412346,-0.044531257956076195,-0.25098902220851343,0.026451368548313165,0.255486265082851,41.266227575784804
4311,0.1583603518450221,-0.03062192778493221,-0.22842495629823112,0.03889504254241545,0.21877899488041458,41.23714824561071
4312,0.14559938354189744,-0.04401308870297094,-0.22029058995409664,0.030814273290392595,0.22538523228792118,40.42070812083994
4313,0.14885537311104713,-0.09996074130536164,-0.2556360310064267,-0.017688597903603963,0.32951070313612296,39.5833524961977
4314,0.15006179262697134,-0.14555933627769563,-0.3137171142787193,-0.06636940651613163,0.4473322625037882,38.65365393984616
4315,0.15182647475855163,-0.1308083206650636,-0.3189877906564525,-0.05559387622137962,0.4384373296565979,38.19584501776511
4316,0.13744413861932486,-0.1811854807804759,-0.3588561131013351,-0.11069052410851182,0.5474122965902228,36.8784668256164
4317,0.14596564528017542,-0.14808560483164554,-0.3038120552085521,-0.06829782585059133,0.44129806898550616,37.89663260286083
4318,0.14944383220263435,-0.11485883692672257,-0.29366768241847835,-0.04124109233385193,0.39408342987141404,39.13916253144572
4319,0.11923593286539749,-0.20438225730434828,-0.20020029998486832,-0.11123923204740807,0.4219503718508822,36.04954468109785
4320,0.17146089970874706,-0.1327153412983882,-0.3528130561617012,-0.06463975264497186,0.4827447613490144,37.45984258076707
4321,0.16183661635629423,-0.15318521708817384,-0.3817513823615857,-0.08787772940569986,0.5312979026008277,36.5538345673465
4322,0.15749306374049532,-0.14468359134628278,-0.3652264179653679,-0.07670993423377523,0.5072444115465277,37.079986634411426
4323,0.152749749950179,-0.10695949991077196,-0.25717674660094597,-0.025149363703739505,0.3536038401325692,37.83550427530599
4324,0.16922379763602527,-0.02155681552840193,-0.29559727748381703,0.037589476487830974,0.27694882393131354,41.814283703697114
4325,0.15745774118751224,0.003614444156029955,-0.20639445803716933,0.06639314888068297,0.14938074956311287,40.664844390839704
4326,0.1539980945245156,0.021778438408131526,-0.181284986484422,0.0816276362016661,0.10559910481626004,40.621633712495914
4327,0.15492796429852265,0.02456687194563726,-0.18807965120997375,0.08251622503552944,0.10986198489691575,40.87500366284635
4328,0.15161472241166252,0.02411797447502605,-0.1857931530024549,0.08149745162374607,0.10801867385061384,41.190243881101544
4329,0.15368047400076726,0.024988400645677075,-0.19729019527975747,0.08127736753247773,0.11859697483940586,40.442628008717534
4330,0.15439001191550036,-0.017179346790954203,-0.21295397344265743,0.04961372752677623,0.18704510397443536,39.88944767570636
4331,0.1560306972513981,0.007912169405485106,-0.1895447781461376,0.07111069729811409,0.1300825579469765,41.576895071668766
4332,0.15920669939905374,0.02509424536276361,-0.18926874687428172,0.08461805735422577,0.1093917685913432,42.20028750141619
4333,0.15920078744420293,0.030852444481096104,-0.20158943536686996,0.08629523797463749,0.11755988448953286,42.4539622476946
4334,0.163203299599628,0.02281056667888396,-0.20550815094010255,0.08106667790845057,0.1315135034692283,41.55712605124972
4335,0.15825194481463745,-0.028030154821899952,-0.25164555768548613,0.03728671734680786,0.23957579678024424,40.323002086304946
4336,0.16604559365770255,-0.10378529308639604,-0.3269220478767664,-0.031588012730490354,0.41302312927438334,39.059682310714656
4337,0.15778278020527928,-0.07490280821350406,-0.27332547981958005,0.00224874923433493,0.32152243525368573,40.14038462684986
4338,0.1675670048475979,-0.05323915910307491,-0.28804618477822214,0.018802419200717832,0.3084792700479566,40.17969148527707
4339,0.14666382598933925,-0.08474537283650192,-0.27468637778439253,-0.00571705931450854,0.3311247298392752,39.68176200403042
4340,0.15777455077070324,-0.07449686406405275,-0.275572009955533,0.0025780335988675753,0.32090793070006896,39.80744702218478
4341,0.15262872917758658,-0.013489665256214178,-0.24096644017571608,0.05533026950249127,0.20815916135513587,40.960223821732214
4342,0.16979649505820152,0.028628836443521367,-0.23993089715843047,0.10470223076293098,0.14274940414267212,43.42330532172304
4343,0.17414898316483157,0.021393269077674727,-0.3278745506797906,0.08640159555828218,0.2510120289459993,41.921716211040234
4344,0.17001699309756957,0.008200682254475185,-0.3235620165729347,0.07300634126553315,0.2693627588287172,41.78230496067768
4345,0.19530930669855867,0.047776856934485565,-0.3652747688986665,0.072091332191127,0.29888958735636967,44.19663275502839
4346,0.1902458582711089,0.048002419097025587,-0.3633518779326576,0.09885887999402461,0.25487694660554555,42.82801609737666
4347,0.16678161161074412,-0.026513494307696898,-0.3299188858527176,0.03899907271288839,0.32646750025341975,42.28912107641908
4348,0.15701774345458397,-0.015134552999083308,-0.3814292431190398,0.030879097127038718,0.3825048478099809,43.068846409906776
4349,0.1685760344923761,-0.011581564919531799,-0.3433535454267564,0.043046764255586234,0.3286463907979967,42.6336295331276
4350,0.1747765685373337,-0.0008366871974154018,-0.31722056933260295,0.05909280649707363,0.2795078317620821,43.353838575215214
4351,0.1730287138304464,-0.03737324192535722,-0.3450996438725564,0.031116736012016685,0.34522538453030527,42.332107315805565
4352,0.16834752797565378,0.025272194631276636,-0.37204982329127767,0.07712738393482264,0.30848842442159913,43.12032056494259
4353,0.1728152033768425,0.03567597556507775,-0.3521768561079846,0.08564311610470635,0.2741115362108639,43.63117003581013
4354,0.1760856398756326,0.04394645457247944,-0.35739759853696323,0.09423991134448834,0.26379548268919606,42.68710810446837
4355,0.18030686383275488,0.018119445585129755,-0.33270940760416723,0.08133810325200526,0.25626745191384986,41.753427531536715
4356,0.17784512925249468,0.005798438003360079,-0.2696547283717788,0.07927923788669435,0.20622967255717706,41.5051645763621
4357,0.19463177834848108,0.02105515823747342,-0.2867539904048768,0.08328299789122358,0.21522201961300935,40.482281204920284
4358,0.1303898113763003,-0.08306308437484158,-0.03703736095275608,0.05656988992876067,0.11859559602936624,36.934325894301345
4359,0.14447269958163197,-0.020438066666212555,-0.15469454601098181,0.07906371139337867,0.1312182241282431,40.35870780126967
4360,0.15172817839798788,0.028776704684632247,-0.2125640812039842,0.10288787546734351,0.11809301317337545,41.82342978297216
4361,0.15857678908775633,0.02557624340091236,-0.203293763704135,0.10238918691483197,0.11289593334554193,42.0779962927884
4362,0.16361787349850218,0.02170921535779613,-0.2101117381499333,0.09757716809837988,0.12566582430633166,42.2188383268998
4363,0.1662723076672676,0.01997544588285924,-0.2131424648489059,0.09400916658674104,0.132289073965318,42.7141007035646
4364,0.17153633769115967,0.029401690295363003,-0.25413069442287833,0.0894698799125517,0.1697441461831117,44.04335336910068
4365,0.15348614419907222,-0.02580584109995676,-0.24076332158580022,0.05588085979404685,0.21683917973990208,41.99173416794366
4366,0.16020201041829443,-0.02142688350281492,-0.24421418701413095,0.05696725205292765,0.21387738285014044,42.1354787914342
4367,0.16332121998941887,-0.024494032921708337,-0.2527197775342749,0.050133305984584986,0.230204794511924,41.93916020073186
4368,0.14951566234007638,-0.05847671386126907,-0.2610893325458224,0.02228630886631575,0.2798134320741264,41.13074404133677
4369,0.1489790053195569,-0.08068812060051314,-0.27475744683312764,0.0040620484112714,0.3194311847857301,40.84897650040273
4370,0.15256544513253265,-0.06179633165642969,-0.2646184359844253,0.020608307242548488,0.28681430970945837,40.94895439855076
4371,0.14605143921347752,-0.05925674232948081,-0.2606416558123513,0.020730610330301245,0.2807848015663271,40.65045973516462
4372,0.15234009633713694,-0.08670809103484389,-0.28085650596824513,-0.009508073456698364,0.34390554052806593,40.92177026404033
4373,0.15703625870937146,-0.07959211368320548,-0.2696894232603335,-0.000493758682566852,0.3212548375060595,40.84134050207726
4374,0.15699411140780142,-0.10606384888755552,-0.2949475610262016,-0.02580773838897211,0.3767784612761509,39.740263261844525
4375,0.16175026573772086,-0.0706656495640526,-0.2743027513431297,0.0026118628055797326,0.31887032868221765,40.1375980293646
4376,0.15609323923032373,-0.08240728618925362,-0.26930803075375875,-0.0022074488298782042,0.323496105238241,40.46677327695973
4377,0.16398343394219592,-0.07422032439898552,-0.30044500255437684,-0.0032586160300029756,0.3465569380941953,40.134755541014385
4378,0.16266932912161824,-0.06947881853573167,-0.25803829657528937,0.004659545232096703,0.299273301893567,39.91121803806288
4379,0.15758195691611296,-0.0772808306382043,-0.2680674539144522,-0.004554638674033622,0.3186950895925339,40.30795522205022
4380,0.1483374096100669,-0.08577675496290493,-0.26689164713718866,-0.010540057196055403,0.32459554320726114,39.98880868277842
4381,0.15480749064885174,-0.07036868183330111,-0.2594415572514571,0.0041132558954497045,0.30417339278292344,39.92174162012575
4382,0.1484852154732589,-0.05910550413600686,-0.2548179036756294,0.015432952229822328,0.28197365898879434,40.1833220899051
4383,0.15979600633451294,-0.017201595150406233,-0.23892984160298075,0.051677669316996036,0.20854889988202652,41.45436164612915
4384,0.14993634527077032,-0.0635959327524967,-0.2735061466610955,0.005543460721130501,0.30821469970560295,41.328325620117
4385,0.15596319698851455,-0.08888856129557372,-0.26658225533852564,-0.009589800881987336,0.32824059339324246,39.98289692126334
4386,0.14953187041163468,-0.09088724255893117,-0.2483236775793632,-0.010806725881924257,0.31204727739879046,39.61279568667348
4387,0.1557235975552205,-0.05970888325200812,-0.24224366225084423,0.016000342782854466,0.27131809523447475,40.4030467660886
4388,0.15546423370570686,-0.07571237769957055,-0.26746218963490054,-0.0026514507734403236,0.31372483431380527,40.24965536755108
4389,0.15061773064619455,-0.06594546413835542,-0.2500757775868677,0.006281141708053231,0.28473055119989577,40.83078591844948
4390,0.15075692545637598,-0.12527166434855438,-0.32603338088401107,-0.05268598798935953,0.43924512719325126,39.33313689577975
4391,0.15639976043604717,-0.07490659112326087,-0.26996070939577055,-0.0007512743342174932,0.31455918190502496,40.871116962873494
4392,0.1574808059056503,-0.04861121330558442,-0.2716016229111302,0.020335620422574984,0.28489332989766736,40.94727376553929
4393,0.15989550942611602,-0.03896712836793593,-0.229097776627871,0.03347187683713717,0.23165522349469758,40.92370572442786
4394,0.15553648817361038,-0.03425925397125361,-0.22119473097044412,0.03794736676833405,0.21630916237581238,40.72576948421016
4395,0.1462032538307145,-0.07858036947367501,-0.24854421310681168,-0.0008511177507658727,0.29783269215878083,39.341756829759674
4396,0.1500373452680501,-0.10195901771761302,-0.2948658530661122,-0.02678898111994,0.37879214634534153,38.81704028673425
4397,0.15546231119950013,-0.12800066408234612,-0.3051939777887225,-0.050798562731615454,0.4184535311786921,38.79124674516457
4398,0.15329526037590482,-0.14258521009352354,-0.3162704465455592,-0.06592392009202785,0.4477645712655505,38.17591987170901
4399,0.1372425706767474,-0.17101646363826378,-0.3296725587526024,-0.09448619344707226,0.5015786355635754,37.856700833523284
4400,0.15505528474466354,-0.11762823954181983,-0.3030389954322784,-0.040640820459962285,0.39748945491778676,38.85358395227425
4401,0.11570816470856468,-0.2064280508338974,-0.1994956400849607,-0.10614058443564123,0.41780164683162285,36.07674205574721
4402,0.1537299613105424,-0.21864943938137157,-0.39209231941841044,-0.15112577611041644,0.6112250771301296,36.07515385196976
4403,0.15414723000588598,-0.15823787357870894,-0.371481303561889,-0.09221003535612853,0.5250255760922673,36.59502523720254
4404,0.14840066155771767,-0.18321290169550844,-0.35754750989730516,-0.11136562617342045,0.5339481298879144,36.41530993699088
4405,0.14530530864320126,-0.2508610269609365,-0.37205655210407984,-0.17304606835250583,0.6160126235371824,36.029307984397306
4406,0.16471530616211036,-0.05518304846577261,-0.2184947424431524,0.025436151042622437,0.24772119702275167,38.90784936560742
4407,0.15595345414572895,0.015552343669180806,-0.19446120268164505,0.07845696467105939,0.12447648501132176,40.35024275290199
4408,0.15397413009189417,0.0237010072774111,-0.18128637320264115,0.08387666655232506,0.10323510473873776,40.587706297750856
4409,0.15610730742755527,0.022623110686832204,-0.19960598888315512,0.07973618524575912,0.12546041794486612,41.22013634525958
4410,0.1559998764292764,0.015573131676128121,-0.19868292574335325,0.07552185257479324,0.13192659576264246,41.4342405586146
4411,0.15706554178736826,0.02793189225554558,-0.18644986241225864,0.08444865352109107,0.10589734052857203,41.5709188913408
4412,0.1512905706117609,0.026629267934267807,-0.18426643244546279,0.08467143212077398,0.10724757334082947,40.516180374630245
4413,0.1532933730526286,0.025538907453046076,-0.19015553389372872,0.08433492222075895,0.11084528873890086,41.720564394397165
4414,0.1597789822582969,0.015995003639142576,-0.20698663983664092,0.07553522679456934,0.14112626951877746,41.619866361667135
4415,0.15939888164693597,-0.0011290791088103967,-0.21178472740200477,0.06388618380074168,0.1668383324143948,42.177515250934455
4416,0.1635638419856226,0.02681427256524264,-0.18924974029922287,0.08758459275820635,0.10759370550299543,42.37717447506227
4417,0.15705909646067281,0.02362827664227497,-0.20772525327936936,0.08482025506265323,0.12930560265866978,41.482169979013925
4418,0.14839465245996708,-0.08061528211980894,-0.26957532606120166,-0.0013735338025805729,0.32056207556651617,39.08278608642925
4419,0.15550468697874523,-0.06594516708539869,-0.2577232762799503,0.01324319889460871,0.2905736853530477,39.319240105236574
4420,0.15997253052975516,-0.07294339673588701,-0.2752855383796554,0.006541683602488451,0.31700964382314806,39.55592291057216
4421,0.1638146681829995,-0.07056597037960434,-0.2915703038467434,0.00812195395704286,0.32874535145467243,40.31353846100892
4422,0.15219226906472544,-0.0569655284969238,-0.2609391522897844,0.02171424386175748,0.28185277749466175,39.82664360320257
4423,0.14665340932138324,-0.03808052583034282,-0.24398520281475855,0.03979620253462153,0.24094129565995492,40.28112961772108
4424,0.18165402416339074,0.015241880684048121,-0.3534398077623403,0.07779422440697112,0.28566271297533985,41.602767101065844
4425,0.17876302537471908,-0.010399526759193674,-0.36268907351170854,0.055380387924205,0.32925309223086197,41.00309360649554
4426,0.1813230397660715,0.010472714244775626,-0.3575736709380669,0.06784898747759971,0.3004374258776261,41.22838974536787
4427,0.19112882392780228,0.06367342416579132,-0.3561902976736531,0.10876201429910656,0.2354903362700443,42.37215395889854
4428,0.20022534700042038,0.048161668246845354,-0.37830215757907654,0.06404081994934245,0.31220128815133386,43.805648769515535
4429,0.19490996782797068,0.043409753043038055,-0.371917082052061,0.06957089182097687,0.3032004900225663,43.004575624998154
4430,0.16547345157389393,-0.012387197773052791,-0.3310635649661896,0.05743177360087542,0.298667461894268,41.825311852756634
4431,0.1650523790137222,0.010105948505560382,-0.2802040705253561,0.08140946212473109,0.22171590915472342,42.52610777060007
4432,0.17968661197832628,0.036254237969172085,-0.3514315515249276,0.09372300837564933,0.25909285480842853,43.588973150664174
4433,0.18667206364580233,0.08542097166907602,-0.37718475783946864,0.13724911583087493,0.2092767064247793,42.40441958256969
4434,0.17400389440408096,0.07414462153078243,-0.3670820726794184,0.12444646886995993,0.2302614879035208,41.784685012917
4435,0.1888501172517897,0.06591628607582815,-0.3809631393738119,0.12049563260105892,0.24698456049301604,41.87158064421569
4436,0.18341627494658264,0.05335291883794715,-0.37196182306879155,0.1087430956622129,0.2556889857586026,41.131219727805146
4437,0.1551354283847572,-0.06489857936467841,-0.2884253033889211,0.02179669680985757,0.3296708834682498,39.35278097060473
4438,0.11921396442341464,-0.15654726627749682,-0.08102003561807578,-0.009807635229547173,0.24755064343987487,37.511553149593006
4439,0.11900235239763457,-0.19053641447278583,-0.004229909102907083,-0.022840658646367744,0.22361703208116676,36.57466919267582
4440,0.11167646324431688,-0.2438648737913498,0.10826519940404958,-0.04267974622733183,0.18708867858951334,36.15875021967397
4441,0.15257250936014644,0.018979786005476226,-0.1939746088435686,0.10069857404033306,0.11305509902838058,41.27429548253622
4442,0.16093852903756556,0.02879717720256076,-0.20298320664566097,0.10503227553593569,0.107948305811665,41.761471950430554
4443,0.16172551871743718,0.02017071032827825,-0.20162268168110323,0.09821224408451064,0.11868534931416842,41.564852711230756
4444,0.16591066308669164,0.020301658528144195,-0.2197956445157891,0.0930792184342045,0.1406248884088409,42.35186716253453
4445,0.16273795928851936,0.018528145378667937,-0.24560521754261438,0.08593062738264602,0.17370660277157016,42.89780445241566
4446,0.1624603662300334,0.00905407660295215,-0.22297826181926472,0.08296486063660867,0.1558763492844852,42.80620796538884
4447,0.15242339315307862,-0.04168298226070726,-0.2628316692834177,0.039974246453796346,0.25786225270355384,41.90847861579566
4448,0.14705539085681665,-0.07071280712818905,-0.2710914460158814,0.014151812259755007,0.3039236374740717,40.72307094312678
4449,0.14096863252102299,-0.06585807449302004,-0.26119961548341764,0.019508143290473606,0.28821852165048645,40.27079266466621
4450,0.14778205974636854,-0.0702473785428585,-0.26797387502588743,0.014834786236901848,0.3011258275131754,40.55014424485885
4451,0.14838154890895142,-0.07034097509933047,-0.26910438020824656,0.014231764835258093,0.3001831768838213,40.43170886473284
4452,0.1417920058604303,-0.05548175074484052,-0.24618637795836706,0.02722053616525553,0.26181499201953384,40.571888800425086
4453,0.1501884639122838,-0.03171093202025626,-0.24371958304165095,0.044483457547183226,0.23159736433753766,41.77992370511368
4454,0.1634404573476184,-0.012115634220508483,-0.24320086537047222,0.054316916723748006,0.21296774829301698,42.216648792023484
4455,0.1493327586609717,-0.07163206631970172,-0.24034361040403487,0.01238348634223525,0.2808019878823773,40.55688592394979
4456,0.1555974161676897,-0.05370727471143491,-0.229399282906913,0.02768365887968059,0.2464102092766467,40.41915786655223
4457,0.1599775748287386,-0.05794640922476363,-0.24369258041730937,0.020366053063467806,0.26437436222686617,40.056632029078294
4458,0.15320521783210997,-0.10300751645846971,-0.2609122622365194,-0.020822313971255106,0.33783517940123875,39.14396412386736
4459,0.15919790248737734,-0.06629640083866314,-0.2528523376042906,0.009119531618008863,0.2891945867909944,39.55824777931136
4460,0.156239318676973,-0.0907305016450812,-0.2673780516287072,-0.013368798821491659,0.33324202859930835,39.64507408711118
4461,0.1565938476778265,-0.06276350628651732,-0.2326788196213946,0.01546034108518151,0.26327657497397955,39.993250296385064
4462,0.16501048390910625,-0.05790445457034979,-0.24317074266922437,0.018014781213241224,0.2662594440938857,40.01362466137476
4463,0.15738254655207007,-0.11028918386995548,-0.30351891015232363,-0.03290690340625008,0.39044451563214866,39.44588159611112
4464,0.16051364199364704,-0.048616925747243876,-0.2688639283115347,0.021102938961193512,0.28479440408442336,41.07474328407214
4465,0.1660696039056887,0.005637339163188548,-0.2486846201306403,0.0632872240726351,0.19982355588821085,42.001581046448486
4466,0.1455918120021292,-0.07492777749731094,-0.2569267435264808,0.001072168477674931,0.30371580675907534,41.25364743539498
4467,0.14407150467561242,-0.08960229540024242,-0.2864358138131565,-0.0208212358938934,0.3499125660724855,40.7960102534716
4468,0.15484277257466242,-0.08444447867840493,-0.27446011819919075,-0.009544162428387437,0.3298235567345068,40.22373057854713
4469,0.15062276910651556,-0.05704862496118583,-0.23564862022763636,0.01932662567168575,0.2581353107007961,40.97190512288551
4470,0.15560016910969315,-0.08063682477224315,-0.2545791005116053,-0.0036161567392628607,0.3064076503834918,40.05688589585927
4471,0.1543044020720168,-0.06552669592604482,-0.246507122467597,0.009955724816768236,0.28311516243361556,40.84545241419142
4472,0.1597911921147004,-0.046804661513813135,-0.2698132492833834,0.01574350070591242,0.28775812639639237,41.182569575926244
4473,0.16838351018835773,-0.022862017340138204,-0.2739834086779884,0.028526660343183324,0.2687394956701931,40.99051157431908
4474,0.1572667458756771,-0.06264014238256753,-0.25783864814387114,0.010378531002820069,0.2900628437486591,41.14725632430051
4475,0.1683479998954551,-0.06691030953325236,-0.30719851047818464,-0.0013254636162709373,0.3554504962417276,40.5818387823725
4476,0.1477146703689976,-0.09275813543809612,-0.2912016126940831,-0.015975780719745775,0.3543079605663445,39.835128513357
4477,0.14891634059262887,-0.08732839197696679,-0.2584870836063426,-0.007104593750115061,0.32210470152361986,39.18215296318637
4478,0.14716599639733588,-0.12504200643422692,-0.29497493113383993,-0.04348371137100808,0.403171449872693,39.219305578142915
4479,0.14307888331908122,-0.12116035225183908,-0.28775297804511624,-0.04055204669000194,0.38847713158720776,39.42069331885066
4480,0.1482269787464618,-0.07712591536071477,-0.26886018016773555,-0.0006475787276235647,0.31425152975405735,39.80458077477238
4481,0.14626456306921307,-0.11019681634026361,-0.2686121483397766,-0.031488076354964555,0.3569882810797341,39.69418054116575
4482,0.11152460149599606,-0.17699690297817333,-0.09836630739457314,-0.06300644227412538,0.28444578028788525,36.13469104487218
4483,0.1403803425094019,-0.24398366193280643,-0.38311080938245096,-0.1706164887470904,0.6266951440807723,34.910363542726415
4484,0.14176750031556043,-0.19635300895996038,-0.38641330167776033,-0.12602755476638242,0.5819462358206542,35.76858844113032
4485,0.1416615107230614,-0.24789313709689587,-0.3779566771905739,-0.17377977986127893,0.6247455316093473,35.7117613297689
4486,0.14863133536501819,-0.22336434055821572,-0.3747162158147759,-0.14989983555699088,0.5993709379565968,36.15099273454383
4487,0.18999238095953036,-0.04534620941889471,-0.3196942451027058,0.017024963439626874,0.3372446899897452,39.51896370328542
4488,0.161052337298077,0.005487876536205799,-0.21295528283418114,0.06855752397223075,0.15790471452168933,40.370578873161676
4489,0.15753614910081748,0.023987781019392963,-0.18567570413574294,0.08465586006057946,0.10664114298628345,40.79415766640715
4490,0.15574607071781676,0.024033136499221737,-0.1881893476177178,0.08329077121105889,0.11183842018795542,40.99465294939033
4491,0.1568893376329065,0.016716336346338994,-0.19954812850280262,0.07698325591972183,0.1302463296119733,41.079190539065756
4492,0.1560808771858067,0.02220854844076029,-0.19388696948675754,0.08027796297500009,0.12084560327072838,41.14392923913609
4493,0.15499350180902943,0.018120764316537544,-0.18932473196677227,0.07985310482331177,0.12019039921685284,39.976619225557535
4494,0.1484261441440526,0.015266107869992536,-0.1965626550541956,0.0782747928391833,0.12828177132836432,40.335296470744225
4495,0.16325012849721673,-0.05130423799179962,-0.2714938729868707,0.019363624463836302,0.2798019259147714,39.94279018908901
4496,0.1576617962229237,-0.06502093390775471,-0.2535229931590962,0.012796874309568888,0.28356877978586303,41.223187100597436
4497,0.15905315502674325,-0.01040384898007486,-0.2252567365996725,0.05706124811657229,0.1893367471971349,41.72605735159296
4498,0.1560163872099939,-0.004434533480467636,-0.22437336859548793,0.06413250016763954,0.179352668190822,40.817920321433526
4499,0.15445963527816786,-0.0617616144836792,-0.27085534538959427,0.016708267782860355,0.29705300972525334,38.96293302480137
4500,0.15218919279387325,-0.06914672479373965,-0.2722546788020808,0.01121145920734504,0.30690343732476216,39.1687547783327
4501,0.14970115928964403,-0.051356090750058134,-0.27258578401088585,0.023518861284024372,0.2901831648002193,40.196699404935316
4502,0.15364355001890428,-0.019048535638236656,-0.24859540007170336,0.05517326489226157,0.22021645734233727,40.14023373761083
4503,0.15587576231950315,-0.02002049956856502,-0.26451957022839123,0.05151661707761387,0.24238284044337582,40.183339071385745
4504,0.19076918254985006,0.01816887408496942,-0.3482163098195024,0.08800073551858115,0.2630728000612468,41.61135865776205
4505,0.1894392299075566,0.031540872154608296,-0.3476941396818481,0.09552782286245723,0.25093769825211326,41.146592949879285
4506,0.1839267023950303,0.004685447205008555,-0.33183777871890746,0.07176980543612836,0.27262277946500385,41.14510120219388
4507,0.19559400701894517,0.00735870138125598,-0.3672650146433321,0.06521792486951045,0.31568957446969587,41.864311627611464
4508,0.19231648884964586,0.017434142147381027,-0.41932738522263063,0.06841659233993837,0.361229311352196,42.51078867523147
4509,0.15850585234373787,0.004897346720273623,-0.3607717015119797,0.0623011248532052,0.31944767899282417,42.4025459108095
4510,0.1838202429466352,0.006939114332960386,-0.35346743209671605,0.0688101637506069,0.3048943625588688,42.00848434210586
4511,0.17712810487643646,-0.0015404186574163698,-0.35303568230259186,0.06235720839493255,0.31247551394787804,42.10154857672242
4512,0.19105281191247797,0.07726555885588458,-0.3804851430975263,0.1286958398355612,0.2258766985467526,42.13090825817553
4513,0.17574048985251736,0.03906234533735205,-0.36561703579998306,0.09379140721317926,0.2727258066513485,41.224493942252145
4514,0.17436300542752006,0.02605464335664267,-0.38498646239267303,0.07990919690260696,0.3140193123930393,40.7843719592493
4515,0.1860208024420147,0.038517326200570134,-0.37630084866657465,0.10010715062164433,0.27738221873758,41.2926717568436
4516,0.16876829700275223,0.03288273255204966,-0.37193442698034945,0.09024359370160212,0.28963377225487125,41.643722803874255
4517,0.16404692256105757,-0.017272793421917267,-0.35134500368693367,0.053855625052400914,0.3253566218453395,40.13716884639545
4518,0.15482795152292586,-0.024810209533347047,-0.21842461221698634,0.0693909032376542,0.2025814477912154,39.38432370443063
4519,0.1458803369831156,-0.06137111681769044,-0.08579556338291458,0.05776376315599164,0.1392521426604248,39.47629614003176
4520,0.14796382013632636,-0.016425218375397736,-0.17106656120351332,0.08049109214138234,0.1418997770685559,40.14160279495428
4521,0.16330036748685417,0.022267062989746036,-0.21807971416338373,0.10067824791789244,0.13177008389137843,41.30444192954193
4522,0.16171504263256065,0.036325809833095295,-0.21356610002586118,0.10783759612239582,0.11211799927025132,41.81322534858045
4523,0.16790964687810223,0.02711579961417179,-0.20924080334698625,0.1032718905847678,0.11687287476524134,42.201837432343474
4524,0.16905756607476094,0.01713483273183838,-0.2264487789113152,0.09019581379041487,0.15028743618966142,42.67484474152408
4525,0.168109603696483,0.024883215387084656,-0.22148792600275338,0.09752298241481315,0.13349208465551185,42.23227124425337
4526,0.16107845652887168,0.022035323579374023,-0.20697899212899462,0.0981130799555259,0.12142917604326697,42.44415474360854
4527,0.1540859390967327,0.0008180746335802632,-0.22712500090127025,0.0776164208144537,0.16864026799234438,42.5953813891746
4528,0.1486653951112335,-0.060672498459470266,-0.27260871359073785,0.02358860921948459,0.29349368609995796,41.08023587350441
4529,0.14397058153476655,-0.05235685789404202,-0.25512532409902666,0.03213066168905424,0.2665151625815766,40.636389706612285
4530,0.13669756178064754,-0.05593360098328611,-0.24989081033903662,0.029747763277051528,0.26489280143751065,40.44911401212504
4531,0.14483925053203187,-0.06132022004876765,-0.2533712036202414,0.024598246749674077,0.27496241409535555,40.0212032826958
4532,0.16135591991835688,-0.051074852294870944,-0.2748387780059228,0.022396075423795254,0.28815697151171954,40.98671267435207
4533,0.1546053701423021,-0.03505716273910007,-0.22969937480965355,0.045790412772105285,0.22044175229776664,41.346123640907074
4534,0.15890391585153865,-0.02759206567688247,-0.23062639064583831,0.0489275039439498,0.21390295148230684,41.76148501853812
4535,0.15769209788588603,-0.05474447120900317,-0.24552820760354854,0.024903717280343563,0.261491130946755,40.57444412140181
4536,0.16501970807375915,-0.058719777305004515,-0.31683435411358085,0.01097555516091448,0.3421370642808226,40.562101371064394
4537,0.1648682309167527,-0.027794989957121163,-0.2488605655541324,0.04484344683694318,0.23280280053785304,41.21319542233737
4538,0.1520428149483788,-0.08151568563800142,-0.24709607398230438,0.0005186102447721912,0.29741054655602095,40.26365303676347
4539,0.15319946168679235,-0.0762026982331644,-0.2481150982368908,0.003406467063391929,0.2957996664505298,40.034268199941025
4540,0.16242258819473254,-0.018011046748272978,-0.23157248221183802,0.05174135022363403,0.20604686192344623,41.36914846581972
4541,0.15242326769009418,-0.08408097670296098,-0.25469852961637474,-0.0025496889838141222,0.3090747177174423,39.89207228963847
4542,0.159204777979431,-0.06758691057874895,-0.2395336979124898,0.010114804305555952,0.2752137076186996,40.15057921050037
4543,0.15850248881401321,-0.05428129443192065,-0.2508436423627066,0.020398764462121365,0.27039270007118993,40.432497811620514
4544,0.15925248119612795,-0.057840110491907834,-0.26779942025297915,0.014919707345273692,0.29160578612957455,40.60595856482261
4545,0.1562735451720004,-0.121900292411554,-0.3182113214197587,-0.048968851676342254,0.4267062573184216,39.17487033385255
4546,0.14998609970378732,-0.05194658268256544,-0.2738473201459211,0.016326079449085994,0.2918610135028095,41.93662746518465
4547,0.1397956653842811,0.027642791748031692,-0.22981803107571064,0.07312890421060683,0.16001249044967794,44.4225020344006
4548,0.14396093762434847,0.0063492261077839115,-0.2317501252592479,0.05848713267485081,0.18526475834269188,43.624802537494546
4549,0.13828726649135892,-0.016413954726918676,-0.24122109530608615,0.04161585077332784,0.2212968013095811,43.59578875330782
4550,0.15513796366728766,-0.05180603350622139,-0.274031741015238,0.019152330001795698,0.288631986738084,41.45888745271717
4551,0.15908932934252545,-0.04659663060872761,-0.2721328347738592,0.019741964965030043,0.2831322369209165,41.06023043624447
4552,0.15405866749267264,-0.0394394345340526,-0.25584900995937876,0.026345355959903352,0.2616329809950759,41.02517701840346
4553,0.16339074473451742,-0.05285940578291533,-0.26020223346930554,0.019344615879019936,0.2768584794413016,40.82776190570817
4554,0.15226770649398383,-0.10097054305030995,-0.29567626535521113,-0.02636002467665562,0.37621113294163805,39.48218138290983
4555,0.1420003628919179,-0.1685095526410265,-0.3076944056282446,-0.08939138066495576,0.4721783414010627,38.07351404398665
4556,0.14455122922001706,-0.1479507986661418,-0.29953735845102786,-0.06731916101122662,0.43692765589655275,38.80404153249305
4557,0.15122026073782668,-0.05111257391004546,-0.23193211307015957,0.023966962160650515,0.2451684136943703,40.759354250889515
4558,0.13295612870332463,-0.17763817254773,-0.3227246993390019,-0.09761712830196113,0.4918945796636534,37.77659834469131
4559,0.13863708325309937,-0.18362976405766737,-0.32564831074072514,-0.10389710160750443,0.500278441616261,37.79816106608854
4560,0.1511792436150152,-0.08613867959832959,-0.2593441246046155,-0.009025732623881977,0.3202687843577067,39.998324084326114
4561,0.150000399217954,-0.03818758924415881,-0.24557300719427938,0.026340347522089125,0.24976662930396967,41.697572110751004
4562,0.11434519047663436,-0.1779800330949744,-0.09623377031588136,-0.06504695774524955,0.2801093807950615,36.22497316433756
4563,0.14537045069878352,-0.1972820376314162,-0.3551232294766335,-0.12326504333079102,0.5514199741525344,36.06481102034399
4564,0.13760828668888223,-0.24184072148745192,-0.3856912725295733,-0.16799657796670053,0.6276108842026004,35.248526354989025
4565,0.14329745206226854,-0.2924174066714823,-0.38556296169359505,-0.218266471866729,0.6810263658402607,34.80131529753361
4566,0.1570091855250258,-0.24768813776701276,-0.37321339499047046,-0.17383301999448295,0.6221148600346643,35.443549204570374
4567,0.15831316759697553,-0.16455909740815525,-0.32588183792712855,-0.08970899359948946,0.4868472032135988,37.803909622011055
4568,0.15648259437496972,-0.013015330164389561,-0.2232728404929214,0.05421375878626547,0.19207178793629548,41.30278810976668
4569,0.15874120201524283,0.026327185370874726,-0.1934373540564629,0.08606109898760597,0.11285468589919756,40.84018403326263
4570,0.1506421271479103,-0.019491637299567093,-0.21390331282912436,0.04999565195531561,0.19023100861009523,40.176946151496885
4571,0.15241091196006515,-0.04323580559657636,-0.22813172960609032,0.03206271393100571,0.2325807074641986,39.76335665439691
4572,0.16248260614510796,-0.0428743510698893,-0.2458840458974421,0.03054812281742344,0.2494084603681994,39.44326828836835
4573,0.15472073867102695,-0.04492296175123173,-0.22903697776759635,0.03183546978086353,0.23514028065087714,38.77073829754128
4574,0.14809407390449827,-0.05835115723986691,-0.2466271969003765,0.01979300277113132,0.27130924297069114,38.62864850599147
4575,0.14827283731190846,-0.09249488536960528,-0.28212072410597716,-0.011862095888457127,0.3500481750372927,39.03595814839471
4576,0.1475380868673639,-0.10346619442892413,-0.28356612703175077,-0.020662520800207647,0.36270048832457624,40.401694828913946
4577,0.15094767898624073,-0.007296506657189668,-0.2166713191143378,0.0620325532028163,0.17632607713876697,42.42382995642338
4578,0.15800691696372846,-0.004612262910658243,-0.22138115221557444,0.06592851760544673,0.17392372046471613,41.50743723818119
4579,0.15410912923121795,-0.035243003953152954,-0.2386719653048777,0.040992973158298404,0.23159049092606168,40.67123968930147
4580,0.16071662168340625,-0.009150715866943627,-0.2449976373140847,0.06231473281609099,0.20554539455518178,40.674462143161996
4581,0.1680528642305401,-0.032455626914381044,-0.26007343035794267,0.04399581953389061,0.25338267630148464,40.176791201552646
4582,0.16186753474764629,-0.03492354222112334,-0.2620279984901104,0.04275667962285947,0.2573703098370604,40.22016523548655
4583,0.15621171856089788,-0.021787222698992813,-0.2502177588725853,0.05365502728095246,0.22802508431570725,40.66351983937767
4584,0.1931052444994216,0.01852418376224495,-0.3289508446906662,0.09084541149177934,0.2395052099123394,41.3911599335479
4585,0.1849331050300723,-0.004123572956518741,-0.34255922255922394,0.06584694321790648,0.2960867747994834,40.944917846340644
4586,0.1707598252465814,-0.06643456415753214,-0.38846696705562905,0.002048114470181252,0.4239761550857724,40.59231480046382
4587,0.16873596202806893,-0.043253222771485494,-0.33721366919695417,0.035944130080418794,0.3321326833370054,41.16569501660807
4588,0.1734732391126643,-0.01893333535726651,-0.3424747262481245,0.04892480919051476,0.325702861712802,42.14076429550555
4589,0.18113558750557163,0.0033307452376851172,-0.32966681784905366,0.07252799697202038,0.27324202527146324,42.497878969741734
4590,0.16700509884315756,0.014300706013716162,-0.36574232443714233,0.07352321565828422,0.3048482720275196,42.206263214172104
4591,0.1867695028229083,0.012633718044275676,-0.3662594332844983,0.07409568970455566,0.30188501344203594,42.20484303194326
4592,0.17125185106547666,0.0018787551083091355,-0.3727413018262971,0.06398141039857427,0.3272633206356711,41.99224521389107
4593,0.18366150639065335,0.03710794109573108,-0.3867772612580809,0.0892899463034668,0.29717954032769267,41.66776045173484
4594,0.18255084263046908,0.025617731564583635,-0.38806917299013766,0.0824740346264995,0.30916931668245257,41.38344214143484
4595,0.1912804149973141,0.024962262709322315,-0.37512466269600864,0.0888868982812852,0.2861018323859224,40.79311337179238
4596,0.17436530920734652,-0.0005310759971657128,-0.3635044836148628,0.06475244223073025,0.3154030603159943,41.19441854875703
4597,0.16237506374416466,-0.04307332892608154,-0.2772768406070396,0.047748396287364714,0.2744690625218355,39.75989451523499
4598,0.17801404237922208,0.01418143804314924,-0.294509974369653,0.0829868652957169,0.2283397902743117,41.68764920914651
4599,0.13384919096695147,-0.10337786771098625,-0.07390131058282676,0.03786981155659295,0.16871967569746102,37.80917991281069
4600,0.10023547711330315,-0.17630371184948518,0.09210014831422682,0.019546049022016898,0.11019912661745547,36.214224595535356
4601,0.1606845401121392,0.03186226970558407,-0.22092692633190436,0.10780316269858468,0.122256887715672,41.03890711864165
4602,0.17061317788430097,0.042536738697885115,-0.23181978292860747,0.11309063821349986,0.12062925165267864,41.63011974388857
4603,0.1701310621846195,0.03875154187138557,-0.22601087785707175,0.1080827530420018,0.1213089681013328,42.255729678437575
4604,0.16819388324472764,0.03672165694705546,-0.23335592212138864,0.10472602662025388,0.1335133917106578,43.275947489752355
4605,0.16997543537302565,0.02100519406484817,-0.22316398803864113,0.09408262360785208,0.1431780343642419,42.38608865958474
4606,0.16365602422280426,0.021553676244054545,-0.20337308006699598,0.09973716973712511,0.11701521161864185,42.11315730705866
4607,0.1590488360619118,0.0138321935795567,-0.20153920106001885,0.09482896914798876,0.12538437557936793,42.265054554061514
4608,0.1659553665468868,-0.004556917475541823,-0.25781576868634887,0.07427296104631323,0.20406653358469398,41.98651409661482
4609,0.1554791693713492,-0.012854617754769027,-0.25642470087373614,0.06398640551693467,0.21810931331975694,42.268100687040665
4610,0.15135162409569236,-0.0014762501676054932,-0.21883696227461297,0.07728681648352281,0.16480152523319375,41.492446272969595
4611,0.15247836625058434,-0.0033556486206000762,-0.2291890300457823,0.07295845459228588,0.17810805601633262,41.6984124819632
4612,0.15377737466648553,-0.07225302953303828,-0.294387886501782,0.00558131441268175,0.3350425934032832,40.24957994095295
4613,0.17073503375692548,-0.11500479190485015,-0.3618789501267247,-0.04172439131211341,0.4556067463305227,38.65672044286895
4614,0.1514799652101562,-0.056174140610179286,-0.24584021753086027,0.02731565548303372,0.2625994752566108,40.66410198013832
4615,0.158123575421069,-0.03380670507920245,-0.23340901913522322,0.043741907658957344,0.22458361357484252,40.94036753869563
4616,0.1569180893105698,-0.07640338150954722,-0.2791534470157164,-0.00012830783139849386,0.3262314153750098,40.04695170331199
4617,0.16156271643533285,-0.04146152477722553,-0.2521750508416795,0.035347677919065075,0.2527232823196816,41.507706228735664
4618,0.16339882279698412,-0.0239824605674477,-0.23765633879301584,0.04783674542226118,0.21839378941328982,41.98765838721924
4619,0.15518649732826192,-0.04803730022830367,-0.24520451678206506,0.02614380439343549,0.25638080091334126,41.080052196040064
4620,0.15782131955120132,-0.05713814737968973,-0.23615114357370282,0.021130376861252093,0.2595243023603047,40.68573158451709
4621,0.15770317623458271,-0.035650419013769544,-0.2284705063634901,0.040983779018751845,0.22337812719496755,41.18874798619449
4622,0.15983028778956362,-0.05899533895485048,-0.24669568307738496,0.017577066938207056,0.2729652972614305,40.00688439785085
4623,0.15217443296688807,-0.09580596847508888,-0.26530561055594026,-0.01594556614102633,0.33956547592015174,39.51658296411192
4624,0.15646635734324557,-0.07378084091806604,-0.2537799285095711,0.004589898569938395,0.2940410496796577,39.20313984854026
4625,0.16126857853283155,-0.05965718871701336,-0.24999646957856253,0.016764051031763844,0.2726854688517256,39.67336311244572
4626,0.1543808601462393,-0.1090247543517776,-0.2857172036591048,-0.02856301117928964,0.3716713245697158,38.728473630065764
4627,0.1535546400539675,-0.070615107468851,-0.25302144311178504,0.007790879482426144,0.2889704553693401,39.868908934815146
4628,0.15131631507307125,-0.0717203072284024,-0.24506778826493228,0.008832990798620027,0.2831951898987485,40.01095905775695
4629,0.14632242223717262,-0.061158479529436094,-0.24397733999025958,0.014411172656635399,0.2734261959568676,40.182788884260695
4630,0.1405087668640824,-0.006677911964972495,-0.24427800071050196,0.047602607804157857,0.21560201645426808,42.42609772215195
4631,0.1487618935176722,0.009098665837117787,-0.24713776637448268,0.062341151369746536,0.1914729865311811,43.228631842739816
4632,0.1560736349188034,-0.00886217711033883,-0.2473089008044744,0.05302776313276414,0.2108833072638918,41.73917956595726
4633,0.165119708235877,-0.02893252650859878,-0.2466293759571621,0.038795487396743024,0.2341783485626849,41.40813270929869
4634,0.16083413500344915,-0.05772463940712121,-0.24603774055815325,0.020768640586126867,0.26309733271781,41.23618360817642
4635,0.15437070437719586,-0.04894694534130689,-0.23366798189134738,0.02522064640430526,0.2462361852788587,40.51341521301303
4636,0.14762359926689825,-0.12242733688243462,-0.2787798284943408,-0.04326999448319951,0.3765360698040352,38.70873982860501
4637,0.1405013002517094,-0.19514755005559165,-0.33167896010057407,-0.11549423592453635,0.5260956989525446,37.2809350575919
4638,0.15130434169533805,-0.11535318255628396,-0.27792116271037054,-0.03424718595404708,0.37229292900363614,39.01933948699611
4639,0.15106310649896984,-0.09279421125792474,-0.28940823195207127,-0.021470277520270663,0.3619652644528184,39.88415753447594
4640,0.1438052892434288,-0.12689212401953173,-0.28489777256757065,-0.04784560126556948,0.3964320597322677,38.69091925850208
4641,0.14858115867750973,-0.12561850423773083,-0.27598218469408015,-0.04184711252903437,0.38207850324490095,38.660195099096164
4642,0.15257476579329873,-0.06914165526781144,-0.2698192719718729,0.003740994616087584,0.3074400544782763,40.362268922167054
4643,0.13482737821178228,-0.11833983716352348,-0.23105041769396809,-0.037265835712892936,0.3357626681291927,38.602417744450044
4644,0.12825844770268552,-0.130624033765385,-0.22444899359093698,-0.045200861180452044,0.3468519159822308,37.08342812557036
4645,0.13766301186755645,-0.16761976139201795,-0.35341847922832614,-0.09367109987633326,0.5110575352148694,37.16949392915366
4646,0.1470049374907575,-0.19616480158686025,-0.35043089623172025,-0.12157919408224405,0.539186959988305,37.04975286485751
4647,0.15049336412055345,-0.18467657183149647,-0.3404361237109441,-0.10832453532427774,0.5167002667245897,37.38220650713302
4648,0.15995714625043703,-0.07607067284498499,-0.30259174923654814,-0.006901900691553204,0.34832384878336975,40.54632875678787
4649,0.16195967661280705,-0.003907878049816405,-0.23024998256477727,0.061131561275718276,0.17967286083458256,41.60227032125168
4650,0.15429024321899673,0.029369931776176462,-0.19909763000081868,0.08792316607137585,0.1140060346119379,41.62754897939054
4651,0.15211117145441147,0.021693184526981733,-0.20374595993291078,0.08057046952820876,0.12921919347941466,41.38049783819206
4652,0.15149884932349864,0.009774950567042787,-0.20050375388717095,0.07435516183497869,0.13864303261216396,41.043535893616784
4653,0.1508943948564549,-0.020475965360612178,-0.23401020048099555,0.04613207775578801,0.21364996568157446,40.465288814529806
4654,0.14874728055640016,-0.06098011854758577,-0.3003971063958625,0.003428220877223031,0.3489268065636417,38.604275902862206
4655,0.14691543830139647,-0.022393430797360798,-0.21272826591886784,0.05310528769956451,0.18864387630473653,39.3629505874205
4656,0.15519837840546255,0.013222645887724574,-0.2030980972269434,0.0804500564088646,0.13294879749223396,41.527199493116555
4657,0.15782258618333098,-0.03288825861362387,-0.24308882740451476,0.03985254257274337,0.2329087670914918,41.72990309454191
4658,0.1582386922836333,0.024089062636905006,-0.20239361955351545,0.08802651887400548,0.12209046733523161,42.65499626293773
4659,0.16033594480014537,0.016765029490238528,-0.21430405067880887,0.08488314093387839,0.13773690141335745,41.37177944659741
4660,0.16471849787650067,0.010791250944313085,-0.23113471117817863,0.07729726294792927,0.1675169079309063,41.057277966826966
4661,0.16141192657862183,0.02196241880420744,-0.20939888991057995,0.0909229789497299,0.13050631303090832,41.323096412903084
4662,0.1562350244849615,-0.019425306528877716,-0.22134857326250362,0.05805425567951868,0.19634112332887974,39.96531182039952
4663,0.14271806555642408,-0.03243454900127502,-0.1763889261928393,0.054723171472403805,0.17397665687640804,39.30404118080502
4664,0.15646415488979143,0.026152522086656367,-0.20112858571475048,0.09857804029524404,0.11536103538385793,41.100612640149485
4665,0.1934586281983466,0.03909439008275069,-0.347011909802619,0.10060763897289646,0.2426910057158859,43.03383297944573
4666,0.18389772654237524,-0.01790521830109815,-0.3363391490896262,0.05658208963389723,0.29957866723064763,40.80628392201393
4667,0.18807058710440208,0.017969581885465255,-0.3402787900240461,0.08151711474796855,0.2635142252243239,41.148797804949396
4668,0.18422131120042984,0.0339610444453632,-0.3562787901134955,0.09359748263424127,0.26221150199031096,41.42819796368501
4669,0.18079880919088726,0.034109757999907404,-0.3837387779865708,0.09028260688018312,0.2878994785973201,42.59108226655004
4670,0.18195866516003611,0.021082303845242643,-0.35936161040583686,0.08089046434916253,0.28523633348657706,42.90536724781815
4671,0.18699452415427048,-0.00446758302843628,-0.36228610202170264,0.06413589841068337,0.30453140743100904,41.21296067868834
4672,0.19642617287367142,0.04123100414562303,-0.357957064019524,0.09997606906038561,0.25098708287682264,41.3502771647854
4673,0.19617911406358854,0.0914974898312658,-0.37253325575991036,0.14108724703874986,0.2023430258012506,42.48413298432972
4674,0.18856138851967616,0.06188732469811814,-0.37062670143916426,0.11556671706757,0.24296131610397081,42.193224842310904
4675,0.18986689317446082,0.07120489872002148,-0.38072330595665765,0.12289907419060514,0.24475494653125018,42.65356691807785
4676,0.18758571819079925,0.06645242729898825,-0.3825690266367941,0.11819249148591114,0.2529557824545719,42.01691846113419
4677,0.1983665235342522,0.07947547010076163,-0.3748513003127952,0.13592531764893284,0.21267556650936864,42.83669536068631
4678,0.17670053991683043,0.03037064078422286,-0.3604213487749596,0.09019982019592734,0.27536370686072537,40.88400234590273
4679,0.16705993596790233,-0.022899249970689636,-0.317445654122149,0.05012374726267192,0.29665787257505427,39.52509193450455
4680,0.15982139292277034,-0.05402275069740681,-0.307940969597571,0.029424350986254028,0.3251692221463171,38.62070358861317
4681,0.1597893287398596,-0.011148501792761842,-0.2207418904393649,0.07842089073698298,0.18087719042075265,39.80915420969392
4682,0.1661917524888461,0.010607125397931244,-0.23212947460330283,0.090738077038103,0.1735108772290311,41.26915317790454
4683,0.168596832616268,0.028168564183827325,-0.2431320397892266,0.10138597390371665,0.15498976339165052,41.71660519101706
4684,0.1601951486909835,0.0038993881932910925,-0.2285620946646811,0.08369470060002128,0.15904307737032652,40.92922158374446
4685,0.14675375040745103,-0.09165093325941545,-0.15614459985963958,0.018017539202469617,0.2168394581640251,38.79021465320394
4686,0.15284752270034546,-0.015827719840552715,-0.19949499579302013,0.07259738319753233,0.17382137667695832,39.79416553618778
4687,0.16832668110281884,-0.015732325790300455,-0.22594704794182954,0.0666364343124123,0.18670610619762235,39.86914356172715
4688,0.16430415265908102,0.027274830527688324,-0.22200051530450743,0.10198808976964184,0.1284801137132596,42.248825302659625
4689,0.172168018124547,0.01729272666948466,-0.24396495888853473,0.08953314987336751,0.16754356326025402,42.80629068228983
4690,0.16835921938497106,-0.020093393393067812,-0.2715395395524267,0.05878127418188461,0.24118515984010197,42.282983034005106
4691,0.16484657419082177,0.010989794288903934,-0.2475481467651595,0.08206409508817224,0.18170043199596478,43.976068275878305
4692,0.1637066549171952,0.04026665599053872,-0.2270212179825822,0.10277188022787745,0.12970108157443497,43.8529213240175
4693,0.16362058544176505,0.039503910812214924,-0.21387154827095048,0.1061595415646956,0.11352846361033872,42.83882282008771
4694,0.160175294040135,0.007958259143163445,-0.22146928265653557,0.07914127251713374,0.1613245122913486,41.92369173700488
4695,0.16007204913728323,-0.025899138099495678,-0.24329322562189906,0.05078120756644357,0.2234874628590912,40.85141099470512
4696,0.1596764917529883,0.010828120188902812,-0.2045948626649628,0.08395774986998128,0.13755715505677896,41.34547767045348
4697,0.1604014655214036,-0.04801602414096219,-0.2536559602090971,0.030314086984811393,0.2625080049189637,40.92011297406177
4698,0.1563982796816244,-0.047488261454707754,-0.23826037617572748,0.03261332879785591,0.2468227918768363,41.60605022561875
4699,0.15669183958405627,-0.03842964802134315,-0.23251493645897625,0.0404154778778933,0.22918788476880467,41.67344133957556
4700,0.16128204153469072,-0.060919570087867976,-0.26005546877299973,0.01818051842388355,0.28518201630807205,40.60473276563708
4701,0.15548155945112932,-0.03702458772761665,-0.23840055670758084,0.037660402099962347,0.2369491948865322,40.96983320813337
4702,0.15794164306507727,-0.07411443207484272,-0.2730189068059491,0.002341334281558153,0.3168528827092379,40.091425303552484
4703,0.15662490773138,-0.10694425156828125,-0.28418913984550137,-0.029060126683477884,0.37111900688972393,39.530639298751616
4704,0.15474201070551552,-0.07012697588542104,-0.25287472212509143,0.008548044995581145,0.2929653357190984,40.498324595017294
4705,0.16014477392601767,-0.07323333444213226,-0.28274490106818456,0.001618490344650472,0.3271451711248965,39.52234489106299
4706,0.15321586313058483,-0.1128759387331451,-0.2979493628599599,-0.03485793561100898,0.39169808285497315,38.627686045802584
4707,0.14919355030371984,-0.15045767318895834,-0.3264813740175224,-0.07297724192676262,0.4643915248459651,37.17934129923548
4708,0.1488587809843345,-0.11436837176755643,-0.30763288911144,-0.03773911491688736,0.40286924563082177,38.029406880121215
4709,0.1578315438550698,-0.0713119005869014,-0.2591170662104438,0.004502098521424338,0.3007700188337409,39.01336064550374
4710,0.15145203954072634,-0.09220565600135734,-0.27129046584429956,-0.016361901475261377,0.33833741015374647,38.875498384879116
4711,0.15015009244162889,-0.08804407196866249,-0.285984998241867,-0.0154210735156663,0.35316034386647577,39.06897103728431
4712,0.15304276790455562,-0.06653228399486417,-0.2632028539625122,0.010240063435047549,0.29315221475656494,41.3256031686446
4713,0.14406333774510324,0.002794934559058802,-0.22695416882658787,0.06759411238137544,0.1720486943344703,42.665769532124564
4714,0.1514214960331935,-0.06619776444186426,-0.25071609504377607,0.011147729292061502,0.28074714288108477,41.58514606566316
4715,0.16187316315090772,-0.029989199538945743,-0.23381867800944273,0.04060243868324306,0.2229182396889161,41.305556856370075
4716,0.1647651002298917,-0.047879981817043296,-0.25366733903289324,0.02282726772610289,0.26528477182181703,40.04890923234023
4717,0.15080628034757282,-0.06718328755840633,-0.21258074881075278,0.015608134816726155,0.2539566144373783,38.89819983733775
4718,0.14705552591911014,-0.18546606763526294,-0.33221100410721094,-0.10925265549785307,0.5144970347917692,36.74903064498627
4719,0.14963352141021763,-0.1014917234314103,-0.2683295284452724,-0.02094792712521753,0.34772118125118984,38.67115781436923
4720,0.15081351810374752,-0.09620881454205325,-0.26422150876317846,-0.01688533327682302,0.3351706298284813,39.316447910290265
4721,0.15020179832191527,-0.14635491098821324,-0.3097335244254345,-0.06732022808657917,0.4379895803551299,38.25579291200283
4722,0.14569287190500996,-0.13140690131506666,-0.2733234208827218,-0.046698886306188944,0.3847547131163544,37.99247097691248
4723,0.1420465746324602,-0.10412953179674198,-0.2637363422918693,-0.021381059190714907,0.34521690003445293,38.0127252176227
4724,0.14561296319144193,-0.057052298912194745,-0.25064033976453715,0.01906714461411603,0.27244740539798984,40.32562280324307
4725,0.13305609322059572,-0.08295154638442012,-0.20672310960024953,0.0024948330386727704,0.26479682202256893,38.82540115025885
4726,0.15172568142590093,-0.03607559863910238,-0.17485360408140604,0.038932372226938336,0.18857572621173094,39.95791368833485
4727,0.1467628577862983,-0.10376988627582959,-0.3229015095909116,-0.03101491504924812,0.4073381328519115,37.91927701521851
4728,0.143238125091733,-0.10606997859292723,-0.3051347349270302,-0.031174467978475933,0.3925062716379251,38.31000989096861
4729,0.1506041536342722,-0.07396663481078114,-0.3082213199272847,-0.007332973936734399,0.3676306549078437,39.17181876815691
4730,0.15470339820259987,-0.007109128191324906,-0.24067764647647183,0.05739370013397066,0.1986977599882303,41.23097250434217
4731,0.15637450756976878,0.020795815238648433,-0.21119124596793132,0.08306777578797288,0.1341792105299276,41.994492177280286
4732,0.1584869634159707,0.024759009146941745,-0.19538272485750133,0.08643150586775926,0.11517466373217106,41.301941857305174
4733,0.1553649951452055,0.03183121610092687,-0.1957903474217688,0.09062421708713322,0.1086581908281921,40.79598632380934
4734,0.1506438158014006,0.028118988609352132,-0.19072738442288711,0.08972431777856034,0.10598161930595754,40.6077856047515
4735,0.15459028789124343,0.021018456280113677,-0.19964258721230968,0.08296295065584293,0.12450042059305969,40.67182043397892
4736,0.1509072161708106,-0.028775351060875726,-0.23207279509310388,0.039739159167477174,0.23179983253089315,38.79353188592363
4737,0.15279877886061466,0.0075320283232386,-0.20163768111373584,0.075888797782435,0.14336786433961288,39.077280436905525
4738,0.15650516056959976,0.015353712869578987,-0.21449613059924438,0.08090577284455688,0.14438564794909264,40.62280204467863
4739,0.1566298378108487,-0.00034726655640490034,-0.2293133034228989,0.07208128980406503,0.1738413523615532,40.54259333988859
4740,0.15534292881735612,0.022894309954683528,-0.1926890192004249,0.09485711259704471,0.10955514896890106,41.15656842949559
4741,0.15701894623341014,0.021292383992062697,-0.2139606205517555,0.09195704187400115,0.13465291907394408,42.35158775741989
4742,0.15347702222934556,0.015636286391151954,-0.22929806880239811,0.08668465484428532,0.1586724726039186,42.34892824895396
4743,0.17145817076795863,-0.002696600401363206,-0.27290165780376874,0.0685869385477948,0.22628195086677105,41.14223366028226
4744,0.15841821001837897,0.011064472933722251,-0.23088723365844366,0.08736314200576485,0.16116136930211514,40.460876372981126
4745,0.2072056816367816,0.08406272625872306,-0.3389819843426341,0.13500063253767416,0.18402812481939607,45.388925027431405
4746,0.18415860839385123,0.021816495645389757,-0.3447833315206309,0.0867412298446911,0.26283213055774257,44.23369099677142
4747,0.1859431227823219,0.030972747661276234,-0.3439165177189318,0.09247687004074744,0.2529883714914107,43.82961106123406
4748,0.18869765912720524,0.028129284609741113,-0.34978698829253974,0.09111492028634312,0.26298060475526897,41.91884633193252
4749,0.18591672381393093,0.03269787445904198,-0.3447890280367375,0.09326904848620353,0.25869061549647443,41.42377600648734
4750,0.18800515437510162,0.019370209101536494,-0.3534153071839374,0.08407288507976284,0.27802340828553596,40.801477010292416
4751,0.19036625371769064,0.024295354557657987,-0.36041923523108477,0.0846502432786441,0.2817175749661838,41.07389222303648
4752,0.1821222920043024,0.011300464273508197,-0.3692318488697181,0.07383650910063697,0.302901436507935,42.11349390723661
4753,0.18121485375795054,0.048994540918769154,-0.3812149801626961,0.10313006375873872,0.2632803336560645,42.02368421407858
4754,0.18147340716727406,0.07602599635351663,-0.3866792302984363,0.12345815459313263,0.24256468227287312,41.791888675512716
4755,0.18010967156968805,0.07627106928446763,-0.38321125716475885,0.12150779676497246,0.24265697805482192,43.44241942388355
4756,0.18641345965833592,0.11892518012331785,-0.389796675273654,0.15662776023762143,0.19633802020302993,43.544022724158445
4757,0.17424586063763048,0.018232582140209473,-0.38467236641631275,0.07342718207029258,0.3282951464134211,41.92317431460809
4758,0.1838436291761803,-0.018354471654253992,-0.39473241393625697,0.04137279808817051,0.37633167574466087,40.64728320013471
4759,0.1858475709331368,0.0767304293951458,-0.3820495266044614,0.12785791169684546,0.23579561120175965,42.10362215661314
4760,0.18269901006396538,0.06792332941369443,-0.3698878054918113,0.12296067116707048,0.23356298732103842,40.11415928654101
4761,0.16302926487310626,-0.006009619646404733,-0.3609837916085586,0.05988530990148266,0.3275784692259673,37.52537611559245
4762,0.16874839773146796,-0.013165946048066814,-0.3098410688378302,0.06021880060710205,0.27864274904013997,40.30215318829759
4763,0.17015902263122998,0.009179102843681498,-0.25156171940885014,0.08659254669804482,0.18487710497997561,40.96264745313763
4764,0.15958878387207662,-0.12861127871305486,-0.2402454487945414,-0.02184959304728969,0.3378105622103572,38.10412961585411
4765,0.12121668283683008,-0.10565230523135065,-0.07862929871659509,0.03393022958316221,0.18010326991764913,36.50309088357796
4766,0.12191877866944124,-0.10667312617101216,-0.03984851904099582,0.04589473963812584,0.130732222275972,37.075251686941016
4767,0.09081551531024351,-0.18542574471589093,0.10174043258136761,0.005311422597398218,0.11193485075834385,34.97327992677006
4768,0.09363567895858835,-0.12807038730718065,0.016774686437416815,0.03212741854163684,0.1226835549729085,35.89812993159379
4769,0.1521284272176518,-0.024317936765977332,-0.19838651214996317,0.07066829734945589,0.18373553920678665,39.70041554592967
4770,0.1841141719484437,-0.03613254790139857,-0.2949760879605349,0.040174021335741696,0.2853875903751362,40.95762136785223
4771,0.16937419383559857,-0.041060708930707145,-0.26890395205222456,0.0430310116071526,0.26700694752412085,41.071855064149325
4772,0.1657409389343147,-0.04196159699011375,-0.2656796945426161,0.04162100748641541,0.26364547840663,41.533451529024354
4773,0.16594744470047254,0.030149118001298283,-0.24835519217146432,0.09402310173688443,0.16522471213144743,44.202397526547585
4774,0.16065026486548,0.02763414246515942,-0.25000337110621973,0.09414369254345875,0.1648869972580218,44.1964264930151
4775,0.16239200659823608,0.03489237058029175,-0.23470863574049014,0.09629595838272473,0.14543997164818834,43.226190906300985
4776,0.15921458408881006,0.023117766543093284,-0.2146717350121539,0.09386735323985756,0.13523193290363647,42.27676455186377
4777,0.14850220527814528,-0.03057253174616907,-0.24463777057603764,0.049045438586241344,0.2284853030382985,40.67765963360554
4778,0.15480864510218545,0.020578235156575815,-0.19578344386595942,0.09289038705053647,0.11630723133616415,41.85147137331703
4779,0.16650927332242924,-0.030234580560777317,-0.2553585925698649,0.04595072016666906,0.23926966542829672,41.403855724571
4780,0.1535291467110349,-0.04438798661997535,-0.2413895607275219,0.034455331293920415,0.2474630201021713,41.05147148056374
4781,0.15312440590459825,-0.058229945046794934,-0.26929796340133366,0.0185420979021379,0.2959077353584155,40.702205633567594
4782,0.15249451377709733,-0.07113003718738255,-0.253832449631128,0.008805699249663587,0.29300995181611067,40.534218257623074
4783,0.15215768327176438,-0.062446253842889585,-0.2425830246299347,0.01874506737141535,0.2719968722346535,40.40635433892941
4784,0.15373647444698313,-0.08013478837570152,-0.25750908519622356,0.0014545216643374996,0.3069439754838369,40.17177588086001
4785,0.16413980584327642,-0.08546508066381757,-0.26645626599563854,-0.003797201741275342,0.3244031239694806,39.97551105954672
4786,0.15955784779402762,-0.0671076587835482,-0.24518947885953277,0.011701829690815308,0.27915997014706767,39.913018671941394
4787,0.15197129081332228,-0.06578088046900267,-0.24380024342054754,0.0143626166676196,0.27815083715262934,39.924582943295675
4788,0.15993661372394077,-0.07464177878416636,-0.26623417811058564,0.0025064277612677163,0.3120470583422483,39.29658172870928
4789,0.14508545222265773,-0.12157314964370027,-0.28904461382514224,-0.03910749159582401,0.38837471933541573,37.93043486818328
4790,0.15000977502810647,-0.07959179830809039,-0.26546831131479354,-0.0018305678276148217,0.3201104902393627,38.88775307103969
4791,0.16308408218542014,-0.049503422749420954,-0.24860048700000154,0.02650176726959961,0.2606371155491371,39.779283705837514
4792,0.14987093727355338,-0.1349165193417196,-0.3066706101235622,-0.058406967970951615,0.4260800669219652,38.24563336700075
4793,0.15564221638744022,-0.09024049520244633,-0.3103229663491909,-0.02368368365514574,0.3792233465047953,40.00072826976049
4794,0.16179549452855493,0.01615990853390135,-0.2666914265485314,0.06918223601189528,0.19931966660659625,42.69173496491053
4795,0.15373235031624344,-0.016455733153110937,-0.23386675395093812,0.050314311327323974,0.2052598070976939,41.845721278269075
4796,0.15642586704356048,-0.021510356952563463,-0.2277080660638654,0.047030966618244366,0.20634048747020978,41.348929888304724
4797,0.1623261359944936,-0.048797277230919846,-0.25014135714476443,0.023835668489750102,0.2631681358340823,40.17085402048834
4798,0.16317882465682682,-0.08076142419861235,-0.27447181663961884,-0.006832785709622065,0.32469656859048907,39.20692302195696
4799,0.14926040493988357,-0.19210222507784236,-0.3219209223040734,-0.11052105785600247,0.5058029403224737,36.36111358302174
4800,0.13654725538596205,-0.14022200421801873,-0.3619142508912925,-0.07728508815407975,0.5209070421379398,36.493217190244884
4801,0.15224068103646063,-0.13392776575076393,-0.3089871097799637,-0.056837382612203086,0.42840158654484656,38.16906659370175
4802,0.1532622819908677,-0.05289018498060278,-0.24105368456911544,0.019851697458287663,0.25976456939066234,40.14093809519708
4803,0.15621622257639559,-0.044607034498842596,-0.2326423308031642,0.02927519289736409,0.24216386546094,39.91948026282426
4804,0.15706058071018422,-0.04296899685588038,-0.23784102471231408,0.029414893321037847,0.24492851692969636,39.622091258870896
4805,0.147285647203223,-0.08530815334605903,-0.24744786106213434,-0.002352825394602264,0.3024062906831253,38.14318124208017
4806,0.16925618415632854,-0.07441186432818171,-0.2464270955929615,0.00858214226559321,0.28702958901188574,38.77793895063234
4807,0.14648606079916654,-0.08707465052917658,-0.26510929875096845,-0.007839397328132191,0.3271070760255291,38.779863605930835
4808,0.07988834700809945,-0.18659870222014086,0.07694232608608925,-0.05222921272408476,0.151831286160606,33.56673435833343
4809,0.135503389775775,-0.13681428624749262,-0.30525755525829423,-0.0630647414721628,0.44729868516090665,37.20928726035387
4810,0.13896675263438288,-0.1453866973486802,-0.3708844598835823,-0.07805496091997997,0.5155663333320284,37.87447139844719
4811,0.14813296916391103,-0.0897188207414376,-0.31817586436431294,-0.02166610323952862,0.39123284166001665,39.037428892939886
4812,0.15171527494922102,-0.009506051051515788,-0.23393665671664168,0.056883920787561236,0.19597812168230105,40.67949241036023
4813,0.16766554560936764,-0.02347348789940232,-0.27531416688585447,0.0398703743738298,0.25764132426323605,40.78219586587729
4814,0.16292072842283656,0.023220152886783006,-0.22041387220932504,0.08423539702662763,0.13990495988168963,41.256227171851656
4815,0.16176413837695572,0.028375060652578533,-0.20442951695386485,0.08850803936706261,0.11953561594004522,40.46059311175478
4816,0.154735820716537,0.026949758056979165,-0.19891412981139756,0.08789547132855205,0.11528253436730118,40.35919166810152
4817,0.15198768284391728,0.031180888585115803,-0.18614669723865557,0.09356010817952215,0.09505147121223373,40.48262329918609
4818,0.15218980333156878,0.03401231304485726,-0.19099727999202296,0.09622519613459887,0.09678707466382269,41.02173689828425
4819,0.15102263231740304,0.0157499076862783,-0.20248709069998133,0.08219009366542007,0.13300578005903763,39.811707647090905
4820,0.15131601809981235,-0.03356324483292172,-0.2716449447330553,0.04198123691923753,0.2676315709262608,41.86530204284231
4821,0.16401748817619063,-0.030486741073600533,-0.27632211884380253,0.04982922888718309,0.26288579552563685,40.276530144004475
4822,0.1879273713454541,0.0347373109344615,-0.3504309693831186,0.09334464387251151,0.26106230457852597,43.614883851217925
4823,0.17813369136159302,0.012065272559409876,-0.3002945662358145,0.08079447494139727,0.23785123787984944,42.89547276681122
4824,0.18664952479577815,0.01965779498713336,-0.3355125451939152,0.08464965924789589,0.2626940454986451,42.66765851305318
4825,0.19999412951547274,0.040175310885030846,-0.33660890775376606,0.10285686545152412,0.22862972716986407,40.74053642201614
4826,0.189024419316643,0.01815601645159151,-0.3496465867044665,0.08644781038343591,0.2657942778873657,39.78533965894666
4827,0.20528539906032303,0.042165223214607896,-0.3328298666371282,0.10446943063580308,0.22179751438813067,40.7475655872177
4828,0.18946336333496544,0.05667081803485751,-0.35481988626251426,0.10901116830104954,0.23737197673673857,41.303976725018394
4829,0.190821226604821,0.1203716615420077,-0.39148330269169107,0.1587660850949798,0.19465472390798078,42.717324793129144
4830,0.1953164552064552,0.09013221701368697,-0.3904326108982609,0.13486571041149878,0.22980625009041983,41.965064526648305
4831,0.18818531750994566,0.06457315966902057,-0.37971865386674997,0.11801675828476843,0.24491597446349414,42.73271882357975
4832,0.18751296622988203,0.07942838859956082,-0.39757478002550534,0.12322013296993395,0.2543309003174395,43.2725968873683
4833,0.17870529423955953,0.044493455369480336,-0.38025804635444377,0.0946438731752108,0.29220081883312293,41.430841651955646
4834,0.18806612054056998,0.09596122048021798,-0.38890079242021547,0.1358702821351812,0.2273848036525623,41.913731620089216
4835,0.1774717482406753,0.05287756908666761,-0.3802738041914639,0.10826460515430777,0.2632984033822846,40.928202103353286
4836,0.17756609583647964,0.009973147858566766,-0.36084028799782575,0.07751094838499215,0.2950170753322993,39.2018671566293
4837,0.1685648634784823,0.036534143229125654,-0.3752214253022785,0.09384412512504209,0.2870787181588587,39.032308698735584
4838,0.1636479782070153,-0.027122614933140953,-0.31301447532075094,0.05136108153166746,0.2972283219792659,39.30326521096832
4839,0.15719755643222438,-0.04691482913521261,-0.2476726957139057,0.051110939670558256,0.2439463819702563,39.01351977145297
4840,0.10807070175010355,-0.19904172507696286,-0.1186096420116286,-0.0458740666614293,0.327015419423413,35.99994134147285
4841,0.11808878932109118,-0.07999023214760204,-0.1378864139432327,0.04710136910445403,0.2028584085640418,36.58051789615955
4842,0.16406412029930817,0.0159683088369313,-0.3145294227914995,0.08961665661556883,0.2470495038527502,38.99986139565369
4843,0.1772496901433585,-0.0018407043019707684,-0.3319622563990442,0.07092171859567831,0.2863954674094436,39.41470141217235
4844,0.18185466792470278,0.002608089523535285,-0.31340288623732115,0.0752064139916066,0.2587882435257869,40.46692742062155
4845,0.1647494015517347,-0.05804142549355821,-0.2819487400381871,0.029507751232474184,0.29932466244552075,39.60290412170745
4846,0.1670007373668967,-0.06174391706216139,-0.281475441660266,0.027007800100052694,0.3018023484900521,40.136778854412626
4847,0.16547404808943494,-0.06846245246974476,-0.3053092209704195,0.015661123003274508,0.33972950141594804,40.621477843805415
4848,0.17078042716491112,-0.05906634728273798,-0.3200764719522543,0.018416196266833246,0.3475230638406178,40.74627922343347
4849,0.15404820847524367,-0.03202589537152942,-0.24234592156694174,0.05163351186933074,0.23856326550561255,41.46505402570561
4850,0.16062696609710095,-0.0025222759597167935,-0.2648231985959199,0.07360162391263533,0.21225981802534602,42.51235024547025
4851,0.16575498512834583,0.0020732278803911393,-0.24946646231438435,0.07670238526268448,0.19257920806671372,42.216321245314575
4852,0.15734397481706427,0.01719352947073927,-0.20798512514804401,0.09167440016375097,0.13262254638379453,42.18776414336612
4853,0.1587522380784535,-0.014322688115465483,-0.24315136703727516,0.06138990461306942,0.21016006965819983,41.361538354860976
4854,0.16381057305502952,0.023136795618430562,-0.23152295022447833,0.08809419314301845,0.15545810756519501,43.33835350241267
4855,0.1690043800333725,-0.02029646045851237,-0.26303261447748305,0.05180037462004375,0.23698562431248651,41.774509956774885
4856,0.15053616563736058,-0.08368562274375632,-0.27057536831321416,-0.0013972833660496056,0.32584182917160526,39.82390645338581
4857,0.16433022401405228,-0.059077915680876954,-0.282083465203531,0.014756383939752094,0.3103531867853018,40.6291306173367
4858,0.16026973599501435,-0.09218053961399998,-0.31480016145815415,-0.017926348642993604,0.3927538735577966,39.2465655084453
4859,0.15096204743528033,-0.09437118635273517,-0.27297190112071495,-0.01259589100408897,0.3481424744954231,39.16358223596078
4860,0.1549436811434425,-0.06617218694510686,-0.25452631909083623,0.013117174481068423,0.2863682491987167,40.30375735927675
4861,0.15124913549325178,-0.09279661948633243,-0.26008896950791976,-0.009083986461535964,0.32694667659907034,39.93414582380265
4862,0.1493558669692348,-0.11040262732689055,-0.277178044643953,-0.027251710744067247,0.3645900207974165,38.803842062318175
4863,0.1458227312205643,-0.09825404199763363,-0.26697497885827964,-0.01717627730891953,0.3413410846064829,38.73446625317193
4864,0.15417483431195458,-0.1017601537181284,-0.3033792898382961,-0.026957112071905046,0.3830142642901588,37.939022511495324
4865,0.14997270150773892,-0.19061483593314404,-0.3856177313361328,-0.11841459440521675,0.5707015630208772,35.885923689116396
4866,0.14576175192675664,-0.18518109408770828,-0.3778908025462676,-0.11370654187229569,0.5646310869116131,36.17264360174896
4867,0.1479640728136409,-0.09384772250423669,-0.27387607629349925,-0.016737903481353584,0.3462310125995445,39.127531935509545
4868,0.16153967044694134,-0.0809300847483156,-0.30998678322562323,-0.011338084442758462,0.3658799496749698,40.41353829669687
4869,0.16074842140197002,-0.004338633396476568,-0.28952490004297426,0.043529153215307204,0.26018472251442726,41.88955692916449
4870,0.15062109011058647,-0.0024660296459707337,-0.21846110709634514,0.06420132900486039,0.17246412172914616,41.698423657622854
4871,0.1590091701945839,0.007319337305705103,-0.20726641396102166,0.07165550382830134,0.15218085291027036,41.243312557339735
4872,0.16022105728864172,-0.05343791303307048,-0.24944861030846774,0.019869651374076286,0.26655284379408295,40.27010657364516
4873,0.15746332677750352,-0.1709392102735855,-0.3494272963040281,-0.09406027455182847,0.5096969215435599,37.11868751749339
4874,0.15247756936519355,-0.25420410349909517,-0.3470262794498698,-0.17390647364546705,0.6106098163298626,33.54247600379778
4875,0.1492345690076692,-0.24241976397687182,-0.37346807006446786,-0.16502940227802265,0.6150496128822991,33.09550184245036
4876,0.1445485373971682,-0.22375768181559572,-0.367728527253081,-0.14916228836139384,0.5963183390145637,33.83887870942814
4877,0.15508292292884637,-0.11021892757480915,-0.28993921858360744,-0.03471245612059015,0.3780707445508599,38.24213245585301
4878,0.15943256152263674,-0.05375226061182469,-0.2670362297376621,0.01689236453342142,0.29404333110727093,39.8737838776582
4879,0.1461136479727356,-0.19266122045200215,-0.31971160155995526,-0.11232268395372194,0.5041900038611064,36.41874705236335
4880,0.1433344024906613,-0.13566195207292278,-0.29794481234423803,-0.05413354022013163,0.42294271028430924,37.32934798442742
4881,0.14985899237469522,-0.10093366782662361,-0.2737081874212123,-0.021949537154658073,0.34701098948878806,38.945546575229564
4882,0.15983251492432998,-0.024828778274646482,-0.24130794187485305,0.044006504191677176,0.22337839780139138,40.034773134166834
4883,0.1526331539855535,-0.06828189849071852,-0.2539862536013475,0.008783825296375083,0.2953156989301164,38.72666603896496
4884,0.1546924641689542,-0.1746617765905019,-0.28710816396922895,-0.09129803219756309,0.4614262419089752,36.237770171849355
4885,0.10098914182972486,-0.2009327821291336,-0.04535025009398291,-0.08662380275335003,0.284383671663583,33.97296438396881
4886,0.14732190458782227,-0.1015011227620742,-0.30792376529789317,-0.032938912503642746,0.39652289503185395,38.53740376853986
4887,0.15668498300379566,0.010514842927593528,-0.22661809967589194,0.07397690749731184,0.16453215078469058,40.980096131855724
4888,0.16005052742092918,-0.02836311924956394,-0.27283017972281354,0.03605499300113104,0.26194893928932,40.46571191990658
4889,0.16644043105023895,-0.06460763513833344,-0.316552175524669,0.0027693124696257353,0.3513192361073277,40.22680523127276
4890,0.16317315651081654,0.028711250047047592,-0.21102287839550038,0.08755101610490716,0.12789822326771516,41.25439424989719
4891,0.16737516596398944,0.029193217538705817,-0.21474414069429015,0.08775571948800487,0.1316708582684572,40.910092891668654
4892,0.1561084748537278,0.02251141550768392,-0.2005376935869866,0.08688940171143777,0.12129028350148245,40.62002787855801
4893,0.15161292167978663,0.029574310767844284,-0.18303104369902004,0.09422307712077649,0.09362091265842348,40.82732326992448
4894,0.14583567715445953,0.022912216176735688,-0.19033589130551706,0.09003543507252047,0.10975289417838988,40.79974389113437
4895,0.14845836627449835,0.015408497460449807,-0.1861107220908114,0.0865445252350023,0.11408338201780734,40.57914421446706
4896,0.15538835334803325,0.03215999745804331,-0.21178900643714693,0.0930570233556614,0.12391234436167566,41.434198534063725
4897,0.1797175914490921,0.008295369798180801,-0.35792439583499,0.07281269279235993,0.3012112601400837,41.67520038342181
4898,0.19272129691563,0.039913295495551074,-0.34057178654056053,0.10009343204940599,0.2409060840017889,42.45902619464252
4899,0.17369006665522016,-0.026038159851458752,-0.3621883981254663,0.0425218280961347,0.3549295922757254,40.783185997411024
4900,0.19838912692395747,0.06819412852405611,-0.33558477990792684,0.1220573635322417,0.20114419260014185,41.36519409549602
4901,0.1905559423793929,0.03635299228094296,-0.34466379360043237,0.09762845227596428,0.24628507673692246,39.39698974538711
4902,0.20278208159619168,0.06858609649233764,-0.32700538900229587,0.12404772726021412,0.18934989523593432,38.76015514654203
4903,0.19869172876296434,0.09754608907781596,-0.3441256902250558,0.14428278952909768,0.17694067548760725,39.70291949975703
4904,0.190607514675098,0.11497861817845212,-0.3845453019584224,0.15386155826559458,0.20218679640431053,41.02891326505128
4905,0.1941117451277962,0.12762805471226918,-0.40114599352178915,0.16449220997549963,0.19596130324547475,43.504186630085826
4906,0.18583937682969495,0.05618331767510461,-0.39150832222137877,0.1088336310028939,0.268603413356049,42.12369725097703
4907,0.1514248131927064,-0.08502876898303932,-0.414494804050893,-0.02131540995437343,0.48746782295605445,40.220923905296
4908,0.174497343525583,-0.016444221071611642,-0.34029011376256024,0.05019809947511439,0.3187690940369585,40.976711276029924
4909,0.18845132134982548,0.030591599252446467,-0.3250450467860738,0.08570034345618859,0.24988744506754829,41.72209465619585
4910,0.1773810118180408,0.04174359431764222,-0.3737530282569902,0.09637048363159383,0.27234291407945654,40.77568521388133
4911,0.17350862636123537,0.006779869348134732,-0.36634312636354166,0.07239209975754392,0.30308284268328484,40.0681487296178
4912,0.1757432295750766,0.037193551481717047,-0.34867564077672036,0.10264162978755155,0.24361562960040023,40.11303703701841
4913,0.14977400632969948,-0.052690678774305645,-0.2839703589227075,0.04526292663422461,0.28741314237961973,37.597545227670196
4914,0.11172915112016704,-0.16161513039241157,-0.07326959297254787,-0.009861975866959128,0.2296503594323842,36.351353952443404
4915,0.12281296183999069,-0.09918740304143127,-0.1487589376051212,0.027912926723369764,0.22852409124793072,36.73741196076841
4916,0.15055623951937921,-0.03502286472181544,-0.2823382341684206,0.05526330411719004,0.2698634179320406,37.56097167784038
4917,0.1811378659483836,0.005605706705214897,-0.27651357768998036,0.08318564981499649,0.21285348766788048,40.237565959420415
4918,0.1864267912182855,0.00913856386930311,-0.28498190136665513,0.08214108695837044,0.22120455027855893,40.46237186337469
4919,0.20068102883350747,-0.004223839386646708,-0.36096742721679026,0.06458802594114059,0.3182213635629226,39.38009890245526
4920,0.1634109394513766,-0.06034514639812798,-0.2962268335779656,0.02685574551135238,0.31770482583031917,39.50180287328755
4921,0.1662638397531384,-0.042005311191843385,-0.2975259515476525,0.03978650483313568,0.30032651689853834,40.27024015456045
4922,0.1612144885006242,-0.06357687824572326,-0.2914558600144016,0.021863635927199893,0.32047020050579994,39.84773450315565
4923,0.16601033483977937,-0.08717718517740373,-0.34167040253158293,-0.007777910247298801,0.4050608499854548,39.478952197191326
4924,0.17639452488185145,-0.05061965574434264,-0.32858772766322975,0.025997099872637108,0.3458406199280447,40.49954636279494
4925,0.16502693981181224,-0.07042030545878347,-0.31557181994606,0.011246105387042323,0.3554596845194585,40.70233526022788
4926,0.16252562387528016,-0.03827702621517425,-0.2715233953863171,0.04475663408465649,0.26423029306525686,41.18111861219527
4927,0.16212338795502618,0.005324632300780491,-0.23889803568885323,0.07977636627775743,0.1788777309448719,41.24599693555197
4928,0.16370777012007426,-0.015442198246318737,-0.25691358385784135,0.0611181667069899,0.22428606661513803,41.51364141872012
4929,0.1615896344226446,-0.013693974712075743,-0.263870316801554,0.05652651243503902,0.23402627968086318,41.532739028533335
4930,0.16337323731187098,-0.004014070256112977,-0.25165096724540675,0.06391582095048666,0.20977279193788886,42.458002838916556
4931,0.14834572454799022,-0.14195020862487281,-0.3188205966247999,-0.06025579919384465,0.4454257719849797,38.68416606016121
4932,0.16238394105469356,-0.09460322864796004,-0.32169153224169245,-0.01799490836928035,0.3900976635646818,39.69968129775317
4933,0.17746896124667116,-0.11770583796764383,-0.39354256485514116,-0.05083848703537795,0.4977601011731561,38.04909316825321
4934,0.1602806039455337,-0.1589207572551373,-0.3738318766451319,-0.08714461316927125,0.5290921550178798,37.64890454086064
4935,0.14953195724276128,-0.07735829932436586,-0.25527604864480935,0.0032861554394860754,0.3080768819632292,40.32243559438393
4936,0.15059426298035936,-0.09508227729680384,-0.25533715658624195,-0.009701272310654227,0.32539350714205917,39.36674771422033
4937,0.15225514069823506,-0.11950554448826257,-0.28139141646791493,-0.03649096961216878,0.3788356581798701,39.23987375044216
4938,0.1425399999261621,-0.15547090583755913,-0.31296630660824537,-0.07508895919034123,0.46328828417605133,37.79489924643662
4939,0.16004563997792046,-0.0481356336849694,-0.27719582583194297,0.02023565008339144,0.2873146833637826,40.63492494443813
4940,0.16947051604806423,-0.044284367542187425,-0.29462586807342306,0.020034017544160353,0.29763013351345496,40.76916768474443
4941,0.1542422926455901,-0.08816061185550371,-0.309058648814134,-0.01530310479984847,0.37666362087376587,39.4886104167366
4942,0.15081741936343865,-0.005594495994149504,-0.22223862191621307,0.06046546598655253,0.1838160402905311,41.80622478039518
4943,0.1611907440217922,0.0016137396837736452,-0.2732826571478772,0.051344050961173275,0.23479199949947743,43.37700524150607
4944,0.15439392073536495,-0.0029849829956516373,-0.2535087028929032,0.05076534659642985,0.21710357190401403,42.62179498416708
4945,0.1508044554929469,-0.001658006939332598,-0.22416905888338293,0.06478186411819928,0.17652736024840834,41.565812772438
4946,0.16302738271765677,0.004381239830396125,-0.23252052802109197,0.06789113735787995,0.17863075891543756,41.42152269448359
4947,0.17912229411132238,0.03587008492579517,-0.2550690407874477,0.08395992476908823,0.17188200449388943,40.90960372387209
4948,0.17129966349072795,-0.0038593991898249616,-0.2607367569918514,0.053708483787611117,0.2259014315000074,41.09963825345923
4949,0.15868357793008328,-0.0719846439232704,-0.32028304688338477,-0.007281017311618283,0.35969731197266785,38.90062464360708
4950,0.14745647548582033,-0.19980291944749914,-0.34611615969792,-0.11765436172447888,0.5363344941223795,35.84986266428966
4951,0.16979981082793372,-0.13187613553238553,-0.34540167154723417,-0.058017281471487187,0.45694770217340946,38.14337941328093
4952,0.17706950682111378,-0.047530119785733245,-0.3032428876670823,0.025826419020338748,0.31295380533445266,39.90348152118415
4953,0.17547665601296783,-0.032917143500451426,-0.35477560530124513,0.02971526366474228,0.3542832840911677,39.96549316387398
4954,0.15947762425629233,-0.079061194188099,-0.3499280546063959,-0.010440276396243264,0.40517476636384414,39.448753991692946
4955,0.14185592140144745,-0.08868038885131405,-0.2564147839165764,-0.009127814735905416,0.31989383037485947,39.62744975547144
4956,0.15315811283404024,-0.03878194017052222,-0.24587918212339213,0.030854000515198775,0.2510339648811761,40.21317575654878
4957,0.15879536938964983,0.007044513563897408,-0.2182655459854423,0.07106713599146137,0.16433412091309002,40.261057174819676
4958,0.1520624677709566,-0.1221819698736863,-0.2699721146025149,-0.04194638322957301,0.3750322001734933,37.665883081825385
4959,0.15939964779827887,-0.2593015106384169,-0.28768089605802133,-0.16698821328278454,0.5565056114779756,34.71889746612381
4960,0.15363979453492788,-0.20905827441677596,-0.26699998321292545,-0.11836942615090267,0.48445149141375915,34.97206613674166
4961,0.11148741862217783,-0.11309499645254778,-0.07348193778351657,-0.011329724907117773,0.19256347432682158,35.81837681153798
4962,0.15724050999928785,0.012778266639707497,-0.20432203812358457,0.07976622561676167,0.13683983722203982,40.61497252381414
4963,0.17028718393598788,-0.06436069009937916,-0.3239388086581473,0.0011508444968981978,0.3625244310840981,39.57768628171701
4964,0.162319769799542,-0.11155134160207539,-0.3255328590529705,-0.04023000438854909,0.42190867641670804,38.62118147831007
4965,0.16088176401487042,0.017696641093582016,-0.2048129542759048,0.08386480600959463,0.13132412724092984,40.40603797249316
4966,0.1631095948379386,0.02285353956218965,-0.21098300060963046,0.08445481289654279,0.1345072952987427,41.09599056631581
4967,0.15527144400932327,0.014855521638109664,-0.20667497286146946,0.08203830863678253,0.13625764357698483,40.80246114433823
4968,0.1548030662775334,0.019865963564108236,-0.1958263720611946,0.08660744456594281,0.12013088855137607,40.66575699104581
4969,0.1479372290155672,0.01722747331700793,-0.19729075457355907,0.08760576157844283,0.12232642424167985,40.236451832136126
4970,0.14602356527852184,0.019334716766624554,-0.19161320093729053,0.09034115678716334,0.1142140347170525,40.06683892548863
4971,0.15226058658361022,0.006393931922543457,-0.2119453820634865,0.07705450406026172,0.1574126472234375,40.16318877793159
4972,0.20102026370940398,0.0757621770222471,-0.348845287079983,0.13031522462620473,0.20329307330783103,42.20279106805686
4973,0.18655779495930572,0.010037715489842211,-0.36433103310189824,0.06971859155829745,0.30925753025675334,40.23268782510446
4974,0.1887657818592556,0.044524214620278536,-0.3388715202872437,0.10299856549706082,0.23674081696494106,41.65591527788815
4975,0.18880849630846017,0.017976952939390816,-0.33707162471303376,0.08584286327079928,0.26044522288468364,39.480365040372526
4976,0.18382971130257078,0.07984070970079613,-0.351633116504625,0.12905100908091013,0.2071825030167286,39.69816935635053
4977,0.1844570429284731,0.09811890212903694,-0.35694125946694966,0.1427582639204864,0.18953733376610016,39.5973146077546
4978,0.18188685569793323,0.10338178476351853,-0.3651522150791317,0.14757946847760983,0.19270928801483975,39.055536849000056
4979,0.189018675790061,0.12360027814030372,-0.38202593526811557,0.15967435348425468,0.18307827979932242,41.068452644667076
4980,0.1925437418259677,0.0915645959837342,-0.38026680585138684,0.13944663420687906,0.21620998579829467,41.021177319043105
4981,0.16919070033201628,0.006375865123661571,-0.37654548084152484,0.06658232208748761,0.3324682785664234,39.03883401280113
4982,0.16466559871885714,-0.010745219650514743,-0.33301355127402865,0.058238247746882646,0.3002522692377615,41.78896067475159
4983,0.19055931316547786,0.02431843328695765,-0.33732650106040474,0.07427564454390123,0.27626008061557733,41.51372448104822
4984,0.1775948495416467,0.05461548728032601,-0.38395268387709847,0.10084431959910001,0.2841852262094568,40.41609017145706
4985,0.17211125704762364,0.014298960896232707,-0.37771020217446705,0.07158073130282111,0.3226736600229148,39.8474035911459
4986,0.17274730925800738,0.028082184650455446,-0.3531389052649495,0.09245305407972652,0.2658826065483335,40.78712912871793
4987,0.14793867123812565,-0.04025015504237723,-0.24903725193875126,0.05449226009161483,0.24762171101758002,39.23731525234415
4988,0.16544756469171853,-0.029692850927375645,-0.27983808067714655,0.055510010101038176,0.26569229222081425,39.789927766924066
4989,0.1448746611031906,-0.054245068665021566,-0.2137069703476295,0.05032486649167126,0.23478141192047797,38.719211001394044
4990,0.1526939683376116,-0.040098094788149984,-0.2718398001364415,0.04454738546773489,0.26820967847239957,39.33570925845861
4991,0.1743115693804403,0.01238091858459443,-0.2691059024575109,0.08965291489616453,0.19672104273952673,40.634239806095856
4992,0.18305860212002595,0.012814903088926162,-0.28927469546412843,0.08055848103446597,0.22446230361829378,41.60006977813375
4993,0.17662959417038174,0.007624282441714018,-0.2899590734415288,0.0777987641334099,0.23108031780313484,41.24374400482436
4994,0.1697910339605416,0.022781334828712283,-0.24818888980626946,0.0986995003480082,0.16638702714174386,41.1193883970478
4995,0.17370129495361775,0.03508523167253276,-0.25018336972360933,0.1055341364646307,0.15546287125032177,42.105280715276294
4996,0.17050679550986161,0.021602960766749123,-0.2541450775821035,0.09562619323668069,0.1757534604050088,42.16262916914653
4997,0.15813483002954315,-0.024328366084574775,-0.25040364674982085,0.06198238187565469,0.23288046073277527,39.48608747639935
4998,0.18324504733038055,-0.03866204136149658,-0.3749938111724436,0.030416000569404834,0.3846357903487834,40.13517993861996
4999,0.160674929382043,-0.08336979707156172,-0.32411602932810823,-0.0014823084639191022,0.3803880463801872,39.51210043945158
5000,0.1646347957148821,-0.061879393977599666,-0.2865260550077334,0.023946828125510872,0.31081466185847606,40.04408215069499
5001,0.17160237408323614,-0.0507181083005962,-0.2895143415126083,0.030558972419374664,0.2999830536942287,40.34034752657891
5002,0.16222780500189343,-0.05492857440228747,-0.2742731063169683,0.029127551507125156,0.2912320950965047,40.34482661369559
5003,0.15781687494418992,-0.055392782852335024,-0.30612639573601413,0.023196134001683362,0.3293289625272516,39.84958947834193
5004,0.15455910243230883,-0.04475537358290667,-0.3145625525039626,0.026633742219747007,0.32809823881398376,39.75886952242765
5005,0.14305863102067023,-0.17493099689485136,-0.3525925100286859,-0.09434906947503614,0.5162581170063741,35.944978396262115
5006,0.14459966845478828,-0.14879860123016955,-0.33568280386794486,-0.07122204983055543,0.47787496215715436,37.70903378642306
5007,0.1668395257434744,-0.11101968920548048,-0.3416263808606743,-0.0351109499162065,0.4388996738111471,38.36391285037993
5008,0.19285503063800777,-0.04518422429168942,-0.366721612988019,0.019139108546273036,0.3824062019755933,39.61301945219127
5009,0.17023797478860514,-0.0688138930560343,-0.3064935599958725,0.006433104732565412,0.34711302205195554,39.11823821512716
5010,0.14276628611407058,-0.10548639875255723,-0.28339532582315824,-0.023675306910930883,0.3700558408304097,38.415955335701994
5011,0.13633694944552818,-0.1589169801669942,-0.30393928020112054,-0.07603087324838204,0.455241739353853,37.257467189590216
5012,0.13500429568737524,-0.165663144573373,-0.29805756900805946,-0.08006350536112036,0.46147968467817996,37.22672717205919
5013,0.14674590316130715,-0.10055064493385807,-0.3039890855877877,-0.025526242138227774,0.3836596896286313,39.77381809992327
5014,0.16125667747944766,-0.018665567913988667,-0.24465077708398786,0.05291515415863599,0.21544615559389813,41.71827810372143
5015,0.16585837382599672,-0.039724891307961877,-0.2607201377374651,0.03211589663580905,0.2615272404244419,41.362837723661144
5016,0.15319496937846644,0.0033885704192020165,-0.24832236348605582,0.0555733673456856,0.20873452547810434,43.834030416535356
5017,0.15138218109173063,0.004207247424629235,-0.23303984816236525,0.06154285689449638,0.18652434971385393,42.992584667771304
5018,0.14868276150015886,-0.05513790261788121,-0.23416109659719164,0.02644359294532364,0.25137587347346263,39.883463766336426
5019,0.14930357719298673,-0.03677504619565165,-0.222961050279877,0.04161575915855613,0.21447655626688752,40.529312891336076
5020,0.16084913864511263,-0.013674961074420896,-0.24130279095516405,0.05814159158545969,0.20110590244015966,41.699109555545846
5021,0.176013009827576,-0.021814272466380846,-0.27068258099372355,0.04588087089448169,0.24437006583698867,41.06979097936627
5022,0.14512345447877587,-0.06754598594040341,-0.2323304846601339,0.014920923325309395,0.26801217306559066,38.86093731873535
5023,0.15072886335956187,-0.056791754732419555,-0.26771892305835226,0.020195153415146026,0.2906496575138144,38.60073484344598
5024,0.1634436561270968,-0.06285969107052987,-0.290189909616925,0.011343195594586852,0.3136448952595729,38.493668652906194
5025,0.17208317166049739,-0.060954045891333165,-0.28553243252980565,0.016567747574671342,0.30785459506269414,40.90277527966421
5026,0.15846568891107282,-0.0449439952749305,-0.2525402568710104,0.030557341316446995,0.2627797236538172,41.009832256864634
5027,0.15332243663757691,-0.061595833019956164,-0.26645682063181897,0.013672570640376872,0.30043550852886425,40.448881558959194
5028,0.15017025242296225,-0.04263764046245534,-0.22729546699226227,0.03237127162179002,0.23979359526027688,39.6810243923412
5029,0.1569236369572773,0.0022516877735335433,-0.20164534438070877,0.0713937051413172,0.14905257601112454,40.78692012146086
5030,0.15909020330446447,0.013796327045817463,-0.20989142035251007,0.07786658991407182,0.14379619066206936,41.39290821359861
5031,0.1601586729087763,0.007235843248699664,-0.21756588339029656,0.07196535963117712,0.1588775225561145,40.74641704115834
5032,0.1656191178826065,-0.20596940389220617,-0.35427507005113146,-0.1268367906840785,0.5482675614550269,35.6440353877056
5033,0.17539332064542354,-0.14241064355227753,-0.34334175885645696,-0.06973367602783087,0.4681975021064051,37.12313910964416
5034,0.09042955023204442,-0.16689713150163002,0.0489730236559919,-0.0502365092757057,0.15031395339203862,33.10495106976869
5035,0.15593409293630173,-0.08494077537021395,-0.2726563060328693,-0.007554883233271605,0.3401546300231451,38.28376347426319
5036,0.15524499759608076,-0.032599286988990776,-0.24449547281691517,0.036985893308566005,0.2351744855768113,39.537952706411424
5037,0.19928410778411834,-0.05285590505109168,-0.32973417804383776,0.006503024046918065,0.35413100708664225,38.57449994508792
5038,0.1522109509409343,-0.14410738916611937,-0.324184958085906,-0.07405541996600164,0.4740723722461856,37.35883820774638
5039,0.14761877152187888,0.009133265316749762,-0.1832744479469323,0.08064555034860828,0.12303628461430167,40.14203918240339
5040,0.1586247702172323,0.02413443581869844,-0.21534774503035187,0.08512709943374923,0.138593674594738,41.482413286770026
5041,0.16121232598940177,0.027904644073362617,-0.21586823590650636,0.08663829336951379,0.13505806061169998,42.00368931149479
5042,0.15360581237543372,-0.0025626159345541817,-0.20931672355754824,0.07074671491176764,0.15975530167089327,40.1158153910008
5043,0.14929735159756377,0.018368312633101583,-0.19819685652257954,0.08891635391724846,0.12189105482248103,40.39767259608319
5044,0.15598680652515684,0.025078730999022053,-0.21278296525913842,0.09303635864708172,0.12883366958737452,40.33411978320672
5045,0.19533066938394927,0.030110562925201523,-0.36750265723369324,0.09229992015463294,0.2821241603153159,43.57522911483789
5046,0.18447744320091794,0.0023555732410397157,-0.33575071997538547,0.07265059158749254,0.2792074968553705,41.63941094514916
5047,0.18981007563676294,0.0058544761404930165,-0.3415184799992528,0.07569175964716308,0.27353517889215134,39.71185535822988
5048,0.18555516722683174,0.04351308137883708,-0.3537097182464728,0.09966218269280776,0.2533389106279976,39.22857149149869
5049,0.18568438067159823,0.08770536474160681,-0.3693368436582762,0.13267504045392517,0.2155738155968811,40.009541524456075
5050,0.18576573456809548,0.053014107502409216,-0.3651869722203965,0.10701203283128646,0.2533130027104479,39.6769220416991
5051,0.18344220057197694,0.0966401597400715,-0.3856120539059478,0.14174678663832316,0.21523344989335955,39.67431995740718
5052,0.18428631330500422,0.10152374791320735,-0.3803393042405829,0.1458795576350592,0.2048081600774026,39.262531079354844
5053,0.17383686365208664,-0.007473155844979511,-0.37101288014492007,0.05801208943431085,0.3313964231639786,39.37004741597903
5054,0.17056265180472044,-0.015931150118300392,-0.3426226391664451,0.05579579812968611,0.31577827070495934,39.9120556783717
5055,0.1769369321460484,0.009011130341902283,-0.3417454261056301,0.07430893365290155,0.2890181765694263,39.86060162940197
5056,0.17677668775545408,0.0199125427408911,-0.3593567621637877,0.07869419070081557,0.29622372402729635,39.38388062852855
5057,0.16302066289872685,-0.01094526911508942,-0.37046533253592123,0.054561076819091524,0.34088076705261455,37.76200732786269
5058,0.14385226529339362,-0.05934378308864856,-0.3050924028444541,0.031657295448677084,0.3292065231566992,37.4184156408094
5059,0.172449661008817,0.005813206369331879,-0.2686947075990253,0.08535177841985979,0.207043185938491,40.19398996316277
5060,0.16961876401493536,0.006697689533415033,-0.2898646427487217,0.0787410906013432,0.2324783681621706,40.831442313525315
5061,0.16897783684245996,-0.0006753102626535067,-0.3014265107473913,0.0707588971191531,0.25342212551454724,41.14352940345194
5062,0.17320770960160672,0.004582418788515706,-0.3004752790720939,0.07686606925223766,0.2457395102569628,40.001197979580006
5063,0.1688913673993111,-0.019677847403558015,-0.30802354123019826,0.058243989543145774,0.28113262132495814,39.20984072729034
5064,0.1713068126648842,-0.007734727248932019,-0.288460214903711,0.07023227303565543,0.2461531134531184,40.55398545480832
5065,0.164577017224963,0.007903560314116325,-0.23320149660754333,0.09015356899241463,0.17230392526942187,40.61541801144555
5066,0.16493034924786207,0.011659382818133664,-0.22604959774736894,0.09439699644311815,0.16103999914861736,40.327727988708496
5067,0.1660939076402109,0.02617987272104182,-0.23800754291142218,0.10217349116428469,0.15424968495819477,40.40943335158215
5068,0.15797839314394435,0.015615916183326868,-0.23882448408842183,0.09492224168754813,0.16513621690705216,40.658104418124054
5069,0.1616011506447669,-0.011741851759989378,-0.2447541999617805,0.07116186138178379,0.19974046513088503,40.36979169906358
5070,0.16871643078897247,-0.04181181913569771,-0.31114495604456804,0.03865293264518595,0.30911470696853593,40.84748874811342
5071,0.14562454118264295,-0.05036999036037748,-0.20152154353514617,0.04837671572701228,0.22485330368378095,38.891684979169945
5072,0.1628846615713629,-0.05258350877310537,-0.2803864622635737,0.030535609948985833,0.2957459056988727,39.82027339462022
5073,0.16169150880600602,-0.060587094784865854,-0.27827276819660846,0.025640008325271794,0.3034411980227579,40.11664155257286
5074,0.16022605759374292,-0.08111289840417202,-0.30857765287737754,0.0020982527947693876,0.3605677918107716,39.86286863852867
5075,0.15644306714970813,-0.07451062111236788,-0.3032331663949205,0.005532817899123266,0.3505638505659184,38.75061517177561
5076,0.14565379823009125,-0.17856502986310524,-0.37228524008192027,-0.10309283196537077,0.5432684502100905,37.04865453322566
5077,0.14792373305127837,-0.15047069097772442,-0.3331706512671245,-0.07257315488704945,0.46393419095532745,37.79934545289941
5078,0.15636798865073065,-0.0791886452532413,-0.27412999042141795,0.00335857091406666,0.3228676034440262,39.51595826383364
5079,0.1699743558695345,-0.045506427713634834,-0.26691018813146083,0.030014603812021347,0.2794640350972116,40.26281941805477
5080,0.16619919156269253,-0.07664532245149434,-0.3000153704197714,0.0010161067453811688,0.3498079356916165,39.02565642799542
5081,0.1438807902442423,-0.10489700886043853,-0.25074406788283576,-0.01566485636559336,0.3300892163488264,38.6879061554202
5082,0.15345805356251221,-0.11429071026862674,-0.2943068074630278,-0.031055560120307316,0.3854085632004426,38.86347081412802
5083,0.1435360825529271,-0.09755929738371982,-0.2593793724846489,-0.012583568356373545,0.33316856970893366,39.08822485575087
5084,0.1524115321047141,-0.10517310078752064,-0.29690369184502524,-0.026476638835645105,0.38101086451887123,38.431205226011805
5085,0.15072856026675432,-0.019700575894926187,-0.23954977252440224,0.05041676019774894,0.21941661598175988,40.97020568388687
5086,0.14846850800378697,-0.0635038689581794,-0.26378298135457573,0.011019624401798055,0.2940174051634261,39.79219008025826
5087,0.13957546858086697,-0.09401688366837187,-0.2940759865318646,-0.01831570730104955,0.3663804836872543,40.59678781631895
5088,0.1425181195089639,-0.04430270029430449,-0.27074726735300236,0.02208214299296298,0.28237506073311186,42.26388244914577
5089,0.14438746966810803,-0.01792461287857017,-0.22824776556871226,0.053654891496619596,0.20290734322956813,40.12024483674944
5090,0.14819634905120624,-0.054558918363254286,-0.2337703862357223,0.026996169996737717,0.24854927459170498,39.66396686977963
5091,0.1455166190017051,-0.044543418197048316,-0.23904918224019053,0.033323388041845134,0.24345281682635517,40.683611698498126
5092,0.145480009492015,-0.05345992625409319,-0.22942247203716862,0.028261932389752446,0.2443671030988863,40.089788120578284
5093,0.17712448124656838,-0.07375674999400227,-0.30330055176295145,-0.0018040778585096705,0.34647271873149516,39.66070934845839
5094,0.1536631167910459,-0.033790703407305396,-0.23528160424231098,0.04107392059656567,0.2318029534926394,40.09545498908835
5095,0.1579644945882409,-0.046931575716096074,-0.25791286924512874,0.025156855950597752,0.27415768452724637,39.906646255974664
5096,0.1638012417986615,-0.051657726442703805,-0.26525090555174685,0.02086174485426605,0.2881330164021861,40.21371250885789
5097,0.156714314444196,-0.0753440915333195,-0.27575241687463586,-0.0003259745439569041,0.3247773618329147,40.53473480982042
5098,0.1713291407532062,-0.01759839555264401,-0.2551370348208236,0.050674063774024544,0.22917596501486265,40.8267862316007
5099,0.16212836905568603,-0.005035884507808166,-0.23596043635279207,0.0604913013741019,0.1924434043241403,40.783774093870576
5100,0.1483332488868299,-0.03565089929239221,-0.23671194796453718,0.03596312925457012,0.2336114036175685,39.707050132758454
5101,0.13686518832992056,-0.0649902918590579,-0.2633759520895978,0.008340530108424624,0.3068371123246631,38.38903016056721
5102,0.15936665523133547,-0.03463118087856595,-0.28879747399743894,0.026436437111436027,0.29315217791610804,39.70479598407911
5103,0.16441245540327196,-0.03397157771965727,-0.2731471455934675,0.03283186523923141,0.2666034916679369,39.8958783390655
5104,0.17431491851240363,-0.11696144578520651,-0.35027798189759146,-0.04465713764368264,0.44471640848770183,37.99916883199919
5105,0.12702215208977008,-0.14155544679343895,-0.19265929547378852,-0.043837700858701756,0.3461601207373342,35.69574858851009
5106,0.12294090604791347,-0.0945405939945478,-0.09818567659160023,-0.006841681810655321,0.19980066298963986,36.34769738328977
5107,0.16788994580340272,-0.05060456812770451,-0.33127640461734364,0.016731660617476187,0.3472399511140577,39.653594999995725
5108,0.15994789594622436,-0.01194762222210217,-0.2505788098884201,0.05580499376814778,0.2155753142100467,39.998938684242994
5109,0.1564034649893861,-0.0789366474883535,-0.29026704430776173,-0.006383527144754835,0.3367330297905837,38.859916478072606
5110,0.15438225100739458,-0.12755342134973585,-0.3408076002636215,-0.05280686388364885,0.4605798358536139,38.68454643457887
5111,0.14125879684703502,-0.02428970231937364,-0.18348451861128567,0.055286365886263476,0.1660532601604832,39.98673644901753
5112,0.15009039009679856,0.01933594736693642,-0.19413400795072316,0.0886760557612799,0.11793683114347912,41.243349985923295
5113,0.15706379296627468,0.022282902228045295,-0.21670241829681028,0.08639936494712899,0.1400013189156179,41.102359692881464
5114,0.15669047850154771,0.018929840572714834,-0.22104529051004135,0.08338317495616374,0.14812121116510735,40.64128667745701
5115,0.1493707802633865,0.017559805641124922,-0.21387167120061745,0.08716663307315586,0.1384969648649351,40.538696315462744
5116,0.19364080311641718,0.024962299792066687,-0.35617367548507856,0.08841315601192364,0.2731445748047983,42.861537404707654
5117,0.20213650294134677,0.0516748057861006,-0.35816053108490126,0.1159817300177126,0.23407333331535338,44.162001047086044
5118,0.1939809370509609,0.04785671385520954,-0.36312229820633607,0.11034352849059695,0.24627092898919178,43.846512362602525
5119,0.19003779549512886,0.03926309026910202,-0.362329833061897,0.10026320068875594,0.25402889561769276,40.38841690562964
5120,0.18289441393908512,-0.04693681344805331,-0.3767762357605224,0.024413448267970202,0.37442762921048733,38.382397119587225
5121,0.17816228157064312,0.02586810227257736,-0.3706020042910146,0.08491640558435123,0.2871474221095824,38.94349727817215
5122,0.1790027673507487,0.06434800131749949,-0.3708916606632558,0.11821865092413954,0.24510507004169932,39.55692038637072
5123,0.1734396119105142,0.004417318666601414,-0.37341240832720585,0.06583157825914487,0.3230249206712109,38.88337065931235
5124,0.172769735758891,0.02264060719076494,-0.34465520249198295,0.08634621999651625,0.2663621696409223,40.147369932121705
5125,0.1622093308822186,-0.057387772120701744,-0.3477688914027891,0.02237343246139772,0.36369658561403906,39.21666593977641
5126,0.16924614819614692,0.022212007000767937,-0.270951165837456,0.09245767985403608,0.19571305137266531,42.394155621179415
5127,0.1644516728168112,-0.019477299584399452,-0.2907047560485881,0.06025664613235944,0.26723550126559403,40.20386603055177
5128,0.16697403843218417,-0.024437249663992574,-0.3372025730667421,0.05052607603202053,0.32063135861069775,38.704018754771624
5129,0.16309473929273902,-0.014097251146610887,-0.34147341264324593,0.06244464933436646,0.3041008617979935,37.52247860658337
5130,0.17082064584094533,-0.021707352085956633,-0.27874769258255533,0.06220542894469979,0.253880163378322,38.68718645266395
5131,0.16662439080664504,0.002640469517179136,-0.25909267013792764,0.08272507615236764,0.2075811793772628,40.20539860143095
5132,0.17336945867549952,0.028603003615760094,-0.29463820585777717,0.09485976087973991,0.21369978143573534,42.018314486899776
5133,0.17138469810540793,0.030695617243898528,-0.29072740402361946,0.09595420283197464,0.20692630998045874,42.039795945832516
5134,0.17549444526398938,0.0031637991363274364,-0.32284878225962205,0.07348698635153143,0.2750462623140336,40.21343775197788
5135,0.17501233134237332,-0.003931824013446754,-0.35614855795965233,0.0648381445509691,0.31527902626955473,39.36401401112844
5136,0.17617088452924778,-0.020183977491504645,-0.35014815175516817,0.051783176948747935,0.32908122725603733,39.836895211458156
5137,0.17166080051775062,-0.0160204306636813,-0.28567216614938823,0.06375908241399336,0.2556932979761145,39.20120556735168
5138,0.1675147015043735,0.025261357482475478,-0.25144294261252287,0.10224535940136469,0.16532809132927334,39.97392637219917
5139,0.1686232895976955,0.04628519959447266,-0.26359615076648896,0.11163677355382151,0.1567063603938245,40.99962701542022
5140,0.16383057034337326,0.007184189595366356,-0.26148407345143293,0.08437942648605837,0.20039234853966195,40.02340855466053
5141,0.15130549906431603,-0.05250677019385027,-0.2494252074345255,0.042344337123501205,0.2750592147792595,38.03954256490633
5142,0.16828878116477197,-0.037850709678173416,-0.3129640199664444,0.04230923091226915,0.3074829684534129,39.47384735943485
5143,0.17019622690874103,-0.04055804510131044,-0.34091276922914776,0.03382771155225378,0.34383541196461886,39.724606190550915
5144,0.16814839168491172,-0.03398367388223401,-0.31345384333726845,0.041050971341852496,0.3129557830591314,39.004567578749075
5145,0.16622763337828897,-0.055231824616325816,-0.3249286588802074,0.021791137077830345,0.34898114034106026,39.65883160873162
5146,0.1685255779707451,-0.050191694524572054,-0.312190930936705,0.026960812074885113,0.32876809984618544,39.84495566676302
5147,0.15445580471281237,-0.09815118859413015,-0.32077344997536816,-0.015138889263135568,0.39157629234832325,38.74613896282886
5148,0.14725714672590856,-0.10383803635203759,-0.3367869070904528,-0.02848555190914171,0.42310347977189683,38.733532299665804
5149,0.15666237332456404,-0.08556482212943263,-0.2907612587239888,-0.002121631990670404,0.3501940183441085,39.570796122466106
5150,0.15270141526815278,-0.067134455865863,-0.2582266080183773,0.017100354114927455,0.29454231584137025,40.22517307731257
5151,0.14025630258337174,-0.0986009218574244,-0.2778458450277409,-0.012767570742146052,0.3553047364779743,38.103009194426214
5152,0.1480108710256925,-0.06410298091769945,-0.23712384225077526,0.02148784154127763,0.2676671975889089,39.39471020024802
5153,0.16312806633758062,-0.06296340867607605,-0.2625617431110751,0.018018099790534366,0.28946342141080805,40.20238020668427
5154,0.15153693868844326,-0.09584265088834934,-0.2711551180207834,-0.010401758053844844,0.3357006476264223,39.78054135552211
5155,0.14346912061565278,-0.11481682864501697,-0.2749473691558138,-0.028463770104241618,0.37030872841510465,39.15244936744278
5156,0.14846544735660214,-0.1033181312574145,-0.30008815006065453,-0.025019987275287064,0.3802731979500016,39.41721011054288
5157,0.16277577250178185,-0.005516480319933225,-0.24410151276766925,0.06001753970452905,0.2037097899232899,41.8661881151465
5158,0.15115971256302854,-0.08411594131037545,-0.2911469975924003,-0.009460960978667311,0.3438137755677935,40.449051110553064
5159,0.1469880134706925,-0.0662714961807271,-0.3068176762613968,0.0033956415730768577,0.3493726334763968,40.71516661188957
5160,0.13999528174439213,-0.08704474667298696,-0.274965987496602,-0.006822665827719872,0.33651871885744344,40.15426028209823
5161,0.16263297490461953,-0.022950896478515136,-0.2835295343469548,0.04256244046356015,0.26812644596436475,41.21158419276945
5162,0.15945844089958947,0.005181973719408367,-0.2281423474143866,0.07113158124828872,0.17105432229876788,42.62771042014423
5163,0.14573309256009645,-0.054015164848192396,-0.2490607590222976,0.024525459588912082,0.26925732691847515,40.31683998075607
5164,0.15098800603170454,-0.09212833977031182,-0.2854477267708491,-0.015573486503994604,0.35634602207056365,39.01216694059744
5165,0.1647311901718668,-0.06952053300867098,-0.30144305449340403,0.0009638109265718482,0.3466623916227502,39.605908990371624
5166,0.16270006640389495,0.0006533013310683757,-0.2398694612250813,0.0640509715930252,0.19326308311962634,41.17374786729128
5167,0.16217679895911355,0.0229055066554913,-0.21142023874741742,0.08629625174580098,0.13063826030501224,40.81775292554989
5168,0.16537787902797293,-0.019011991065569264,-0.23501591269021357,0.05063832384410465,0.21126324564193943,40.49642333453445
5169,0.16024872486144529,-0.045817780854175615,-0.26032971217690837,0.025462024254541485,0.2691867539340585,40.95219603271776
5170,0.16917587972239206,-0.02105315110796299,-0.3034326280030216,0.04162983664682669,0.2815316990780418,39.54767922387423
5171,0.1585639777631749,-0.02775886771588933,-0.2506266585234739,0.04205247519696883,0.23174625581150313,40.14745423467704
5172,0.13559633157226056,-0.1274163134112138,-0.33376842395284556,-0.05301605413238884,0.45754800129571316,37.083471150576244
5173,0.1409558796679653,-0.07918528603714395,-0.2951890873544175,-0.01077929639585857,0.370616036040495,38.09052191794547
5174,0.17645181023356032,0.026440188233557975,-0.2749928797800193,0.07505153370673577,0.20150900024838234,41.477680176265515
5175,0.16262613226662928,-0.025082830283191457,-0.3137180562286662,0.03793700198681791,0.30045592024356116,38.90036971956632
5176,0.15572703216693926,-0.08438362241782314,-0.28642064022321156,-0.008081674022474348,0.351608252943092,38.25584902979619
5177,0.08470661018646196,-0.13364093449958367,0.04119411756970606,-0.02033119366098609,0.12614377932246681,34.03546479719333
5178,0.15947648037965503,0.02914206574313347,-0.3271476085417774,0.08656149551928753,0.24515302046144866,39.94042575574137
5179,0.1580926767877461,-0.11535065788682979,-0.29352290458696406,-0.027755424892809837,0.38675572122514934,37.04130783052785
5180,0.1637255998853574,-0.049203147912778876,-0.29137326038182637,0.021967842429827116,0.3036321733766688,39.4496924729049
5181,0.16542971824931002,-0.0289856102351597,-0.2702375791495032,0.042327830812866195,0.2549619273679516,39.74254106556085
5182,0.15769169344140135,-0.03423227171961472,-0.2709422722757705,0.036318529954387384,0.26501969749792914,40.18097752509241
5183,0.1495199307328483,-0.02149518427408295,-0.2177250095620624,0.05416364519539996,0.19043572704933534,40.44995549537492
5184,0.15814319621052406,0.017493371936053992,-0.22503812511153498,0.08412126336069471,0.15191571522535513,41.49303727687453
5185,0.15776882873266604,0.02149567886045888,-0.22267788114171103,0.08720625209864753,0.1453215674536625,40.29952982849331
5186,0.1572152534222555,0.019757100887732647,-0.24783418554694547,0.08101684203456176,0.1733070338239628,40.16753885178283
5187,0.19469320775649823,0.08069543333624234,-0.34042084550478774,0.132631651692127,0.18968920067292422,44.42518739282155
5188,0.1958530624319203,0.046350709177186346,-0.3465168244094011,0.10924201223731439,0.23040142359311974,42.23971013474069
5189,0.19393729073083987,0.05276431635595914,-0.3611408052140758,0.11692114855894446,0.23205394605118917,44.9288784648691
5190,0.19249891639953606,0.054917879499656465,-0.36075747449762907,0.11379829965163323,0.23532341297833959,42.54956220095646
5191,0.18841506075890274,0.0548951661772079,-0.3615356440060618,0.10967292565163997,0.2456136761581255,39.84078887948732
5192,0.19449619437926813,0.07118223652433746,-0.3512022999953575,0.12170933392328588,0.21895585815007432,39.378158571750284
5193,0.17194679240874675,0.04117455246419135,-0.354439805832487,0.09735117648140393,0.2654226954076907,39.20778887733301
5194,0.17191691572612794,0.0030118046320516934,-0.36199758815010397,0.06578848042846427,0.31547225035199933,38.52026563483026
5195,0.16399046473951479,-0.01794943434263631,-0.32096102239250324,0.052363063191650114,0.29673006106115524,40.700489636191264
5196,0.163096186856545,-0.00815487889271006,-0.3418110806682074,0.060905147696256684,0.30440325794709444,38.74818965116207
5197,0.1605177377223641,-0.007257416873132884,-0.33143143946682707,0.06466680831686633,0.292195919915644,38.97381575516131
5198,0.15921284528719556,-0.030410643647861307,-0.3086465920604567,0.049955010688554714,0.29705723598963585,39.3699615448502
5199,0.14256247099708863,-0.06404052715973327,-0.1794031425541136,0.046877063316594934,0.22036158189613797,38.56297886830686
5200,0.1379266530966843,-0.00908795227884466,-0.32541988487515167,0.0673049432464996,0.2991408221234713,37.624127461983704
5201,0.17238391938523012,0.02404542204818375,-0.36121376371210034,0.08842411814522479,0.28087130338841965,38.778941103989894
5202,0.17115174842981923,0.006955085865944477,-0.3424650115043158,0.07389280930069717,0.291500100729908,39.226212648845205
5203,0.1745527247642501,0.04694132933880736,-0.35278187153976187,0.105727541599973,0.24862446122429926,40.060651756444294
5204,0.1354845339613765,-0.06704401835923825,-0.25840510468964467,0.0271777015708363,0.29936584582957504,37.53563957426821
5205,0.17168321062660657,0.022489918148549403,-0.3594487806089835,0.08396495983350466,0.28687189158810933,37.80897631441225
5206,0.17199434869944127,-0.0433281353467057,-0.37628111440945516,0.02951799265284451,0.38102582754548786,38.7067998033415
5207,0.17900602017861228,-0.013492846750978437,-0.361842732156703,0.05721230571112777,0.3317602606626254,39.381252925211435
5208,0.17946878235471445,-0.01762899750714801,-0.364210694211905,0.05189901534454263,0.3454876214594949,39.06993850953047
5209,0.17651286693640583,-0.0057341135641450856,-0.32729263310239753,0.06488181334367081,0.29487354792261516,39.06620898829517
5210,0.17076295206198722,0.01750375333083826,-0.29490714641020366,0.08810272086146399,0.22537911458419435,40.064401952724545
5211,0.18857576505563386,-0.008790463450157365,-0.35933780117393094,0.05946993540361248,0.32290881473500893,39.753133378321586
5212,0.17303883112679433,-0.033796225398158006,-0.37550805272624466,0.03507236744836791,0.37867792515503,38.826961000967366
5213,0.16676386789343448,-0.04766207472223795,-0.3734940996459282,0.024626882742438124,0.38834954295981017,38.89748344287807
5214,0.16339169869845147,-0.08005612687028163,-0.3598018532622848,-0.004847024379719739,0.41883512095193043,38.65768486508935
5215,0.18120625988625427,0.0015844814491745298,-0.2956544092952641,0.07665427816413195,0.2338790267355458,40.58433189456211
5216,0.17393562667040927,-0.017216708594003424,-0.2921580287487942,0.05974695680664942,0.26003599457604115,40.14454407046833
5217,0.17053413338818693,0.0051966857629262035,-0.27812589871159454,0.07894448366692637,0.21295998620594583,41.49393467405573
5218,0.1749868524055939,-0.012597748900302207,-0.2792628789846248,0.06484062282252014,0.2408227605254025,39.63188820134572
5219,0.1624099854295151,-0.05728382140377237,-0.3366997222616442,0.01564141545965548,0.3622017165463495,39.228049198843365
5220,0.15184507821196253,-0.067010268495751,-0.2989612036190739,0.01211110784350838,0.33727599161753696,38.59391154308076
5221,0.15713375728787962,-0.06921398906190346,-0.2900474738294498,0.010263211395594905,0.3267039891621497,39.36448604057963
5222,0.14689481270723798,-0.07735130173361483,-0.2618081865754996,0.007974489347734927,0.310105932949811,40.17718975005601
5223,0.15199661827111724,-0.038921124675442474,-0.2358978086021799,0.04085687133684072,0.2369374508617127,40.701564380633805
5224,0.15589692761283208,-0.07384534852602985,-0.2773309944257114,0.0061681485440821275,0.32052604930197537,40.1173299886242
5225,0.14857685051897887,-0.07764581361435523,-0.25787649964838427,0.005947162617556495,0.3052389428357995,39.641567687731055
5226,0.1583659800969409,-0.06533955050250811,-0.27684430701148477,0.012897912139986482,0.30968894194031676,40.0374551948832
5227,0.15766413695891246,-0.06022216008383391,-0.28146360326734177,0.017559531758265332,0.30673352456031683,40.27074136960798
5228,0.1601251311074344,-0.05481382366281652,-0.28364436569823637,0.01595158247577918,0.30561782645809515,40.85229239632256
5229,0.1551079002150073,0.021087877481189017,-0.2505768509844011,0.07728088968691176,0.17991831008803677,42.69617771682663
5230,0.141082496846231,-0.005114900312953737,-0.24256943612886675,0.06117590984436156,0.201560651327264,42.006792037853465
5231,0.14643817273772244,0.0497961678883284,-0.28965153145359807,0.09722570270496438,0.17879665460788013,44.37608995810462
5232,0.15089025152148713,-0.005027527578579067,-0.2609155043872224,0.06190292718092467,0.2169003423703415,42.34741024476945
5233,0.13639471846367351,-0.09150717546442416,-0.17975382735757178,0.00826307343898244,0.24481492852249168,39.77194166196245
5234,0.13963595691524408,-0.18186756844411717,-0.16030250465269,-0.05577432971336707,0.3522857471417678,36.605884845584164
5235,0.16824260871152075,-0.15111986096535415,-0.36962617336347464,-0.08018877662022092,0.5168470304889365,37.08907094799061
5236,0.15663538829809528,-0.007020250894942728,-0.23877717488444436,0.060855209105801014,0.19683445321622914,39.93361541855443
5237,0.1636551729734687,0.010388211950405634,-0.23279462753797672,0.0741661522354057,0.1673310036787395,40.53538916020936
5238,0.15613504023302976,-0.0133844972393295,-0.22538865942590555,0.0571600832040633,0.19275325884624359,40.10689586043801
5239,0.15508177728978997,0.0010248702293642223,-0.1999156517544317,0.07375876442387645,0.14909727845122245,40.655509093929716
5240,0.15576212283077714,0.016890434938487665,-0.20738712553327857,0.08215138425576393,0.13811445992888863,41.67514347877496
5241,0.1507858665995508,0.02202847349360669,-0.1968471812360981,0.08612235395522844,0.1218242488213299,41.46493935910998
5242,0.15651981434609885,-0.028568037360942638,-0.2407515560916722,0.03966164894348361,0.2255617199759763,39.960448828155464
5243,0.15179402874369732,-0.1142877860038161,-0.33053619964339276,-0.042917576606586044,0.42934140355138095,37.4987241209401
5244,0.16003664392120887,-0.05417498167597921,-0.3105884908746505,0.010327140453872653,0.33816835279438956,39.39823920760492
5245,0.1712578625059748,0.009098232917564106,-0.2659512455923342,0.06669577653858078,0.21178254828995566,41.31722715102058
5246,0.1695515137751114,-0.0718661265448282,-0.3439960041272748,-0.004236004241358909,0.39142219034471926,38.18314356946891
5247,0.10653399850479071,-0.1252985828262702,-0.04826204326502485,-0.030235223022385613,0.19608572250624912,34.79168882183381
5248,0.14834244566364385,-0.022812430679945157,-0.265041361942898,0.036675325166556486,0.27159429152346926,38.50681859589445
5249,0.16910968341143243,0.013337222461161063,-0.33653625654467484,0.06967947060847543,0.2752217986482787,39.984970133808574
5250,0.16802518202250563,-0.08008336052019638,-0.3318068613842154,-0.006271514921121774,0.38417368035675303,37.695023183681045
5251,0.16208760626924182,-0.0700278047600706,-0.32454317226655194,0.0017023515694666294,0.3670970525207466,39.30204791682038
5252,0.16738411071431616,-0.05496575519891803,-0.31000625432036544,0.018124903451358587,0.32890765272336614,39.42278285934065
5253,0.20790405035653553,0.07504771221715018,-0.33911813661515433,0.12955216583242513,0.19519923475815446,44.88868450802245
5254,0.19878468686360215,0.04437531006713853,-0.34847174326471936,0.10370338291217378,0.24310576931357855,43.2592835737559
5255,0.18903673451927724,0.024192620541611413,-0.35953584733829075,0.0884484354805175,0.27820741363598805,43.35399832679598
5256,0.18815057548924724,0.01307894032035061,-0.3544841651722034,0.07846860223349009,0.28377432061250635,42.90419275218286
5257,0.19403813175444642,0.04962438810741419,-0.34595433423432825,0.10836977333952301,0.2295477267216107,41.904201826032924
5258,0.18794713819094042,0.01746190258052532,-0.3450635047699986,0.07973142673337273,0.27773661321754267,39.59448700655038
5259,0.18427567060009525,0.04855904536100408,-0.34668404477837134,0.10454369976859322,0.24176362728031442,39.6733296152596
5260,0.18041515157701163,0.06615107803796416,-0.37506606608863347,0.11671857942986175,0.2475539829541737,39.875913682418336
5261,0.17764791077572584,0.03910145143355732,-0.373161523395629,0.09373475172105532,0.27902083932652216,39.10888554105061
5262,0.17555069625023045,0.06649088859076537,-0.37225851938038684,0.11852890122237769,0.24072877677509957,38.67347361616
5263,0.17314570120181402,0.04685923464806593,-0.36996070972859285,0.10169330662918019,0.2728654464105991,38.06979520753234
5264,0.15580732289113872,-0.018298773027769267,-0.35211414886611364,0.05527708476020341,0.3289542867433014,37.39902940270808
5265,0.1540291897281677,-0.025420052376817943,-0.35110554435861774,0.045535200157474254,0.36202669207909866,39.5920896079828
5266,0.16836631474556923,0.053639081031305894,-0.3862341745958169,0.10402440467058818,0.28855424061253054,39.59022836114247
5267,0.1817461545100849,0.0634508160797843,-0.37842867025593424,0.1138476809326475,0.2553325417035971,40.73790558332794
5268,0.1787952180044587,0.09095212671680575,-0.37961392295755103,0.13579993124467182,0.2236943659815761,41.231638197270925
5269,0.18538674194591037,0.03793385651338994,-0.35834836406998616,0.09770385275871914,0.26471096019665935,38.85408988468949
5270,0.17901766748039158,0.053686665674938024,-0.36578714381672844,0.10745190050693741,0.2564410260910954,37.932415599268445
5271,0.17249557781595054,0.02703734626026039,-0.3787212596922959,0.08648106394645175,0.29623031288424495,37.38468315330634
5272,0.1787222920471576,-0.00020786297206590413,-0.368656506542462,0.0668090002383395,0.3193213824480905,37.916301764139924
5273,0.1816671310774873,0.006639012182256872,-0.33217397184785924,0.08255691829915646,0.25900889780595765,39.89972959183513
5274,0.1876883649470634,0.0075606561929634645,-0.3777046101624404,0.07055351540387368,0.3281143591546032,40.62250898477973
5275,0.19103084698522171,-0.004282529525303601,-0.385728391342332,0.05897428691861356,0.35959602838043303,39.59583713636114
5276,0.18794118716012298,-0.01006815225550029,-0.3761693219215135,0.05413327187021131,0.3539138752325671,39.30374028204484
5277,0.17362364409798348,-0.04325584846616047,-0.387412288290989,0.022564716705661847,0.41103843258062817,38.90602395291143
5278,0.1647415120702235,-0.05082818264612351,-0.3954122024977304,0.00894383440580038,0.4440246813647447,38.22120239072548
5279,0.16268997253211825,-0.06200331761943289,-0.3654402093186388,0.010004531458883947,0.4037108093590683,38.935971996736306
5280,0.16005507230800045,-0.07371051650874191,-0.3182181527963482,0.00847573135159769,0.36035822724497674,39.315675687058274
5281,0.166177901562794,-0.02062258132272074,-0.2767519758392583,0.05905706386728248,0.24888108136300618,40.77924121022787
5282,0.16401553283599957,-0.02918458437161383,-0.2788300068818247,0.05444590492013879,0.2576670680638105,40.098890127092034
5283,0.14835725818976722,-0.005419033680306045,-0.2501611435652188,0.0748341437752451,0.20013471059401974,40.97579220686876
5284,0.15489129947932223,-0.014224588356600166,-0.2636705535427601,0.06559910299420928,0.22322414035800142,41.00199266023297
5285,0.16324608945281335,-0.07462268679028677,-0.34928867133395114,-0.0015736471162518524,0.4038450637384214,39.15220867979152
5286,0.16259570319068536,-0.028124106998932762,-0.2988180804377341,0.03869534681109649,0.28849737833641353,41.420046027839994
5287,0.16204094040066455,0.009466300795152725,-0.2583816066521059,0.07503513658665587,0.1984513929864198,42.900602416946086
5288,0.15114717206430542,-0.06823669328465136,-0.28214892167012406,0.008764422541178372,0.3209981031076123,40.28385562928703
5289,0.1583694702433609,-0.03204093203403679,-0.326425387503892,0.02905364316825179,0.32828783073942225,40.45768442146624
5290,0.15173828295887454,-0.07582324012418816,-0.3385658348696024,-0.009345750100641327,0.3934492062219038,38.9123621926709
5291,0.1429220323224984,-0.06687075117401695,-0.2671311899799668,0.01071194136222546,0.30711253338409067,40.863158821371144
5292,0.15846425982447052,-0.03518054561988009,-0.25377041806499756,0.03908511667767046,0.24829854593722245,41.46143517160045
5293,0.15845396889006788,-0.024095480738185068,-0.2555060948835439,0.048127598291440636,0.23348861322498313,41.83940777703842
5294,0.1518583230740624,0.0023032474814091205,-0.21988261403455792,0.07033829563234166,0.17082694787910166,43.17774056536242
5295,0.15545447131657994,0.027016863441612006,-0.24288981141295912,0.08452627708711898,0.16286864822925845,43.42341911757268
5296,0.134447632778058,-0.01847537502349265,-0.23775481881214122,0.04897408344431781,0.21680045297668582,40.98535521580904
5297,0.16756758776254196,0.038275348164831975,-0.2673401532866746,0.09443476438367697,0.16614243923003877,44.01592899650499
5298,0.1579187608435223,0.01515285923037987,-0.22153508582031928,0.08016293356575482,0.15324948053058907,42.27537912607583
5299,0.16203668114493666,0.02323711284509491,-0.23234070317702826,0.0854476072496805,0.15220921800019538,41.667162082395514
5300,0.0965046311482525,-0.2830727323762615,0.06413112384489121,-0.08572414361099842,0.25410183516026025,34.909150920584835
5301,0.12985101558015313,-0.1818030629142463,-0.17073735372190715,-0.06227658317718373,0.3581402861784737,35.7469532968551
5302,0.16010719964142225,0.010578026071849241,-0.23952871294833697,0.07538419589201602,0.17500370360678075,39.68276515908168
5303,0.15852366262043002,0.03277047926749909,-0.21844875894963645,0.09368344616127054,0.12631958206755814,40.26690570667296
5304,0.17093248997052032,0.020346778671297288,-0.2345424809386111,0.08580821156726486,0.15527250877714815,40.03750474909774
5305,0.1556650329558182,0.006329261020907923,-0.19595432046847003,0.07745129368830958,0.13828540567392786,40.77534963187542
5306,0.15808928184226062,0.00598203392358306,-0.214035537353797,0.07248507884227137,0.1607956363754518,41.61962437390824
5307,0.1494436595567061,0.017316506296082793,-0.19188026153939725,0.08463137736541856,0.12182910792987844,41.36592802647389
5308,0.15585198523013152,-0.0895458052436556,-0.2950539543861384,-0.017554141955944118,0.3644367087758703,38.25369288681881
5309,0.1325529406631018,-0.2000980512876806,-0.2773334363522666,-0.11040580652630855,0.49531866255866,34.76562650949301
5310,0.11988741201638402,-0.16301189929684118,-0.1258158461504832,-0.0510564923644772,0.30680530843532955,35.012255521963056
5311,0.14902308431754713,-0.10510374858286714,-0.22450803012039638,-0.01597181287007217,0.3258930570999959,37.12041231893773
5312,0.16131635913628609,-0.12822583612507407,-0.29983939685996364,-0.0510089515404731,0.4268600741107962,35.99986099436442
5313,0.12224135755760386,-0.06570478460659201,-0.14277657318100906,0.011097404612028954,0.21354755712723628,36.8845954250975
5314,0.18097959427444987,0.026632167143921217,-0.3488882268274028,0.07524684486189315,0.27774120879845954,40.89121407918862
5315,0.1697821688883922,0.030690285020869575,-0.3441443022821672,0.07874690933138935,0.267069203292159,40.22467092659918
5316,0.1686103119745721,-0.06466322164505844,-0.34223503713462655,0.004953655694194717,0.38246748463253644,37.84101771141898
5317,0.16582683642205295,-0.06845430007438752,-0.31753081297792246,0.003756074255490319,0.3568912429383287,39.158562043333795
5318,0.16869202869412345,-0.037739969742503744,-0.30930201286507486,0.03277782845680609,0.3049975241187665,39.93434711638087
5319,0.16757189904204634,-0.004286920233792994,-0.27907829378636445,0.0620982971945475,0.2356314850677253,40.57085188152092
5320,0.2100795729403459,0.08892073902557608,-0.3405481858394192,0.14153607387959966,0.17792341605499395,46.78430780667715
5321,0.20670232297937857,0.08878391977461608,-0.3506047910816727,0.13591488875787147,0.19473869814782963,45.55270931222992
5322,0.18186071668788636,-0.007295442004033566,-0.35362560165667817,0.05929306918306474,0.31732926650354504,42.748220015935104
5323,0.1729394158178015,-0.006868670153558235,-0.3162920342622102,0.06294548704624704,0.27721421289123716,42.70104583817472
5324,0.1779940426101937,-0.03952166019324016,-0.3494502825124689,0.034240808976572334,0.34702294413833557,42.63580600640205
5325,0.18482323839026985,0.014582089843650144,-0.3576753643282012,0.0794505347999056,0.28502044752896544,42.77079456298908
5326,0.18884132209247714,0.03369480214575005,-0.3620247331274893,0.0939809308795991,0.26621145590197237,41.305536680648125
5327,0.1815335273313995,0.05238610183316735,-0.37766524921526856,0.10717261707439876,0.2603729445480818,40.64567890356102
5328,0.18543499913982625,0.09789883343351019,-0.3740756985881731,0.1433290311451781,0.20235089745039714,39.95862827554186
5329,0.18189335829159783,0.06201065171522253,-0.3687346450060467,0.11418725488159984,0.2447889241052587,39.35728025741188
5330,0.17733300979879107,0.07722457559000978,-0.3782629368115441,0.1257022608666538,0.24041765340965898,40.43752428137081
5331,0.1707269804366221,0.06355849774384703,-0.38268789631718964,0.11192228941300546,0.2686691536385731,40.15959268414314
5332,0.1776301134265763,0.009391044715529963,-0.377761953859753,0.07169467493887705,0.3255982441725808,39.273592116900076
5333,0.1594897556607916,0.022359237860825838,-0.3949841166547713,0.07430397210447837,0.34341196866350815,40.232410698223234
5334,0.16042925326789922,0.05142710970900295,-0.41232198815639465,0.09152904157946277,0.3344069834222968,40.24416067370263
5335,0.17492887634521745,0.058615328468864955,-0.402388699079197,0.11082528936065324,0.27840709369455086,41.3584691914339
5336,0.17424959896147355,0.049453196773121426,-0.3830620549515336,0.10688242794134725,0.26859220748961177,41.07938167732468
5337,0.172444067241613,0.011378197971188215,-0.3750642960301874,0.07618627657024771,0.3027143340505773,39.69362365526176
5338,0.17572754496604717,0.013266482885876967,-0.3825770993325919,0.07243744885720817,0.32215229809067963,39.03755603026973
5339,0.17142075190236156,0.05576747869077022,-0.3903664871547935,0.10473553047055406,0.29043526539614734,38.5618633818255
5340,0.18792756488916657,0.10558956212993618,-0.3952880029696451,0.14744597916894792,0.22267541912545347,42.20189053839615
5341,0.18003337974771802,0.06537227412393538,-0.3732875362439096,0.11781205019298317,0.25248942149904213,40.01979500000763
5342,0.19204269550903727,0.025154201789155076,-0.332552084069129,0.09211018290327906,0.24901544093398859,40.3260747384466
5343,0.19461475899871208,0.014721375765334773,-0.3772315157891109,0.07820918201064522,0.3179465479335377,40.96488158803888
5344,0.16655561683556486,-0.042265468170299074,-0.39406475916429134,0.021371070395481567,0.4236113234768336,39.21649421579112
5345,0.17441008830572247,-0.025894995819261805,-0.383047121721056,0.03848245547101595,0.387242804931328,39.44354666237883
5346,0.16616235805560312,-0.09207175298028754,-0.36432516121631836,-0.017167947432635805,0.4354207131831603,38.45284931645091
5347,0.16664099198087298,-0.0502185519166593,-0.32419257064867313,0.02140748065866962,0.344694426209613,40.291367938187356
5348,0.16281883718645432,0.018127417534836668,-0.2667112669243454,0.08699683113731797,0.19792825398794903,42.6683039177733
5349,0.1818360298538604,0.04141472903044001,-0.2767981864131166,0.09422805200727984,0.186868928700066,43.86676020536168
5350,0.1719857077249033,-0.030274762716819052,-0.34805264405486147,0.03759317308050291,0.3502337307788457,39.93157317033072
5351,0.17206288200737171,-0.04086706008136341,-0.33412579822932365,0.03367220906886015,0.3387765268907383,40.096748822381
5352,0.1776436900823071,-0.011085423065221917,-0.30497343585764974,0.05643219208760185,0.27413063831817946,41.211793625020896
5353,0.17905578369048825,-0.008079806436034433,-0.32504427598322394,0.052200245336454267,0.29829218730133183,41.524792760524164
5354,0.17886291460910067,0.01649185237346168,-0.2951765628207229,0.0733799742760701,0.23152699619304612,42.48872069698976
5355,0.170534312063036,-0.003284269935050528,-0.2693631673468285,0.06317146298081212,0.22744259593396493,41.799867543527085
5356,0.1600078374721062,-0.10205754438772906,-0.3065429919329085,-0.023961264861552128,0.38639953709193947,39.645436191250695
5357,0.156527064204366,-0.0939932919933928,-0.3522482754955963,-0.0223334240957052,0.43054932817743596,38.47321334477029
5358,0.15646375457612627,-0.07840664367944326,-0.34049637364036045,-0.0075178220622028925,0.39653579489404545,37.651846148057565
5359,0.16296416073080638,0.002751581806901768,-0.25937653287176976,0.06531599783094955,0.2105919399054823,41.51338135003895
5360,0.15778954565810163,0.003971254111078273,-0.2439383860511789,0.06808867583182315,0.1919950016398188,42.231310026537095
5361,0.16156501630333855,0.019121339943996202,-0.2207382563987197,0.08389884763408934,0.14796595942268184,42.541627551598424
5362,0.15708218375938607,0.028798107497804083,-0.21562567865587082,0.08899349348068433,0.13471737689937194,43.4730507143354
5363,0.15806423430432567,0.013419284483045085,-0.248929797176342,0.07591658515608993,0.18325069708142838,43.03655534437545
5364,0.15039125546172308,0.005863663686184327,-0.24297845455815573,0.06692691546013738,0.1935692794807807,40.88991902394859
5365,0.16741556221264248,0.019827245801274217,-0.24803207136697045,0.08038703277771032,0.17469758575177005,41.58081385080143
5366,0.16318556098803527,-0.014084509948562685,-0.25444986782150913,0.05359758535636336,0.231123877781593,41.56244936490408
5367,0.16026262920566486,-0.029794734165957047,-0.26377954631948636,0.041005790347992926,0.2589288469365359,40.24433279485507
5368,0.17024469511840176,-0.0698463301096791,-0.2929724512878904,0.006031587852282367,0.3351747157378825,39.2774005702337
5369,0.12241779246658409,-0.22913533172770342,-0.055446968557109795,-0.07296658357611792,0.30752588054089225,35.97933968559574
5370,0.14854339212316772,-0.08290687410455998,-0.1927171971973163,0.013273615666106043,0.25011602777704006,38.36861461237
5371,0.156656728430952,-0.005804640034647573,-0.2284840538042067,0.0673614645389847,0.18019536433825134,39.49544251554783
5372,0.16195046119409118,-0.012240766443188658,-0.21978208697893503,0.06316534087853654,0.18156698737531315,39.59165568963041
5373,0.15383176567933182,-0.003604219071315416,-0.19555374427731698,0.07073560790861068,0.14970426076349153,40.10706149554826
5374,0.161349202994509,0.027833063341957343,-0.2258996269639803,0.08542988276925184,0.14970892399081961,42.01721102376417
5375,0.1542554558304993,0.022379706503752324,-0.19878556005139833,0.0885024717447698,0.12141739960187883,40.94240210003761
5376,0.1558241780361694,-0.08843451423232135,-0.28425076482599504,-0.012193710068951707,0.35122827341837876,37.93732770919107
5377,0.1352294201647768,-0.1570054155766313,-0.22407983431301282,-0.0586045132629872,0.3909867073401094,34.70399663869709
5378,0.15562899834338959,-0.1198399929139277,-0.36597135083550236,-0.04932292158955977,0.4802906691702984,36.0955880997506
5379,0.16370811763847293,-0.11109177825307923,-0.3648522943503589,-0.041559811711893935,0.4712779813867014,36.65508140132886
5380,0.12106104500981597,-0.13571596222762952,-0.16349389987149393,-0.03914289798674425,0.31721795154850607,34.85217278076612
5381,0.16584067949795214,-0.1590536162615412,-0.32142433128167236,-0.08522663771970822,0.4886105835771552,36.79503667723292
5382,0.18316735863682493,-0.15004502257969277,-0.3835915651035076,-0.08310571333340407,0.5198400410935972,38.1815752004271
5383,0.16729778027964032,-0.0318684814477515,-0.3421478170620284,0.029216808838424695,0.3450279993805378,39.361202982263734
5384,0.17235075246209045,-0.05718432635783197,-0.3463309758315192,0.008973211217157882,0.38149080205095104,38.37030296379491
5385,0.17029220914901166,-0.053010834378031446,-0.29741598004384784,0.018867491871042308,0.3209200416429892,38.817007450523015
5386,0.17047494681760578,-0.03240420411757134,-0.2930912388294761,0.037631187687559894,0.28568292653280086,39.75154034664177
5387,0.16959337163229915,0.006136438580406412,-0.27693177077997294,0.07105406669299832,0.22196950218521727,41.19076326777271
5388,0.2225205551504506,0.09727144062293923,-0.3261513388360629,0.14910324366128472,0.15217677940916383,45.571541001359954
5389,0.19937124233380701,0.07033589578943927,-0.34911990251925873,0.12406828902638362,0.20996973367954883,46.41512797595017
5390,0.19250856122155516,0.03127718145134514,-0.3428825332450345,0.09194757977742465,0.2573077948127447,45.04522735755533
5391,0.17046928453902313,-0.0612567620118259,-0.3276777900183645,0.017860642096807145,0.3559161333097603,41.9949333364067
5392,0.17950571703525117,-0.0381114384828971,-0.33257323482281587,0.033583048656337634,0.32532360610016214,42.52459831447971
5393,0.18034024390677894,-0.030994446963437814,-0.3596707328021556,0.042737056549959,0.34150067165080894,43.206607485224055
5394,0.1848780476981741,-0.029975496673628164,-0.36716671557319047,0.04036142139581286,0.35326394476946227,42.30993243187759
5395,0.17973623317149745,0.018527653075310572,-0.3653901102030525,0.07973233075260727,0.292560430523802,41.61496903288027
5396,0.17902759668362797,0.07937309846242828,-0.3657709383174215,0.12676499341829717,0.22224779979740472,40.87147563118927
5397,0.17884162212588162,0.10981953856117722,-0.3647758796322056,0.1472915529515619,0.19031865030882744,40.38072667571058
5398,0.1790136406393471,0.07135420468673175,-0.3750221775507149,0.11811001956317127,0.2520669218788555,40.54258416946829
5399,0.17897498761334046,0.0503764562992138,-0.37489629436070837,0.10132128246372808,0.2737555891267154,40.23576727402196
5400,0.17545660202495197,-0.03921852789522257,-0.37295737544324836,0.02753381211635833,0.37416542427284216,38.424039857504674
5401,0.16490786971242338,-0.0036521476514378487,-0.33454542203004123,0.06478466768650028,0.29523694754059887,40.135265063676094
5402,0.16543622390880602,0.04870365369213048,-0.37296758646072814,0.10110205665223289,0.27506297049364614,40.174901120478125
5403,0.13838510574984256,-0.11078602747065183,-0.4109803181385354,-0.04788828348918248,0.5304391990128323,38.398613119939306
5404,0.14574989022712528,-0.013744191744161655,-0.4135500429121464,0.0375849322183186,0.4226241324221193,38.74966521336227
5405,0.15958494671392376,-0.009891813932726591,-0.4162021280385464,0.04125877245929997,0.4192195349680125,39.584938097425315
5406,0.17173187794549538,0.024802954501551698,-0.3634462917537522,0.08315694263494755,0.2908058157263058,38.5747837745381
5407,0.1821158520945896,0.07635218443770192,-0.37403787479803025,0.12707782051119534,0.23109912449031234,38.12446814810587
5408,0.17003836903777786,0.041399726199527455,-0.3954965218100306,0.09043882901148267,0.32277635493332485,38.647385540706274
5409,0.1847112646428923,0.05521730131096328,-0.396491121675298,0.10329753594550606,0.2989825632817175,38.772933074794935
5410,0.1817482180660412,0.05225996187108448,-0.3778034465269523,0.10766004136964526,0.27089951291766157,38.629203421889386
5411,0.18410151371786931,-0.007000814040353512,-0.3440074956042136,0.06617161395423203,0.2948151253359476,38.8403944949708
5412,0.19122155979022362,0.009859748866978208,-0.34776882952322064,0.0708128772222873,0.303290991284956,40.52790234120064
5413,0.16639378457696868,-0.04367518763489265,-0.3800628689269154,0.023982446512649247,0.40779696319900305,38.81533185654411
5414,0.1600714916193952,-0.07968575484821211,-0.3801478125509671,-0.008158300662044619,0.4450439114186983,38.36350248198617
5415,0.15649128518373062,-0.0688716197187678,-0.3642778259457328,0.003398294833320699,0.41606658219483444,38.480715368248816
5416,0.1657796881512895,-0.03292270819173878,-0.33222905984272094,0.04152791531264719,0.3257267894216486,40.53926863085672
5417,0.168090432241162,-0.006963687520480772,-0.3306337980988744,0.05779383305217105,0.3018151823792003,41.10709320717037
5418,0.17974241943831354,-0.017699836944040932,-0.3761633157090436,0.04166543990543754,0.3781169780805384,39.43950474750668
5419,0.18131252624437702,-0.010436540981267721,-0.3715188749229676,0.05105116842072258,0.3583678756132189,39.83598221038372
5420,0.17100045973619285,-0.06280906850230422,-0.38388821711771126,0.0024104084473082444,0.43245761902272833,39.369440921599846
5421,0.17207323365936217,-0.028623200298536877,-0.3578435720785419,0.03410521846670511,0.3653185319625251,39.58567137049908
5422,0.17373629685747913,-0.009227998004533246,-0.32954346672812423,0.05326385805531502,0.30544182373856565,40.22158831757502
5423,0.17641524832071265,-0.007666220848822027,-0.31680330349360875,0.053203101266318976,0.2865768542876285,40.28454786477455
5424,0.16565117640566096,-0.044677044337774155,-0.3059975524561665,0.02999551236279004,0.3146198611829889,39.94840521635611
5425,0.16267072338292995,-0.07231935859552632,-0.3358189091143819,-0.0007682458037199267,0.39021225134098075,38.91220375606491
5426,0.15590426408352198,-0.05715691684810502,-0.34290547431842267,0.015040667026540958,0.3654502431426007,36.958050843941585
5427,0.16913376626781695,-0.05628106776236802,-0.3372600031972414,0.011520789675323127,0.3663775576996553,38.11779136463081
5428,0.170074975660731,-0.03073427913454518,-0.3131784829269974,0.03718214821107962,0.30594213071207477,39.75914299735387
5429,0.17807406937797626,0.026084206885396866,-0.2825966947194917,0.07216135583097467,0.2145171783015499,44.03003469257026
5430,0.16790876986067774,0.048659408194672155,-0.24338703032080924,0.09710017380119179,0.14269191545658894,43.99885485107025
5431,0.16368361115231458,0.04460458649396916,-0.21004456243304453,0.10058577755662501,0.1104377940168134,43.70757968520859
5432,0.15071105734221896,0.0038530721371236535,-0.21183293331860825,0.07363397724409769,0.15713602588004483,42.04678737639611
5433,0.16096689166184833,0.0010557682112563374,-0.24602113242763657,0.06536046873585162,0.19838472570202767,41.319605748674675
5434,0.180742016087652,0.020911716668473048,-0.26186790875379723,0.07381163196110224,0.19211820380264738,41.70712553890698
5435,0.1670521112759328,-0.028351542065540924,-0.272396590311142,0.0379883013077165,0.24754550538162778,40.086719146612694
5436,0.14711258330323668,-0.0032079846720563616,-0.2746250487457531,0.0584046582528092,0.2408130929967369,40.23408612295929
5437,0.16691413639216499,-0.08657744744120874,-0.2854264067680962,-0.007736542898842544,0.33494113109916157,38.65717571798067
5438,0.1628022699617557,-0.09263535329354956,-0.2840246824677152,-0.01063079346848742,0.35366630581249725,37.794068227555144
5439,0.1713868457540851,-0.07831936513632058,-0.28159420534436086,-0.0001639085439395625,0.32870347888274504,37.87159251380614
5440,0.15875844468405068,-0.04120899916671038,-0.23642053717369657,0.0430720715556079,0.2308141749139853,38.21334331489624
5441,0.1668809630821207,-0.049120126993299464,-0.24418175322842411,0.03421656488667394,0.24983382922014177,38.17537891452318
5442,0.16338389762653024,-0.03782396637030255,-0.21091992658370862,0.04265705265609665,0.20575393411879017,39.8081376446442
5443,0.16467087531788302,0.014175003148718635,-0.23110797159910504,0.07699986088757976,0.16586289459274164,41.78318885096761
5444,0.16269063593760213,-0.00015251069025241497,-0.243311885711946,0.06587720399729421,0.1971394140719237,40.43756390770651
5445,0.15922467701685986,-0.07230106443292376,-0.29314814196492356,0.0025183915577990158,0.3395619588811086,37.61693305365103
5446,0.16124665717124748,-0.11452207746554253,-0.34205614719547806,-0.03787760968391126,0.4410707867414631,35.72634419647655
5447,0.16413832860192437,-0.046859455370742646,-0.34015032597506034,0.020867258604086787,0.35356633822883937,36.94479465292768
5448,0.16786914676741238,-0.07181098587823996,-0.34360846662886113,-0.0009306445681528053,0.3850384345597237,37.332747110004746
5449,0.13531177724472007,-0.11479654237134532,-0.22669779635165135,-0.029019424009515415,0.34538308286794184,35.83470784320758
5450,0.12750379200110762,-0.07760474812276841,-0.17215383704151263,0.0011379007990613085,0.2648986435554387,36.7991264014413
5451,0.17569321596921078,-0.08592087517592555,-0.3557179978004153,-0.02311502101981918,0.42793482958976414,38.963700296178835
5452,0.17170037087506143,-0.027693141450811146,-0.3426022942244276,0.03334639344674019,0.3379773851768505,39.895655222643704
5453,0.16184914190272293,-0.1426522508504133,-0.3404767492782531,-0.06604550295053178,0.46470179748378115,37.728545574682286
5454,0.1628898909568124,-0.02873760533374462,-0.2828448930959087,0.042723462408254594,0.269885516263229,39.42692643891585
5455,0.1716012070820175,-0.022748731906263947,-0.30676308549667336,0.0472581923546422,0.2852252904137379,39.57836369066152
5456,0.1814608996054508,-0.03214082758272132,-0.34082463186552736,0.03388893335259026,0.3399453691970093,39.8454363004427
5457,0.20333930242340628,0.05937015953549991,-0.3568016269516474,0.12231424549292913,0.21376125276559085,45.03898609320141
5458,0.19873078609446354,0.02812504111911989,-0.3504999461658927,0.09787733256877727,0.2504052924358883,45.03677365227069
5459,0.18682976262221918,0.03572049436446303,-0.3606339160998009,0.09863985100282735,0.261390298068669,43.61932290805293
5460,0.1779740746411859,0.005672305623400895,-0.33918577638093955,0.07565535130745035,0.28060766316624697,43.107933499026295
5461,0.18009233120562657,-0.017595905383405493,-0.34609578603212665,0.049513663044325654,0.31580902024870205,44.11393099643539
5462,0.19122465616761664,-7.746153659557064e-05,-0.3613929628650025,0.06857023992565497,0.3069192545696011,43.48995864274714
5463,0.18127754332471188,-0.007902921027716125,-0.3612194839349312,0.06033662279125721,0.31925748787153335,41.88675482345827
5464,0.18545372406415808,0.038233078500535034,-0.3614774957321938,0.09635460552185458,0.26884928550329856,41.684516216662736
5465,0.17918719999844512,0.057894610818531596,-0.35894610200984917,0.10915498463916522,0.24354920482074444,41.3771005381265
5466,0.1800932536634065,0.11198610874140089,-0.3631094577335186,0.1466826987707883,0.18900864967845452,41.334937827135946
5467,0.1822212513283939,0.05531178155982526,-0.38292885262944854,0.10445472504856579,0.2735064456715448,40.05967468826579
5468,0.1786863367546906,0.0027324786306221673,-0.3845476610382725,0.05922096732927159,0.34524069035584665,39.5796957883216
5469,0.18438347571242403,0.055149524281473766,-0.38061350114647335,0.11053480554997326,0.2598473727918743,40.056240723951625
5470,0.17193426601368245,-0.026064013456067365,-0.39215426496441336,0.04258866543577933,0.3741550118891916,39.05253605819237
5471,0.1704659897423823,0.022573462793450197,-0.3727742765286254,0.08323805171130629,0.29851010910705106,39.22987212098154
5472,0.1445301847273465,-0.08941600117152756,-0.4191733267208352,-0.030187298870750973,0.5108859484800341,38.42059650245714
5473,0.1505047163832616,-0.07617092434656828,-0.43753848991077876,-0.02208409204060199,0.5159341434372331,38.20819930714175
5474,0.17119079484129512,-0.026478940908325754,-0.4401206572239617,0.022298477128475883,0.46685838443949224,39.54447507263392
5475,0.17246542053971534,-0.009629535104499825,-0.3811293503388028,0.05019442637548804,0.3541356503795155,38.842670749510056
5476,0.1683094773169679,-0.0020032796428148883,-0.3845710504622828,0.05825104215697726,0.3473252645950369,37.4799395770277
5477,0.17868362699542284,0.010557364046593541,-0.38051608677488336,0.07013537414458176,0.33075780762018303,37.70190985143734
5478,0.18273803218643306,0.0465959809813611,-0.3831638926046765,0.09964693648033657,0.29175732297346835,38.57007025385648
5479,0.1804589841934978,0.002122302686549489,-0.36558204696088104,0.06798690690266414,0.3154217291814351,38.74872710891138
5480,0.1917440460642098,0.046548551760200854,-0.3151761893894957,0.09398194144117498,0.22766299889882324,40.820366222089845
5481,0.19451522379858086,0.022682341708855823,-0.34849361631720005,0.08138510091101235,0.283116683646832,39.849326026085514
5482,0.16446045124190595,-0.04696886080110793,-0.3645833324652962,0.024120634840124357,0.3889349442067223,38.858813698943976
5483,0.1546993888918065,-0.08370478167022706,-0.35869216334555903,-0.006054840966174456,0.4222141521250353,38.245546835280315
5484,0.16192732110246547,-0.03743800286020441,-0.35002541439265056,0.035923024594278534,0.3568105811260009,39.01090130581361
5485,0.1673923578998768,-0.038488061332178906,-0.3497457902829565,0.03422567260082955,0.3592137856721277,38.93544746886748
5486,0.165141175892675,-0.05155183430730962,-0.38867503711958123,0.014104890735663848,0.42139417095564335,38.135174213301674
5487,0.17797740690445507,-0.05738367676430011,-0.3934340542522175,0.007392734450700732,0.4330276571624191,38.79761923513007
5488,0.1763767818566659,-0.03242101733415876,-0.371835292685906,0.03196096930462323,0.3827116226421596,38.85317801955934
5489,0.1724338315903805,-0.03168878470843352,-0.35836297288172525,0.03475020467007253,0.3634461342052252,39.347517143846474
5490,0.16856123185984784,-0.042157454537782454,-0.36244101682925,0.02378769748691544,0.3841429038399958,39.512494645558284
5491,0.1717491768697891,-0.03651429472448714,-0.3666206223243625,0.026447767030721395,0.38389792819333624,38.902268263107075
5492,0.1688429464209028,-0.03469419718453049,-0.37524763565332864,0.023929899707899185,0.3966231446449343,38.2545300839435
5493,0.15654655755704516,-0.05200094210074375,-0.3490207992670151,0.01579032103847701,0.3803283181078625,37.84619420289809
5494,0.14406270145562391,0.007097900910347177,-0.30320121016968793,0.07948112719090679,0.2434471121634047,37.08181410545684
5495,0.14811069249787695,-0.015620548391534643,-0.298361465829772,0.06157108642129029,0.2621791116028846,37.2105161192292
5496,0.16960243942092768,-0.044536178667645795,-0.29055764299327574,0.029988509029996925,0.29773302700339466,39.29945652185697
5497,0.17050207888871646,0.025559385653962534,-0.2606414124095191,0.08358805483070071,0.18536073485712234,42.4922276222323
5498,0.17689682167380041,0.02981506059951276,-0.2776544212407327,0.07880975742888423,0.20214953976491293,43.30574410285937
5499,0.15803479631246173,0.027470322604811505,-0.2099577057126397,0.09549117385731289,0.12195268638116691,41.2124434303254
5500,0.17127746321462267,0.03293710581877209,-0.23551262815458288,0.09449458472556027,0.14629421368521525,41.351979949190245
5501,0.1395834830845032,0.0007356595835956126,-0.21197482753914554,0.07198750018647389,0.1675006579394389,40.96710672548646
5502,0.16381107049642551,0.027436753961443638,-0.22083039557245004,0.09325149709452614,0.13489340975309788,41.28853320232459
5503,0.1717055095840355,0.03015892054014909,-0.24904769652419104,0.08800392759444546,0.16412791035364016,40.97993511362631
5504,0.18748401516487814,0.03291082425831283,-0.2785573932778711,0.0817388649761212,0.20022243020179298,41.78851805656925
5505,0.1742629873580051,-0.00033419777444718455,-0.2694040545819653,0.06592481554863933,0.21950667724753106,39.975014783024434
5506,0.18045577065143048,-0.036631110551394085,-0.2885706557948377,0.03401226708319757,0.28525115426356756,39.16302068867816
5507,0.16937550654304664,-0.031775433818699066,-0.27587041761946923,0.04124038444389299,0.2662443442601706,38.953694852554904
5508,0.16844485027313133,-0.025524884602431443,-0.2670625243211677,0.04741282710397004,0.24873270002045414,39.32471646718284
5509,0.1659632155185382,-0.03524089639847776,-0.2404180395440506,0.04381517218700419,0.23323257872173794,39.17710077951161
5510,0.16597273328290923,-0.021717529756566187,-0.2489194664570114,0.050929892189673705,0.22799551151649483,39.80861554274935
5511,0.16639794032103564,0.009455119824041564,-0.23624866978458275,0.07043240140034171,0.191197995185328,41.248990577524
5512,0.16169367839563106,0.008025915374602902,-0.2314185667473686,0.07343508980123863,0.1782667438330637,41.38282806163301
5513,0.17017276009121268,-0.009842206351923849,-0.26099943851711127,0.05442656371499388,0.22905300634544942,40.103090320617675
5514,0.1616621316251434,-0.06305013349393164,-0.3122022998341201,0.008043394750400296,0.34923582289085037,37.042834123592705
5515,0.16246563866084082,-0.049316585490266386,-0.3374573724674927,0.02100788006524514,0.3505544282688833,36.43388198025738
5516,0.15981864847151944,-0.07094150395483986,-0.32668106820246257,0.0042633313820332926,0.3697925276208783,36.71990208368483
5517,0.16808186277084314,-0.03038325180464158,-0.36207719744179934,0.0320801043547236,0.35112264550883704,38.631843204995796
5518,0.1795340778006436,-0.14200451261481342,-0.3762426491740053,-0.07187040564271097,0.5041089767561197,37.602476572698286
5519,0.13527004659782194,-0.129316651815475,-0.1999331914533615,-0.0421101240236974,0.3405045914148749,36.454703172522244
5520,0.12787231888625758,-0.11693444281513701,-0.18569927956337565,-0.02713518542079958,0.3176307341704456,36.85164334811517
5521,0.15936403576247596,-0.04817237804001737,-0.34020624166881697,0.015740485849439923,0.37060648449093175,38.69964203775204
5522,0.18956923719402785,0.03248289928447754,-0.36201631161553943,0.09524807317406667,0.2636326928972141,43.222925555040725
5523,0.18448140048680156,0.007364048256717628,-0.35156394011116077,0.07796931134704774,0.282610097603792,43.21305287513721
5524,0.18464104004732954,0.004096318709604776,-0.3614229747468256,0.07471356861487147,0.2945751139354793,43.42958525316043
5525,0.17953534973345278,-0.007390772684915801,-0.3698880861828226,0.06129154973474513,0.3218201023175678,42.781108829617345
5526,0.1876975844304074,0.02355367904961667,-0.35985505323863537,0.08936244231486598,0.27030373597880847,43.011064049974756
5527,0.18218443240166557,-0.00791227719765592,-0.36644423121076775,0.059995322839745055,0.3226951264363592,41.49839750019738
5528,0.1804843944522512,0.03701369775346726,-0.36140681715466944,0.09321162400463187,0.270514446480656,40.99447092214306
5529,0.18853060279508085,0.10110083121743482,-0.3534987886965195,0.1417311046051551,0.1870709193107931,40.838169081697025
5530,0.18374904471343503,0.1061829258206126,-0.34923414238914957,0.1479733862731024,0.16874814395061105,39.578326925983504
5531,0.19038223245777566,0.08773059222005362,-0.3603997311380428,0.1344679103864242,0.20629104906973247,39.538238248943316
5532,0.18155960722766776,0.014941003168303067,-0.39576240672133534,0.06923667463333634,0.34742021046630583,39.336526674519156
5533,0.18498390162571146,0.06009090906517611,-0.3885173644689377,0.10669923573021482,0.2796381607761239,39.204900284832924
5534,0.17778920809328055,-0.059225003543622354,-0.37441753541478073,0.012816985189299804,0.3998330377351008,37.999066145616425
5535,0.1811288750624673,-0.009637415048304907,-0.37641299429742386,0.0583407759070056,0.3340550193058522,39.67815668999494
5536,0.15534070200602906,-0.06832538228096394,-0.39285116876765624,-0.005649951880342022,0.4502402402125256,38.55423714718881
5537,0.1643455691282553,-0.042545031985156266,-0.40535141885829046,0.015282293227437663,0.43047968881025345,37.60287476464298
5538,0.17153045521556637,-0.03250675213875735,-0.41335353157135246,0.022714784691282717,0.43701326249043215,37.84518801004484
5539,0.17992575405833963,-0.024950730666102285,-0.3810478496903264,0.034518917505322426,0.36695813149426765,37.351541726437276
5540,0.1672776018183766,-0.045160920541690255,-0.39384053343965064,0.01760607077433341,0.41414783896258245,36.895988593818
5541,0.16956350688394398,-0.04680732792224484,-0.3431509786664769,0.025870968726865312,0.35729098377622454,38.574988788147266
5542,0.19383957675258437,0.038806784703075844,-0.3492272248081687,0.0846729874599532,0.2727961973491304,40.68949900393415
5543,0.19567760742229454,0.040193096307393705,-0.327713700775874,0.08313808234087604,0.25295922935346254,41.288092074335125
5544,0.19791772949175662,0.0494449933575979,-0.34478197367627367,0.08636918563084026,0.26428796400116933,41.44405887877188
5545,0.17276299228127026,-0.01061614372430514,-0.3262941087214585,0.06535393076904396,0.2863116346613201,38.939846582830384
5546,0.1622101096388984,0.0006742137083214763,-0.290196156264756,0.07489656930857443,0.2440627436588085,40.38816033436248
5547,0.17657493489740325,-0.017573289497115417,-0.3802547175678772,0.04451204618527738,0.3774789155755548,38.99541274450878
5548,0.16878568077552394,-0.0354506931019087,-0.36544435887521065,0.03048952714966515,0.39502080097317016,38.73533207227843
5549,0.11416911137921824,-0.17079191778605574,-0.18329668599513416,-0.0516558439903422,0.39427061571392075,36.21718916350454
5550,0.16266311026477248,-0.04827679570426058,-0.37989858921283226,0.01853657588734621,0.41185753393896396,37.95792719254053
5551,0.1700873232666926,-0.02971710092689383,-0.39381737117690807,0.02941927365598941,0.41570942777669917,38.247113790113175
5552,0.17010769508137777,-0.03953951289610468,-0.3583600987574801,0.029697634869822256,0.3737411648353538,38.30715128046589
5553,0.17839557827343375,-0.03387565729729069,-0.38122110892278405,0.029015455361164524,0.3937622995446786,38.69947680211138
5554,0.1694055291161217,-0.05342004237259463,-0.3685957912128886,0.011024216245458336,0.40750394853064126,38.278522954045116
5555,0.17484792109757039,-0.036837309230159536,-0.37561344055063234,0.025525893988107475,0.3932950942236734,38.366374550397566
5556,0.1526312281071976,-0.06622120701507814,-0.3445556769935073,0.005420802090053733,0.3946085938938314,37.737411540296335
5557,0.16488592700587948,0.06941779461618641,-0.3719845369690942,0.1180794625776585,0.23955637173345073,38.31739203920482
5558,0.16555899113795916,0.0397756370314492,-0.3731032513903254,0.09757149482568206,0.270226883239824,37.40091918662754
5559,0.14291684931304824,-0.113251046807346,-0.33053698066160536,-0.033520616689700244,0.41867954636324956,35.387296656732914
5560,0.1630750956132755,-0.0015766762388561343,-0.32561202371177667,0.058559906931120564,0.2842079461437908,38.799880827232855
5561,0.18467604347933467,0.044814485819019076,-0.30194503481201246,0.08369680106656517,0.21705715534796113,43.233804431169276
5562,0.17676422343836184,0.03542520230666905,-0.2664374122115456,0.08548548224287084,0.1838766982994767,42.552489538402206
5563,0.15968398352346638,-0.0003962029717165706,-0.24619082170767537,0.06849737170056497,0.19676096787535066,40.974098678260155
5564,0.16498992005205726,0.005881470122468645,-0.2810329989127138,0.06561330553722829,0.23140218826303252,41.24199338132406
5565,0.1411989643859983,-0.008432423704983033,-0.23580849656192013,0.06217787546890073,0.20096960588283777,40.26791729236204
5566,0.1617769253062461,0.019084086093114787,-0.2338501982421409,0.08689052868569377,0.15632538013888939,40.37180524604047
5567,0.1790874878602302,-0.006294263264620768,-0.291356350605817,0.05866254370361477,0.2515771637406896,39.38679303375913
5568,0.17182039473551222,-0.02579038932037722,-0.31300128017949164,0.042417520257112255,0.30042082154369587,39.466799788131816
5569,0.16657290981756726,-0.03254492103743315,-0.2722893321845056,0.0442007677546949,0.2610857045031966,38.68931561995438
5570,0.17472834201253554,-0.017108588635139692,-0.2813136425430049,0.05276071043124617,0.2548140128120998,38.867616113717304
5571,0.15966439004485997,0.0009430864012369671,-0.2349020444477774,0.07362792222328239,0.1819921658029854,39.45573580906814
5572,0.1641838492776508,-0.003225164378841135,-0.22473880145387332,0.07029635960155192,0.1771250023358872,39.47302464795997
5573,0.16561667000525654,-0.007110672672804685,-0.24188969758386772,0.06337868722081831,0.20302351738128244,39.27261337965484
5574,0.16237785870447724,0.008855918755481388,-0.23062012187082023,0.07630964677990928,0.1728955894223072,40.29130776916344
5575,0.1707421882533576,-0.018066167134113784,-0.27078429105624713,0.05052736208011169,0.24427069157968226,40.196504512558654
5576,0.17205760704551712,-0.06415313844001037,-0.30659315029821776,0.0060972102165104194,0.34455166035351353,38.08906621508857
5577,0.17159064533123106,-0.04876979802117518,-0.2864179772173932,0.02513499291535144,0.3003830116806401,37.269133601953286
5578,0.16137141117314577,-0.0753144437600129,-0.28606959661486564,0.0024245106457443455,0.33652813245880736,37.5261303686323
5579,0.16424438303132735,-0.057947131528792405,-0.35553950703365106,0.008989343220732755,0.3916913638124939,36.67763916695577
5580,0.16565430165418724,-0.09166184962228648,-0.35840470686465475,-0.02154303491922465,0.43327667043485163,37.35394809958199
5581,0.17138187183720785,-0.0970674153865169,-0.3564005093228141,-0.025652279869110846,0.43016474820932543,36.79330122685314
5582,0.18804580568085139,-0.20317042815005756,-0.3855616561270518,-0.12738326169013817,0.5771207418483609,35.194654236954705
5583,0.18958047832551433,-0.19496678806444273,-0.3861554035130789,-0.12262922268004907,0.5746754453114133,36.37730655923691
5584,0.1084554221325205,-0.17412724259795845,-0.07287348703955177,-0.06371225039597148,0.27794520422121244,34.35421348333911
5585,0.1815584697261918,-0.008685898507021743,-0.370340147896676,0.06408454870372357,0.3158200509574372,42.50020266361327
5586,0.1913621829075852,0.01913048391849751,-0.3548183359894153,0.08915924427467724,0.2658282133048271,43.34254233330602
5587,0.19209698728652963,0.014012101481635626,-0.3450794684414662,0.08368631516031298,0.26450059129860476,41.15890155150573
5588,0.19296941893379815,0.007328062943437589,-0.3526510741842832,0.07955678620612369,0.27758992463077403,40.17244970224643
5589,0.18416742793692542,0.006459558305953577,-0.35600229579711407,0.07618894019634191,0.2850289747097608,40.6027666419768
5590,0.18155836736867206,0.06670890854777832,-0.3560957511236214,0.12139138138015161,0.22038426287813842,39.329749179927184
5591,0.18762458832428974,0.10822430777909582,-0.36124810169398025,0.1487528220883132,0.18396490632530804,40.17978758674245
5592,0.18670496580752613,0.1103688522416894,-0.3633434994124305,0.1504179693686288,0.17965020665955767,39.08961054378286
5593,0.1831878035823105,0.04298027035377316,-0.36073920969979084,0.09872915030274383,0.2606039668749028,39.22512506010886
5594,0.171904887093948,0.008810187478592203,-0.3583677038702441,0.07191552708316441,0.3031502797526726,39.3547513342168
5595,0.1776531327343772,0.029120790978078487,-0.36640682948458636,0.0862469172599543,0.29053930185406374,39.45260451776814
5596,0.18267956249270462,0.024618449953266265,-0.35955888542942194,0.08584186230745124,0.28159156260140816,37.81978428873276
5597,0.1582672247743434,-0.08653212865034629,-0.3663168458986922,-0.014202820368401398,0.439175695380013,37.708472618380426
5598,0.17924954300909626,0.0062007788363841986,-0.36747819622997513,0.06759504969519876,0.3164212297808363,39.14969215733662
5599,0.17933723630820383,0.059983736986538694,-0.37901455437475745,0.11136650640942641,0.2611459544612131,39.26228720613674
5600,0.17410118042028824,0.01565902543164791,-0.38083672848608385,0.07773158299990614,0.30845051804669543,37.7782880471836
5601,0.17374296101622821,0.019636272646242743,-0.3818708890767942,0.08205263955838316,0.3099275282450971,39.05923473527532
5602,0.17452712180464627,-0.0067663871471020385,-0.357760786589533,0.06299679207543406,0.3188402558473596,38.25890897008103
5603,0.16424551279809904,-0.01599447880923784,-0.3215472026110773,0.05817973395546854,0.297290806710144,39.262788124608534
5604,0.17777116636789603,0.006911047422585432,-0.34351940938358133,0.06627306734671891,0.2973680236278697,39.62797347597824
5605,0.1755329434693313,0.025601052545839165,-0.29898332716642867,0.08918465509183714,0.22558780873492562,41.33042165043049
5606,0.19193367136603198,0.042885530838583805,-0.324190295470344,0.07924083604835039,0.2555036654767277,41.682806853759104
5607,0.17763860265579254,-0.06388146464258526,-0.3475087010661426,0.019316247269527746,0.3653734991060845,37.37014925847868
5608,0.1756644854462928,-0.030597565985884832,-0.3593426676169967,0.04132429933549797,0.35473998155421754,38.90413772190004
5609,0.1766610714709276,-0.03315631103908631,-0.3874500731135794,0.03202232583610616,0.39780292158756564,38.443274594094945
5610,0.1709788392377812,-0.027188889673436297,-0.3725807364698899,0.03910492601830415,0.3804816539870904,38.57149824674073
5611,0.1621267805322762,-0.06115618758736343,-0.3905880942034434,0.005028281839239472,0.4469633926501074,37.731803167672986
5612,0.1700149917009374,-0.033621835895968365,-0.3983409016265127,0.02505665190905058,0.42092545670628706,38.06688151668006
5613,0.165112565124967,-0.03860579702037351,-0.4093970750120574,0.016750302634662425,0.4476413575131495,37.83767103352689
5614,0.17641309010147455,-0.007609939208973966,-0.387526040696892,0.05116186420229943,0.36694867509485674,38.853569532443714
5615,0.16740094134687356,-0.047835663454417254,-0.35899027742782386,0.02285457256499721,0.3835606569065843,38.055758694675646
5616,0.15181103199846518,-0.08366864089036033,-0.362638656270625,-0.012883583130798628,0.44142209733302573,37.131203921236
5617,0.15200455476313401,-0.0810550857007245,-0.35373957325405625,-0.008637556389573612,0.4189873092582025,37.167799381837
5618,0.17356859172403552,0.027642621450742616,-0.36415021660970837,0.07888718053313087,0.2925416168291561,38.34171350056883
5619,0.1541258125715541,-0.015414361210740423,-0.337176947473637,0.05132741050023306,0.3139669677437511,36.78085410759754
5620,0.15552676306745666,-0.005961202529744448,-0.342426422565852,0.05799243875849022,0.30548627089563674,37.391534259012175
5621,0.17344738899699652,0.03352933250457444,-0.3680851634390257,0.08501854398660048,0.28429533904999205,39.15555102956092
5622,0.17597769671320368,-0.02568348137418034,-0.3481692742134047,0.04023875053683034,0.3367989504465524,38.66888177255468
5623,0.18093439464162997,0.0071971933003738804,-0.3095546719198372,0.058233160946026305,0.2700498927037629,40.67296270004055
5624,0.17714437831033775,0.01894226556906216,-0.32462516086456383,0.05935243886633255,0.28011289815228313,42.298634429948684
5625,0.1660494668306848,-0.01430119725343666,-0.3405503836967491,0.03718149746481467,0.3311478800693424,40.595516246670975
5626,0.15010499766922142,-0.09161184358721527,-0.30865462499853874,-0.01666045006306901,0.3795232163650424,38.77464441638845
5627,0.15604816517908712,-0.025172766201969184,-0.2841923978510246,0.04670858398678676,0.27022916497843996,39.33857699763092
5628,0.17345226132177008,-0.021232826770870437,-0.3264435740945856,0.04471860013152521,0.30974476016860714,38.05291646903146
5629,0.16758494641787045,-0.050256785352606866,-0.32875447989314854,0.020371734294322683,0.34561377073417904,37.95546190493289
5630,0.17145374183861206,-0.029682230530627674,-0.30648123992923887,0.03916165039067653,0.2979409273070524,39.38554020058935
5631,0.17293778834641452,-0.02976548967121338,-0.30946220158188925,0.041587408230269934,0.29623894898876363,39.068759703567714
5632,0.1582904058781652,0.011703791327071065,-0.24267210446407536,0.07868204515513605,0.17827140843911918,40.09494584108245
5633,0.15520505209755486,-0.0024332237342243003,-0.23592099506772565,0.06828177202167184,0.18960477755573646,40.181595516901936
5634,0.16445825974692407,-0.039800498609800665,-0.27961307836297583,0.034501875156691085,0.2806051787155242,38.73102371427897
5635,0.16234039593988495,-0.012345219210158768,-0.24736258197066285,0.059450749777261364,0.2156532273549305,39.24427085429719
5636,0.16146235666524433,-0.04828492490261597,-0.25258808736721466,0.03146055009485842,0.2637949547760425,38.340905976762066
5637,0.16895589193060329,-0.07248969695388209,-0.28053934077354137,0.00820087088350952,0.3227409876990137,37.90474719136991
5638,0.1700080162695679,-0.08798511192142146,-0.30831420354047123,-0.01011872628991345,0.3733618586367905,36.955928781327025
5639,0.1692869107638727,-0.0341654375147166,-0.31301043232769493,0.03252959531112958,0.3125182359467347,36.40058377162059
5640,0.16110540519326733,-0.05954349604604306,-0.30994514935072565,0.015271090383650222,0.3354851348289035,36.94742526734407
5641,0.1639932119153779,-0.06193337741531269,-0.3549824454898229,0.006878128419087221,0.3856807049552597,36.36934250923807
5642,0.15839854365676606,-0.09312554092303696,-0.32002980779582757,-0.016816808772692562,0.39407565507809406,36.04925701856964
5643,0.14065084669616615,-0.08689816636734363,-0.22329549147454705,-0.0025212268915628714,0.3058356541220735,36.13130779185429
5644,0.13131663039965297,-0.16305717050259327,-0.14817810961604755,-0.06502577426171584,0.3282243877180793,34.51310295723974
5645,0.15416937987888946,-0.1612938859949019,-0.26116139400901583,-0.0742308764698684,0.42641173379183933,35.698420122067766
5646,0.1775729335758566,-0.19521499315603397,-0.36684203847726193,-0.11857841905680258,0.5590050212261585,36.40291842410104
5647,0.18840643049170716,0.002383700660292444,-0.35360284760197097,0.07837445096614976,0.2807244749994752,42.60432008815342
5648,0.1814044508161545,-0.021038626597213325,-0.3574303572390706,0.0540310299290666,0.3239830435956004,42.4756640596574
5649,0.18432674325867326,-0.008076256556274529,-0.35951518429161056,0.06471469156572407,0.3088822832635218,42.12704828055939
5650,0.19109843109068972,0.02949246094043931,-0.33654624886394924,0.0938771093709527,0.24810049402204035,40.86134450119608
5651,0.20274171705212418,0.0681113618981131,-0.3592959403683214,0.12339651482075605,0.21616746095504372,41.178064222763794
5652,0.1887101235377044,0.08088951717872077,-0.3597307991429105,0.1298694377697618,0.20902468059862098,40.40131052961064
5653,0.194392299724705,0.09129992138839499,-0.351172994222387,0.13915385538099942,0.18902088639104786,39.74534945485901
5654,0.1869507310529801,0.1035931295409944,-0.35946236472897564,0.14555668465614466,0.18745153290025493,39.513646069643485
5655,0.17876419697085202,0.007276595585901889,-0.34685783877477305,0.07014977948389783,0.2907999711258393,38.328703016248646
5656,0.17696670526910588,0.015864465907643528,-0.33865583509565633,0.07639822675625337,0.27563984094540955,40.16138208435592
5657,0.17725559691755371,0.011083554138443644,-0.32988566669641944,0.07294547515333899,0.2764040861366163,40.145360623388555
5658,0.18202535118981397,0.07268939774553651,-0.38534659360592466,0.12042732620276285,0.2590426854416733,39.25819759342271
5659,0.17082168536975104,0.07736595791495816,-0.3714937462742356,0.12775863375373592,0.23734651377015206,38.04602870057896
5660,0.14465963589521008,-0.10424957775610433,-0.35543495748348836,-0.02973742848331341,0.4543927931235585,36.811227633670676
5661,0.16004964508295422,-0.03521072684809776,-0.3822269866831135,0.029592248476544566,0.39219564962202824,38.58908206768481
5662,0.1863619495657492,0.0774649379999575,-0.3780755598620297,0.12986433346479676,0.23258947350293246,39.20347932326226
5663,0.17600078265003521,0.0717050833472385,-0.38249577123066364,0.12236661423232535,0.2425926057437983,38.24439764116461
5664,0.18122208065901907,0.03539745531820118,-0.3790109125142752,0.09706271432439577,0.27995392652893575,38.85011526331623
5665,0.17616044168153058,0.02971204209954202,-0.3825662912917179,0.09100421036255155,0.2949879494984188,39.301249250914566
5666,0.17385133716719647,-0.015681483721103943,-0.3812818729919685,0.05480108352664976,0.3462807792912383,39.757923669554145
5667,0.1805583014237633,0.011792658096520903,-0.3251244946120682,0.07370843138447575,0.27119340084666094,40.54795337271603
5668,0.16691962401299257,0.016421049680026955,-0.2684430767325634,0.09064872261982425,0.19832932180880872,41.12591323228935
5669,0.1823219593678257,0.0035302153206956404,-0.3135082123549323,0.06569078855612263,0.2726255478531943,40.98817276407594
5670,0.17705753589991885,-0.06892033256002714,-0.3663969091265388,0.013682739525454032,0.3847431559588952,37.72621621357546
5671,0.17771835812470302,0.019346661830888384,-0.36853596571436487,0.08464932691141665,0.2962143150882194,39.33477155311005
5672,0.17371454831870406,-0.02246904057127903,-0.3629465747282422,0.0467488939539279,0.35857417055231866,39.01258830081397
5673,0.15365329791176174,-0.04647852580320332,-0.3483215703640688,0.03054529830357892,0.37008174997828336,38.309674905302444
5674,0.15993974898864372,-0.04397650679808402,-0.37772856040706115,0.021957832088094736,0.409518721859413,38.058219774073144
5675,0.16873255493453732,-0.023743658145610955,-0.39903127730607474,0.03740207649092031,0.40594407448091563,37.33639538553943
5676,0.17278755095616322,-0.036347368525588085,-0.3912356405127827,0.021761775285954386,0.4269610935016021,36.76474834352669
5677,0.17312491984967876,-0.04512765327374394,-0.38352663373854523,0.018986000839714176,0.4164960773187147,37.939735178017884
5678,0.15881216890370936,-0.08088054825136573,-0.3453224410408829,-0.004428920386298297,0.4062022222756511,38.27809993659746
5679,0.16239055058659285,-0.06728516013789716,-0.33168463593708675,0.008946345525271989,0.36711250078618973,39.153343436427825
5680,0.15809063468608867,-0.11494605129989752,-0.35232538395328405,-0.03616334383722621,0.45194505832284926,36.562898318080315
5681,0.16550382928747379,-0.0006087558822586495,-0.3580087084164939,0.051668916164791086,0.32832259287170845,38.08842648368251
5682,0.16810311664147048,-0.024257592009474548,-0.30854242337954624,0.04193974957272517,0.3027214026922838,38.95238717111753
5683,0.16009800979735936,-0.018855204932899796,-0.2973082599264379,0.04913816629976985,0.2779853252424404,40.046587549652685
5684,0.17110187889792094,0.008116081409782308,-0.3095839372888271,0.0627135282679794,0.2630212260374803,41.719173579867835
5685,0.1816071806187205,-0.031070046232012035,-0.33236485012369454,0.028431896173979475,0.33258005029045046,39.589619663806054
5686,0.18939317502485256,0.00914743181482257,-0.32504868763370287,0.06527756664600862,0.27467403729801737,40.5841819221903
5687,0.1637900298240155,-0.03544719636126178,-0.3465817542260221,0.021889727189861832,0.3648403796193903,38.81988209064524
5688,0.15391924679788987,-0.03366334997006494,-0.347114438501218,0.026615085426036748,0.3669664587829056,38.45815299414367
5689,0.15185073317364942,-0.0349217600345537,-0.289290820737209,0.03522619926628606,0.29397023777979164,40.160993212107265
5690,0.16085536289752425,-0.0001861899058700136,-0.2782688670899228,0.06173655534331425,0.2388315348800396,39.88087383292764
5691,0.17334156679169657,-0.01262930150434937,-0.3362187256154944,0.04816993185054381,0.310790838623307,38.19567464317647
5692,0.16874924307678377,-0.03095007599687242,-0.33384678227754394,0.03572153257050723,0.3279785516578012,39.09656114434863
5693,0.16228797582942864,-0.0629645064026844,-0.33506120807930945,0.009499079424082226,0.36927375017091757,37.87999841334143
5694,0.17576351234500498,-0.11383346844802919,-0.34827567197942816,-0.03720909790300559,0.42994637033133615,36.84603407085443
5695,0.16440816825265983,-0.035554127040084295,-0.2890225913178256,0.034906729976994795,0.2907686907709401,38.71069381732468
5696,0.15655773943113366,0.01956310287419828,-0.22937713630102488,0.0845076456274052,0.1575054317814443,41.179344612616006
5697,0.16211209053185588,-0.04107493807878331,-0.27997645109065167,0.03207905660023298,0.2853902096109033,38.92574086075225
5698,0.16315274658914528,-0.039997411338591006,-0.27741269152379766,0.035375582962236043,0.2810443434050426,38.20543286697228
5699,0.16180325258725556,-0.02870395210981071,-0.27276920202278593,0.045996819583321254,0.25975855790158,37.90906434701334
5700,0.17079770142271325,-0.023195329438365303,-0.32365478414808385,0.04436070600923834,0.30754889223746384,37.74688040612121
5701,0.1763482354445051,0.0098918154519875,-0.3329000742849574,0.07028941282631893,0.2758559636703513,38.37280912248387
5702,0.16545294013269202,0.02944881018542642,-0.33401870174088194,0.0834680183609533,0.25940198330985564,36.9663169836363
5703,0.16914385038675497,-0.07443891337224207,-0.33774244035864587,-0.003893630853721196,0.388178584420175,36.346494743274754
5704,0.16402625815163482,-0.1788886803416999,-0.3220248258154748,-0.09435962925259585,0.49909990800812387,36.03395248765614
5705,0.12842354622060342,-0.16938945786431683,-0.16665290851903447,-0.06895749086445198,0.3546170649787264,35.422622455415734
5706,0.17256991013185938,-0.09052849733847602,-0.33515359083195817,-0.021169949969623257,0.4052541098380346,37.85780392623963
5707,0.15550667724310577,-0.10874915780979014,-0.3036356110868398,-0.03051348222544325,0.39524865004913057,36.22401149480393
5708,0.134263743919631,-0.07489601039219398,-0.22626946370763407,0.012854509550825295,0.2918308625917458,37.1854291628785
5709,0.11875281663976182,-0.11826556862853199,-0.14663682555887528,-0.020516222531986986,0.2807886599354859,36.07218561778025
5710,0.18314679907381137,0.001291495043120027,-0.3461698437084419,0.07348266428665169,0.28533453372500867,41.22826532392344
5711,0.18051348207422308,-0.014321973951550543,-0.34137443994625444,0.06010573893977141,0.3017029468622547,41.66250803966016
5712,0.1759464538792176,0.010195546001415288,-0.3196845323528142,0.07694314572854723,0.25720315849550013,42.2432255587224
5713,0.19264128229658586,0.0323455770277795,-0.3574593849863161,0.0944774429702329,0.26058545478403333,41.40456382032083
5714,0.192311726988799,0.08423687019950475,-0.3558213321287961,0.13611515880710087,0.1958887008595132,40.450498189452695
5715,0.1899091841330554,0.06622457481990476,-0.3577095190515472,0.118392854271552,0.2252808267042041,39.84380264048356
5716,0.20311628606010831,0.10779850765859993,-0.37831890384572986,0.15351515310717095,0.1869227639493924,40.73906022447783
5717,0.19362038134851664,0.08913927663395406,-0.3667078677283598,0.13648820582451487,0.20730732387002618,40.68459157518117
5718,0.18544340984265562,0.05500471315449367,-0.3705815390362961,0.1064147361415165,0.2593833928716883,39.378920813819924
5719,0.18462563541523833,0.04971988111159827,-0.365632401342057,0.10336011689437294,0.2544274756599321,38.39181034314534
5720,0.1937537558743637,0.032248245951749736,-0.3686991390420944,0.09120957070549338,0.2759999581105512,37.71599888986075
5721,0.18743851503649744,0.0649023448839161,-0.38134169686867686,0.11370041608138082,0.25982196538251895,39.45327759152449
5722,0.18270799016745687,-0.06157521201431696,-0.41026476550727264,-0.002782288865638845,0.44455445316234365,38.12313422775709
5723,0.15578122831974678,-0.10098154731503668,-0.40400940977287286,-0.035490218094028254,0.49315563773144444,37.36268398331024
5724,0.14785629890049792,-0.11271523600915638,-0.4049122326856115,-0.04939842565038166,0.5188972683963083,37.83522727989787
5725,0.18560178072070363,0.07768275371843479,-0.37971965570377025,0.12313528301964077,0.24472911199209627,39.10120244910761
5726,0.17445504425649705,0.043317672414651426,-0.378629118117008,0.10099186732917288,0.2735684657189442,38.292642743165416
5727,0.18679629212905352,0.03205116456893393,-0.37450969979195714,0.09541573694238298,0.2774235680080997,39.8351829746594
5728,0.1724483252855533,-0.007267964998180164,-0.3835803859817912,0.06158739626137291,0.33841286379701035,38.71706242576141
5729,0.16791517896408062,-0.05374965777668433,-0.38677106032105946,0.019432567976837307,0.4006209053965158,39.939444024166264
5730,0.18384991288522684,0.01964156584351833,-0.33382531867900794,0.07299884791686705,0.2761438111789615,41.25073104439039
5731,0.16277088748897003,-0.06944564801859991,-0.31604993893289685,0.013933386261676417,0.3493152510021004,39.57431143205208
5732,0.1836166603299476,0.02255387585819184,-0.2954074437765447,0.09012990639041503,0.21738681716291647,40.73374257837701
5733,0.18331766887717557,-0.008374071714215366,-0.37036352427469366,0.06257144291086428,0.3226552342455496,38.973839691023485
5734,0.16596992279912573,-0.009936561256989619,-0.3775369778695633,0.055028803810514296,0.34129897795403535,38.6770245493174
5735,0.1565065476018396,-0.051943284049488336,-0.36501921385341213,0.021321835622607838,0.387564733725225,38.63299876772114
5736,0.1601032102944756,-0.05667682734993442,-0.39646410142095734,0.009481107886545142,0.4439295497212704,37.96810768200614
5737,0.15867571504987277,-0.053416615038460735,-0.3643926530588394,0.018657066501298118,0.4023565653741483,38.06775963464477
5738,0.17251818436690725,0.005450434996077041,-0.36544579252387266,0.07265887592778505,0.31228232536977724,37.826386531714256
5739,0.15344980931208269,-0.04976512682632115,-0.36123618842627375,0.02522355679017548,0.3831036502137494,36.57729019882029
5740,0.15409997519048935,-0.06731379657417003,-0.3426717674297193,0.011959788747764356,0.3857719720987316,36.08919788386895
5741,0.16693781346724842,-0.013419945970686664,-0.3159813557668391,0.05612727901515446,0.2907699128913031,39.54991000155375
5742,0.16807477484879763,0.028293084315546346,-0.28335800294594893,0.09231435284187642,0.20414532076291284,40.85203306594687
5743,0.16402011525460933,-0.04634801650930352,-0.34788665874175495,0.022786031810346233,0.36601932100345214,38.591119481461774
5744,0.17056791112263375,-0.059644899754002584,-0.35424028798644724,0.011822773844974696,0.38643495770132835,37.85855035631811
5745,0.17366903184513685,-0.04250554631864716,-0.33158794862401464,0.028715741398323124,0.3433976720755885,38.173370140039275
5746,0.17343375823191112,0.0393861795733025,-0.2912758513635916,0.09291516852526165,0.2042074034742461,41.41674324901017
5747,0.1989613459021185,0.030026364058409093,-0.32423924757459827,0.06916751684173691,0.26267261094511446,42.15334576515323
5748,0.1875747661051343,-0.007149415556965589,-0.3282861299918292,0.05215775624235901,0.2952603382262618,38.654194286655716
5749,0.19682893423574854,0.015930116096173997,-0.3110745756209011,0.0724394783872067,0.24865070473658557,39.65179316521639
5750,0.18041708255650354,-0.005870732851544679,-0.32350145649004686,0.05345503075685544,0.29114700772711155,39.25736743850099
5751,0.17278418693629455,-0.015459788185009853,-0.3330484187545628,0.043788248213080236,0.31628422387901856,39.22636098713366
5752,0.17157158552071006,0.019576459760350905,-0.2939930328848349,0.06796358393541535,0.23713330461202653,42.589747526763524
5753,0.16774564887149918,-0.006773508834164146,-0.30220593913057203,0.052540292883560345,0.2739666942652138,40.52662485617223
5754,0.16809370205248872,-0.031745806514145616,-0.34337861884109855,0.030189925902022276,0.3473191168384177,37.809211417584805
5755,0.16445180441344626,-0.032316710882365894,-0.3434644921707587,0.0321184785212813,0.34443302291414807,37.6909920011543
5756,0.16382244531775053,-0.0565217799048448,-0.3411306599533286,0.01455259588467405,0.3714887910345143,37.06087252399228
5757,0.16157210371206038,-0.08414103550624281,-0.3325965183529103,-0.007341019937284775,0.39435397479943196,37.18433150448551
5758,0.16344309469726695,-0.05784034542281066,-0.3259030798127906,0.014511101419429746,0.3584864880605155,37.71592228726379
5759,0.16234410477172204,-0.010801965330679623,-0.2612734110106846,0.06024582269187474,0.22498621328523835,39.862012145057044
5760,0.1670375302141136,-0.07746901081004107,-0.3210020521334071,-0.007624337614866009,0.3743481054127503,38.216052061445964
5761,0.16960284528149053,-0.07667421079447584,-0.3410150601764458,-0.00690058816314509,0.39897715937504624,37.0701657993093
5762,0.16369929976192374,-0.016880150169238026,-0.35186367163758714,0.04192855575706905,0.3377784113681858,37.500362895988175
5763,0.16669104558231168,-0.014865791110397738,-0.35034312983556304,0.04449750264290277,0.33318879483086006,37.15056464241327
5764,0.16475614885571066,-0.009980930342296968,-0.34937801644361244,0.050073092074960836,0.319428229031117,37.176126991852264
5765,0.16188004538585588,0.01900976687223367,-0.33933737595627295,0.07882782481438277,0.26491470745774304,38.12649033930019
5766,0.16779255771113882,-0.13046783868884038,-0.3547066480358379,-0.0519091335761585,0.4627295848930016,35.90677503140924
5767,0.12336407175287495,-0.1673374067954128,-0.1447822703588977,-0.06081011869648738,0.3291752961502385,34.80986041966197
5768,0.17565027586510668,-0.14509467082667357,-0.35239464925836256,-0.07255933615668383,0.48195211529089443,36.46712368505295
5769,0.17116625023061366,-0.07607233096148282,-0.36101346460964323,-0.006883113132276367,0.40699147528726126,37.96699071751986
5770,0.1679388028246214,-0.06524212921969329,-0.3488543759159236,0.004346636781557144,0.38073864743194075,37.063416384316135
5771,0.16533191154472585,-0.12069971885795412,-0.3609940696984258,-0.04567066466731897,0.4523449959785329,36.85885279686295
5772,0.1882533095157959,0.03477658023324139,-0.34327498469903234,0.10211638189251751,0.24074542561409532,43.596883462836644
5773,0.17520365996631268,-0.014884232027485527,-0.3412637336814154,0.061637369148059784,0.29697068607827765,41.46413896204567
5774,0.1868722553993036,0.02007628887171698,-0.3466806802452808,0.08706282552100396,0.26461600797618323,41.71303207081972
5775,0.17920317626754562,-0.01326958147367678,-0.36687060586806297,0.05387161298393191,0.33318306230494027,40.66222846664332
5776,0.19279109965187824,0.0527700399377106,-0.36185935864584196,0.11011896437290197,0.24267746804964896,41.30290850690133
5777,0.2033252709459937,0.05303732582741277,-0.34529071282520174,0.10883847100265906,0.2273468727437363,41.31899855332719
5778,0.19737644679559863,0.09624739157928654,-0.35906975938454483,0.139775010427235,0.19383123387189846,41.74591139896026
5779,0.19164557734899756,0.08093885546134306,-0.3577862227169593,0.1296375388612781,0.20827515455568998,40.80441921921247
5780,0.18788996612241382,0.09526891359343093,-0.36839864134530165,0.13922976346364338,0.20562775534649538,42.15020327129304
5781,0.18621754159504664,0.062131597179466924,-0.3683185256245534,0.11627709830412801,0.24103239172820312,41.33904463429793
5782,0.19096766593614653,0.06037323755802556,-0.3781722503903035,0.1102808990880738,0.2581764610227987,38.82632372999431
5783,0.18852126968580105,0.043859698136631126,-0.3616307260131611,0.10179767084010305,0.25631569877220806,38.253259116897794
5784,0.18541540614971005,0.06086196913140732,-0.3758063454161595,0.11482159877619158,0.25241290958666607,38.66676614427254
5785,0.1911027003479582,0.04599609935901389,-0.38489696705926624,0.09864675185374484,0.28410057045277193,38.808791910694715
5786,0.18385687089552485,0.04768698571354123,-0.3893720616855989,0.10359699001362446,0.28231237817994864,39.47027898646118
5787,0.19513346145241503,0.03406691872419888,-0.3828212304322013,0.091466321729348,0.2853177033721352,40.70969047975455
5788,0.17310580960890265,0.03677451818540054,-0.37405211087537077,0.0903472026429693,0.2900648159436155,40.12454804549509
5789,0.17190739319515017,0.035479929606818866,-0.38478738015964753,0.09471134412950699,0.2911483432990037,38.619598429538165
5790,0.176762686439531,0.05343840437893799,-0.3848300071940301,0.11131709351399008,0.2663213789698915,40.597228604636285
5791,0.17331838062169574,0.01446248776802886,-0.37728092258658014,0.07886927194498213,0.3069580814720066,38.465242446112526
5792,0.170042860048056,-0.038939333546451446,-0.39293564716662616,0.03156841895552403,0.3879815161195856,38.85391031407808
5793,0.15231470464486258,-0.05490618613990315,-0.3536291473444862,0.022741191428373348,0.37584269849705443,40.267370911179995
5794,0.1569328607319285,-0.002430082380676967,-0.28955356096430646,0.0732059730612759,0.24597248730626356,42.061639120262164
5795,0.15695087153193432,0.006416282068272923,-0.2664744852584761,0.08359266615610843,0.20961935588267414,42.51277600390109
5796,0.15077703291022293,-0.007419919191302978,-0.2733403909179613,0.07145485602079533,0.2358531459192133,41.84810657979362
5797,0.1376343675823955,-0.07053711823149374,-0.33174487021770893,0.00895050382911251,0.37831568698141443,38.8009414192763
5798,0.14543105202123838,-0.025101925819708937,-0.33434214066132995,0.04941306754396856,0.32582224511755525,38.496533789606126
5799,0.1729474335055204,-0.03819470452213399,-0.37558985545455237,0.03247144073343846,0.3882024710870285,38.01017783983219
5800,0.16051585441857869,-0.0647913617112343,-0.35988551140449754,0.011352725786828218,0.40737690460649256,37.545039441422844
5801,0.1530481026435984,-0.04676787675301749,-0.3565314083242131,0.028115249308184036,0.37721076182671615,36.45869694810109
5802,0.16227527512275114,0.05705085505778875,-0.3750703501803277,0.11431188501067983,0.2515979395202864,37.098358809261285
5803,0.1677084883275525,0.019265007033532292,-0.3802460521197188,0.07768830857401852,0.3109229476324465,36.63943973874997
5804,0.17080586662853017,-0.04360980781839419,-0.3667449770684835,0.02811690085246582,0.37065567088955087,37.171850987199406
5805,0.16746839241686387,-0.08066683358593527,-0.3531338367562264,-0.0018276993195667063,0.4060722432164337,37.392596651850894
5806,0.1725005175516515,-0.10741212233594899,-0.35690407269669305,-0.026496458272713103,0.4386883514386712,36.4087944459609
5807,0.14898424206642022,-0.08208379448168791,-0.26278986995739806,0.0075933353332965315,0.33435039963280744,37.57689010816295
5808,0.15608809025721052,-0.059925563428856486,-0.3586020707131159,0.011070253469348638,0.387181194491305,37.865119789057864
5809,0.1840108817176584,0.02591699191123173,-0.33360239975701506,0.07243345282543139,0.26951143492991175,38.99200366913042
5810,0.1939922195266306,0.02405715536971366,-0.3499838403973924,0.05601425042596766,0.30254233664543906,39.65546328716481
5811,0.17960993246082696,0.006483907686358088,-0.32915248615170417,0.06362114270119239,0.279230227310398,39.03857889835533
5812,0.1952190233766042,0.040317109889942075,-0.3177447973240301,0.07501348652902302,0.24684883825818468,40.730563912557436
5813,0.18293375948665153,0.012489509128392324,-0.29321995079128005,0.06558330515618505,0.24784036102818333,40.802975390160796
5814,0.17479483486033232,0.016805130220501778,-0.28576376350569954,0.06927961650443577,0.23147885822097355,41.38417029128881
5815,0.15662088537765453,-0.04010791191934085,-0.3047140161134315,0.02718627620036658,0.3140119145562783,39.66183383431944
5816,0.16160906806641603,-0.0616201814762805,-0.342262122694578,0.00869643324823996,0.38078479470178805,37.70209042263293
5817,0.1566703220666869,-0.0598317502720997,-0.3600193452329109,0.005916321217891122,0.40494637697646063,37.12136264378235
5818,0.14566947887661877,-0.11517386276501601,-0.31190581500939696,-0.03223383291699321,0.4185724075420963,36.433237298692035
5819,0.1695130534114646,-0.0724014291936517,-0.37483144779177435,-0.007881961652795469,0.4303180331718254,37.18451763149135
5820,0.17042580033196633,-0.06403792584505733,-0.3382029398303608,0.006204753270080528,0.37728617061808495,37.916115794287386
5821,0.16110353777716427,-0.08882064324486329,-0.3684576381648074,-0.020315023253493613,0.4485087758694473,37.481556807904674
5822,0.1676536256291582,-0.03892190856094956,-0.295094390359524,0.03539864320927844,0.29790666044249126,38.63977817803162
5823,0.16779009100728834,-0.050572171034226635,-0.3171103149582443,0.015655531360825967,0.33966869983544234,38.708038566610696
5824,0.15882975017535766,-0.024074982409214758,-0.36011998652866367,0.03566000512887282,0.3496138937231125,40.02252355043554
5825,0.1684543097609558,0.0021924924351359064,-0.36702830644564766,0.05853697791923237,0.32225065710947925,40.44262795814098
5826,0.158198594707229,-0.01915138836034987,-0.3488843623372581,0.04540107004953902,0.33109572062309217,37.94862019601227
5827,0.16338783208969726,-0.009028235504000172,-0.34849309533988243,0.05522434447696194,0.31640313277268695,36.62380143563731
5828,0.167599496307142,-0.10109032837944065,-0.34812460283443203,-0.025808902546199063,0.42179468131824915,36.84559212234249
5829,0.14257312743646142,-0.1567926908727878,-0.23833264899080248,-0.06434965896496654,0.4009210577329834,35.618309733840135
5830,0.1543259066368882,-0.1309321738782602,-0.28359643404558943,-0.04920515983809879,0.40702179903138713,36.919567490936565
5831,0.1688411372003748,-0.09816174381819075,-0.34261910470466717,-0.024012620680910753,0.4116177920238763,36.29602586511869
5832,0.1708742728801418,-0.09288643398967857,-0.3326515934262495,-0.014583128997463037,0.3935226979140749,35.820166543634784
5833,0.17643564469358938,-0.010232592938909395,-0.33395223596035306,0.06606731877246842,0.2877407225527505,41.71555666406475
5834,0.18833730565405027,0.009505966716068067,-0.3441890838647979,0.08189568103638718,0.2682129693172759,41.46725023272815
5835,0.19082985500210053,0.04032597990346542,-0.3622008945473393,0.10182195826673418,0.25593139619657923,42.568936913785244
5836,0.19454465301916077,0.06586951803836665,-0.3704166285111734,0.12294088799649101,0.23068655141124605,43.57533056726752
5837,0.18793141858277468,0.007323392002538365,-0.35821110103303694,0.07362016046591537,0.29405682042601483,42.12234676660409
5838,0.18165683531515822,0.01307518590555916,-0.34844030539269355,0.07653764461947161,0.2814529065568266,42.3028867730234
5839,0.20244786998589223,0.055652508511250136,-0.3465383450887955,0.10993480033637422,0.2289561256757765,41.64629736466726
5840,0.1913761472874413,0.08651765538562552,-0.3703118618139451,0.13214233122444963,0.217981449157192,42.52165936405378
5841,0.1869538989972171,0.048200333935789916,-0.3691033210787431,0.10220428507863627,0.25962436132972516,40.38417916483572
5842,0.1905830479176241,0.10079579597127308,-0.3892558169367263,0.14330130671702693,0.21500775144196166,40.24312068742003
5843,0.19730213100061575,0.0941762631432872,-0.3858030266692985,0.1436604996944628,0.21491380169863597,39.66314592527572
5844,0.18594807475716071,0.09112493453339869,-0.389799214559575,0.14032671822619214,0.22698871005762247,40.214780947440104
5845,0.18621587953894475,0.07628173624086629,-0.3831092110667794,0.1312825524891175,0.23293102799018467,41.08320096955945
5846,0.17585685200884477,0.0491371876501529,-0.37269067255722743,0.11134408518420989,0.2541737339047629,40.0152295317315
5847,0.17640082779538713,0.02868701241737918,-0.3776145701458779,0.09332469966128999,0.2850525478541031,38.93970954223237
5848,0.17272249888264551,0.024688115547662575,-0.37642975107419485,0.09282445503627658,0.28206579322546904,38.811382536544286
5849,0.17671932639752322,0.008787304499429879,-0.36350399647188847,0.07958028399721169,0.2931563795212881,38.66219812450028
5850,0.179802609097305,0.034342676273331235,-0.36963394087930485,0.0985740514124628,0.26578359921666544,37.42258269748854
5851,0.1808757214336934,0.05420949025448447,-0.38014857335249536,0.11165633596830875,0.25890828997505677,39.427886475900195
5852,0.16499905528612888,0.005239688728832484,-0.3654248901927216,0.07280648546049526,0.31430014763119873,40.93990358970668
5853,0.15641159602486246,0.01829831764530569,-0.2714679066626764,0.0873596621251519,0.20564405817585463,42.609106505402885
5854,0.1515218506274265,-0.005062198211331356,-0.27897071117646827,0.07020871961095207,0.24013348957215708,42.85183035805805
5855,0.1531207612427759,0.018154743630536607,-0.2581440560957377,0.09120641817921163,0.19113285243516634,43.64579686356973
5856,0.15289303566079143,-0.007612704471567122,-0.27540790870311926,0.06873655683881952,0.2395482243319198,42.380056455202464
5857,0.14654209000445811,-0.05007798161633809,-0.3058711528328546,0.03252822105211715,0.3204194896856059,40.66202310463256
5858,0.14696535990832674,-0.10803084006885162,-0.39291349224510974,-0.03448123251057762,0.4927836723710257,38.005793147157554
5859,0.1672222408794792,-0.03859080864686988,-0.3492568874660961,0.03679174991421879,0.35675000112119265,38.59129102422391
5860,0.1845940052049126,-0.007394336664645978,-0.3107639173635928,0.07035370324258249,0.27327321516861164,38.33050024359252
5861,0.18411630918737423,-0.006510358489696675,-0.36179487443391994,0.058579163711654864,0.3208438037331618,37.33408847337174
5862,0.149895664074156,0.015713291218360445,-0.31558348872132574,0.0867882471723111,0.24807704696131933,37.54003379089092
5863,0.16534476004050053,-0.017651373887546017,-0.3453381318718139,0.05352909753645016,0.3188110164613821,37.49557664707169
5864,0.16302090253720286,-0.047514411079749505,-0.3322279453546208,0.02599316942955492,0.34683142772836406,38.63063795139241
5865,0.16347501077137974,-0.024329693235234522,-0.3595817671263264,0.04378709969994283,0.34506189454062264,36.7275730575108
5866,0.16933951636398864,0.012757055534769472,-0.373952534540943,0.07585677518162001,0.3067798487543751,38.959630238153906
5867,0.15127762414732432,-0.08621773263755914,-0.279900279393461,0.005342510718675972,0.34078950742292696,37.643941876412114
5868,0.15983564145695864,0.018131520079583567,-0.3321854203571808,0.0815981415454385,0.25922496897825076,37.896787192825094
5869,0.1651908506963404,0.07324139753151149,-0.3751033512814782,0.12221583378825174,0.23334649385917516,37.26416232049066
5870,0.16676481681233338,0.07105134933118187,-0.37759009986990066,0.1215348573205049,0.23933936617856147,37.23684400399691
5871,0.17666801853312938,0.04010487652367362,-0.33200788873879583,0.09096955467638718,0.241817508636999,39.014055456602804
5872,0.17293354324546925,0.004615274228754855,-0.30053766274670896,0.06570004572549758,0.25260045825502825,39.68065935236458
5873,0.18949265542155863,0.03749241417030795,-0.29991753416359224,0.07800966779815113,0.22963530677840227,40.27240675236785
5874,0.1621988389178256,0.0006248443332230518,-0.2811403867340053,0.06078406739060281,0.24345436171930904,40.693015508743244
5875,0.14373752959002728,-0.19819978179780173,-0.3831495120640948,-0.12413275009075662,0.5832385395536483,35.36449669348175
5876,0.15559836377489253,-0.15701383527712073,-0.3831762799480985,-0.08777263880883812,0.5379021023046349,35.606000958631164
5877,0.1585365285714603,-0.10244108828594586,-0.38083110371263895,-0.03693551279580349,0.4761379252298295,36.3348386468202
5878,0.15720580074778992,-0.06148918006903886,-0.37402342128429666,0.0008067581171712968,0.4219991537490754,37.364566343180634
5879,0.1570807836735646,-0.14762900031779755,-0.3937787455757236,-0.0787326750270541,0.5402994391685986,36.24793733914682
5880,0.1566940134752761,-0.18059537283075433,-0.39469902045283833,-0.10891530234848311,0.5712884553046768,35.9965761348886
5881,0.15719994739581766,-0.09683273649388473,-0.3788305210836158,-0.03432409029109612,0.46139120103423703,36.95831766832077
5882,0.16370689285993884,-0.046076807244567856,-0.35184645545995247,0.017878138610025927,0.3700839089173796,37.108820445659624
5883,0.15584648128081802,-0.07176984433482347,-0.3402298170382885,-0.0003327118745482838,0.37842793172540784,38.932000544360676
5884,0.1591564671800427,-0.045902868828431656,-0.3569115564868688,0.015725972864601003,0.37757174145287975,39.6237470324338
5885,0.15771241942042635,-0.0303105469790492,-0.3537454779851185,0.03528368444434776,0.34559297065486866,37.47052501899996
5886,0.15673833394576797,-0.05265040091043056,-0.3622972148892898,0.014090526890194268,0.3804447669351372,37.230560029249716
5887,0.1575080871977554,-0.04332915109319591,-0.35811907429936507,0.025518176536730053,0.3633192604048637,37.34338456090319
5888,0.1636418136944091,-0.04563567888990806,-0.3418298487709209,0.025298346659472337,0.34935690955932613,37.449658199193635
5889,0.1296931738771905,-0.13533889050976583,-0.19450249066989453,-0.03958795367421318,0.3355876765125887,35.91250295111162
5890,0.17182238491236337,-0.09909506814582794,-0.3549337814198796,-0.0266723309935145,0.42734969874922835,37.466864208307015
5891,0.16915034309965812,-0.06666063365468092,-0.3634765744309854,-0.0008744767754533143,0.3980477254720365,37.116342303562405
5892,0.16698307380965235,-0.011424339759155307,-0.35856735378258503,0.05009447188487616,0.32336185408035534,38.021611332781525
5893,0.1810290524731273,0.004415747444959793,-0.327566590813222,0.07852055236321566,0.2657110225738353,42.00165504168682
5894,0.18920594743041028,0.007984954200521257,-0.34648456886244117,0.07761067911721792,0.27757888948538784,41.4775465778031
5895,0.191957105563723,0.03121826851634398,-0.34755453449486623,0.09739028091217924,0.2473937358255209,42.921351168465804
5896,0.18695834215313537,0.06081367052642457,-0.36523294792514394,0.11633142912062178,0.23811515577132863,43.419395314133325
5897,0.17804247575761684,0.015711087312038567,-0.3376021934552402,0.0790748702511495,0.27217101365451446,42.40003474919559
5898,0.17774971207792042,-0.024457054317498658,-0.3551640786063696,0.045422133998781596,0.3357478226719963,41.489046376648105
5899,0.18881455196103458,0.030703740920624806,-0.3633740040655065,0.09347364652675669,0.2683893536629934,41.90930526686965
5900,0.18789685946614626,0.08128623332338814,-0.3711936974484618,0.12897496090057045,0.2229375421100166,42.31362281781702
5901,0.190475677762101,0.0479280023856137,-0.3733012677391884,0.10382694690811323,0.2550841543648363,40.71722956363218
5902,0.18937173235186522,0.09029541209906553,-0.378876301185456,0.13327229765186055,0.22431429488758092,41.497432239579865
5903,0.20436215667625013,0.09517553051953154,-0.36522761937631576,0.13949977070785183,0.20192083289143864,41.262254458336265
5904,0.1915250123000684,0.09147453559990043,-0.38468007579951374,0.14136956955422206,0.21989836879231503,40.87171165691567
5905,0.1849465935176308,0.09118870366709243,-0.3924199653387746,0.14122921306733147,0.22590390052566792,40.324874044908846
5906,0.1834143795347341,0.03877295447347293,-0.38100470283250193,0.09987146060856214,0.27544216460512977,41.16477911489861
5907,0.18761140406199045,0.051575856866323454,-0.3959640398357116,0.11000050736709105,0.2723771103296085,39.176620652953304
5908,0.17081434681574187,0.07396319779591318,-0.37854355867196604,0.12990657869417513,0.23011683754737877,38.16830206089754
5909,0.1652955392320822,-0.011851763142809012,-0.3562710452169905,0.06338059040060368,0.310834726208038,38.402756487194225
5910,0.1777146589224982,0.0298039297858371,-0.3700805690452839,0.09600078420927516,0.26950739138768265,39.266576291339526
5911,0.1712569799011601,-0.01839731025546921,-0.3790041620025899,0.0540435496351151,0.3443004115961008,39.644070227899455
5912,0.1600610906345516,-0.018688727610633733,-0.3109158440581969,0.055780952126655896,0.2868142158467468,40.85727028022028
5913,0.15609077642660152,0.02599324809512177,-0.25607939201155105,0.09639302051037657,0.18059207537972347,43.135892067839926
5914,0.1527245107187999,0.0061260848955830075,-0.26176623758200757,0.08109857582001892,0.20866519632852068,42.80365482346065
5915,0.15583955037105787,-0.026403402623799456,-0.2990531748005864,0.05419936289344308,0.2843130890526918,41.94986357606112
5916,0.14963684508061345,-0.014645754147505166,-0.27346892306246795,0.06511327038069332,0.2462334291307078,42.00401687503161
5917,0.14719860958374797,-0.03933946166838035,-0.3011912210439099,0.03429177024265259,0.3074574438725859,40.67893143012552
5918,0.14013141454540726,-0.08110863788234106,-0.31899057880926057,0.005166114224112657,0.37614395294586267,38.98756131643144
5919,0.14445014674618803,-0.11842426926246255,-0.34770945795646147,-0.029687442349765832,0.44098880544855884,38.925773894611304
5920,0.17005718795177485,0.018410108654767544,-0.35074026658969076,0.08704329676935108,0.28003752256649983,38.48980326974203
5921,0.17515406209393367,0.07627133271717079,-0.3825685378452743,0.12832199627013152,0.24262459045415286,39.29855341825025
5922,0.16774427277248943,0.054605810128268394,-0.3795108424957807,0.10808318899771852,0.2643787908446155,37.985635223282266
5923,0.1674027028332601,0.02467990012150302,-0.3624007341693608,0.08669764198571002,0.28445548259852343,37.97384832888918
5924,0.15607703861757571,-0.011911393567036507,-0.3524620010712791,0.05608694639198812,0.3264072544621125,38.248140617874554
5925,0.1611398100369891,0.048009351966356154,-0.34326244955688623,0.1028907677188214,0.24809698904239127,36.51059592755881
5926,0.16719349158301194,0.05542066878204509,-0.34498780754214653,0.10984657817908942,0.22700304790923592,36.89224491164816
5927,0.15601696287860645,-0.018238509935037426,-0.3592726995973353,0.04626941093939145,0.34301203522592744,37.59191092001898
5928,0.15954816758864807,-0.04138911032458646,-0.34166846647895877,0.028516617610885253,0.35417439972275944,37.54873598818847
5929,0.1633625102346374,0.013945565295373611,-0.38614942179259487,0.06760478511251561,0.3253928120677922,37.508490458797326
5930,0.17191245999153576,0.021550302504339803,-0.36811274903845,0.07959817039109106,0.292465445640735,38.73376081958468
5931,0.16735168011570487,-0.009560593350512684,-0.3766420099964743,0.04353054964272207,0.3595558372747533,38.34696361198226
5932,0.18342086895229034,0.002385451316345323,-0.3559921498193135,0.03874787969528682,0.3361526473808514,39.561005865643494
5933,0.21047502069154253,0.09121863838657376,-0.3382443666471683,0.09794458087011504,0.2228204878177168,42.32384870005697
5934,0.188486298884362,0.04730957264946629,-0.3015750960128187,0.08982291772364845,0.21012126659478933,42.00750024335018
5935,0.16430261810487076,-0.04685227817910614,-0.3323611092202437,0.015544099781998054,0.34830817752017046,39.129843955473305
5936,0.16850704550390885,-0.0324537420255516,-0.35536498931811333,0.017678031628040023,0.3741901867895313,38.6770620410129
5937,0.17616612609193755,-0.026633441705203098,-0.361667617813964,0.02891480370486,0.37053478659873,38.39722246074953
5938,0.16769847756660808,-0.04581843539864956,-0.35544442865742365,0.018767802955895238,0.37858643610796766,37.331453489789425
5939,0.1671471440225251,-0.032206428365751126,-0.3209169707297642,0.031680599074806796,0.3230290008765506,38.73107506455439
5940,0.16148756293873986,-0.11070779675713639,-0.3759913261264182,-0.04085038201915928,0.47465942881489315,36.75962499748544
5941,0.16867310765733476,-0.0035270809920891905,-0.3710339963666555,0.050123014630235566,0.3412227920002319,38.29419077731137
5942,0.17032481331618995,-0.02007463309755347,-0.37552325156904837,0.03661726196530768,0.36714244278396463,39.05383656917849
5943,0.16919534823149163,-0.027899614376474435,-0.378824208254231,0.03258973945777483,0.372259641585885,38.76085255427318
5944,0.1640903030287452,0.029758789654846823,-0.3699229430359216,0.08069118462466253,0.2890998074040823,37.11928949633832
5945,0.16103545870762584,0.02914559204223838,-0.33782937656500617,0.08539935415481377,0.2575775437375347,35.85502876119169
5946,0.16236270991527466,-0.04743691175762364,-0.3528341831309227,0.02006567059078468,0.3682337366002631,36.33117504592154
5947,0.15932375724439382,-0.08565909480954592,-0.34901162537880676,-0.01030029910274797,0.40156426002857437,35.66361255818411
5948,0.14154496385550855,-0.07832608080640636,-0.2467675946940878,0.007045415659278623,0.3083635622025346,36.23945335871689
5949,0.1864932657954773,0.036862103022431605,-0.3547860541411425,0.10139341243237251,0.2516104635084397,42.54575962915171
5950,0.18738179483903328,0.03959813609016314,-0.3577920755215522,0.10012322828112302,0.25865867991525127,42.88316510744402
5951,0.19153896527241043,0.044403182343357814,-0.36548919396994833,0.10477904221593877,0.25328509576964847,42.706933340569385
5952,0.2020684038975774,0.07138089681495059,-0.36261892371361715,0.1286675550566726,0.2180219877811959,43.500211896070695
5953,0.18917523788905716,0.01775685250643488,-0.3614636460413769,0.08759249210195735,0.27584316395552594,42.542552000683436
5954,0.18653647050917113,0.010659390656514755,-0.356854902250145,0.07907545507133228,0.2880108653842411,41.661276641732
5955,0.18869397714455477,0.04560256472318107,-0.37415165967614483,0.10632540350900618,0.26087792227103523,43.23389712864305
5956,0.18709540330326796,0.0835853836252222,-0.3654971711113107,0.13316340991200154,0.2130939597332001,42.44909399499216
5957,0.19268151214576687,0.08708621009599433,-0.3706555002003523,0.13551590216440457,0.20802621733031962,41.82026636567886
5958,0.19689495783543368,0.08796063839799251,-0.37548267251161616,0.13742436280672896,0.21324502347117838,41.94643314698018
5959,0.19154521370278157,0.0772307646216566,-0.3788495785952071,0.1290367239472,0.22801523758756317,42.43599217776421
5960,0.18938970267635824,0.07837874660271205,-0.375077928355623,0.1268503971998633,0.22999703527979068,41.48255899310025
5961,0.19637402754985833,0.10007632783265667,-0.39152223318210505,0.1468499612500278,0.21030028073525847,41.07766672335511
5962,0.17585912061615858,0.040529501003092154,-0.36592639877723077,0.0994015870923914,0.2730811608972861,41.42548615776249
5963,0.18002340074583914,0.07409271728116124,-0.3836267155730103,0.1264888009235476,0.24052098166703695,39.36522097616032
5964,0.17552677067630804,0.06917408382305043,-0.3768199181323451,0.1269150326843118,0.23345559790932613,38.32143396507616
5965,0.17427726756657613,0.0032171421123944853,-0.3535527644186218,0.07107986309391894,0.2894851999599806,38.3908431814301
5966,0.16870797409725782,0.0034095605891016467,-0.2808344850485993,0.07876860811695233,0.2250220724623872,40.87435485192058
5967,0.16635922249392981,-0.017726499205985066,-0.32662072883899024,0.05573367237226139,0.296687167483337,40.49951699141266
5968,0.1462829610458944,-0.11537940798137646,-0.3354387826619277,-0.03027410268684858,0.4292393819462459,39.37877592194546
5969,0.1514684501095389,-0.02083573123213151,-0.2923903869840658,0.05654330913172233,0.27386317719806047,41.66576332707528
5970,0.15045750854291948,-0.015870592864586412,-0.2848586550784896,0.06313214327298378,0.26083196178273166,41.83477953230889
5971,0.15410463309264613,-0.012887144124256709,-0.2827550416011734,0.06420830377463575,0.25369210628657063,41.96795774522315
5972,0.15106477338264476,-0.0016659665023971162,-0.27667549648794015,0.07462801818967119,0.23657764911605517,41.63905167981095
5973,0.13437096621769687,-0.07823582973666932,-0.27783174576421565,0.014268687863002776,0.3357421989411748,38.957868153372154
5974,0.14440683527239834,-0.03848070455119381,-0.35055075554355297,0.03811556270275926,0.35755969906468066,42.22554118362804
5975,0.14069042492814104,-0.04514098796222202,-0.3261478681497327,0.03044640750689668,0.3414312214271932,41.46104433193671
5976,0.15389388171277846,-0.032086118760391844,-0.30376598142686717,0.04873432079137692,0.29673417311665035,40.97602388071396
5977,0.1548133054783555,0.025650872976980106,-0.31839557056162904,0.09461538807637299,0.23885731817308475,41.242432766511314
5978,0.1758451403306597,0.0719235371975131,-0.3707759356312135,0.1246689396640574,0.2326682638152819,41.22682088994487
5979,0.17240305787957047,0.04602769919257959,-0.3763278605221297,0.10198850707248466,0.2729965145149358,38.658895121770925
5980,0.159403537847178,-0.018268811075276732,-0.35560837291705705,0.04880808257763242,0.3381391551791185,38.037165647226395
5981,0.1648203048204422,0.025523763105252114,-0.36325185090805134,0.08475887229448364,0.2887706245961611,38.21956326460779
5982,0.15370792286064658,-0.015530832301123914,-0.37156306931568633,0.046021321057480684,0.3525063834771043,37.13071913086498
5983,0.1478867087180786,-0.0761865958365256,-0.3674852550146498,-0.0016299482218236887,0.41341537452002025,36.27865155745475
5984,0.15980532644587578,-0.07169677729300462,-0.36987632811295906,0.0002514559432377492,0.41406116638304225,36.8807361419994
5985,0.16179867403396025,-0.029931280715974323,-0.3699156588414249,0.03516976025541875,0.3665614519501524,37.86345898308544
5986,0.16060776798695736,-0.06385291038317638,-0.3528937472173836,0.010201377887471944,0.3814110733336671,38.219073509778966
5987,0.17898093476131596,-0.00037460932605334137,-0.36422462862723176,0.04387283434198464,0.34071661324303326,38.9362059462599
5988,0.16346217135809465,-0.06677733104373046,-0.35559410926928725,-0.007447299437924206,0.4070995964574346,38.260390357311394
5989,0.17612041695288402,0.05029096973341014,-0.286063699353878,0.09751155658456123,0.19047746661867826,41.27748505065516
5990,0.1657967944835456,-0.022522274531975958,-0.30451621277546737,0.04155294960689093,0.2938190868992845,39.69572108864121
5991,0.16374732687632065,-0.024421003594823736,-0.3076693407317161,0.040157693951399266,0.3013517609526687,39.886866148993114
5992,0.17673605447031568,0.055791051804019616,-0.33116310833651175,0.07460467641625337,0.25404509097167083,42.18571623996033
5993,0.18903076861819523,0.030464688212455987,-0.3288381399958149,0.07125690245342411,0.26530020510900365,40.2055339476212
5994,0.16913934032129416,0.0006856807968948421,-0.3176705161691736,0.0631614653203587,0.27626076902214414,38.152109131714006
5995,0.15683248026395918,-0.03384930230959332,-0.2677854706370494,0.04191498092410878,0.26794707627357794,39.35490517888004
5996,0.16429293854610066,-0.05641586326438144,-0.3466388461588011,0.012265411006057925,0.37592163177668086,37.585406798801095
5997,0.16834862599360595,0.052278054897026346,-0.3712153841189613,0.0973332816448844,0.2758887673691165,38.23506655120347
5998,0.17053481697623524,0.0339989130346331,-0.37226185056356165,0.08148572419544918,0.2909731469723614,39.701816286930374
5999,0.16526812874172053,-0.015553596619148216,-0.3581707622025731,0.046255746103388506,0.3314557461872537,37.096055256696275
6000,0.16268615427255184,0.0008896785896289464,-0.34637241680237346,0.06097460041254301,0.3054526134901744,36.28809099949593
6001,0.16181617421102745,-0.03932826224428318,-0.3526700964032838,0.026772662140308042,0.3602351774628072,36.69790392703685
6002,0.16546889587481947,0.021499706742975248,-0.3617636272462579,0.0777811437158945,0.2887254057477716,38.23516228348113
6003,0.16155272780009403,-0.0035274014132587513,-0.36326606513715765,0.05576366883436096,0.31560273645994297,36.944761275856585
6004,0.19682342591193533,0.0855055219616072,-0.36260754554092894,0.1395206207496182,0.20272189095741602,42.107902934728834
6005,0.18322579041104128,0.053765634099262063,-0.36879560597377586,0.11124120915959837,0.25242986798665945,41.58429285098254
6006,0.1799260405098434,0.01876923305340718,-0.3475212182968835,0.08579862345928956,0.2693439113142654,42.547660115976235
6007,0.18060443784028457,0.021804544857011155,-0.32161302754292026,0.08817493339886683,0.24483635027151135,43.04740271996604
6008,0.1905748038566966,0.04830057979059956,-0.3502924707050631,0.1079442465191554,0.23958388399001415,42.74505032862333
6009,0.18872637762718505,0.05350221623551192,-0.36350845905880685,0.11230773570914741,0.24477827351406897,41.50455207874147
6010,0.1956786905751543,0.03493077068606849,-0.3616353006799337,0.0987967059641326,0.2591197882177941,41.35978245670855
6011,0.1937090472779685,0.022983582972460066,-0.3601161679621236,0.087171483406768,0.27532903350043875,43.23213324603588
6012,0.18660603006716425,0.05214129716922384,-0.3681305546795698,0.10926107317351916,0.25203789885523553,44.14546365516549
6013,0.18469898815964877,0.07273730488576788,-0.36804478762269816,0.12307191404810389,0.22739284713215419,41.73220258066014
6014,0.1871709802098117,0.05158472107113015,-0.3800745990945041,0.10264061404661658,0.26623736327255837,41.809437366872224
6015,0.19042004959163095,-0.0018662487562509267,-0.3906361953269022,0.05580386088096999,0.33864464760952034,41.17656195540447
6016,0.18606505959082323,0.06165083893705733,-0.3787991927692732,0.11207440537453847,0.2543704012789308,42.79060581348633
6017,0.18228826483271268,0.032017219485971755,-0.3667760597429644,0.09081723863457375,0.2741519133232311,43.075686151612004
6018,0.18762496067352813,0.07103927709443361,-0.3740658608513699,0.12129363009170714,0.2340269734497355,42.57672614090051
6019,0.17990911724019945,0.056177619454726484,-0.40028116478096726,0.10588494581369462,0.2829107498108799,42.93506514845049
6020,0.1825453254706092,0.09187463041977824,-0.39344079602244814,0.13864340985939536,0.22550135024302023,40.89332208588843
6021,0.18874095843316055,0.08774566171329423,-0.3805130516323304,0.1356538756862946,0.21632333683817917,40.6013619603373
6022,0.18081952071784643,0.004347236993598308,-0.360588067698911,0.07289248293148205,0.29657030215149455,40.05544437172661
6023,0.16682225008944204,0.024518156894651873,-0.2683734856393617,0.0944789855991929,0.19088645689287187,41.80211081431447
6024,0.16326196905450926,0.01819195615147053,-0.2565586687037585,0.09306318208869792,0.18392396141068254,41.64875964890035
6025,0.1679184099257207,-0.007141975495657626,-0.26966171227962804,0.0746644410272807,0.22454996041358957,40.39876879929134
6026,0.1571310155771278,-0.03698961645173805,-0.3071376628010598,0.04380070898421745,0.30260892736714057,40.93763914124759
6027,0.15728098680779212,0.02032801199832462,-0.2613624621187314,0.08957031623539395,0.19275590385946287,42.81178056316504
6028,0.15514592345747255,0.018633880554724445,-0.2665600505897807,0.08957477415856803,0.2030598647827071,42.38422171067292
6029,0.15004332805125176,-0.0293936385948974,-0.3234746395290604,0.046852082098313874,0.32394278018771544,39.95497046773609
6030,0.17038367484159037,0.00336120466457361,-0.34524825272807136,0.07031986426871713,0.29462765131686275,40.688661666592594
6031,0.1582982631005231,-0.05291032105308361,-0.31845338662161926,0.022737173488010576,0.33099742313629615,41.531616844297055
6032,0.15123628687997945,-0.04929062942577036,-0.3274550999387664,0.024876018533316804,0.3526927339941526,40.540726394184716
6033,0.1359098724348828,-0.036716091621905,-0.23789436280959075,0.052095607535318535,0.2527610293866149,41.17318799399977
6034,0.15387181783623646,0.017411508458847265,-0.26134050647235835,0.08870103372399216,0.19738766424334678,42.46099011554119
6035,0.17652493833771793,0.006292333708118856,-0.3065893758410837,0.07894931282771027,0.24811528694588914,40.09141644202659
6036,0.17707017011055845,0.004306693366765631,-0.3579971827613742,0.07207125703669467,0.3014759361343372,38.55366797029633
6037,0.16403953159776347,-0.032260707641932986,-0.3140480575486916,0.04328943361167174,0.3078864847373296,39.17038877067389
6038,0.16610878339491564,-0.013395311253599603,-0.32022634504254865,0.059140589861595684,0.2872567737209748,38.93491600141955
6039,0.154255065367384,-0.07218328432459804,-0.36351199060997985,0.0003549003322236667,0.40348791991666144,35.99866270142952
6040,0.15553047201426823,-0.018938931527947827,-0.36804296983639123,0.047427065695839654,0.3495930764600404,36.0339802530046
6041,0.15912756987104254,-0.04657220699508161,-0.38695053502343774,0.021533685511587918,0.399982310458423,38.01034726288637
6042,0.15194828508662767,-0.07113058602569013,-0.36150624887116367,0.003022250097274279,0.4087776564790579,36.88985777912627
6043,0.16767740605282583,-0.029376955207872174,-0.35679108518644526,0.03731977766064689,0.35103343251485924,38.06936205462706
6044,0.16937369358287516,0.011245426742794672,-0.3091781230091748,0.06184156085395569,0.26602629112632387,40.606392210243456
6045,0.1670103077549717,0.03922024608532199,-0.25671748481471834,0.09761411254248024,0.16703684425242935,41.57245153375464
6046,0.1669215160500642,0.020220586267585456,-0.2605773526426445,0.08459486255534393,0.1925255137493508,41.14018209926054
6047,0.15456067412964175,-0.06097220059858897,-0.3236951806824137,0.011407983894893465,0.3585621494278147,38.83714352671571
6048,0.16400985614325309,-0.031203480449031786,-0.32383910749305395,0.03079298269426698,0.32986521443075445,40.123254087841545
6049,0.185841374283701,0.04308601312712867,-0.32526971995546167,0.0782306402795666,0.25236621519765595,40.125373674640194
6050,0.16279294676924264,0.041626057992184044,-0.33982049568796524,0.09570474213647358,0.25087026337398005,37.459814930278085
6051,0.15657513699846673,-0.0558413551094126,-0.3532411342669004,0.01436475112479584,0.38035668812916434,36.564347883941174
6052,0.15879875943281266,-0.05438846773158293,-0.3402787679830877,0.016842717587401267,0.363150495118149,37.18598463694055
6053,0.15583495746371054,-0.07932346449263752,-0.3766831427700034,-0.013629917624154336,0.4312694972054012,37.7028313878724
6054,0.17177983596656907,0.04780192207809993,-0.3554470669476588,0.10243519526954956,0.24304817174926693,40.0208618092057
6055,0.17223286098766408,0.044111759120482964,-0.3572876202669675,0.09483538766440626,0.25586698634275407,38.98501318267971
6056,0.1665871317954349,0.0011796346342661265,-0.31862860490380895,0.061221481191982334,0.27634069507745523,38.138067889159906
6057,0.16644863294684853,-0.03256276522624039,-0.35013647145954335,0.03064729166956542,0.35118804995085434,36.37898785548994
6058,0.16026631312204992,-0.01244456054452054,-0.34094659482202405,0.052011418107162505,0.3099888604050399,35.9568749564371
6059,0.16436040270344518,0.023186865147284783,-0.34731568381800465,0.0778115905934059,0.2753185656540772,36.81639312294577
6060,0.17224551955038586,0.07548317005065913,-0.3646646391461764,0.12121228763515464,0.22609860511524624,37.431021241285926
6061,0.18268851982065124,0.015964418154412904,-0.3629824848701096,0.08509215649776522,0.2859079117194459,41.81366854724545
6062,0.18064305781282897,0.04393034290413797,-0.37263768833461075,0.10507277559709424,0.2634912215832746,43.18253962346335
6063,0.17815278019551573,0.013032463518656983,-0.3402566936090373,0.08037667590525042,0.2702096431598157,43.38559574918084
6064,0.17242686019890358,0.014730102798709394,-0.3023460273488193,0.084005215656814,0.23425201796317302,42.399831640559725
6065,0.1728250896480849,-0.015879446889866804,-0.330690503617679,0.05656753585191619,0.2978017045681453,41.667309387911416
6066,0.20674684251122313,0.02772532382652189,-0.34932001758177683,0.09296608877942791,0.25890763430626773,41.27556565391542
6067,0.19018576979333462,0.04371151915909085,-0.36096320926981285,0.1024858427908665,0.2590462974497256,42.37104332599649
6068,0.17589161947205623,0.020185786454523038,-0.31474676372803634,0.0839729797564903,0.24217779245460272,43.20587576737379
6069,0.1796728501105274,0.015084063581333351,-0.3742701877545032,0.08143837380754683,0.29507197485927217,43.356180509350544
6070,0.1774846811029439,0.040153247280762146,-0.3676198833695868,0.10124596890096538,0.2624369546780889,40.39258909377325
6071,0.18008789593865834,0.03298910736239118,-0.36383520190695134,0.09407352004270475,0.2664599296134506,40.723474810479885
6072,0.17830251777728534,-0.01409543680903006,-0.36210192948156217,0.05404872973904134,0.3332375910113246,42.31682037279265
6073,0.17502885546285754,-0.003541638575309357,-0.3364036033749447,0.06331719775643614,0.29895917504948866,42.68406701323634
6074,0.1732582840059244,0.005180133555688464,-0.37858474757846566,0.06277898534318586,0.3273414264642923,43.272680555120125
6075,0.18813355762667647,0.038123178019839596,-0.3745068328162211,0.09601857535680194,0.2724418171918134,42.52019081758403
6076,0.18771996664329077,0.08307438273162057,-0.3773491045659672,0.13116363791161334,0.22008333099968985,43.28282652023161
6077,0.19828375744852617,0.07983326310379019,-0.37135418127702163,0.13000693033082714,0.21861471563868654,42.304984915846525
6078,0.2033071316314644,0.04197834021187923,-0.36799483926865895,0.09892768808945086,0.2538238254350874,40.896782674795574
6079,0.18755968191389044,-0.010088440199091797,-0.33620896785397864,0.060023356152923896,0.2905007338132929,40.59012680598133
6080,0.16680654458065886,0.0005593746394106562,-0.27114867567227346,0.07922993908101814,0.21849347578931191,41.55395055092941
6081,0.1696240912623776,0.010416513165440984,-0.27855502927157694,0.0854463752890225,0.2130878779528879,41.20193547776584
6082,0.17225508907681064,-0.0025997131787333545,-0.30171209966302565,0.0741344213905207,0.2518962049005296,40.257627273445635
6083,0.16029242429510285,-0.028432061535265698,-0.3138989317036615,0.049222758830968084,0.2997178240544177,41.303070320131695
6084,0.15175440614227617,0.01154837712527253,-0.264297400533221,0.08764665249419885,0.20435708094227817,41.81048304899647
6085,0.14625417651557737,0.011753908784489665,-0.2684240013649491,0.09281640406546053,0.1995861260957841,40.998300095366936
6086,0.17155835296430139,-0.00043566157558405156,-0.2817001323144304,0.08031908773551458,0.23186887450758198,40.83102744378831
6087,0.19091694219704128,0.0167528353580768,-0.2959413941279671,0.09255433718286117,0.22230041596532407,40.29073663880454
6088,0.1565149551355529,-0.003626888565958349,-0.3318405928301753,0.06945057225898453,0.28795512889440283,42.334037358840575
6089,0.15302870565514481,-0.01697897102856608,-0.310476857698395,0.059253501749696146,0.285668305320382,42.367737653080496
6090,0.15165236079805178,0.011512453418368042,-0.26024987558990975,0.08603078452283872,0.20231103435454595,42.61595518364897
6091,0.15066759471588806,-0.01570734724025958,-0.28035007847744176,0.06129301329883122,0.25762881099851004,42.01307515027286
6092,0.1706684345371662,-0.025850524425768358,-0.35510835038135835,0.046270137511758486,0.3434400225842196,38.768749474850054
6093,0.18202440655500718,0.007200947330826015,-0.35329922253084056,0.07570186663095795,0.29341306007288054,37.848773763643095
6094,0.1716326186023763,-0.015187766799520285,-0.32460075317952936,0.0613169160793594,0.2899012529792189,39.00484893131583
6095,0.1747910629940987,-0.0330327773986134,-0.3266616528685093,0.04558674882254704,0.3135591249516647,38.21526356488349
6096,0.1726086828563394,-0.057992017826644496,-0.3287448410708596,0.020569425043375545,0.3475567907158572,37.26448773543525
6097,0.16722460299857209,-0.037364029756931774,-0.3377731637059478,0.033675343261466824,0.3357037170494603,38.70755720172457
6098,0.16843416274953288,-0.0581550232044238,-0.3678350569114998,0.014792859609631042,0.3921097476960021,37.87026410262198
6099,0.16664329507555348,0.00031214925116449524,-0.36922923321906237,0.06288894700990047,0.3240697216915885,37.53915219084302
6100,0.16884994300726883,0.02343301917275229,-0.3659996206190533,0.08631793371585893,0.2817928875690239,37.22733095871223
6101,0.18751934336550985,0.055822490478711385,-0.32469465195922265,0.09133739677137834,0.22786217978573498,42.4723133433888
6102,0.18249456079481932,0.044506161786095344,-0.2990771281065967,0.08955617099154792,0.21062560915306439,42.45120707174897
6103,0.18304182583198744,0.04360650070685095,-0.3056739754558673,0.0886853369400084,0.2177599378926682,41.44330329039493
6104,0.1663867068581093,-0.021240032491147833,-0.33116662220405674,0.037126647261086686,0.325420684912851,40.19476198402265
6105,0.16279155602134057,-0.03832258522279233,-0.302329631802221,0.030597762282237814,0.31034599100336324,40.240059074287345
6106,0.16916097957374995,-0.014400979143132181,-0.3467597133259618,0.03874086049525416,0.3318300213724423,39.92944303208841
6107,0.17380905734493834,-0.011312314422192936,-0.36033711470192004,0.04740817478024254,0.33363226011590436,38.060639911256025
6108,0.1726409564119756,-0.005505117099548724,-0.37496608835889367,0.05314202863156844,0.3416063587779421,37.3247146747517
6109,0.15991399812075227,-0.12071984014335517,-0.3774442501019227,-0.049139827827713665,0.48069485505682097,36.021343400572356
6110,0.15824110275920178,-0.15976347209721664,-0.36671703169331427,-0.08648615823759487,0.5145760015858064,35.05142249452982
6111,0.17145863401350203,0.016397116308832,-0.34175488498005424,0.07792794993248821,0.26869377004944645,39.51207738168234
6112,0.1735725510813989,0.01210581851849622,-0.3213488528264748,0.06928700126371827,0.2645605670984732,38.798970530176085
6113,0.1822117217816165,-0.0048821841395102206,-0.3361822854640377,0.06063067213574791,0.29313932470581533,38.08768572420488
6114,0.17212622903620026,-0.02886770242581145,-0.3231669634579411,0.03965223225494156,0.3063487413863972,37.1369219182538
6115,0.15473170695287458,-0.017935679143345176,-0.3376947990000133,0.048012452759383234,0.3163445999149085,35.500686775098615
6116,0.1628639667122183,0.015563611771464992,-0.357406619693193,0.07558340544592497,0.29236453407214724,36.0405475126863
6117,0.16973524688028865,-0.0015795888339498142,-0.35653053634478415,0.05491198111695434,0.328036943605243,36.6702495192616
6118,0.18393552874094374,0.04136432993783566,-0.3679122357276786,0.10275707319494659,0.26422645502995407,42.04869431557611
6119,0.18830095142901151,0.04351428965470217,-0.3587477185470647,0.10672719089325312,0.2500878592826668,42.429786638878305
6120,0.18143849061192646,0.002033131656290013,-0.36218762970495133,0.07225725353512531,0.30196916910782146,41.44020500788953
6121,0.17977033111067167,0.009199422557980553,-0.35670734081534755,0.07516607284805801,0.29150339772021594,40.84235772431301
6122,0.1745248984806044,-0.05824379726038534,-0.3637255931609514,0.016024586419130706,0.3886788506708656,39.97585310795197
6123,0.19250423958733026,-0.0037614576655614967,-0.3684453561270508,0.0654632347857011,0.3132743603820702,41.016264356108934
6124,0.17239922026855672,-0.03549614818130245,-0.33005520597633187,0.04019176312519569,0.32815333975297917,41.07441408730491
6125,0.17953703643981817,0.00516121903922545,-0.3742957869534108,0.07371951822894944,0.3069118608799249,40.512160588714
6126,0.17609531566932204,-0.03521577141691705,-0.3701128523720793,0.03599512921248558,0.3623876950771975,38.555042526354804
6127,0.18647057579805865,0.03375457628628395,-0.37042869490144265,0.09261036212153115,0.2795562871198395,40.60830772411646
6128,0.1750269173660438,-0.016950960598838747,-0.37532709125719865,0.046338500099934635,0.3511533819971609,41.52324044690404
6129,0.17050960703097304,0.0009888588417154974,-0.29757986593948327,0.07224608047161832,0.2498838602500608,41.12480118839512
6130,0.17314228125485798,-0.01064997346846647,-0.3200891179573118,0.059868499201202255,0.28488315445620604,41.388708129421026
6131,0.17608093717191609,0.01507545701552395,-0.3284480014548138,0.0815271186546971,0.26105725496130555,41.57184835516061
6132,0.1922541150162749,0.03356378274508637,-0.3845198918898558,0.09005824296417474,0.2870859420846606,40.930103240546806
6133,0.19812211392431092,0.07312940860584187,-0.37431805901022713,0.12397215197194675,0.2338547392034808,42.05395177322932
6134,0.19084867649413098,0.0553368734662077,-0.37606476578668446,0.11148682516141763,0.25219852096640694,40.96920793486455
6135,0.18607828789103692,0.027534864972589036,-0.36935030792318796,0.0908112018660562,0.2786851560564568,40.61266855337358
6136,0.17404638928231062,-0.030501398024621006,-0.3357788653458673,0.04562647613508387,0.3203979395212531,39.78437217037257
6137,0.17414225413372014,0.0077889612283485645,-0.35907440216934283,0.07500643692048167,0.29765752840362636,39.56835777309371
6138,0.17321522173800294,-0.06826224950922498,-0.3574735031092024,0.0077726867536322,0.39024851818267803,37.48464658150549
6139,0.15824795629703145,-0.03948000484048988,-0.35268017935525503,0.03230381779476405,0.3543743054452787,39.076845548828715
6140,0.1583230169059122,-0.03860846346502162,-0.3124130459173257,0.042114176621379076,0.30825723423346935,40.2236617693292
6141,0.15327900755547982,-0.0026144413010619756,-0.2751981545823335,0.07928196575849826,0.2244430500803085,40.260682559760525
6142,0.18526092395625926,0.006029484266733891,-0.3082095757607433,0.07896211320569536,0.25349078127717484,39.82379115580831
6143,0.19330148051715196,0.023357739880092123,-0.2575307286882735,0.10055064619638689,0.1737479873784659,40.735210239177896
6144,0.17082259180182666,4.991310186705157e-05,-0.3513502272908055,0.06749191500295941,0.3148421925697751,39.60689996150489
6145,0.14401133781308822,-0.05300355703784507,-0.3563947764415411,0.0220293169390177,0.3899491892300211,38.854064267933424
6146,0.14806761730489665,-0.031108524728045577,-0.33028175543315713,0.042079735206764605,0.3344895417788536,41.06250434088448
6147,0.14778982585895625,-0.05999866059561421,-0.3140290188239989,0.023728956810434867,0.34340511530792756,40.83770106030043
6148,0.16936265504607953,-0.0010090854531397669,-0.3223933129612526,0.07080127701684479,0.2796897028511237,40.399699924230575
6149,0.18471713313720997,0.004112645518358709,-0.36296442241222454,0.06881827229729459,0.3195237194523829,39.06618544753932
6150,0.1738997200560562,-0.024521139013582452,-0.3454757409645565,0.04705069662935096,0.33436150694336086,39.13716081917574
6151,0.15852771462768478,-0.05073092710789418,-0.3222045821613292,0.02819439018656036,0.33330213858023877,38.993317319038326
6152,0.1671571501158746,5.2424899500647725e-05,-0.37045608877149416,0.059253966274238144,0.33155935984697177,36.95647291332507
6153,0.16201232210907912,-0.05708095421270752,-0.36642542779994147,0.015310926811055343,0.38868602977333755,38.60015965341255
6154,0.16506498906852968,-0.06305016999548822,-0.36185936166729094,0.0069371598213562565,0.40289033813683944,37.858445421581656
6155,0.171291790227804,-0.060940361994910895,-0.35542767554730836,0.007843604251434926,0.39570358718675086,36.99898584439242
6156,0.17177766608015027,-0.02069415422177658,-0.36041782141026535,0.043143844145546124,0.35234963470152353,37.90269835353309
6157,0.16890124636808806,-0.01240223842535453,-0.34547177795044504,0.044891880623068724,0.33217329103361937,38.88498127922822
6158,0.16940400483970638,0.002266958477610946,-0.3297341598483788,0.065360994437984,0.2836092244166041,39.5267944816368
6159,0.17493595592232067,0.019659857465479963,-0.3258644240587339,0.06764368979545442,0.26975248510814454,41.7759974149039
6160,0.16756696069766963,-0.0016599210529839566,-0.3059236172205065,0.05844428365019553,0.2717102019650998,41.448298911932554
6161,0.184856009466194,0.005021279666144461,-0.3080524352770146,0.05643179878812382,0.2705490691310801,41.226043136890546
6162,0.16216821136916235,-0.06551923170324866,-0.3529070030562836,0.005634100567936984,0.3953653635387136,38.67766703943932
6163,0.17301080772741048,-0.0281573295393131,-0.3484167522527789,0.03448477882123029,0.33942292796373746,39.74425639310624
6164,0.1710942640124599,-0.0899251596760074,-0.37515326240816443,-0.018150477963918648,0.436245900790441,37.34504787385284
6165,0.1673233875575863,-0.05676484792533594,-0.35133955722019716,0.013735653705176246,0.3790349941749607,37.05335210529641
6166,0.1690381864843137,0.00013915303995225295,-0.36265961223395116,0.05559298477483749,0.3286131367561699,38.016758945048586
6167,0.16637629309103327,-0.03731068103079067,-0.37780360602031,0.02420513514987462,0.3848052678558842,38.786018978230516
6168,0.16114665312731905,-0.038092192644380164,-0.35065154932580794,0.028237278994498172,0.35115711306711134,37.98422684040009
6169,0.16548228462808548,-0.04458871763276299,-0.33100557921068047,0.028901018606870908,0.34154462075970304,35.8983662346991
6170,0.1623541724671309,-0.03569416983289615,-0.31268310311458186,0.03623268150861629,0.3099218186687981,36.580423558419774
6171,0.1590278367522699,-0.021746762137255137,-0.33759303057410533,0.04678398349561516,0.3165787492599987,35.87885844754297
6172,0.16649852194241385,-0.0011623736044274544,-0.36439666964988426,0.06130266571862181,0.3210895512178332,37.272086867360144
6173,0.16892227887026398,0.004642213825297787,-0.3880568123457399,0.05675096312083667,0.3599922200215502,37.86431243082232
6174,0.18686650519892306,0.0495845180935718,-0.3694486767898492,0.10591428405415634,0.26910703739690917,40.88846649181329
6175,0.189132898690068,0.04575488289284493,-0.3684941262593402,0.10449893082116417,0.2613954553111826,40.909650366197496
6176,0.18153585376071352,0.0009183771810961831,-0.36383663972456615,0.06934921779756013,0.30561121016951986,40.36805573871529
6177,0.17505163897370374,-0.014872497379617685,-0.36910806370192406,0.051165344565678,0.34118334141649537,40.360377904593314
6178,0.1756955747153692,-0.004520252188083764,-0.35564247934891036,0.06160202297400304,0.31407079966242046,40.01320440520067
6179,0.187845979490706,0.013375447364347351,-0.36935447862809845,0.07664894375929224,0.29958752258145815,42.17926758277502
6180,0.18513221369676766,0.037228585099664965,-0.3738451236163061,0.09847063824673852,0.2701221335671399,42.41623691036106
6181,0.18806798693561727,0.031501254886372856,-0.36972047245271983,0.09301905296439175,0.27627722918101405,40.83385382646062
6182,0.18716661224518838,0.049486497343916525,-0.373749503560672,0.10648079180031389,0.2584115910144508,41.388348866535964
6183,0.19386035599769597,0.06126009391446428,-0.3696809097703068,0.11674555402165661,0.23871073544401908,41.78124819594614
6184,0.18964155304969257,0.058069463118091386,-0.37543372267553743,0.10905586002179464,0.25971881682664366,41.80565127163036
6185,0.18656599804362972,0.05920191313352465,-0.3605610701160788,0.11295430522603604,0.24099377014577428,41.85548464436574
6186,0.16947918923983143,-0.021627661001340722,-0.3370558875634209,0.05108233517311837,0.31856875095137616,40.41392986590074
6187,0.1754193187426629,-0.0009745946149667154,-0.32585530978520344,0.06652746443620984,0.2751481885047379,41.22491145380504
6188,0.17518869902790515,-0.004711213330474402,-0.3536619483787203,0.06477230073364626,0.30433669333831803,41.27603879340214
6189,0.1962961640417545,0.06051728990389321,-0.3815295903425745,0.11261904467993662,0.25225964554774094,41.056349703090795
6190,0.2001966225984111,0.11529870673221389,-0.39599610061306906,0.15761837159325504,0.1974872730934373,40.321521076058225
6191,0.1981662181478221,0.09213811296698239,-0.3877718014832429,0.13956804732441153,0.21637846525913398,40.18202519641142
6192,0.18579863300626848,0.016636940277382703,-0.3745218157581364,0.0827864319856665,0.2924074973574584,38.27604125967565
6193,0.16582658340623263,-0.07011856179471986,-0.3525495781860444,0.00904006468424741,0.3844653866247102,37.16742388673717
6194,0.15886808180140574,-0.0555576229168592,-0.36482679392235917,0.0174081448234512,0.384188026684869,36.4907615525198
6195,0.1623722356115286,-0.07379038238858433,-0.37341260242973606,0.0012531140288695455,0.4128699668658892,38.227610407955886
6196,0.16375962421200158,-0.051724871578396975,-0.37198633850725266,0.019619898247893352,0.386796162854543,38.11992007677642
6197,0.1510322495552595,-0.078429238138747,-0.30327337857338904,0.010286218038427905,0.36529879340560084,38.49494177661123
6198,0.14627291555830602,-0.12211877147539847,-0.23657183104472906,-0.015384403733339866,0.35152390618065604,36.694289323297724
6199,0.19068334559922986,-0.01576971393255101,-0.26651135688176836,0.06901758745095943,0.22720561668030242,38.98221420787302
6200,0.17002459029198694,-0.0025044235729555697,-0.35777114468655047,0.06484970268797369,0.32296489857698313,39.11161802276396
6201,0.17559246867803383,-0.006461634368362362,-0.3236833401928675,0.06740940909944312,0.28081815369984975,40.90253798259919
6202,0.1674132524580543,-0.029572654412731984,-0.35679761088977874,0.03808604821538821,0.356993940097852,40.62665347617966
6203,0.17647112588134695,-0.018891095736487964,-0.3602490984510282,0.052736059506718766,0.34318362750279313,40.014402897687425
6204,0.17055229726845322,-0.03323284768731355,-0.37256476081380346,0.035001731627458836,0.37915433564656437,39.230142594488896
6205,0.16342329072468154,-0.02581081000427803,-0.3287937105669872,0.05065538814224474,0.3150073654705505,38.860403264335254
6206,0.1548722313441273,-0.007786463052391624,-0.2944374285924031,0.06910127020072454,0.2555984323081266,40.84144162948898
6207,0.1763425689825131,-0.04355647088211025,-0.36992758579399215,0.02604079242474343,0.3857572123421365,38.17051996252433
6208,0.17408364770450846,-0.028022894530229443,-0.3667567852601591,0.04040065221473012,0.35207100722881995,37.98394300846539
6209,0.15595434582185302,-0.10872059802340009,-0.3844260839890233,-0.0371160369228633,0.4828309734670127,37.98645656084051
6210,0.16994044539342665,-0.039287001882575015,-0.388314348502139,0.02119670431985555,0.41629755946090174,38.78036600836529
6211,0.16367348725603928,-0.07099855424771366,-0.3865199179553088,-0.00784873632808379,0.4548778025006673,38.29827904706467
6212,0.1649586765520414,-0.040793077073676895,-0.38436660491986857,0.01806108713498203,0.4203890281415645,38.505480047006685
6213,0.164296049585594,-0.09657479283997646,-0.3954702210789952,-0.03509033893675846,0.4901954449155322,37.03340226429951
6214,0.17353015278530695,-0.03681266534336529,-0.33963687495062256,0.027574402853804074,0.3472561167292375,38.91896946579064
6215,0.183728482162757,0.028272367644344775,-0.2981393216039805,0.08961948710006948,0.21517250630733137,40.77315204262928
6216,0.17046308367153673,0.015245194100894798,-0.2809902093106454,0.07855511184487057,0.21901822162303025,41.57280195503584
6217,0.2036457916768322,0.05632827853330729,-0.3022242778657475,0.08800105361818121,0.21027344741257453,43.92154084338343
6218,0.18097258148378512,0.011877856166610471,-0.35569114484373054,0.06026581406701909,0.30799570022470957,40.227925118390345
6219,0.19551008792549585,0.03967837194931827,-0.3660537843442882,0.05526166113636746,0.31808472731534126,40.55982772197576
6220,0.18016338599168102,-0.04978097562365803,-0.3441008297313648,0.014953485380778732,0.3682265437425,38.56671617240124
6221,0.17444059899203881,-0.04061945355427486,-0.3646434049448473,0.02531417273215427,0.3692307754609263,37.6750529986195
6222,0.16885914132654,-0.042098805542754504,-0.35618699736912657,0.025148585636229015,0.36477526809840194,37.59514010541819
6223,0.16368466496713668,-0.058609035199037006,-0.35149222702907956,0.01236605837199855,0.37753372929911094,38.019871286900106
6224,0.15390668038206287,-0.09345414764474715,-0.32364442559158013,-0.012929447671458863,0.3980370036169186,36.01330567738503
6225,0.1618090396138815,0.0030004116385747353,-0.3347955432449971,0.06702926738181753,0.28508520438432355,35.93206569533265
6226,0.16495777500057976,0.02001171862654805,-0.34297364509250094,0.08227811678154365,0.2645476181766048,37.40145811437121
6227,0.1608631952656752,0.010607273784096302,-0.32674652510118346,0.0737358110918173,0.2677651051332579,36.959337172943066
6228,0.15632566920808755,-0.01905952940624556,-0.3347628255555814,0.050156536378489734,0.3077659391310995,36.3755104395185
6229,0.16330721835050346,0.0031356772624115225,-0.360134119880368,0.06448002846610679,0.3096359275174888,37.63277527035937
6230,0.16350986476888832,0.032527088879792915,-0.3527876664273823,0.08610780901715069,0.2717045605328908,38.34876326873892
6231,0.17962029785021094,0.07181508210999242,-0.36723274407829104,0.12316582702658463,0.2427275324588739,40.0956103972718
6232,0.18860717886846803,0.06837286541641135,-0.3636452729987498,0.12304649370339844,0.23197205105072383,41.04907812417922
6233,0.18516085040658603,0.012889544813202043,-0.35804484926726443,0.07657189893880857,0.29134087590650365,40.29462098819066
6234,0.18312931241473326,-0.00862077056593049,-0.3444761169349107,0.05983046678085838,0.31500342990161206,40.55449676376131
6235,0.1687875178081439,-0.015497882847663244,-0.3066925956032485,0.058283759457860386,0.27829985011916736,41.19684059738189
6236,0.1838722673124175,0.02444215757150584,-0.36727898733426023,0.08481565092941383,0.285518442222914,40.68327594808353
6237,0.17933873005005166,0.06249009895994453,-0.3714822701012408,0.11458221587025673,0.246741472159665,39.96182997259319
6238,0.17873001504632172,0.053774459399649095,-0.36283832521176146,0.10862564722369669,0.24979211023014747,40.912594311007844
6239,0.18531221108186452,0.0713231437229288,-0.37456461124058155,0.12179912293568843,0.23876884555873787,41.872731344280886
6240,0.18750354298374045,0.03649539596233565,-0.36678962192687975,0.09460452614506004,0.27011825546526386,41.33224960954338
6241,0.18894128017831985,0.08740344824104893,-0.3748818097081691,0.1338488603468481,0.21842691366767786,41.70652266992657
6242,0.18087015555675656,0.03738232075908231,-0.3636491465083795,0.0948338968541297,0.26861600148771875,40.67173394934988
6243,0.17529850372526604,0.008902549816224058,-0.31885828153593754,0.07621955317197068,0.2602543017878398,41.15963026401267
6244,0.16603613832138414,-0.0005818168311323625,-0.30402107690985036,0.07077342913619473,0.2605758077161042,41.23284143651166
6245,0.1848856954352455,0.03173454208368688,-0.3769388403171162,0.09177565438201617,0.2826320263947773,40.33322544724486
6246,0.1948971741663378,0.05001283763831133,-0.38859220946890943,0.10415984870039997,0.2698585076955647,40.12791133963031
6247,0.18847494215582905,0.021567313040113976,-0.3899983158180758,0.07893155763320657,0.3093831086543621,39.21587722549554
6248,0.17682558352113617,-0.017286524403401164,-0.35993087060882245,0.055564295022503006,0.32468324085158806,38.80353065635094
6249,0.1560389897937127,-0.07021109023468369,-0.36357620711593747,0.008446011799415874,0.4007644965937192,37.71025779012366
6250,0.16683998722500454,-0.011851542720975801,-0.3705584145873309,0.05495371616741757,0.33627438195594556,38.33034866964302
6251,0.18030943535149804,0.06933866814368643,-0.3650380067466443,0.1216460384914877,0.23273009708849576,38.80692493046182
6252,0.18302327699010404,0.06871777199478275,-0.3540351757200651,0.12408904166869236,0.22231983389809798,39.37322508861649
6253,0.1655465108498548,-0.03963718620908481,-0.3407966722374387,0.03614658183639861,0.34159187581693967,38.15952307678826
6254,0.1555601939885953,-0.09686973466164989,-0.3569236869302702,-0.017670271435062432,0.4383087047651316,38.987316690524004
6255,0.1580418605676766,-0.13236015785636412,-0.3646333793818319,-0.05228533206469116,0.4871271764471151,38.30441583266153
6256,0.17851410535199125,-0.019031637381198865,-0.37106921366919277,0.046621277396259056,0.35765826758738534,39.225199621979755
6257,0.17340993515759134,4.2637903815875445e-05,-0.32130244241947126,0.071595702246966,0.27330669253882334,40.78293089188525
6258,0.19521768077636956,0.03245179999364733,-0.3403056508343001,0.0958510316430242,0.2584232705605685,41.61485143234075
6259,0.17571277060094026,-0.026931786145342116,-0.32917571584785915,0.0495332258640719,0.32460564189999846,40.2116891393049
6260,0.1771420650957568,-0.026487111182511576,-0.34826895237791633,0.04947246452967717,0.3355998561283501,39.09608021482652
6261,0.15528509463901832,-0.07199827516695755,-0.3804343152706633,0.0030089379814155054,0.4280490038887975,39.095353461790715
6262,0.1621557813979327,-0.02716999910368809,-0.37165459998356465,0.04106082275516941,0.36971222433995543,39.519779272655036
6263,0.16680787797061358,-0.013741214805877196,-0.38390575405905664,0.0457981505700094,0.3781159792242112,38.25364459918989
6264,0.1510051444056194,-0.08743923113885792,-0.3959244094940611,-0.022672390656506936,0.4800546038790915,37.316148666194856
6265,0.1570685076546592,-0.1120421962124076,-0.3679872494705161,-0.037639982774625,0.46676438105796897,38.48141429194182
6266,0.16151207609980797,-0.044714454531270084,-0.35065777892717204,0.028007715567091213,0.37076269456501687,40.173282462053095
6267,0.16388885526888963,-0.058468832590250666,-0.38047953960773084,0.005584237533180327,0.42770630550816474,38.67049935208913
6268,0.15516735005874985,-0.0622244681395338,-0.396130006306275,-0.003634820326965562,0.45345529987745936,37.24558447322619
6269,0.15586682893444676,-0.015544431214462837,-0.3879245856803172,0.03874268999588624,0.4010306318726363,38.01273293490631
6270,0.15913708108518276,-0.009030715565448409,-0.3686976244776608,0.044727955008330746,0.36588910412063363,38.98278390313117
6271,0.18056497229052315,0.02980900066886298,-0.32318089386111964,0.07753943424633948,0.25578893037544387,40.93874760602194
6272,0.1974249098353581,0.03007219905829451,-0.30776006903367453,0.06718684165987004,0.24988570611814734,42.44152530124609
6273,0.19145520149985024,0.0324628153737698,-0.3337359823498006,0.06853123077674902,0.27598254124875343,40.42578059823644
6274,0.18495847272531404,0.03276907026457088,-0.37311577417368286,0.0800523906023139,0.29555109158752757,38.68079391933713
6275,0.16512215883656714,-0.06767398699596769,-0.38091143354793894,-0.00040608798979626623,0.42074689169348256,37.62682879779435
6276,0.17115998834072982,-0.017792295168615403,-0.36784577044042505,0.0414650017579563,0.35615924518917985,38.2895227407394
6277,0.16602043793995835,-0.04549486540001072,-0.3463731053612027,0.023769901520275923,0.36048939348415243,38.40745719034189
6278,0.16387291893521638,-0.06894139494813531,-0.3588426156910965,0.0011064264895962181,0.40883887173396916,37.135325114402455
6279,0.1651164606117173,-0.0673599668440446,-0.3182229362604604,0.014918169323047839,0.3469048351742751,37.748777998939254
6280,0.15700842332199888,-0.0654136296905113,-0.3330834510864501,0.008658820939909748,0.37326350702945144,36.91137215945596
6281,0.1677522628269947,0.028367382234029095,-0.34398948542756846,0.08856984271320564,0.2579472169884341,36.773352183573024
6282,0.1554554779648916,0.01310856780547074,-0.3042810812836792,0.07970788284415176,0.2380112140396785,36.774750571317874
6283,0.16025927155694802,-0.007745294825510661,-0.3210414914393496,0.05873495257051041,0.28214855947272116,36.89624293539684
6284,0.16201643369657118,-0.02138965195829298,-0.3101341222843773,0.05173536758614993,0.28282719300219344,35.783359322176466
6285,0.15968080661332268,-0.035485395469085704,-0.3229545997931141,0.03874592530881433,0.3140775532826364,36.540349858974665
6286,0.15560787547379695,-0.07207863034057359,-0.3262219144731924,0.005896785214277063,0.3675377330439541,36.02246403278117
6287,0.16383583448907907,-0.04142286226079959,-0.33864539509566166,0.030665991004251974,0.3389432575541557,36.71910298130976
6288,0.17161741781355172,-0.03572043922250305,-0.2899364072790529,0.03644322508610847,0.300668711630302,38.149793602855155
6289,0.1185825458614942,-0.07377288398768335,-0.1098041567575227,0.02494577073337132,0.18185083399559515,36.50416674847884
6290,0.18462432777160742,0.016470835194886707,-0.3573989837016218,0.08215180829801692,0.28304951986223403,41.50839540681966
6291,0.18178111845451939,0.001447077701830491,-0.33610568144278,0.06830822833692068,0.2860521574337053,40.723694021019185
6292,0.17342175619746292,-0.03320962019225967,-0.3552017361196263,0.03685105406351352,0.35157163394985047,40.620118957663294
6293,0.181087631164639,0.05759162330308737,-0.362935869258698,0.10973000850068049,0.2503286342670474,40.95056059320199
6294,0.1781043282358838,0.03304565533798683,-0.3696677155357657,0.08931766767812808,0.28825957823759685,40.18277962316655
6295,0.17675577978306672,0.01901650539765904,-0.3371482025662206,0.08608423863928846,0.2649027220028941,41.9911105568779
6296,0.17530397028218417,0.030060286102641262,-0.28437212747885793,0.09790377975867752,0.19692255439659093,41.917586903048125
6297,0.17774629266861516,0.00497761784652627,-0.3561454075758516,0.0691322691096382,0.30000089634391724,40.91991576120907
6298,0.1896890795284878,0.014433481325969591,-0.378152535332927,0.07550218718338848,0.29692225185309984,39.084087547379404
6299,0.17864746451993144,-0.038310000644999904,-0.3731754416812323,0.028682566701897005,0.365434733578287,38.09395494515696
6300,0.1927004350654516,0.03444099966529915,-0.37983440209426045,0.09584062643627879,0.275309035304207,40.30589412652793
6301,0.18139296475069325,0.01832904095895529,-0.3726230965734809,0.07825600384158395,0.30554763000858315,40.07115609616728
6302,0.16802125939077475,-0.053705014201709186,-0.36539329793871866,0.019733725698781873,0.3769906175544272,37.363229066111494
6303,0.17083125994587794,-0.018376799961108675,-0.35346991034418446,0.0535240013280181,0.32180999178662034,37.597197941043355
6304,0.1757723132528008,-0.05728380432900635,-0.3673875027076993,0.021296561258658187,0.3719061133268574,37.098884844626724
6305,0.1511243968806471,-0.1360547256508014,-0.4063370864947577,-0.06274871015428153,0.521943823819706,36.782544583033335
6306,0.17299328882809323,0.01646218001559148,-0.37227504129514,0.07894913326982618,0.30268833305719883,38.227412752823476
6307,0.1835941014711118,0.06265855005491819,-0.36026823973699895,0.11915328712883572,0.2352063359559931,38.900105254048356
6308,0.1826187795613445,0.07528494705906481,-0.36372845059239345,0.128257424601074,0.22248251140510272,39.41631452867722
6309,0.17583901401740756,-0.0829634327307476,-0.38810008396954543,-0.007596981133626153,0.432052751402636,37.86671481935036
6310,0.16972503727813312,-0.08312611109597487,-0.4002903177334078,-0.009479223751250838,0.4519107895783305,38.23189962668503
6311,0.1688382330000249,-0.05353924582805576,-0.35404934591587467,0.024760033770646676,0.3707295770687628,38.92267545145103
6312,0.16420340824875826,-0.08988680580874031,-0.3847059586378188,-0.014321255743705626,0.4487127009296539,38.580932209503914
6313,0.1804951949390082,-0.04267256678886639,-0.38125709074002867,0.027001380886479322,0.3894858330078278,38.657832646932356
6314,0.18869602605986502,0.017312518215946388,-0.34684393737015473,0.08632291740735505,0.28112400116407976,39.91960610872448
6315,0.196705383772472,0.028374080034929885,-0.2952052542198093,0.1017064830135244,0.2049947658822706,40.319320063705284
6316,0.17096334158269694,-0.07031231133548174,-0.3439919152085785,0.01433888326045697,0.37252294750793147,39.3346645442539
6317,0.153700753098977,-0.07732148883403947,-0.3715947569605113,0.0016763259261078356,0.42065362409163326,39.136675086067356
6318,0.16271600834464292,-0.031895686175606265,-0.36495234630883727,0.03800473996252848,0.36222042099278184,39.516555033063504
6319,0.16550668043477604,-0.011567462985045166,-0.3875436301867233,0.045332121971671094,0.3816859926008402,39.3311805441721
6320,0.15250143211186667,-0.05643827568255336,-0.35839783762800215,0.01427983221188872,0.393024608237368,40.0765855401439
6321,0.16157112438013393,-0.0453483167810436,-0.3249522145622626,0.03002564855814848,0.33811366273328436,40.231836832255276
6322,0.15906118210259965,-0.05345520072902454,-0.33502544326198885,0.021835204257426567,0.36321676054762253,39.68370094349888
6323,0.16313245187985714,-0.022464952870673405,-0.3686318480077133,0.04439637225672678,0.3523543620453976,39.01433632543394
6324,0.15520129759386656,-0.07425855107635228,-0.40350888211247316,-0.016091214312052553,0.47582684289237914,37.056457826462605
6325,0.16156823662985528,-0.007154240541183886,-0.3829460695366053,0.04663986926680813,0.3846481408531864,38.22323638766635
6326,0.1573957296708255,-0.005108359148410393,-0.3695506138023269,0.0499104247716262,0.3671831307533071,38.98025159972146
6327,0.16904882807827,-0.0023487355809570913,-0.30963893781927365,0.05802323314882846,0.27803296765320473,40.602018556311336
6328,0.1792565358692825,0.024477014234299932,-0.3385830012568723,0.07962586178106207,0.2699179495868071,40.1265833589308
6329,0.1875678647202079,0.06586167813921287,-0.36372034553464916,0.11127074489219621,0.24201679473614052,39.90257474924561
6330,0.18475412645689304,0.04560000279591165,-0.37063050583167656,0.09876477757704405,0.264650797275482,39.41051908190359
6331,0.18404356552058843,0.032485314891780664,-0.37490100909772556,0.08740047759353593,0.28936021951428903,39.80342593888943
6332,0.17857531650517272,0.030255167910432715,-0.3652686154030795,0.08781575206305367,0.281289064738594,38.63999661939016
6333,0.1664116035042576,-0.026457069068791972,-0.32707400031674694,0.045946377021017344,0.3095749242677557,38.33455603717719
6334,0.16991005616683075,-0.033829031194369856,-0.3372950852130926,0.033452511295612476,0.3354731017141846,38.30690848157077
6335,0.1675827327793965,-0.03857401605013237,-0.3049099758586284,0.03388112515250308,0.30624556771312217,38.75537846297025
6336,0.1675758393388735,-0.018966724353007464,-0.3035683657615002,0.0484114893619953,0.28381219472038405,39.8113193854462
6337,0.16220084278455796,-0.032581663936761804,-0.3091817536066794,0.04234363455176083,0.3006227473421023,36.26500704583212
6338,0.16673638125513385,-0.0351035540152941,-0.3207671003514499,0.033929233229626855,0.318209599156326,36.55738692340824
6339,0.16910267424929387,-0.030859181055906983,-0.3193316340238407,0.03843300471345603,0.3079120775198567,36.840360678777635
6340,0.16478002856905927,-0.05269288999843336,-0.3165042694582414,0.024007997885646892,0.3288592036856617,37.17873429881038
6341,0.1622426059742655,-0.03490339210892032,-0.3257330672245108,0.03605615403451671,0.3196494305799056,36.04794092584911
6342,0.15936124586461886,-0.04093152460367402,-0.3189103458270913,0.03221878835746988,0.3266390563159143,35.62607809173042
6343,0.1590114725206596,-0.042915738419578686,-0.3364207312371787,0.027033224990152545,0.34549084188956014,35.49427192398381
6344,0.16361810841671315,-0.01321961561909663,-0.34204473463704704,0.05218490290002764,0.3079550629679126,36.902416810366965
6345,0.16575067847570832,0.024077811702250238,-0.33824188648110964,0.08063696972336669,0.26450410271931224,38.89281669260271
6346,0.13112435826590088,-0.04990209410077951,-0.17714438860971915,0.03540315260124448,0.21435133420516037,37.62937291617317
6347,0.1833906504919492,0.03236289093280837,-0.3544608586371674,0.09607571190198097,0.2586207256297146,39.78810212659257
6348,0.1802235627280754,0.025324190968189903,-0.3414666132652939,0.09078509123738444,0.25881008076612244,41.497141709230775
6349,0.18609698642444464,0.04403817019179104,-0.36780870512684505,0.10162236284150224,0.2607520879492893,41.02708719376717
6350,0.17717538425502846,-0.05624906222995488,-0.35703772461129635,0.020795790436109914,0.3694660671133956,39.963890948975525
6351,0.18166500573106695,0.024777177418248045,-0.3725338102115172,0.08682714056859324,0.2882922724088085,41.45217029004353
6352,0.1881695772630116,0.07828045388215195,-0.36700625978903173,0.1279888898713405,0.21560236768809066,40.56313700804296
6353,0.191562436040853,0.06354277363425853,-0.3753131230473938,0.11663514625677977,0.2372401722157947,40.01389431878815
6354,0.16561838997406553,-0.03579828182147715,-0.3641892212401029,0.03362830187478734,0.3640337799083698,37.526149247171524
6355,0.1680044034985857,-0.009446757041991239,-0.33363038703770015,0.06318679336122421,0.2969874649787769,37.973328854237934
6356,0.1777765495231744,-0.001758203829562878,-0.37443574541227787,0.06483016071505833,0.3145618224164354,38.14279730421178
6357,0.1890012652332593,0.05247101918092227,-0.3675125442692368,0.10828926423827714,0.25079539931183864,37.50802782938837
6358,0.16661916876329078,-0.032846789635482224,-0.33147394529711177,0.047613742567758965,0.31245074649252264,36.77177553561298
6359,0.1776716449925176,-0.03578682711751074,-0.37272588372094195,0.03477457588578215,0.3580714280602381,36.94495102615617
6360,0.16056587318349452,-0.08922914924193993,-0.41435257458667796,-0.02499538992396638,0.4842204119598041,37.73268085538235
6361,0.175280710654392,0.0009450492145323552,-0.3940285566265385,0.0601648857645036,0.34582815678639334,37.794288768534
6362,0.1807404057695204,0.04730936749762928,-0.36973339088439455,0.10456410237831444,0.26475641874173994,38.3697931991546
6363,0.1710195710246235,-0.007677419180682829,-0.37909099252692036,0.05452778450734477,0.34971938385260154,37.97699116539629
6364,0.16135503319491137,-0.1009172453550679,-0.3761052640444274,-0.02199412456458431,0.4498850159928156,36.88617126818984
6365,0.15873545501138772,-0.10095556344237958,-0.3968609293536754,-0.030329297372301587,0.4798702630540747,37.01424414564609
6366,0.1882978776768262,0.0022240724446668473,-0.3526625231947533,0.07402452975014616,0.29974302203557734,37.96273350377726
6367,0.16683082115136458,-0.05234008908638779,-0.36029542121607877,0.027539235514190585,0.3659251088396801,37.79504503479463
6368,0.16626653817333995,-0.06581795525536253,-0.37070027653215987,0.004687145892945425,0.4084497537578854,39.00881048458125
6369,0.19586261480466338,0.04518915773783059,-0.32391043566924227,0.11357116454229174,0.2178823757228542,41.23242102903564
6370,0.18654634615943827,0.006953693297542581,-0.2996282295862312,0.08643186927713419,0.23447543320647024,40.00525085657966
6371,0.1655048964638383,-0.07594270253918405,-0.35305911387489347,0.0064725531673714195,0.3940606977547926,38.754163081368766
6372,0.15795300681639587,-0.06802787850263234,-0.3488885857753096,0.013910103567460667,0.3838317169418472,39.26629997971849
6373,0.16161283755914704,-0.012511433975552662,-0.3555111980088973,0.05523962352991442,0.3299105373717263,40.80575130321734
6374,0.15498993575064537,-0.02901104857134191,-0.338978772371714,0.03864688853522346,0.3394330924659858,40.84782314453988
6375,0.1555948956205635,-0.0031612849912021034,-0.30201361873594246,0.061293935388134414,0.2695658089097487,42.08269539740758
6376,0.15874984213679372,-0.004895669831087758,-0.3127624792873961,0.05581402183200047,0.28768101553904474,42.50370927823164
6377,0.15755293824119848,-0.03716375095511947,-0.33068907620922705,0.03387412530454487,0.3381112924438915,41.2051620708798
6378,0.17144682596236013,-0.008898754360681972,-0.366730337741177,0.05453253177103579,0.34079256992283635,37.63653883165291
6379,0.1597577104812234,-0.044145493814874696,-0.3965951178513675,0.014692556173573762,0.43077517306989827,37.18073509690533
6380,0.16610168867442726,0.0253147256909836,-0.3952789682340834,0.07029711403502166,0.3576932583860303,39.21290778820405
6381,0.1502867802271434,-0.039364913558163794,-0.3766902645392949,0.02089444017899379,0.4003802867161043,39.899791607845245
6382,0.17187191045388633,0.009752525783532194,-0.3425657937186015,0.07082145207366242,0.2885928302047641,39.53914414466538
6383,0.16528803825445668,-0.02506312026376562,-0.3439608074410683,0.04374195952395132,0.3302334150961273,38.85909230738737
6384,0.2082867769266753,0.05780181117485369,-0.34640888956446,0.09930803487071607,0.2433485689381571,40.17886567746514
6385,0.1881652946316021,0.019527471885751442,-0.3316249595084588,0.06201560907814398,0.27959049778340406,42.24123168090789
6386,0.17733996243857,0.012255295008249466,-0.3533484738396697,0.06885295767459813,0.2961725004905135,39.81783459338199
6387,0.17646090062708963,0.035329730831330196,-0.35480052566927706,0.0943836966031438,0.25680215236303194,39.523514161320406
6388,0.17980904880363768,0.026982216516372635,-0.3585401610447984,0.08961928269857991,0.26332858372309914,39.25847354483185
6389,0.16677889434305765,0.0028797532080972418,-0.35633895994662,0.06263003830463049,0.3078889898225874,37.64467877948143
6390,0.1727860437023746,-0.014013476265812806,-0.3096537593008425,0.053596182269110025,0.27961020686157906,38.7378362360176
6391,0.16698088620480722,-0.013579174618069758,-0.2755897900793077,0.05481769702778782,0.24785866909574478,40.81910073064034
6392,0.16881001058507525,-0.0706976098942217,-0.30408767459926905,0.01435612268803313,0.33686306307084235,37.24765979489134
6393,0.16584658915945968,-0.03928011129255909,-0.3168576567516255,0.03444981955901806,0.31622255314562414,37.53706851219688
6394,0.16339649124145153,-0.027674927120631108,-0.31087370606927645,0.04372055867820269,0.29635244634208857,37.60874675906523
6395,0.16789105134343157,0.008452815547554416,-0.3377317865214742,0.075495757646226,0.2671303370849236,38.20832730584604
6396,0.16196659567835,-0.03317708276442755,-0.338059983771053,0.036140855110499026,0.33039267173254133,35.361903249450364
6397,0.1663413799798734,-0.026804845469021087,-0.3528683657120893,0.04126968797751772,0.33164814004229287,36.31607714069734
6398,0.1621411191996106,-0.051005733294683456,-0.34209178362879467,0.022187933091336376,0.3505346955819252,35.26171997946119
6399,0.1528539610537188,-0.10757142178249399,-0.32329909002977114,-0.02593908628745215,0.409486409890394,35.12532333768002
6400,0.16165686098348184,-0.0784211895427677,-0.33575451595228395,-0.0009848496714832042,0.3832956444285938,36.62072280415087
6401,0.16061365174753203,-0.07704203975470607,-0.3242717221835933,-0.0007110604951923085,0.374861486079205,37.37922998539799
6402,0.19033088698778408,0.05261915622331607,-0.3661583310156497,0.11018894762190964,0.24416861900858475,40.2401274628919
6403,0.1771479294776073,0.053425460268060124,-0.36789757870412715,0.10909403476753234,0.24945536252019335,38.63114435034525
6404,0.18168064380999663,0.06510237891339091,-0.3736044695089186,0.12177565425967239,0.2262069476217356,38.831202856254826
6405,0.17761908761312345,0.015562177946380368,-0.37019363258542254,0.07700459703725575,0.2983025465682472,37.96135903348952
6406,0.1734217834170674,-0.006664390385869836,-0.3683659221626758,0.05850947607353906,0.3265979881769528,38.79269842354418
6407,0.17829374692403105,-0.03095055008511343,-0.378452160794971,0.036329250510318295,0.36276098245382954,38.07900342063505
6408,0.1819120398250962,-0.03906990527018913,-0.3859525942766245,0.027157430454307768,0.3764340341910127,37.77196277491552
6409,0.17530048091408276,0.029634750968433963,-0.3517333910635361,0.09343745602258072,0.25823979442035405,37.76531209419627
6410,0.174330639468291,0.03167391613899055,-0.37325884992415503,0.09379458161295064,0.27573914241045694,37.12109785116996
6411,0.1765669316653143,0.004202238826566513,-0.377027409971026,0.07179162104997976,0.31178537677715756,36.518381365155776
6412,0.18188380104437693,0.022703521484915692,-0.39988534760004885,0.08113572612905195,0.3204062016355047,37.70578511076664
6413,0.18186787090729992,0.023615826521423904,-0.3837908731187049,0.0863436695674258,0.29780485384180233,37.13293716190298
6414,0.17547184699116172,0.010214981499981604,-0.36944603895618433,0.07450513419041344,0.3092683989886131,38.12334833886336
6415,0.17414537699099583,0.003112600872332344,-0.3252935928231324,0.0736185570144557,0.2722802911411649,39.49225153747987
6416,0.1784314456893458,0.02990760309665102,-0.376656044855261,0.08993531865156995,0.2945985819998263,38.07343902612682
6417,0.18009727365285585,0.04828823326917298,-0.3878781407688359,0.10968073307031233,0.2696500596593737,38.38235056787754
6418,0.18323213165858596,0.05568153445369712,-0.375780311280436,0.11800968157777893,0.2518727910366024,39.25850917181395
6419,0.1815032286571632,0.03130214643697597,-0.34877259036750075,0.09992694636959484,0.2556471600073081,38.14901500042169
6420,0.17526350914329825,-0.001637702426164922,-0.35559500843847236,0.06696361499150866,0.31264250436387825,38.6048051841957
6421,0.1566086974721109,-0.11363412078845461,-0.3770628085669561,-0.03388928090406134,0.46613291531219675,38.238714742353075
6422,0.17317460794189418,-0.03900742850656671,-0.3099017923170969,0.043424646604129855,0.3009895726258419,39.71775534947183
6423,0.1603995356390232,-0.0792125944346908,-0.3572222090774808,0.0019072718386821195,0.4078773614634478,38.78450411181525
6424,0.1578871161255973,-0.07674849146524834,-0.3424989578747376,0.006277309829575824,0.38882516755135266,38.75090987236405
6425,0.15993562982263831,0.007618500799262482,-0.2667627199337281,0.08060217002913567,0.21041935830184783,41.93616477156907
6426,0.15548579922010847,0.01669050478103578,-0.290057415428485,0.07673855905034374,0.23790540011945013,43.04424196728864
6427,0.1549857938482203,0.0012666997511472692,-0.3022600710904583,0.061178405976908046,0.26831986066246494,42.700155524156735
6428,0.1523144075323304,-0.014348107906162918,-0.3057708804075121,0.0495674612616567,0.29031113282927645,41.9066568242948
6429,0.16097386031953945,-0.03313850449995545,-0.34923433801462656,0.03502565986538967,0.3566123842059272,39.329559199922834
6430,0.15114583611518834,-0.10250128776545511,-0.23844741821169788,-0.005081633969921892,0.33815438152265576,37.059560463007344
6431,0.1481676232768566,-0.08422726561870317,-0.2438626292186513,0.007714656173970699,0.3273559438389349,37.71669887848518
6432,0.15311235724877031,-0.05321687077955473,-0.32440282671864035,0.020342670657889014,0.3731756018806414,38.6899588663203
6433,0.16169621212017665,-0.033782644946967054,-0.3498271867465008,0.0318722593540711,0.35994597485082347,39.232275879135535
6434,0.17259330672234713,-0.026431980520116978,-0.36852146873058433,0.03949119848934933,0.3610715385662306,38.8752928317086
6435,0.17109587885899663,0.003368766347790308,-0.35255221752814614,0.06758206759995022,0.3009590901879241,38.618984271537556
6436,0.1876119486126945,0.01246768176769748,-0.3434227884076667,0.058916935807296705,0.29790356766534526,42.41474028674156
6437,0.18402354084690686,0.03811263468769625,-0.2980066328375419,0.08700558608095077,0.21448709341790947,42.37389045452592
6438,0.18963723221164988,0.060730055689775846,-0.34518702732513823,0.10630381204484549,0.22835334514471967,40.6930431159459
6439,0.18115778559430912,0.06566303073511383,-0.3701023678867547,0.12039486254465633,0.23074914917606673,40.2268586885833
6440,0.17776484393909173,0.03639513746394374,-0.3502634409978275,0.09824663019752508,0.24397092933733627,39.36208291919822
6441,0.1698971522831494,5.817047501849164e-05,-0.32783966799914266,0.06936241321465174,0.27160272584416706,37.86727577945418
6442,0.1689676622373622,-0.010879272178474607,-0.3301374792245202,0.055211714471143446,0.2995313887923564,37.34006901835677
6443,0.16072268481935867,-0.06950947512464271,-0.3016519438892753,0.013563159123741116,0.3399985936448975,36.593528932875245
6444,0.1672547660998384,-0.08681270138089117,-0.3162940528811798,-0.006349010418356107,0.36884987408891146,37.98972082885796
6445,0.1667920728444699,-0.03424390502472683,-0.333269550970053,0.03759609104341831,0.3271365449074053,37.34248858355379
6446,0.16286506222175498,-0.07207270275325024,-0.32599328459102556,0.007456233417819196,0.3640307339175535,35.79475786111746
6447,0.1564825082585129,-0.0714155636185146,-0.32682838925053215,0.00933841608285359,0.36230135337440295,35.81271325226821
6448,0.1589523735908885,-0.03339316506539258,-0.32138540215727085,0.03912296460675101,0.31422258741631953,35.69927586525434
6449,0.1630452801908535,-0.0556719333745543,-0.3251622952363918,0.015821844588635444,0.34490968276176387,36.904302070126086
6450,0.15975156547621228,-0.1259091958576379,-0.339158616765384,-0.0429888697693662,0.4415086702867141,34.51779082223855
6451,0.15936884410443444,-0.0797738154893631,-0.35648667112773136,-0.006443085269819668,0.4074036224393801,35.61327488764505
6452,0.1609660820389539,-0.07799117187365341,-0.3380299764258536,-0.0023448250895230123,0.39012979246179613,36.86969829607034
6453,0.16590207435413207,-0.0674582497894006,-0.35828665462923626,0.002125236002832499,0.3980152842834016,37.73361344044751
6454,0.1877372840110499,0.08401353043490058,-0.3781890988742254,0.13130434492665896,0.22388835549274946,40.952311270446216
6455,0.1862844770607693,0.0875746691225317,-0.3766700138897976,0.13225182438137487,0.22161322782437132,39.80187089031656
6456,0.17754468125821843,0.04115660223303237,-0.37525772450397227,0.09879161506957976,0.27065885475272194,39.06233080306874
6457,0.17801129087544496,0.015341834902683914,-0.35750873483093715,0.07851587223260455,0.28251821090337276,38.90274101239288
6458,0.1735799071615155,-0.0122406127158323,-0.3156248823082293,0.05944595307633827,0.28231129298860325,39.7190585001503
6459,0.18706303892010678,0.03614687804011911,-0.38846516290134436,0.09263543480061474,0.2930525223313489,38.993257096014275
6460,0.1820449720192681,0.05969431768358282,-0.38631848490175547,0.11495241454259586,0.2583196338732759,38.57821073631957
6461,0.16547999219611162,-0.01264442924906318,-0.35052694722921307,0.05595276578748991,0.31675223582537243,37.944794696170206
6462,0.17024472463974555,-0.017714676137693574,-0.40493119072672795,0.04371429880256668,0.37393875200183396,38.246578382661745
6463,0.18545254180382909,0.07303888086096678,-0.3967632801108046,0.12508577066571738,0.24957064731777615,39.97704491309436
6464,0.1738102039083794,0.046673610211191534,-0.37520564245818827,0.10685920300346063,0.26261835502702774,37.411708765462876
6465,0.173033123227829,0.010177326021916552,-0.36494483656558635,0.07608611888524873,0.30495703631322335,38.390802938141384
6466,0.1727114976310968,0.050854649916204184,-0.36445795684448423,0.11105001355885227,0.2538004442638038,38.04796999515807
6467,0.18039982963410098,0.0661619166808231,-0.3704959714236912,0.12563122094077084,0.2347403268507134,39.02212695691614
6468,0.17284295716079412,0.0976668973270782,-0.37490757136179553,0.14437895801101552,0.21228596936484678,39.49195796604544
6469,0.17524121584691368,0.06546915291704233,-0.37920657600300384,0.11990954793758629,0.2549228858115047,38.047427264625306
6470,0.17629813618328796,0.057040357068571274,-0.37624311503606855,0.1157099317132644,0.2509793004420112,39.05645456235281
6471,0.17338168354418165,-0.002750298323660631,-0.3474558773319606,0.06834534604413765,0.3035860931392631,39.530127791180114
6472,0.17197174377997684,-0.03982257131279166,-0.35694037005621343,0.03491423406614807,0.362403659922683,39.30304295903646
6473,0.1613497855952099,-0.06967662112178286,-0.35828930627820404,0.007848960176431411,0.3987393469541881,38.8021375677486
6474,0.1497800942003923,-0.12401567633084422,-0.36867771270748884,-0.05201961103919403,0.4787239909996202,38.53202926187401
6475,0.1540610557773978,-0.025047460185413876,-0.3145545894039961,0.041570982019635175,0.3064579365896824,41.35366345190362
6476,0.15980179782718587,0.01951732255684682,-0.2848295339579428,0.07953251867634333,0.22670457871688646,43.13088357761407
6477,0.1559462480086979,1.4791539552410437e-05,-0.30580539935499507,0.05899432496780426,0.2708128148966017,42.176496541772934
6478,0.15310073822308326,-0.10285132799620501,-0.35687743440314773,-0.024282975457092112,0.4418978027821217,39.33988127183471
6479,0.17363691650471832,-0.028562060219661095,-0.36321376605964156,0.03730331164876996,0.36228773264424435,40.64810243591149
6480,0.1699267626430383,-0.031456559205303734,-0.2979265965541073,0.045625964982977635,0.2931706887066631,38.86393705039641
6481,0.15977731509033583,-0.05945402443420484,-0.28273675082631505,0.02418236491448176,0.2989814605554738,39.84815688815981
6482,0.17259404791472596,-0.03126651368505001,-0.34864038954140186,0.038759208065091054,0.34686155061651736,38.55829991888044
6483,0.15884440154408486,-0.07772162652393017,-0.3228696009458184,0.0021477853367560503,0.36786910060938216,39.09350395429407
6484,0.17001507300679805,-0.08945598269726338,-0.3722676162320261,-0.015637013054508132,0.4322666882327466,39.662265451607134
6485,0.17180310345465008,-0.05095860536356224,-0.37192650138272293,0.016400734946648888,0.3934316570320055,38.02146446292502
6486,0.1857114625785047,-0.012496785827186604,-0.35960623940520664,0.051340485735088814,0.32824431224769884,38.80200799832238
6487,0.17368797332138525,0.01410572684685189,-0.34886860112954254,0.07737100245790557,0.2811566054837988,39.104525627554025
6488,0.17519331666115676,0.05494047693431929,-0.3518158845055122,0.10906444850480361,0.23260806137208243,39.80383464024001
6489,0.18654170742597706,0.09148918437893537,-0.3824043153939223,0.13989126367440208,0.20740036923962019,40.529535081650764
6490,0.18268821803239,0.10001135535805286,-0.37127059287521635,0.1422198655663212,0.19660266481954997,40.03543623905543
6491,0.1757230051282357,0.04791283077163263,-0.3422778952063981,0.09954602936312944,0.23634627408789133,38.484462815192046
6492,0.17464196055189676,0.0153943562991009,-0.3453277558427945,0.07630262639571,0.2759080226200469,38.61003330856194
6493,0.16476706594096013,-0.013452748802871537,-0.31975930339576547,0.05815109980731803,0.2842597179789293,36.87954084810018
6494,0.1649329493079854,-0.05114713617164855,-0.31154322561935377,0.026666363354404806,0.3253280491476635,36.63322603581725
6495,0.17032979883892715,0.005318705807929518,-0.3167981124125899,0.06853587569191465,0.26350849217760447,39.64568781808722
6496,0.16413767960397346,-0.06228311461821436,-0.33640771351052096,0.014539433831903288,0.3578226772961485,38.45663829963114
6497,0.16529264910280794,-0.05313999716919021,-0.3442630119963315,0.022200121740640975,0.3557565979345849,36.05001673456707
6498,0.1617628014010008,-0.056425250383796303,-0.3295394158897157,0.018906590543931887,0.3470961297883252,35.9794581083439
6499,0.16397854523810268,-0.07889040522586267,-0.3433212416488833,-0.003211624322295819,0.3948806767001825,35.80379502303441
6500,0.16684364110763472,-0.02051242377179572,-0.36432202112574186,0.04432512213318261,0.3379671205032024,36.948700769202695
6501,0.161840141391134,-0.0858170142474647,-0.36027814270194863,-0.014376366446508934,0.4233748420087814,36.82900824591799
6502,0.16796648198666664,-0.08288843646103736,-0.35724485384506244,-0.009547535598092714,0.41388013323701395,36.852351248043156
6503,0.16780773383326017,-0.059909532046746115,-0.3459461942611979,0.011110802349961122,0.3755096266144782,38.19249031966155
6504,0.1878255043531483,0.08683469851651199,-0.3731942280714518,0.1358804572126515,0.2110850975176837,40.15511081904144
6505,0.1849449342249633,0.030641710616759087,-0.380788701360896,0.094863613024351,0.27610886207468505,39.989654229900644
6506,0.18353669720196475,0.012498523881607493,-0.3726627474613903,0.07186155568606087,0.30568991611189517,39.75065131314417
6507,0.1827639876241823,0.02710704436190181,-0.38253899352068327,0.08903428341106635,0.2890550590991851,39.09852258178794
6508,0.17883785814387393,0.038335810882047044,-0.37599613726781744,0.09956929901786883,0.2695216958282391,38.49288095409016
6509,0.14804454018501975,-0.08206408158195148,-0.35943477115592476,-0.004922042902166872,0.42202164609496495,37.065597796593934
6510,0.17629521127348513,0.07741011434580608,-0.37810210187625065,0.1301419719494001,0.2264614250651044,38.16157519367845
6511,0.17168504596343576,0.040998536998710026,-0.3665943689684204,0.10271484097143162,0.26094411371443477,37.23261841274857
6512,0.16671511552749319,0.050979151196200896,-0.3606357267009554,0.11368103649939279,0.24628160321639472,37.27141698059075
6513,0.15636254910796712,0.06510501011823602,-0.3701621395198806,0.12260512173086575,0.24151428501547859,38.28720953723543
6514,0.16794186771376504,0.0803894514975154,-0.37890193089272045,0.13286942940908597,0.22658634942243533,38.699230795159814
6515,0.1724510953693124,0.06856922977337897,-0.37758851699699864,0.12239492001110627,0.24092921738296932,38.60391336836283
6516,0.17669065016052532,0.0688569932281384,-0.3751089500455115,0.123493513534307,0.24050206404985136,39.07846963221099
6517,0.18415625087410684,0.040500971378159355,-0.31296933929968734,0.10921700960068487,0.2068874960972733,40.107109989860575
6518,0.17162213081375177,0.014228150838647757,-0.29462328865582166,0.08541320789153246,0.22724113474652863,40.6901894389102
6519,0.16661645334777656,-0.05510934129174255,-0.3434172607517988,0.010745787632007637,0.367304339592395,40.28314501456348
6520,0.1891657482404907,-0.02175868515865561,-0.3578433574653912,0.03739625120392794,0.33555618091263206,41.553629339555556
6521,0.1732606952586913,-0.043778634088374194,-0.3512737607415034,0.02680680741024147,0.36340665475738493,40.10888922184434
6522,0.15679405163159213,-0.06770207055178809,-0.31864129844110445,0.012217478515020787,0.3526587348749189,39.7548776284298
6523,0.15004615539535493,-0.056924039493180305,-0.31778325466848856,0.020933915068901757,0.3407269316252596,40.09144237187084
6524,0.14872948852124696,-0.10922232427266709,-0.3443310148907063,-0.029902164520570026,0.4379769981496169,38.6366457532208
6525,0.1655907943142112,-0.050076783201296354,-0.35866180326930486,0.02120298046677884,0.3836582441394044,38.9730033550294
6526,0.16887936272124884,-0.012451809542405037,-0.3385740535608319,0.05194612928634231,0.31915626475105,40.22876091674677
6527,0.1823460059833345,-0.00251038527206339,-0.34087315635184984,0.04897302814498413,0.31343211247160313,40.71707176536814
6528,0.18709485990183786,0.009429360698933482,-0.3120155648879994,0.06473376043850365,0.2684044735829426,40.466530477852096
6529,0.16453763023218063,-0.043561799915812584,-0.32955837906547913,0.031813339143891464,0.33165739186489873,39.510340531323905
6530,0.16518354462360899,-0.03723050848604552,-0.3596594095898021,0.033895213138534504,0.3521220320464944,38.21044641576372
6531,0.16714052568945226,-0.055597098951219,-0.35513577504328786,0.01739310753734304,0.3796699407824738,38.38302973585576
6532,0.1838496612491863,0.06753346662258324,-0.339034206165468,0.11558307503079054,0.2080564096424922,39.39724930944062
6533,0.17275538475942115,0.03971497356794519,-0.3297676037034201,0.094506276832525,0.2340712734643059,38.37872039941329
6534,0.16293900790840804,-0.022273191348218226,-0.2867712815846334,0.04904134346609955,0.26674946978521147,40.1410099509446
6535,0.17180625043429595,-0.00010840526996966602,-0.33175487169849005,0.07011586737813562,0.27602640653200305,37.87379734447846
6536,0.1611901306447573,-0.0759660143813853,-0.30512214189722503,0.009978157847846005,0.3457320551922879,35.9628156425004
6537,0.16629248108378838,-0.037615632071217014,-0.3098590160913858,0.03733634571824246,0.3040781267684626,38.26208762007846
6538,0.16423837143294975,-0.0695214460013166,-0.33029842154066863,0.010128625869921522,0.3605861201573143,38.30016728369619
6539,0.16602897356031227,-0.07032266241665244,-0.31869372597939377,0.010503570854029495,0.35580681373233114,36.19211007564855
6540,0.15629913125129377,-0.0365438006334919,-0.30292170548542213,0.04078134918056741,0.298677594188225,35.124016242910315
6541,0.15845482946211173,-0.05905935651670606,-0.3127507130986314,0.019872767090641792,0.34002447671039104,35.80163117036028
6542,0.16948190783351877,-0.020573224356228076,-0.3377175188555699,0.04716705748086854,0.31145797761280725,36.75884636526718
6543,0.1645477437859508,-0.06851864310360324,-0.3465458174047078,0.004203678869753987,0.38552415588419664,36.6550681232198
6544,0.16508050108611866,-0.08371077638571692,-0.3436418592063488,-0.0049587466342695735,0.3941226294286135,37.62993845989913
6545,0.1632387519831983,0.054746945907328655,-0.3531757507837726,0.11309808141407322,0.24173688445233002,37.43136083455023
6546,0.1614328449624505,-0.00306042265020258,-0.35390444089629103,0.06613859537387924,0.30477541027966093,37.883538765267176
6547,0.16292969276434657,0.02316487158952442,-0.3629108471597338,0.08933575050464182,0.27582204664622323,37.56022508793866
6548,0.16924297107628636,0.07885232940277344,-0.3867997422425791,0.13483200272291704,0.22992910254197482,38.46650878220973
6549,0.17605082337170588,0.0803773150720812,-0.38504023119525016,0.13204189503095823,0.23163192582966657,39.269918607269105
6550,0.17309451692183775,0.04374679196170591,-0.36947731580873727,0.10463507900154474,0.2657633265295879,39.52332401661179
6551,0.1746690918138245,0.02280416651769481,-0.3065845755928374,0.09646436828708105,0.21926378463630278,40.31131603669218
6552,0.16604287435048737,0.029026212267611748,-0.2504794818547541,0.10519729952621101,0.16041543360576763,41.78446840569809
6553,0.1617352844963356,-0.022684942984470696,-0.2909329337643018,0.05572996733934005,0.2671464828143113,41.306732170399975
6554,0.1625785061768712,-0.001504215521301727,-0.2710987096259143,0.07626789515846398,0.21950651197233367,41.60899484376297
6555,0.17130823257431743,-0.025693400660338855,-0.31568500707357156,0.04694783627975244,0.29542066466781464,40.22393125504945
6556,0.14975005745067838,-0.09931839364556874,-0.3259265105227003,-0.012467203233060102,0.4019817816348494,38.753046306463396
6557,0.1652672371373378,-0.05661311295064508,-0.38369350320668644,0.008338219343488992,0.4270944253180755,38.82245762194608
6558,0.15835234764771064,-0.09312099033226409,-0.3785983100507461,-0.020035515352177288,0.4566891721165596,38.38867452561411
6559,0.17489002967841316,-0.05989427943765715,-0.31820435631519994,0.018880875604829435,0.34134728414953797,38.75578553935216
6560,0.18668716174146305,-0.013591198112511527,-0.26568156604879034,0.06258334443795066,0.23240694403937678,40.35805706460468
6561,0.17892663316885712,-0.025860050330829776,-0.2904331883176185,0.04656441104929257,0.27539747812037907,40.499663190746986
6562,0.16810529463413082,-0.033618682875147826,-0.3010951950267603,0.03661787876709067,0.3010285833427573,41.10663700106579
6563,0.16960872647102906,-0.05851281188618217,-0.35122773546180486,0.017463376977062135,0.3726666522207626,38.66483675196922
6564,0.16919237422852038,-0.041790098408281864,-0.36268603714994013,0.028766290629716584,0.36384081665394424,38.16912166757118
6565,0.172542613232246,0.011429909051710532,-0.3753246582303048,0.07024145182193654,0.31264471457090376,39.27550438536795
6566,0.17282541177407576,0.09057822150592532,-0.34335245576185514,0.1332215032669682,0.18371940677925944,38.96705827708142
6567,0.18031800064337328,0.07690145464485135,-0.3584627765936144,0.126497388021141,0.21053023409776667,37.71614093469736
6568,0.17827203569024302,0.0416277367927655,-0.35611799292714863,0.10074116172297358,0.24948871690398466,37.80094986781519
6569,0.1719108026432357,0.05149437888862376,-0.35335662346045155,0.10443338239218744,0.243309020961888,37.29476604539068
6570,0.16516846000284516,-0.06221677861278701,-0.33360944552387256,0.012970539044149725,0.36098198352586786,36.53044555915415
6571,0.16500101562747482,-0.01654761586286148,-0.27687568132838347,0.057001857074912995,0.2504082847041567,39.16615535228918
6572,0.17081654412861302,-0.029192623147880303,-0.30085957534241137,0.04535086222253724,0.28569532993325625,38.91136957852538
6573,0.16758563370135876,-0.036074389446690135,-0.3123900409385272,0.04062676289030799,0.3068449221866449,37.30224150985111
6574,0.16611566007158307,-0.03160395362375877,-0.3354020284164578,0.037523167676108665,0.33175887797634834,36.58471687222137
6575,0.15908645281403916,-0.034468027364859474,-0.331750674721825,0.035187918336347164,0.33084219475748244,36.47073822533511
6576,0.1722661793542738,-0.05849000910084058,-0.34679055207543247,0.013527878944163194,0.37036735207104904,37.67504988909105
6577,0.16547144125762003,-0.056620347950747274,-0.34927118665760426,0.017100646495864544,0.3699259196353667,36.826262923519884
6578,0.13320426018374507,-0.06837333706678228,-0.17855307188321362,0.0262859575261551,0.23250340321292248,38.296407502923685
6579,0.17269641960868637,0.059576985757222804,-0.3748655159980578,0.1155256211249002,0.24957488322983537,38.95972268333925
6580,0.16962116674316877,0.041443264562610396,-0.3651428160648635,0.10071945538173196,0.2632150215488116,38.81471096928161
6581,0.1621419434184829,-0.015920053323967093,-0.3606094396657191,0.0544089275487742,0.3317773519582139,37.58577101737523
6582,0.1671127475316782,-0.00036761459755364794,-0.3688163850966736,0.06575565085907734,0.3208208714900517,38.905041118728825
6583,0.17201492901777282,0.0019017477489131787,-0.35843243133271024,0.0712705595902901,0.3060484904253243,38.545607128165386
6584,0.1729307515174029,0.006923643384362068,-0.3539787236510648,0.07631849405125221,0.29217261357686125,39.8331988021117
6585,0.17293898229391158,-0.002592843305711727,-0.3258422770262842,0.07281353507674194,0.2762447891420626,40.416527591596314
6586,0.16769063380324645,0.025768685045970408,-0.2561936728603744,0.10054482377140686,0.17352187311111855,41.952156167480915
6587,0.1618759217824304,-0.01746646214160028,-0.28640123815258306,0.06017675575501906,0.2577052825418122,41.54711535217026
6588,0.16768194474864476,-0.00537476014073855,-0.2796391856124624,0.0705916086568143,0.2327369006622878,41.57573905129581
6589,0.1677118723068734,-0.04697548942126737,-0.3356701587064928,0.02855777362882905,0.34516123950075644,40.54832958600512
6590,0.16734525058088245,-0.050072469149123416,-0.352602434489299,0.023729339880038627,0.3723570779567721,40.150644100537164
6591,0.16257713030696988,-0.066044602382471,-0.3656323541628333,0.003647404255180844,0.409545782285168,39.377221460452425
6592,0.1740009409759599,-0.05362402050413267,-0.3460967281790488,0.019522484128930203,0.3699677681022035,38.96128641373924
6593,0.193632505743984,-0.013666613576052745,-0.2510942623043713,0.06885362545389213,0.2121618156226613,38.83497891549019
6594,0.1935242059962218,0.0016293827752864416,-0.254329442223222,0.07894945435111489,0.1989051399401764,39.13991646385883
6595,0.1611541457767955,-0.16554992553782602,-0.37240887633424086,-0.0933505507698363,0.5309301740906918,36.81324938968831
6596,0.1680112854365861,-0.04702809954581953,-0.3389732454900612,0.02639433861161013,0.34547732731164327,39.230363459207226
6597,0.17280770493901962,-0.05690974449782049,-0.35378387217709567,0.02132606537277959,0.3617722395609317,37.933926492172674
6598,0.1781154247829604,0.022351571915888897,-0.36236223430188014,0.08718112155521814,0.2765171916507415,38.28817194000395
6599,0.17754851567461966,0.07518764832697498,-0.36307758390049694,0.12484430988874827,0.21768606738867113,38.66797155957577
6600,0.18294140947730061,0.07958085442380579,-0.3704542392869329,0.1292523215738115,0.21689698437307217,37.61405418715706
6601,0.18822467067028073,0.0801111478982663,-0.3667087930895655,0.13057049718614316,0.21120271034668903,37.73365182704326
6602,0.17861110740417319,0.05892043253344923,-0.3476473034442983,0.11170376676753409,0.22744273589299083,37.51357451495061
6603,0.16022973027610493,-0.009444989316750958,-0.31498555388265675,0.06485522441005281,0.2725317481336863,36.058283034790435
6604,0.16276073621865184,-0.055140575832851216,-0.3208865815492967,0.024439583018343133,0.3368876393394468,36.262913173260614
6605,0.16442951688774265,-0.04779190959037237,-0.31212758254790085,0.03112234290440255,0.3214948785592232,37.78818712054813
6606,0.16995100197232454,-0.06874357286921769,-0.34055548345794795,0.008720538488234827,0.37277523434940835,36.7759479853234
6607,0.1629901420587568,-0.09248355821291061,-0.3332934472888403,-0.011517516209055584,0.3968899159397697,36.134108076446005
6608,0.16090753879240183,-0.11871226723906514,-0.33841327120712633,-0.03644921359515551,0.43326877313381273,36.76500271336454
6609,0.1630622559915068,-0.11957990778109623,-0.33178346380091195,-0.03446794411812828,0.42481730892675157,36.41604906339597
6610,0.12490363040298243,-0.1010792803670742,-0.15702476473162919,0.011391078727239478,0.2372648971696283,36.930382039585666
6611,0.1778613105000949,0.0028631354282741637,-0.3286790528313805,0.0633638742171222,0.29136647752280703,40.617314710827266
6612,0.17600505639647845,0.008307427376421851,-0.37275332594173716,0.075069730767058,0.31327426666828334,38.23015061568911
6613,0.17413088606693525,-0.04517118991989931,-0.3633011228936185,0.030535182690270397,0.37146531653625703,37.985660233135654
6614,0.16306242555054454,-0.06337954905435722,-0.356809914908839,0.011143175521513704,0.38930400784675795,38.03381500344058
6615,0.1755203986148865,-0.004647619009594172,-0.3405651661583253,0.06921069878452621,0.29493566888949785,39.156532495193126
6616,0.17619512238928123,-0.014884700165996984,-0.33534066555200315,0.06111968807375097,0.2995891716513516,39.98058799301676
6617,0.16882143209841552,0.026194040459277375,-0.2722518254431749,0.09701220497594533,0.18893015646497613,41.73797216810634
6618,0.167382698890452,0.024302540987098872,-0.2685036353015035,0.09457578222126978,0.18736690856001342,41.657509420380535
6619,0.15915816455010035,-0.02918995804840528,-0.2874137568390667,0.050664012477141605,0.27199576852145946,40.9501983035009
6620,0.163867276494132,0.032863463054085364,-0.24934468180426478,0.10293944720268401,0.15950005735683476,42.698127589425376
6621,0.16675711952189792,0.005120889205122727,-0.28901883166421244,0.07652531642759844,0.23433052252549633,42.07506289631813
6622,0.15594553531003758,-0.05224994752980867,-0.3124293130582804,0.028975548737443915,0.3304713662305529,40.40836128522586
6623,0.16786180449480279,-0.024755453678909977,-0.3311649384726141,0.04947810553338186,0.3134291437683153,41.517190959053195
6624,0.2020625178904735,0.007270588705764242,-0.28225804562504103,0.07556288778334021,0.22717443096804255,40.43435831072261
6625,0.18766438336446759,-0.017781617457585802,-0.25724055994878137,0.060555146672188954,0.22714141281682726,39.28442869996882
6626,0.18280652054437568,0.020418232727417107,-0.20879207816128428,0.09618244761510232,0.13016764409107093,39.87466525974224
6627,0.14562449961273152,-0.17110521404658915,-0.3546390300489226,-0.09485739964621254,0.5249601832378478,35.51241285112048
6628,0.16413247668374045,-0.04792021990650293,-0.33733737169420047,0.02579762721483366,0.35188478797940764,38.48072169227487
6629,0.1707684478694195,-0.006482492408715714,-0.2818159270045599,0.06723230116015592,0.23527508453575277,39.978295837048684
6630,0.17822995166812824,0.019822695126937514,-0.3448013214135019,0.08041516124603043,0.2711414494924715,39.731220529490024
6631,0.18225704804037302,0.058012960429069185,-0.3587567840096887,0.11225343392284326,0.234626721878596,38.346010142627
6632,0.18453711628109223,0.07209913998112695,-0.37764460305956155,0.12471319183667684,0.22801271872783196,39.0703814828157
6633,0.17295880887422463,0.0522234159309349,-0.3422947112326335,0.11142274030038052,0.2220195989016673,37.63566917172111
6634,0.16176771834122733,-0.05848640775547417,-0.32993467738703725,0.02028261151943002,0.3502037169574397,35.921476644748346
6635,0.16324528472441655,-0.07236875583068367,-0.3315995187651177,0.009335985506973666,0.3678564429543534,37.177269973530706
6636,0.16207719892994393,-0.058006665616901494,-0.3182781227118736,0.022020977418212944,0.33935859922365075,36.7791381494799
6637,0.15736639002487665,-0.06536262673663812,-0.32529407867120314,0.011869566815641136,0.35934529412478594,35.708163454908245
6638,0.1631050644905792,-0.10789006423298862,-0.33425383796763575,-0.02266546006254618,0.4080205703992993,36.23107908436284
6639,0.16303432074490254,-0.0791313325707576,-0.3331354092805213,-0.0004245517155539109,0.37869158779919704,35.905091063747726
6640,0.15590258088995637,-0.1261612223247742,-0.32553180658802183,-0.03987834061410745,0.43192991260315183,35.89859643644059
6641,0.13660437218883018,-0.06213909304174039,-0.15970638883811805,0.03675754402030757,0.2081366903138712,38.606745612139676
6642,0.16770952892851987,-6.357985063046878e-05,-0.3421165651624624,0.05949659909097963,0.3093952164181562,39.732893880033856
6643,0.18584939010170937,0.001848352054565321,-0.3654204439759317,0.0699631537664238,0.3179832308718634,38.536992219287185
6644,0.1839199880418366,0.029916749457834273,-0.36470625080593755,0.09018882710187302,0.28833614901507176,39.32691678610473
6645,0.18428731774760587,0.07357433161718606,-0.38468143854894427,0.12446897079812194,0.24421504591550186,40.845988064814115
6646,0.18334683048246364,0.05104718941585855,-0.37254103028763796,0.11042668978017854,0.25112927157509335,41.35596382097474
6647,0.186263690861422,0.05850424705455037,-0.37257247136311133,0.11569362827424359,0.24257076614891462,42.57786964444808
6648,0.17796563988132846,0.03380657986378781,-0.3604866814539455,0.0986339080668513,0.26241718718146123,40.311690029171366
6649,0.16979219134701273,-0.03550673887787354,-0.3469316811118829,0.03944198357300799,0.3350106830904767,39.48813079150517
6650,0.1688343152131993,0.008281918419900842,-0.2640212628765872,0.0852675456630666,0.20291237793432468,41.2703316034557
6651,0.1698156535083646,0.03777726714102188,-0.2525809545562776,0.10521986303824736,0.15837525202014374,42.85991645132852
6652,0.16971764616795307,-0.007989895938188503,-0.2693946419827239,0.06925978003853119,0.22866496573112718,41.19777945534386
6653,0.1561099804849553,-0.06546987373658689,-0.30705731190499724,0.020177376565663884,0.3407100006095093,39.95340460059246
6654,0.16275912381935764,-0.054282830242682184,-0.3198907808943141,0.026700913366425785,0.33687387982507744,40.40925700606779
6655,0.17308443432852158,-0.011014630117236626,-0.30394934342323265,0.061873614161177974,0.26933265320045663,40.00655877178784
6656,0.17037576753153838,-0.06154129950705952,-0.3110958819428557,0.015484264266047824,0.33038202970961483,38.07753450786585
6657,0.15384112362670846,-0.12553556412940597,-0.36889355401877316,-0.049077493904868076,0.4725162451411421,36.72311214418514
6658,0.15091096132419915,-0.1547695129244215,-0.36234348312256265,-0.0763170438127902,0.5065278906977274,36.46618032229046
6659,0.16903826164080912,-0.01727153786996226,-0.3041876294359599,0.05257145406879304,0.27937457887575856,40.47812565542095
6660,0.17975589497608255,0.00029228878198323314,-0.31608055531984414,0.06894766279327234,0.26441224011921316,39.509308403323125
6661,0.17700043490892214,-0.02526663556182938,-0.3538798664737956,0.04328602891751665,0.33946654241407165,39.10867421598502
6662,0.18187371082196097,0.04046048280010646,-0.3703515244996986,0.09864418884355958,0.2619548580799004,39.3234295546441
6663,0.16754562924999,0.014710774992608302,-0.3355239312110937,0.08061371344104083,0.26670682371147725,36.97416905327168
6664,0.16287930316337082,-0.022181033503119472,-0.3372146992492441,0.04901931436622995,0.313379056053167,37.69147334137427
6665,0.16022494701531567,-0.03385821523432935,-0.34854340820633656,0.04059172037657768,0.33313157751985734,37.61620355658001
6666,0.16449144959230408,-0.04696704069752641,-0.33230880151285724,0.031100110547381,0.3358977528777848,37.3535148574525
6667,0.15747022567236735,-0.050598400258442804,-0.3368979833599253,0.023657229753629112,0.3530445306744618,36.02917748951523
6668,0.16148552857899154,-0.07529597116371511,-0.3491979694965472,8.297981602735262e-05,0.3915841437599633,36.28828311832124
6669,0.16120419068935404,-0.05237275884104908,-0.34688065794947254,0.02116227938749074,0.35479553614906995,36.45333016932353
6670,0.13796148056804008,-0.14368323810555947,-0.22787880877096103,-0.03862693793987078,0.3601182017936656,35.80324450267357
6671,0.19965398013342528,0.09158389527783066,-0.37524478551131063,0.1381415010033694,0.21786474429407685,41.85929437208263
6672,0.1970768698000099,0.09969771607461471,-0.37066975303059285,0.1451047214851585,0.20006008124471505,42.8615674201844
6673,0.18763294615809195,0.07809294963608175,-0.36919847092891983,0.12896519698112272,0.22263048215469386,42.54587112001721
6674,0.18028416345019876,0.048343155811923805,-0.36146900690792894,0.10379841885577537,0.25909085586040087,43.52030599491139
6675,0.18054968967009136,0.062256881704407206,-0.3760179257383483,0.11767829637041471,0.24466067572353442,42.178640228738985
6676,0.17817523829995374,-0.0009719768512287396,-0.35456949180005687,0.06655587916902266,0.30914654919358864,41.6162100109948
6677,0.17588978095089483,-0.00012634856704298215,-0.28295516573073565,0.07407678567244387,0.2338585640976093,40.997757985547324
6678,0.1756387117751323,0.009902508969384157,-0.2906641852050298,0.0812205894910459,0.22787794493711044,41.344211148146066
6679,0.17227558324356249,-0.03164816513288881,-0.3329149108504703,0.03984451438347245,0.3271653162115967,40.42212805557635
6680,0.16371167645104664,-0.07692934766593765,-0.3490725794839759,0.0007565130479774044,0.40282460014864957,39.562531118396784
6681,0.16944554852454732,-0.031773740666555146,-0.3527665362769665,0.039175595409806044,0.34433652594079667,40.0339160781358
6682,0.18060988244311157,0.023846142744679246,-0.34833458457723165,0.08623816485194473,0.26831107676797994,40.26359539596214
6683,0.17986418045062547,0.0405755038118573,-0.368196109608224,0.09599297745009801,0.26698751134225596,40.94168224241697
6684,0.17743403108538,0.03709208476078299,-0.34626734819923644,0.09342985163249862,0.2565007593605324,41.693831401945104
6685,0.1810391846030003,-0.0040139328838182066,-0.3138105546014266,0.0652784230347567,0.2681299980110928,39.21058367832219
6686,0.18295531096196183,-0.0208743721270805,-0.3438563193821625,0.05293498546300372,0.31342034627445575,38.865575443498074
6687,0.19953071996364288,0.08893337399678669,-0.37725780788488605,0.13529013008149327,0.22538701234171696,42.39984797968706
6688,0.19435923657193843,0.08352093904744293,-0.3600119651117203,0.13503610220952977,0.2072514278285494,42.882561967182546
6689,0.19299222710360125,0.09462443050404654,-0.37663459322923953,0.14032247513257906,0.2144969120454672,43.700966110361286
6690,0.18711984578519744,0.08186493906195395,-0.377793719632131,0.13239842903999394,0.22332795053913923,43.26224568135993
6691,0.17563652190247195,0.013434234877725128,-0.3724682394530746,0.07642330141106451,0.3040013976849985,40.87309367202209
6692,0.1741681046378451,-0.0052231177102830505,-0.36297920948307305,0.06090994077491332,0.3242172258797778,41.43243790646786
6693,0.17766190213011002,-0.024549661432628083,-0.3475263658346148,0.04636128248662794,0.3281283206555574,39.56987989220161
6694,0.18166534520101746,0.005770557029017542,-0.3732159935303434,0.06887277711190301,0.31969532266906625,39.505945451149614
6695,0.1766006484331235,-0.01661578935612339,-0.3646748486656673,0.04883983600822276,0.3418097357845988,39.95009534953099
6696,0.15475900332492265,-0.08968568366143126,-0.3453694199710012,-0.009674964818212672,0.40797227760249494,39.079727190190866
6697,0.1637313258766571,-0.009383297053264794,-0.36655298140427467,0.05617771307610425,0.33039714174628776,40.335310678911064
6698,0.1675482746464663,-0.0006050803103927901,-0.36838896692321543,0.06278097878915485,0.32056610690186776,40.59526044602743
6699,0.1780873102893901,0.025802752223451193,-0.3703700778170895,0.08445676180524368,0.2816304079154853,42.13090930320276
6700,0.18627704099950673,0.032675602566904736,-0.3425233884603417,0.09230567307482847,0.2570730078011255,40.59432970093269
6701,0.18342900016708677,0.05232883739849322,-0.3773082517210601,0.11115109895333586,0.25428448585806707,40.07857710637747
6702,0.18129980752415176,0.0185642359422277,-0.3638103318058982,0.08261076936313778,0.28730813612328265,39.89281934690525
6703,0.1823095652641757,0.02902419628293777,-0.3771620723069283,0.08386817044400365,0.2976087882726681,40.49742359258396
6704,0.17191358046371003,-0.005426302998266259,-0.3638944430619086,0.058540126337677155,0.3259686435769644,39.62093485218336
6705,0.18352870302497007,0.023454555262575845,-0.34651648617103226,0.0843462740460112,0.2739276658790258,41.3727185382366
6706,0.18613402800256768,0.028700465565442083,-0.3707441037798102,0.09171117833385257,0.27887674784736183,39.12051566152036
6707,0.17990854182024296,-0.0018142859322095362,-0.35203438127445497,0.06608946096991998,0.3059673920619705,39.668798568713825
6708,0.18106929696547042,0.06979334833774485,-0.37807022423929887,0.1242916434186318,0.23387643313650316,40.71218956255075
