cell_id,albedo,ndbi,mndwi,bsi,ndvi,lst
0,0.13323156409823228,0.07650491706077128,-0.44773364857497483,0.13032704144880983,0.3169630198302969,45.31183938062159
1,0.13558594556036416,0.0929549484297376,-0.4518068709621808,0.14405308972631234,0.3003764498494633,45.032980786358
2,0.13064325898081777,0.08790046181335606,-0.4539451093361898,0.1365146128568079,0.31722045770878854,45.07114258636176
3,0.1376609781572588,0.0942620015830922,-0.4600065579409601,0.14399543673856352,0.30574354708509105,45.303729230776895
4,0.15913026500198943,0.09620665227516548,-0.45561241922996715,0.15237147531664383,0.276562761712415,47.74397313819404
5,0.1648496429718131,0.11947397583726051,-0.45165255908402635,0.17227138533026767,0.23923553329112354,48.40682728933333
6,0.15738938497190114,0.09113599209240711,-0.43704375136770995,0.14885726433878016,0.27078418711785773,47.91349828139787
7,0.1270690080067006,0.11700078345151024,-0.4521361714768063,0.15732042479794933,0.28650706365679013,46.207925206428634
8,0.11280760935215926,0.10207391816105088,-0.44424935173066915,0.14235947111879954,0.31476860061656164,43.78285876756089
9,0.13160372689786315,0.08696556227161342,-0.45021884857990163,0.13683602301840994,0.31513620467981657,44.66181629767053
10,0.13899889529635093,0.09267541241499677,-0.45521219976467814,0.14366233249739838,0.30361614027877193,45.77094895481645
11,0.13709371801298775,0.08778731015489079,-0.45341535090049234,0.1390820402604056,0.3086874807650214,45.624530497309344
12,0.1409749018741668,0.1040985334690019,-0.4535942724740651,0.15428153824949464,0.2789755782589595,46.67538014741828
13,0.17795937824815264,0.09289697088337277,-0.42875682037303764,0.1581058824369021,0.23705793394859795,48.90047437317215
14,0.141491657449641,0.052198550684726445,-0.4008393282767453,0.12008391234714369,0.29229897119791687,46.00139563853579
15,0.13598213127514794,0.11880890683284515,-0.4532983469317654,0.16068992322781203,0.2765981991608786,46.91861068883039
16,0.12801297655014487,0.11499092953192688,-0.4522392884746551,0.15486563182464852,0.2841334022469597,47.47348602062029
17,0.1374925464039971,0.11061219778010842,-0.4617736360398227,0.15310086507548357,0.2850964332463695,47.58119945925117
18,0.13674029950132335,0.07826122318757342,-0.4491739205598609,0.13119756005334937,0.3122154077671081,45.826108901906636
19,0.1430753206238268,0.06602381732188736,-0.441421474458679,0.12178835819940724,0.3234373009518346,44.54033663817944
20,0.12248408055790676,-0.05291989602025372,-0.4305987200549833,0.010697278006441303,0.49195613068499494,40.82080236537801
21,0.12628062461311157,0.09858264176983582,-0.4505218500701559,0.14360340463554933,0.3096003760985554,44.80944570469172
22,0.13804548098692468,0.1042880674189144,-0.4609185207790502,0.15135080832744235,0.29787594820264013,45.76407628350025
23,0.13654534449168504,0.10270451316915816,-0.45892238753847586,0.14951068571123996,0.2980483458718657,45.50751821738767
24,0.14225626526652,0.07630299024327881,-0.44819805024393516,0.13308475078051638,0.3107165390087032,45.13317956128906
25,0.14718319646985967,0.07186484696592459,-0.44605032737370276,0.13137467863762387,0.3109893046298613,45.54791457518079
26,0.1464699590680489,0.07110810804875137,-0.4355568154497598,0.13173430655949095,0.30101311505145906,45.66488305482415
27,0.1429939180441103,0.09656563240627641,-0.45274460229323327,0.14500234564858497,0.29819672994528484,46.94338995170016
28,0.1441127111792137,0.09529238302227055,-0.4529174562610152,0.1429455771183235,0.3020099084280917,46.6999839158084
29,0.1394835206149991,0.11765150694352298,-0.45985301910640763,0.15697735887079256,0.282891652131854,47.94220669844435
30,0.13750152833789128,0.12719175959038445,-0.45992375707963756,0.163653453880827,0.26772528202797563,47.85700704591388
31,0.13132887437508475,0.11548998053618162,-0.46077474590704337,0.1534131985707611,0.2855329209131073,45.97458218333852
32,0.1562858012181637,0.06620430880144995,-0.4562693887038805,0.12435411696392558,0.3202216432815347,45.575808831562874
33,0.14314136911999434,-0.008454539410331483,-0.43440959555594266,0.060180352538380215,0.4095138508307799,42.87006457157721
34,0.14106034548195623,0.057269268524845186,-0.44883736141514485,0.10929934266716004,0.35109552702372865,44.55251742405405
35,0.13606265232569004,0.10275785327671266,-0.44816293389834705,0.15083269481136358,0.2921548435535658,45.61016060106166
36,0.13005716283986293,0.049789627606898194,-0.4420846360584945,0.10475462170467917,0.3640628445295547,44.36982316900957
37,0.13236601192097047,0.06962040084455255,-0.4439374357671636,0.12183191137495443,0.3373453934160757,44.638734564251614
38,0.15593505450219647,0.04395557130916752,-0.44012679323633436,0.11053015555349231,0.3330023690943307,44.73044821434887
39,0.14395477729426884,0.06817527205530285,-0.44077635757945954,0.12560074756163278,0.32023541841097714,44.898460827030235
40,0.15787722048154293,0.03044828553994124,-0.3941645606864973,0.10498608188497016,0.30399586616918317,45.59289696910009
41,0.17174170597770855,0.04982272876530026,-0.398095535900046,0.12297714278405772,0.27647961660783693,46.61498808652161
42,0.1593975866750567,0.07168598971256354,-0.4354383595542508,0.1295748146446289,0.3002836495816158,47.249305722294004
43,0.1625291315642108,0.014436984833377162,-0.43225183366732833,0.08283442843052827,0.3590931564451287,45.87022596011973
44,0.1447792390417264,0.05523767329959399,-0.442081823887797,0.11081604835474895,0.3335503160488977,46.74844635220777
45,0.12915178689489248,0.11784577317227792,-0.46060044898022406,0.15479578377332046,0.2814087090487297,46.00648089156073
46,0.14325178081655202,0.07683098015418678,-0.44426703070328544,0.13265602364198484,0.3033335951795951,44.902994774497515
47,0.1415335091758225,0.09163306882270451,-0.44518638564463897,0.14330730559258015,0.2946392183719493,44.78374481077092
48,0.1563898938247484,0.028934656348340287,-0.42945990386093574,0.0944279336417015,0.349280466147168,44.86890953691745
49,0.14696594818843267,0.04528746798262449,-0.4472672640247188,0.1011055896656764,0.36413948953112585,44.6319622877413
50,0.13816908898477892,0.029210030953940376,-0.4493701022906956,0.0821828759773646,0.39434627233257435,43.711106868559476
51,0.1535865093836926,0.008368927697375485,-0.42332063195018843,0.07862995167000789,0.3623100629310554,44.650547974116876
52,0.1378889113078424,0.08978905135738718,-0.43921213897986405,0.1406164308494089,0.29715020563187394,45.886829607279545
53,0.1658330951192371,-0.006009992906583244,-0.4156048637819698,0.07123029517138967,0.36688589760814255,44.25018075820638
54,0.16742603657405392,0.005836019858171024,-0.4102163678992508,0.0828428585617268,0.3439096067416751,44.27389826970882
55,0.165095540179597,0.0027805126415546702,-0.41164888834720587,0.07824107841757678,0.3536111508677799,43.741160133007206
56,0.1661646062172414,-0.01470006526891954,-0.4033027202062808,0.0672782924567803,0.35628163837234916,44.462420210992946
57,0.16733030106436475,0.010327342014820839,-0.38672994229465313,0.0880153443840755,0.3171910402451154,45.23941463136589
58,0.18550477568223975,0.03495486790567427,-0.3814196140917059,0.11437927158199888,0.2653680219909709,46.82127620071482
59,0.18644700131715827,0.012696420828989557,-0.41049458263927074,0.09043757510298985,0.3280416373983612,47.44197464796096
60,0.18386481378500694,-0.016349506343696713,-0.4003383560831254,0.06670121353550443,0.35516158545883436,45.80539158748727
61,0.1539633543168204,0.04349491096225107,-0.4333269489055296,0.10525785050577431,0.3340591645945564,47.36279084646724
62,0.13786530611004205,0.07161292519145471,-0.45042946819602003,0.1259339234096132,0.3194651043696082,46.381731659690544
63,0.1426480541917135,0.05866911410188387,-0.4344713111839,0.11990430291556095,0.3178739322373834,45.171844954061925
64,0.15214794975461393,0.08982964726493411,-0.4614875601033771,0.1376073530470312,0.31198162978690663,46.21861011725918
65,0.18071211929672223,0.040892478478092124,-0.37618767872401654,0.11820141874945923,0.25510803287875233,46.141191421014334
66,0.15411440874741383,0.010022358195011846,-0.38783689761663187,0.08375106091508631,0.33862890076817914,44.0476866981148
67,0.14823272014664066,-0.03661634233446963,-0.4351333555364067,0.03132309099983925,0.4450848779884518,42.408522696176384
68,0.14468562553724046,0.03120240301679718,-0.43536739793699275,0.08745824082996241,0.36951902226860944,44.03817906477187
69,0.16034185756512975,-0.06909990839788233,-0.40202333021222064,0.018697988794801054,0.42274063578759213,42.6632643134071
70,0.15774342643169995,-0.04909954834080956,-0.4148885201214547,0.03417031461768599,0.4136094553645012,42.87187436898933
71,0.1594202987890896,-0.005060167555408308,-0.41450223872080694,0.07094679012844946,0.3656227070235529,44.473209102582885
72,0.1664921316446696,-0.05145698012923979,-0.40177829769139006,0.033522014585073756,0.40260785090065765,42.81256679297211
73,0.16743165543392036,-0.00931854340928419,-0.34378358641768336,0.07787157025228873,0.29171427182147547,43.64353121537077
74,0.16765134393726955,-0.03367092597577087,-0.34440844503718987,0.05810004437755671,0.32025251598660015,43.43265186170926
75,0.17240788563367562,-0.011626584340767711,-0.40159566249436696,0.06920644612534475,0.35247677225389945,44.36822772605469
76,0.18189589916893437,0.008295462393050512,-0.40279586077536456,0.08694233433412135,0.32429459218026596,46.02103647418011
77,0.18842791671293677,0.0283443108558267,-0.3687077058061599,0.10642110884202942,0.266615744431472,46.28531452587874
78,0.1808374474444935,-0.005225964592633177,-0.3900087826603517,0.07517220186239933,0.33060344599971614,46.364491262996886
79,0.1946819431691928,0.0014388144833961864,-0.3982493851248077,0.08133344382887614,0.3263102994028172,45.91819419791257
80,0.18266295263729088,-0.006222534642302073,-0.4052410825541544,0.07602799155291798,0.34265594270556415,46.77173893083814
81,0.17581166528714368,0.05234250386280966,-0.4188090932522778,0.11925310941869588,0.29426872912644186,48.41980762122567
82,0.16289352168582943,0.09654098693165009,-0.45221591193922567,0.1489002036269179,0.2797810854792559,47.906424338014155
83,0.1596785132281512,0.07936792523574572,-0.45911934406155636,0.1313510962752051,0.31168609185270285,47.54292266082042
84,0.17687412657579432,0.039677816215908566,-0.32913021636878165,0.12153911921064935,0.2114659504388115,46.01685602745433
85,0.168758378275518,0.038581950615171764,-0.32177971260522126,0.12047334595271651,0.21135300628657358,44.99528886750424
86,0.1512838697974116,0.02286870108758325,-0.4018384246454473,0.09084178989056053,0.34079557952515965,43.890521437259444
87,0.14486415720908574,0.05048700427300957,-0.42345265623341477,0.10541553413143247,0.3358510738723485,44.10379912020396
88,0.13781686835166404,0.05465187391839771,-0.4265908927029926,0.10749428290725184,0.33632848874871407,43.43607177409151
89,0.17282956946200473,0.02693855403738043,-0.30123920215090966,0.11507713179165673,0.20184928195287152,44.52628706290149
90,0.166925236318779,-0.06014270840544176,-0.3611377776635389,0.0329804432135408,0.3679890446850242,42.76752409261097
91,0.15555001939159058,-0.06723923828198072,-0.3990971945288019,0.020645782818363306,0.4178826566934554,42.70459940847161
92,0.15554278526875653,-0.04915481411442795,-0.40952844948088846,0.03497020217416246,0.4059447304067247,43.24448434442284
93,0.1525464019763444,-0.09953629660301426,-0.41027515107854506,-0.013321407870386022,0.4722096123278868,40.71503367434639
94,0.15642829484702594,-0.08942869481709692,-0.4047694625638438,-0.002286977043888698,0.4485316772038476,41.81671133793373
95,0.16967643910046964,-0.047032068217045385,-0.38580368308775337,0.03998757167452291,0.3807746544847026,43.218180687199386
96,0.17239825585553775,0.023139228414586967,-0.33475320231095484,0.09818865556335384,0.2511287756839822,44.66335784899494
97,0.18413171991121807,0.023582026974187303,-0.3734767088720041,0.0968982803777827,0.2818379553157963,45.50108801104783
98,0.17730615657998589,-0.004094604456612952,-0.39448314529829204,0.07566613288808623,0.33346704793016324,44.35607529428625
99,0.1692615186695775,-0.03724168965780617,-0.3875979069986066,0.0455044169077332,0.37276010638954343,44.48842689355789
100,0.17467582038638535,0.004181830272933267,-0.39836849033052124,0.07986188053599712,0.3320208992881936,45.75568569727479
101,0.1791155496685666,-0.003440297959292987,-0.3658739492880982,0.07473691870112502,0.3105449081952749,46.30053125461294
102,0.18485387807759163,0.00661563544891384,-0.3818791980192532,0.08986093844322564,0.29821007951002876,46.859587030615735
103,0.18947494666409184,0.013944273969493944,-0.39473080874762295,0.09849781987347307,0.29279219142616586,48.291366644601155
104,0.17598827279924426,0.06952807886079619,-0.4338324352015198,0.13264419902645938,0.2852622009670149,49.76937887155034
105,0.16537672526934058,0.07142107945937538,-0.42959341458360156,0.13350771038336384,0.28462518625020705,48.09328593079374
106,0.17034615147946044,0.07473212838835118,-0.4410355374130165,0.1346078906408254,0.291027783146023,47.41096155349715
107,0.1574991818186661,0.053767479819991575,-0.4581724593870409,0.11064086079321515,0.3491853331194546,45.82168030258388
108,0.16011310921552332,0.07303305378256957,-0.44915718570453583,0.12941364639002714,0.3145875703736251,45.21506196501035
109,0.15358361699184805,0.06272887374827173,-0.44192490063460327,0.11988913241248375,0.3228676547587152,45.09248746131507
110,0.13643613270754018,0.04844168682435628,-0.42844122504532717,0.10142890760182685,0.3407092186838452,43.242125989882304
111,0.14282079572511405,0.07228095058384416,-0.4178237922470758,0.12516794741898016,0.2929728566498528,43.99433992484935
112,0.16363081054993356,0.0256548393857901,-0.432392026206685,0.09522345314288408,0.33907222205225673,46.49373452494692
113,0.16440962999908046,-0.03947829464357432,-0.4217742473629632,0.041068913160360127,0.4070472280909317,44.03166916991523
114,0.15510452684397408,-0.08421342897170721,-0.4054424488688239,0.0042815270080454925,0.4445392366090234,42.556780968539606
115,0.16978689405759623,-0.008245100940441208,-0.3569926622278896,0.0766419800442976,0.30041431119243633,44.336871943734245
116,0.15713520721429794,-0.07560227769618175,-0.37831712279504953,0.01587743842570424,0.4048742019797026,42.568029162370294
117,0.1686128542237337,-0.01756394123386395,-0.41080603789684067,0.062031761414942786,0.36714087620134983,45.217549283547704
118,0.1763432352910334,-0.021878980347168488,-0.3976827414060534,0.06131454538363496,0.35798492979447133,44.78869245488712
119,0.17060711489821417,-0.026756774561131142,-0.40748072934991253,0.05332368957338723,0.3792353395773272,44.74725354745383
120,0.15348383956036743,-0.0798419615990554,-0.39449247399060533,0.01086970389880538,0.42627290245034627,42.64546272068498
121,0.16156236948841732,-0.06585729605500538,-0.3815488790139681,0.02439309529991555,0.39495417176495085,42.92059428889603
122,0.1675692018398199,-0.023124632986138007,-0.3934182629161301,0.06100288684796955,0.3526643400466102,44.746399959300796
123,0.17600929995317524,0.001967545423495024,-0.3703231550262349,0.07865335877020778,0.3101721355446687,44.70767521276011
124,0.19346310381239787,0.04937992019128241,-0.40057814621127547,0.11776663301117744,0.27115710581845814,46.76156822420346
125,0.16378069005993764,-0.015151524069927128,-0.38995894164084927,0.0668179555046098,0.34443928187106865,45.803668811849384
126,0.1724583163841018,-0.028457625865493788,-0.37819740632660864,0.060212100824461955,0.3432961360599356,45.69416827731939
127,0.19735214790735395,0.04154890215199575,-0.3509367285857649,0.12188310949627112,0.21081156858764816,48.46247362905145
128,0.19235442212828413,0.04091930669408756,-0.3875704866199175,0.11573487547714005,0.2610082100230604,49.07851778289961
129,0.17803246858436453,0.007664597354506144,-0.3984995791028191,0.08857705721291824,0.31675520332763807,47.0541249100482
130,0.16569744506575096,-0.034226762211268615,-0.4189076490924126,0.04429523764854695,0.4021547443383422,46.880572783167864
131,0.1575057105183537,0.020855668514905445,-0.4344494655937592,0.08818506075741525,0.3508501310106872,47.30142715008893
132,0.15679197711884116,0.07186381025003781,-0.44200955181878365,0.13124425577670776,0.29818789798662726,47.582830661330235
133,0.15085322837109783,0.07843098736159831,-0.4602136787333118,0.1282692310030051,0.32307724332889404,46.22862100694174
134,0.13214451413563733,0.07259890714185141,-0.4533597169938723,0.11807406794277318,0.3437947593144461,44.062616937610805
135,0.13599681667317512,0.06091806923592478,-0.4440605645866755,0.10912060429807308,0.3498847626852614,43.94452767812784
136,0.12893732107399988,0.0574469090676648,-0.4340795245569985,0.10697996575596733,0.339404151911407,43.03090398528442
137,0.12924975271830683,0.047215830460925735,-0.4248931990975824,0.10150838370293054,0.34199077760817437,42.31308499344644
138,0.14878742995097285,0.08118487609451563,-0.4376536202355262,0.13759177354917518,0.28556109663713136,46.74349124487568
139,0.16014422679266296,0.023256973406550273,-0.42348279296230595,0.09374852655625258,0.33693778334548047,45.8223255095258
140,0.16106610254695186,-0.02975204024216192,-0.39021796093328687,0.053459004681928025,0.3657813064602724,44.40395732398073
141,0.170470644350789,-0.022421156504684896,-0.3620879250943685,0.06467891353611635,0.3245965647241744,44.88859603843087
142,0.163459159632814,-0.023867275705105016,-0.40490845676209597,0.05514727354497443,0.37452436964512575,44.47762143643966
143,0.15741997952825956,0.05421049036391892,-0.42771078694238823,0.11707204756356758,0.30509298873949453,46.189394530686265
144,0.15939865133827338,0.021038264656997138,-0.41475149479796214,0.0915094583124577,0.33320300051105634,45.705390685987055
145,0.15883213455424217,-0.06991023095741121,-0.41066472561601136,0.013736155404741672,0.43577119426374467,43.61797996331444
146,0.1542348321595132,-0.10070641147262654,-0.40375613073827216,-0.01451584328566628,0.46897319676882165,42.53126343693067
147,0.15774724147853744,-0.06610880250348157,-0.40908879117816216,0.016941580074895005,0.4291175547375478,43.16463722692407
148,0.1781434448529439,0.0004650872865307699,-0.3952174796743233,0.07565499215101543,0.3316998721494051,46.193505148168384
149,0.1617775251268315,-0.03651947658917604,-0.3753527983883608,0.049147898676692725,0.3584122447771794,44.57275978860217
150,0.17892608736687685,0.012326432695255324,-0.3542083771363077,0.09167813714589278,0.2772960279933409,46.09531578451529
151,0.17471862708765157,-0.016827444767960588,-0.3688146904328797,0.05902230673670676,0.33391688856985163,45.30815145397447
152,0.18534476831295832,-0.007824113380696022,-0.3706461801361308,0.07669254538129744,0.3078978576365214,45.789375641911896
153,0.18554406730416836,-0.0048942148237676045,-0.39220511193353086,0.07408214556648571,0.33140119139954427,45.884610862498086
154,0.21311446616209131,0.04201606836502115,-0.39394464918486527,0.12166480937256696,0.2577722584310695,48.04800017951987
155,0.20193893438972285,0.03344693985443198,-0.3973975697631041,0.10932443641442212,0.2841342509295435,47.822455095694345
156,0.1649519141420266,-0.007364925461142804,-0.4313926347005822,0.06898144448755152,0.37540963630108937,48.071038549832885
157,0.15093633453214841,0.03199019564682998,-0.4560000230433616,0.09345160521115922,0.36914441850369445,47.336998360211865
158,0.15598970347031307,0.0433449101811127,-0.4474820696086233,0.10389749753116626,0.3421246504365934,47.222126474572526
159,0.16233964798749254,0.06855279914847352,-0.45140543648369047,0.12621153286680595,0.3133464317113203,47.117611748394665
160,0.13395458277398117,0.08803547361624256,-0.4571691925286091,0.1304843619824276,0.32235823153107823,44.692923907908316
161,0.12527774630735936,0.08690802117373918,-0.4522473061456018,0.12443283343538834,0.3317652454908419,43.6095097642443
162,0.12733051146660399,0.07701805230470032,-0.4374163874280248,0.12004153922455352,0.3243350121249101,42.94333536116107
163,0.1307620438808712,0.06388090238278248,-0.42837314298435547,0.11173486321783464,0.32648100496398014,42.35170116437482
164,0.13762813496565882,0.13782512617017778,-0.44087205111927125,0.17575752311965595,0.22989562810897726,47.615183802305815
165,0.13699983484349293,0.05511698455340607,-0.4292874873071433,0.11365252537859571,0.32051346842446865,44.56595491630476
166,0.13474950599076801,-0.0809551501468979,-0.3900832987694785,0.0033460671402391106,0.4493382923224777,41.16727566630423
167,0.15094018818383212,0.04814237411398239,-0.4231548519025467,0.11011531686161212,0.31992228845122017,45.68352672702068
168,0.15969405289694877,0.010434114255520785,-0.3688901833599479,0.08991305384288685,0.29505307130065317,45.574377134752304
169,0.15545192825693796,0.04835724499696007,-0.40294120345656403,0.11465939285157134,0.29271689887771274,46.39172070223415
170,0.14531881226249024,0.08360888536463268,-0.4333311670525221,0.13514183267019902,0.2905254149334035,45.98905674645878
171,0.15660567874225845,0.07291319640016262,-0.43099150724435925,0.12884203385368928,0.2923272690891873,47.75237056718008
172,0.17902176876967782,-0.002411406138652109,-0.4108785998065664,0.07213407353315879,0.34706923252467264,47.39658743723016
173,0.15999382894180775,-0.09713483188156902,-0.4043165708785636,-0.009334646169244334,0.45711539994021305,42.50497782415299
174,0.16658472468605412,-0.09658362609294598,-0.4209822019440875,-0.012520082453858637,0.4690543563564467,42.361861274114005
175,0.18528759285230284,-0.04391845831672699,-0.3907301807737928,0.03863988377398678,0.3713078750583987,44.12285230895702
176,0.1779798357622258,0.02993377127820431,-0.3559272292167862,0.10648281682316037,0.25347506595613273,46.56037896248412
177,0.1649425737009093,-0.006693958872694625,-0.35474737806929196,0.0732107469017322,0.30422741251985497,45.27353359110571
178,0.18735207865560136,0.0168257327711393,-0.35780573748260386,0.08205028036033447,0.28670736379485046,45.758958097019004
179,0.1795199906499871,-0.00794337675833171,-0.37747906265437775,0.0716014398793835,0.32238743453932006,45.99057547781191
180,0.17102454219628282,-0.049385913317655475,-0.4032299261878704,0.0348453596771868,0.40087326738366247,45.05034709855226
181,0.16410400371055983,-0.040480072041459036,-0.41148807956551503,0.040537839231452044,0.39850488186208205,44.77212103739053
182,0.17005693121977988,-0.04530127922710704,-0.40090080335360934,0.038147558959698506,0.39497388228421637,44.84355410088213
183,0.16536433071905923,-0.007250276236314132,-0.4195948688614717,0.06798664143563456,0.3722217208475899,47.73263367676978
184,0.16170324118980245,0.03148072847455958,-0.4299529273256134,0.09788857611034513,0.3388423003769318,48.01090348295775
185,0.1534489239497129,0.05364246396776234,-0.4391650951353959,0.1125478777163064,0.32743462995595135,47.04201660359106
186,0.13986907036031407,0.10022545249174586,-0.4550028164892033,0.14195585101953917,0.2992932609622233,46.219941730338796
187,0.13424605635372042,0.07530423684089835,-0.457547171578924,0.11840809974863936,0.3422170936257319,44.61681194008485
188,0.12021781085522712,0.07401445404411981,-0.4542579730217767,0.10988715062131826,0.3570448625403852,42.743038810695204
189,0.13008135565169718,0.07934586274537545,-0.44856264881472235,0.11839018531362279,0.3345490108695909,43.51787384980546
190,0.13001382138238088,0.08354252179787607,-0.43693993459520936,0.12573211387460834,0.31053755989107595,43.44034089779643
191,0.14486410765565513,0.12067863091008564,-0.4288782706798032,0.16759882124180644,0.22840872581851973,47.34725013361889
192,0.13762553653861856,0.09692965685689371,-0.42897738494127075,0.14662110545632104,0.2644363934627968,45.66285434186296
193,0.1318945550898142,-0.031930125177416585,-0.41899340542242497,0.0367090424496896,0.4174117151855684,41.65309326301477
194,0.1412424955718076,0.01798059468376674,-0.4310824501860308,0.08032483788379254,0.3724022833080977,44.51092125391927
195,0.1660632279888126,0.03665412208712904,-0.378869657536701,0.10899267911241996,0.27178593692343855,46.47503912518495
196,0.15919994962209894,0.02586392749577075,-0.40778916542515087,0.09539879061619343,0.3210505743333205,45.77101637492548
197,0.15759151952373407,0.013491156946078308,-0.4134322503146815,0.08780321711546522,0.33191671432072084,45.586989630510075
198,0.17323604979299712,0.046992514329585636,-0.41241279223477684,0.11400503468287339,0.29260329714652167,48.127238574311065
199,0.1981800701699684,0.05806581054825345,-0.4026302105706759,0.12775261781813965,0.2557339256756597,49.74366366507986
200,0.17583396171561105,-0.0320731709538926,-0.3999666352895755,0.04426889200049988,0.3763895532385184,44.73170518364428
201,0.16661892355973376,-0.1421158849201303,-0.412244129123724,-0.05653731004523864,0.509741067518212,40.920611741911586
202,0.17754890921417604,-0.14694714904991352,-0.36938340440713313,-0.05599275958690874,0.459448081918036,41.02015017363788
203,0.16730323713513284,0.01556666326311041,-0.28744729307430167,0.10297419371186907,0.20461169858816666,44.48247933667814
204,0.1650365954834258,0.024545065970939767,-0.27842487016236206,0.11029371990503684,0.18665161646886191,44.90542409473051
205,0.17761012507274035,0.038424567776286535,-0.3160039762026534,0.11348453898836669,0.20868658042404853,45.8696881401102
206,0.18468639066075582,0.0171107380292131,-0.36380590553741377,0.08756272819109964,0.289302439836826,46.40026023272724
207,0.1687567111742136,-0.0298384020979286,-0.3998351014054372,0.05088525326747849,0.376968854961056,45.13154365758529
208,0.17182353131117414,-0.005859109709082212,-0.41065147641065175,0.06589616216453537,0.3630982401327838,45.787832524701564
209,0.1649209143775405,-0.007869727207921404,-0.41495943024100446,0.0665893936399095,0.369419336483367,45.5915716950371
210,0.1676869918810465,0.03245999396700905,-0.42272001283536875,0.09813263964552296,0.33320640594576817,47.754067482913044
211,0.16889825922867774,0.06215457880660388,-0.43693220449920006,0.12424918396509742,0.30328841458283295,48.61170069402162
212,0.16948596084892031,0.07714144071816145,-0.44963099178707344,0.1366796776812725,0.28988491375110903,48.391308653731
213,0.16009841749265194,0.07503821268992274,-0.4497297182945452,0.1311143374620416,0.3061431270237706,46.91465947905536
214,0.15481814247321427,0.06276161847852883,-0.4539725205620347,0.11770924763306385,0.33247347614873324,45.75710647296846
215,0.1339055703547756,0.10759066050845388,-0.4214730125606589,0.15288021953563063,0.252977227732947,45.450071412894395
216,0.14925407266739726,0.10306065723117211,-0.41662556854359756,0.1543429518465098,0.23874462287060427,45.90355733045966
217,0.1373482639688536,0.04140892691874219,-0.4234970356076846,0.09963539391230994,0.33374802653408336,43.278119004641674
218,0.14135821996995734,0.04404797691781161,-0.42511448575302735,0.1002382944033977,0.33840211759370414,44.87596483087109
219,0.16560211124743757,0.014475144958121583,-0.40106660422730905,0.08687931284562378,0.32570048028419896,45.58115045103437
220,0.17676785622501587,0.004146386119421742,-0.3791024955747571,0.08630403791559571,0.2993340412523685,46.1789129957283
221,0.16863925093877277,0.018470521008045273,-0.3740032015041835,0.09198766761258784,0.29056304766181007,45.472343015307395
222,0.17823648863803987,0.03524778454129215,-0.3933294882267388,0.10416964322749639,0.2893584069585058,47.54831302987673
223,0.1812763605090175,0.0036955808068725115,-0.3860654863299858,0.08173393864830782,0.313237939254645,47.10944659326416
224,0.18060904024369676,-0.03975899444119549,-0.37642395013244845,0.04209528709202632,0.35989531084107207,44.636024739874706
225,0.16545188404885378,-0.08900540081766393,-0.39494492495456734,-0.006519881141267169,0.44507390047507894,42.28434420345565
226,0.17439185447289063,-0.0634671769130409,-0.3698049505349953,0.022501959903210952,0.3810225088873314,42.95929546205274
227,0.19370671663892994,0.05138522543470741,-0.34044130730869193,0.10149781265175731,0.24347795615736093,46.14965847338305
228,0.17595950064589108,-0.003074180468368506,-0.3390867988209562,0.07025663704593307,0.2952647167584979,45.46257480528673
229,0.17710703189133506,-0.009635631141490533,-0.35414683750601567,0.0684742490450823,0.31034776018372556,45.2573149701177
230,0.17289826192715052,0.002615880669709183,-0.38814157249143405,0.06857337048968007,0.3376794758227759,46.351911075033335
231,0.1700348225222116,-0.03644448161236893,-0.39518281332230465,0.04008718591866721,0.3862444377345053,45.71459124734358
232,0.16865026254482302,0.0009378588125638014,-0.41347602960553237,0.07236394309196766,0.35844853458415155,46.78541511554649
233,0.14955576084108163,0.048936866863993365,-0.4420895211166239,0.10367317067736595,0.3464893025397196,46.190365764569826
234,0.15280214698290995,0.041899881455519934,-0.4371692449635308,0.10111320122298775,0.34603930968957575,46.0241796828074
235,0.16667012970976744,0.0736143919296973,-0.43499212021615835,0.13324437726425367,0.2882219385358721,48.13709996066423
236,0.15152868608264347,0.06859839958682708,-0.4439650874723948,0.1251876660518548,0.3146040369136552,46.80577203701438
237,0.13497205352063382,0.09621725083054318,-0.4608638122251218,0.13855936782055608,0.31158709520883643,45.55769938908668
238,0.13536652964146528,0.08666363634796215,-0.4588837286612834,0.12875144304410838,0.32737017191602275,45.10929614136516
239,0.13734961556892528,0.12246410309365079,-0.4251835351987818,0.16363464334705274,0.2335928240638283,46.519322860096324
240,0.1356516827857551,0.10267037660020202,-0.4225637596067906,0.14874814662063224,0.26155651376757577,45.33106183853649
241,0.15331612953998322,0.0221863028496054,-0.3855494588772435,0.09433512430898543,0.30143997229055935,43.85517774036707
242,0.1564012650724524,0.0160801128387351,-0.3545242466532322,0.09430741652817352,0.27782960231289433,43.38489007029063
243,0.15333067230080483,0.018031023180761212,-0.3963789893365727,0.08653430417545209,0.323529956897017,44.133865174728506
244,0.15664693397418833,0.03552828620624331,-0.41939215977203276,0.10062661893527376,0.32254249121301193,45.87583596342991
245,0.18060770244114274,0.03178667962275592,-0.37612578241443534,0.09880714041270566,0.2796794336193309,46.37248178921072
246,0.17214577028868328,0.019839839944946577,-0.30083565046558686,0.10173565114540199,0.2143046822699354,43.98934024418724
247,0.17637919738930624,0.02904576252966572,-0.3206961309718311,0.10518168961404474,0.22609348756710082,44.75832466750184
248,0.18417810364980106,-0.003431785179675439,-0.35338140831688786,0.0676863764861711,0.3075792920581227,44.91445221791775
249,0.16056996057016582,-0.11625167017359615,-0.3822549798405271,-0.026823646330520392,0.46513123317818295,41.25437218937857
250,0.15374932112489684,-0.12054688117157678,-0.3961240825382573,-0.034956470146591215,0.486781345745951,40.59394510080782
251,0.15575728926551546,-0.11576997006257465,-0.3915458619598462,-0.030823891935116005,0.4798564546896084,41.010603832850144
252,0.189211726700708,0.03436527170121267,-0.3573186461686888,0.08962775714035405,0.27293085834869524,46.40646963997296
253,0.17572072276027473,0.030387690964304166,-0.34047478987726987,0.09675945347918186,0.2530936408438988,46.349489518698164
254,0.16861011523139305,-0.015773461556278266,-0.37123633431736264,0.05298796521281918,0.3451401342181106,45.37781406969516
255,0.16991212516651574,-0.034276723794044305,-0.3853007704840192,0.045078850155945045,0.3696745463869128,45.67113647985988
256,0.16460612271083389,-0.05565844371779225,-0.3842326973460879,0.02861939219093377,0.3937387968271453,44.40201471946423
257,0.1728407782349878,-0.04145239746893186,-0.39295375287239603,0.04018658490346847,0.38200263676720825,44.8363456264617
258,0.17461925811348702,-0.013718286177098174,-0.3915365822891219,0.06516426181657853,0.3461125253133769,46.497401549870744
259,0.15516452422226573,0.006911643633136897,-0.423981679044949,0.07333741098606779,0.37319811142836423,45.05642217670659
260,0.16682796676988065,0.06809130574548729,-0.4355339680428639,0.1283197734005675,0.2979377122220582,48.04321654699728
261,0.14225421948771133,0.08258147673545524,-0.4531954525232874,0.130158654215915,0.31420776868109723,46.73631343862939
262,0.12145447000924116,0.10259059710807632,-0.46432121808683174,0.13810817707740386,0.31797949192740405,45.33203650121074
263,0.13775279445648786,0.06779933204837484,-0.4676107445109747,0.11198638033852164,0.35594236407964025,45.062071011720256
264,0.14169017804057152,0.11885996624004593,-0.4169765230508488,0.16223595162210952,0.22269548991075458,47.16969201441077
265,0.15465309896104715,0.0683279868966913,-0.40035568713450226,0.127407693979619,0.26484636091794206,46.22131823960139
266,0.15920878747332873,0.04991670649314072,-0.3432539102504965,0.12178974114786004,0.2215863287662267,44.72094984247567
267,0.1721652308738129,0.01464632544929883,-0.29831302279872995,0.10123755554185541,0.21366177419769308,43.20435352605096
268,0.1742786648549991,0.03159852593153369,-0.281252244492642,0.11551060885484118,0.17751839290305269,44.169179040991025
269,0.17851582169970817,0.03082029217598897,-0.32780535516925313,0.10930421520366605,0.22302832988697502,45.01235284994471
270,0.163990966558683,-0.021180607155745927,-0.38359330737784597,0.05923481480539321,0.34736869118713654,44.34944912209791
271,0.1658184153128691,-0.02881680547223005,-0.38964444441185636,0.05249111133448514,0.36028433752438166,44.304053914045966
272,0.16632999684235455,-0.04290245280225716,-0.36732510153610326,0.04017895521854125,0.3587076123275699,42.83243051552284
273,0.18252982157403103,0.011841567956507471,-0.37024018653397717,0.0695534066306669,0.3136985818561393,44.82257478780154
274,0.17496630333764385,-0.03474730231943364,-0.36860739385445346,0.04133716055927314,0.3592045135300799,44.36072839509522
275,0.15694132348502463,-0.1404978570714021,-0.38901924207081967,-0.052196244890098074,0.5026047711394829,40.53999244045038
276,0.15932955048497055,-0.062263108331459496,-0.4034654577938454,0.013912833510194393,0.4259311650458141,42.8854185542232
277,0.15721634717850794,-0.11477406019396366,-0.3829755727913306,-0.02817460961281633,0.46758168589564014,41.35860009543936
278,0.1564500318465687,-0.07194841913400957,-0.3629545908189334,0.012510763906944663,0.3951467120833423,41.97563247185767
279,0.1603657585694142,-0.02873763522213698,-0.3257577848153252,0.0528238249858385,0.3094597625166173,43.43698394792512
280,0.16399079418031606,-0.04319666259951659,-0.3636906293011568,0.035856570993663954,0.36248044562518406,44.554727068070896
281,0.16670001544947,-0.021130374798984067,-0.400027815365632,0.053385812890088334,0.36916349894862016,45.54216731096625
282,0.16599809875448637,-0.04216112127134548,-0.39482563428720596,0.03935127379284415,0.3872500725873124,44.50875529965696
283,0.17253187352426236,-0.028137232263819967,-0.38548028500845166,0.052401053768916774,0.35853884451377815,44.93803399839874
284,0.17670440387181433,0.023326881979447957,-0.37726696539158067,0.09904616760273917,0.28089190153969484,46.99958683676579
285,0.1833773750094552,0.026325067890254863,-0.4035872431452276,0.10054163317196455,0.3045573200692659,47.051627139527305
286,0.17225272621449694,0.05221470900126096,-0.42287451284995103,0.11821701856902563,0.2999031284917593,48.3792386477045
287,0.16392153657146682,0.06129582554556814,-0.44672461507358646,0.12030221386055599,0.31783349557113244,47.924572984612645
288,0.12766413895630532,0.08906256332898675,-0.45920134898033027,0.12929795428995133,0.3230684160360789,45.7199514547051
289,0.12048660438592244,0.09637570371490377,-0.4577704931348431,0.13190950338087876,0.3202796904680011,43.82272792447329
290,0.13196780500445138,0.07102247403646243,-0.44717908680307256,0.11407042088618105,0.33963432698193985,43.885537376885225
291,0.1330905601669915,0.07242680132288663,-0.40483025871441203,0.12403028573679836,0.2776855137243666,44.90892111228023
292,0.15247801106049721,0.017944555421429222,-0.3863779393031466,0.08785924662973696,0.31150765903290456,43.95716295184851
293,0.1545176827023166,-0.005288472979656165,-0.33343681651877616,0.07839572508116625,0.28015342943949595,43.11600175791062
294,0.15957076817014548,0.01370043581357439,-0.2757380548170522,0.1005871958961145,0.19946172900337114,42.95113440016296
295,0.16800837674646815,0.017895954789707715,-0.28732764829720264,0.10007674929051986,0.2016617024869634,44.03121763404162
296,0.1823806967979985,0.030165920349926684,-0.33443313870979235,0.10524829504561686,0.23105614200752017,45.95858455008884
297,0.1637483466643501,0.009177415238062193,-0.3849910726334948,0.08342478117695933,0.3133251624669865,45.56752472358815
298,0.16378909180175377,-0.015831874588459194,-0.3972196572743782,0.06223408782312159,0.3534620599336754,44.14633695739432
299,0.15372076680605762,-0.056976418338653814,-0.39320395243642486,0.025999390609084502,0.4034392242309766,42.1535940334395
300,0.1588058719132256,-0.09909613732506692,-0.3811307835875732,-0.011103987735246757,0.4421830252634504,41.12356699625824
301,0.16240963031219693,-0.0684047610171828,-0.365991100176982,0.01990559319669539,0.3893631974357273,42.05576814347395
302,0.1568619659435415,-0.10557706510845126,-0.3719580422301478,-0.018210721725359563,0.4462911378358984,41.37723205992404
303,0.15256652727256997,-0.11890989367245508,-0.38433994876893696,-0.030979523595556058,0.46985560240648244,40.98467901884052
304,0.15091033598610618,-0.09317587288319275,-0.39004114854383815,-0.008626261197998397,0.4461045432098836,41.51631364845122
305,0.159530876600742,-0.0516661709343667,-0.4042774100547545,0.026167994326017494,0.4111185146410151,43.15712921348949
306,0.16997066030500624,-0.030376318616177303,-0.3885481500465452,0.0486871986046669,0.362068617876099,45.02215361681001
307,0.1556947239473278,-0.05710962510858313,-0.37125449317580567,0.02818027835732973,0.3813433758854274,43.66935684772217
308,0.15974208575515247,-0.066362808814054,-0.3866467058614597,0.018178427650307045,0.41007137857361886,42.6546515643019
309,0.16252056662743813,-0.07189136620015686,-0.37919586473421707,0.01655222520184431,0.40594917013286846,43.068112253269184
310,0.1615738432314453,-0.08173167736263699,-0.3800021385709239,0.007450835411806686,0.418847738442928,43.45594690581942
311,0.17431213917386804,-0.001576746234604295,-0.38871628106769596,0.07748384510139107,0.3246410938534169,46.259705378440096
312,0.1694115877412314,-0.014877919867480117,-0.38460781405772365,0.06724344895877352,0.33671677148147355,45.80775299141097
313,0.18012140408725635,0.03197119018513704,-0.32099663257704525,0.11546241129442902,0.20933979938413905,46.68003768973571
314,0.15164420148377464,0.07819872348430762,-0.44199560367666285,0.13233730491306006,0.2960849857284672,48.55126979725819
315,0.12013307061920299,0.09032561570559902,-0.4590592488673095,0.12929001827323414,0.3241770189536461,45.2527004599582
316,0.12477259474455249,0.08478651530740713,-0.4422674265471954,0.12788665355430867,0.31547254108040773,44.567969066312195
317,0.1283060086217045,0.0698307334134648,-0.4530332642295313,0.10863681454468353,0.3495427751608294,43.7997277932101
318,0.1429057795603459,0.0678592614713721,-0.44697744713552323,0.11481344591736986,0.3308474074867041,45.68798857751582
319,0.13652288166371554,0.026146915666693804,-0.38386492309437426,0.09073184765781256,0.3099911989673819,44.51193484958176
320,0.13988236237132745,-0.04985871277897384,-0.36412326762200853,0.03440108769402447,0.3721833237763197,42.95117235938736
321,0.14242044604861662,-0.038438566704752625,-0.3555327599286905,0.04383620261984695,0.35567132203961904,42.05368734247823
322,0.15727819870009463,0.00047600301405356204,-0.31312286104083226,0.08416457298686245,0.2595416043798094,42.44900236124564
323,0.16248617366032286,-0.029896521945007692,-0.3452798396664212,0.05409024294662022,0.3200163647116858,43.25920679354906
324,0.16396246516834187,-0.004084869898746753,-0.40958919396384597,0.06695799286919876,0.3603721225859089,44.97140900953011
325,0.16815717049705042,0.008994940335296712,-0.4078734800104741,0.08115503035408077,0.3332025379644689,45.75664414382235
326,0.1556848988883844,-0.056308607364078285,-0.3973977693317176,0.023767982279126052,0.4116637037771844,42.30174310729191
327,0.1624289375396338,-0.059405712795499006,-0.3752730533006348,0.025152069721325138,0.38991885118001496,42.34158887319117
328,0.15856392523384638,-0.054922902217114426,-0.3613813712375232,0.02838518312623319,0.368521203905539,42.54816160137477
329,0.1533092311553313,-0.11246774972263275,-0.3722629156938055,-0.023972470602015836,0.4526898062580334,41.195087980514266
330,0.15919953737582554,-0.08273997232849728,-0.3787397307752787,0.001082541676939166,0.42296122266575004,41.93685031449608
331,0.15285188067562475,-0.1077102185895638,-0.3904716129652225,-0.021909237714171564,0.46408154554752107,40.74082207410761
332,0.15659672406818761,-0.11189412205023694,-0.3814305988488402,-0.024120378537671263,0.459371078703421,40.33607186403817
333,0.15743074579910926,-0.09673992597322567,-0.3802376228563319,-0.009863937140798458,0.43711070234857824,41.15305949239375
334,0.17109529936977647,-0.030900180798749732,-0.39411459964137724,0.04114606069037282,0.3748563178337176,44.29582131660874
335,0.15638513901835757,-0.061802044262887504,-0.39682460956877613,0.016092920155200537,0.4142062261036985,43.61840466854182
336,0.15802869094702757,-0.069023753308972,-0.3991828471799394,0.011204716303765877,0.42935836577598113,42.80467135274923
337,0.15675424314914735,-0.0791525964417528,-0.3880921714630375,0.0056081649324720715,0.42898759518741675,42.442686602792804
338,0.16510014435790718,-0.05302385460623881,-0.3956338257898686,0.029009988036597593,0.398664619162836,44.29095928191905
339,0.16621098460807776,-0.0185784838838473,-0.40421813132197904,0.05852811633965266,0.36712389935633694,45.33394406418369
340,0.1633947083886538,0.02649366883950807,-0.3961821669304034,0.0966078918109985,0.30854501227820624,46.00749329814285
341,0.13799855392274937,0.07581649821089216,-0.4244692557305936,0.1238262120870098,0.3007173147814183,45.97224889935197
342,0.11714040863315997,0.08962596938260275,-0.4408645476523231,0.1298272625337128,0.3101569192732179,46.74221059281776
343,0.11539425687754724,0.08753064527442167,-0.45181550634304285,0.12546087689304408,0.3196454037150555,44.47677412233548
344,0.12041276473503765,0.0721149447705961,-0.43633936265306394,0.11815759856930325,0.32311771825792274,43.8366902073157
345,0.13702595107399926,0.06658123244900928,-0.4484460251078771,0.10997491856702572,0.34078376430731483,44.54327581700068
346,0.1384626104836611,0.07740273217656155,-0.43258434281331337,0.12142483668706368,0.3052828937613856,44.72371663376396
347,0.14615320537009674,0.07880759655863986,-0.428920869867339,0.12544464069776975,0.2957274643439861,45.28333842758357
348,0.12845240560920781,0.08328772879535051,-0.4120011677506188,0.12805359820035794,0.28549763824983015,45.0289323175898
349,0.14490907826279228,0.06788674463028782,-0.41277405693137725,0.12216734336021297,0.2835588003119836,45.20462485727919
350,0.1371370912259995,0.06987607140459572,-0.40935100684355274,0.12116423786015659,0.29008282470106783,44.43427968129011
351,0.15722329599183835,-0.031985985583072744,-0.3561034239635701,0.05136205122510642,0.3410703615525221,42.3377637698153
352,0.1572269247001575,-0.06391980071348376,-0.3865635311752405,0.019341295728815516,0.40984473076040173,42.877633264486924
353,0.14690670940390033,-0.02252560232410702,-0.3990418421552596,0.04633106679662407,0.3959523700315725,42.97071428921978
354,0.14639413621395694,0.025098303149302954,-0.42207924119930446,0.0829669977413076,0.36090761338508476,44.28613147855995
355,0.1458445436949262,-0.011302034323916273,-0.4179506341706705,0.054254589092346574,0.3895978488687296,42.99916150269407
356,0.1543239268064412,-0.07388844141461169,-0.38690900990276067,0.007280922310824779,0.4242634909780241,41.65844477982963
357,0.16147271980866096,-0.08760296198663586,-0.36564320309834525,0.0012888530020895388,0.41297036078130994,41.26943911376342
358,0.15062196481584697,-0.0920273348353287,-0.3915942687820566,-0.010500683448716077,0.448719432401189,41.48982736228398
359,0.15644719158087778,-0.073023427935797,-0.3848363681505284,0.006989346666517242,0.42215416923541427,42.29071628594817
360,0.15908311359228852,-0.08564244205382039,-0.3915411879408808,-0.0047247864922371294,0.44096803385422373,42.26471393880508
361,0.14990976425434957,-0.14117004492957655,-0.3782542102320803,-0.052893910225261825,0.4961355162580377,39.45380982747602
362,0.15905189044017953,-0.09783802053356129,-0.3735702034001848,-0.010806579625693669,0.4287265095066182,41.26056756124563
363,0.1738665358247167,-0.0007950510276253414,-0.3786711128505736,0.06794846484438329,0.3196744160179219,45.2612856740899
364,0.1599732067606619,-0.05069740472271918,-0.3453118736141404,0.030505600862012944,0.35323874653544224,43.593027998631634
365,0.1537955621787671,-0.04459313503108194,-0.38683159941041423,0.032840992233640655,0.39046282942036903,43.081072190348095
366,0.1648777289788368,-0.018617633909039245,-0.36988465693670275,0.059050210502895176,0.33911229208627097,43.87925387779591
367,0.17532333704521186,-0.02962813833360954,-0.36388509336860125,0.053365752503263905,0.33725667260518405,44.11564573189038
368,0.16006647738884747,0.01675101632373205,-0.4211536236269562,0.08038683244992312,0.35478826383209966,45.89812100471934
369,0.1366121321812052,0.04869549727421684,-0.4234653039924028,0.10091808849238976,0.33827523066407716,45.220707276766774
370,0.1348401075786184,0.05807321009803975,-0.4333759265541186,0.10552561912377904,0.336229692054995,46.094096385478316
371,0.12100126741670025,0.06865681247575398,-0.43835439715265473,0.11191459746845128,0.3296783981569947,46.59706944815248
372,0.12328930904541277,0.0647676383681977,-0.43967547435824417,0.10892156458576235,0.3353676058087872,46.28635684126522
373,0.1352454883273047,0.02233326935413303,-0.43340995312735936,0.07728197229387067,0.37790653908936567,44.901251295857094
374,0.14019079922998173,0.038466874800205136,-0.4317589549222124,0.08893773930861035,0.3613974258771822,44.52553585159221
375,0.1370040094095784,0.08499498653197311,-0.4276161099114791,0.12529822506472632,0.3000520424248282,45.09885347169976
376,0.1543274719824409,0.08434490536137537,-0.4228149015720436,0.1296994609126743,0.2819886966928511,45.94270239993932
377,0.16783851139377434,0.0770424142514024,-0.4151869187726078,0.1286373843666145,0.269293773297717,46.94382008457614
378,0.14990286001761793,-0.03387138602747362,-0.43383133597516554,0.025726969284297678,0.4459701017026412,42.83060544476486
379,0.12981733171720722,0.10358027782096643,-0.4261325737225756,0.14215504501740245,0.27856667024477155,44.96162070443146
380,0.15618084999453175,0.021035475888630032,-0.38366961208436556,0.09158321021572956,0.2998359369768218,44.37887157356698
381,0.16507469283411708,-0.027012005592937694,-0.3991144158352838,0.051434923034368175,0.36928088761501215,43.87307540002781
382,0.15252470436685758,-0.06436690515781221,-0.3586506632926536,0.024239715759424654,0.3849477471605276,42.3057148448534
383,0.12969051156071298,-0.02541399791493056,-0.4008152198980677,0.041949146478542094,0.4112810734682012,41.76533681255452
384,0.1358319269715818,0.008120026999319241,-0.4261924446994729,0.06571510236222398,0.3931842396006489,42.401274168523706
385,0.15751320075737535,-0.06763515042842193,-0.3783715161205891,0.015207193232844553,0.4047935905572709,41.310425677211725
386,0.15506293560647466,-0.10396638609966642,-0.3739410421588653,-0.015316751508997138,0.44334206845196067,40.28121284259044
387,0.1570703710980162,-0.11653790945576495,-0.3812595099473109,-0.029809668668693168,0.46580423803207005,40.684674985098184
388,0.15373784330017431,-0.0909443073862763,-0.3762121322619263,-0.004247668273052731,0.42921735006579187,41.482684851757355
389,0.15231084174105655,-0.11787744596785156,-0.3879946361228711,-0.032880897371751816,0.4765636409485611,40.8732157700759
390,0.15744647491282227,-0.10422682178310472,-0.3791330727634092,-0.018987653711931493,0.44968061646080715,41.2476810915949
391,0.15910532304621924,-0.11428684453973331,-0.3780559699393962,-0.027414200857803623,0.4615526728909309,40.60628461686178
392,0.15854339170113507,-0.11457583145095335,-0.3748684968958143,-0.029045684479282564,0.45862139008042757,40.34301350977961
393,0.1561206082260585,-0.10364563056076644,-0.34953681311018014,-0.014984269127233267,0.4180005515850139,41.65158305462644
394,0.1621406725729744,-0.049429441919706725,-0.30719299318078397,0.040070400643348464,0.3047693730100616,42.307947753526896
395,0.16890160294352957,-0.02008302091063773,-0.29386832513730066,0.0679644423940828,0.2562555747333311,43.335489022770204
396,0.17131923573127814,-0.04830016465904198,-0.341171791419745,0.03755844564349521,0.34280440649408356,42.86155706159656
397,0.16672874873157334,0.017097213387741395,-0.3993205554728857,0.08402502622266568,0.3268330530826071,45.548706235912555
398,0.14593860464081945,0.008101520925981483,-0.41917408119622734,0.06901114412352785,0.3681469301817276,44.67029963136479
399,0.13005370369748934,0.06562585156797811,-0.44076589991653936,0.10701054783416862,0.3381938165071269,45.14295750201165
400,0.1311905137913937,0.05616187385826689,-0.43693773007072595,0.09955953549430278,0.3441935720606266,45.71852066428362
401,0.14039706943907518,0.023094738495865526,-0.426433389483263,0.07700085472343353,0.3637692377292895,47.27725395239545
402,0.1509790992977608,-0.015515666433695601,-0.41214408472141045,0.05106384751699142,0.3894702583660578,46.72763538773557
403,0.14359811856274166,-0.0643815506767582,-0.35979908601944816,0.015028498077901018,0.39506272005363996,43.51393462100083
404,0.1514396761833517,0.05625738334910933,-0.3867854933865311,0.11217145492829396,0.2837385916098012,45.90807807366959
405,0.1635611318568954,0.05643108359814362,-0.414078332420021,0.10912942282593367,0.3064625516604247,46.191590439265326
406,0.15456095659711394,0.05969693998944653,-0.4064483237342182,0.11154243721432607,0.3009660857988647,45.39838890196219
407,0.15273807185807645,0.011007193999436162,-0.39233939534468804,0.07208892987323258,0.3455731363503106,44.18539923862528
408,0.14708496511847727,0.011245108420029303,-0.430818443467424,0.05912883958242937,0.3958898080350752,43.991816422075544
409,0.14870989558919634,0.0806037286249192,-0.42424487436880476,0.12087641478634985,0.30268799786615896,46.08952752235526
410,0.15360545856242333,0.09481828543125546,-0.42743131952426433,0.13400348147283353,0.2766878583665555,46.638616097784116
411,0.14976199220195674,-0.0030410061994718914,-0.20830994991067733,0.07517053851954904,0.16223684951110848,43.578140471260845
412,0.17148125588115376,0.03564822984550697,-0.23916258344869284,0.09949574967890737,0.14207900442254753,45.86557638212435
413,0.1335741926328034,0.11676893703254465,-0.4361159466541281,0.14981404988165856,0.27570430301304,46.022512833910625
414,0.13998285308856018,0.061215130781599486,-0.42384084068149624,0.1131342524428133,0.3137033226204854,45.22597964807495
415,0.17512870481762538,-0.014219854960176422,-0.38091644164091976,0.059774847270136974,0.3390796477230802,44.23866595697135
416,0.1741487020257282,-0.025425435664560684,-0.3442219313878232,0.050429738994700685,0.32533897684271634,43.602323860386804
417,0.16880416782972468,0.015316181830031582,-0.3066658041709973,0.09083524016673332,0.23412455449675063,44.70390403549941
418,0.1538013879401446,0.010326741574221714,-0.30266138444526597,0.08588233897369082,0.24221277668511484,43.24801427234428
419,0.15322300028991126,-0.040286930909982054,-0.3685204493876747,0.03302159071237832,0.37455358412419554,42.242365533632885
420,0.13484985934204166,-0.07059112673385329,-0.3778461907884192,0.005130139893792187,0.42570484288685306,41.504790097118615
421,0.15585998083501512,-0.06841021091743828,-0.34770382351677726,0.018160965343041652,0.3730321655731849,41.54709560542782
422,0.1626097776459305,-0.05548443720302044,-0.3064021514610176,0.03497045025933662,0.31139368185338945,42.12961648910457
423,0.15323172411775027,-0.11314745808548188,-0.3698654818331967,-0.027792505353610095,0.4551196117143303,41.22313285544284
424,0.15143402692670807,-0.05728602917909995,-0.39119958817008066,0.013730166192954049,0.4182908090572444,42.419188242496176
425,0.15727017818890304,-0.030811973874954043,-0.3579195883599147,0.04388303100844515,0.3450406169891752,43.06791529468723
426,0.16676022360512366,-0.007701312977258765,-0.25708576366118924,0.08273624302104975,0.20292392990191013,42.40915716981264
427,0.1618577484237763,-0.05656732159210688,-0.3223901178766395,0.0259501255523888,0.3382735100577153,42.96299874491539
428,0.16105895184353639,-0.027817268811909334,-0.31627140494743,0.05381996128513787,0.2905976292894383,43.260222729607314
429,0.16112213397698158,-0.07837422458209237,-0.3320971774242566,0.008368796879368675,0.371742577279031,42.29654561056998
430,0.15872669754939825,-0.02166836100895168,-0.38961149122504324,0.046872771422565795,0.3790877714464576,43.40534603791413
431,0.15968297912728263,-8.297426010667797e-05,-0.39864036372204964,0.06538526806493646,0.3527210830511926,44.9148629475709
432,0.14833292000788,-0.024185785582912133,-0.4180125246351112,0.04184096078715379,0.39887526940292256,44.06550475978225
433,0.1520326778583819,0.015427170481596333,-0.4202074776352656,0.07289158203243921,0.36170491937986093,45.25757289314047
434,0.15929016118456654,0.024031024843220165,-0.40689273136288023,0.08334924633401754,0.3334963515513092,47.08110516058729
435,0.1610294528028422,-0.0020301149796405856,-0.39677919236544823,0.0658494594349815,0.3479823440271098,47.33709077100167
436,0.16559477199258657,-0.06822366048202429,-0.3547389550737289,0.015784407231141804,0.37630310459042715,45.62082018270753
437,0.16261222614749096,0.022140203161775337,-0.2677191621596384,0.10277918981859135,0.18000536786777385,46.174859897082094
438,0.16036154530946442,0.016573958602358056,-0.2803386989851941,0.0963743502475446,0.20097207229376038,45.72539893518703
439,0.16383434488171655,0.026249195042402442,-0.29825778787489093,0.10126100706774592,0.20907123756688006,45.05601097282908
440,0.15620627860434672,0.030428867620259398,-0.2879864831167623,0.10361723742788882,0.20027046178997443,44.50949369635731
441,0.156473695152215,0.032326395877200785,-0.25837044432363054,0.10914818683899065,0.16273039691858907,44.80546685150347
442,0.1499118527290823,0.051441950382145954,-0.3934467868686868,0.10154196621655646,0.30510176052395555,45.777392321809984
443,0.1572616732197787,0.06342502715894173,-0.4098773636187513,0.10759078897785183,0.3074963733538086,46.37360571852617
444,0.15111116156728013,0.08184666200142135,-0.41784846281972343,0.12186754020619543,0.29327142580085436,46.28433731990661
445,0.15206117256551746,0.028991623864008317,-0.3931481603327337,0.08553553023186956,0.3172513006891684,44.51740890096094
446,0.14565157965045666,0.07763107271098063,-0.4077225828548454,0.11926474164618418,0.28665596018866585,46.45077030485955
447,0.16903954536330024,0.028117024286910642,-0.28538034744438506,0.08782398707871006,0.20558178849989656,46.60531448485696
448,0.16741667533966323,0.03583731725585184,-0.23793462646083974,0.10169716483780532,0.1412962604986889,45.72696849096695
449,0.1660059756037107,0.02786021254167561,-0.22110738849270925,0.09770521754626849,0.1331495306319886,44.784755901388536
450,0.14205902750712748,-0.0007423567055719144,-0.20383392099906955,0.07610997099448959,0.1592035462097845,43.53770410060814
451,0.17230815588668486,0.018432808660326226,-0.2537853953160055,0.08166614508979213,0.17836787594266226,45.20593857425565
452,0.169543334274383,0.02207253543858508,-0.2176912894131907,0.09161150855188585,0.13532230969280248,44.40662164893568
453,0.1762813878036582,0.10167872472009837,-0.4079380535931708,0.15599741955512222,0.2230414784580709,48.75153740071617
454,0.1418052148065137,0.11842271737727522,-0.4267494050991723,0.1580058813194479,0.24669689319813068,46.65481931232897
455,0.15042320940051931,0.01035307033238905,-0.4141491678906445,0.07335932729904161,0.3580876665168279,44.645759928500254
456,0.16421877318413736,-0.06171760807696211,-0.3857970002906279,0.013061207667896268,0.41270872969170935,42.78894909997697
457,0.17098540077217475,-0.01851292437457381,-0.3798330941800807,0.04858250508948162,0.3568994527185026,44.755149892330266
458,0.16911504263433347,0.020724044213285542,-0.32607612589097607,0.09173033864458002,0.24887325544452873,44.96703291175769
459,0.1675777871690437,0.025003450923541802,-0.280654340982889,0.10207740611690456,0.19640746511741142,43.74438816512509
460,0.15705128128292242,-0.09314745325862328,-0.3768848294574186,-0.009012389336111296,0.43290731584661857,40.651733712674975
461,0.14811879610379325,-0.10328800705274929,-0.3659778756027552,-0.015920125596702646,0.43705440863916406,40.53574654557434
462,0.1463839750713259,-0.07488901636545112,-0.3424637675691217,0.013926864168529996,0.37460507200706705,41.822066115775606
463,0.1733209884584467,0.022677602176046648,-0.28577776493912227,0.09321296607091543,0.20697344469156165,43.7487290350939
464,0.1608597839357594,-0.07504372633824437,-0.3432709619746269,0.010587769720206402,0.3724281478627589,42.34981253721749
465,0.15751336289670761,0.00760665499233005,-0.39860752985916714,0.06944070414349114,0.3410439949866912,45.29847052087279
466,0.15462916791425654,0.030917828386322368,-0.40689475104453887,0.08130491047722395,0.33303499815120535,45.07349673062178
467,0.15767532751684543,-0.018367544160861362,-0.28672368210995564,0.06585377005632351,0.24926454128542444,42.99613719539395
468,0.1633846687606541,0.006428407553705507,-0.25775318155232246,0.088334244875092,0.1924217375047536,43.8219195999702
469,0.1669697373450558,-0.010303714740559248,-0.2741490526635733,0.07587658469972126,0.22412838574353341,43.16731229641296
470,0.17619148597574155,0.01345538043027186,-0.2841567301375979,0.09406695726194228,0.2031049303716084,44.558106798754665
471,0.17419496103032084,-0.009231775954232555,-0.3555183507223592,0.06673696301835966,0.30751531235144663,44.42404798339505
472,0.14107821109289637,-0.01998956010132932,-0.3962638537998211,0.04454554331788404,0.38521321327561664,43.84962545508115
473,0.15860762357778174,-0.02283250544471491,-0.41156398363512664,0.04092516680683897,0.3954690576214232,44.39292080587709
474,0.164532016669446,0.007127490909751248,-0.39975749307553865,0.07133312401933414,0.34119291250282885,44.99645118931339
475,0.1677664314001803,-0.04237766401806625,-0.36729939312845117,0.036290367001514286,0.36323060958655445,44.11762596000876
476,0.17117253964506776,-0.0388085698058136,-0.36858889665146816,0.03749748434122178,0.35735534844077876,44.974480584364905
477,0.16914580358159606,0.008539529514176964,-0.2869366848344129,0.086418586986853,0.215341974086499,46.631412436791805
478,0.16612956051901992,0.033517690233642594,-0.24905214903588715,0.10951835577607724,0.14858195818157285,46.7211798907304
479,0.16387539122756528,0.034559839878116574,-0.23549965402018014,0.11223912081912141,0.13297324931779972,45.810233771412484
480,0.1597146371583284,0.030516149959562866,-0.22986888370890132,0.1092836465766584,0.13530420500879856,44.194913636183514
481,0.15953687304307962,0.033039219194927284,-0.22497690681656796,0.1121341230347052,0.12485343735020758,44.25738901108006
482,0.15858771326631452,0.031014964723849917,-0.22833051493526338,0.1095178286923586,0.13228786991394825,44.26891595922341
483,0.15752589950261617,0.030154498368627755,-0.24761578760086828,0.10622481412697075,0.15424588519757518,44.653642325865206
484,0.1590859904519072,0.0561874212463356,-0.3732045819997561,0.10904052249682204,0.2667149555778603,45.77601103287309
485,0.15415745307254156,0.06441143841691799,-0.4229703222417177,0.1043954506169393,0.3222460060608033,46.16902134466912
486,0.14546370619812324,0.017754655935758392,-0.3923674792022682,0.07081931020034357,0.3492441041749892,44.8144818497608
487,0.15727635620210237,0.03776122909283395,-0.4026865437203333,0.0878099520674691,0.32403582263253866,45.926244657675916
488,0.13445948673619593,0.021293222594867246,-0.384783324295626,0.07186050115412018,0.35289240839200336,43.97664841473778
489,0.1494840154152331,-0.0612294429222386,-0.33791119368302724,0.014424239803605696,0.37805011093928714,42.94976447511021
490,0.15985180939848898,-0.05535610909771263,-0.2846962921192157,0.028764463452946063,0.2981756607992183,43.621489020330294
491,0.1603378013771301,0.008957596668565788,-0.22569648799973274,0.08545666729924524,0.15917194607714558,44.632502109362605
492,0.15800557917825742,0.004006137659595435,-0.28309669993664427,0.07333044221826902,0.2250843925067272,45.927161063922966
493,0.16442697143596485,-0.011400609189761404,-0.26334434274709234,0.06208496512653033,0.21978852977837648,44.82445706044115
494,0.18479280578312854,0.038735812092992004,-0.256477479382357,0.10424459836951218,0.14952337136382107,45.19884424105202
495,0.14392894833214853,-0.0028127070052015425,-0.21144300458727047,0.07305221835862588,0.1680632097429763,43.6219390436017
496,0.17686284089886492,0.04489353141493415,-0.24518693896534072,0.10075187629195358,0.1409052996755342,46.11989968249116
497,0.17149564777096474,0.034350335987458964,-0.2278384581896144,0.09528786893087413,0.1352344299909335,44.9995784065403
498,0.17635699334035632,0.03275945194422473,-0.24252679965260476,0.09463578760572898,0.1475680720046092,45.55759206122339
499,0.1864690484579261,0.039780895641567,-0.40699110025361573,0.10426020594121968,0.29833544986938687,48.09904424671706
500,0.17102987551604376,0.007690562710190311,-0.4025142269920445,0.07774530391892832,0.3317673498477148,46.94012036623134
501,0.18146652744190106,0.07094520622555985,-0.40060848402301835,0.1368840677096741,0.24131382439192953,48.910276456183105
502,0.14700273450682746,0.1102985162308903,-0.41749303767451224,0.15384273402077872,0.24400009680882656,47.27798417161602
503,0.1651081028539847,0.05220207203557851,-0.41875212802840445,0.11727521413749518,0.28933402088607846,47.35486747413849
504,0.1691630507370485,0.003874081415116848,-0.4160403478891906,0.07564323032665526,0.34737292820224536,46.17349332811603
505,0.1749204336735012,-0.011934278851967068,-0.4061659906354416,0.04974740661599343,0.37626973960440663,45.340313379597106
506,0.1673419205773337,-0.004166473661445876,-0.40998935536429165,0.05987189183279049,0.37056460844210987,44.47199925758986
507,0.15349698468893783,-0.03505709054925623,-0.3854640164805946,0.03256840495529502,0.3969469962230925,42.35285059968773
508,0.14604542128101405,-0.08068587342464438,-0.39479075359148724,-0.004007146008812289,0.44854135551775637,40.973790390676136
509,0.14082325211807617,-0.11425135120754752,-0.39609392954549144,-0.03635238294725528,0.49846675322891354,39.70294072237531
510,0.16911052098981988,-0.05003335253067538,-0.3705708300361352,0.02957978235605424,0.37278266416645744,42.31534614395253
511,0.15973373903757404,-0.052411810079089974,-0.36528425345168924,0.026848623261126404,0.37457377964030986,43.00323913918382
512,0.15440326012899028,-0.05046315639548886,-0.33255105090407755,0.03371366690470783,0.3363768992690687,42.831240793342694
513,0.14929027226873537,-0.03425189165166143,-0.34688232399820645,0.04375656441203901,0.3370127720048784,42.817471771855715
514,0.15571407957992317,-0.037755656462157165,-0.3916543646547378,0.03253441474041763,0.3858391122530826,43.34503784265695
515,0.1739972969572875,0.0018252311876200114,-0.29904867977946625,0.08156838329553061,0.23242067539633146,44.22791906774626
516,0.16533798741927627,0.0037938330092393453,-0.26711157504641286,0.08677341195142997,0.19995068464363558,44.26546372934119
517,0.17148612116028325,-0.011830304534580104,-0.2534880788168039,0.07709773126923065,0.2034560542054663,43.66255600538465
518,0.16920253155942538,-0.027421038783795305,-0.28912130838241884,0.060776017584630346,0.259111780899483,43.36686418510008
519,0.16041751485135997,-0.0101524730287734,-0.3019249513505142,0.06890924212228187,0.2561290671191663,43.58038402168655
520,0.15567091696543683,-0.042938422643978166,-0.3252474512879328,0.0386827495970042,0.3234124901236527,42.97495639751336
521,0.1625429539217649,-0.05272578966407828,-0.3749678904076674,0.02337772559292252,0.38808161427149085,42.6064117439309
522,0.15864782415431922,-0.07937369870075092,-0.3643310759735725,0.0034111783256289734,0.40583237022574425,42.25013190501332
523,0.15995901735068618,-0.08085981455394757,-0.3472199382413858,0.0038764008946247236,0.39068348974841954,42.29726784146068
524,0.16225485752224778,-0.055075225185586725,-0.36602903872179854,0.02333237679664676,0.3777269032081675,43.33478801683963
525,0.16275181054951735,-0.010316254886383037,-0.2808776591206324,0.0694242663774313,0.23609033910881133,46.15088735227314
526,0.1678109734164302,0.021778736157471824,-0.2568044399487915,0.09614274875208872,0.17460022941430356,47.00717724913171
527,0.17406113774831244,0.036836049133120455,-0.2575668828075356,0.10384296763222843,0.1596926825221313,46.026298948584795
528,0.162657489949191,0.03374851813291011,-0.23714960216546782,0.10778169095420312,0.13847206443758647,44.59831521269186
529,0.15952890749127382,0.03329541376162363,-0.22590155233352588,0.10933557404348138,0.1273540396355792,44.1649090466779
530,0.160716424967759,0.034775970780278005,-0.23553821589442414,0.10813475061526821,0.13661522685396957,44.196780537605356
531,0.15745580378837382,0.033287341093213074,-0.23524337295870712,0.10714417822688949,0.1386893317118072,44.375712725865895
532,0.16303285536626322,0.023242485443068256,-0.30847279350001156,0.08837417597768335,0.23765523983304954,44.27590769653216
533,0.14472791714963776,-0.014412991476282508,-0.38240561155277225,0.044837431741346724,0.38073207418999855,42.73870582602836
534,0.15265392971993272,-0.011031547700743296,-0.3947051972881318,0.04357180273790034,0.39299533527125724,43.527920572314066
535,0.13719589490479148,-0.019841167054965473,-0.38318201464936813,0.03668158896395532,0.4053733452532853,42.26596199806074
536,0.14204023788617398,0.030464233326871967,-0.3911060135303473,0.07858018128979723,0.3445412602643831,44.730162837604794
537,0.1502034925128327,-0.03096241922982564,-0.342625555854211,0.039688709333996056,0.3421710618061908,43.2901889855646
538,0.16536498939722852,-0.018009618975865407,-0.2738669458553973,0.05963610141692548,0.23813318020187338,44.50266380529709
539,0.16139377327059495,-0.01829470001471417,-0.26585637201619705,0.06125796842011899,0.23105661699713057,44.95880001993047
540,0.15752117436666419,-0.0372856228722274,-0.268237785537327,0.04513577426523632,0.2541959348708489,44.193539088785286
541,0.15882260261935097,-0.00650161761701787,-0.2794175058277828,0.06962178467087739,0.2227768770777672,44.99160995215928
542,0.15924110503094766,0.01177222273339417,-0.2432399969395591,0.08262012095231297,0.17555535089744959,45.05567438973818
543,0.15102044876718035,-0.01618189341180582,-0.3493420392357342,0.0446975083807602,0.32196266937399537,45.552459925007575
544,0.15644593125416115,0.03351226545071551,-0.3238852507380695,0.08684861698210916,0.2373934056046853,47.176091846947536
545,0.15686079018510987,-0.005628212432834986,-0.22817434796063313,0.06976788941022417,0.18093389211287914,43.971460481134436
546,0.17839706694696125,0.03151899989660573,-0.2547840659423579,0.0897529152326792,0.16699997491077775,46.17188783775845
547,0.17767129103713014,0.03705515469819083,-0.23208926685976006,0.09583515012415916,0.1364767928419758,45.770763526432525
548,0.16957137215611917,0.03298865384764197,-0.21365649039494045,0.09691286030902682,0.11874696084439974,45.10259940024083
549,0.1629390719622856,0.02498236856828371,-0.20520596801560959,0.09356500143923857,0.11940497910459202,44.66072797430392
550,0.20335602503067868,0.12089268321379218,-0.39610888552887946,0.17287610158906316,0.17193255036233865,51.96607115797742
551,0.19521023874327592,0.10863811767466997,-0.389173786422127,0.16100149232694508,0.18304256761547322,52.32055157893677
552,0.19573648769015717,0.08645859144592571,-0.3860841550455105,0.14281654483672526,0.20682404417141753,50.86901178556272
553,0.14833527542691438,0.08202033480738567,-0.33469336717882503,0.13702024574771907,0.18295370910469716,47.51761722009043
554,0.14854278515531055,0.030553064578233643,-0.33608221944366357,0.0971065300986797,0.24510126878799762,46.63437706688265
555,0.16655765383038043,-0.03607373661441317,-0.38611431645217276,0.04053544784670994,0.3693709750521004,44.55630372359126
556,0.1734040733851708,0.011820213187922023,-0.3995503699196172,0.07787641919898713,0.3290908695198888,46.229025125247595
557,0.1725873279799958,-0.0004923711762207066,-0.4094241946619873,0.07132836149190437,0.34350593148574465,47.2242310921915
558,0.17732197777973166,0.07075010816250668,-0.4109941715902705,0.1313376229548475,0.25633351812806326,50.452724359453306
559,0.19457010622462856,0.07691768463287647,-0.41209966720175006,0.14142899161432732,0.2414223681879604,51.12648466003271
560,0.16560594594662048,0.08803628820179657,-0.3992898710413096,0.14270399682420062,0.2416539325419999,48.29788665650325
561,0.14650744045220934,0.07648565809489447,-0.40324232701358154,0.12864307189817473,0.2727077070955926,46.43784013862819
562,0.179589716715251,0.07858748582095294,-0.4170494811510457,0.13611744363312375,0.25934634328692774,48.90237780063343
563,0.1611107975126948,-0.005706490311783673,-0.40771311507251146,0.06223080935938395,0.36688007616467244,44.65040667177759
564,0.15151199269396537,-0.019542261629141695,-0.4071993126815619,0.04736711008958703,0.3983012751656998,42.98719525361935
565,0.14923043188104274,-0.011571212561268125,-0.40196581934524317,0.054574467409183584,0.38181667693847715,42.87571694788614
566,0.15139884362700673,-0.062050630789075856,-0.4001993873264044,0.010383364767945248,0.4364022472787099,42.12504366505364
567,0.15384508264801122,-0.06842062137833267,-0.393609279929191,0.005343486300729904,0.435876475466003,41.575579530519185
568,0.16513462972340606,-0.11062599345613307,-0.36753954146075046,-0.02298441063855112,0.44520223479399806,41.68623084475951
569,0.16503625621961643,-0.06348020070775354,-0.37618487252353866,0.015333972254953846,0.39861710859607197,42.602491320896576
570,0.16339387469810315,-0.047620740055047114,-0.3517828298520694,0.03599310110297072,0.34946217477767405,42.76077208846119
571,0.1534564715244413,-0.07867811858543122,-0.36516505075228267,0.004551554575382886,0.4041034660411783,41.593390316265825
572,0.15224643210298788,-0.0521220676835444,-0.32172839677741616,0.032919843444207286,0.3274206594255561,42.640891153160354
573,0.16337652651954754,-0.03188524983165557,-0.3065140235542144,0.05240462421715368,0.28310877609533164,43.15157870449127
574,0.1551734239748418,-0.018727723244881176,-0.28149193684074614,0.06263476616840048,0.24835458981780664,43.325446106638246
575,0.1398888458301152,-0.02860160219898436,-0.3544492346999579,0.039981005588027356,0.3616766022571398,42.30186061852411
576,0.13473959172027725,-0.050726027907716416,-0.3543586788750471,0.02202145681912457,0.39484905161407824,41.85722007108036
577,0.16056202175007472,0.0018026914898153124,-0.28637715256873886,0.07703612446949824,0.23110797531827415,43.694294587662135
578,0.1669401341486291,-0.029588842556133945,-0.30909973008554625,0.04851473173698365,0.2899522744417473,43.38826212285573
579,0.16087301509945431,-0.07569658354329521,-0.3519705539262956,0.006061013738961857,0.388780471074947,42.41707760368196
580,0.1580602718525036,-0.08293445996921507,-0.3597366912575552,-0.0008258993542043569,0.40541941003960574,42.038833078901966
581,0.15546838118675807,-0.0939024294348876,-0.35749234850677664,-0.01029761578968897,0.4164940370540356,41.79079133624611
582,0.15772262833922898,-0.10169285543341992,-0.3505116849083481,-0.01613629028027747,0.41978285202717686,41.688250640097884
583,0.15630003087310324,-0.08140919686450017,-0.3377546332016181,0.002976604003428918,0.3820918594784699,43.77707112441497
584,0.16026697062870243,0.00019200421351009024,-0.2454893210634215,0.0791510823725129,0.1902746753775796,46.076209820631405
585,0.16254211437447375,0.02672554940171308,-0.22594381529741248,0.10203594365187785,0.13726224056255437,45.69420505963938
586,0.1602380251189967,0.027050745158319553,-0.22440976738230448,0.10315364046663415,0.1335755171377376,44.07634146879104
587,0.16579728858244747,0.033157564428477594,-0.22913875129848507,0.10558060118778677,0.13180243813969955,44.09408769846775
588,0.16257870812960382,0.03192022918436561,-0.22756468814451664,0.10527089097325305,0.1319541633648475,43.906161296112714
589,0.16215048019655456,0.015253882643885356,-0.2510612458477742,0.08970526478930414,0.1769714570524055,43.81586417794399
590,0.16310019736640163,0.006786693619150657,-0.2789525549399433,0.07365476824361866,0.22175038842010977,44.00261978010007
591,0.17264006472698193,-0.049012570218688434,-0.3599470345338039,0.020979372485190752,0.3695146886295019,42.92386599498907
592,0.18558663608304077,-0.003997434524261667,-0.3859523928482507,0.05717439766460868,0.34851442335181865,43.22472545742503
593,0.1533457821086401,-0.0576372219527694,-0.3687483569789367,0.011710471732452342,0.4037721679430657,42.34952452989499
594,0.1554116614263973,-0.05852812855057764,-0.35080495194780703,0.015729399798584592,0.37901860056797243,43.09289336010472
595,0.15718444684914146,-0.00019436300164913932,-0.33042955585561806,0.06334613442144882,0.29419921570878194,44.611335148408315
596,0.16844606780143517,-0.02924999887729514,-0.3241514606301343,0.0397337862614172,0.3091345122152631,46.91975181449739
597,0.15180911507086908,-0.035080203442478475,-0.2870455835639142,0.04226359414213591,0.27540879406800894,45.4035355496111
598,0.15688232652882603,-0.05527873474924091,-0.3158283696753277,0.011271991438429224,0.34258428141834435,44.34735663126601
599,0.1586606652950046,-0.018759167930126455,-0.2774938326507832,0.057942499534932634,0.23972336274994213,45.263362069387234
600,0.15618278682499,-0.045883479017553845,-0.28235576000727003,0.02937556683394059,0.29202821537907964,44.05974386384563
601,0.16537009807922437,0.003996327971965601,-0.33136214984549606,0.06330705598392128,0.2741110008502894,46.49573170209155
602,0.15467662532412396,0.03548371745915354,-0.3268761871755493,0.08363508298804506,0.24492321873288017,47.60763196995951
603,0.15450168507743253,-0.014410051634690762,-0.2347578747945145,0.059450963858198376,0.20298294936421327,43.5808979097867
604,0.1707052675150034,0.017599081473903423,-0.23479169150209894,0.079628100980633,0.16624055643076296,44.43932513088316
605,0.1699235550570273,0.024088499037411896,-0.21287744413601903,0.08951875031424567,0.13077480575774947,44.59627418282286
606,0.16905946279422626,0.0215233344927754,-0.2173084130568248,0.08819564818580229,0.1371875210127854,44.72380117764895
607,0.16274759710406808,0.012143887574588902,-0.2063072364133514,0.08483897622347325,0.13416489977081356,44.93382258469079
608,0.20445108301538403,0.1338016348104802,-0.39138622954215546,0.18154076261818972,0.15552809018166633,52.194430231655545
609,0.19886945782999133,0.09934231728817804,-0.380505352699777,0.15527611147465556,0.1820010087501352,51.154629564806214
610,0.19537405482324735,0.07527649857713996,-0.37637792973006107,0.13604930474477037,0.2085888601199117,48.90498407049576
611,0.17846844356248076,0.04173937360161308,-0.36445998234459615,0.10464640261589504,0.2550140595273073,46.716715199063515
612,0.1669098061981047,-0.023229223086416787,-0.3761344327719662,0.04765223243175422,0.3533405383363213,45.27353693825526
613,0.17570191693901901,-0.046923853618661346,-0.3229115909857938,0.03547441196230671,0.3245595525344131,42.63260862162479
614,0.07998547587595008,-0.2747781317819896,0.011507900236712209,-0.109097984486968,0.3270446135144287,34.31186261259152
615,0.15282606208701927,0.08791818315603339,-0.33772520974498843,0.1431985222974609,0.17236996980378863,48.23630278752564
616,0.1503131712621194,0.07441018045020256,-0.3171415482398107,0.1348168195601336,0.16657157095535519,48.147723992062225
617,0.1504892604009037,0.08132565336513795,-0.3186056055947388,0.14139558950964498,0.1596086711405646,48.75394864125877
618,0.14934137669199937,0.08709954076455703,-0.3218627203376566,0.1414307010294794,0.16187788643574513,50.016365554686935
619,0.16695435891594096,0.10279388392184202,-0.35918703454726664,0.1494141636917859,0.17904632990942304,50.190320212807734
620,0.15887544413384672,0.0654412833669275,-0.3447100849592643,0.12014824573998936,0.21664336532740602,48.099292809268924
621,0.16462992314675862,-0.07024336883389218,-0.38606763324685556,0.012895543078462824,0.40281861393328666,44.47729203522717
622,0.15479147887208283,-0.01792982592283634,-0.40092260271647034,0.05317848867173708,0.3722866217169525,45.566448131356374
623,0.17308778251675624,-0.021139208038209296,-0.3421893739344475,0.060892624584230524,0.3061717262250347,45.30786909377172
624,0.1737722574759344,0.004007654361275485,-0.3603393968811085,0.0804800372641231,0.2918466898932361,46.97702943254143
625,0.1789904305583944,0.04270594858828763,-0.36699967354516133,0.11134341417910215,0.25437131828833504,48.18095172509062
626,0.15707424844523185,0.017815840944433513,-0.36757956214201204,0.08923213203283656,0.29549767124465415,46.097505585990874
627,0.13820119015516005,0.1162680182401767,-0.42336886798948425,0.15497123715257866,0.2490295794248475,47.454860084812864
628,0.16499499714228347,0.03535468723568937,-0.3924995220496575,0.10146181660009748,0.2914461906495346,45.9124655339211
629,0.1713239487818329,0.0028489847030634665,-0.40409815646055847,0.07129786719693239,0.34776735060996017,45.03469619890552
630,0.14584942735495682,-0.0616409308573229,-0.40458958081469903,0.0110416148721301,0.4464278399147239,41.91815359262114
631,0.16381337825032513,-0.06475568292116393,-0.38293435187468594,0.01542386918854717,0.409284782067312,42.62666430582607
632,0.16950578182224413,-0.0771366414146374,-0.3712626263260294,0.008705357958683583,0.40296569662621506,42.33596065249533
633,0.16832559841415934,-0.07453165514791785,-0.3809052594501045,0.008478617818875137,0.4114627794186056,42.05167410255816
634,0.15432781789822417,-0.1552926477260614,-0.36446325170178784,-0.06304967704490158,0.4935928597175109,40.566050562972976
635,0.1658320918920628,-0.05611003860112339,-0.35133154241332576,0.02815998021735596,0.3585368268258091,42.379352516126666
636,0.1492167641686488,-0.12130677980577008,-0.3035722674791859,-0.018852274067349465,0.38933737869373497,41.153664222741774
637,0.14696167494233334,-0.13205155243465888,-0.33511736666835384,-0.03498724180532011,0.4303006460636722,40.39229423894881
638,0.1613365738859464,-0.08181798924811999,-0.34289833813378284,0.005759491626948633,0.3812174933392804,41.160416282568285
639,0.1474941056186858,-0.08597984777095549,-0.32314415100341554,9.885761289730335e-05,0.37537670792093314,41.66264921118081
640,0.1481762874533377,-0.11570165307108327,-0.35456613470485354,-0.03241550525821809,0.44788414603615556,40.9416952380106
641,0.1385949334479466,-0.07965207169256562,-0.3852345884741746,-0.012760371731130581,0.46377747140567765,40.87970921802779
642,0.13898920374320248,0.0007307962384734809,-0.3923432736904816,0.05405904915868825,0.3793230386115781,42.895148339989085
643,0.16405578397304577,-0.022131099975066067,-0.3154425489258661,0.05447387126630075,0.29259175474552196,42.97604554483231
644,0.17135040832748102,-0.00876539946454753,-0.2802772207806868,0.06910868468022759,0.23421710019685102,43.194872353620916
645,0.1625089637773582,-0.07158222512623957,-0.3437876106385835,0.009579249487257517,0.3765057659414643,42.22039735544153
646,0.15815486677358115,-0.08887354676233795,-0.34656205524444483,-0.005767435352390245,0.4000071318604448,41.67225280075701
647,0.16048316386828904,-0.08747471311017549,-0.3531372618879902,-0.005434038245716629,0.40412322139549733,41.8505770696276
648,0.15263339229482206,-0.10238719949584801,-0.34591313414737807,-0.01756526806773666,0.41659411357902626,41.48677058587986
649,0.1527452555571224,-0.10333642446295421,-0.33983727840752864,-0.01820729538833682,0.41299634972229105,42.78264862071738
650,0.16140332084925013,0.012903713666454349,-0.2358084565193961,0.08848457690126532,0.164858102184097,46.5961225581551
651,0.16092518373816742,0.02611544395219094,-0.2385723986500378,0.09665571682523993,0.1537408237382281,45.62888134730382
652,0.15676569594511822,-0.01724502335372788,-0.25329822896344295,0.06342769943228428,0.2169307002648226,43.66137097569342
653,0.16640854575716135,-0.03320748696129446,-0.3038550350161767,0.04436956563584591,0.2887384821884416,43.124634638973504
654,0.16130228741546063,-0.028233520964155646,-0.28434977367596825,0.050418163525086095,0.26288953819293565,43.179002333914816
655,0.16566179416754934,-0.013194196521376026,-0.2914424401779815,0.05762005467376489,0.2539956847534957,44.104694668892606
656,0.15919185610796266,-0.028643262905200216,-0.34286388043993316,0.032797374073296096,0.33670316471643813,43.993447765436414
657,0.15864315201400217,-0.06584681811359146,-0.3670250386598742,0.0016881667860007934,0.4026125331366623,42.81184102909913
658,0.1708147932673646,-0.031647324037097455,-0.3478410840385696,0.036714881137511104,0.33500683963249994,43.531351760454
659,0.1722564834425956,-0.012722017619447334,-0.3110205024192778,0.051192139392514845,0.28291059520505396,44.08307023609632
660,0.1638178534043093,-0.0020376338192308343,-0.35711678664911256,0.05590315337079306,0.32646282040897867,43.641591134510065
661,0.1547159989279169,0.013461980233018487,-0.35831571202599016,0.07124865520740181,0.3078266013981529,44.76742368396738
662,0.16483193668062066,0.05640352935913538,-0.29368643129416955,0.11175550149872683,0.16580451002542876,51.368786122772256
663,0.12258348483961903,0.008078854663005413,-0.22091575573586808,0.08860893157494155,0.14812266557539078,49.61840512345977
664,0.14749156431799723,0.005936189799077199,-0.28615886738273644,0.07148409984237307,0.22783542186529898,46.5663376385172
665,0.1617614121206658,-0.017103268284818944,-0.25115850824073344,0.05899765161417035,0.21780646614710483,45.05335218476656
666,0.1510407771957184,-0.04815128710541631,-0.28501798528760414,0.028045971026177046,0.29449273322372377,43.73620355409448
667,0.1490453570803283,-0.10474271829260146,-0.3524473615838791,-0.029597148787023016,0.432204415514161,42.26527024221066
668,0.1484989344647398,-0.09223325237964433,-0.3547272646702742,-0.021265490713612726,0.42227639825655006,42.44588778643824
669,0.15507227062285728,-0.015548169235112125,-0.21419337881940217,0.06049275009753691,0.18030085804194285,43.59625131429322
670,0.16295061824759252,-0.007582421042731465,-0.233714496775887,0.06425377563415219,0.1895100639373862,44.41293762996012
671,0.1661566898594315,-0.021416811923439572,-0.26999371484598184,0.050093843503625356,0.2426973643981713,45.254502206949574
672,0.17195132598569846,-0.023290160048263436,-0.27461118012530056,0.049903274746642114,0.24664248294902216,46.1481575427455
673,0.1761301316620737,0.012090512634617986,-0.2818299256056994,0.07568300545135133,0.21018790365831772,47.27073225165993
674,0.1688634121878242,0.02830577850047403,-0.22425569558074587,0.09213123141070326,0.1365411865575639,45.54176974005459
675,0.18356933761441016,0.13366289417291186,-0.38771490075970033,0.17611720814850162,0.15918823497673526,50.808397600141454
676,0.18938361384413435,0.11426736379523067,-0.3811745151286963,0.15982357576609263,0.178016064856768,49.94086491703021
677,0.17899169377131569,0.11851037215871672,-0.3722641590400569,0.15888439660380518,0.17373501799490954,49.550071793907605
678,0.17864850137951688,0.053814225422647737,-0.3647666409710688,0.11098015589814676,0.24794627722957718,47.655076774871375
679,0.18912447618140793,0.0809330553787707,-0.38018479814662176,0.13358243800194705,0.2191574693619595,48.65959823000539
680,0.19006804331970342,0.09022024065155729,-0.3831712399349776,0.13926826345618698,0.21248045056356407,47.94737825762783
681,0.1670845863322637,0.012020727473018411,-0.3328449490687866,0.08172230277542804,0.27129123927868093,44.01046352842918
682,0.12696803228251272,-0.18660503281848498,-0.19803169085228883,-0.06814887951867804,0.39589684994656904,36.62190418129237
683,0.09521141374120784,-0.1565119009086448,-0.07660373857767575,-0.02478050776698191,0.2585804524109033,37.406221315394085
684,0.17140470774677094,0.08017965123298824,-0.3436400157106675,0.12892114985165298,0.19513428772974245,46.119794786241805
685,0.16634848620328932,0.08348143999517599,-0.3288349688188033,0.13502244682483272,0.17761719116690874,46.62689176591012
686,0.16113710729263098,0.09209863927563672,-0.33870261436990573,0.14241477331976185,0.17150028486097174,48.084867218358
687,0.16073214570510977,0.0714333887989793,-0.3318997193304929,0.12617897971821307,0.19311354728651353,47.722006999927736
688,0.16800139733071395,0.09199399988465568,-0.3444684461742198,0.14091252407067403,0.17970369924193536,48.84289373165395
689,0.16347138462939342,0.11177030888988011,-0.3396432132329827,0.15526896485816563,0.1508465571634137,49.14941625468538
690,0.16219448477897105,0.11628002451792495,-0.3464684942632705,0.15593086024268568,0.15759217531880618,50.91732573296169
691,0.17481953288677915,0.10692232283587577,-0.3586535820951394,0.15084318086872092,0.17736823009408034,50.3691261664157
692,0.18270349004773506,0.06941360008234554,-0.36960532133940865,0.12342081424917323,0.23129326581658474,48.06340078335752
693,0.19577694254390923,0.04199714497302066,-0.368033273386211,0.10989279926605038,0.24965599698094781,47.65387650859734
694,0.1650407494718079,-0.046009585999820114,-0.39960777902368827,0.026737846502354026,0.40233136201784525,44.807002474644634
695,0.1764501443164873,-0.06785119730863308,-0.37587066693212423,0.01453013498364279,0.39981280204210345,43.13920908265416
696,0.17729737043457444,0.0044587604930347935,-0.2973691287154254,0.08600788368709264,0.22583492959938473,44.132067223817025
697,0.14930008978225087,-0.05600930607318579,-0.3350026112263598,0.031038134659582467,0.34530903878951796,44.22950948266896
698,0.15613660097611357,-0.05882451242731635,-0.37179162900872126,0.023921356881592293,0.3870737772083886,44.54856061526612
699,0.1579930812097064,-0.058777714490626846,-0.361273671113679,0.026360094789799587,0.3755096234870085,43.79629136772502
700,0.16958706234998666,0.012170993844889427,-0.29366246560642706,0.0929951745105304,0.21913380256315992,45.178193406316524
701,0.17350531677793116,0.011357795594929644,-0.30284037597214175,0.09497405664038673,0.2253915840050129,45.90833567507847
702,0.16821348874488756,0.017082335009890277,-0.3383295046640181,0.09160747967356203,0.26610086468734734,46.979539602340594
703,0.15570759785461633,0.05329333461367781,-0.3879947441279303,0.11366846770231896,0.27755944064739363,47.15685952139744
704,0.14082830077672692,0.1091865863390418,-0.43660657096317573,0.14923999506680286,0.2731523969182801,47.07742607781968
705,0.15646618041587015,0.05376684349495387,-0.4044878724405733,0.11323060974478946,0.2927642263681464,45.650462633537
706,0.1691257036948439,-0.03897904249631134,-0.397265477022537,0.038472216668008354,0.38662688731087724,44.48803773722457
707,0.17286885385632678,-0.03978777256160179,-0.38332067934617126,0.040706926952077546,0.3691264988500598,44.13277326231699
708,0.1730769424090405,-0.04905348526656387,-0.3693571596705807,0.03444255675142466,0.36517823669373445,44.112239274349
709,0.1710636963918244,-0.06804482393134528,-0.3729675357101951,0.01688517844508954,0.3898485850120474,43.105744012092025
710,0.16983696116424407,-0.06013419358501393,-0.3588484161731415,0.02626243727801901,0.366926214893886,41.62296266911939
711,0.15813932699694686,-0.10694157323391988,-0.335961727217274,-0.011836859312722393,0.4028615168921914,40.8964144576689
712,0.155077563710767,-0.03786618065836711,-0.31650670543217857,0.049364847270798574,0.2984564538714688,43.50450922941205
713,0.15600625533880133,-0.07390584198150904,-0.29312650910377613,0.021929954055964453,0.31933955327753505,42.24028411445853
714,0.15598515100024077,-0.10562560699863612,-0.35234492891520897,-0.01729957960899623,0.4199875131189283,40.88286596194426
715,0.16173742777615224,-0.03197214390221542,-0.31863141922923405,0.04715353562923869,0.3052295027627269,41.90403947870537
716,0.15063370288742822,-0.05762704232691078,-0.3080911113420159,0.02168784224280305,0.33407627624400016,40.675317595702644
717,0.14597173463231844,-0.15908599088138076,-0.3781554117043226,-0.07801258666651187,0.5256041924883692,38.572373640207886
718,0.1330428630066919,-0.19430993105542596,-0.3875341119308641,-0.11652681007341313,0.578037865695431,38.48208952057643
719,0.1351222369216806,-0.06089002362941648,-0.3810119636554186,0.0035262622764128996,0.42259602639611366,41.458379113313065
720,0.15896601414546124,-0.0593789489008119,-0.33590008956577366,0.016950557323263775,0.3585506400805037,42.13699483686244
721,0.17010133712045664,-0.011198021671091412,-0.2711315481799763,0.06552831173487451,0.22741333107879638,42.814561932079314
722,0.16408057737528534,-0.04898099353254539,-0.31479792154933733,0.028242237432749756,0.32215253102972324,42.52173731041352
723,0.1376435206715794,-0.02868438508985399,-0.4028305221000008,0.025161038176097394,0.4079237334174273,41.78589643149837
724,0.1592930465658288,-0.04718505948424588,-0.37069622833066096,0.022220179951399226,0.38121509016556343,42.06680862119235
725,0.16844409631481216,-0.04724220255023891,-0.36922769716471304,0.024983555812367726,0.370914040856971,43.532062426315484
726,0.1576488855592359,-0.05220879542801239,-0.3177701457747435,0.025958989625547192,0.3252512070958943,43.21462944064473
727,0.15104102005692607,-0.03138143389512737,-0.2516555293805867,0.05206743085859658,0.2330606439130713,45.63606608739578
728,0.15570144501742295,-0.017583315647936994,-0.2561952361501327,0.06059273107993511,0.22192573202918123,45.16388898827562
729,0.15488270685398522,-0.06760552456611149,-0.29800682557692415,0.01614004551637781,0.3267549804062969,43.92708062998098
730,0.15347345481391383,-0.09270005888677053,-0.33352424376912826,-0.012832222465977513,0.40366186632477324,42.370780411957995
731,0.15598051768270985,-0.07052710754796948,-0.36427911909750255,2.7126820043343845e-05,0.41495395051257616,42.112978089887
732,0.1614583589687343,-0.06748673797065954,-0.3601394397104012,0.0029770542539663625,0.3981219134626383,42.72621994939388
733,0.14761263841982455,-0.05243638651981448,-0.37735928592713125,0.006956041285904878,0.42694996634028376,41.458208582988306
734,0.15719449720070142,0.011894829437686943,-0.3889844114106722,0.06266326507955033,0.34536624782903574,43.9503207361968
735,0.17418489504222395,0.03043168600886323,-0.26807423809330516,0.09250640502648974,0.18028987547492842,45.575404663444395
736,0.17666039322470592,0.04152999063666196,-0.2569667880581666,0.09891531997096557,0.16171184181044085,45.40910156588369
737,0.16791287017828935,0.029718416049486357,-0.3685464456198104,0.07665431723367208,0.29694038973491804,45.156036646927035
738,0.15384164964623664,-0.036746805043638725,-0.37051303764147,0.02526915422967976,0.38281956151842894,43.63194752719487
739,0.1626061322026658,0.019991636028971596,-0.29893674325764263,0.07647934988282114,0.22879449813158392,48.02685967681443
740,0.13951418265377413,-0.007548257071646113,-0.27120613299496216,0.06184000123931583,0.22948946753706953,47.348084908937885
741,0.1587052176985391,-0.0024434622279073306,-0.33035183187575984,0.058185073539582216,0.28535324980830623,45.3395316696253
742,0.15692515058129247,-0.02858036828954771,-0.2806929964449275,0.042227568538997236,0.2691276845501126,45.649046021592255
743,0.1671688153955618,-0.02676813219144255,-0.2817586870422936,0.045229218159542665,0.2592085260751867,44.365768436573774
744,0.16326972417491334,-0.06833678477344428,-0.30836984952322927,0.007262581604298778,0.3371725146902962,43.28015531597327
745,0.1568605995799999,-0.0499957640927564,-0.2521245756880547,0.027212881407819692,0.2610713543695608,42.799328948260346
746,0.17145291233553356,-0.0194087170193206,-0.23130764345222177,0.06149148976793496,0.19158965348212115,49.435087154547155
747,0.19251439410577006,0.023524501028973785,-0.31313510451511545,0.08439022228234223,0.22605909625095388,49.85651820624985
748,0.19270381145087695,0.028923611458978066,-0.35149964460541744,0.08102674113221285,0.2667828089673533,49.979569138155924
749,0.21348618989019238,0.008389641126459376,-0.29283402910356887,0.08110563744069553,0.2138620038321115,47.28523624229894
750,0.1860373418983916,0.019146554433872694,-0.31401051752827447,0.07964992183987427,0.23292019342720788,46.84273414049853
751,0.17700028763415515,-0.00737023137270007,-0.2725275198142544,0.057777614070060455,0.22902852246871344,44.527473961213715
752,0.1806632042928758,-0.0750845856418784,-0.31276744952405006,0.00021553454929012063,0.3522932336524224,43.59960269705447
753,0.17768539072057193,0.1230162985325213,-0.3758278940220428,0.1651159351912949,0.16353097296569175,49.412056835585844
754,0.17603231989271528,0.12971826001894296,-0.37190924237107303,0.16620603678965348,0.16116094044275667,49.812977059247224
755,0.17257334892232346,0.09759119480102321,-0.3838714042808871,0.14140878670215323,0.21247331635939473,48.23834538403873
756,0.18245134995080572,0.07637461054347122,-0.36088614394359897,0.13116242490995667,0.2087532539875219,47.95539416139861
757,0.18955710340430879,0.06317923102022469,-0.3641773580917461,0.12076844043872027,0.2235905809475438,46.79545454270323
758,0.18470181933557625,0.12165625732017483,-0.3638449505486686,0.15968697735445334,0.16146130330969038,48.78684553085413
759,0.16425492834531277,0.07498232943088723,-0.3226531949303612,0.12910382055495678,0.18580755692987694,46.679039290087886
760,0.1284009199151549,-0.10854141193419213,-0.27526314161436105,-0.01417156922439411,0.37590902491602884,38.814873278970644
761,0.16959252107624903,0.05702165457609306,-0.3494095854730289,0.10984426298009864,0.2282383998988512,46.0011792719197
762,0.17114392919760144,0.11355808071498115,-0.35088807696323515,0.15277448989046366,0.16084854295307363,48.04404006271205
763,0.1746780044984046,0.09909855080655842,-0.3645976008833047,0.14174379842077595,0.19390038224604436,47.984754301307746
764,0.16567236455547238,0.0005917736314969743,-0.36076297249415995,0.06137807619543712,0.32676557272427853,45.52770896303719
765,0.16744548541940624,0.05478945393109117,-0.3580100957025112,0.10607853299394131,0.2494479308200878,48.047694020920034
766,0.17150813422818406,0.10717753643589376,-0.3467781062153867,0.1519132894745866,0.16109818603789883,49.30791764787609
767,0.17345331697971922,0.10944200519649235,-0.3520889800301174,0.1531972956779185,0.16513809096252602,49.160411302628894
768,0.16986482274057574,0.09768129085825333,-0.3582521449471477,0.14162480381740097,0.18656841036133656,50.428889608750175
769,0.1900134683591557,0.07346118293717194,-0.35659845005916435,0.1266973799700318,0.2110266807649868,49.527750527802034
770,0.183756588743236,0.01827305445314923,-0.3291437438281376,0.08852425762611155,0.24836172746819551,46.103362470632554
771,0.1708284426070826,0.047248286432555194,-0.3798325876033537,0.10259928362464822,0.2714738950975887,47.14673316427956
772,0.1565423461820403,0.02618621945075915,-0.32753015668836716,0.09267304934593434,0.25241291541048994,45.88450646531181
773,0.1883865284621737,0.046877293787714845,-0.3626478485543946,0.11179482036203826,0.24270523890503776,47.97831234046601
774,0.19019214073346105,0.02505292319035957,-0.3549421252307042,0.09579638614761334,0.25824515109196355,47.92208978213498
775,0.19249286624076906,0.03478824405063285,-0.3815373509395907,0.10092509532934478,0.27280703156113517,48.5639208511329
776,0.189292067239448,-0.016513087809575024,-0.3746287200019618,0.05584574043517448,0.3311455281618566,46.420485929899705
777,0.1789657833344572,-0.014139393732987456,-0.38010197376888577,0.05758577005762596,0.3384255763959139,46.36406917441981
778,0.1846276489428352,-0.0715008440360214,-0.3505485797660449,0.01569834639686399,0.3701127874738165,44.177672055751465
779,0.18351899577172692,-0.026979193710251686,-0.37157333840738604,0.05231167267369848,0.3350499209407937,45.556136929446374
780,0.18361613718292952,-0.046116762638629745,-0.3783004574873694,0.03412606926425837,0.37379362448197445,44.80354900038806
781,0.16673961908138163,-0.0814480711497291,-0.3562083940421047,0.0038967854520037615,0.4010250848795058,43.68625544080711
782,0.1845077144703182,0.03397854466925865,-0.3933235996321777,0.09589597718795487,0.2977803170447676,48.17829889289695
783,0.17207669503135675,-0.033580454248332316,-0.39883941093945524,0.04080158162081358,0.38057101244618474,45.4789903397915
784,0.1763684586650241,-0.07611311719482676,-0.3786285127658411,0.008487263036736881,0.40764608703003075,43.00418025713651
785,0.18594548077368328,-0.03313431118840357,-0.3764089170458723,0.04555110038403946,0.34975419617315945,44.7266190426569
786,0.17211627054731166,-0.03024816757247672,-0.3604305923465821,0.04730581955217409,0.33669992999245296,44.71786085709284
787,0.1646346494460213,0.01805283605892812,-0.31173103652021933,0.09199182061699379,0.23409698833765366,45.984455684697394
788,0.16891743337225187,0.017628894891772693,-0.2850384203947243,0.0920749691579818,0.21085236918628059,46.29499932794213
789,0.1712512378432784,-0.0448555258885942,-0.3539301250535278,0.037471092436524606,0.3490449094893582,43.75309164697847
790,0.16158411122028543,-0.1110913096522703,-0.3746796291499075,-0.02255823626260199,0.4486854659864876,41.390944011329
791,0.17119810554095707,-0.014063109425896276,-0.35863152669490167,0.0681503972650228,0.3058711639671001,44.36952516459108
792,0.14193059111828674,-0.101786435363382,-0.3503200397650719,-0.010599074103612717,0.4168395709512041,42.97306698791647
793,0.15713279365344804,-0.10166613658567418,-0.35665668327976124,-0.010324476016358062,0.41922412762190275,41.90971266362115
794,0.1645341981666495,-0.1025538460413445,-0.3659521191357247,-0.011605194380461438,0.42992195306280717,42.67633560991446
795,0.1658435619207146,-0.0353607810005424,-0.37352920114345267,0.04581374582407562,0.35770908456024864,45.2460525468905
796,0.1594212164920996,0.003385355361627727,-0.39935567781453357,0.07296748186899654,0.3439321309126539,46.40894155954167
797,0.15436650735820348,0.11124271008876299,-0.41599581645891814,0.157369539142388,0.23021921587774918,49.012206156558065
798,0.14700022032574975,0.1156554915508364,-0.4402549314185253,0.15352253348341008,0.26271406532293373,47.270779737510516
799,0.13843235970373116,0.10602632014695984,-0.43166443945624977,0.14546400862216063,0.27160796513839514,46.63910857974671
800,0.1841107828842305,0.055669091161891573,-0.39590425846650484,0.12406501412484419,0.2544947757617514,48.312382197657094
801,0.19231621748939534,0.04313421540697372,-0.39633240153398086,0.10936908608286372,0.2787659309270377,47.984463707521826
802,0.17763625988278592,-0.003064871138146586,-0.4007511438591444,0.06687316522519533,0.3447845646218429,46.52256144064183
803,0.18091744999062703,0.010661108230800647,-0.39058452997414345,0.07907316425041153,0.316403538264642,45.25553421155883
804,0.17613757216360756,-0.051516655604930225,-0.3725447056754149,0.02859837323543685,0.3716224850116535,43.040459522810686
805,0.15599947004568943,-0.07708740384675758,-0.3447911729758469,0.011213982274135333,0.37968512410731703,42.19681438391902
806,0.15883115246932886,-0.0727339732778781,-0.2985765529543955,0.022291461853072084,0.3212632830161547,42.48924782754693
807,0.16095758760225262,-0.022143494109233303,-0.2632546863311252,0.06493147277354819,0.22922436806837315,43.66565931572506
808,0.16896749552162305,-0.03233656338462521,-0.29361260227653146,0.05256417675704191,0.2689175373098551,42.92582463669073
809,0.1629498684806583,0.0235721795525821,-0.23826741569276869,0.10181038658432363,0.15100098059147665,43.25978682563621
810,0.16006496780862428,0.009813472855711144,-0.2652753284811727,0.08318916485417195,0.20125407214186633,42.24277141946493
811,0.14584967975946211,-0.16752118063923405,-0.3947141712056335,-0.0919508509008884,0.5551987948730054,38.37810607036868
812,0.14652193569344998,-0.144527590431013,-0.38947940899702826,-0.0687216983186871,0.5124133574438442,39.81299975046118
813,0.13490355525169212,-0.17471508098244287,-0.40486185923732265,-0.10322926741594592,0.5763852484441281,38.37038315948493
814,0.15120472142186228,-0.11865969666868272,-0.3692594929285222,-0.044870720055408736,0.4693199737050747,40.30638573912623
815,0.15882048817615055,-0.040256864036018816,-0.2735791415623549,0.04010634554109943,0.2677078603957596,42.900627703974166
816,0.154155145682657,-0.06438768175167718,-0.28031770832082786,0.0206825704087942,0.305084037602429,42.277763086132396
817,0.15255679281996856,-0.07639081044431206,-0.3126583574526411,0.006601368804661777,0.3527215303839021,41.76588773071563
818,0.15592950018495824,-0.06592518126106982,-0.3049886258330741,0.017236899872403184,0.32925703360801584,42.61419984899732
819,0.16349774291251845,-0.08134601978445237,-0.33916152182159975,-0.0006618163239972419,0.38091307203044694,43.37291366829096
820,0.15556165357689494,-0.12054474019184029,-0.3303280652459826,-0.03588164483406559,0.42345531332566333,42.14014822897634
821,0.15071861534954523,-0.054174688909615666,-0.2571396777134547,0.031012717797322398,0.26914463568686764,43.917915654147876
822,0.15246216029643245,-0.053784287470288475,-0.27059213024912904,0.02834248606085929,0.28412442484126604,44.415225416029116
823,0.14990162463930662,-0.056414864604497836,-0.27061207214086125,0.028185558509634754,0.2831058532854932,43.13044886627222
824,0.15084049852506892,-0.0856461915471892,-0.3100891270583105,-0.005923440377902017,0.36953017761094,41.50458785442135
825,0.13839182075119805,-0.03128452448526613,-0.3954186860618912,0.021695438323566147,0.42383687458106073,41.696516399084125
826,0.14566394496878124,-0.05267522184842985,-0.38469184105156845,0.007492791599496037,0.42143351604077,42.060012223100706
827,0.15201817738030063,-0.025947629702533958,-0.26706561673970464,0.04750606874036994,0.25410646250661756,42.553313399724274
828,0.17691550294090871,0.0009738560662080703,-0.3373996025401965,0.06624497896411236,0.2940257306483289,43.77624008601635
829,0.17827708169857176,0.03235546495518457,-0.271446682252766,0.09550103528608446,0.17708975966722534,45.88168303516027
830,0.16843796367924957,0.012925037180067383,-0.29502338644851656,0.07427975866867689,0.23772537865160612,44.84035692115667
831,0.16078701685675637,-0.015829859755999234,-0.3598858115182527,0.044188115772714906,0.3424246629809535,43.59518307870572
832,0.1566190347871792,-0.04827221808666667,-0.30453870962909146,0.019726377538637728,0.3278173729164516,43.30036296198354
833,0.16146229852459681,-0.01095000679150984,-0.26557224478842334,0.0537128857606584,0.2370451679789014,44.93456400009615
834,0.15049797922614913,-0.0006151708731812937,-0.26632441698419596,0.06861591882583293,0.21389242984049278,45.95121471238322
835,0.1589399632564961,-0.013422236462726533,-0.3081147122141858,0.050904578880622345,0.27600933010517603,45.47610391741069
836,0.1754574786906257,0.006797719938338742,-0.30057134079489684,0.0718707100229402,0.235709410848837,46.89599784872726
837,0.21006297424078493,0.06550367926713489,-0.357138472082826,0.11784648754919533,0.21558367275298934,50.00690110669103
838,0.1839081321961529,0.025973002245020103,-0.26415567151359043,0.08808555066730187,0.17714131742872363,46.33792453279642
839,0.1575111552548265,-0.032286099843647165,-0.22967488510203762,0.046013303572187025,0.21376049906702566,45.191989449226966
840,0.1802738432904685,-0.007184210349595535,-0.15897523827277749,0.0775123735889194,0.10445396716820468,53.70389433395565
841,0.17931328513181058,-0.025789087287655558,-0.27779499791647017,0.049645764565510446,0.24663527598348506,47.23436025569558
842,0.17911126138007163,-0.00454048738627469,-0.3138180375194021,0.060217387598385665,0.2655033074827371,47.74913601832684
843,0.19609766036154766,0.007099863563016744,-0.31327253780922,0.07636424421934185,0.23868900764903134,47.15061090139777
844,0.19197519398255974,0.004136226154874509,-0.351049636981362,0.05950733958164345,0.2953273171498334,47.607520554459505
845,0.17560765520411367,-0.11755706478993584,-0.32652202205952174,-0.03684213413735795,0.41475026272789284,42.27144679919831
846,0.15459698800086902,-0.06766159045521491,-0.2219972922554107,0.0074914836664281914,0.26591494708489966,43.03299586250533
847,0.18128689330849368,0.10049983123158203,-0.3643189278956236,0.15127197451993757,0.17747582305370485,48.60573295569005
848,0.17604944460644092,0.1194836784371563,-0.36704657962177284,0.16162403206440376,0.1673778616989824,49.21680687834394
849,0.1791369652839704,0.1258579739849997,-0.3728246816622977,0.16463151356368338,0.1663588881185512,49.75950185514781
850,0.17905243507419555,0.08165788148643043,-0.3815906756087299,0.13116595043426918,0.2280727928238765,48.84064345161312
851,0.1792131109814522,0.033187179620043326,-0.3314194976067473,0.09909745256859705,0.23461839766854958,45.43741854645953
852,0.18210783600759314,0.040236297148435685,-0.3477867209780051,0.10329181144635274,0.23818123894686294,45.32731716137143
853,0.18019080389783954,0.1139356032037235,-0.36665401128172587,0.15253882715279216,0.17622157730525445,48.435527895852
854,0.14100735564020686,-0.006612882432363559,-0.28263238395084106,0.06724473227289054,0.25577568783859383,42.28039415494179
855,0.1557527023755078,-0.003884211465770319,-0.35147834752562795,0.06308363772918567,0.3114409141335891,43.51689452094562
856,0.1777397315345702,0.06525156517354357,-0.39402029934043165,0.11203234105050763,0.2684907674442116,47.379321482052084
857,0.16757882581665193,0.10049035157805619,-0.35257721102248374,0.14240487994886425,0.17729258219145805,48.93436085519359
858,0.16823577384399865,0.07507659696953019,-0.3507561392043204,0.12285886116854548,0.21027854137017338,48.04604174308988
859,0.15987675093108525,0.00872475541016383,-0.3509222015740757,0.07015514529305207,0.2983225154873666,46.33038999190196
860,0.1648939466870117,0.08572860510091834,-0.33971150910146036,0.13230550108182587,0.18744265896195272,48.64215389225821
861,0.17369557421891654,0.10597565922932677,-0.33845180953538795,0.15063159639486234,0.15578569851755347,49.31844311556717
862,0.1865429470183217,0.1009343484053332,-0.36022274961275835,0.14400935922184271,0.18680214331561068,49.302200209970906
863,0.1866587473639446,0.03472707970889083,-0.3526295242507178,0.09681237069285915,0.25599362836607775,48.331415464311625
864,0.2054672424437458,0.08500650953986302,-0.3578442923041745,0.13961132418944686,0.18661816032485354,51.85564844783876
865,0.18224120077643532,-0.009491386322938356,-0.347539439734791,0.06367594214688403,0.2993313773101208,45.83280327510376
866,0.18654733287486364,0.0629173171211152,-0.37928138127250577,0.11715828584964993,0.2436144570692007,49.055067139238005
867,0.13989046449575543,-0.03011011476317653,-0.24980410162003744,0.05780936661197367,0.23915152037018492,44.40509442205188
868,0.156110641466236,0.020545914210598915,-0.29132473389446106,0.09613879203018069,0.21432397432504585,45.66991995572693
869,0.1606978512701315,-0.009063475096057991,-0.29463368838058307,0.07046065418115632,0.2578756090925847,45.497199956626666
870,0.1707491586204259,-0.007480143814431375,-0.33542042639909136,0.07000545181532486,0.28761182629365806,45.68054887977095
871,0.20147245523655835,0.04681049689465026,-0.3817053857243673,0.11546478616746385,0.24624628175654,48.045511680428014
872,0.20305956737960534,0.05875469848886581,-0.39664330123051944,0.12479906643199151,0.23937889509150384,46.83647765498829
873,0.1739468038796123,-0.020730215625948043,-0.3808818353048948,0.05064692426497212,0.353200366259351,45.70474741839781
874,0.1879653269275516,-0.059474185970547766,-0.3826344850814157,0.02456231394754079,0.3825692722686153,44.79478478911901
875,0.17813720643267592,-0.09765450989953212,-0.38034660186487096,-0.011188563906727175,0.4331386236749335,43.18914265284317
876,0.16683586118797805,-0.0883763795643583,-0.36460479829366277,-0.0009934885238850296,0.41279362193773605,44.21866751243425
877,0.17745787149184444,-0.03231894490232915,-0.37897123620435597,0.04525094912039758,0.3606464672435752,43.62304432851953
878,0.17050359744201782,-0.04353170647307245,-0.38495034734783296,0.03121510054421058,0.3868964604820284,43.80046448211935
879,0.16253702371726775,0.0018717347126837366,-0.3996979304578319,0.06704824026528894,0.3545199234872587,45.70831209857969
880,0.16936485509420798,-0.047396611367113706,-0.383243546125791,0.029891497081365404,0.38528491346634564,44.580246643004024
881,0.1647198484148836,-0.086635191448802,-0.3923161849674309,-0.0034628836219088186,0.4390152940490546,43.02268084714689
882,0.17687953571973547,-0.07909414763919041,-0.382850276901896,0.004824775675150284,0.41074530077101296,44.352081828726334
883,0.1770654227655337,-0.032884491511773424,-0.3676213677683062,0.04884713740729536,0.339049367590271,44.81962685812434
884,0.16774073022235778,0.016150525910280104,-0.27149296574702453,0.09790646680285611,0.19040398052635618,45.55128279182054
885,0.16509931300963415,0.02896506902451799,-0.2345099382638418,0.11373703123295358,0.13623774231040528,45.697588945898794
886,0.1750739075382581,-0.006471105448952754,-0.3010979230330115,0.07375737685560199,0.2505821268522813,44.94984358099253
887,0.16285394797441155,-0.044598996503856424,-0.37059133178500925,0.03244262413233381,0.37336417796365196,43.22017870596166
888,0.1663405968806902,-0.070163734484016,-0.3553369314823001,0.01481594772453355,0.38578581033426435,42.63195431144656
889,0.15472128807960578,-0.03111029877224959,-0.3170728139755052,0.0553079511956056,0.2997424383741932,44.60599235671615
890,0.1573601754470212,-0.10865409348872454,-0.36833538434015606,-0.02076970674516462,0.4427346600366368,41.70069943165664
891,0.15467900674982651,-0.15205829880256647,-0.3734643492217087,-0.05921055440258331,0.501494647670645,40.76718870710922
892,0.15583182406195095,-0.10366996266317638,-0.3654661435719205,-0.01120694671593481,0.4289281481812529,42.71133749943397
893,0.16277357637975245,-0.03049338591168993,-0.3891195923606169,0.04925178832492392,0.364792079822336,45.20780084231138
894,0.16305530643125826,0.046604564073653446,-0.4038363597457316,0.11292355157273536,0.2821780702125008,47.30709857910937
895,0.15051398746689038,0.06399578595476017,-0.4042855404992727,0.12118045867462673,0.28635851865083356,46.04816727692256
896,0.13952154978882203,0.08552437860654313,-0.42065165006187066,0.1304294292554176,0.2870544483980527,46.287546630032935
897,0.17713812832194556,0.029243354276087534,-0.33498359200847255,0.10550847098693195,0.23548402399939872,45.87794392054503
898,0.17623196181898257,8.814682539642622e-05,-0.3544641210647607,0.08023001028117308,0.2882367256275814,45.81584345467911
899,0.16529128542864543,-0.04088397254491457,-0.3631229538526199,0.0408891379411978,0.35070141728936643,44.95959032172116
900,0.16065291108657476,-0.07249835719302877,-0.33845357756322947,0.017501390529431754,0.3613882770330815,42.85247855501165
901,0.16694313633259925,-0.028912606101286827,-0.3360829879888382,0.05072787984794855,0.30844873171835524,43.767514951724074
902,0.16666255773920235,-0.06720505355601492,-0.3159989949731426,0.0222596612312969,0.3323447807882031,42.13597460233116
903,0.14824008111134448,-0.11362448277967331,-0.31250763263588377,-0.015354798986514623,0.3876999279084291,42.215352874121095
904,0.14237522018241755,-0.11513248701806422,-0.3219174718541419,-0.021784293668001987,0.40304637583534014,42.25789858374686
905,0.13724792990277618,-0.029435710373791182,-0.31804759038612224,0.0447353035982715,0.31483688390370834,42.02114136760881
906,0.15333683552834673,-0.0029872381205051693,-0.2692585587028088,0.07363445093116358,0.22197983013833442,42.18109115540507
907,0.1485171728306111,-0.03690692769992773,-0.3169541539176221,0.032847377068792434,0.3246616903086063,41.059530630395294
908,0.16007291244534474,-0.08043984773524897,-0.3554696705366672,-0.0020057739351882972,0.3965141272791072,41.00083248725587
909,0.14564281664594886,-0.15338183992502025,-0.35833304038552094,-0.06933467860037762,0.4907358058494279,39.35120144068596
910,0.14955390903738186,-0.07634414008147111,-0.2927245796172403,0.003002057828188588,0.33443803366478037,41.31033923288415
911,0.16340313520980626,-0.13340160456179673,-0.3615664906040318,-0.056816173811743746,0.4713595995217856,40.961275977065654
912,0.16582602289071247,-0.14078815269315145,-0.35664358844498795,-0.06291447993482348,0.47707889491967914,40.40187143246145
913,0.15489992753466308,-0.12154060193130235,-0.3207389597505054,-0.03609812013247586,0.41610717014456616,40.97004302257327
914,0.16094801009676582,-0.11502348042500765,-0.3244021250718703,-0.03068380223309413,0.41285858426358757,41.03290900565031
915,0.1523858852950603,-0.1116632064330465,-0.2870609739682084,-0.02168751838677291,0.3694916444759823,41.421375139562144
916,0.15477615966689712,-0.10995829999103734,-0.3128337117535182,-0.023283264057874696,0.3902615761539987,41.98509347838924
917,0.15963725608689314,-0.12775206814402676,-0.32730794211906905,-0.042529756582597375,0.4266415416443773,41.76878732979868
918,0.15474436066591366,-0.11510786588123526,-0.2957587921983899,-0.027772910916487155,0.3808648745860775,42.921780055462065
919,0.1525878811326214,-0.05840038483663343,-0.2535154709147927,0.024993465619626152,0.2706653385872392,44.04002257564792
920,0.1555724949244037,-0.06863226714079208,-0.2728770612496949,0.015804098049204122,0.3017901428513715,43.1131355394044
921,0.14361573261236177,-0.07612455454653555,-0.32489211236091164,-0.0013043745166977745,0.3795554065146741,40.866069350159464
922,0.13471511442562192,-0.05073262932656938,-0.39730585759450415,0.0025435063745849764,0.4357741939136721,40.99243628871027
923,0.14439196400945375,-0.08980638881160564,-0.3335591822913536,-0.01586203236947516,0.40943468955362916,40.55927400044281
924,0.1478408689924236,-0.053000289635632455,-0.2667591999264398,0.024555698694956597,0.28817429933753475,42.076082837587386
925,0.1601747288258767,-0.007917908919548045,-0.2411374671970794,0.06565779913179334,0.19952672950887332,43.60313548402069
926,0.16356983102665928,-0.07884995435992978,-0.3635235350229826,-0.009452939043284373,0.4177265721054344,42.29972327211097
927,0.15959502872511433,-0.04830913061304442,-0.3807807007453104,0.009031492736950565,0.4091281478542404,42.35402063303583
928,0.16040624153719907,-0.036543752745538303,-0.34233066290084146,0.027162248488070518,0.3427580063274595,43.51464034213425
929,0.15706661949885062,-0.02131576200717343,-0.27412380254188123,0.045970963058309305,0.25652627329029254,44.501074856093666
930,0.158785526131163,-0.03708725347331262,-0.2789335682980144,0.029516872670119914,0.28033843660741803,44.70346795314431
931,0.1619455453695094,-0.022445722967620086,-0.28902616536065967,0.04887939884178672,0.2601173466622043,45.04010267774679
932,0.16261438044288662,-0.020493408363575747,-0.27632594252363785,0.04720013449444648,0.25386467370624627,45.44251552588075
933,0.18512058440355164,-0.007170916329461816,-0.3605796820172267,0.05197274928067839,0.3158738299866114,47.151699147721544
934,0.20005089729038106,0.06231425258665726,-0.3328648367257244,0.11145500581773299,0.200281902055859,49.84618028253364
935,0.159830379344824,-0.015163949392166778,-0.22618285517328285,0.05907249568015969,0.19140063341910546,44.52193905707356
936,0.200645082112051,0.01854318147851055,-0.3142350065428341,0.0867051029823915,0.22550317333090708,47.659031673934194
937,0.18168395870061996,0.0053123064060907966,-0.30448291982363507,0.07144645388049822,0.24124513800567182,48.57517086322883
938,0.15107449461884082,-0.026066395806153678,-0.2876399935555029,0.04066233429023418,0.27656834714335166,49.20026577341472
939,0.16010251293969002,-0.004562689017488868,-0.2928865100478789,0.05576143212239949,0.25416228771092575,49.623972310768316
940,0.19922398893953494,0.000531106785556776,-0.33624361764919075,0.06190192668640697,0.2772535921733448,46.55487664146132
941,0.18069282677918572,-0.11136421633468399,-0.359270295508213,-0.03861907051600011,0.4393762225943716,42.97497919749097
942,0.17933460902379433,0.06500636642832171,-0.3554231992580916,0.12490046321170306,0.21373859288652391,48.297090872172106
943,0.18493684976543232,0.10949494265028693,-0.3724161173264672,0.15215509184152487,0.18413967660205982,49.844201135107
944,0.17649724562758756,0.10207129516228912,-0.3609069613000558,0.14816670695463116,0.18048128066179187,49.06218415975945
945,0.17889896490203447,0.0940932387808319,-0.36048504334753756,0.1413100335902246,0.19252460076060338,48.2616147931342
946,0.18207887248811638,0.09131163166335478,-0.3701107171167923,0.14206344634629048,0.19465810952464277,48.24624480668399
947,0.17554957363407087,0.045823922317284584,-0.35981615359867336,0.10666391998089829,0.2433076412325692,46.302623538089044
948,0.14802483686139561,0.004925369237307049,-0.31011312721581763,0.0754705809550278,0.2596480974999584,44.25161556419496
949,0.13997666909797613,0.0021021917628405696,-0.31159704186955295,0.06953070330970472,0.27319824316372127,44.110790309146594
950,0.16955824021729002,0.031727472876190856,-0.3873632353624967,0.08991444374061935,0.29953605867891464,45.25229694650766
951,0.18113971549816182,0.08548615263785589,-0.3609516750598927,0.13300910937590693,0.20059993163030418,46.96179669670637
952,0.17906468166789435,0.06822971294674182,-0.3477930656045119,0.11958923197161402,0.2127966172912057,47.77709831686405
953,0.183600775304753,0.08409864320466388,-0.350451758971993,0.1317664891012673,0.19457456217862476,49.116901394057145
954,0.163493673442055,0.001524461100021578,-0.3705544184144367,0.06459670456510747,0.32557544224744434,46.05710939475397
955,0.1630966051940737,0.030343984111525574,-0.35558881622685934,0.08599074038925254,0.27932011426528497,46.9180923621945
956,0.17162351340122506,0.05915533308967086,-0.35811691459295364,0.11064420032439262,0.23939846732809308,49.03144876895777
957,0.18303270281067904,0.087490248862945,-0.3505983969203654,0.13318076136771562,0.19526012931426479,49.7871595634183
958,0.18649171323935668,0.04333720386711011,-0.35099599371953627,0.10462026715365876,0.24170345551073164,48.43063096892114
959,0.18514708264270013,0.045226425803191014,-0.31644338739413386,0.11016629157772297,0.20466650759486799,47.20843454101319
960,0.2059748098169813,0.10403000242161775,-0.36252345946364534,0.15441000022771656,0.17003826904560984,51.627301694193626
961,0.20366023734457533,0.10609451074610428,-0.37347954272139106,0.154468604331087,0.1821927764418421,51.59191052635192
962,0.18545452822769815,0.061841596386686494,-0.37060689272419306,0.11737918413548583,0.23880327735321935,50.2863729097712
963,0.18059454095834687,0.0669082836480375,-0.3773109872107103,0.12309919357052258,0.23454354675277636,48.85287757847515
964,0.18852011271612706,0.03285965228165305,-0.37678431046932864,0.09788723314667981,0.2759228746386686,48.14242664271016
965,0.1805513587353603,0.02533077672025749,-0.347771884351037,0.09446960205937023,0.25991782608007247,46.70507498539991
966,0.16364224066400002,-0.009717720724842758,-0.2697103351610275,0.07596467323658333,0.2288585683192855,44.49320693828819
967,0.1530849518095544,-0.05019137141144824,-0.2792909088745414,0.04439934808319515,0.28998542815372114,43.00378241757132
968,0.15186767167511458,-0.04462499154392559,-0.2763727632414246,0.04742450797826037,0.2850858003348574,43.34230663525255
969,0.1664534892350012,-0.019748472696248565,-0.3043509802584936,0.06851014377170529,0.26681264854968845,45.4247680410112
970,0.19035211302868005,-0.023506580743430556,-0.38320542709550753,0.057463776327347546,0.331461964971633,47.25331102113645
971,0.16946043752997766,-0.07776131806965453,-0.37197952961181324,0.007436562713228176,0.4052289974316657,42.81520580955592
972,0.16661897814822016,-0.10396314366140365,-0.38162421274226344,-0.018796286090952033,0.44649305383065657,41.69784725988858
973,0.1701560146260574,-0.07719134189130439,-0.3731856971990105,0.004546857388254065,0.40944401334411884,42.853286181384625
974,0.14535230093303209,-0.013645214695310336,-0.390461544967618,0.05232632692796203,0.37417345605880664,44.04735221321397
975,0.15535966657952238,-0.04558484700973535,-0.387075438151244,0.02889175262398302,0.39703996918315665,44.17951526196333
976,0.17243329153046863,-0.059689987557741186,-0.3664412017840313,0.02132048931168629,0.3789490668316118,44.58524525780546
977,0.1576649119545875,-0.08391151516811077,-0.3762804282842356,0.0007008910190749118,0.41800792549487203,43.81819149704706
978,0.16787983114902905,-0.048352880732356114,-0.38919127081221977,0.029686909879384594,0.38444003310287367,44.84655598029008
979,0.16007310763742325,-0.023332316635503874,-0.35055630258475184,0.05554590130617776,0.31924470606793165,44.817595546532615
980,0.16552326924581404,-0.00042753729577301326,-0.27603687230381196,0.08291342954830809,0.218530567120891,44.17177895214569
981,0.16368900008222406,-0.004212625649850734,-0.28211415028381975,0.07911721179146196,0.23077265102905276,44.44665897084079
982,0.16639219597446822,-0.03170718850711283,-0.35160422721300066,0.04575242649198637,0.33647518419511463,44.27246208696344
983,0.16921274637958839,-0.041293949395484496,-0.34653677589982995,0.04394866257190595,0.33325402372862234,44.36217922131195
984,0.1711353861747552,-0.07042899638874779,-0.3533784269468201,0.019792661321455404,0.37520139479947984,42.82960781001268
985,0.16033879255168604,-0.03797547819748003,-0.31993014083399846,0.04659563837951961,0.3126862360283205,44.408077990175286
986,0.15732779314700482,-0.1151137678542302,-0.3510618736210802,-0.022073214781854526,0.433933345283989,41.6726145862877
987,0.1591421880792689,-0.11077864266389924,-0.36646416702603396,-0.01874970903168661,0.4411285886552377,41.493985295364574
988,0.1583605955478165,-0.0848011015023201,-0.3857730060841882,-0.00023305760343876814,0.4299672164048039,42.58564277800109
989,0.15954729071813248,-0.006021617831471076,-0.39698276745635036,0.0652695045227488,0.35119358593616584,45.289887716452334
990,0.16251794358536015,0.011555607945205621,-0.3702521429890775,0.08707372723713078,0.30099017614208345,45.931894997745204
991,0.15485757827221305,0.04513800973315791,-0.39859677415064615,0.10823579186289979,0.29478214038423023,46.36802977745958
992,0.1600350691356941,-0.0011855963878942173,-0.3202400187553494,0.07988444216151247,0.265253386641365,44.25145897385809
993,0.15911911321330127,-0.03992757734737631,-0.3316898903912158,0.047723382284793385,0.31800611285076674,44.1315585415284
994,0.15717244624492,-0.07524180569476532,-0.3416828746950135,0.014258422303593988,0.37470292545142136,43.32049317980171
995,0.1517815191796621,-0.0809303598753504,-0.29750787441917675,0.01955671719154351,0.32804839346352116,43.672673542993195
996,0.16132076831833947,-0.03321653955883704,-0.2898710074293625,0.05365176832846828,0.27007589121960085,44.08411450245516
997,0.15210785439104405,-0.09177213396169699,-0.31849976482926673,0.00044190268914427185,0.3712742568664764,42.593755374702354
998,0.1398867578689067,-0.09301199215036303,-0.34659799191420826,-0.010770762803775476,0.4150971045718324,41.888061090923166
999,0.14600235988079602,-0.052433994537002135,-0.3555499184179997,0.02100791658457721,0.3781431932674296,42.73936707812864
1000,0.1277502164151704,-0.11077051388302717,-0.35572660159360264,-0.036164252827630965,0.4610055548690983,39.52062423443547
1001,0.12957051690000246,-0.08650779994711306,-0.3902586770231754,-0.024613593815945155,0.4768153339184307,39.308892730643805
1002,0.12509604743936076,-0.02393047018821674,-0.392697312687177,0.028590446956952568,0.41216471183845604,40.40547087450745
1003,0.14260239867102167,-0.10345259780691604,-0.39121993391753535,-0.036554965077777356,0.4821515218363945,39.740998582480756
1004,0.14877134918975624,-0.16009301047733676,-0.34698078092917944,-0.07635038873438116,0.48781490631756114,39.401403216263624
1005,0.15958287478329516,-0.10801668335343365,-0.33592338332523886,-0.03101329701785125,0.4140410771438104,40.62358195607585
1006,0.18540932886947198,-0.1665846813874515,-0.42729192339365885,-0.10223839151871378,0.5849608513474179,39.19966889365158
1007,0.16038472121784722,-0.12160121385173583,-0.35468343327027035,-0.0444125114653916,0.4552208341959197,40.65432078482975
1008,0.15483823048265807,-0.07772533707822374,-0.27024056983419276,0.009411606233546666,0.31115748707527835,41.465022789480905
1009,0.15605204356623448,-0.07013473326107086,-0.28504636123881016,0.006372688220115399,0.321412194070209,42.13892298933422
1010,0.159089843408792,-0.045565222075184306,-0.2624209256208472,0.035364523885263933,0.2619938078296651,43.46703101883328
1011,0.15585822490003778,-0.09506061726548078,-0.2576841032497818,-0.005554751120298737,0.3165731105060877,42.45326537146739
1012,0.16272345603659327,-0.07820535126073981,-0.30946724546373694,0.0009071577008685956,0.3509302482317224,42.337790216196574
1013,0.1620283589826281,-0.10915327885430452,-0.3109674191894229,-0.02484442357069548,0.3908286440319004,42.5141254661029
1014,0.14661077899637787,-0.12854756591600633,-0.3113602053761206,-0.04853461336391733,0.42122806462385115,43.93929833733926
1015,0.13692125235863303,-0.1524531947186162,-0.34220062076418495,-0.07640643484726406,0.4920116692876824,40.78669596475798
1016,0.13302769153264796,-0.0948523147515608,-0.3313355891234725,-0.0224806542150327,0.42307358321105176,40.20109333072383
1017,0.1533915548399136,-0.09847661226108188,-0.2943572384966148,-0.015267143328602408,0.3660761505056735,40.59680785401394
1018,0.1596545770534822,-0.09629168362313173,-0.2970577856122275,-0.013452345035287968,0.36543800166953383,41.77891103975299
1019,0.15577656819318017,-0.05652340682094235,-0.2575209440262647,0.023917749835146534,0.27489285002025854,42.451276836675085
1020,0.16585232901169153,-0.04198148976177224,-0.2757615803400782,0.03520508646181972,0.2730757639411525,42.69747840247451
1021,0.16439101565917522,-0.12429203684029855,-0.3254753243948539,-0.04074826243269074,0.4218842643581853,41.05409069437999
1022,0.15961579350801705,-0.10092553307992981,-0.3243513946369292,-0.023042676504218092,0.3959310905484686,42.03741628097937
1023,0.15788985533539804,-0.033767232411074266,-0.27558370741026095,0.03695150013213989,0.27210505532329626,43.50431972676284
1024,0.16261008035127653,0.00537837356596102,-0.26616236451405084,0.06618341088705619,0.21773212444535955,44.67010994318565
1025,0.15891992976959315,-0.01592555277093489,-0.2592422625342477,0.053552075566405476,0.22774320780785764,46.9949351212659
1026,0.16000139858529921,-0.016100289338548627,-0.2814603506952358,0.05090734536901514,0.251554736743216,45.21200634618258
1027,0.15971000717216516,-0.1105734931562015,-0.3226384225791382,-0.030065309555417093,0.40512219070438876,42.848429081858264
1028,0.16853956937331743,-0.0982352052339707,-0.3735105540721754,-0.029802799906382398,0.44493012226704726,42.87981971929423
1029,0.17780126626407067,-0.05066280219161342,-0.32876982944152666,0.017703169819162597,0.3374742656351809,45.065119746437134
1030,0.1618794435159168,-0.03309987513389587,-0.26629616832466846,0.04071672537124755,0.25164582401749996,44.73897001126176
1031,0.19155964584431598,0.01281080338225237,-0.31479116549300146,0.0765748688694914,0.24054484694774583,46.31341085961338
1032,0.16366321763612882,-0.0030915910425184266,-0.279601119447723,0.05909221211112079,0.23342202490685443,45.389203648614846
1033,0.17045913271546156,-0.0029506682379327963,-0.2702989835338542,0.06028534665037329,0.22059907394243533,45.11067617071493
1034,0.18338868623052076,-0.07626744506940943,-0.3082147453252027,-0.003464390860637648,0.34484187211687267,43.16285094436277
1035,0.1798858372078015,-0.189967778249614,-0.34223122759496827,-0.10503634889528646,0.5096214296893881,39.466899574034635
1036,0.16938178145949534,0.07968716848925246,-0.38309789396611715,0.13600677270634806,0.22143255893895306,46.78827366219045
1037,0.18150380642258784,0.1108067735080336,-0.3768626178505096,0.15653313292513243,0.17987271487445355,48.19849197713195
1038,0.18426803844112433,0.11068719924870576,-0.3749111843684795,0.1547095470648115,0.18120161779483965,50.311643120911874
1039,0.17770044147813982,0.08389329527984822,-0.35908225123768533,0.1353389408993859,0.1997725989866599,48.67809465086968
1040,0.1476930296202396,0.020746989375413114,-0.32307063005944875,0.08713248325973356,0.25071677907414525,44.23761254678743
1041,0.14234726586366891,0.006138225742718942,-0.3249652568750284,0.07498781964435036,0.27357792994821845,44.243742554572094
1042,0.1517758049703819,0.03511123497320277,-0.32504866724383713,0.09577071623306628,0.24132433355413666,45.659291249674936
1043,0.17918542616492666,0.09707949452470808,-0.36291010931256723,0.1435771540467696,0.18688148226111073,48.98873907515637
1044,0.17969010501810534,0.11111980762016642,-0.3790378262823947,0.15007441030009142,0.19131131975124022,49.45092665519133
1045,0.18421754695340373,0.07015168640214839,-0.3613837181616504,0.122121375931533,0.22178695483894442,47.65173660323123
1046,0.18568895914174463,0.07524747661778766,-0.3526451850911447,0.1262912614232228,0.20394388671460686,47.724695680691916
1047,0.18340296886725202,0.0374735104332613,-0.3139346302217502,0.10230080439937511,0.21111216341164463,45.397570226106374
1048,0.18187413076743938,0.033825951922471,-0.29989583641700673,0.10101894076598246,0.20486405524530263,45.74636815353383
1049,0.16546677414918937,0.020796240312614966,-0.359496256210231,0.08652808493154052,0.2827277106109944,46.520304773810636
1050,0.13018199696792487,0.03305633633888154,-0.2546386748079905,0.1062544280460164,0.16951349961198373,48.68142233024306
1051,0.15683887678525252,0.026843251182104143,-0.3426093369552829,0.0866414409029717,0.269698847141881,47.96111566520056
1052,0.18455762805651238,0.0768070434532309,-0.36133006907684173,0.12782689433827657,0.21638225643494416,49.86158092963087
1053,0.1938874240447502,0.07172896053352691,-0.37555711324096613,0.12758572399456825,0.22734869229197616,50.878209644823926
1054,0.20156249101984144,0.08052530216949226,-0.36934726528838424,0.1367188285706059,0.20582331737254403,51.36087400029353
1055,0.20770616944043896,0.09882785667130217,-0.37619982956627823,0.153072630499088,0.1877759352997429,52.510095831149044
1056,0.1979779453749152,0.051698238591979195,-0.38113301860091026,0.10987839857918208,0.2585424803129616,49.98288608700181
1057,0.186028256256443,0.025860656823529674,-0.3771817672876068,0.09117374304040515,0.2846477699108137,48.27641207174859
1058,0.20535210377791333,0.08949936838061269,-0.37851983345078727,0.14980136208380035,0.19436548255065736,51.33633051015393
1059,0.20108976227384298,0.05023748194263961,-0.37701981864242035,0.11437453078203119,0.24716099523299953,50.51023067749342
1060,0.20158079521182387,0.05055677934197218,-0.3760942836423692,0.11151981336002748,0.25341613075208025,49.5936791376276
1061,0.19465666929374048,0.04805348215075913,-0.356996463889787,0.11349130845944547,0.23354491853514908,48.29118008003803
1062,0.19755231065501208,0.0700401744825128,-0.3680608133215649,0.12995148793678918,0.2151494257115013,48.785127543498774
1063,0.1872790807617647,0.020378555684291436,-0.37403653375273604,0.0885462788195148,0.2879724922459038,47.196234662885885
1064,0.15539987339313382,-0.05950060849122653,-0.3077999175969944,0.030199243267880867,0.32972845133712453,43.66148731541432
1065,0.17858478855588109,-0.014717740577002193,-0.35576839771171337,0.06370820827197791,0.31161947334506274,46.710457479961626
1066,0.16987608548166624,-0.08281559386367597,-0.361446596763154,0.003070783798826845,0.4036558199435402,43.22144494581159
1067,0.19814572026995642,0.0027012262128541338,-0.29643795400531137,0.08138725660037933,0.23254157961076885,43.99739917685584
1068,0.17492653197144245,-0.05731551669419427,-0.37422263606733647,0.023718938956450168,0.38715734498993115,42.89993438506482
1069,0.17110041909973636,-0.049046899996960325,-0.3470001818508376,0.03691207217518228,0.34232964210061195,43.05734335407495
1070,0.17186174876348542,0.011484180878943541,-0.28862497557170486,0.09224154930690834,0.21421260871374612,44.69127608614246
1071,0.17690371909415828,0.03995166043986284,-0.2603626737831123,0.11701953190167651,0.15057916250624048,45.484573028142826
1072,0.16721575114780157,-0.013231395114652166,-0.30303117327560597,0.07095206209889898,0.2572189929629627,44.68536721356403
1073,0.16249771278927452,-0.07524213113337123,-0.34997325089201375,0.00870346737181488,0.388418648154662,43.75385697570785
1074,0.17819620019688867,-0.048239914144822524,-0.35921039545159733,0.035325199692997404,0.3533327340681373,43.8361930259587
1075,0.1599542398601657,-0.1294214939299545,-0.3802745810440247,-0.04391259173061346,0.4852178875119631,41.59141427170589
1076,0.16184457763700913,-0.08192555606769897,-0.3781844700426111,0.00021574377796788256,0.4207912776597081,42.10013649491923
1077,0.16337078648592046,-0.06855087879090234,-0.37502930565757386,0.013260301290045799,0.40298195524975494,42.59326389359899
1078,0.16251417658622946,-0.04756448155051225,-0.33626972807767475,0.03651982763700268,0.3350959621322132,43.69238838847012
1079,0.1725498323457364,0.03302371469589258,-0.2797803398936008,0.10783719475740879,0.1799050583813574,46.3004273175719
1080,0.17575782936001674,0.015716091842950065,-0.31680020879309195,0.08390069703987313,0.24774790913556186,45.42088399979166
1081,0.16744922160170453,-0.03406553234815847,-0.3649410610900651,0.04068688315785866,0.35665129589965655,43.76616581551657
1082,0.16402575096391833,-0.02134647682591324,-0.32901468213176993,0.059939082693070134,0.29828297832333595,44.088301207042385
1083,0.17362302144280944,0.00543877747161815,-0.2912858673639775,0.0925933006207421,0.21455260736084855,44.72026714882702
1084,0.161910453099214,-0.09878335831532756,-0.3365992612016172,-0.00737857625769861,0.3968038790627194,42.707104802952976
1085,0.1724875188856801,-0.054857350965255215,-0.3683563659470656,0.028688325671304395,0.37493191094758027,43.65364502548404
1086,0.1776191608229303,-0.015817207018307286,-0.3636392293203069,0.0636177305190906,0.32168407402403876,45.65764034918738
1087,0.1796265345053697,0.004495074118791144,-0.35789478886269366,0.08303136725554042,0.2852641282439777,46.58251693337875
1088,0.16664730491877597,-0.016207447971750357,-0.36197129729796385,0.062053661357978206,0.3247052248728709,45.29180815453886
1089,0.15722185044620215,-0.021132460534753216,-0.33765136907033055,0.06127994861234924,0.30837584499895243,44.19061623399309
1090,0.15620248074950505,-0.07623473474345935,-0.36367301758463355,0.007687701867111836,0.4033406939741781,42.71733349101929
1091,0.15696156565581107,-0.09181325202657778,-0.3503902414895145,-0.0038593188340995607,0.40684999381451076,42.50361895294596
1092,0.15339321002532325,-0.12218697555769474,-0.2947958098857333,-0.01929029913668401,0.38080287461360274,41.85142827475994
1093,0.14806783424919454,-0.08543889461071218,-0.29975786568170837,0.010610031849350925,0.3453351298390163,42.56903358880706
1094,0.13723925276338106,-0.03277558338046885,-0.3795165718461279,0.030666361947827046,0.3837776031143417,43.29421931668613
1095,0.1260319816287616,0.023638184370237635,-0.40489506014163834,0.06841568527789323,0.36142730001185125,43.431705055317785
1096,0.1324875342660142,-0.024949820802808012,-0.4030263624016108,0.029499726746406225,0.4086676289782966,42.17329583099075
1097,0.12846271891651598,-0.10190160357836657,-0.37368994085727475,-0.029458376807224743,0.46585464956817446,40.222867007490464
1098,0.12684249222552688,-0.12815019735029326,-0.3931559626943667,-0.06190648011183586,0.520738940131812,38.62076605805611
1099,0.13158126290388406,-0.09380975605471834,-0.40689538159374783,-0.035328009515889346,0.49330565126559917,39.19633810891436
1100,0.13340236524830007,-0.09176451127856217,-0.40772362640462945,-0.03431735081314337,0.49593955286470764,39.64504261567342
1101,0.13858583365916802,-0.18864666269908575,-0.39885966208906637,-0.11569311303633269,0.5852912695023978,37.86471118008864
1102,0.15094963596351177,-0.15709242201496415,-0.37634165228486943,-0.08547488327791507,0.525206309781401,39.48301343137896
1103,0.14571876979803788,-0.13598655212481683,-0.33266709274428885,-0.053993884170019074,0.45404497033654906,41.013986933636474
1104,0.14656088580811807,-0.14329719640191754,-0.3157769240310763,-0.05573828815475362,0.4382133370022303,40.194564131417835
1105,0.15149958686744172,-0.09571090550261602,-0.28219165294527015,-0.009680600437888319,0.34633894507960944,41.066372472151656
1106,0.15719845861492715,-0.05710415581304658,-0.2594291350829803,0.027072502827003048,0.2741203029489033,42.05527537137577
1107,0.1636478282321082,-0.000142739535844446,-0.21930833927659787,0.07380950939858724,0.16523131606997823,43.48046444539507
1108,0.1609670648281679,-0.05110764960750828,-0.26328722004510147,0.02695041782550398,0.27252683618621776,42.625335108751955
1109,0.16031141598416224,-0.11271133196383228,-0.3350251697073444,-0.03482411202433212,0.4222297374454214,41.31726060943174
1110,0.15504097661959537,-0.14140892564915672,-0.30108799596931535,-0.051718033073672676,0.4192433283106918,41.0435130709882
1111,0.1292686886111848,-0.15325243195700566,-0.34631147727905726,-0.07605931214458017,0.5009514915970934,42.11276108673028
1112,0.14144722880222954,-0.09032839124872646,-0.30380323938887926,-0.01003087825885488,0.3741996450103414,41.89412787687015
1113,0.1553007193124871,-0.08656935355867633,-0.28498303045891243,-0.004668311087639334,0.3432673645900972,41.8633680332855
1114,0.15902170300234922,-0.06883953727483387,-0.2741955164556436,0.013259871973071023,0.3072779820220554,42.009962555150025
1115,0.1585514166212858,-0.12330049271835543,-0.2978393020237739,-0.03690040834579908,0.39634054883350667,40.88094858331208
1116,0.15759074908729312,-0.0697003780373808,-0.2641121043238752,0.011903485774530194,0.29871334407483136,41.949734166233476
1117,0.15764784686508504,0.0005694772650141975,-0.2371145797706405,0.06960023785674316,0.18520967847324937,44.12647217746552
1118,0.16189567863726106,-0.017111014563335677,-0.24070450302599267,0.05595259160327887,0.20770611873495842,42.84161247515552
1119,0.15562304065681487,-0.05107057240603163,-0.26894534091006067,0.026566380218656784,0.2818323244028427,43.29875262869863
1120,0.1646808744212629,-0.017783080540738364,-0.2662592688464829,0.04532143080875148,0.24906127941529776,44.07068807553727
1121,0.1688287321951637,0.013698411356814095,-0.27203457319029,0.06852366859094157,0.21728755396586494,45.954137048736605
1122,0.16199864151371313,-0.022957483358876374,-0.27172258187710124,0.04692455891864978,0.2482370373533354,46.20598285754118
1123,0.15284957649115558,-0.08473615363580295,-0.2755090368363848,-0.0006017417112499319,0.32580598365207164,43.123534743212645
1124,0.15611874993771976,-0.12284683195959246,-0.285167129035,-0.033497263096152086,0.3810454386809253,41.27033537190175
1125,0.16166174340808606,-0.0845038614957866,-0.27751402311217993,-0.000518321554590276,0.32522525857380347,42.315661275170996
1126,0.16882946034268753,-0.017087805974957796,-0.22758764330678452,0.05713961209508572,0.19445906557886855,43.460960037611194
1127,0.15975728792871685,-0.035105282864041666,-0.2546562984640312,0.03799926157840179,0.24471400926494344,44.6252165442034
1128,0.16252377264978657,0.024638878216819992,-0.26323155009858146,0.08041675100893797,0.18725428986740128,46.152533419119635
1129,0.17025062738881722,0.0021233061157447217,-0.2576614314745483,0.06627777135298193,0.20157658438689152,45.2612061854499
1130,0.17910826419870007,-0.08001915871972966,-0.31180009713098195,-0.008694181676330966,0.3640258709570426,43.62626058609881
1131,0.16899374724756216,-0.16869473395591977,-0.3226768095126287,-0.08104544758335631,0.47430159954327294,39.990156537744355
1132,0.17992201898749385,0.0805002000650772,-0.36868781253171257,0.1360983873447162,0.20701622464350383,48.58636662200697
1133,0.14437139050181644,0.0405137660293583,-0.3105799674664672,0.10773196442009486,0.21898125131705987,45.40557850630425
1134,0.14743922227162287,0.022765906618043882,-0.32644970640425214,0.09176967994278107,0.2567686754937737,44.85854815150287
1135,0.14326969647196539,0.012331313594498454,-0.31393602957291533,0.08048245421913428,0.2616116116150852,44.250062413800286
1136,0.15517765506986692,0.044361895328819394,-0.34677298337415935,0.10462910922691404,0.24743917355752884,45.75436783940642
1137,0.1812806876015748,0.09404970689356171,-0.38122598057558105,0.13756998125091124,0.2167992889339774,49.22133912580897
1138,0.19522058275387977,0.1270465981480149,-0.3746242707136861,0.16541476130368687,0.16130569121738303,50.777321242646124
1139,0.1850374126484861,0.08676429042664571,-0.34366558653322277,0.1363579461578408,0.18225335199903264,48.31745142687414
1140,0.1903586311949645,0.07491164606109572,-0.3762963744405913,0.12720604833968222,0.22529095658310017,47.71050744915169
1141,0.19208616685751023,0.09149100528718614,-0.3656926536682155,0.14033818467808745,0.18933184026711916,48.864911481765574
1142,0.18011171080893632,0.06561684458728899,-0.3348222385175026,0.12245722543498938,0.19500165150185833,47.10859467282847
1143,0.18968012892481517,0.07419533818823731,-0.36531828266962735,0.12835388370304604,0.2110463229261083,48.06940119672542
1144,0.18170255665749396,0.010428949085116775,-0.3571665486133547,0.07849489950102732,0.2852295372891398,47.26405457079335
1145,0.18752372774568773,0.03926675870577844,-0.3535235199019703,0.09986057257455579,0.24705862610647938,48.217472286244046
1146,0.18491892959197237,0.042340643942820055,-0.33723290807657036,0.10320958774636568,0.22889028342804782,48.39414969639681
1147,0.16402240235167762,0.018963116365974756,-0.3595432323543874,0.08365122785219903,0.2880069544438716,47.21427780775983
1148,0.17361435002508938,0.04785259772779012,-0.3738860664533631,0.10539143457619017,0.26551878241817245,48.52025193532192
1149,0.19372404566701848,0.09223866467664817,-0.36602124653913487,0.14237572793158296,0.19277168089598543,50.878691029696654
1150,0.20391898814590637,0.10480623692468162,-0.36485368441576105,0.15643137210221433,0.16856091556319577,52.29056359249836
1151,0.20711074919070974,0.09774427637910914,-0.38113725120123493,0.1546308182784707,0.1871078266798318,53.04381978859861
1152,0.20928921404686035,0.09524411412685484,-0.3732488794189916,0.15086514627044453,0.1870011381130184,53.784792761093634
1153,0.21468691513924207,0.09995712157319217,-0.3698261800139037,0.16010938992927115,0.16698921963215407,52.287971023655516
1154,0.20273679285889595,0.07703248006912408,-0.3726131793455156,0.13974698460781929,0.2031289053158973,50.951260441511266
1155,0.20404356626759024,0.09096209169393366,-0.39107811797743297,0.14974206076288055,0.2023647108146874,51.59894942177401
1156,0.21244398343328125,0.07878845005348943,-0.37471022876094956,0.14351481908581623,0.19717175293764952,52.371420742414685
1157,0.19588138457498072,0.04238819318433953,-0.36911350485733846,0.10471934821045514,0.257766873954759,49.187552401382725
1158,0.1917882331095192,0.054353138807152514,-0.366131372185121,0.12017740482818838,0.23155370051641716,50.718228095879
1159,0.18236651863063705,-0.024801129890181448,-0.3723562837641259,0.05258864371739603,0.33425059995016465,46.56386037637471
1160,0.17999397457992816,0.01170980501914735,-0.366401683745046,0.08191422063450104,0.28904016609824973,46.506877464073504
1161,0.17062589008323698,-0.016928061752312918,-0.358350229725963,0.058305531800660566,0.3247730166365478,44.40352678092063
1162,0.17832887741983502,-0.02428838497166019,-0.35100581852759405,0.0577848470372081,0.3179970190669465,45.89364325697334
1163,0.19135132211718067,0.005002463419923494,-0.35167415821385345,0.07536547045518827,0.2896924883320638,44.94530605052272
1164,0.186931489345438,-0.00872969004580501,-0.34166044811463553,0.06435253076981612,0.3032320412224084,44.00724773365446
1165,0.1751310223357572,-0.010803124385618184,-0.31004118173879924,0.0728637076589155,0.2602133410773508,44.05449821446322
1166,0.16610552310898494,-0.06801576126943366,-0.3626406835608346,0.01698824990580049,0.3879170122478186,42.604297941446994
1167,0.16744316910490273,-0.09236725790555554,-0.36910101571373877,-0.006819585579128105,0.4211496358865374,41.56004313715894
1168,0.17821686149128638,-0.010892559651979406,-0.3260305154128758,0.0699884302483554,0.2754315888390851,43.99537589804767
1169,0.1728909989563734,0.019161667992472074,-0.2658918335120225,0.1003024842331294,0.18021682466697497,44.67808321791193
1170,0.1702072534683332,0.01045599341669965,-0.3155284006023703,0.08613996919086836,0.24395117420250517,44.99135467156268
1171,0.16293551543228524,-0.04874306232498777,-0.3623322944283288,0.03078457158282461,0.36860086699572,43.5151634184554
1172,0.16145029248234874,-0.09581539999545294,-0.3607138853401735,-0.008776615780624381,0.42082846002223867,41.8244296443847
1173,0.17369007938574482,-0.06426441206476481,-0.36621656373415695,0.019724994705576985,0.3844643915509586,42.76047600011705
1174,0.16073968364284275,-0.12689695150048366,-0.35829791807041317,-0.037283345780062725,0.4567849488314618,40.65100369349459
1175,0.16037515662631585,-0.0933224877465739,-0.36300039841308285,-0.007169030623676048,0.42032054804867913,41.887011923569766
1176,0.1611465815098412,-0.06071643613647465,-0.36773368335015105,0.020460257020262673,0.38605127113115706,42.989096018964446
1177,0.16024254672334093,-0.017261194047877258,-0.30788254327160963,0.06423394336770924,0.272969732076567,44.99199284428971
1178,0.17272673574756822,0.021459553594353347,-0.3319162783468574,0.09266520387224327,0.24697069290750523,45.59612200417006
1179,0.1809969096729974,0.038937731952418904,-0.3304449266237378,0.10965090660573844,0.21994506039707462,46.25691370986086
1180,0.18302406878756505,0.06935045532299336,-0.31907727144736353,0.1363974545656017,0.16680845272501527,47.609889863382314
1181,0.1875255569813146,0.06826003670554848,-0.31786442036115015,0.1361678301577494,0.16633235924091508,48.214466229339195
1182,0.17802292256799196,0.06515174187735309,-0.3286282358265414,0.13069601374110174,0.18681849276393608,48.40390722579797
1183,0.1715347069488873,0.029308690984946845,-0.28603326816542746,0.1031762078960339,0.1963866986375476,46.014995464077316
1184,0.1798658312367735,0.03829731297161511,-0.2734812855414904,0.11135873061235649,0.17329150318396044,45.11465341599411
1185,0.17673444168478383,0.002596878153278514,-0.29633464025125184,0.084802041790153,0.2332262710530761,44.66680218985534
1186,0.1627323494769716,-0.02838754818017144,-0.31352586369312324,0.057262548308628446,0.2902397904373318,43.3169264184239
1187,0.1624083176274398,-0.02228331823723634,-0.3079231933100535,0.0649296257594971,0.2739753856454156,42.85805838487391
1188,0.14966420843253064,-0.09452855516450942,-0.3268739639020499,-0.0020677985070421605,0.3877408127789171,42.056484594166825
1189,0.15320888670929367,-0.12456007341480338,-0.2946062265773027,-0.020311590458722988,0.38359099235556593,41.364000446508925
1190,0.1532146742944559,-0.10434005101020605,-0.33900180944258257,-0.01647562681873757,0.413884576856851,41.59181516602429
1191,0.1512948869897273,-0.056972355481199145,-0.32733958934437235,0.02664180449035311,0.3438368389380525,43.980130199900735
1192,0.13897147545214092,-0.02282987387651283,-0.3786567681829019,0.03952419715380495,0.36968390316266153,43.55463935897447
1193,0.12726244434988748,-0.004971146571981997,-0.390829408444606,0.04663812100788209,0.3790823218001908,42.62085761374197
1194,0.1355566995798833,-0.020234731859791247,-0.3780796159472634,0.03730228255370963,0.3765571679370639,41.791143671280125
1195,0.1262991914882025,-0.11658727605313013,-0.3856975671634329,-0.04802161719544147,0.49714947790802116,39.45588097368
1196,0.12935356477838675,-0.06030604814877677,-0.390206545669909,-0.0005506086735331947,0.4427816583316515,40.381073303370556
1197,0.13241776645420822,-0.14658916235445088,-0.38151429917169444,-0.07668392614406419,0.5285753581953185,37.89033282145826
1198,0.1431677404807099,-0.1649222790778201,-0.3585218860708872,-0.08642441204756168,0.5105284841408374,38.893156961039196
1199,0.15218849808279378,-0.13686238231188586,-0.34714659609404075,-0.05679931360803108,0.46080751743547704,39.81614875221084
1200,0.14850427090143148,-0.1728755667591823,-0.36610473391503445,-0.09180632074622484,0.5258241682442972,39.48671851974098
1201,0.1458643921496553,-0.11849635937633195,-0.3108994387362308,-0.03384583149384881,0.4060024157409631,41.11825346383976
1202,0.155679444751672,-0.13564363861263298,-0.3146164910173017,-0.04828958055275874,0.4263230528083823,40.06369778509634
1203,0.1632938994055978,-0.0994265386659519,-0.33377028632331107,-0.021740743396510772,0.3987012418462898,41.085099693817995
1204,0.15069966635896379,-0.07503503570721619,-0.26672661634042144,0.00922861794645408,0.30611421975814423,42.1953901694368
1205,0.15406300257279476,-0.05806355380984116,-0.2575835444331761,0.02308847568318385,0.2770455964682236,42.26806101577222
1206,0.15532420861237797,-0.09895082695246044,-0.26765119352322336,-0.011087063651241335,0.3350158305844799,41.63900719680638
1207,0.16320858898910123,-0.08495980644481899,-0.3052269521522003,-0.006698271814084462,0.3552436966154369,41.39461575245949
1208,0.16174801981816173,-0.04945223863544126,-0.258221929059565,0.02867464258023464,0.26430622451958097,41.74857000926066
1209,0.14130918728838207,-0.1373047683123066,-0.32832482199393453,-0.05441594648511298,0.44931040119508886,41.952738200329115
1210,0.15380855946489916,-0.08633183504891484,-0.26683624648740245,-0.0008964413952917238,0.321518116859319,43.05696940447633
1211,0.15863309233585887,-0.05702042007435102,-0.2574841151446784,0.02377845142701744,0.27757022930486924,42.49116287796359
1212,0.1627773078609294,-0.07948511518725392,-0.28344343415294104,0.0019730703294780455,0.33064846341016507,41.352202132050216
1213,0.1632417423051352,-0.09159613059069177,-0.2861069385278066,-0.008152014522203693,0.34665638744656657,41.44754134453879
1214,0.16163677385751085,-0.0600275157219979,-0.26519412301506845,0.020062422294757177,0.28957732787362045,42.1776859942683
1215,0.1567248004172436,-0.035074958251073346,-0.24018251436316743,0.04294588902851445,0.23258026541088478,42.817277749450845
1216,0.15746427275805458,-0.01785748005568778,-0.23689854426869922,0.0540503645830524,0.21010044705718847,42.931180855257196
1217,0.1624676450197308,-0.003514054123358979,-0.2658912874808953,0.058621118371463984,0.22869703329026095,44.369579470938426
1218,0.1625288596313609,0.016448340811558878,-0.25833182022836343,0.07371627498480861,0.19676793456924827,45.57907872833751
1219,0.16725774396660417,-0.002555664420676487,-0.2607651604751894,0.05863825394842616,0.22076571715776402,45.84415010123527
1220,0.156366148884979,-0.0285333945531892,-0.2636506325046298,0.04442536047168121,0.24535177883656856,45.27943292469146
1221,0.1634844403088935,-0.038851007894325135,-0.26451333623019907,0.03733900975724913,0.2563586935869073,44.95629903000037
1222,0.15739930313656925,-0.10000345310009533,-0.2970400826561332,-0.01674344017246671,0.366433079915056,42.77490941233294
1223,0.1603328056691672,-0.06944131975196473,-0.25452911317938104,0.01207754736589607,0.28738025007387913,42.57340885498535
1224,0.17042683029373443,-0.009159771632349736,-0.24932663922049528,0.06069450559207963,0.2039907694671948,43.52964200974802
1225,0.14958111538356153,-0.06258852692042173,-0.2532669376459909,0.015409436565342582,0.28194681998270893,43.13984814793425
1226,0.1696206164642455,-0.03194195471516905,-0.29727647042150424,0.03147069064142642,0.2866518203670138,46.06042248522864
1227,0.17458671506248138,-0.0468140684876272,-0.3047691127105132,0.01608337514984067,0.3157835718766857,44.44677713753359
1228,0.16455831269248994,-0.14514903554602268,-0.3330701102907935,-0.07137041668279981,0.4766544445850606,42.968603636433
1229,0.1804207867356549,0.12743847914012718,-0.37307169383491123,0.16722947857059003,0.1611057453167896,50.338018299475706
1230,0.18424540275107132,0.13919026096077666,-0.36807341882500977,0.17654638255134097,0.14156130661812646,51.49290907567765
1231,0.18122978026858552,0.11636920988145041,-0.3758574257977347,0.15895659954840727,0.17964496417682232,50.43203312964042
1232,0.1864649384706679,0.08389054445736781,-0.37797198258621,0.13853113117762633,0.21004753415574873,49.21320269309829
1233,0.18659200075524676,0.06029596666582819,-0.34670076481342504,0.11894047679925382,0.21360402980016102,47.95820451364614
1234,0.18748162479607838,0.10337174732036414,-0.38268083537572983,0.14557071194338161,0.2023517269012685,50.19519803547076
1235,0.19373929862436426,0.12233554488666136,-0.3723785762075891,0.16332405934757396,0.1636036314411187,50.176614072312
1236,0.1875409632428743,0.10052871180196095,-0.39358092924877686,0.14455153476428506,0.21347844590180523,48.6560636727522
1237,0.1943931611760171,0.08991230106355941,-0.38408133394550015,0.13966326936399512,0.21108142781721795,48.89330011282938
1238,0.1966236964308481,0.09580680614417451,-0.37094787137469826,0.14813878146745385,0.18221797147250632,49.341844545475396
1239,0.17811701054988682,0.03322861127899758,-0.37166810139789974,0.09201420641390476,0.27541435052391516,46.98775972133052
1240,0.19353273894145157,0.0696311278945461,-0.36542114590496594,0.12544813100282443,0.21815818358825026,49.75755414223523
1241,0.19555171287117068,0.07336829042279969,-0.3478331265509028,0.1294214509507442,0.1955619848589573,50.536766670699905
1242,0.18488683374708076,0.07322756119743098,-0.3620696553540917,0.12469010320061244,0.21810847750160733,50.11331897785576
1243,0.19647500243104649,0.0803699997885928,-0.3077823934813306,0.1367842508054133,0.1482093756326797,50.5938604302587
1244,0.19961115148473424,0.09516080674273093,-0.33626272607760155,0.14667067868543607,0.15796443404161772,50.45600222139019
1245,0.19643762917472815,0.08800867064329428,-0.35920623127711004,0.14158039759294663,0.18614070998274768,50.52709692790693
1246,0.19135430790622618,0.07849754287566643,-0.3547118516374596,0.1350841348391443,0.1935555949075342,50.65451056301715
1247,0.1954743099922926,0.07801468728374446,-0.359919639317407,0.13338832534076933,0.20301467330884285,50.8690667448143
1248,0.20098496251109033,0.08015799375313672,-0.3690432310763633,0.13822939840834494,0.2027630720326654,52.27276666441273
1249,0.20845543500570618,0.08891837659370093,-0.3794525906580173,0.1454190584791076,0.19951810406876824,53.18544267286005
1250,0.19987355985744862,0.04327757059135133,-0.3730460201861581,0.11028579121085295,0.24926643829178985,49.73438176802147
1251,0.1944945743042388,0.06134120931719344,-0.3814731746249889,0.12463583575621562,0.2367624267578736,50.87814249763765
1252,0.20054198142817073,0.08564186906298583,-0.3837062068074329,0.1486693740738652,0.1988067397626796,52.64068838603299
1253,0.20889034111295812,0.07274340682923085,-0.3798857476823768,0.13345476681568189,0.21922324115471759,51.54082635797588
1254,0.20455606990150962,0.0757232690860846,-0.355963661318495,0.134109935855391,0.1982893022714108,52.27805826209044
1255,0.19413184851943444,0.04019010561446501,-0.37198377783436215,0.10511813480205855,0.2588132779729714,49.099519619063244
1256,0.18598585097712247,0.02217030585859641,-0.3754946488264631,0.08944153838842912,0.28493315302761135,47.76846662698982
1257,0.1838445106537961,0.0252146668884762,-0.3625933892912584,0.09398107632335986,0.2687375208025287,47.35413845101222
1258,0.16896086041696665,-0.035754140846543485,-0.3588994648477598,0.04324413807101323,0.34661657254194744,44.01737227091717
1259,0.16411787713790715,-0.0564502613346785,-0.35661755116372595,0.025787506563173832,0.3722869937612297,43.35173501771802
1260,0.13514533862554462,-0.12677811541253733,-0.28427971922807993,-0.024828384940813547,0.39617345429806283,40.53463101815777
1261,0.16495478380480053,-0.01071966230949352,-0.34082053335225787,0.06544296126990111,0.30228628068486,44.86616975796589
1262,0.15657225428692914,-0.0749943335807812,-0.3643989163912603,0.011289330785257191,0.3971000102962013,43.29744477861137
1263,0.16472246242632854,-0.059105516148960466,-0.3678966689896765,0.02587560331686421,0.37697241182934627,44.42063048966904
1264,0.16804346548523091,-0.05205197402623107,-0.3562870879699049,0.032457999889140436,0.3586093214723271,45.28762121743759
1265,0.16950062611922131,0.004918212390290931,-0.33142421624835244,0.08235818960152931,0.2660424721378331,46.15360174401465
1266,0.18294852768542327,0.015359069495276824,-0.34442098994962844,0.08717140945572861,0.26498382958091404,45.98461463202951
1267,0.17766847310626568,-0.01637946220309885,-0.33560840911184525,0.0643158834611714,0.2877324079998975,45.50145773261326
1268,0.17427241772752528,-0.043189067579966815,-0.33595009535192266,0.04182103467939074,0.3236127529415206,43.337576460262916
1269,0.17704358358519423,0.013453119383809579,-0.2972763869476476,0.09169565255092063,0.22046552200269892,45.162487382161956
1270,0.16140340354861119,-0.05177484561010662,-0.19606710218884865,0.05313601058826967,0.2201181160514583,42.695923548576246
1271,0.16833368830816353,0.02138776920738233,-0.292691850096634,0.0954846492826464,0.21192586269696875,45.54638207083705
1272,0.1661594052805113,-0.03122569814450695,-0.3431891521534725,0.04373893834554396,0.3314165665020093,44.578899859620165
1273,0.16199418098052773,-0.03992307189653013,-0.35019637381198976,0.03838081009902633,0.34436098879376514,44.26160935560097
1274,0.16910889970028864,-0.01702228756378884,-0.34619490345273485,0.06027193976907931,0.3063116049023007,44.920830303444404
1275,0.1654766401692284,0.006706247544436787,-0.3583237480424418,0.07564135176916818,0.2938024443676877,45.40023951127826
1276,0.16632077078270158,0.04147697589619213,-0.3632951958811879,0.10244263750186931,0.2555644312592941,46.709800311837924
1277,0.17139769991566225,0.09012759792232818,-0.3621694272496929,0.1442842436608247,0.19196887738048052,48.645897496037975
1278,0.1624517691358662,0.08513216826065084,-0.35352242743163986,0.14037769763507899,0.1918193207801372,49.245887900771876
1279,0.16035011955335862,0.07711165211477433,-0.32865996760240873,0.13884106228034923,0.17350026613217678,49.41807469867881
1280,0.1523106092450067,0.06765914227597318,-0.2980433880211614,0.1333671582380891,0.15643484956128628,48.63765694791938
1281,0.16419209880637897,0.0771924408224683,-0.3199379652674547,0.14061312918599936,0.16246572390653644,48.9130547892909
1282,0.1712202153185113,0.0720888334800674,-0.3031121882439168,0.1384838508879705,0.15148519406653768,49.019717228947044
1283,0.17493392839625715,0.054367630863515364,-0.324462274391813,0.12231834098307628,0.19450591221704228,48.02109631120274
1284,0.15993725837111938,0.019150327897024068,-0.2890022505933564,0.09961183194938483,0.20533808900707898,45.524005350569404
1285,0.16287466803098655,0.01764522453159342,-0.24068428247322787,0.10695300009768016,0.15636174750451656,44.55018711616137
1286,0.16463617127330185,0.005771531445982119,-0.23928125420489013,0.09667356067720803,0.16869710534394486,44.39224485344331
1287,0.16353436374074437,0.019674820160785526,-0.2580117193569517,0.10247663656591352,0.17503175012061573,44.97870429104279
1288,0.14428830953869579,-0.03638553777048397,-0.3701453332115329,0.033540152640400986,0.3804459407408279,42.55621433150378
1289,0.1275428086889462,-0.08730151521686202,-0.3811091163447678,-0.020882831582234855,0.47197807632985717,41.21264242818681
1290,0.1384435188085378,-0.12648787439637044,-0.3583087784763824,-0.04432707895808946,0.4781189607606847,40.42459410828574
1291,0.15109727258015532,-0.04995632699693131,-0.3471188034591418,0.027371834722995876,0.3656858201777895,42.59473957525439
1292,0.13838928375293494,0.020360592995584157,-0.3697538823742423,0.07316765367089782,0.32440003652589233,43.780698555167795
1293,0.1424613919966988,-0.04334432807012486,-0.3066954609744049,0.03671083311295252,0.3135526814583576,42.92988107214046
1294,0.1375051969512067,-0.08823459105243092,-0.3775834309449203,-0.019800286626534654,0.45192060252967925,40.50414819218224
1295,0.13945330834380246,-0.08882744401958212,-0.36668787793610064,-0.015142175093551242,0.4375718529536807,40.99983216381911
1296,0.12930348024747623,-0.07351608972969677,-0.3969161555078308,-0.013717901759375734,0.4604242017899945,40.23692238273041
1297,0.13275884397855414,-0.13343955489963932,-0.36429766670550084,-0.05583715019178917,0.48739283869350397,39.43403856585331
1298,0.14091516393230843,-0.1440563831199665,-0.35031291736781783,-0.0655975146559306,0.484514015051353,39.1220394045432
1299,0.15221422609805976,-0.09986705396158228,-0.29363339714841485,-0.014758636077738876,0.36231053959414544,41.13960182285228
1300,0.16228155409781087,-0.10153315316381957,-0.31905001015699835,-0.020359012647601506,0.39033471778038725,40.89875860949663
1301,0.1554191772285482,-0.14035001106752998,-0.3258532364190211,-0.054516784041752024,0.441804083276336,40.12655077342017
1302,0.14694575751439862,-0.16698228816844496,-0.3349595300824774,-0.07854935872018409,0.48317780462774185,39.77127884039322
1303,0.15655302303960913,-0.11780608741416311,-0.29787447580342713,-0.030670876218752068,0.39113509702461036,40.448463690705296
1304,0.15283883710418789,-0.10489101270331563,-0.2903947380207226,-0.0196501358530069,0.3658133773884991,41.18503609215439
1305,0.14474525026235305,-0.11017763824876345,-0.281138093910185,-0.021668322191225012,0.3656620460083991,41.48879108041268
1306,0.1528961435927668,-0.11340873756232799,-0.27851224977133415,-0.02439067119064613,0.36732292100926295,41.26041095017338
1307,0.14883079292400134,-0.12455557220513462,-0.2937861702591222,-0.039549595661332065,0.39206952576854903,40.976504594361835
1308,0.14927167445400644,-0.12682324890693847,-0.28199884388326923,-0.03709848334612783,0.38305157922230354,40.949445674478426
1309,0.14787065500162222,-0.12722211061410763,-0.28148624743776773,-0.039964033376180805,0.38439908116522753,41.10179652074837
1310,0.13245141775596614,-0.14807864982994973,-0.29720756006616483,-0.061931522597136274,0.4345452629098197,41.896568714297345
1311,0.13945355530635611,-0.13387524449416452,-0.2876485811832849,-0.04680406017831801,0.404953885748834,43.12042416777405
1312,0.15377536972877076,-0.08828103687416451,-0.2667629416807846,-0.002224839205346611,0.32509641323438615,42.876368898917825
1313,0.1610426259555267,-0.07335160442956945,-0.2639427021435342,0.010059711505593849,0.3033735516413358,41.98622306969149
1314,0.15887985581151287,-0.06703822888381279,-0.2568789247001556,0.01567673180478371,0.28985910703348416,42.175991479337924
1315,0.16307961264684823,-0.06402315071581648,-0.27232858553396444,0.013977615617585964,0.30102798895277116,42.56251566592231
1316,0.16113557423623837,-0.08720860394770232,-0.28891544112131434,-0.009495274208095837,0.34688145002455056,42.06743017062819
1317,0.15094716871937183,-0.13604213468124152,-0.3149644606020114,-0.05361855979093964,0.4317755794554785,40.65333709747217
1318,0.16863908139988357,-0.0855144195554138,-0.35664562864226246,-0.01613844093763659,0.4141014084555966,42.10657096850847
1319,0.182166304207123,0.017171988135651656,-0.3010915453904889,0.07608707258914833,0.2280811944948359,46.39641700887083
1320,0.15532429140709086,-0.047766971734789714,-0.2785133714700373,0.02258535059103177,0.2903409201358472,44.348574260125744
1321,0.15432749088877362,-0.13834580990971904,-0.3125170150920984,-0.05630072311378971,0.42984741578875496,42.192111818792384
1322,0.15541292125530873,-0.08266738728102344,-0.3407938085287123,-0.009800517243941464,0.3911619807662556,42.80597059125313
1323,0.1675013425695446,-0.07719358459258943,-0.29870262861292124,0.00021635592438157573,0.34104853807027236,43.33591503212145
1324,0.15812463718384942,-0.0689281055317024,-0.26647073503074487,0.011636410098238589,0.2995433523839681,43.34545757135047
1325,0.16619445427939228,-0.01815333667607659,-0.25196032674109653,0.05276861940681281,0.21957672739124937,44.623018647261674
1326,0.16687459550575334,0.006708488359372062,-0.2473516799991724,0.0666362621147997,0.19223848374875255,46.26610106457101
1327,0.1604511620764075,-0.048551570092343684,-0.28082192242791515,0.01904568514815242,0.29500280656238304,44.399550579875296
1328,0.16314481334794703,-0.15255268140385933,-0.31443061240272974,-0.0731175972422889,0.45870347985057164,41.70015201897871
1329,0.19056857470927696,0.11761406572157261,-0.36104122127812355,0.1635930698900034,0.1554010236283558,50.72981909579464
1330,0.18991295891980275,0.10136271382089668,-0.3665821581381007,0.14943619483938206,0.18181340751107922,50.09556714697699
1331,0.19422112060193755,0.13332671461048543,-0.37672709836224705,0.1730095813606887,0.1556807685442363,51.87815388868231
1332,0.20171798305114377,0.1309067389972687,-0.374472857558146,0.17168709991118902,0.15415393851237566,52.38364692312102
1333,0.2013203391500867,0.10483313729412255,-0.3670360874775321,0.1554406349695062,0.1720396863452898,51.277365493929
1334,0.2003672417346047,0.11304161385966943,-0.37769546926682757,0.161873634766606,0.16859914556852162,51.29100054507587
1335,0.18504499430123628,0.11743269323347193,-0.37318137488390807,0.15812157890409756,0.1718340207307097,50.70003106407467
1336,0.17891257420463852,0.12796025025437635,-0.36812237055040525,0.16523585156712206,0.15857880784223286,51.23907570102151
1337,0.18433614386648142,0.12104329290647392,-0.36201691133936864,0.16371956233650417,0.1568400990539451,50.31908525044216
1338,0.19262366041409046,0.09595676972208572,-0.3700392404453709,0.14493202263462518,0.19197364964625113,49.438962293789935
1339,0.19714333651178972,0.06784428650187385,-0.36736835039109456,0.12156721635762631,0.22356690520019956,49.174240040765675
1340,0.20009302846140806,0.09198803913426731,-0.35463303535924423,0.14308501187561154,0.18028415037252782,50.22243510779031
1341,0.20363334144666098,0.08173793151553163,-0.34483227626414104,0.13539959565030402,0.1811149186712147,50.03951399954565
1342,0.20328929333429985,0.10546211423276745,-0.3520516196335152,0.15284684937637646,0.16276480683109004,50.62742726085299
1343,0.20538666287241655,0.10927213238344213,-0.3438474052961992,0.158080821216548,0.1470555219258711,51.39932901587719
1344,0.19316908128315086,0.0820222518144949,-0.35037473810638997,0.13546245332320261,0.19033458056403943,50.870240901695325
1345,0.20252905907799293,0.08480255907607916,-0.34076962303096303,0.1409832002243972,0.17279441162265013,50.39800090482542
1346,0.2106313974950003,0.09999798323890022,-0.3429112819336981,0.15375645793431833,0.15497349845895061,51.0856969661185
1347,0.19532173265358688,0.06321421708581813,-0.35911011523641223,0.1220410645299189,0.2175118111012404,49.05280753449987
1348,0.2032269658386988,0.07147000352544831,-0.36139098533808334,0.12771211503932808,0.20975333749153507,50.88914149916956
1349,0.20118900986768765,0.07742156681149837,-0.36854142674766976,0.13325276796319982,0.2097158338524574,51.10686228351764
1350,0.20269971060448466,0.09208233780059107,-0.3638969954403637,0.14523079731183067,0.18782647632819513,52.251407115006266
1351,0.18719366092120998,0.048423869454567524,-0.3328116025684689,0.11184156928589654,0.21634232014453406,48.90913328019076
1352,0.1911811091200877,0.006955724417813395,-0.3643355866632424,0.0784339134637018,0.29326404041753384,48.53471828531908
1353,0.2033122844450872,0.08609953396175483,-0.3930068157658404,0.14838575336234527,0.20570749748747383,52.53820703652316
1354,0.2026500791291862,0.052385575614311515,-0.3869592974598964,0.1185767687863687,0.24731044031768068,50.87832005902025
1355,0.19941939821479665,0.05324285284676933,-0.37369643949396586,0.11828510023704276,0.2388294001596423,50.90692637187932
1356,0.1939666563441756,0.028519341536601493,-0.36695106288511786,0.0980221392740249,0.26314566908987697,49.76071985446767
1357,0.179470797294658,0.011379085321843625,-0.32572685398920326,0.08683534113565233,0.2518864933351441,46.863902203260544
1358,0.17677747737478836,0.0017562978500678837,-0.3148676305267823,0.07811622685027497,0.25485541776416226,45.041128307821786
1359,0.17314699767631395,-0.043455547158342156,-0.3578115841062282,0.03725116211792248,0.3519001858695697,44.507124289108845
1360,0.17256711049177997,-0.01814645239308269,-0.3783393694402221,0.05273784589711609,0.3448312809394154,44.91073131114714
1361,0.17879187456780882,-0.08780512104369202,-0.3893110896702965,-0.008720837081630184,0.4412964605399409,42.59172823878139
1362,0.15382788897802172,-0.07223984992184414,-0.3407110260933373,0.015422800672426303,0.37743126669124305,42.266763994962055
1363,0.12069375504957261,-0.16764546971429867,-0.29376515564748423,-0.06368724807459504,0.45664325417966634,39.063276772664636
1364,0.13537091399326456,-0.06948149021930895,-0.36850929603669497,0.010101805406403212,0.4067596485332553,43.57799856118535
1365,0.1718794898021134,-0.011118200645759246,-0.36392503400764725,0.06721291105367232,0.3085196349159758,47.40481976725455
1366,0.18818461069557504,0.05362225717650452,-0.33042812161719,0.11927644727946603,0.20307703063069293,49.82667196676191
1367,0.19584270981725557,0.04265165789680805,-0.26509066394208336,0.11386638308376207,0.15701031176141006,47.29293416182907
1368,0.1962652516260644,0.04785292419569276,-0.32111973480995676,0.10991082940436953,0.20972913505115284,46.66805355716637
1369,0.19141363447021423,0.0698792714581359,-0.33990954429427916,0.13704355082038505,0.18332171128448244,47.86518723831485
1370,0.1796128616783873,0.026958782817384404,-0.3003131865670824,0.10241218851789768,0.20600796305128175,46.296320050460864
1371,0.18449990526917495,0.003944712059124687,-0.3139837968113841,0.08072628006950074,0.24707937874511773,44.70220038199542
1372,0.17667982517294636,-0.057594428046130026,-0.3334943913277843,0.030069697600235066,0.33805340927555655,43.4088859641612
1373,0.18671299950655873,0.035559986317221674,-0.3015590085813914,0.11168737126423695,0.1867139254481428,45.756766498162186
1374,0.16951791942922684,0.06368884445280533,-0.3403989321103431,0.12540843676943864,0.20285816480788849,48.123198182257546
1375,0.18727295261629356,0.08614191685890918,-0.32595888633976217,0.14351134498272547,0.15866968096552783,49.00045396484167
1376,0.16084762629560823,0.08582372493228094,-0.33167190112045286,0.14300533321186415,0.16812431366144126,49.6584819030442
1377,0.15737725126559923,0.07840217747980482,-0.3163381715488894,0.13832879228132594,0.16034321366030793,49.632383406838166
1378,0.16066823624028265,0.08511429704698417,-0.3353712083228819,0.14185313475907838,0.16939702360484682,50.123060615995406
1379,0.15626017049844362,0.075108224548501,-0.31345072743625674,0.1350869628980141,0.16300425501264346,49.67523958282438
1380,0.15438416098805902,0.0710338762986205,-0.32161187239264966,0.13485142499457414,0.17101982281215505,49.31534142380481
1381,0.15295432838253914,0.06584186755737083,-0.29197798107774453,0.13177250465365503,0.1533772970243981,49.121541358721366
1382,0.16328690422731534,0.0526753149112943,-0.2827290027748196,0.12332453588292301,0.16202963199958184,47.858509540556916
1383,0.15293601783412142,0.027312037051419002,-0.2870399022478692,0.09778020175119706,0.2066764074415852,47.244885449175655
1384,0.16392242163860338,0.02678284371031473,-0.30602211823786285,0.09920834386528748,0.2166451440743106,46.77722560432555
1385,0.16259151985781192,0.025404726533855275,-0.3061137107177703,0.10114600415774534,0.21308355740400012,47.32878307935463
1386,0.1944174128403148,0.03186552261421626,-0.35108007255556783,0.10748058394306469,0.23809751379728564,45.55114207142565
1387,0.1718744276029034,0.010276051617224457,-0.3180848219636518,0.0895746136205838,0.24178697755109693,44.72020264636708
1388,0.15463764044397488,0.02330987864018511,-0.24322543600884025,0.10625167989986674,0.15925514145976954,45.25437621083842
1389,0.17031866478269667,0.02543847228820982,-0.24763099231369726,0.10775044869714438,0.1557897074826038,44.89583665828438
1390,0.15821409736564357,-0.02831161959056834,-0.33772367122659047,0.04874876550207145,0.3238761882498939,43.74539125803709
1391,0.1493493133372501,-0.11926496418712802,-0.3941722372019715,-0.04699183168248187,0.4870310025404344,41.303976951164955
1392,0.12711653408259668,-0.05455519042804503,-0.38647456324028345,0.006102860144322025,0.4474219273729334,41.57285365512024
1393,0.1511404530683465,0.004996983689031417,-0.3895679843561243,0.06504671679570546,0.3425738530018048,44.240163418478424
1394,0.13888698537720354,0.04340580053521807,-0.41855938040230106,0.08318159975894616,0.35130379814037216,44.257610224807976
1395,0.14478745498926437,-0.024309996866875325,-0.37970086754661075,0.034414402877768466,0.3767836934216777,43.53155398217724
1396,0.13841674781227573,-0.14634841127458476,-0.365443984280191,-0.0658472880793916,0.497415492571294,40.032481563689
1397,0.14224906546197547,-0.14064615544575534,-0.35328006785760246,-0.05644290627718605,0.475245364146554,39.727350373300226
1398,0.14001252753244056,-0.06304304778660134,-0.3915598926613572,-0.00020995834157424203,0.43543254955348415,40.81385879128918
1399,0.14235140115357914,-0.07370335926622192,-0.3924581617811715,-0.00906074006448748,0.4472351217800361,40.39757940386426
1400,0.15123650452728196,-0.11610858922794817,-0.32055530364397616,-0.02995088513930126,0.4066365928198591,40.72708833035182
1401,0.1584682221529011,-0.11595483602247394,-0.33788939887862457,-0.03372546362116674,0.42646349176979376,40.678389463457194
1402,0.15764104088459568,-0.09849500312226526,-0.3268433709584993,-0.021057014302329643,0.39943981584724875,40.871319621106345
1403,0.14881013969995416,-0.14207754397270758,-0.3327691640220758,-0.06340050354279872,0.4615973114826294,40.03320881017171
1404,0.14645086735792676,-0.136596856451381,-0.3028675777488094,-0.04849638744500506,0.41677961260333146,39.964136114942455
1405,0.14353443699572638,-0.1366895530665258,-0.27645779956005434,-0.041999348041883114,0.39305948578622757,40.41723289514427
1406,0.15171015821227427,-0.13748510890717608,-0.29615469598086724,-0.04688955151994215,0.40857147676709826,40.879428472210066
1407,0.15201975615502872,-0.134128468062869,-0.28536736903352444,-0.04494059293930835,0.3940447883478145,40.72964923508257
1408,0.15419830764089618,-0.15724349165151547,-0.3039881315905325,-0.07130170341459695,0.4382988099622104,40.01975596439239
1409,0.14091347425142398,-0.20144103662470786,-0.3412727933823524,-0.11707942114541213,0.5329326379709793,38.39129696361062
1410,0.13442387861074184,-0.1726041754828579,-0.3524513409031643,-0.09532182922165379,0.5213559617186997,38.619762356728
1411,0.14391422071370247,-0.16445648054037496,-0.3007844861126839,-0.07653850617699265,0.45008764596785855,39.92835610051392
1412,0.14218673812750796,-0.14094686787798819,-0.3093700238566855,-0.06258511815639513,0.4395912442481347,40.18847734772576
1413,0.14248402997767082,-0.13550795985570754,-0.29814911814778206,-0.05650392311714229,0.4228104692686446,42.098218159769615
1414,0.15177140064009104,-0.111764637446546,-0.27886222448951803,-0.027075917750160577,0.36760162605791014,42.13612681981133
1415,0.15522924353461395,-0.09055623074545122,-0.26519442927868936,-0.00511351571137675,0.3278630146036168,42.000194535046596
1416,0.1509141023142442,-0.06500758539286444,-0.24681647099678455,0.017401147629180953,0.27611493011783633,42.46590444171283
1417,0.15579328155729294,-0.07951194466443466,-0.26328329776443476,0.0035423314382180167,0.31048622602407894,41.78425593742335
1418,0.15724806203201094,-0.13491892816018206,-0.3224138214929782,-0.057978682861762554,0.4408925722266109,40.50318299743631
1419,0.15222362272195403,-0.13475891537400594,-0.32992400103932146,-0.05763067557491727,0.4484400892707063,40.96348394237089
1420,0.15801885877682545,-0.10442688637224269,-0.320374773899358,-0.03200966541154232,0.40510346671238606,41.44789419696504
1421,0.16921577932523077,-0.03734935293544658,-0.2637189394446798,0.03658954392403173,0.2552081271780239,42.983338605586844
1422,0.14180925588224594,-0.09860850472128042,-0.2603641111944589,-0.011450756319340791,0.33213240240452485,41.26345372287814
1423,0.13964656158573607,-0.16528881207579968,-0.3145081659590285,-0.07960121300050171,0.46941735130258583,40.43592208498864
1424,0.1542184041493969,-0.09991797501596092,-0.3193451197929966,-0.023904922813987463,0.38995735755986616,41.80038059825817
1425,0.1729110225000152,-0.01746824888299144,-0.25646066723101246,0.050009601349268,0.2274293432530575,43.72135089435651
1426,0.1600422763632381,-0.04229664029369487,-0.25349537760343055,0.03228417502365087,0.2566521028256827,43.16849295655556
1427,0.1665593272050201,0.019480869378067592,-0.2065115815989289,0.08323119478839872,0.13030497371488367,44.70153380511233
1428,0.17914109262663597,-0.0554724945625691,-0.2863730761515405,0.014396678066842866,0.29444849080044727,44.90634798027001
1429,0.15019901432965918,-0.201733593242114,-0.2567988449403914,-0.11348652418237304,0.44371113711456156,39.97341550181576
1430,0.2036028793141516,0.11430728380354732,-0.35309364252071007,0.16487044247373256,0.14611144483161004,50.91955840776543
1431,0.2039268200749503,0.1169959688736788,-0.3655866221919691,0.16574663506453724,0.15424522629959242,51.9488358707228
1432,0.1992408382896572,0.12403043609134905,-0.3632348829571717,0.16807137023710053,0.1507382204694453,51.68866323576689
1433,0.19168144562923278,0.0920164483277566,-0.36898484812710947,0.14496020968288956,0.19154063623237017,51.380671168576676
1434,0.19268491096240473,0.06792038244562258,-0.3771832933982388,0.12843558810449004,0.2243173611111199,50.180978454822046
1435,0.19386785642977836,0.0982777780366649,-0.37625354593910876,0.14828555023398135,0.19264775846778395,51.118249579850186
1436,0.19657307903116375,0.1224674777324138,-0.37717472731629825,0.16556301449391925,0.1655723302351483,52.221805613534265
1437,0.19878043118886363,0.12119998347029516,-0.3689202171957586,0.16534929568878726,0.1583094994859381,51.25515630902334
1438,0.18297798530983184,0.11813208006454257,-0.37442972909846856,0.1603212435465932,0.17074392739662606,50.57607099225826
1439,0.18444732766388278,0.0939094299260299,-0.378418017928873,0.14036592872853734,0.20470000977164118,50.07723116409367
1440,0.2020220150671507,0.08767946003884182,-0.3691456025455946,0.14022731246978704,0.19480450422143475,49.289760206843944
1441,0.17994553407092667,0.04073270070948145,-0.2999132386675563,0.10736560693091446,0.19465061936296474,46.478129408363486
1442,0.20453965724757328,0.07643688573954077,-0.35468402205328525,0.1321255057739965,0.19719215323948747,49.80448861158534
1443,0.1899537378163205,0.0431059193359098,-0.3398291157662178,0.1043596370812275,0.23026462140651488,48.45780219022351
1444,0.20630789620063808,0.10169456899805883,-0.34909618414963867,0.150286016963571,0.16316243851216913,50.837342831858706
1445,0.20513728251875638,0.10473235634004781,-0.355008932179598,0.15266537509690412,0.16597957725276852,51.51909779119471
1446,0.20476759503960248,0.09411351214552767,-0.3568468918897629,0.1452907805467985,0.18084573768429257,51.20019051652175
1447,0.1963584159742913,0.07833190600107062,-0.3594862763501883,0.13027978715183167,0.20869217781145805,49.92563154388853
1448,0.2001549675336878,0.09384290547367206,-0.34585188492400176,0.14625104425619892,0.1694034543128276,51.08620867802154
1449,0.20697726937933125,0.0634376674684,-0.3584271710140173,0.12224461316026282,0.21786980580076562,49.432206604150636
1450,0.2013864102847933,0.07532503328518447,-0.3440938275636279,0.1333689185092036,0.1881080730346319,50.20656912461136
1451,0.1983505965989981,0.0669334571937397,-0.36806003784325514,0.12433773775845768,0.22274964446691461,50.99434899896258
1452,0.20672769917324355,0.058331609323755064,-0.37586291157826646,0.11780061927655906,0.24036038367450555,50.67952554693947
1453,0.20137596747989014,0.0713739859714303,-0.37506001089936214,0.12750195621352725,0.22365983681261156,50.87108230816626
1454,0.19725883673499822,0.07041622859220746,-0.372153368203445,0.13274505264876507,0.21248113286115553,50.78384665338386
1455,0.2019039871057663,0.0745979469806808,-0.3738844574447111,0.1345929586468718,0.2143949654164004,51.51304097708589
1456,0.1959683146802518,0.06295530235389377,-0.37664543961793995,0.12424763783623148,0.2296990763750485,50.942261253533204
1457,0.17984725880645902,0.001989716291890385,-0.38095790867765017,0.0733688223123613,0.3134900155115679,48.24181654282311
1458,0.20675085759251796,0.05644835366826239,-0.3698023505674754,0.12297514380576023,0.22745218729495026,50.61255470436361
1459,0.1840030219992956,-0.030003328034927564,-0.36282827227053316,0.047920093147605876,0.331524596646851,45.40059709670045
1460,0.17601610745488275,0.0003118714291530743,-0.3663889005286435,0.07094232527877893,0.3098244948198293,45.570686610645055
1461,0.17209185315664008,-0.039592953412159466,-0.3760740717357073,0.03573592057075546,0.3635463730901642,44.57931653826012
1462,0.1757160015441413,0.0035564729290492557,-0.38450800084200953,0.07378218093949176,0.31646966181108477,46.49932485940704
1463,0.1947982047136599,0.04918742063654358,-0.3707574932727602,0.11441436027900685,0.24370286048122458,47.6551741442296
1464,0.18434916623891698,-0.0040383048816686464,-0.3866590989474552,0.06718484293442255,0.33221089002541687,45.29094905043756
1465,0.17109561648566687,-0.056529509485964816,-0.34454164972005363,0.028327193842166254,0.3594569449148197,44.443974326488636
1466,0.1553606191631375,-0.05305244829381917,-0.30618768586916817,0.039476049941363535,0.3138758819646244,43.324843748057255
1467,0.1274847289198019,-0.14619888397566777,-0.3095879807413876,-0.05348289963563892,0.4470038952319059,41.06605939608898
1468,0.16940488622895133,0.03893034137874292,-0.3682107684081018,0.10240444622885432,0.2665520563775836,48.353811493645644
1469,0.17581434001436858,0.034409060020531596,-0.3708950133065957,0.1028462702367706,0.2655186205740701,48.76659734164813
1470,0.177617514693109,0.015523900144199979,-0.3375958744337835,0.0899770304380873,0.25449441362228586,47.29026374456631
1471,0.17176321559377994,-0.037916002915307966,-0.3495413271364391,0.04671768456018199,0.32642617095684023,45.23159704164738
1472,0.22715311342913982,0.07869716507582752,-0.3158624704633565,0.14588478466384897,0.1454475206663345,46.73091959510902
1473,0.21199499021986307,0.038320182959272094,-0.3083390298038061,0.11581987191733824,0.18941821445538062,45.97010244866337
1474,0.19559022383278835,0.05715181540812759,-0.31337120073424,0.12844106494075325,0.1753565022209736,47.11999108396812
1475,0.1675950533604631,0.04435869276988325,-0.3026202674740035,0.11841252212601817,0.18418716706196575,47.303079753531286
1476,0.16637441322650992,0.028921221429698857,-0.3351906078865351,0.09816506659944742,0.2471332771591164,44.711788663443386
1477,0.19559681429621176,0.055228864963142874,-0.3035128429690328,0.12526215184779138,0.16602374048788782,45.07637157962324
1478,0.17219247008287691,0.0927171054340414,-0.32684458513205034,0.145180411694361,0.15936217425694266,49.187107578754706
1479,0.15725724544331998,0.07431219666829242,-0.29407240388848216,0.1365723017987834,0.14647700063534766,49.519455631349494
1480,0.14671236093506798,0.06654153597806581,-0.27550215861064054,0.13364049071933473,0.13983954759841874,50.375728008838095
1481,0.16804011963757862,0.0662428888257029,-0.24106957621608582,0.13311091833763106,0.10858554887757627,49.83575369958875
1482,0.184211369582808,0.05762533021924301,-0.2056900249596741,0.12879538129683693,0.08352022319207708,48.84423615759629
1483,0.19126614023199218,0.05055140712497543,-0.2153268037518801,0.1211786219113753,0.10271713342191564,48.46959485282605
1484,0.178045715598149,0.0025642695262884526,-0.32184951917407334,0.07574394946943377,0.26214363591295436,46.709758722001474
1485,0.1820852252675792,0.0005224536869614354,-0.3017107483841627,0.07778546667794663,0.24239805841981318,45.377454945933394
1486,0.15700474046659588,-0.05222164019282244,-0.30847721741848355,0.03553515065605388,0.3193442486767812,44.747357507857295
1487,0.15794440921576852,-0.043962556549697614,-0.3056763111699008,0.0393999065765728,0.31017590216877533,45.02528419890124
1488,0.1719239909896988,0.02197172999076136,-0.2708948655429455,0.1007865155509295,0.1816219379441483,47.45165122815906
1489,0.17538965008296534,0.011852202892231241,-0.3069012863751288,0.09185746086961138,0.23002288965396425,46.04539664964294
1490,0.15740985611342104,-0.0008621621245069589,-0.2440369098541883,0.08845968775692484,0.18750995335887682,44.43430096551297
1491,0.16939672094801037,0.046256175736352406,-0.2785120323994815,0.12401833603791602,0.15117014606752863,45.1884509914655
1492,0.16031906758755649,0.0272541824613308,-0.2590536255658808,0.10688976425712872,0.1647129752390621,45.15951825922695
1493,0.1580772182227292,-0.04204962258412956,-0.3099770710064825,0.043166856631088386,0.30148572654813705,44.15403023807648
1494,0.16452270707443747,0.0021432244619579714,-0.37364764789968213,0.07144498755956663,0.31430561441345417,44.92793546222196
1495,0.14725903446947983,-0.005859031555063206,-0.37981932836909965,0.056002853729895524,0.3536774068021769,44.36941416220885
1496,0.13054015830853108,-0.0031216805607763285,-0.4074407129266621,0.04664006567001911,0.40203364451065593,42.972820474589234
1497,0.143571805783514,-0.022723711285956766,-0.38996001344538195,0.03569585519102908,0.3934068274647725,43.340224068871734
1498,0.1639207795970805,-0.00178703219495654,-0.4066497300049639,0.05495574981779016,0.3625632290789029,44.1055483316691
1499,0.14434708572794086,-0.117659698577173,-0.38681107549187144,-0.04565122324513179,0.48661897225847106,40.826842430336704
1500,0.13643488110936566,-0.1294152328316271,-0.3575658537986317,-0.04978280317594456,0.4749666708929732,40.15654028653269
1501,0.1454723898086911,-0.08108006943412181,-0.33831593756725764,-0.005902266195451691,0.3932799547060648,41.164194425691626
1502,0.1545217511841681,-0.1299830895513006,-0.32337426691856097,-0.041599241071822855,0.4259020166269296,40.8194093584739
1503,0.15217959435035006,-0.11189831089681104,-0.3109292003802436,-0.025956746647035966,0.39493885312319216,41.59660536043596
1504,0.14847302451279396,-0.12789810839489604,-0.3151729310316193,-0.04215029690188877,0.4239278338064589,40.703544889078934
1505,0.1302078371450256,-0.19691161708875404,-0.3582925794529081,-0.11966590653221859,0.5654048864435256,37.70759330968358
1506,0.13247789689947825,-0.2093070486663624,-0.36949163322533046,-0.131917898888952,0.5816782245058506,37.06745858788028
1507,0.13484252643594663,-0.15689414575003427,-0.3397380825290216,-0.07564932125579514,0.4838981370157937,38.66592163213916
1508,0.1505070283128177,-0.10786094952869914,-0.2815993797186684,-0.01917329896427743,0.3612224898019473,41.13585073628107
1509,0.150736483471969,-0.1160380500576916,-0.2805191902420714,-0.02894861200223934,0.3688709643717915,41.48578986280653
1510,0.15161523151409662,-0.1351716700350824,-0.29373359876916166,-0.04986820360839349,0.40764875301545794,41.005182906615005
1511,0.15704519230631458,-0.16044306492307753,-0.3127059374669027,-0.07592130624477088,0.4497224731565934,40.327420365724
1512,0.16816925006404035,-0.12992380704319167,-0.3735272117205565,-0.059913974413777805,0.48598933297114466,39.76634071845354
1513,0.12455938640139505,-0.1298626153329767,-0.3633377079398964,-0.06298680992776824,0.49613417976215823,38.70182418637512
1514,0.1405852523303255,-0.16835199161468375,-0.31655454260107135,-0.08614192630876781,0.4766297685519513,39.05003754516076
1515,0.15540660143409232,-0.04820952794919508,-0.23927194654873368,0.03059720489967656,0.24897105680202564,42.12410474123774
1516,0.16057107471665616,-0.04311372114768648,-0.25431753976268023,0.03183275126397749,0.25987908656209213,44.76743704713497
1517,0.15476753922822137,-0.05007026461877677,-0.25087839288379865,0.026627753652794225,0.2658582576058751,43.560100343687814
1518,0.15344047085799678,-0.10259201854908721,-0.30871712188334044,-0.023148707934489417,0.38794028337103775,42.076227131890334
1519,0.1595178145111,-0.0666801640884152,-0.2942758988787541,0.007771218028649133,0.32556913567173146,42.21885734606254
1520,0.15860837812556383,-0.07301228586084449,-0.3160799614508853,-0.0007005324763239867,0.35785187306979954,42.71174432238237
1521,0.15948901895769751,-0.05503197820543115,-0.3202681069389685,0.013654922048945738,0.3401263971164298,42.610301252074635
1522,0.15121598446187207,-0.12172642468800642,-0.3135950645036501,-0.04239133029611743,0.41143264957306097,41.59798412051517
1523,0.1524576454608497,-0.12391411270686144,-0.2950006700682192,-0.042937603251145234,0.40206911263123074,41.39101954534313
1524,0.15342062412937618,-0.11148719657290157,-0.31625708876298503,-0.03168152739077752,0.4056711723518022,42.04743262165381
1525,0.15714498816519898,-0.10287982518140759,-0.28312377778473047,-0.021018627383852215,0.3582947420165926,41.76492160666152
1526,0.1890931421173774,0.009538048276890929,-0.2587255678411335,0.07476867440688327,0.19132116857252363,45.275763834380776
1527,0.18743125496154409,0.029617424383474193,-0.272968182278757,0.08383797278949842,0.1853234014160065,45.34895453098864
1528,0.16799008620311678,-0.01655394412238926,-0.25924755942031363,0.052687976823979236,0.2253144794226459,44.631445737258
1529,0.16758738110953608,0.011124426903997564,-0.2513896146807861,0.07212531103307226,0.1880035120752464,45.12104526061537
1530,0.15050179707878733,-0.09439290295071341,-0.2046640191289367,-0.0059850875776061106,0.27545133954437095,41.79726047560467
1531,0.203662176285793,0.07323235308129682,-0.3416941213397089,0.14023721750971493,0.17537155816581687,50.13747318002246
1532,0.20073947542654394,0.08232257650653871,-0.3517247461064037,0.14358847832494914,0.17736808365057136,49.843453811330434
1533,0.1991002650332272,0.10591819265574033,-0.36101634672598165,0.1569845728793535,0.16438391063354035,50.60530956431369
1534,0.19790047455548226,0.07422545918637391,-0.35535376528314067,0.1329370958926914,0.19648066257549968,49.79422310555319
1535,0.18645711944551188,0.044398268996492504,-0.3101647975931218,0.11363413134446074,0.19381908084960728,46.69448005702363
1536,0.1879269053298013,0.05356102978583872,-0.3190576476180539,0.11738861079897586,0.19397890088558767,46.99858167957412
1537,0.1977177341607016,0.10840028976028478,-0.3725968150519334,0.15590262896513923,0.17673389200065331,51.02975803956587
1538,0.20113148903919678,0.10645807329339706,-0.3693301807046019,0.1565221055328089,0.17465089147821564,51.49134854985376
1539,0.20995737421488242,0.1177134425860175,-0.35657777878997093,0.1655807314111428,0.14653450987135128,51.37421173676961
1540,0.19936202515601223,0.12060534467410003,-0.3604553152600076,0.1667042109956753,0.1492329662211261,50.6200639882508
1541,0.2013335186258956,0.12209391244203587,-0.36335740786435367,0.16322549524334778,0.15551882999864114,51.11686050197472
1542,0.21221485263637327,0.0908805106532666,-0.3647583439067705,0.14548078292353134,0.17969474934919508,49.409507871114386
1543,0.20473656503872426,0.07316370848289284,-0.3693030797632392,0.13264236636115156,0.2073428683245671,49.590013095636984
1544,0.21127434953295615,0.09052175029767333,-0.36266126096064805,0.14597665088188322,0.178008026759836,51.03354417476147
1545,0.20199314338858765,0.08247644924035312,-0.34454437665655985,0.13635851869507568,0.18208608755467565,50.39384376409221
1546,0.21077239924510577,0.10335783469263199,-0.35417899188546703,0.15132499670754268,0.16676725814553284,51.46899049542186
1547,0.21520450272282038,0.11553227983317739,-0.3510497584241491,0.16200741995562956,0.14699521059844992,52.092651193922926
1548,0.22297152535767376,0.11172540186798467,-0.3432120474535525,0.16219603174713945,0.13824243379324266,51.98173835138991
1549,0.22008270978301447,0.1101875362338314,-0.3446684739295833,0.16028873679697964,0.1443201508399475,51.64062679134954
1550,0.21928425284643285,0.10824931855664861,-0.35054771928318657,0.16301055826383942,0.1480377386712288,52.53021660657899
1551,0.1931200365725351,0.049214255389807324,-0.3585489964570095,0.11383692573364819,0.2323169104610585,49.348480933763646
1552,0.2039015328633319,0.06521881652144643,-0.3457244891170491,0.12750504710928398,0.199542022920228,50.44776259877446
1553,0.21483982697137669,0.09266985220318794,-0.3577088348478662,0.15085736514745893,0.17106430734661698,52.93067252361778
1554,0.20898506674958633,0.10236355514108234,-0.3605039209237716,0.1575516977632697,0.16438790221804822,53.29450894382167
1555,0.19775215274545868,0.11981270178735366,-0.3928322105813458,0.1630673082883578,0.18998474211334707,53.16202646297788
1556,0.21057087576094072,0.11354670479082869,-0.36863537439974614,0.16527172665835554,0.16384074307406202,53.26131474617538
1557,0.19826429874022927,0.07269321107654575,-0.36720607834448254,0.1304670624503293,0.2138166644358316,51.67096304553798
1558,0.19231363172755425,0.05857524689495064,-0.3748337491275058,0.1200068083231192,0.23728286351861982,50.732972719945984
1559,0.17620190576654357,-0.00757195495149235,-0.36897252143170406,0.06809009474012861,0.31058541223341146,47.88016128812983
1560,0.18071488945922148,-0.014333045214423513,-0.3725095089173969,0.06100554117759907,0.32176082883665563,46.886139924896796
1561,0.16604354704313612,-0.08366859616803485,-0.3687849445633154,-0.0007807347321125158,0.4104500167210675,44.06225546745322
1562,0.17862920125301776,-0.03903125208212398,-0.3953440047792064,0.033940047842183844,0.3848179310349458,44.46910263844562
1563,0.18875333611217696,0.04873755942412049,-0.37730656256664286,0.10893758719514153,0.2585706478644453,48.10924530630951
1564,0.1781975308133328,0.00929783360041982,-0.3742965832992868,0.08091229256456056,0.2984638623178638,47.07338739065301
1565,0.18309440714759573,0.03263179427627531,-0.37526793291110894,0.0974830903596496,0.27536509915775875,47.040802992885176
1566,0.17329714473102026,-0.008644986703367856,-0.35887771762473497,0.06786776579275874,0.3082315995596725,45.217301605816125
1567,0.17241522344368423,-0.044114665428107616,-0.3649771559319775,0.03756075801511373,0.358316079675403,44.5229106796279
1568,0.18515364912327534,0.04051743536783265,-0.37095993587444237,0.10621242048386867,0.2556058970707207,47.253506532764476
1569,0.15977727014039433,-0.001931100446512631,-0.32603703133825884,0.07431603968053402,0.27764546663296624,45.005346349819014
1570,0.13467357379452016,-0.13290690242984948,-0.31127511079934456,-0.03518346638446801,0.43083995413573534,40.72410634925193
1571,0.16574247148486393,-0.029457350415627897,-0.3627970769218683,0.046365026736719696,0.3462948254800839,43.48337759119493
1572,0.17675358044498618,-0.002114471947960552,-0.31102943784165205,0.07280273170851596,0.2600017992566862,44.63033470708898
1573,0.16001857381920243,-0.04917095433901567,-0.3806503972697099,0.026831313400474937,0.3903859800644302,44.183176303122885
1574,0.18983587997606746,-0.00022501853412300958,-0.32159932491972776,0.07610807260491197,0.2636532499811976,43.86792755010004
1575,0.23456732312476877,0.08122118053503263,-0.29308235420809653,0.1359399369363882,0.15140875083850014,44.04839491635779
1576,0.17305168868505538,0.003730087899468366,-0.2746342309715752,0.0835458771226462,0.210560901905669,46.43291815002072
1577,0.16111040458024145,0.01730979471892881,-0.2850647056962856,0.0939071989564545,0.20713960573658521,46.275725895453384
1578,0.16431805119221143,-0.02362319920567995,-0.3207825115343775,0.05880900374337462,0.291194299971778,44.03597383615693
1579,0.1701360245776513,-0.0419738009064176,-0.33770997389018903,0.04047234142756766,0.33894034840807363,42.615178922432385
1580,0.17352230393980664,0.004039940941117094,-0.33210036793007763,0.07899745024281828,0.2675864809298733,45.0610528294969
1581,0.16819073819416752,0.020882312128458598,-0.26962608897777196,0.0975946323222269,0.18695378774221103,45.628358232036206
1582,0.16614890474684338,0.05331012134839412,-0.29052853147163554,0.1216564802424586,0.1669643261483431,48.272424971393015
1583,0.19489324418363851,0.0575315067014491,-0.18929956868053324,0.12768800279850542,0.06985782190564312,48.670195443200015
1584,0.2238379116428919,0.05318370689979993,-0.22252461815205493,0.11643065234861727,0.11641122081494319,49.42681706639267
1585,0.16167192526959465,-0.02625516403177463,-0.28167541127363216,0.05941944779887431,0.25707190333562896,46.120101401989515
1586,0.17368122431876082,-0.04177059770562719,-0.2892278489148186,0.04553795166255124,0.2862161970515284,45.5940256371586
1587,0.16925772300692166,-0.047270298552186306,-0.2806263717491461,0.0406602738098044,0.2867387168992288,45.70296631925416
1588,0.17375826675916617,-0.009591118037764471,-0.2569777811437652,0.07009704639050737,0.22179370589702857,46.59918252826996
1589,0.18918964833168891,0.008531340849705,-0.3003464796851685,0.07587963064440724,0.2433002820103803,47.04621310718691
1590,0.18339844960959586,0.03925750659777186,-0.3118530158860345,0.10524371291030693,0.20728513807315102,47.10303323026405
1591,0.1925932274487305,0.04826589782541501,-0.29684982368091456,0.11040721652870385,0.18386425683736665,47.41820386073637
1592,0.16768531196748654,0.02341517544781737,-0.2812780013206474,0.10088438480946217,0.19627979307544974,46.95838708955447
1593,0.1681098728000411,0.04710364344524097,-0.34181359987495463,0.11362463965200939,0.22789535345471507,47.551989936176156
1594,0.16570257857237705,0.03218784106791743,-0.34477792508760935,0.10036128028341987,0.24846839583017402,46.37526446867275
1595,0.1529673454218157,0.033159035670914494,-0.3576013573693874,0.09319844318117303,0.2754947712437779,45.02071312716498
1596,0.1456782450022138,0.04916284688335856,-0.4020658127922575,0.096893753819162,0.3117081009826873,44.04087401281649
1597,0.14271058838424802,0.03980919951226796,-0.40267341494080455,0.08858453672911386,0.3238923051983686,44.100152428130315
1598,0.12270493562349587,-0.0075807223128497945,-0.39988597724394453,0.04253711618880054,0.3996545908525795,41.660576787962135
1599,0.14937453325113917,-0.014603438382197251,-0.37808881855838766,0.04620093982393143,0.36416348805298665,43.40048964472657
1600,0.1592936596195655,-0.054409340974661685,-0.32156827188190984,0.025161873409006025,0.33327655549542834,43.0022655932665
1601,0.15775684291355901,-0.08288562328018911,-0.3064017428221667,0.005359945938797532,0.3513389476720464,41.95400639156331
1602,0.1515313303209354,-0.14272407109170657,-0.335544952535824,-0.057442233713642966,0.45730038004899964,40.34453041647296
1603,0.15912878326791305,-0.025300522815443365,-0.238980974047232,0.056179943776258616,0.21373940878077127,42.0703440619965
1604,0.1513540173470048,-0.08626666940308061,-0.2694674767512953,0.003037662715960821,0.31853573119728384,41.91588162147268
1605,0.15112753485789135,-0.13291673997006676,-0.3164782989315769,-0.04494626904320779,0.4245008656177568,40.94698902369007
1606,0.14738688895381363,-0.15653677172547653,-0.3193258806241541,-0.06696139719362253,0.4580972128313938,40.347550908817766
1607,0.13661698294889477,-0.2131355027338221,-0.35083837570455323,-0.13054451067126424,0.5747996021353968,37.44684727860089
1608,0.13326696725003667,-0.23209294924666762,-0.24230925263332612,-0.12638252951874687,0.4984807865373434,37.619645852330386
1609,0.13587467584838991,-0.2208693865676503,-0.357819231535435,-0.13953987769227882,0.5828744419948433,37.58661865979833
1610,0.15458959675023407,-0.0811846532732416,-0.27676258206470283,0.0007763809612647402,0.32475244528499647,41.737880043750465
1611,0.15165246531044443,-0.07832793605377199,-0.25680366053934756,0.006022309908083435,0.30448375725533533,42.306162304233546
1612,0.14774589725626416,-0.13569461678288536,-0.2881963918431162,-0.04723001133169397,0.4023310664656006,40.90264668135757
1613,0.15612608745421572,-0.15529186518657007,-0.29571765879543793,-0.06618854758352999,0.4345927821382281,40.604318066805064
1614,0.16505305872940712,-0.09984061486934206,-0.3144641939210418,-0.023455150982960027,0.3870065262847112,41.64399091309573
1615,0.15122860395829188,-0.10944498770206308,-0.3214952549726555,-0.032756612365057024,0.4086464148890207,41.05979955091396
1616,0.14650375968339094,-0.1246145537894428,-0.29606946524501876,-0.04167048029914958,0.4010155588797132,40.807358986150234
1617,0.1565089290893347,-0.08264558701394602,-0.2645156507885652,-0.0017584610059446135,0.3142339491844156,41.541840193231096
1618,0.16029218613841492,-0.04501673537400023,-0.25328220748341435,0.029478470860743084,0.2595176755684653,44.60258033084604
1619,0.15621879993302262,-0.05580346331135557,-0.25905612406226525,0.020546481074310816,0.28073114552298023,43.986670963607466
1620,0.15781587827482177,-0.08942852630227398,-0.272363285512952,-0.00914104750360004,0.3322206561681705,42.73996970306556
1621,0.16780681779399673,-0.033296152820295064,-0.28861237878025037,0.03616350776435991,0.27973539958180166,42.017846675738625
1622,0.17591482921189514,-0.04322127067613903,-0.3416083000018254,0.022960335392799073,0.3434788496853698,42.434193092765994
1623,0.1722601640741499,-0.07738155084780987,-0.3544474410949919,-0.010930649906464474,0.40334508902139876,41.59834280436063
1624,0.15092442186799196,-0.06829616138207012,-0.29796823542254974,-0.0002571593687172034,0.3415510862983374,42.86258175181522
1625,0.14407453490257313,-0.0830312583922763,-0.2844482945928337,-0.005043239692043335,0.34141856480633376,43.2772062985295
1626,0.1563380605678974,-0.09476764442163191,-0.2848725612240097,-0.014832160484635487,0.35198234758455255,41.62021930727044
1627,0.16591857136987978,-0.10123455157164479,-0.30862624091140234,-0.021804962141672317,0.38086780326784603,41.715898906178964
1628,0.17051395101702904,-0.03153573191241711,-0.26745555898905726,0.037883213342828966,0.2560144777122328,43.890468707698254
1629,0.17169726103386593,-0.0009659144385091822,-0.24584802336357175,0.06341097546563597,0.19717024390924695,43.8358839068253
1630,0.17777943359289383,-0.014956919844277019,-0.2601861314961885,0.05205155006506437,0.22545025164910928,44.73096685772291
1631,0.1724929570243205,-0.07839093290766068,-0.25073034222329066,-0.004638970340567741,0.28383413056152973,42.74085839051025
1632,0.2022088885147418,0.07985703239140067,-0.3349764038189138,0.1434481475538822,0.1665969301066108,50.28417593013168
1633,0.1930515403445019,0.08308587441022508,-0.3477391977446753,0.14535056242121785,0.17146091432795982,50.35063987091416
1634,0.19819014073400484,0.07648586348238459,-0.36183583024638927,0.1392972189002072,0.1923545211905789,49.79867465576554
1635,0.20121399112672966,0.07629404035532716,-0.3503173471700223,0.13905413323506058,0.185134370320097,49.33859473673004
1636,0.18243138916769533,0.01934726115236389,-0.3507541890543744,0.08808514797309881,0.27151591308802414,46.55164500989639
1637,0.1809789579889326,0.016609214731465538,-0.3482480994367259,0.08936673346232075,0.26395327906775756,46.69745755006446
1638,0.20501815220811465,0.09353251618491486,-0.3530601216102504,0.15089136599150874,0.167501253353352,50.831745709477275
1639,0.2025710366832549,0.06129290923474004,-0.3635488002771007,0.12576533158334213,0.21140161785316225,49.72298636996402
1640,0.19905866678468634,0.07662494177823816,-0.35643830176706753,0.13569470001762146,0.19335667469306916,50.03978087508065
1641,0.19598757449264664,0.08710691853216421,-0.36018834154498436,0.1420609847057446,0.18632183698981947,49.464386187270996
1642,0.187526209841782,0.0715661162289907,-0.37919911572647197,0.12770890759628478,0.22858346491321602,48.79713967881693
1643,0.20078234971776912,0.08185467011974319,-0.36386114205090525,0.1385134236383849,0.19602870127519692,49.21516252968317
1644,0.20829065293702195,0.1001110731280847,-0.36311260926986305,0.1515050508499535,0.1725803120866348,50.630773094294824
1645,0.20835712298049477,0.07900970897303924,-0.3588634560514942,0.13337910591641525,0.1982672424058701,50.76945621731533
1646,0.21682794494393587,0.10230042954211345,-0.34880178265201534,0.15301213325724167,0.16054713307989973,51.722637221941255
1647,0.21680349794726667,0.10429856923108324,-0.3440801774718501,0.1553858374080763,0.1511675370870088,51.31629580555839
1648,0.21923719326392582,0.10881705154124087,-0.3422949627841525,0.15849696148058579,0.1438881664698197,51.071346447407386
1649,0.22333761864886587,0.10793974505286145,-0.35240907191322857,0.15921078585039858,0.15126042163644107,51.11798100367113
1650,0.218135496901023,0.09877992620503241,-0.34895332330348794,0.1530626310029099,0.1597267826039319,51.498550967715964
1651,0.21440881261323283,0.09008478247207811,-0.3650613720217662,0.1476782397804467,0.18372230231052386,50.663834580181764
1652,0.1925440384054569,0.04045717298632672,-0.364752847770715,0.10277297195137218,0.25536525102229746,48.74347033731055
1653,0.18697781448586775,0.0303983773157132,-0.3635522106376563,0.0950160236806077,0.2660482680307649,49.00506058772651
1654,0.2076142613296888,0.09167010652245705,-0.35966417968161646,0.15012704188386083,0.17971541882178657,52.90111873252738
1655,0.21026785693178496,0.09940301756868679,-0.37333454037489316,0.15706096865678681,0.17730280007139004,53.242436256013754
1656,0.2076628299802587,0.08563278003554495,-0.3665236537075593,0.1432764110350364,0.19462523489324723,52.821428524155785
1657,0.20474258534802817,0.0676959316375578,-0.36870891091006097,0.12804551150024648,0.21743291434866494,51.87098046294918
1658,0.18523645814188777,0.0295587181705645,-0.34590282624687146,0.09679620405448645,0.247717996748859,48.986686100308866
1659,0.18798790967499499,0.043668958294763215,-0.37702046596111266,0.10758096679918136,0.2575677195572829,49.5578131766839
1660,0.17198581869219476,-0.059286128516133796,-0.371135083328919,0.02217295396164417,0.37946763363016894,45.015193788522
1661,0.17693279590968342,-0.022918441530388647,-0.37068833858884737,0.052587327797782066,0.3362439632645214,45.867500395103974
1662,0.17895082880002997,-0.022080008611056242,-0.3704183591094136,0.05285960818184713,0.3366856642352402,45.547949331121416
1663,0.1856240191539714,0.013178075408084331,-0.3681445380608416,0.08121595461778786,0.28968776253613227,47.42532340601853
1664,0.19450373095296836,0.06493366449397162,-0.3711557042628957,0.1254378491014214,0.2287351924065388,49.71236216322538
1665,0.17703704864359335,0.015069142782312495,-0.375913462907461,0.08313010288232481,0.29919408425681726,46.74738285710326
1666,0.17642842604653586,0.026990022281953265,-0.3030308962032073,0.10055392913284247,0.21213659096769574,45.24296806645226
1667,0.1743084638807464,0.030950065297824715,-0.29111475145818005,0.10332730468269646,0.19832798460569603,45.110742876902385
1668,0.17979103090087448,0.020746589616636047,-0.3564168718044277,0.0881386706585731,0.27327797751918453,46.12947964614184
1669,0.1921292629033182,0.020110795286085278,-0.3820344469415596,0.08769821136751825,0.29437880188975724,46.743446540206776
1670,0.1846174499279688,0.012694454924636285,-0.37901612328595025,0.07887699780277183,0.31049964254468454,46.30252600852113
1671,0.14305592628430375,-0.08816146829904738,-0.3126847142086481,0.004862929753740875,0.3761296092181778,42.51428113913424
1672,0.1447397957022364,-0.062342976982987915,-0.3333793625882306,0.023457489604190668,0.3624009966875431,42.623418268293115
1673,0.152609328463608,-0.041292907520724544,-0.3593846426787862,0.036174926087556084,0.3617486548423959,43.42409314751684
1674,0.15636147958263585,-0.030563968796908467,-0.3680331923515416,0.04078997530238361,0.35836745493737837,44.73702810256779
1675,0.15714584348335686,-0.04506022246613706,-0.3236461232076522,0.040164804263947786,0.31890604441092374,44.82498730415075
1676,0.16466426693425593,0.006922354842282021,-0.28025886858611093,0.08830292276758664,0.21337198913145594,45.27712021084812
1677,0.17329186648451445,0.013858673647392033,-0.2662054250375533,0.09544869017660158,0.18617976146822485,45.44916041833887
1678,0.15530565612096897,-0.043920394237120866,-0.2960379592454904,0.04644500216121104,0.2906593420621461,44.492684925488
1679,0.15540973729928179,-0.07366004294021851,-0.30108923487398315,0.01861732392376114,0.3338772831170271,42.93535527560701
1680,0.15078479383104626,-0.07450679893462148,-0.29780719169805214,0.017905121456179448,0.3339625625272921,43.52192391599146
1681,0.16311800861337425,-0.06539028302128984,-0.3281150369498051,0.01774622256688319,0.3556448092787924,42.3234186057332
1682,0.15949920859250852,-0.03037912456250314,-0.2959389212930318,0.05298601157653702,0.28281435991299375,43.456741610738014
1683,0.17719441706489134,0.038425821146396484,-0.29425333195737857,0.10591397428766233,0.19163770597294588,46.25799343521907
1684,0.17684678730883807,0.055059496394065786,-0.21158882648679256,0.12461910267266763,0.09443404814517456,47.907997390332426
1685,0.170889414842199,0.039772894144356453,-0.22299084916640102,0.113900288929196,0.12230687025019311,48.07794132030871
1686,0.18810913565919773,0.05553811564702915,-0.2549872534728836,0.12523759068939208,0.12276927700283165,47.659766518296124
1687,0.18582398523198454,0.04317263927246067,-0.29366809409326866,0.10810595235918208,0.18685067253581508,47.21764023007025
1688,0.17963406938938326,0.061026299451779106,-0.2460201735081299,0.12637343868795248,0.11793186762822365,47.74621832035949
1689,0.18614472531116877,0.06494900799832223,-0.2748197384584015,0.12926363050868644,0.13689071560659402,47.60932044182098
1690,0.17690964785357263,0.055172735312662625,-0.2951973140213177,0.11745563949758706,0.17288618945621792,48.15370129579999
1691,0.17856266733539483,0.06188000028245215,-0.2819887151922496,0.1282493938870368,0.14712503573980767,48.62578610881591
1692,0.18089904041117075,0.055624246661633264,-0.245440447595113,0.1268116186405927,0.11716514686456347,48.57404505846268
1693,0.18486814171085392,0.03637684632506353,-0.2976570248558324,0.10691418865996445,0.19333861351945694,48.02826021659265
1694,0.1684306720147051,0.05430194732143709,-0.3674745477765281,0.11443715817444015,0.2470653821903967,47.63081712125236
1695,0.17110094333568407,0.05219254585203217,-0.39726963559200584,0.10887960784825881,0.2787651106854654,46.379152381400665
1696,0.15022763128110234,0.01871863175797013,-0.3530280462562054,0.08253392504796654,0.28250857066929425,45.568956976568735
1697,0.1703130513610667,-0.013931455864906564,-0.35107630632018816,0.05723974807933431,0.310951267108829,44.100780727631935
1698,0.16094138938054786,0.014034008433339221,-0.37710741866900194,0.07231303633485638,0.3196060832176435,43.72410539869244
1699,0.14139900474628384,0.005809871101053437,-0.39493841312384853,0.060075152573945745,0.3576037042815042,43.16229384614735
1700,0.1467595992857303,-0.09731285511076893,-0.3243694958626816,-0.010726119040714402,0.3947433384669142,41.18902052508998
1701,0.14711670466339558,-0.07317992155278046,-0.30903230014466065,0.010568209275962281,0.35214889689710743,41.82935435097217
1702,0.1490099392076493,-0.09949701110371605,-0.28559744697041395,-0.007503840614979004,0.354220715793202,41.551562810082714
1703,0.15158465697073256,-0.12492922537434942,-0.32464163499358034,-0.03968090424961856,0.42711906374366254,40.80923330863428
1704,0.14136786812546065,-0.11519560614295565,-0.2781364564186567,-0.02319941429007436,0.36727569023929,42.43930309215869
1705,0.1516201773801169,-0.14314217514235958,-0.30668880469819987,-0.05119310031372892,0.42601829656330825,41.350041557431034
1706,0.1540896614847369,-0.1276405181275011,-0.319898765360802,-0.040632657363348194,0.4196862996273972,40.93315406866009
1707,0.1545598133343744,-0.1211697039882583,-0.31490881246910124,-0.034792966837107135,0.4072662183908894,41.25730461832081
1708,0.1455316042646247,-0.13221246698058858,-0.31500525161667237,-0.0494573852392908,0.43179398495131394,40.45021378355574
1709,0.14812407199235095,-0.10897948865189586,-0.29010631153343014,-0.026648241464393343,0.3749185985561744,40.460263821794136
1710,0.15155773742289272,-0.10177829516620363,-0.28173910272475844,-0.021173402075429892,0.3578256832013526,40.70732148503674
1711,0.15377569299672214,-0.0659133504093697,-0.2596672776357269,0.013107721900698362,0.29356716059990734,42.129620533473485
1712,0.15065152421195616,-0.04974094226949025,-0.25084436276465494,0.02620131337094919,0.26555342180023217,43.089548941542375
1713,0.1583435240280455,-0.06804774954472227,-0.26493099993233293,0.011919764604181505,0.29790460734483415,41.71883305922539
1714,0.15519777141456825,-0.11126889758348789,-0.28263997542898717,-0.025573130213518435,0.3676601079924784,40.56506159664948
1715,0.15495051078095337,-0.09007807351848984,-0.2740344306478553,-0.007234792743169063,0.33118296620630144,41.40430059603024
1716,0.15876707053222522,-0.08062616731301478,-0.30122189080565165,-0.004475474858110245,0.3473509835636961,42.3189376100866
1717,0.14973762065238766,-0.0951393159021655,-0.26620922777611283,-0.011805433515694665,0.33303141383382145,41.32936570005465
1718,0.1596051719772884,-0.09054897975744564,-0.29421176391211107,-0.013851343123356933,0.35834297472697724,41.91514755029534
1719,0.15220407687979834,-0.10051244235698847,-0.29884795567730926,-0.022027350058981928,0.37361436912603824,42.907683418546206
1720,0.15511656090846931,-0.08897113927458651,-0.2709536393305237,-0.008870999664656258,0.3319828550463669,43.37623799931904
1721,0.15357205167931826,-0.06644702457513102,-0.24275949171135885,0.014719265225607635,0.27414084056631016,43.341995301109925
1722,0.1575776638202641,-0.04100151407907159,-0.2374169590553031,0.03419798995274897,0.23661537308695244,42.374087825980425
1723,0.15409744927539656,-0.08303420839755331,-0.26519321224980696,-0.0007492623659942606,0.3163364414600339,41.49206036019459
1724,0.1530635209664742,-0.07596321484508438,-0.27128102486720324,0.0029781514010841378,0.31136904644374325,42.70372594976635
1725,0.15226607474006873,-0.05101059442883356,-0.28320453636122656,0.019525998346060253,0.2979297190835378,43.892038541161526
1726,0.14502426617409594,-0.08886716316053159,-0.261722948146057,-0.007108830509933666,0.3272831256599836,42.43408041005477
1727,0.15221425851068762,-0.06494611439403732,-0.25836450783927434,0.0117819870297744,0.2948293724240294,42.6969135148704
1728,0.1631529888006948,-0.0701504725248432,-0.303908811208416,0.0020990856307570617,0.34426013492082336,42.46771522530238
1729,0.1606655375155057,-0.08494037220179698,-0.3137701104873977,-0.01170393526178502,0.37211603036154983,42.64728394017981
1730,0.16010333028933096,-0.07702157950796984,-0.302024827050943,-0.002657877033440614,0.352664456313713,43.23035546263216
1731,0.1718962820426162,-0.046135374608031916,-0.25786556604852795,0.02655548071132758,0.26209999988844024,43.37119097872862
1732,0.1535547803335713,-0.14647415879817852,-0.23835309526655032,-0.05553192745718261,0.3691297477306353,40.940712895810954
1733,0.2079331334922693,0.094851757256773,-0.3639962575489862,0.15416281529825165,0.1700971360737366,50.566952158223465
1734,0.19951818163724722,0.09580971082129384,-0.35811960259771203,0.15362841617155826,0.1669768819830742,50.587167002213754
1735,0.21019155543293946,0.09505212296830454,-0.3538470252736203,0.15519299802597405,0.15879316731032647,50.36262021023295
1736,0.19707467971012216,0.05691941425838823,-0.34675031188180105,0.12089940134415954,0.2102120914207704,48.68080399191709
1737,0.16543171294575632,-0.0232455311737648,-0.3755556207263511,0.04704867917895628,0.3598094847940931,45.142952255387236
1738,0.1588156652296157,-0.026024773055830806,-0.37484725314231016,0.04790535480221537,0.35684618091674813,45.24720941301998
1739,0.19286546719118142,0.056845122222403885,-0.36190257742737475,0.12057718173895553,0.22201877913632018,49.369259927245636
1740,0.21259072199923998,0.09565758428123375,-0.3594922234018136,0.15339834887095807,0.16387555505002968,50.8493226077517
1741,0.20314611094706847,0.10805770243750425,-0.35061223788962237,0.1570850696267322,0.1534075765234572,50.85954474774486
1742,0.20889269864205087,0.1034900223862249,-0.3602057076745435,0.15458929327669074,0.16384944096682874,50.130412863182364
1743,0.198240228429447,0.07579747838942846,-0.3567202948639859,0.1342197808025374,0.19365529799505288,49.04489889028876
1744,0.20886930791846917,0.07531473188157034,-0.353452064406206,0.136965515650726,0.18688501037412308,49.00947952647842
1745,0.19701985550898168,0.038078743949582064,-0.3638899789346171,0.10085420312512157,0.25187683990523,48.695788032600845
1746,0.1842112000221896,-0.022302264648590645,-0.3665973095362277,0.04868915772163992,0.33432555267120484,47.05840628426247
1747,0.1987851005669269,0.07723934883441622,-0.3502002386509025,0.13141152590347194,0.1969495656794263,49.168830208309
1748,0.21373432933425637,0.10345245242500542,-0.3540156018154124,0.1549150262500528,0.15952962106225912,50.66216263367112
1749,0.21777762922933136,0.10926949067629961,-0.3549721614412632,0.15683838401494934,0.15799553530838925,51.47859608594392
1750,0.18758210029269953,0.06823235323748113,-0.3891750702502888,0.11953492795272179,0.25410117343554056,49.03976535198004
1751,0.1812617472756772,0.05118846586372469,-0.39498606741068054,0.10638456170680084,0.28016173811821143,48.1681230266759
1752,0.20427152931061268,0.06634943130382716,-0.3526761175827121,0.12963068147388387,0.20156742381446277,50.717891241359276
1753,0.1990939576800173,0.07119340545457616,-0.3725698738077554,0.13129454008514427,0.2173691415328346,50.40179870459003
1754,0.1845878339108003,0.014532162907903625,-0.36909388968545687,0.08555000792826638,0.28422643303797995,47.81515046819952
1755,0.1889453680007406,0.003235172572597181,-0.36608919590066286,0.07581810216547764,0.2957466800221997,48.171188752243204
1756,0.21130274972459637,0.06282347998942442,-0.36974271609908904,0.12794219536045404,0.2159067039499543,49.881521530808875
1757,0.20356469240488634,0.04789826695448671,-0.3744106931773616,0.11632300011157781,0.23607877838491823,49.51587086498614
1758,0.19507957079874536,0.04101841582014744,-0.36221538380152196,0.1085238181890441,0.24345236584374594,49.72839674842046
1759,0.1885336976690813,0.03996436139445546,-0.3634763899616501,0.10479425168932531,0.25204083009994876,49.20532484551782
1760,0.1877582471347486,0.0348464798784423,-0.36945210345581675,0.09887265666395002,0.264165845169163,48.57149048079022
1761,0.17602827838474513,-0.04043257100656215,-0.37663870678360345,0.03484449476441348,0.3711220793938811,45.29473887547962
1762,0.17354247022656843,-0.05496984983909119,-0.375408104005779,0.023656000893384405,0.3827753678500295,44.68917069514879
1763,0.1816991277842511,0.011440732285831482,-0.33669912549879116,0.08445412652607173,0.26309740961062417,45.84390972183459
1764,0.19712731380269197,0.026980303894371623,-0.36523589021762154,0.09513292911059086,0.26782905660734035,47.468155535074544
1765,0.19730977634272556,0.041494338921552916,-0.37250721121212366,0.10547105381422303,0.2582278831820478,47.68953731423096
1766,0.18702845755891534,0.0035508377007855535,-0.38392690568188426,0.07336162950857418,0.3200020101043036,46.5532627908759
1767,0.16879417535054023,-0.004034222287736504,-0.33725667431760115,0.07312732616562442,0.28546841144451973,45.270674330163416
1768,0.17446659330213915,0.022137567259877353,-0.29642755021908657,0.09723726264812789,0.210258567138781,44.60721980783573
1769,0.20251539083912012,0.0440954183204818,-0.36027004482029584,0.11170389844297718,0.23541207577622142,47.85145144139504
1770,0.19674941942385663,0.021821348595008935,-0.3757597961264024,0.09102898547206154,0.2845708778983814,46.38704442484608
1771,0.18189890786315982,0.00953571397441973,-0.34116462174213247,0.08710116094185533,0.25862536232133804,46.68972519613129
1772,0.18031543490407878,0.00865571988016359,-0.3373978075189964,0.08731375333760352,0.25581484444324415,46.77377601537835
1773,0.13592743300094223,-0.13344309312801636,-0.30019549904807696,-0.03504059619947502,0.4206539097917918,40.512301324835136
1774,0.16479150841227486,-0.10490890465593918,-0.37872798005232755,-0.023781578428955036,0.4565305249115929,41.03844984305383
1775,0.14624374884499294,-0.181284363390127,-0.3858898032903294,-0.09719636594564801,0.5659763201296264,39.20082578162918
1776,0.15868898782264834,-0.05141280434661009,-0.32978348205282976,0.03370738839646859,0.33622073137020086,44.540870597062444
1777,0.16771667788609737,-0.007556177770940045,-0.2968686540591975,0.0761792398762444,0.2449764362731142,45.40316052360489
1778,0.1672548686820215,-0.019496599612692154,-0.2791167667712486,0.06345030797088894,0.24859673212698283,44.85588031846214
1779,0.15638701033083957,-0.0632421001289432,-0.31659524187126825,0.026933407812627316,0.33780115975254,43.60890224189339
1780,0.15287178234674018,-0.060418040596396515,-0.29150531739178864,0.03033201781572614,0.31305356648272975,43.43031614667187
1781,0.15038276221777788,-0.07045080698560728,-0.3079493051206015,0.017530162459006602,0.34284698597387925,43.61076233441131
1782,0.16868852101716708,-0.07172280138434933,-0.3037639139662982,0.018154521259307676,0.33325785470588654,42.06895073613927
1783,0.16247496836033615,-0.08633927380684771,-0.3387071614319407,0.0003538183352615648,0.38837483290540975,42.64894148230266
1784,0.17542448282905299,0.007360558291844432,-0.3243670716439287,0.08009475090151119,0.25692013239601214,44.446515252119596
1785,0.1872928331091211,0.0636192356711021,-0.28477661963826134,0.12634429836564182,0.14868351861642087,46.80076937871541
1786,0.19423864904452215,0.06273958468299583,-0.26983888909828324,0.1287060491091601,0.12882394922582294,46.90357178063538
1787,0.18754041214400208,0.05889434035330677,-0.26073749978828814,0.12500496641475317,0.12835114608788437,47.91241648963838
1788,0.18093821566621315,0.06765283408631277,-0.3040782423832403,0.12881145649766054,0.1628704596918449,48.61511543919976
1789,0.17653437732170812,0.05995792526802672,-0.2831207810222654,0.12575320654286282,0.14926675945764897,48.42475154842611
1790,0.1912734734285963,0.06670806524568455,-0.29142422831466164,0.13231569285656303,0.14354156532611412,47.94350348323795
1791,0.20326184328483787,0.06548262496617696,-0.2562255037654934,0.13052028415274122,0.11620679196227808,47.22964558123586
1792,0.22026794410164394,0.061901755056848376,-0.20385747773793061,0.12680695202249115,0.07351756357441483,46.215206920717215
1793,0.24922891732508518,0.04902968247508394,-0.18070174739790087,0.12259558551316614,0.059582888199198956,46.73920498677733
1794,0.22800950755644858,0.024282514689371325,-0.20949230703728502,0.10355713378826731,0.12196308581992515,47.6498864265709
1795,0.15581125665645135,-0.07307960954054013,-0.29589143415659197,0.019956610037242604,0.32888585401483433,43.545268865263935
1796,0.17612444415120246,0.017133029485907805,-0.35557972608105304,0.08786116756360009,0.27127692397633224,44.342929200301704
1797,0.1526567610737833,-0.044526187633373494,-0.33508707398368814,0.03582458291008273,0.33369378200633804,43.904268981980714
1798,0.15859008271421735,-0.06879696428600267,-0.3638900062108978,0.010772088891794722,0.3905063061654698,42.74250585575474
1799,0.16965265850552305,-0.020650094440211215,-0.3578723313466881,0.049563023926533126,0.3315080677377137,42.506598489135804
1800,0.14564618395014584,0.015215995158295411,-0.3837466314051521,0.0686101202182389,0.33578777709578944,42.83701331776738
1801,0.13994089010422703,-0.044276249661268405,-0.3369794984604201,0.02769876180825839,0.35602615514189145,41.08506101820949
1802,0.15217525363515966,-0.0827588405611796,-0.286474239869752,0.004962193565398267,0.339318135377646,41.56951495954061
1803,0.15143051092028756,-0.09081276058551134,-0.27684095583200774,0.002194186172476831,0.3340448583383239,41.36663533670634
1804,0.1467951896256591,-0.11315210209794714,-0.28612461055910393,-0.02266521670818002,0.375484479944849,41.93658518589881
1805,0.14291226487012904,-0.13407896191164162,-0.30615901983768606,-0.044517762306831014,0.4220264957514213,42.227384983238366
1806,0.15242221451268545,-0.1274147272607545,-0.29984122306313044,-0.03679797523660233,0.40159010565318604,41.91245914898847
1807,0.1434389575911772,-0.1392053472554517,-0.28657448714886496,-0.04628188055107797,0.4041255798408166,42.15415603360633
1808,0.15979945251676447,-0.10775653061318864,-0.2909883796282613,-0.020739595154092093,0.36653053012051057,41.89197150709756
1809,0.15386298804844542,-0.06685378404321458,-0.25069837488561464,0.01792014450193127,0.2807104491418012,42.44933238814844
1810,0.16103619516849385,-0.0384618794667011,-0.2536461957161721,0.03830494838318862,0.2503580475719945,42.330022081195345
1811,0.1545945902271442,-0.06960472442467866,-0.26144913277819126,0.012619435870100625,0.2962903742011057,41.97217623241557
1812,0.15858361041029895,-0.0633807040990064,-0.31675409358408335,0.009540770791500616,0.34193289300374924,43.12866653248113
1813,0.14889276713612898,-0.1213991938073014,-0.2897193079242058,-0.03873448388582229,0.39532264890894947,42.04431780922845
1814,0.15640270984761703,-0.08359553374537569,-0.2696689742453765,-0.006489028715338852,0.3275521328162251,42.3147046861214
1815,0.16165093025201102,-0.0487193190429622,-0.24881111946611195,0.02682499489332546,0.25842178718701053,42.36864180033065
1816,0.16089918147711005,-0.05010639788252455,-0.2413170382762574,0.02617344112007003,0.2529081520187039,41.94084358725398
1817,0.15377443282970035,-0.09970267797756927,-0.28884277766057215,-0.019344961829185492,0.35705880892027764,42.40356397589538
1818,0.15164530065359524,-0.11155403664510882,-0.29457891965976396,-0.02899333229636656,0.38019018174092745,42.07629996115803
1819,0.14174049029430905,-0.10048088914714431,-0.2512269678491256,-0.014151041531235298,0.3269599035007062,42.98701100994226
1820,0.1495571306337661,-0.09279446898923886,-0.24816254275385627,-0.007885912029441607,0.31384569033542264,42.60617669136041
1821,0.1494526268056426,-0.048012457563473276,-0.23884610713595064,0.028432690266375786,0.25098064567681655,45.15881771875543
1822,0.14927307429123202,-0.05552442545706864,-0.23959792338717012,0.02390855476812899,0.2576445643833238,44.279455307663845
1823,0.15037608733853278,-0.10179570550310588,-0.29490051490918207,-0.022103907360212918,0.36837743858617855,43.06960345670003
1824,0.15577254416529884,-0.11753447629045177,-0.32565172303564016,-0.039090067880357494,0.4172779529650387,42.3870317370145
1825,0.1535150933348112,-0.07125018873033767,-0.2645884253830573,0.007262544784598008,0.30001055012309336,42.476638696198805
1826,0.1494256689183924,-0.1110949192220613,-0.26660655806774525,-0.026047421370136697,0.35845866350075756,41.34332636677579
1827,0.15406855783312173,-0.07377758782498392,-0.26121012278277816,0.0045672915805083205,0.30570651015394923,42.14271335487213
1828,0.16233611352993607,-0.08459920561572457,-0.29729100963626154,-0.009595261314916646,0.3556880790583044,42.241346070655915
1829,0.17109524148466024,-0.06885724425667827,-0.3023897782724126,0.0004392375742147452,0.3446609543039812,42.856648116454835
1830,0.17177499525133724,-0.03423208243629613,-0.2843894307235571,0.032331461001754304,0.27825667929865494,44.09344268742046
1831,0.16703702047732488,-0.03047565627190351,-0.26279623385739637,0.03733858427955459,0.25013164057246157,44.24260353506612
1832,0.16044802516211062,-0.09990127310786198,-0.26129866723322065,-0.016659931770223815,0.3381839519083154,42.57502252997562
1833,0.21450326181168847,0.08262838559339433,-0.3436720556206104,0.15198763312624727,0.1587455311263565,51.13502219086474
1834,0.20118512018188925,0.10205746408494756,-0.35279616866108926,0.16001886233428309,0.15868174265165347,50.65210518367212
1835,0.20853769989525864,0.07991401254696252,-0.33939049237256175,0.14542936711715262,0.16509222675460702,50.37216384126582
1836,0.2101486145205714,0.09682489199215817,-0.3299226657039712,0.15571610042858838,0.13935669131102432,51.00056552028345
1837,0.18199369852209635,0.008752114369618506,-0.3437141487309159,0.07885478925689046,0.2712545158522934,47.56326439534437
1838,0.18464085454853385,0.011122270332753124,-0.34052251881109785,0.08002344991444577,0.26921423726928406,47.41237530801775
1839,0.20277128363551858,0.06465676760846586,-0.3451703938126463,0.12637686978632018,0.19954413415813863,48.941630646534755
1840,0.1826892637005335,0.025305049814692407,-0.3617380718969341,0.09228491759867707,0.26670898669557447,48.064275324797286
1841,0.2067612880302815,0.10962373188303152,-0.3521427823108111,0.15708838109455053,0.15212206779565804,51.680739217525336
1842,0.2093997589138131,0.11680285008588293,-0.34614190213793666,0.161143167746496,0.14224080731255564,51.49681818132646
1843,0.20852593194004887,0.1108289911518034,-0.34975874988762184,0.15856315389863515,0.1468285328192989,50.96284990499743
1844,0.2055214157523227,0.09432796722170356,-0.3485941020507946,0.148517071231892,0.16332022281732742,49.74057725025053
1845,0.19160384734096195,0.04016018019526561,-0.34486225001820303,0.10760255858026788,0.2262507276175903,48.56142428789611
1846,0.20068487714447072,0.059723585112207836,-0.34826933324299747,0.12018872736212736,0.21030827846703648,49.00073653264657
1847,0.18863748650098033,0.018512764328280452,-0.34501634092109446,0.08735863938676458,0.2597393654667896,46.27428428311832
1848,0.18501446281498019,0.04374825912268971,-0.3092303274927633,0.10921542294408777,0.1989338536282359,45.964273406833854
1849,0.2080734198369042,0.09174437486180004,-0.3529168473017543,0.14502975295368323,0.17772150418114338,50.78019149010543
1850,0.21761847176429555,0.10418636862170606,-0.36499472731813665,0.15655766075620745,0.16907178062999612,52.75640572381989
1851,0.186510212850648,0.06533782702841202,-0.39241929388000246,0.11984859484997196,0.25783876791370813,49.08815184219483
1852,0.1801252676238965,0.035937197883031076,-0.4031140753998571,0.09535716869671862,0.30666689351515136,47.69756001439223
1853,0.19184856718757667,0.05515050553739117,-0.3591859752226269,0.11583130745269896,0.2314270154626329,49.42419876002639
1854,0.18379790558219725,0.030430883748531187,-0.3842922430506862,0.09138452914147265,0.2874030702705725,48.04439888220078
1855,0.18177076315596669,0.03805564028624482,-0.3876255132723052,0.10072486336668976,0.27972089219720553,47.73219297246842
1856,0.1783066881498692,-0.007023202189303599,-0.3742596099761305,0.06475269451982936,0.31765526994975923,47.51878334268858
1857,0.18670222653511365,0.024997705741477312,-0.3544126477358256,0.09372726130548528,0.2599073313715704,48.51968024900468
1858,0.18493864701471935,0.0020362441732660512,-0.36002073004803936,0.07767650643390772,0.29045454423855555,48.01976931250138
1859,0.18106773610373764,0.022344119841049247,-0.3278728316275811,0.09251515253139651,0.2433119875981693,47.095479967398894
1860,0.18393495114523684,0.034427180576460534,-0.34552178471625644,0.1005138803918155,0.24462128926249677,47.508001024245615
1861,0.17824446175825087,0.05380432053562992,-0.3608543128183508,0.1174010596248977,0.23077017620573545,47.4618064557495
1862,0.1859612223737626,0.004136930462824475,-0.36874549568557313,0.07502421941520629,0.30314691923963266,46.497710867853534
1863,0.1909072910949553,0.03501220855699761,-0.35468286920475295,0.10244634969984048,0.24886520263674067,46.9578907089006
1864,0.18127766204205484,-0.007394876395029648,-0.3611544287989905,0.06635599978252736,0.3100197448060189,45.99143723248491
1865,0.1981835870635159,0.026390021438771425,-0.36159897239848415,0.09466741619034125,0.2648436151530781,48.053742370788875
1866,0.20343314612797128,0.05302927216952132,-0.37564010370589823,0.1146870256284054,0.24574939573871896,49.31222691350222
1867,0.19919573759286988,0.0754392670826727,-0.38360907105510506,0.1333774611837463,0.22570098091183924,49.635796910055674
1868,0.16776825966972161,-0.02636042293624915,-0.38742828872357304,0.049697342762884573,0.3564492118873007,45.69680153214428
1869,0.18828720104516178,-0.0009686038156125095,-0.3564310706334985,0.07813847664227495,0.2874378242846428,46.14673992604043
1870,0.20519642391386186,0.04002172727114997,-0.3424079798351535,0.11467411925055504,0.21513126388816836,48.39906478046329
1871,0.19476139064487014,0.0467192263012958,-0.3365307776994997,0.11662504794940247,0.2089628065040999,48.046021382868915
1872,0.18323197009988518,0.00917141749981325,-0.3118815982762268,0.09207992221788538,0.22465383903623723,46.14307855839993
1873,0.1789105868472237,0.04359155875455278,-0.3452609685436053,0.111246720922486,0.22670126662195897,47.227367104367474
1874,0.16193446530040076,-0.0680587813164388,-0.3060958681364665,0.02256380985746989,0.3263291962182436,42.46467624476261
1875,0.14183190557250805,-0.10500858862138836,-0.26578855355154357,-0.006168653223613394,0.3587513557784258,40.38652666922437
1876,0.17155960531674683,-0.03997528323100269,-0.3580662310616594,0.03829140698287149,0.3593183268772236,42.301530532500976
1877,0.17450229220752583,0.007434998289801655,-0.274677949590475,0.08720778987377499,0.21359413394354335,43.95310704873332
1878,0.16912794216484875,-0.009068395645703343,-0.3292912746034639,0.06660479287875362,0.2914945877461718,45.29010734079228
1879,0.16448734454298491,-0.058366628293658795,-0.33409189195781547,0.02473787747554071,0.3539403903663403,43.83183531883178
1880,0.16222142589945235,-0.04588164965583947,-0.3214842631223741,0.03854737499984599,0.3239437643681811,43.23133981744612
1881,0.20845505353841867,0.047650877060237795,-0.30529746577101063,0.11604814461329836,0.18141893910502815,45.10418739731413
1882,0.18988785724182217,0.008495798102815234,-0.3121552029923036,0.08233077356331144,0.24209275335791583,44.20018704222157
1883,0.16532933620050538,-0.07489289998983267,-0.31293247347256237,0.017584674934204576,0.3397919909050593,42.307044069202526
1884,0.16820701439951785,-0.0774209105093317,-0.3008451730247059,0.014424539897732866,0.3360741845631323,42.18230896812436
1885,0.1777989253836093,-0.03707171753842055,-0.3224019069122898,0.045846781379969545,0.30618538141015555,43.094641528871136
1886,0.18708060307316007,0.056691666862405114,-0.37020522307494375,0.11462079080790903,0.2432660744825292,46.47808101347438
1887,0.18731554283044047,0.08327346349486474,-0.34953327914559607,0.13458733901637546,0.1925948735546529,48.08269122710243
1888,0.18956384809887794,0.07385054719698567,-0.30171934021006724,0.13190386262560144,0.1559199088662002,47.3733125086904
1889,0.17604511110464452,0.07621642337967356,-0.32972933770980645,0.13122094612315977,0.18345518553043771,47.80861040281602
1890,0.1643636590253742,0.062065773893272023,-0.32081056830384147,0.12261861259439683,0.19019765861863902,48.72806229238109
1891,0.1793303568880549,0.07209496364731674,-0.3344214487669931,0.1263009932516043,0.19370981128664116,47.49792339270236
1892,0.17414272040760517,0.06466612853781481,-0.30962257812630667,0.1245603941846068,0.1777930231142237,47.32637935951138
1893,0.17966141399061242,0.06214272911052347,-0.2877521169723862,0.12508134358578898,0.15842854254681196,46.98603288894658
1894,0.1879900715634354,0.061700387494869904,-0.27035378624905443,0.12562715231317323,0.1398988967762321,47.28375782988489
1895,0.17404774172131252,0.02403738064394786,-0.32556780299950616,0.09075736939189216,0.2410180791018296,45.532822046680984
1896,0.19327914799007387,0.032927858258777344,-0.3313399607581523,0.10769251715506375,0.21833201682058032,44.22901642303017
1897,0.17518181633725183,-0.0037970121629559536,-0.3204432963437293,0.07748803154957624,0.25363618987641445,43.67105907784451
1898,0.14673813462846594,-0.049395883291287065,-0.29916450401044026,0.03589667039313005,0.3061868555988535,43.803335972933475
1899,0.1665624609136762,-0.06150558538060116,-0.34869738144310297,0.019335891455132703,0.36340488427709106,42.65732341690201
1900,0.1670897780973606,-0.05563226133515004,-0.34940965662008827,0.021860545629986867,0.3625909803590959,42.5682525146862
1901,0.15644100076422132,-0.08796144468368321,-0.3502536212114404,-0.01002942431721913,0.4072648136445232,42.35697070833958
1902,0.13744062619731545,-0.03045981936178722,-0.36405450540650314,0.029156506612478823,0.3740563743834597,42.140255769919655
1903,0.14242916995043087,-0.07499933489505825,-0.32115623079826044,0.002072877472858182,0.3769797176364649,40.89356366747969
1904,0.14844485904271099,-0.08821961114428863,-0.27417928227935695,0.0025129681739064877,0.32985097573175964,41.409641421403755
1905,0.14523837138519247,-0.11333058639037047,-0.29276750231527277,-0.02369003679384566,0.3802819194397187,42.310780953659396
1906,0.1467008961072781,-0.13669445269986064,-0.3167151294726627,-0.04970775946947096,0.432609904376085,41.860708305648224
1907,0.14667364730315244,-0.11501197868028842,-0.2986013772804099,-0.0285318436381089,0.3883063945335325,42.02332517113989
1908,0.14688038497942568,-0.1194133096286845,-0.29690603433648505,-0.03227118103506898,0.39095148140833796,43.52081045815585
1909,0.1482512709664355,-0.10191611811866587,-0.28305172286426955,-0.015694351753493783,0.3564191761977517,42.646848996760724
1910,0.14600171739293652,-0.07363521549546113,-0.26365884233142567,0.009207416469302947,0.3026900650243844,42.96499393912024
1911,0.16653498317240575,-0.04461728544489196,-0.2790398284095797,0.026465616282677826,0.2857756110999942,42.17200691395183
1912,0.1557612454928481,-0.06746607370510042,-0.26142383287765625,0.013851750260604482,0.29195999784597515,42.2500510631661
1913,0.1550713761113929,-0.08364229716502877,-0.273787649988426,-0.0016697058244875649,0.3276689627774741,42.33745887650228
1914,0.15396272334327935,-0.08465554908228767,-0.2644134962734102,-0.00482897073222526,0.32256715066323993,42.831527141215155
1915,0.1563252631221654,-0.05418572055551509,-0.24830061774558715,0.020699058704027228,0.269923489141964,43.38732519598099
1916,0.1569715722711935,-0.08396181660892786,-0.25378079937407805,-0.002402476966575071,0.3091158191259788,42.450177196988626
1917,0.15521725393385813,-0.025835410443051248,-0.23044648308938875,0.04442561020968272,0.2144520820651391,43.29856358461738
1918,0.15145350373638222,-0.022862131163358206,-0.21906324372592906,0.04832393080340205,0.19907656435048787,43.936165511553455
1919,0.15300769313452522,-0.07004844642394034,-0.2509096283660934,0.008704845793500799,0.29106776831632314,42.146626196920515
1920,0.15046964699991236,-0.08275220577833789,-0.26283178647524214,-0.0012063729274392344,0.3152334417658887,42.23094229054934
1921,0.15853056441653554,-0.06557441131716205,-0.24564612634103564,0.014631743915026713,0.27494059748664723,42.875296406284434
1922,0.15100566831595158,-0.05092885886046979,-0.2538923553970717,0.021439106902261,0.27047468320653323,44.933665298882666
1923,0.15422353801562136,-0.09649182550118804,-0.27824727892281587,-0.01686449387144013,0.34659867143277584,43.59153026791378
1924,0.156291377950385,-0.07771302483885528,-0.2843311826332258,-0.0016944575288829124,0.3312965957393077,43.7703004651826
1925,0.1528609701920912,-0.09671913462636167,-0.3004523796610532,-0.018146455271197886,0.3681117507470275,42.91332725121417
1926,0.15104971396450423,-0.119130099529245,-0.28461284000613707,-0.0357833605953996,0.3859229202581371,41.17857689570923
1927,0.15817514601348526,-0.09449721891434629,-0.26474550931392965,-0.010747889928743355,0.33381698229274687,41.1075511892139
1928,0.15621611842793523,-0.06066179982270885,-0.24409912783070825,0.01778877660200743,0.27182852161048116,42.04140318752514
1929,0.16379224537297782,-0.07803917176405972,-0.2635087728404462,0.002560440619250738,0.3069832813928282,41.49560255455064
1930,0.18028365491806256,-0.00677030781620033,-0.2494157223170967,0.058890199241939695,0.2022083150845093,44.03286529116129
1931,0.18081277291817618,0.020102485885660604,-0.20467748237778638,0.08267303009120738,0.12504560961893899,44.825380892357174
1932,0.1795931699765423,0.024123731537603256,-0.2076251934593443,0.08563193169294542,0.12196478446116377,44.97594183524546
1933,0.17007340969663956,-0.16821391081355433,-0.27317446018336605,-0.08014511087711433,0.4129013872147561,40.42939863668145
1934,0.18227987191205022,0.04047472545028917,-0.3650780489959573,0.10968795172166737,0.2532800595366827,48.94220072103409
1935,0.19001895435157717,0.072814514738637,-0.3401848637821614,0.1395398419609119,0.18006160974926003,51.748747720107595
1936,0.20513944891286076,0.08451988430613493,-0.33174529705783307,0.15089344779242717,0.15086341031906586,51.36763718499928
1937,0.19425684513211794,0.07002065290886825,-0.3482291367924149,0.13146697679839242,0.1964492203182246,49.69631327598744
1938,0.20002877856177048,0.08930881505899857,-0.35648083975036066,0.1446469732147705,0.18074809585964366,50.40973352969237
1939,0.18926794571840488,0.05132500301715316,-0.3335334058963365,0.11582778585839003,0.20964421212018636,48.998971526775215
1940,0.19732552197322176,0.04315882335542342,-0.3461282896011393,0.10900593609887989,0.22539453655548544,49.01657604361662
1941,0.21060280723613314,0.09766950098339473,-0.34319135597857503,0.15180484620005316,0.15288072541606865,51.25895285156961
1942,0.20138180011675255,0.08552373183222012,-0.34523620013154427,0.1386090058838941,0.1764619984534823,50.055285058798034
1943,0.20853980068177738,0.09800175562057425,-0.3518490107839648,0.14629368211456942,0.17064290917599856,50.102213713090926
1944,0.20830877094939163,0.11040599967323261,-0.3543158167405899,0.15803535819267434,0.15286318422503964,50.572716578596875
1945,0.21702214541055817,0.0983345340240545,-0.34045136230498113,0.15300316760717234,0.14834737096286985,50.05664642098821
1946,0.20707043781793857,0.09102283952352754,-0.34580157760366864,0.1433569248751659,0.17249159636089972,50.71614458342031
1947,0.20984271873081545,0.09907071915326097,-0.3457488896424071,0.14973288116157918,0.16046922665542737,50.48918701002122
1948,0.1957200440024572,0.05879112327799419,-0.3495208878770576,0.12094278512041468,0.21267535511387903,48.82793996681882
1949,0.1919670592694719,0.04906617036342949,-0.353407769001008,0.11370341850088111,0.22821385010666628,49.11608835774309
1950,0.20748349755369414,0.08097430043561406,-0.3678605522755249,0.13978835616226512,0.19509251942084896,52.36755429191591
1951,0.20552854130128304,0.10183022474249333,-0.3661311439701462,0.15325699451491273,0.17314890988218146,52.622302016579596
1952,0.18418422804146553,0.0607870875096425,-0.3743455941627449,0.11769250238637874,0.23892701199758912,49.07467329761281
1953,0.19263935830450032,0.0662568211412276,-0.3649998363205453,0.1263510908340134,0.21468820348786471,49.80883781167127
1954,0.1901418413995558,0.04027035618317502,-0.3577911097546048,0.10622842091012284,0.24616778942962048,48.98967332914992
1955,0.17651556666034326,0.01992487564374425,-0.3905883234974562,0.08536596103367101,0.310364384597336,47.94502232676294
1956,0.18987171774953698,0.028099553967452413,-0.3830618860459432,0.09311035954391414,0.2851284844405833,49.08270656945706
1957,0.18025001729764112,0.009380481742925538,-0.3590144266535108,0.08003994949852124,0.28514286050279536,47.811263804353054
1958,0.19308098461765819,0.028542537936019328,-0.3358526023385921,0.09994293170286625,0.23980865920752964,48.231083212920836
1959,0.1867474376878695,0.017805286725417587,-0.36738207259398536,0.0855439132336994,0.2881774719220987,48.81633787574747
1960,0.19085770999006535,0.060403296594546844,-0.3627045836727168,0.12023871689625412,0.22454554844326677,48.40541330922292
1961,0.1775490599369188,0.03606614030869822,-0.3569575620565804,0.10423007751829468,0.24347446089445102,47.01746151638193
1962,0.1878957137174748,0.03081603538535156,-0.36276460341426703,0.09568866280163715,0.2667530029816344,47.560858442114444
1963,0.20363165677397602,0.055861283385542616,-0.36337318734114304,0.1202950458716054,0.22697835812362116,49.03317453793272
1964,0.1922967984327326,0.02393067337765004,-0.38655627410973253,0.09174952528450138,0.2922863871895302,47.39961989361566
1965,0.17759942779728843,0.017103367644320144,-0.378604481004089,0.08513590475541391,0.2958299770825113,47.231474326267865
1966,0.17891996892014558,0.0016717170288642817,-0.39152821363368745,0.07047768023894597,0.33315840104545275,46.262629462241335
1967,0.19644907356393962,0.0263051846642474,-0.3760864619134077,0.0962088544540566,0.27566906387848517,47.966593155495175
1968,0.1974775193419997,0.050086405082176405,-0.36179348442614095,0.11845463279355273,0.226340933584665,48.95576793954113
1969,0.17137871333322935,-0.020445118735771557,-0.37956785564966417,0.054445041299459186,0.3445509364471622,45.915884083577865
1970,0.19219959524053287,0.05006644904905775,-0.37970186542601714,0.11403372260187536,0.2561049736448218,48.62555941274912
1971,0.18747684213095522,0.03808445337453425,-0.3432687524910258,0.10657418519946463,0.23155914553259244,48.240532868368575
1972,0.19424837836361972,0.02686926137473539,-0.3557022449616144,0.09980961294161045,0.2491101833594227,46.87187973060027
1973,0.1795720712242912,0.014080133908474938,-0.2734974749194822,0.09941095231499365,0.18695411233294915,44.58465532805774
1974,0.1808593807139674,0.004992076720457895,-0.28840746232803527,0.08875796765321149,0.2175027750218629,44.411147558391804
1975,0.17255322246076166,0.012243150015814865,-0.2561146435734804,0.09877728730738385,0.17594860196473425,43.93711987846495
1976,0.16322545428553176,-0.007053646610768592,-0.25050646136896904,0.08282868414842161,0.19977611779050536,42.824282052760175
1977,0.14280255480717974,-0.10012338010807524,-0.2932956755355098,-0.004898640309604161,0.3860864312672836,40.59541804444804
1978,0.1665477527594513,-0.0475268568825442,-0.355355379093418,0.0306089370841421,0.36622789222590924,43.20107180445808
1979,0.15846626543767608,-0.04953865655827857,-0.3435662186651728,0.03226185763593567,0.34944565490611057,44.320027824724114
1980,0.1697724541013921,-0.008033661195328504,-0.35142918782063337,0.06607529631998495,0.3049670893069794,46.156215281047245
1981,0.16845584760905347,-0.028744929154134232,-0.34318177910404585,0.04793795889901946,0.32303474946986194,45.002241363063725
1982,0.216429685886309,0.06881774270652362,-0.3144656466814852,0.13360232339959316,0.16200558974779958,45.42721136780429
1983,0.19189662971469731,0.034230248321017474,-0.3167563308245659,0.10370541696952129,0.21409724318025058,44.63032398471365
1984,0.15913225989461366,-0.05499015654767742,-0.3002588793746839,0.030966762864410486,0.3134916568496491,42.79937457441366
1985,0.1702900785867725,-0.028278822360503622,-0.27152562269723163,0.05631053308351558,0.2488636787584508,42.83941520062107
1986,0.17135084068165665,-0.028070547378036926,-0.28149920814434276,0.056102366008657145,0.25617494462169044,43.39749125065368
1987,0.16965982675255634,0.026794625708006326,-0.25569737754480865,0.10408185947627471,0.1618441030754944,44.397704335271854
1988,0.17487099117979288,0.024953828183279333,-0.3882442672004672,0.08373877313600213,0.3062788659410685,45.55688540641636
1989,0.1645054717769005,-0.006979680302319618,-0.3800730651941516,0.057583518647637125,0.34112890241179167,44.423368386649095
1990,0.1750875667994676,-0.008645352825555919,-0.3543938872828898,0.05930636889744533,0.31471230067129996,44.48684577574137
1991,0.18189318636464658,0.003589822921274957,-0.34636028058726454,0.0730384578074944,0.28261257074371404,45.047667042119336
1992,0.21226386633235303,0.057306581082173166,-0.30561597296655374,0.11656379761670245,0.178617896377601,46.53777324509242
1993,0.21005699816031065,0.06532371265917965,-0.317880621380648,0.12004064789023149,0.18707045629071786,46.8127497345219
1994,0.20983909160165856,0.06350271055191843,-0.2987848236073853,0.11537471561290664,0.17202684079554978,46.644913483617756
1995,0.17990798595041982,-0.007418305760039174,-0.3077317487818784,0.06770472964330963,0.25861856478740225,45.83057499184353
1996,0.16239504918511916,-0.06351959665462777,-0.33515643814966317,0.017733071384839563,0.3608440625472425,43.70608265792541
1997,0.1626603480605743,-0.062128795724709786,-0.36525054149288766,0.01598245820474142,0.3858198331094429,42.697966195503874
1998,0.18676006638141324,0.014152532918794614,-0.3507204370909797,0.08641730113901917,0.2607133402736245,43.94929653379842
1999,0.1785909070133353,-0.034505598437713336,-0.3185752818049446,0.04516856525505421,0.2985893876113619,43.89815548886536
2000,0.15261112014630263,-0.058540461282437825,-0.3114543032183528,0.022602324803658785,0.3292023287559962,42.84907958378569
2001,0.142536922154079,-0.11672497490381468,-0.3349318039843392,-0.032813398275262265,0.4245024736105439,41.86743960276709
2002,0.1435990316217403,-0.1189795460424921,-0.323037913202696,-0.03199594863122712,0.415444268370962,41.452748057349346
2003,0.1429586186518902,-0.060438637625223654,-0.34347275075668726,0.01339810722971588,0.3721863769490301,42.911674866337734
2004,0.15104632441493412,-0.05028846970193657,-0.29030501465402225,0.029599701404048342,0.30369781205352325,42.93168361217337
2005,0.1461896971205234,-0.11170768451569002,-0.27473075827068383,-0.018545018723860204,0.36057388848141025,41.444699540627845
2006,0.14309468601096886,-0.15080559588421083,-0.2969881541133811,-0.05792896586391712,0.43038725210134127,40.861989074097764
2007,0.14055852747640898,-0.1569112341023575,-0.29700854387351117,-0.06432882992326942,0.438775796134864,41.14044917002361
2008,0.1527659461149566,-0.11764994659877318,-0.2939162935243659,-0.0298992962511527,0.3831771931380396,41.925734865035515
2009,0.15113685567352186,-0.11917052386954426,-0.27916645966121556,-0.029638215382333577,0.3697677101999725,42.19882508748062
2010,0.15443353459778775,-0.10065246248310407,-0.32618960169681327,-0.021965684775908854,0.3973913886535906,42.151575512395546
2011,0.15552239216876582,-0.07249065527908985,-0.28866520716899335,0.006504675774818669,0.3236701557381362,42.415487192471474
2012,0.16168092286096672,-0.08777023389486692,-0.31306658478016924,-0.008600123516244555,0.36248264709088146,41.640701563407916
2013,0.17383957692157959,-0.031850727597010325,-0.30065576058442944,0.04538372877860139,0.27433587432747764,41.8116789251373
2014,0.15915694812807726,-0.08695596062536826,-0.31447181771316035,-0.010145850280614335,0.3703967229464422,41.23684420100409
2015,0.15184128141017506,-0.13522148546594664,-0.28893919863792317,-0.047076937558010803,0.40157003138955,41.35529838370482
2016,0.15016451106930787,-0.06660425710271096,-0.2538286759571793,0.009927586336676264,0.28973965929366774,42.95112123626035
2017,0.15883621651154947,-0.08471831041392683,-0.2683534372668299,-0.006666825872700663,0.3230713650455204,42.68085830588909
2018,0.16041277361384118,-0.024025328129139187,-0.23006183209904632,0.04661680859966992,0.20973425358569633,42.97651286351272
2019,0.1576746108809628,0.0039596014554712225,-0.21530705282688814,0.06855908866506932,0.16110133055156564,43.50642734052996
2020,0.15061604860691014,-0.05872464019760141,-0.2443050429358066,0.01675921852864256,0.26953718255549247,43.0266409612726
2021,0.15492994471708652,-0.08133694740597473,-0.26965868827745815,-0.002185994369202631,0.32150254141135637,41.9065844285028
2022,0.14841131589451947,-0.05599341779135081,-0.23134978119932817,0.0217400143139111,0.2524440536446167,43.063709548754545
2023,0.15814203761938345,-0.03171459877997799,-0.2415768510619253,0.03774952192992288,0.2340311282480462,44.53270033165483
2024,0.15299512504247864,-0.14698068345240625,-0.32255485246364207,-0.06737436720909083,0.4512713678382395,42.98717698063838
2025,0.16436329892101498,-0.07145672019742473,-0.30573024165655094,0.0027451622322006005,0.3361867035905225,43.89016653594621
2026,0.15447242375422315,-0.04595415833080153,-0.24239896192808358,0.03016629678340667,0.24578692956989212,43.74272906207223
2027,0.14777062859046575,-0.11452805278946518,-0.2510912561591484,-0.025883287205795927,0.34241051774036013,41.58138470829685
2028,0.15528870610395965,-0.135849655550908,-0.29247649619584526,-0.05123252616134502,0.41045826867221763,40.708472315441114
2029,0.16168762010494805,-0.07648363359761512,-0.28653374697709566,-0.003631058687216486,0.32812366902402,42.3341128578891
2030,0.18036269811862224,-0.13257445650389862,-0.2698945916167755,-0.05668725560007553,0.3559652052359482,40.11927759109298
2031,0.19555785325948763,-0.33152682489700075,-0.33765302909666356,-0.24868197415058665,0.6243233334281361,36.546696667224204
2032,0.18810944849218422,-0.16606919221275082,-0.3099851926639785,-0.08745586276509006,0.43269397262881537,41.568514907161294
2033,0.18759960828830147,-0.08471104318635761,-0.2688521668505197,-0.011317068679333403,0.302677192522399,43.06019586130774
2034,0.12461047777471972,-0.23580390113909772,-0.15880163852099521,-0.1381340145312095,0.4041654950465098,36.476020175604674
2035,0.15438298252157429,-0.0003652823666093488,-0.4003330768250937,0.0660732323732846,0.3568622517728617,45.37914843392485
2036,0.16361296037275244,-0.027299708146853074,-0.38166887545430567,0.04728647746933991,0.35692197064954234,47.1910802787264
2037,0.18836387402922455,0.0624235199321819,-0.36090986728152985,0.12685859918628828,0.21158794407278614,50.813733932949575
2038,0.1921723439429078,0.07037522887288002,-0.35398539862235645,0.12998106537752663,0.20297491946068777,50.42181170949715
2039,0.18401845914484966,0.02509571234827891,-0.3330699918597968,0.09462122150315051,0.24564036378502108,48.07561803050018
2040,0.1826903051400348,0.05204482092411128,-0.3084780981826799,0.11744316004760937,0.18675075177098727,47.62443049679279
2041,0.1993458117111059,0.06039688511604507,-0.34393216337869226,0.12204455777760691,0.20406320859772756,48.89010687587492
2042,0.21385594713948902,0.08766979915667873,-0.34058820931980227,0.14364482104528123,0.1612056472428589,49.56444221461401
2043,0.20077500071177848,0.06106714660956647,-0.3394715822683845,0.1221318057919721,0.1992208448545581,48.54866636305584
2044,0.19228772872323247,0.057308788756847154,-0.3312622622033318,0.11595192421074715,0.20460797352976615,47.221246075554895
2045,0.21583031785075132,0.10759097760053564,-0.34663252247650367,0.1586425963162066,0.14536899941993153,50.13966990035918
2046,0.21242627663183092,0.10615305121993227,-0.335117892829695,0.157573110473566,0.13753893008567458,50.542948138191285
2047,0.21477135378868398,0.10861107452074703,-0.33613082113166226,0.15985315855361917,0.13634287257290167,52.093990511664856
2048,0.2089590914769444,0.10900686131802283,-0.3452719521887141,0.1585902785424051,0.1459892823911165,52.27584719380607
2049,0.20415876912326214,0.08942872262910452,-0.3558121134691513,0.14578891123016,0.17665250981344116,52.089559225158396
2050,0.1872084680207191,0.05744787516646933,-0.3519784477973864,0.11795486831621614,0.22284390339967933,50.25764507278861
2051,0.19658835390691515,0.07926300488378549,-0.36078741024080463,0.1331184796608579,0.20346743997662273,51.97663696545842
2052,0.18314358878325734,0.07198836180880443,-0.3669379157681306,0.12713989524292643,0.2174082200557455,49.88802371787054
2053,0.1951149348840866,0.06662824513127641,-0.38955679834675816,0.11604581373091534,0.2544810854987817,49.43485215874567
2054,0.20523389596309358,0.0926325114534076,-0.36018427625278027,0.14574912561226439,0.1824670890822953,51.780353814237735
2055,0.20058881489097863,0.08166808341860392,-0.36070685000801783,0.1369981355124209,0.1980434922221769,51.268957845026385
2056,0.19407464409309402,0.05545386434123093,-0.3629383940643998,0.1144048584487623,0.2365147031584658,49.70716212673379
2057,0.19205247915638785,0.05333995397564724,-0.37995686037554466,0.1126567233313796,0.2522265461571062,49.93966697754737
2058,0.17959800511103458,-0.0026103452107380572,-0.35303039998098873,0.06790689567669168,0.29802761859449184,46.66302711296577
2059,0.18902953422672683,0.03122073318793071,-0.37717719615008033,0.09678987520839129,0.2710138180183836,47.937726441241054
2060,0.1734592083598161,0.003866846264312189,-0.3761855685744394,0.07322346076702593,0.31316820517774985,47.79600538723733
2061,0.19773503059197803,0.07134425570824378,-0.3684285595054244,0.1283501676078141,0.21504478898032012,50.27301969682305
2062,0.19898904251960878,0.07518464236963347,-0.3673099131354877,0.1306863381481999,0.2131549734450228,49.83082135199916
2063,0.19047457750999475,0.018987899377962435,-0.3668768281938271,0.08684968478156953,0.28295966846484827,48.390200540706516
2064,0.19480029534314713,0.0606799602432465,-0.37433621229756303,0.12151678710985357,0.23512061396562614,49.7407390845194
2065,0.18734398686179676,0.03759582332793222,-0.39238708425750307,0.09884682184899184,0.2909384389307021,47.95104689977136
2066,0.17952317142411295,0.007185894321307752,-0.39030236835011933,0.07290647765491542,0.32799747874472845,46.240534807247414
2067,0.17041942650883804,-0.0020395810052689337,-0.3826238710802338,0.06864345933734725,0.32746068503362136,45.79970757103564
2068,0.1807088501444329,0.02251990977440469,-0.3914038504066076,0.09111208959848101,0.2984303648611574,47.560008287582214
2069,0.17535903014984594,0.0072451823749453085,-0.3769841401570867,0.08015104900685266,0.3005325627234362,46.86472204430131
2070,0.19351821718787943,0.03039386376217208,-0.3614262274410132,0.10082538109083496,0.25298360764478445,48.97115477439544
2071,0.19838584693318262,0.05127537647430546,-0.3630910577981568,0.12055580051490333,0.22567779086002984,49.285977785212495
2072,0.17854005503176335,0.018949447679546247,-0.3362962805812604,0.08926379822674466,0.2571435894872791,46.44776586083548
2073,0.18088248613026195,0.0024958756804161846,-0.34025268747777965,0.07666801861528895,0.2767185647895624,45.45596929075683
2074,0.1851761040561523,0.023299058333224883,-0.3109829082334687,0.09927842469541334,0.21677765446674357,45.247847404319565
2075,0.17708620966106992,0.030437761242557686,-0.27023211772924804,0.11043845326649096,0.1660286946631153,45.00478468404304
2076,0.18129393986889525,0.04028145057975436,-0.28817700921107275,0.11404469639401413,0.17590733340284398,45.53702432014262
2077,0.17867391944281305,0.0026317214063752512,-0.3009670663724614,0.08171627726260808,0.2360797887860518,43.78172512936835
2078,0.14681243817772036,-0.1330759939808512,-0.2890733916826566,-0.032824365395332976,0.3964088418345284,40.198097626713114
2079,0.14855626926713197,-0.09025225562217959,-0.3566723114550246,-0.006550268286080939,0.41709773000165035,42.539179448544196
2080,0.15135413355547783,-0.0620379282514314,-0.29356459552098735,0.02792607828998763,0.3142162966756794,43.54627735108679
2081,0.1620312485291883,-0.033939503940968764,-0.278578131550359,0.054141730385913196,0.26055791677933426,43.29030468618406
2082,0.161330740725347,-0.06780542295769458,-0.3113116594426136,0.018777407547652978,0.3419257317981286,42.97721499297955
2083,0.16192500095444654,-0.04403750978883523,-0.3021044780167601,0.041608853688482134,0.3021178136197276,44.00509845669077
2084,0.16733538681339133,-0.04225042801197025,-0.31930623605987035,0.03828506148441919,0.31583131201059056,43.058870260108606
2085,0.153200068510179,-0.052675470168311186,-0.3252852321104583,0.02799723504534932,0.3412001087493,43.83037402894836
2086,0.15559280545814336,-0.04701075408541112,-0.2960954952542469,0.037282136705809425,0.3037225997574648,43.78443199314243
2087,0.17139184753242198,-0.020516338071893653,-0.2985435850309458,0.059254523722535805,0.26789579391318596,44.24965860251989
2088,0.16402139632334575,0.024434543489272098,-0.20580208204001055,0.10569214676740186,0.1181876312241892,43.67406957998286
2089,0.16406507739775347,0.007120103682711566,-0.2582895818253562,0.08626667628979899,0.1911658458286382,43.81221682805486
2090,0.1491386588397937,-0.0771920636363578,-0.3405682397970902,0.0026017994365076257,0.3918512532594072,43.053513408258226
2091,0.15531318885528114,-0.05712956527121438,-0.34781665245906357,0.013441462271682778,0.37625114147389527,44.12255675398237
2092,0.1646959418964015,-0.04140068568193522,-0.3419352595930529,0.030812420650759145,0.34416825186503797,44.29687591479349
2093,0.17066126237764379,-0.01119091232856443,-0.32187673100525493,0.05611183085924806,0.28731796535729714,45.995759574753436
2094,0.16782692645194144,-0.022454492165023827,-0.2975711067340031,0.052492062582786304,0.27689152590157495,45.72735827117092
2095,0.15949692332121482,-0.0359935800561388,-0.3230414925838964,0.04119981489271482,0.3166802122755692,45.08868880939636
2096,0.16206709586857113,-0.050073819559019385,-0.33976105165697346,0.027704042645503718,0.34894711875067475,43.9924568141428
2097,0.15822456727442272,-0.07058296097311743,-0.3520366508076874,0.009898142931141671,0.38318369852445694,43.319501514376014
2098,0.16697448382835178,-0.051046353155723104,-0.35790797596436563,0.026343334141270738,0.36116819328409094,43.405028199178204
2099,0.17018192979756566,-0.020220762171987306,-0.35462059390210227,0.05092294156752276,0.31996875352482523,44.36979363333504
2100,0.18610796441495614,-0.014512490039337736,-0.3361542813806812,0.05829901090813898,0.2897691913288465,43.68318116916218
2101,0.17315471007032146,-0.04059241579098089,-0.34967861122020544,0.035628018246874775,0.33729790240999413,43.15334809293905
2102,0.15387395305753254,-0.04997455379023756,-0.3224555553585075,0.029571718549749392,0.32817117576264304,43.828425890597906
2103,0.1512198927348226,-0.09275218543632342,-0.32103655425100674,-0.01192288381900063,0.3858377148479249,42.08233610162619
2104,0.15095836853136183,-0.117286542753244,-0.3399352174304228,-0.035227174823250114,0.42939459761648385,41.2172110533447
2105,0.14709330687541575,-0.08694643351317263,-0.33565746083496567,-0.009170494176391174,0.39340394407779805,43.024977669509994
2106,0.15590674561562873,-0.0913426775042189,-0.3132114913773463,-0.008987704832933383,0.37406254123997995,41.6289837433978
2107,0.15307635279332624,-0.11389357651527518,-0.28629242728120946,-0.025070396752389364,0.3747196663758991,40.60958659650166
2108,0.14792013947527868,-0.1246204901821871,-0.27875544350263515,-0.031567152368698254,0.38049946185602135,41.34099601011599
2109,0.14475981753659936,-0.1290162706720094,-0.28408522904777095,-0.03892646574618009,0.3903366759049373,41.732517788662946
2110,0.15302737093042756,-0.15585861531608367,-0.308555639491598,-0.06501471331230482,0.44594170612912415,40.84924114644128
2111,0.15299220173877853,-0.11371083778206666,-0.33202464712915714,-0.03301779061521115,0.4188010740325356,41.53313094325099
2112,0.15439751092787904,-0.08311609850205544,-0.3160600947441334,-0.003789341856934794,0.36301801457136174,42.25628646567981
2113,0.1593835668958266,-0.07285771920323536,-0.2893943859591277,0.006553234594428063,0.32379942439744913,41.23642617272083
2114,0.15710023813953128,-0.06550469092923124,-0.2841351556768531,0.013467287493957373,0.30538731764325955,41.38619019549896
2115,0.1582646138993058,-0.09274642725016623,-0.2935658183789913,-0.013613292334038022,0.35467560764288253,41.529013270086175
2116,0.15501758867295337,-0.11351253740537881,-0.2922556434093478,-0.030169164543950182,0.3813422184628982,42.038243359989025
2117,0.14401086996592,-0.1308655612096769,-0.2789156921098887,-0.042092383525292716,0.38851648093850005,42.18330020786596
2118,0.15672928612903808,-0.09209224179305041,-0.31386982481476255,-0.01679590049453246,0.37474784516314796,43.00235999714558
2119,0.15319109735151515,-0.032317311637157314,-0.24940359979802812,0.038150215733662514,0.24035111755948796,43.494574998502486
2120,0.159392213436027,-0.015573429795621556,-0.25468011935393114,0.0495783891174638,0.2244568577194883,43.26757269543824
2121,0.15320971018333698,-0.06870689702002311,-0.27400488449404076,0.006970388222973956,0.30893903165125375,43.40518212618766
2122,0.1499681187949497,-0.0713931874223552,-0.26372849743917914,0.0053679658453413,0.3043203931170934,42.72404189350812
2123,0.14447335235979233,-0.07642551104308587,-0.2590128304865171,0.0028081496486679946,0.3053794445683068,43.06195499850276
2124,0.15261560502485885,-0.0655009001453652,-0.25550059501790745,0.011586168908654557,0.28684126975150687,43.54034314176005
2125,0.15274587245792007,-0.0967850533352923,-0.2936654972003451,-0.019185600252024846,0.36455118578151896,44.00911965280113
2126,0.17546788524471882,-0.044124241220743425,-0.2896175097243143,0.030466727443859917,0.28234330464927565,44.98139616216093
2127,0.16019670069781128,-0.04612138013377612,-0.24962960107592333,0.029026362090843513,0.2535237908906835,42.95624695405514
2128,0.15643057196246737,-0.08450708138346891,-0.2597257465379365,-0.00502903505346475,0.31417876067571315,41.763757866880574
2129,0.1496584718223748,-0.08158325477390779,-0.24391775052259332,-0.001313050880820401,0.2974613754527278,42.32359950825498
2130,0.15072350315114888,-0.10096380473884765,-0.24625654916818798,-0.017015754393550835,0.3281621340797137,41.20771105790501
2131,0.17190287634453494,-0.284221758053675,-0.3108669485527446,-0.1986894774562141,0.5716579678370001,36.81822373622352
2132,0.17217610065993588,-0.18592112023897522,-0.328244206857037,-0.10570650400295446,0.48440120620631755,40.23203740879775
2133,0.16559031691101544,-0.15355739952934475,-0.3407697477744488,-0.07581736619389354,0.4748705415244836,41.125988052416744
2134,0.1721212055681141,-0.13457561244352303,-0.33700108826422565,-0.059692454626555126,0.4495299189134331,41.970255741502164
2135,0.09748345573434772,-0.17563170370246936,-0.10134649910398043,-0.08586417790778501,0.30789128496269424,37.47680259546597
2136,0.16804137773498753,0.02036743896504808,-0.3792421717111494,0.08896586773774694,0.29361768581775455,47.431757850026486
2137,0.17586276317150665,0.012478430589844528,-0.3722011657891063,0.08326878810344869,0.2923149893964654,47.69390800436172
2138,0.18474186618762656,0.05524390234547852,-0.3676015299708885,0.11808731813549583,0.23273863922968857,50.209065694079364
2139,0.19446518657016215,0.09096951256842692,-0.34582105542643315,0.1461769162155575,0.16863062189451689,52.03684177745126
2140,0.20485315313276944,0.09821917095668324,-0.3393609947469497,0.15396621712841357,0.14837485836753203,51.51495429352694
2141,0.1993701495402892,0.10260954571579695,-0.35385731883552224,0.15364120285132635,0.1611743683040321,51.35341201491485
2142,0.20065682472670637,0.1124815039130046,-0.3382954451126978,0.15927132036237393,0.1398826730771729,51.4714772143431
2143,0.21303803585887401,0.09648286364478102,-0.337172727530418,0.15273323258768204,0.14623245531178855,50.662630652397645
2144,0.20084937735401198,0.07741103082956644,-0.3415426878492595,0.1361521518017197,0.1805288551596737,50.3741157216443
2145,0.19953373832890922,0.060564507093293314,-0.3373433283206159,0.1220327795444938,0.19895743190809512,49.05738524565363
2146,0.21537500425950018,0.10585507058469681,-0.3360203660540166,0.15801394351252843,0.1397333682732844,51.303475951088764
2147,0.2113528005929648,0.11520953688389379,-0.3402878513830286,0.16348777629540037,0.13513680447503593,51.25224128201065
2148,0.21074444022953986,0.08498908889373352,-0.34957701578723244,0.13937332803444633,0.18037123487014917,51.00846353492531
2149,0.2025037649379732,0.07768675397231105,-0.35675456517414755,0.13525026644431995,0.19328957719085857,50.90040995597371
2150,0.18992354414778462,0.04736214354577067,-0.33811584689610763,0.11293858886971454,0.21877169053354634,49.19061167885319
2151,0.18691492505918844,0.03246463904104802,-0.3386693584679361,0.09922343654394086,0.23825679986423415,48.8650195724432
2152,0.18828072233152582,0.10241117132735927,-0.3564929695324163,0.14824785824536973,0.17590561653898518,50.793584362152934
2153,0.18438132669845766,-0.0029167125273931588,-0.36947263091363763,0.07140026193505274,0.29634171330995607,46.90949127987597
2154,0.19225723854169696,0.039149642240950466,-0.3687884322005921,0.10029000617162837,0.25898406895913867,49.582646003255256
2155,0.2083335705949695,0.10576749396292628,-0.3498220980526889,0.1569439744402614,0.15498351377406766,52.84610508357845
2156,0.20370727723998752,0.09126327180894238,-0.35606112538933193,0.14508325102093492,0.18074305761028822,51.35209858333217
2157,0.18885789996682098,0.051390845110241654,-0.3124936668052264,0.11601410179971022,0.1932984914539439,48.283922224493395
2158,0.1900921817913711,0.054799132674292275,-0.3735744643821131,0.11374523058088645,0.24856181676462072,49.920030322636684
2159,0.1787183266877782,0.01006114224059307,-0.36202405548469,0.07693638005285179,0.2943790414512959,47.58807255944901
2160,0.18363168608165972,0.027869946270958935,-0.38400897632213693,0.09159881918080465,0.29077651086704714,48.978625838086096
2161,0.18104626771895216,0.0010892190187823225,-0.3754009841870043,0.0684937294007427,0.31608093221959166,48.451767235983496
2162,0.18393457882636705,0.016007059573223358,-0.34790236669498614,0.08605748653121656,0.2682214376964738,49.00885105293495
2163,0.19672351516841635,0.0643140842252558,-0.3690631589643132,0.12240971211886677,0.22760572841416865,50.91818171974684
2164,0.19653482206151357,0.03231739177899524,-0.3672441714590487,0.09927722533260963,0.2628578661174238,48.144935852507224
2165,0.192902345651525,0.057453217128988404,-0.3882213810709034,0.11419348523879498,0.2597244414962633,49.05117998356632
2166,0.20184114362914862,0.0688103613705882,-0.38462426670145067,0.12512197114031237,0.23785542909687274,48.85666997109115
2167,0.1995644173994093,0.043422003770721494,-0.3864252756306771,0.10133461800010335,0.2780206242586845,47.66631980353842
2168,0.19061939629080785,0.018595889847433943,-0.39474651592968174,0.08385179026965778,0.309369546778022,47.30823362352491
2169,0.17661292254064934,0.0105421367762588,-0.39114724184267635,0.07914303055101429,0.3130118617812718,46.62018685148901
2170,0.16787228287863348,-0.014046916381162155,-0.37812299931949656,0.05979601234673672,0.33585866160472516,45.385790160499724
2171,0.19464346450039657,0.021535865711470606,-0.3703414404319491,0.09415727443756632,0.2715229119143672,47.781838056657186
2172,0.18835161267468895,-0.0008769970838043765,-0.34057996669524315,0.07956155468649452,0.2697360804698116,46.448267185629234
2173,0.18578270444028688,0.025567868496897486,-0.3395368114952059,0.09657971831621794,0.24429163643163126,46.74409231549276
2174,0.1827117144795785,-0.02943083705484777,-0.32442046959365617,0.05424492626354457,0.2953069918138812,43.80620417898145
2175,0.17184771358003248,-0.035071019176179094,-0.2977685284241846,0.05320185193988842,0.2788760852873123,42.66449755167227
2176,0.15463651412112323,-0.06336766092897815,-0.2873817762206696,0.025444032663593043,0.3114136205662118,41.93896340224697
2177,0.14957107928362648,-0.1244895000975448,-0.31610264060242876,-0.03198539555334922,0.41415206576995617,40.683729212200404
2178,0.14637774012770297,-0.14690568686912747,-0.3297271973370888,-0.052066398925387086,0.4539696866947528,39.94807476755383
2179,0.1419865196927537,-0.1478651778437096,-0.32574880945891393,-0.05478380003639121,0.45225443680361715,40.66879869101276
2180,0.155321287466015,-0.08085544989819662,-0.3538577950575782,0.0009133253609004137,0.39804241806660096,43.0728794464456
2181,0.16930498879913697,-0.04950282411081369,-0.30544457578158857,0.036897271022375264,0.30541756761188665,44.03820225642844
2182,0.16741570236405787,-0.07171980645546987,-0.33699463428383786,0.011268916037221438,0.3674784972834612,43.62936615402933
2183,0.18856601471761253,0.01588969945713384,-0.3027502930935743,0.09059565410312152,0.2229432849141054,45.25493230948611
2184,0.16474810188448616,-0.034022570951143256,-0.3018815244830509,0.047510191008015845,0.29124128846300223,43.93771656526315
2185,0.15153409643395882,-0.07572332402542506,-0.29716597357079344,0.013874253690866407,0.33618888227569343,42.99174148969735
2186,0.14938678890262796,-0.06215763900917042,-0.29294152738693113,0.02456484576862343,0.31781474643993385,42.974758370527034
2187,0.15387576570387482,-0.05244850535738444,-0.2809747526419159,0.03388947841675959,0.2936848362896699,43.15258434505971
2188,0.16393899583893964,-0.02144841382873536,-0.28190234065905984,0.056008646567239556,0.25707301284842826,43.821190244079574
2189,0.1657409754409452,0.02314233490361058,-0.21345696624218666,0.10058358021138504,0.13008413517180775,43.52521127587358
2190,0.1636503694458287,0.01968381536966462,-0.20464931704312864,0.10090545597580863,0.12278591720109361,43.78545417053419
2191,0.16133709684521536,-0.005919814735334142,-0.26220693744117235,0.07366573199998769,0.2113188084937271,44.42216300380607
2192,0.15776511992295283,-0.028220648221263675,-0.31958251868694726,0.04872035717596097,0.30272211525505177,45.006612052856816
2193,0.15864380265664968,-0.035354622652204445,-0.3488671363762509,0.03833825844567738,0.33976604275782174,44.733071323410115
2194,0.15815213992145064,-0.007474650877405559,-0.3765020584902187,0.05565633061710726,0.34247272167100457,45.0003002272481
2195,0.16815388602043876,-0.011730550563529462,-0.36747205397123833,0.05756733492924297,0.3262707513971735,44.31769558796655
2196,0.16510254428829316,-0.024764470847588812,-0.3831143083197407,0.042339182008097775,0.3622338543959219,43.960329496124054
2197,0.1511290683060783,-0.07027401635196975,-0.3606770929738787,0.005942880899047141,0.3952045019566073,43.494815241463975
2198,0.16192062533147292,-0.06029569752983646,-0.3642461227774336,0.014620008009263713,0.38605588228735144,43.05094579335026
2199,0.1648410215290237,-0.03397104826306629,-0.3511999976303895,0.03978026922394235,0.33334501182449505,44.510115609453194
2200,0.1703472038840137,-0.08357311612639369,-0.37455339724133563,-0.003372586500618494,0.409272802115353,42.71264166628984
2201,0.17493492475896108,-0.03307948652635113,-0.3342800395861815,0.04160231541154168,0.31881923733166945,42.75357605849529
2202,0.17071343287486512,-0.01616092803095996,-0.29624673367701926,0.060486283773793746,0.25689765779478474,42.52237998934263
2203,0.1664511918141419,-0.03804537177232494,-0.31201333469130854,0.0414322121141304,0.29427118012787823,42.574557208295495
2204,0.1419433055747477,-0.12330973444272435,-0.31529144226884787,-0.03777083114873181,0.4162289087660383,41.977983981561586
2205,0.15252564413404407,-0.09204302715100345,-0.3356131718787,-0.011815186289082373,0.39583610821722787,42.37381733567232
2206,0.1658952548267102,-0.050337018114819894,-0.303052106221147,0.026408249142987297,0.30947243391754886,43.541460467147054
2207,0.14610554337343232,-0.08094745301137732,-0.3362257526716069,-0.004785994133585279,0.3884455482806664,42.758949163046914
2208,0.15730075409651278,-0.10684476090967739,-0.2984287577277767,-0.020230311899376376,0.37368507493690967,41.55417686187809
2209,0.153121333897219,-0.12269388566926447,-0.31330480672045014,-0.03747749476011668,0.41028132797888917,41.358296872010136
2210,0.15013349317833488,-0.1389029601443454,-0.29092731748816386,-0.04587029007421465,0.4016815127326793,41.15993257897429
2211,0.14976197290999518,-0.15914537511570095,-0.3016701275115588,-0.06665932511313746,0.4390060154837647,40.54359993317678
2212,0.15405100601365662,-0.12477158817681135,-0.2984889572013761,-0.03839834018942632,0.3970840351333947,41.45466890532832
2213,0.1580913585736554,-0.07870883263439284,-0.2785012759885899,0.0033046853017291147,0.3168435768321198,42.221134225005024
2214,0.15691144579404287,-0.08439465133708483,-0.2808048215741535,-0.0031081952108002217,0.32994424487687923,41.84640247321481
2215,0.15281825195977022,-0.12373113437941716,-0.30992339991284823,-0.04047798662045085,0.4103492333042579,40.823400959380294
2216,0.15628138296214644,-0.09178941291097525,-0.2988673674383393,-0.01438401470239874,0.36223334492411174,43.922756862675705
2217,0.16995373464583965,0.009516014981041048,-0.3522623122422687,0.06444886229420693,0.2891850064543298,47.58956218202511
2218,0.15571778689209573,-0.04982780971992531,-0.3017066835803466,0.01850454480663187,0.31381928158747857,45.822193468349745
2219,0.15328273862123526,-0.10252454642663751,-0.2875917724044385,-0.023726488278252373,0.36295260611570446,42.30747232730837
2220,0.15197723557291032,-0.13394240977539107,-0.28094745108093705,-0.04965644085451495,0.3907376365371718,41.652771730443135
2221,0.15243592111007984,-0.09459432062835388,-0.2702023668860335,-0.014181511352774649,0.3387757196122388,42.66608658447074
2222,0.1604883981745171,-0.08291100669631733,-0.2704282987176455,-0.003242013731516487,0.3214659174391688,43.90073711215547
2223,0.2129156377147946,-0.017379294845715713,-0.29351446699771483,0.04669572975478513,0.25519154111201886,44.91043930378234
2224,0.14340288997674958,-0.09971285395035624,-0.27790365757350693,-0.019179816365904455,0.3507342818109441,42.92567086267549
2225,0.14787453052563654,-0.1036829890593968,-0.25892016526436157,-0.01959407181392435,0.3404604804471477,42.55539269053826
2226,0.15446030712549624,-0.036492754055835304,-0.2414817523204276,0.03465145946069291,0.23918407194367744,44.51137097464685
2227,0.14995418697773621,-0.05774133546182501,-0.24581781630811783,0.018932767647645978,0.2684655075546307,44.05555392887471
2228,0.15425036063927122,-0.06998786023475098,-0.2737650233046961,0.007933318607218976,0.30799613624594463,42.82790862688874
2229,0.15534549732964548,-0.06433676972282347,-0.25330746367925494,0.013203402112143367,0.28226428083825833,43.14491933776459
2230,0.15037628534131348,-0.06753016850046911,-0.2732325601747095,0.005113992657666018,0.3083189676513709,43.70273950713098
2231,0.15728868979697228,-0.08468988633309327,-0.3161843381613783,-0.013541542523616475,0.37248741008836217,43.51718084301535
2232,0.15833769883934198,-0.1197386907269681,-0.3238926788961637,-0.04363185055552302,0.42482320438741566,41.068712739957064
2233,0.15895643045035296,-0.14171885825990754,-0.3294598995772407,-0.0642041449343537,0.463695150400415,39.69903265207817
2234,0.14339117909530782,-0.18258133864231024,-0.21907259531911155,-0.09477879460851027,0.40553759636613984,38.48042041598805
2235,0.10247287535839444,-0.1593739844289271,-0.03400979080491737,-0.0711305525410625,0.21932801857342568,37.278377982324635
2236,0.18328265259339785,-0.002943649531187256,-0.30733882586966915,0.0531459645790591,0.2712606529363383,47.31646994610334
2237,0.20989528055215553,0.09405562383188797,-0.3375756672247502,0.14956539032808958,0.14836695101235575,51.208616202134614
2238,0.21113351672421485,0.09795218750593482,-0.32443054115484216,0.1532644732706059,0.13512077303876807,52.57031376947333
2239,0.2189341834201209,0.0930501645927738,-0.33198432455209087,0.14905312126337047,0.15001057865602152,51.982116533591665
2240,0.20827832413335157,0.07837700375798332,-0.3411363443930172,0.13818980217053076,0.17636555188446223,50.74042445113735
2241,0.2142462582706093,0.10495009823745115,-0.34982839306326574,0.15704988952258647,0.1533536087798696,52.074517966564095
2242,0.2105333533567745,0.12027893277249528,-0.35208802839086145,0.16514374828925946,0.1423947296141682,52.617570698023016
2243,0.20503679027901994,0.11104727077983689,-0.3603434664952892,0.1587516416040145,0.16386281010983472,51.96818020540611
2244,0.19984765806847007,0.10327032419906905,-0.36716794839827066,0.15139788823839706,0.18046835332897634,51.06715476266949
2245,0.19599692515228118,0.10094512817016187,-0.36458791834634735,0.14986000939552055,0.18092841765007278,51.667640876489656
2246,0.1915337144031133,0.0932538598231269,-0.3632346537187258,0.14293874383428634,0.1900837318786905,51.47138073856429
2247,0.19226535116203347,0.09310252460025967,-0.3592384205131807,0.14370191297120638,0.18501887634493602,51.59436111689371
2248,0.1987861182295008,0.08172887009540244,-0.35680202835785557,0.1359864700482965,0.1927758871791123,51.46863686112278
2249,0.19076687041740742,0.04415570508895059,-0.35617615384776535,0.10939496286813204,0.23627197352970838,50.217881162077475
2250,0.2074829857527453,0.06390816229469592,-0.3522295663287492,0.12418359713476103,0.20914466575240093,50.801640866560824
2251,0.20569784472712263,0.08772344804515868,-0.3535583714305574,0.14118955443808223,0.18219787766879153,51.66387884888145
2252,0.20043892697249285,0.08369791354749921,-0.35244627572300824,0.13552688817868472,0.19002445476067029,51.76969055095002
2253,0.20956903452426007,0.09028724949582882,-0.356299300780616,0.14209052333721273,0.18270286742444833,51.37934864094048
2254,0.1986275188372648,0.06848468523443804,-0.3603264292286147,0.12251299725482212,0.21744600672561884,50.74782279954879
2255,0.20850277080001814,0.09735430848424435,-0.36870632955840366,0.15104597256660682,0.18204160511842216,52.622191352162694
2256,0.21823059142033924,0.09544690893321603,-0.3587449431522023,0.15199453534361942,0.1689344416128718,53.26318506879736
2257,0.19458823848813445,0.03789117128839437,-0.3405484414408144,0.10231756262340622,0.2367493523817264,49.02179142227974
2258,0.18746006159230125,0.0231794915267474,-0.3545542151109292,0.08953101987649643,0.26570277286840266,48.57731653097121
2259,0.2044573944781528,0.08964317445332869,-0.363924221956245,0.14492376951620153,0.18790459278641114,50.03350363140763
2260,0.19840364708363048,0.063870053961382,-0.36733364407586344,0.12320296467732642,0.22569825488985717,47.97571806864045
2261,0.1824302091104406,0.029336661938274475,-0.3285482812824746,0.09598247409819462,0.23799875268446205,45.34799997611371
2262,0.18869461453770814,0.025694800342323045,-0.36923954110917867,0.09044345051904465,0.2799896767142673,46.70580229679077
2263,0.19333062965656836,0.0507555547117247,-0.38470049540823875,0.11357963125430581,0.25675297395458524,48.17901584273023
2264,0.19527052826665064,0.04064972439378423,-0.37746152979754927,0.10619885320368258,0.2591787982401713,47.623320749164236
2265,0.1700192197485972,-0.0034028603094784496,-0.35107800297450587,0.07148191423157048,0.29801469506168904,45.92955966700894
2266,0.17536873348009596,-0.007221741770393529,-0.3163140521692844,0.07303986547680393,0.26491881619752694,44.94120020102006
2267,0.1794776068083827,-0.014090067676638637,-0.3044526100808415,0.06903560936814378,0.25907642489099,44.78345689043508
2268,0.17123795405967693,-0.005061287288201878,-0.29944884867174676,0.07133685858754205,0.24837304996380516,44.59740410710902
2269,0.1695955726797384,-0.057814745502103346,-0.34050165375339286,0.023452875268554628,0.3547536739058969,42.82223697240504
2270,0.13025972094972307,-0.1318708504398178,-0.2981110056138269,-0.03724369465328816,0.41460648389020094,39.502632301272364
2271,0.14224076704961625,-0.07196575504525075,-0.3432362552169654,0.008895069583238699,0.382396483556428,41.892123368033126
2272,0.1563808861556171,-0.09456303191029379,-0.34084337489909755,-0.006224898225320068,0.39811274097235644,42.30022642253456
2273,0.15014305313065238,-0.08287094691760646,-0.30046102080235726,0.011059080054802453,0.34477732039958653,42.90760679579877
2274,0.1539062295517956,-0.06024970456597771,-0.3129907273989787,0.027216720843836556,0.3288696105016931,43.544662020075464
2275,0.15195915416649897,-0.05643818436578536,-0.30417951203333127,0.03110202736127237,0.31767200055919553,43.76639205737561
2276,0.15072341958604263,-0.07614905899812827,-0.2996112320924508,0.014810100331241837,0.33857015308592786,43.27342750437007
2277,0.15271776222678465,-0.07274994993906109,-0.3154369948273694,0.009082043909207768,0.3573907869778736,42.97918231264488
2278,0.15988253364674737,-0.04929439896282646,-0.30627897607824645,0.034503604115385646,0.31293246332952984,43.59566981255125
2279,0.15424945233000534,-0.068320676260316,-0.3121097423571454,0.016465742757388574,0.3472950519539307,42.83056287788993
2280,0.14651787146766365,-0.05763142482385948,-0.28580315320523675,0.028727384858081982,0.30677963848937334,43.416563568822845
2281,0.14809678328953388,-0.050804592510003826,-0.27723764420723673,0.03435583010103339,0.2916496921782945,43.37221277270311
2282,0.16165040555177487,-0.0029537354317819577,-0.2535757601101438,0.0742581027902787,0.2056983174953899,44.06465232443369
2283,0.1689683489442477,0.01878663484490622,-0.2476700102385102,0.089672695896354,0.1730173127296578,44.797632745173
2284,0.16423102593334282,0.0095226681701741,-0.22572225422123085,0.08757105365771799,0.15940728609198554,44.492588463845884
2285,0.1560120426617415,-0.008362692401106705,-0.23373534731338594,0.07197917299108159,0.19086840090617965,43.80085951502077
2286,0.1621931955308367,0.018018908144342552,-0.23325299864628746,0.09235706021401542,0.15832083499179242,44.30548665900572
2287,0.17201989723282868,-0.0021803714133710075,-0.2939669492409403,0.07177238806958734,0.239650410470167,44.74273414219539
2288,0.15862068236764035,-0.006802678262343339,-0.3623234837776225,0.05995156917984355,0.31793953549181847,45.69601088337235
2289,0.14416469778865162,0.03350848290776003,-0.40868814745599974,0.07999917302188184,0.3337435674760656,45.71320913383295
2290,0.17602604299118207,0.036480797429745075,-0.38742895581955794,0.09831254388603587,0.2724215701078517,45.635182168150244
2291,0.1705599774491437,8.607825269168417e-05,-0.3625822692839282,0.06527442664342079,0.3096580518601321,44.919461520029415
2292,0.15896952032869677,-0.05540483119623914,-0.36314578077326215,0.01694893339169198,0.37705617566312033,43.25169578274689
2293,0.15491708252702147,-0.05591161646575494,-0.34612487785816953,0.020359843318315404,0.3619925127396178,43.42232969873947
2294,0.15445572014706685,-0.06449925499103554,-0.3358437095171595,0.013767874942428595,0.3655741488288982,43.764149400708
2295,0.17659463225221197,-0.04030907288220853,-0.3335573118545264,0.03282333427503947,0.32918291804848576,42.951829547624115
2296,0.1586827652984016,-0.0880700947550194,-0.36352525182260753,-0.009813311196704337,0.41579963047246604,41.82680465785987
2297,0.15283525629335132,-0.12180218177920606,-0.33500849693239637,-0.03404619439911812,0.4233917537986319,41.296440678719314
2298,0.15510403890624203,-0.12575199648372948,-0.3458871825697571,-0.04351051576504083,0.44629157077092607,41.18128748227129
2299,0.1464639389082492,-0.10170815775505823,-0.3063131853101204,-0.01760235736927005,0.37919178042138685,42.244700215412806
2300,0.14309515670425554,-0.10395632395088425,-0.3158255085746432,-0.022001093327207795,0.3948002184545863,42.77271281128711
2301,0.1533520112975008,-0.047682650951055124,-0.3288851907842697,0.025148206325464096,0.33740894613751937,43.5870304548693
2302,0.1490536704282144,-0.04645997784529034,-0.3632164651796672,0.018204344180715638,0.3860512892142187,42.839701389212436
2303,0.15636414334948645,-0.10140732041771627,-0.3064863119347929,-0.018350952084516942,0.37974090456367837,41.26494413989795
2304,0.1510797291392543,-0.0705580993858048,-0.284847689026951,0.008244479181000937,0.3210325193524344,41.91397802421931
2305,0.15359555052774707,-0.10523563060352933,-0.3263993390730373,-0.02601491977897387,0.4021389155241214,41.68576765353599
2306,0.15539278740210077,-0.11554829118781627,-0.3227469269643267,-0.032185745320168165,0.4047535601064889,42.041392952931716
2307,0.1640369665603632,-0.1349684672650122,-0.3087380634239796,-0.05038774192922259,0.42460769723492975,41.20071807095848
2308,0.15646750487956665,-0.1286085519213347,-0.3070910305349791,-0.04486095771518774,0.4154815138790716,41.17212552474403
2309,0.1453580299829563,-0.14214642976774436,-0.32863649179152965,-0.06025763524908941,0.456078758577199,40.72916581604139
2310,0.15497924792416487,-0.13738777680045164,-0.3369662067293764,-0.056606011996754635,0.45526656490049344,40.748504916967384
2311,0.2054999817409547,0.05359531770071652,-0.3622548507174919,0.11064514195072166,0.23662251677725066,47.53199937856104
2312,0.18649454872510562,-0.047387447952171584,-0.336039069532966,0.016368462171251034,0.3498451695355444,44.91868743736785
2313,0.15538598637538004,-0.08383735329515522,-0.2976287813556099,-0.008624060483995555,0.3544642324263831,44.07519757580223
2314,0.15002022841364,-0.1077780264163291,-0.2789895749924868,-0.024423415434695357,0.363770622082037,41.6410347469775
2315,0.1506777324241872,-0.12408490094864466,-0.29497498066228645,-0.04236702888841096,0.3999661897877527,40.997975276570706
2316,0.15065095010029653,-0.1070106657111741,-0.28639972697186444,-0.02663952490054535,0.37011090493344695,41.79813935305756
2317,0.14986861662958434,-0.09193862507372001,-0.280385050913612,-0.012949236452797424,0.3463230859257959,42.7724291667912
2318,0.1515389993793476,-0.10966192131088742,-0.2746861724685947,-0.025598696300295397,0.35726019854290886,43.10162496064051
2319,0.15249590130400079,-0.06668731211263301,-0.2607420963157679,0.007039153041465261,0.2956662305543315,44.11107419322346
2320,0.1384785212158896,-0.09973077823609715,-0.25851384646358694,-0.018581728010459955,0.3358360403092435,42.40149003768548
2321,0.14360068347559085,-0.09700780740848405,-0.26406208328716574,-0.015138684281812411,0.3356819391116866,43.394991172695036
2322,0.14697724111280636,-0.0972709301053197,-0.2727755427141686,-0.019973370583897622,0.3490034847481518,43.53266924521291
2323,0.1620405589945715,0.0002819326746155188,-0.23932619238421168,0.05946979363417372,0.19187495301974367,44.79543764124814
2324,0.15643358648243988,-0.0818697908893495,-0.290889131293921,-0.012493253181913072,0.34362070278323475,43.520460542542715
2325,0.1748975620395092,-0.022456770951747876,-0.30043846147037284,0.042845861871625285,0.2712236936153567,46.44036469888933
2326,0.16989724582187116,-0.11826296233409847,-0.32566925249554024,-0.046798921187978904,0.41710506774797873,42.62185810511195
2327,0.1645101596959927,-0.18677967716919416,-0.33468962845754263,-0.10950586062177928,0.5172725521965575,39.16447395757327
2328,0.08780146971023428,-0.20454397197318994,-0.0365808180696668,-0.1067811787012537,0.2840365295691723,34.7484992511347
2329,0.08808261083767327,-0.21047833312631598,0.006954961101940269,-0.09896348080399814,0.24511817800223096,35.43752619127601
2330,0.16851651173201762,-0.14869622704612778,-0.30746457635432356,-0.07167404539222114,0.4459552695727336,40.075621983594466
2331,0.1830974519803391,-0.041487618861932966,-0.3096103231165441,0.02167770923337345,0.3166054427607277,45.10675814175628
2332,0.1599466408148424,-0.1962569671756628,-0.2945666902343538,-0.11182050419468478,0.4666470842332184,40.695355812451915
2333,0.14318148950051016,-0.09301556391224045,-0.2627353046578669,-0.013591984806295499,0.3289334363506742,41.77840427327882
2334,0.20680184850420696,0.10048463352786755,-0.33797955471435115,0.15545190515048196,0.14353722588627796,52.76399284448396
2335,0.2116395634217181,0.10532897886731822,-0.33319273391404364,0.15821721047337495,0.13535082665040743,52.95015974064655
2336,0.2155364866645691,0.10222302732568896,-0.3364351492481736,0.15734316560286407,0.14008498663483965,52.571562478199354
2337,0.21033448414761555,0.09162141966113821,-0.3491032199063117,0.1482675476513831,0.16401356639166792,51.44282934634486
2338,0.2023389895229772,0.08235361640327248,-0.3551180502533233,0.13963026623073807,0.18431985850482002,51.013103884873516
2339,0.20111122593593928,0.10479788317818724,-0.35191281875618685,0.15195998724644935,0.16422820972181806,52.23738331636974
2340,0.2001398850477303,0.09893519867157675,-0.35447654118841593,0.14917750893014617,0.1718504886828673,51.8985802334986
2341,0.20358984765307375,0.110264845073783,-0.3546587742617268,0.15956341474616614,0.15576461295598507,52.7802951493033
2342,0.20116225498634394,0.0885646679133637,-0.35760331357904934,0.14329728333444108,0.1865205464089904,51.95556183466792
2343,0.19711869704540866,0.065247583114221,-0.3375693101038811,0.1288135520212897,0.19302573577359713,50.73617512865488
2344,0.1916001040816032,0.062344750519304416,-0.35143801569937605,0.12184120457752291,0.2148885272410756,50.96866905598706
2345,0.18338294482928738,0.038042263915396474,-0.33745011556763455,0.10415989540004689,0.23211802382828906,48.75566570205616
2346,0.1969983603653191,0.05352448658742859,-0.338269953586255,0.11577044822361982,0.21189853545726695,49.66575465425532
2347,0.21038511336371976,0.08412417687229952,-0.35951891514802736,0.1371537070275087,0.19403880471851662,50.872285729329455
2348,0.20023246773968048,0.0626095306301359,-0.35530576644739703,0.11834806549282363,0.21862741348555464,49.94241487690797
2349,0.21107549544687795,0.10676464618435948,-0.35228143770056136,0.15617420894567066,0.1578729767987056,52.324399067278954
2350,0.20628365688258885,0.08849233931550095,-0.35842897579844757,0.14113898204689349,0.18492831285013525,51.97276579322127
2351,0.209629608081749,0.10820826261257521,-0.3573074469849738,0.15708812029683697,0.16060901942405678,52.88810394626555
2352,0.20772150511960238,0.10522422194898146,-0.36015259818043144,0.15623541270895577,0.1637898054632281,53.6381775510935
2353,0.2152084006668459,0.09831586037960256,-0.36378897124633114,0.155408810863136,0.16930911018852704,53.246809655440906
2354,0.20212226537456437,0.07540475756960822,-0.3547754273756133,0.13371546965890652,0.19536144878284947,50.64711792115849
2355,0.19657689652480298,0.04379928806246409,-0.35740795817614196,0.10672677020442337,0.23911650480210025,48.220686166680125
2356,0.20338091077781506,0.09089262179825386,-0.36127277901191457,0.14626402386603643,0.18423482634504904,48.73769995030917
2357,0.20350112021625594,0.0702902633091264,-0.36507151096437523,0.13115171523038144,0.20961779487442564,47.666584283779116
2358,0.18355875027517995,0.02780821483125421,-0.3319532532485618,0.09679199612604901,0.23918134416732145,45.01022920927747
2359,0.18864312762436738,0.035229895525816554,-0.3392428567571688,0.10425701320324529,0.23017488731854924,46.1128532809547
2360,0.1857176691880865,0.01662603870427548,-0.303496261666684,0.09558066057367377,0.21507518258979327,45.61824275006167
2361,0.1786034305149605,0.019303014337080107,-0.2718614368002372,0.09722165571263762,0.1867172725136186,45.29588663092415
2362,0.17002497941636383,0.019376270654081894,-0.2715995190862572,0.09541560875734022,0.1907118179670806,44.852370749488685
2363,0.1701303871851834,-0.010003088862879515,-0.2733056607217065,0.0742817097733589,0.22855866981752432,43.62620832014752
2364,0.17258545992675275,0.011578510307073757,-0.2597826040586415,0.09286081578330947,0.18539209586188624,44.15090873908754
2365,0.16149083114592633,-0.033694310703371755,-0.27454903956423493,0.05615361312805902,0.25778470830678896,42.656565865330954
2366,0.13957306295723398,-0.16593022769757962,-0.32400631188708845,-0.06530420792776505,0.4734641925612799,39.01051596780752
2367,0.13164004018656264,-0.16775015884915648,-0.29167652701512353,-0.06684847425300014,0.449637104391537,38.82560612877994
2368,0.146631840674424,-0.12610987211537714,-0.3331015720293781,-0.03678872729109353,0.43849271890207925,41.07843053789732
2369,0.17263470917755497,-0.06572334430622274,-0.33317851594065545,0.015038821575256402,0.3579598189525173,43.54468244494867
2370,0.1553635066543255,-0.05711119268444924,-0.3377053674562953,0.02549911899117219,0.3527347680041571,43.475188572926626
2371,0.1485892649368844,-0.047834080789731066,-0.3092144030091673,0.0378238759987806,0.31300588673355667,43.83571466458352
2372,0.1663323657077212,-0.033338199815332856,-0.3159868328756919,0.045487004378478586,0.3031628717970811,44.78112801705784
2373,0.14804292692439622,-0.07476448805541024,-0.312688757742828,0.01223030241945448,0.3517669848066966,43.057494049158265
2374,0.150910638865128,-0.07899702692551427,-0.34400722582550824,0.003085904567175404,0.3867169538588349,42.42211835041031
2375,0.1591947961993262,-0.09901288352261481,-0.35426222725713763,-0.01803061363174176,0.42577473374648417,41.845201566792774
2376,0.14876135357702197,-0.07565501551871893,-0.28827313455036896,0.012294481408991757,0.33065333090013355,43.05136612176692
2377,0.1585257840480052,-0.06791927351643878,-0.3134891317781537,0.015792788953827845,0.3445279586327406,42.51731257802996
2378,0.15302822362778135,-0.06706056529799584,-0.2945481821199157,0.01800824441841595,0.3246826032216601,43.0090456087118
2379,0.15067490430357994,-0.07083614460576988,-0.28275032057912924,0.013478894778272615,0.3196780852193844,43.13974122806148
2380,0.1656622843738808,-0.02321600693882005,-0.28478777176664116,0.04757426375842718,0.2676713708904622,44.27137108337307
2381,0.15392197859525744,-0.01358572995575931,-0.25179413190649225,0.06272657599617534,0.22109376515310672,44.424233038298524
2382,0.1506045579890356,-0.054269432154639155,-0.2532905585746078,0.03254314534507268,0.26811869712045827,42.75536932168661
2383,0.1625409291349384,-0.01163552672029148,-0.23042997594316256,0.06909435032893939,0.18939707029846647,43.236336678208076
2384,0.1693100628893598,0.027904888265969065,-0.21312847178646163,0.10219703664231153,0.12069466941097275,44.10994172695964
2385,0.1656570194924519,0.017584469493552496,-0.32436606450552685,0.08174097122584714,0.24849894095394992,46.139049263224685
2386,0.16942120998675092,0.043683398585092834,-0.3780372330476092,0.08485043899446211,0.2983829606786752,46.53193912080004
2387,0.1616825551958204,0.016178017616678433,-0.37975291012033996,0.07198081183351447,0.31402870524075727,46.25898741696406
2388,0.15284318960133633,0.011930525856948948,-0.37320384570654924,0.0701055487727876,0.31221250159204417,45.630560066915066
2389,0.15801848529809043,-0.03383127596103645,-0.3551193029633652,0.03489579828039507,0.35004283998396707,43.23411315961958
2390,0.16505709678829447,-0.03322623353518252,-0.3345302749417977,0.04098592591085428,0.3197942087507199,43.82462570558875
2391,0.155362088216913,-0.06671375685672964,-0.33736517307566366,0.011761561826957125,0.36579403740491256,43.43024625605364
2392,0.14883950297311044,-0.11876518442764795,-0.3320688022589052,-0.03162407414674332,0.4222169757590991,41.8416086716746
2393,0.15627019906071435,-0.08836795512758816,-0.3561775907724174,-0.01278829613994041,0.41784757577132925,41.89089549759468
2394,0.15202481738089957,-0.11120753392629745,-0.37439127195359684,-0.03299406881087,0.45536256003315917,40.85549801379542
2395,0.13723665207385086,-0.1967651286256796,-0.38909857823926014,-0.12509730085250365,0.5971224773828144,37.57441643396463
2396,0.14649846068110134,-0.18116016907409876,-0.35301693258545763,-0.09792130079302074,0.5223682503241038,39.35818233927995
2397,0.15465499007227299,-0.11285172196069376,-0.337011183099125,-0.02911653452643789,0.4163418967689651,41.25584581346147
2398,0.13979363423051014,-0.09507704413594747,-0.3281422886072807,-0.017735076705011107,0.39848699802548826,41.99419316392505
2399,0.13666293585789363,-0.08379682313658514,-0.33086489233670513,-0.014511449357528213,0.4076884580180615,41.295256404217085
2400,0.1495219554399542,-0.07147707986394904,-0.326913427976451,0.00031292520911780725,0.3748985695858913,42.573186253072585
2401,0.14165368601362294,-0.10709001029744503,-0.31009804747118025,-0.026719373321000394,0.394338409750678,42.25321832126817
2402,0.14787415855519379,-0.12992853368795654,-0.3310482088272759,-0.047589154095408925,0.4363863707592388,41.51388323198788
2403,0.15631329177135614,-0.08386149515242647,-0.30714504344662064,-0.004328848610774951,0.3601207772316684,42.45938918013673
2404,0.16117159509267864,-0.10284371990027227,-0.3167567014083388,-0.02467034644898143,0.39836810936758316,41.96583175609875
2405,0.15524474390720183,-0.1010067259230774,-0.33351343342275186,-0.025819459829271637,0.4129925095272546,42.08263205485336
2406,0.15451847507590488,-0.1459912729469327,-0.3797385868604221,-0.07217206638456714,0.5066635597721387,40.8447301378802
2407,0.1626508565962922,-0.11909258251839892,-0.3447652484799242,-0.04308869474132816,0.44224958084139454,41.11544973461126
2408,0.17725859511644768,-0.060730122316905236,-0.3580054924836102,0.004794684862786359,0.3889729656280639,43.17001850871371
2409,0.17137155741322507,-0.09872804230519334,-0.34827940285260284,-0.03142137023537821,0.42864747008199117,42.237332965484924
2410,0.15407610830310045,-0.14281390603417182,-0.34004925872147157,-0.06465499435262854,0.4672558313824617,41.303448814910844
2411,0.14447912286928846,-0.18324857674016276,-0.3102516894973584,-0.09632752369169122,0.48776354906037567,39.0907644485887
2412,0.15027825148226154,-0.15665713643258616,-0.33300417862440346,-0.07913574686400539,0.4785480064743494,39.861403280179786
2413,0.15120198388148984,-0.12505659085158932,-0.304420906895483,-0.04798504809913873,0.4131376212854894,41.33136437845808
2414,0.14768398110596453,-0.10605256499024505,-0.2884761788300442,-0.0274014751909052,0.3738526791312184,42.230852333129995
2415,0.14944404029781072,-0.10686743726451854,-0.2860845475897109,-0.03055176823304661,0.3725605343217325,42.688463100187725
2416,0.14492916379931783,-0.0889314372581588,-0.2655872323606468,-0.013953437396696206,0.33221326065210655,44.10958906551303
2417,0.15064517973637578,-0.05799376612986756,-0.264365374943691,0.012880250511666339,0.2903774563249954,43.47052487927024
2418,0.15587803564284874,-0.12218393243867788,-0.3294777510498194,-0.04644081689629986,0.4315256790042149,42.863877421918914
2419,0.16467455691229135,-0.08062719530483213,-0.3176319740081314,-0.0068920723336370485,0.36145176977933746,43.89922617104708
2420,0.16743993617022238,-0.01273080746866308,-0.2615710550153307,0.049918703814429075,0.22515722434192742,45.62422450810048
2421,0.1649711862411711,-0.1388718884342738,-0.301758508478008,-0.060545433324464354,0.4282466980459305,41.352432640289166
2422,0.17046414553227796,-0.1695561270813441,-0.3533360450486775,-0.09621085958843364,0.51193103972265,40.39017198673724
2423,0.12175191283143653,-0.16351420126662178,-0.13433715375003683,-0.07541556338380284,0.31191330758950286,37.894047464500844
2424,0.11002705927120683,-0.1711654217337132,-0.09191785328810936,-0.08289454157659824,0.29046916106312753,36.61862980958864
2425,0.13596716884248383,-0.1690825520699428,-0.1980972694650088,-0.08234149659791833,0.38053370412554366,37.22735375410124
2426,0.17378649537090884,-0.16553113005294973,-0.32498817484184295,-0.0848138363360285,0.4771528209126729,39.550706383912946
2427,0.17710604793690438,-0.1513842901441604,-0.33061433406917196,-0.07193262838598118,0.46108933945521785,40.43236423176191
2428,0.1807394083884258,-0.08424469316004338,-0.3321123733527725,-0.015183512456944055,0.3878044991632848,43.31767412797208
2429,0.16341041394539937,-0.03860818622016261,-0.2803131388582466,0.029623521243800643,0.2793511309094451,44.65895350257173
2430,0.149540609934188,-0.08904770965693991,-0.2559239066878623,-0.011016312301661073,0.31852982885645903,41.724546793718865
2431,0.1615923334010819,0.0010058558114165632,-0.20174056262490891,0.06760003321659505,0.1487029354204971,42.763408193276625
2432,0.1990467640854922,0.09510949183619906,-0.3395542434627483,0.14796478358936277,0.15650809838230656,52.13548504178805
2433,0.1934165634807103,0.07271636346148108,-0.3357416731451685,0.12997667572436264,0.1849827159297023,51.384223507365085
2434,0.20476944413062226,0.08538637804970992,-0.35460663090002054,0.14117149458413494,0.18203068853996918,52.69228470460802
2435,0.19371944642760325,0.07496247827490905,-0.342159235347459,0.13151107433435968,0.18785223176547616,51.657214939985245
2436,0.1931813349477577,0.08578774356672615,-0.3429062416596788,0.13906940356769817,0.1773600959485733,51.609999992522624
2437,0.19372864083319405,0.08033432591639517,-0.3489148003390097,0.1383751241542993,0.18362581837830008,52.4123710193283
2438,0.20162490080104764,0.08120237384015236,-0.33881173187705843,0.14196619201641975,0.16817374797031964,53.63521712320315
2439,0.20385295704086207,0.07745752137471017,-0.3433799580505455,0.13830091726012392,0.18123026903108108,52.731232258453105
2440,0.18441952979699808,0.021008085949086052,-0.3488363582997817,0.09424682838901183,0.25725210010606026,49.22618310764928
2441,0.17680212835890874,-0.023658262587939023,-0.32416765754373683,0.057304679906572786,0.2955924750454634,45.79341730730665
2442,0.19625597242322548,0.032342833800857625,-0.33689442824272214,0.10219196804698473,0.23242837117945406,49.23475206605062
2443,0.21204735507529435,0.09723162702603659,-0.3532572262591308,0.14955781045659428,0.16957419257948375,53.23644304918197
2444,0.19821761699347049,0.06489504390762335,-0.3578867120892109,0.11893896833676622,0.2228984329179446,49.67291782203045
2445,0.1997375807742494,0.0644791522869935,-0.3608099677757073,0.1184177551065267,0.22115653834883664,49.92462789243523
2446,0.18631054570884675,0.04461949644529105,-0.315590982325766,0.11108311537089086,0.20283320618175757,48.114494830640616
2447,0.19342483504129782,0.04929744012623163,-0.3559393012964281,0.11209688257877697,0.2308086285629937,49.596165340533496
2448,0.19841040481665032,0.0637410628926777,-0.36909280102305714,0.12067343956083883,0.2291045891333756,51.28119798821974
2449,0.2104459027104648,0.102462686065403,-0.35854757802959036,0.15612309170945296,0.16134018166242242,52.51190378001007
2450,0.20487827400032196,0.054046541225714714,-0.35581085870408136,0.11625173146667317,0.2212614849962152,49.5313510875866
2451,0.18534201527494426,0.03588586438160219,-0.3719408649414935,0.09757526930682746,0.2651365997054096,46.986727589896105
2452,0.1967471999548685,0.04626637177538334,-0.3601031102712114,0.10975722851432926,0.23886869484332682,47.520460378157225
2453,0.18375833529710733,0.03777684486060538,-0.30370190705567035,0.10538425596089943,0.20201323618935527,45.07223356362858
2454,0.18607453808470198,0.028109417915711345,-0.31827950195297017,0.09767612301478382,0.2245887769318463,44.31230115399342
2455,0.17873741574135174,0.01010992764425046,-0.32386485036442997,0.0848172943662646,0.25141204630629893,44.54165566542526
2456,0.18982009206327746,0.02182057102155362,-0.34260207791762,0.09212433863910575,0.2526423885059846,45.98531056584437
2457,0.1802904002574245,0.00908625378622564,-0.2924836362687112,0.08773528762432187,0.21667822387020183,44.806437774159164
2458,0.17252543048270955,0.014135820281714789,-0.2829592012562682,0.09000165503533895,0.20836495208516612,45.438458200939095
2459,0.1765398169479162,0.023653262895473533,-0.28523071340210265,0.09841586912961553,0.19729069898954,45.5311084023451
2460,0.17513966447244578,0.0013691198336322097,-0.269909591857077,0.0828617122540441,0.21101267902661897,43.70916430089693
2461,0.17069382488113297,0.007120767859950912,-0.27321751828760915,0.08725842980720969,0.20797700169658243,43.727568032684836
2462,0.16766222932025454,-0.029113813427890635,-0.2986054818845808,0.0554427243887833,0.27307725281538625,43.810953918419
2463,0.1377073415053583,-0.1657081610349952,-0.308309274803314,-0.06578344984525386,0.460601934279776,39.10276337783096
2464,0.1657359756363363,-0.08465613489923562,-0.3492094539366865,-0.0005144068106837146,0.3972809666647105,42.372952420141715
2465,0.1578737575697816,-0.06226991485979044,-0.33579674129650283,0.021337288999464406,0.35829236187010444,43.69577023436584
2466,0.16418340780295926,-0.08649240174236884,-0.33321642609527563,0.0004898868906389347,0.38056368881047964,43.03771169546586
2467,0.15779991829010329,-0.0803387556312293,-0.3169901718202447,0.007334463474957494,0.35774793293623003,43.02251119639646
2468,0.17008191709530562,-0.03263056734923022,-0.2895045682568213,0.052262379863151735,0.2674569314138701,44.202187483147426
2469,0.16132321762963447,-0.035084588975549426,-0.287782357639483,0.04952044991802498,0.27489366759072686,43.90006624609113
2470,0.1575874530159289,-0.0588192840308003,-0.310355184458371,0.02524905417958965,0.32983802060102024,43.30381553746462
2471,0.1434958127523955,-0.06653824430757467,-0.2631604890903793,0.024830329587795266,0.2938509921794008,42.985971203214135
2472,0.15923251156233031,-0.07457455842949928,-0.3319123572876129,0.008719941916401032,0.3689611835505326,42.35380385022532
2473,0.15011398266669423,-0.09493701508844199,-0.35235571639764807,-0.0156413561348292,0.4187856130954554,42.49485286624162
2474,0.15190957726878593,-0.06743287051603987,-0.29515668211002033,0.01715778638963438,0.3244415305284448,43.32377250331628
2475,0.1457772274047377,-0.07765847778715756,-0.2738309556924253,0.011334318046190998,0.3173349819170999,43.024530856480965
2476,0.14599547115103767,-0.07218589519041153,-0.2670655699740215,0.016505103869343608,0.30459423004069136,43.215393774408184
2477,0.15683327362271166,-0.03723931591841968,-0.24740860952807234,0.04334178528345074,0.24495641992999978,43.40704503579716
2478,0.1664206495019654,0.011536049243631606,-0.21967410872723905,0.0858015968855913,0.15409010127188513,44.40100317915388
2479,0.16743168017587093,0.012045938428090281,-0.22576418749105973,0.08639766223052091,0.1570368017443905,43.485774243361966
2480,0.16525968338417676,-0.035177398969626024,-0.253050580381106,0.04416392164637936,0.2460859454207516,42.94074529910924
2481,0.16956136975357508,0.0193548279940261,-0.22825614888197643,0.0910280006660107,0.1512624177947257,44.344158827743314
2482,0.16473858461604454,0.021110547525452685,-0.22829926075930992,0.09386649811926302,0.1473355086888547,44.03578909001262
2483,0.16334822220919862,0.012200667916902826,-0.3608494674853115,0.06848679007276263,0.30341952834409164,44.98623645553623
2484,0.16094018473849886,0.006023749440753561,-0.3753691280853571,0.06278182909329531,0.3215506110737293,45.02283095037011
2485,0.15596347020803544,0.010070607202977791,-0.39065713173219796,0.06244687613442032,0.33738485797343437,44.59112119317717
2486,0.1654174298053437,-0.019414419390701956,-0.3505970539559308,0.049946575315992774,0.32105665245030995,43.45673834860522
2487,0.16252873796530318,-0.04465955921774338,-0.3026311691510954,0.03390028009349524,0.30262292653728257,43.64105027026707
2488,0.15809520475245165,-0.0887977351258355,-0.33605915669184233,-0.005223565258131024,0.38535416347033313,42.28534951487048
2489,0.1465231437283236,-0.11524395660131698,-0.3289041026781931,-0.030357768896509502,0.41683581213150095,41.607861606210015
2490,0.14741968577114115,-0.09201777664892963,-0.3136216737510642,-0.009985866897685334,0.377733731700392,42.33647959739637
2491,0.1497320683171776,-0.13510047545288145,-0.35804434606958907,-0.053335617813191384,0.46992319809258026,40.73883257714255
2492,0.1478107989425016,-0.14169055891149462,-0.35065268262892263,-0.05794931216739692,0.47142433398651606,40.53886587937317
2493,0.15083688971865641,-0.13695613385999134,-0.35561387325885296,-0.05701340814632067,0.4713995179497183,40.915988143955374
2494,0.1471522510958754,-0.14622261607553297,-0.3463099731550563,-0.06279853040560994,0.4714003346445729,40.68223658431701
2495,0.16516598355871745,-0.14194638711158317,-0.3956218559082903,-0.07219338832112648,0.5256300179272465,39.923389695912135
2496,0.1600160811921781,-0.1401154906774971,-0.3549463299026447,-0.06355703789935058,0.4813704963801843,40.960280199174555
2497,0.12971157257690627,-0.07818602696736751,-0.30198831908426593,-0.0003325121779918734,0.3554492362507566,42.937846035234685
2498,0.1351813212411193,-0.10924047951322714,-0.3201697435992819,-0.02960263147196702,0.41173999013804674,42.09079615288098
2499,0.15197876132533059,-0.107444925797671,-0.288296706534987,-0.02101527489991781,0.36560001169371914,41.47078506606434
2500,0.16127330846048446,-0.07333114438390416,-0.31270937805661025,0.002480564608585191,0.35388027088349994,42.81705574623952
2501,0.16657120367249634,-0.0784896940968733,-0.29359294965110483,0.0006304492769949666,0.3428571330497471,42.53839870935549
2502,0.16716758925054484,-0.08508351831231639,-0.3059163110997064,-0.007126134949375257,0.3584782765168602,42.64321062952179
2503,0.15657984766218055,-0.12545516374389934,-0.3199770120024507,-0.04545295593491086,0.424699429222825,41.1966895141858
2504,0.1500075767400625,-0.13434249134341547,-0.30304390031611694,-0.050859416546089754,0.4140060572623692,41.905386098443216
2505,0.1576111511099993,-0.11522791883140901,-0.31715399128224053,-0.03817346851751997,0.41435542669867426,41.946197291235116
2506,0.15176814373478723,-0.13697209045399905,-0.3083585348253628,-0.061566006545070655,0.4388905984784298,41.310750514853694
2507,0.14981720960269299,-0.1714008767803223,-0.3176820665008712,-0.08787402868976867,0.48288826509690447,39.560182381906195
2508,0.14967052376500342,-0.1602528292820009,-0.31104887775831314,-0.07610293761538231,0.4624364523940297,39.988646739168
2509,0.14787218968542995,-0.1818112693812505,-0.33625711522095875,-0.10176236749633286,0.5124616742390474,38.964614431818376
2510,0.1555194186953842,-0.13025601620840907,-0.3229477191696864,-0.05326567527249991,0.43869150688838365,40.97750962521524
2511,0.1500056162768406,-0.15303457777349208,-0.30213130676603606,-0.0700412088745505,0.4439386018697179,41.10981968260711
2512,0.1610314230179123,-0.1880824823405341,-0.3765090151799409,-0.11686673526608586,0.5600345218527281,38.38968655445823
2513,0.15288498991054117,-0.17957488697920881,-0.35015481806328114,-0.10554590489766384,0.5273842583855856,38.82138262445937
2514,0.14915083392531844,-0.13505125248339295,-0.30512486729771177,-0.055889640669538214,0.4234516503194547,42.4137832950002
2515,0.1572378624797434,-0.15634710671785598,-0.3498797297845322,-0.08121936798374821,0.4955225075990932,41.21310573797267
2516,0.16537207993978092,-0.0818245843242372,-0.33215367608413554,-0.010340942578352198,0.3768841046934828,44.801296827476534
2517,0.17937490870627387,-0.01802988618487006,-0.3075914882896926,0.0481806356441353,0.2713493888161255,46.733742069913
2518,0.1774938892667388,-0.06465184989383345,-0.326838727523228,-0.004018265302743068,0.36547424398863654,43.297019761525256
2519,0.09958985762350031,-0.1954128861694218,-0.09853005832862262,-0.10346840609912734,0.3286310437591648,35.77011093135291
2520,0.12539134716996964,-0.18899734779800526,-0.17523794571150333,-0.09613773738484316,0.383554352815189,36.484372751306076
2521,0.17122030853089168,-0.139667984301088,-0.3177430690301207,-0.06253992964237862,0.4400004680831736,39.46701220683582
2522,0.16550484164840565,-0.18290177358891396,-0.31656434494865865,-0.09714327821909027,0.4906248867915485,37.82087217289051
2523,0.17019513424893803,-0.17968580425064545,-0.320507632180412,-0.0939153376638523,0.4866616710896172,38.13061788191563
2524,0.17541722841225602,-0.17137541464681752,-0.3188806515723683,-0.08513768753564689,0.47123340107130673,39.25202160031143
2525,0.15868027108185337,-0.12836966785134502,-0.29086044872379524,-0.04606189064226574,0.39673236664266576,41.77861583911898
2526,0.1561569930335771,-0.0812945682705593,-0.2636535967144651,-0.003900430742174795,0.31705133249503364,42.17364635134487
2527,0.16374831452662444,-0.020839658874008505,-0.22935757004107224,0.04778562940319067,0.20516821877462316,43.58299612013301
2528,0.14534505408118537,-0.09941047599300544,-0.24058982894108635,-0.017517044292314737,0.3165424508102113,41.03005954439117
2529,0.16202230851820495,0.009634593946045787,-0.18829409819277032,0.07668045211484428,0.12361579297683897,43.26456684087411
2530,0.20788106153272234,0.0939106561784524,-0.34086973656038644,0.15048835017410903,0.15268243047020566,52.50748397133475
2531,0.19972074285865443,0.10625712817918179,-0.34699769766481015,0.15404863973829,0.1562398492091754,52.87007818671459
2532,0.19013936692871766,0.10679255754918027,-0.349797815652012,0.15417487574064193,0.15817253054373145,53.258945550200195
2533,0.19780521176416538,0.11697354866460977,-0.34604764517251574,0.16065731690991522,0.1455062018168056,53.67995978881199
2534,0.20590761951882627,0.11162159750394013,-0.3463724540669824,0.15871215208269812,0.14708621465629168,53.83259984332538
2535,0.20126491851209963,0.09426963407716848,-0.3408143149894515,0.1501329196000873,0.15551011176769897,52.97187483816636
2536,0.20848843426558025,0.08913630343798226,-0.3395798094483815,0.14913583213682566,0.15520942646507557,53.45531352519675
2537,0.20584670118005882,0.09848453672829215,-0.34066673259648683,0.15617040941099317,0.14797004039289569,53.82670345498782
2538,0.20645153727407092,0.08447270383471306,-0.3387827243897848,0.14849461822001228,0.15918007815907997,53.345715291547705
2539,0.19105928743409184,0.03497302625499942,-0.3034485682754115,0.10849456079769436,0.19438689854834945,48.31657978360131
2540,0.1985459720670922,0.06456256194803135,-0.3186985050902504,0.12951835963366962,0.17309432794511811,50.486873755865375
2541,0.20680963465738744,0.09087707747424172,-0.3409235224712386,0.14663202294171482,0.16197628872856226,53.459451286620116
2542,0.21489865419289925,0.09485398378641319,-0.346787870748902,0.15025613321722783,0.16017106271935472,52.46477995650886
2543,0.1958322048115157,0.05012336069791572,-0.3603668236249964,0.1103792394802509,0.23590487693870352,50.151126643676044
2544,0.19716647933794007,0.07441157984913732,-0.34287316666622103,0.13160592650426414,0.1886322123812172,50.106980353598765
2545,0.19937640281072458,0.05265806128144117,-0.3587584328310666,0.11575991191644283,0.22408386390448196,49.8182458176835
2546,0.20672848032980431,0.08337946981547681,-0.365527348402467,0.14210042408342652,0.19031398708579425,51.81867526442273
2547,0.21149725235929304,0.0908692194103122,-0.3577542304854249,0.14745667112572344,0.17532729616929452,51.98431917291754
2548,0.2036062663766859,0.06821891554087733,-0.364299293963562,0.12808234048726183,0.21258775730946042,48.52992220992403
2549,0.18585344710996826,0.08110887919085907,-0.38023999917476514,0.12917210827057957,0.23390429237879035,47.2688619199848
2550,0.19406792387848604,0.041478700097502,-0.35292671022014055,0.10508700443445666,0.2405328393715929,46.666113780115005
2551,0.18439446497786469,0.024465967749642326,-0.3272202689705757,0.09414083715644977,0.23849073238368534,45.04134908519492
2552,0.18531538078279147,0.014796137846425665,-0.3128925076576407,0.0878843323239117,0.2351961333636617,44.42075924167557
2553,0.18422033702780885,0.019954821434111897,-0.2966700102614939,0.09474219670897822,0.21316607226788414,43.947739382101716
2554,0.17756604636555315,0.03077018766332345,-0.27019061434242564,0.10380224182134623,0.17672524647056412,44.616098948966574
2555,0.17158472208583764,0.03971391298907784,-0.25755141136794535,0.11083123151911152,0.15492046560550407,45.04759653329085
2556,0.1661352678996076,0.009346293557827188,-0.26971173902573153,0.0857797326186625,0.20186507967459766,45.15033899905755
2557,0.18105071239734227,0.0161259025412534,-0.3037875624567591,0.08924249486153767,0.2235400672742276,46.88415417043482
2558,0.1799763127961129,0.003803768531412831,-0.29594114816868555,0.07908140329911509,0.23436019978992867,45.316822503195965
2559,0.17491491124414602,-0.028989851576370962,-0.2887100004556195,0.05533889060111866,0.2638278655546934,43.436674599299685
2560,0.17266580082981972,-0.0339231709319222,-0.3151194193468036,0.04860129582338149,0.294385846140435,43.82124927086086
2561,0.14154490911388376,-0.1464485171544419,-0.2994205849773419,-0.0474653337121998,0.4253074075752809,40.06290963133684
2562,0.15011028705217674,-0.10410017005189842,-0.3060321208399987,-0.009913413982496566,0.3752116813545518,41.760118846994295
2563,0.16519089146128046,-0.05220484747754893,-0.31628527911528315,0.032870790944993664,0.31939939827871544,43.55992521406349
2564,0.17744965362018975,-0.04186594927984066,-0.3160323675986877,0.041088703186544916,0.30463211958420217,44.24746196277156
2565,0.1598955696299446,-0.0497028349890908,-0.2763022145749971,0.03835732603865089,0.2791525152340173,43.302328988798266
2566,0.1744855840108196,-0.03215440589909016,-0.3175858188733718,0.048116181652655306,0.29361238168672477,42.959441516043064
2567,0.1573668181054873,-0.06857796324440642,-0.2805108940686456,0.023325375552748346,0.30585042786577915,42.08045449725438
2568,0.1537646913022725,-0.060308896322733306,-0.2981153889874348,0.02591468811928883,0.317304777638501,43.11546266718837
2569,0.15058120291143368,-0.08038013485765985,-0.30090946376063643,0.007947706532140282,0.34661993437573546,42.73806842707086
2570,0.1534115606941106,-0.08130186179774564,-0.28595705213564926,0.00864632973845923,0.3292831105733645,42.99886634659967
2571,0.1640431308978994,-0.032591778085596934,-0.286697241375597,0.04442026624934772,0.27679993074205145,44.82539697208349
2572,0.1522008360664129,-0.013963044625865529,-0.26724863884912964,0.06071686852815173,0.2346300048718992,44.68429138516974
2573,0.15709298215806689,-0.03303642307104227,-0.2862088254816671,0.04207255318691979,0.2780156167524493,44.646542788279774
2574,0.15425995993797592,-0.01706299204262255,-0.25529053335032026,0.060308505260358705,0.2250137526952992,44.46090425057581
2575,0.16826445652250346,0.020242078663999533,-0.2056927073025855,0.09457319078691702,0.12387773773374386,43.9793775783545
2576,0.1700988226394796,0.022552484432281715,-0.2137350352307881,0.09321475596897093,0.13356097755998528,44.20320060570955
2577,0.16969889373066155,-0.019630465141961335,-0.27520853216168084,0.05517297317027455,0.24490262290291087,43.780054671039636
2578,0.16278385802532527,-0.040346960341910924,-0.2763172497149847,0.03851301786429878,0.27258092870061545,42.906439168866534
2579,0.167628389164322,-0.0005376732447530441,-0.24198944562478908,0.07341393933609079,0.18821108924002242,43.396062907908885
2580,0.16317110926792272,0.0036682589127117167,-0.24229232150500893,0.07745717852603297,0.1825832789501078,43.44549835831718
2581,0.15615090860967815,-0.040877030284406556,-0.29799656138931646,0.036164269188205256,0.29220239768639134,43.07241462456959
2582,0.16893811295185762,5.139005325171195e-05,-0.3457449417409876,0.06511965509716874,0.2899696215225571,45.389291207991576
2583,0.1648902320709116,-0.027805193280217487,-0.36315747789800595,0.03992020498343244,0.34137675836404807,44.54015627572951
2584,0.17124307081653115,-0.030564982536894405,-0.3443663741934068,0.04158826979173283,0.32338346229966203,44.32521450048733
2585,0.16856673239764533,-0.025970341831765293,-0.3544156840586864,0.039837763498656295,0.33334752570278103,44.025339732415574
2586,0.14768481254653432,-0.1006481617510786,-0.3333987318150938,-0.01799794006078716,0.40148744555583227,42.12319411494179
2587,0.1442317911519243,-0.1324003272381105,-0.35663536777779725,-0.051500590004786954,0.46865967847693524,40.81451212396583
2588,0.137206799643066,-0.14225118710066675,-0.35271972721106376,-0.06071802042160239,0.47892823613171803,40.92564292030459
2589,0.15392240012430636,-0.1016289614200097,-0.34778463085855965,-0.02253770145425276,0.4165009043864272,41.977831605093414
2590,0.15335984794867866,-0.10232137699005384,-0.3586978842719284,-0.026778596691173058,0.43339808834795596,41.55255110723836
2591,0.1536678132040009,-0.09740802690256502,-0.35504569958912313,-0.023393379706436686,0.4274588177878963,41.50243335625766
2592,0.1631442957556824,-0.05043210028889999,-0.35108341518592706,0.01912059879021766,0.3618098058647751,43.33191613430589
2593,0.16941573925964556,-0.11773072083883915,-0.39646979149025824,-0.0502880038361802,0.4968095349545885,40.297019379577904
2594,0.14856954933306074,-0.1392238422319015,-0.35310002689239517,-0.06251415288236067,0.4792691849630068,40.41159198567895
2595,0.14633972247805388,-0.07550037648243783,-0.33508307530781734,-0.0017410698296856544,0.3801971539931553,43.37575283264501
2596,0.14650070211467017,-0.006364503873944834,-0.37394631099067416,0.044662978881485134,0.35559277751584495,43.73454362734233
2597,0.12740722370102261,-0.09564983013233634,-0.35246394732072006,-0.03034939555969789,0.45669631740652517,41.042485909521524
2598,0.14157204771105902,-0.1417588707877529,-0.3109360908728847,-0.05596132824940358,0.44110771691803374,41.27488358398641
2599,0.15651137956424943,-0.09750544511903284,-0.27122309524120364,-0.010459049047326061,0.3411149016614536,42.05118258344778
2600,0.1489984689514874,-0.11842588507308112,-0.3034021479994225,-0.03507239137345768,0.4040376429428915,41.853488317552596
2601,0.15428170269767236,-0.13450515652386147,-0.32312736700003897,-0.05330957037735335,0.4444740537631086,41.66620675887612
2602,0.15273519085125228,-0.13324066531723522,-0.30305438072098995,-0.050489496438564714,0.4164635219992881,41.08152731817164
2603,0.15034165530200197,-0.16984002283101932,-0.3388742464800967,-0.08931867102163582,0.5017507409389383,39.79953903121055
2604,0.150861947455683,-0.16307825689406397,-0.33117787993063635,-0.08327830691827807,0.4899914489778329,40.17809664170451
2605,0.1521378752791758,-0.15914052572894363,-0.3303863944922841,-0.07897036516609647,0.48084524563350506,39.9918493728336
2606,0.1496599649896366,-0.15718538994615716,-0.29247840576041817,-0.06982385032422946,0.44079248432566054,40.17074371245194
2607,0.1474664606877734,-0.15310800305869635,-0.28979640244160626,-0.06672978862549363,0.4345344141922976,40.28791474219533
2608,0.14695842823257865,-0.13703125821040135,-0.29347363714124336,-0.05483680852845698,0.4168593638719675,41.33544496587937
2609,0.14418031463692824,-0.1358761506963294,-0.28989572567056826,-0.05404721170877958,0.41442057699988843,41.58144444416857
2610,0.1585176259536583,-0.1869604667786276,-0.3665222781293689,-0.11471094818686348,0.5514329729623721,37.6830452924263
2611,0.14854263217311886,-0.17184723037312793,-0.32898065203648935,-0.09304330674188595,0.4960947416281231,39.43202392367018
2612,0.14832721346532124,-0.13346009353866894,-0.29991084089331393,-0.052025173203967136,0.417104289256583,41.63323872319366
2613,0.14820631480403115,-0.1505957301082884,-0.34194445469899987,-0.07567782266358661,0.4843224467324503,40.623314888510045
2614,0.15355461353551977,-0.1157989325594589,-0.3341547369667421,-0.04114395897077334,0.4229472469261134,43.33898990434972
2615,0.15589193872721732,-0.06442853909739195,-0.27821711698436097,0.0075193184638670885,0.3049844548156586,46.453981008608835
2616,0.12954237839802205,-0.11113751591780546,-0.20695751896699924,-0.0289596658818648,0.3047285287071605,41.91828943567782
2617,0.12646918642116692,-0.11283642672441106,-0.2011174979492991,-0.037207626336932385,0.3144330027016841,40.37584110179246
2618,0.16987972258323566,-0.15908948602310063,-0.359481464105664,-0.08766843562896633,0.5081043882979173,40.60108564305317
2619,0.1709235711403694,-0.19125165252584206,-0.3329138387170325,-0.10771152730743042,0.5112585679549257,38.0214323609909
2620,0.17543326525562875,-0.13720086044176918,-0.3132405526475836,-0.05775905916624035,0.4283760928323546,39.161785934226515
2621,0.16982812815453796,-0.12789391703189454,-0.30456471972546206,-0.046122146954366075,0.4092040016021293,40.16454740186961
2622,0.17792555667022114,-0.10800169768590441,-0.2994742140324789,-0.0310678046255438,0.37600190597757027,42.21041506566509
2623,0.15355488870080075,-0.10425754399483438,-0.27406668919330857,-0.02301292962749944,0.3541245939370854,42.194744598066656
2624,0.16135782014774455,-0.09370826282205887,-0.2811247621416261,-0.015613112372737567,0.3486341754854533,42.04181918330794
2625,0.1527574576299697,-0.08274246094244345,-0.31147516052890095,-0.011550225109361326,0.3713202953846106,41.896391841435104
2626,0.1486263157519293,-0.07165441919315439,-0.23928207156168566,0.007908529746295313,0.27837825433430363,41.97268127195909
2627,0.1475156460262036,-0.10631672079937765,-0.24866843439275216,-0.02368776685540462,0.3272578374326299,41.65731357831143
2628,0.16272044388689766,-0.05932819579983124,-0.25958122533188915,0.015903969584576613,0.28480286173578556,43.20415401105826
2629,0.15830519395183468,-0.058127447789262765,-0.2541070305195878,0.017323496075034205,0.2775262956341003,42.95027470552636
2630,0.1791789904877284,-0.03717317270096469,-0.30387646642392335,0.02782807296051158,0.30290714345650094,43.965261916922444
2631,0.17210397599692734,-0.04612258913089449,-0.2893712390830304,0.0202863622964978,0.3011122369643886,44.34345009458185
2632,0.20247211213012467,0.07837201313509032,-0.3532192077897191,0.13541458711699944,0.18828484497487016,51.93222351626476
2633,0.18739559503747505,0.12294061939796141,-0.34799251067183046,0.1643419358950854,0.1423210047855191,53.08528934603472
2634,0.19650223710361703,0.11470172845223964,-0.35128446898536886,0.1615705728372221,0.14890990421151334,54.07896045289498
2635,0.1989731076111159,0.09008186352647335,-0.3390830739780784,0.1449690044857742,0.16411670596978056,54.10193983500635
2636,0.19604709873651316,0.07164602220647967,-0.3454810296924124,0.1308106420283159,0.19408044670437638,52.29224073461645
2637,0.20427527829967057,0.09235964455086726,-0.3532187464526563,0.14798869070514734,0.17053089527888868,52.81505390015532
2638,0.2122491757606183,0.0984247526949647,-0.3378678836323759,0.15580817001034786,0.14425033281935545,53.28438887795877
2639,0.21657816215425532,0.10595335909717221,-0.3339252828821177,0.1586162248027839,0.13487748132508237,54.50761336322639
2640,0.21486605356123437,0.07505438126052305,-0.328408745027311,0.13842648366293422,0.16119344257547658,52.73172439714485
2641,0.2145078283055034,0.1022950473278096,-0.33636132216986114,0.15602765704839672,0.14167294262504504,54.11016328684625
2642,0.20154136658005586,0.07647973828895924,-0.3387524856709681,0.1325057545751283,0.18429186498170785,52.53735975548628
2643,0.19724060278381741,0.05760887338940991,-0.3375210408776751,0.12020586362390918,0.20337420281147023,51.72188510631966
2644,0.19547791453379293,0.057990994100271656,-0.34298984934531196,0.12126800196867896,0.20523728671058925,50.85459557599448
2645,0.18477750391197187,0.04440494216250648,-0.35159595295530977,0.10946675770489056,0.23118506619480444,49.28415481557289
2646,0.18728564525773927,0.025714887817863363,-0.3415812188733225,0.09597886398575606,0.24362435274609617,47.59446219204613
2647,0.18630478884086557,0.04032988180452755,-0.31441621445635115,0.10810910514083043,0.20524208446546852,46.645038976261496
2648,0.1901014027630608,0.045938771463792265,-0.3533351228942536,0.10846871858568258,0.23577912935050985,47.40773662771569
2649,0.19346634586002567,0.01622351493880698,-0.3791465308587391,0.07671654701247857,0.3020754915753391,47.29277624545198
2650,0.19113245474609514,0.04205541706135861,-0.3320657883187665,0.10850070729817488,0.21822292320061656,45.497929657886345
2651,0.18354942139648073,0.03663829298141188,-0.2940191247147356,0.108050157600623,0.18816129465031473,45.16516762571102
2652,0.18743579012570744,0.018112884708972037,-0.3168649159829646,0.0910892481183944,0.23267563594777663,45.12057334862243
2653,0.18222216712109474,0.02756283228981755,-0.29368871727053636,0.09770611987058532,0.2040976263171663,45.611136697463564
2654,0.18395396823256352,0.03328242848140042,-0.27435236219330866,0.10454996053503363,0.17742225964123917,45.06827782528076
2655,0.17957777622988852,0.03583963111985931,-0.2676287352695858,0.10638691411225598,0.17075555377364732,45.01104653732085
2656,0.16897625306078445,0.04158761337393368,-0.2500011356460616,0.11217734223378377,0.14706523966279197,45.45875830607585
2657,0.17105239206802517,0.04239049437583694,-0.2406044149101389,0.11434503413482802,0.13259114399654723,45.62736825483505
2658,0.17247834168881795,0.036822844920067675,-0.2481975811405702,0.11066733255590454,0.14367401233851826,45.82504401265334
2659,0.17701457874336912,0.014383061195116077,-0.2766529526758806,0.09024558216659076,0.2005486863613136,45.48325422347317
2660,0.17716006554396987,-0.0539538718781692,-0.3166789278013291,0.02847790072538263,0.3240995289863708,43.925081211952346
2661,0.1408813937105814,-0.09558966535660374,-0.26512753462135397,0.00130383990686744,0.33745574403945416,41.47798035662282
2662,0.15986741553345052,-0.1411646704047478,-0.33656865373569655,-0.05174904329497509,0.44528961029930825,40.67453443291133
2663,0.16653490777114388,-0.03591364275330308,-0.31059282695123946,0.04368214791934801,0.2989610746930923,43.35593403374788
2664,0.16085591072571626,-0.013960957593318632,-0.30026046922095095,0.06426110472594515,0.26046198618794586,44.37798673424052
2665,0.18437444598477268,-0.0006468971967084639,-0.27721368213413544,0.0773874980891038,0.21784894565085444,43.837885862715375
2666,0.16943743766126163,-0.036651490381273334,-0.2602219900357783,0.04962895498698405,0.24658839763680826,42.76428543938928
2667,0.15952590970893266,-0.07565986417038599,-0.2886987778604053,0.014437002968763681,0.3253820884549076,42.006240793244785
2668,0.1556289784804307,-0.06328970231965084,-0.27558678061547914,0.027081854728843276,0.29645046139272346,41.72888752133985
2669,0.15455461883098923,-0.06666283093944245,-0.28143230738578745,0.022458287344844154,0.30749658927122947,42.492107995211924
2670,0.15459897380651455,-0.06008203887720686,-0.2809433421831341,0.026597429672592855,0.30165727777563833,43.11647957803749
2671,0.15687952745324607,-0.023678007345439532,-0.25145997998490105,0.05778373694868478,0.22765904836242315,43.86701184853156
2672,0.16200298419430367,0.02443069777508912,-0.21284542355300526,0.0974837252640098,0.12949206815634692,44.42694355185893
2673,0.16187990726097926,0.026808498175348056,-0.19829013950792942,0.10163521921472356,0.10878968311343365,43.623417357397145
2674,0.1585522134627666,0.02398195419421404,-0.20657766204332006,0.09795135184724338,0.12080673027188464,43.58812868532374
2675,0.1549318163762422,0.020463573956867917,-0.19713500000504466,0.09567149391462801,0.11538700893532654,43.749741386643116
2676,0.16114690348609323,0.020775200630051997,-0.19924586706876785,0.09463518331653656,0.11783380532143749,43.74003020005823
2677,0.1671188458168233,0.025190303422992923,-0.21637673492329043,0.09266125975527773,0.13378374621524552,44.526419620671184
2678,0.16101139174636597,0.012169429840529046,-0.2143985021560058,0.08483867499888871,0.14660920997864063,44.02703848386839
2679,0.16462497168143192,0.016072189198035474,-0.21637614096811641,0.08827171340961891,0.14065567098237625,44.225093991172464
2680,0.16933428006681556,0.020080914811219756,-0.22399922391608285,0.08977504568660188,0.14353910697395772,43.956604234286516
2681,0.16670389007494618,0.02989039593360565,-0.2025218274788413,0.10050986112458186,0.11059532602964464,43.954875223796314
2682,0.1652009078802245,0.01269958359004716,-0.22369138975960892,0.08371288926618564,0.15463549450836997,43.854871032435426
2683,0.15863082676282858,0.004802477593844914,-0.2517378098427137,0.07589840715856527,0.19131814493393554,43.93810616465315
2684,0.1523723067503137,-0.04879811428742298,-0.33344514310836476,0.023766244352975818,0.34455208852886515,43.639599935062435
2685,0.15520568356200204,-0.037769517882254966,-0.32823860048357717,0.03304011142843845,0.3249407390560074,44.39198960567484
2686,0.1612209179081452,-0.03940308382912977,-0.34596329960394767,0.03083285782630393,0.3397592372270331,44.69148966359573
2687,0.14638447111566813,-0.06767506403733063,-0.32067274874654805,0.009075593463907013,0.3535652015560383,43.65716279540648
2688,0.1417219640063632,-0.12795652040834998,-0.3441722127829311,-0.04630658830775915,0.45034973863658234,41.15954656255305
2689,0.14514051495257577,-0.11735643707225554,-0.3481477843715291,-0.039962575554223584,0.4408753994070617,41.212412513832994
2690,0.14878850229196186,-0.10527744559208806,-0.34483120387135724,-0.030798845061538727,0.4263137221782378,41.49410946934338
2691,0.1381834624721751,-0.13276073203512892,-0.34479167812512496,-0.05264391580133416,0.45906998257864035,40.55917956409113
2692,0.1373817328937164,-0.15140327015992022,-0.346761853344265,-0.0701050140857128,0.48362898660982917,39.96005167323369
2693,0.14019481468972486,-0.1397513649744306,-0.3532556580380626,-0.06160279309724885,0.4737158873937126,39.8563316234147
2694,0.13437415264132307,-0.20718874214492636,-0.36398343446580195,-0.12906299772341312,0.574705554889844,37.817056468498414
2695,0.1535998697420258,-0.11803695934783888,-0.3775181482673669,-0.04963773040494997,0.4847894712871798,39.861596043764976
2696,0.1279392579283969,-0.11316076545704706,-0.38208326099748335,-0.05045974260080499,0.4931374188482741,39.964953890818144
2697,0.12083748121091152,-0.025172968316273466,-0.37402428767571494,0.023476446064684003,0.38937907962046575,41.503711785845205
2698,0.13019406674767867,-0.019661460380482883,-0.3831856163443823,0.02642382210724065,0.40183668743595463,41.78014388888403
2699,0.126153649014172,-0.012534422009116211,-0.37043772823809706,0.03199214142163942,0.3831480141708877,42.13514227277715
2700,0.12808321697142064,-0.08972202216477375,-0.3271316302839593,-0.02007075011377551,0.42290358997190086,40.8077062350426
2701,0.14156897630069043,-0.1187531534704833,-0.3052028932972442,-0.03563824101660427,0.4079548835902618,40.89419919806208
2702,0.14726737768541892,-0.14223677513591917,-0.3228493635866235,-0.05964130526573075,0.45076145200601025,41.479301494653384
2703,0.14553721598463187,-0.15968411947904057,-0.31338832068503913,-0.07496628119363342,0.46197704010910423,41.03146229754693
2704,0.15059293064351179,-0.14291889253944254,-0.3103521170194859,-0.06234338108041605,0.4444245055263075,40.97183519575439
2705,0.1514876361356249,-0.1494440333448052,-0.3256129017047916,-0.07026483688428005,0.4648231522446126,40.85010383605578
2706,0.14659501815215953,-0.1760230745759586,-0.32226325163179775,-0.09348590631179898,0.4947303261713226,39.799150733758744
2707,0.1507599830809933,-0.16509336857785445,-0.32195129497347696,-0.08403916352524876,0.48156266857150115,39.93897075040525
2708,0.1535673559605877,-0.14711072795286148,-0.32618212998464524,-0.0704696329364398,0.46421746508613976,40.31437201607414
2709,0.1412720027840716,-0.15595024724299092,-0.2904156641616986,-0.07125454786588377,0.43890361649705945,40.866243934960764
2710,0.15142359053008567,-0.14384007632109874,-0.29275955575488877,-0.05910765803234716,0.4227400169926351,40.503762775917956
2711,0.15140742480349204,-0.16283510499961795,-0.31673671641246226,-0.082897429264568,0.47337431559356713,39.63527014985569
2712,0.1405087789934115,-0.16427062236627185,-0.2856373002038132,-0.077336127501027,0.4426170899807917,40.13962028813597
2713,0.1470267955869018,-0.13984637323563281,-0.30807189707690213,-0.05936053231509224,0.4353692531193997,40.930715213341294
2714,0.14908290245039155,-0.15008199532752448,-0.3292775327804987,-0.07234566220232187,0.4739414900196565,41.03408792575957
2715,0.14833827757475007,-0.08815015473023555,-0.30007676337694544,-0.014266678392603325,0.357556008313629,44.71251465437194
2716,0.124600602525199,-0.08884820661472632,-0.13960802389019034,-0.009191328572872429,0.21207836807877697,43.803490410643896
2717,0.1309085449644435,-0.1454338855356602,-0.1600952059663078,-0.059699165142307,0.31112833800807127,40.37285192638857
2718,0.17443160967902613,-0.049814174112389094,-0.33978181339741,0.01372899963518864,0.35226627236845426,45.16591452212312
2719,0.16145097933166055,-0.05207024119548757,-0.2394130255124855,0.022873057398348978,0.2563966329768232,44.729695867351246
2720,0.16546035945405035,-0.08751355986893211,-0.2952258075621105,-0.015618631868257285,0.35673742116211116,42.48744822793928
2721,0.1668728505800958,-0.1565416336616469,-0.28845463970608726,-0.06845338980505022,0.4298513157287216,38.820793719151816
2722,0.17538055297223595,-0.1791039844798028,-0.31612973877203715,-0.09194903720009055,0.47550836655604906,38.960635837881526
2723,0.16425228201550893,-0.059987513033214514,-0.27809839845398376,0.010050571771750522,0.30123674181811483,43.42679676244488
2724,0.15811779244158422,-0.07292044286420582,-0.26464633780127456,0.0018066374405826698,0.30680548632858834,41.76011163750264
2725,0.15806891443763002,-0.09378824882531292,-0.2740915721172961,-0.015654934597324702,0.34119866377112756,41.454290422104336
2726,0.1627654873616415,-0.07799921307804362,-0.2506807411961356,0.0029994622084555974,0.29427693981768543,41.25556101852371
2727,0.15211138500797577,-0.04649792270999285,-0.23726660416493958,0.028689870120024594,0.24381351302948426,42.13641979909221
2728,0.15112477272263408,-0.07928673293914829,-0.2628546458188231,0.0002784570253959997,0.3104044233792521,42.34640359582176
2729,0.1485618644834197,-0.05742234437410677,-0.2352571176670664,0.017112129268121192,0.26005677960842116,42.709133709972114
2730,0.17264095978337457,-0.013808536246200528,-0.2430292339218944,0.053443331751950526,0.20808818449615338,45.087168821093705
2731,0.16252550170011884,-0.050916955993618784,-0.27283022516980715,0.02131608862726251,0.2870687462963307,43.36907232018992
2732,0.15250324416231492,-0.06637499631072948,-0.2811573319419957,0.010877995246005261,0.3116137015972021,43.270773362863636
2733,0.16107989041073914,-0.043696345296336,-0.25328139180651726,0.03243129405741578,0.2561059714253337,43.80277290250921
2734,0.14911631880331447,-0.16092571234954875,-0.2775112210385432,-0.071193721070911,0.4310574835417727,41.24154693834029
2735,0.1902578542914859,0.06251560300786846,-0.35244551702579785,0.11833054777130152,0.2179569702520351,51.73884636610699
2736,0.18802937890843882,0.10823415499905827,-0.34752664304794534,0.15356817997070993,0.15965869520028764,52.24594037768916
2737,0.1854708998300074,0.11591007478208883,-0.3508590105273386,0.15913982632683432,0.15201060191965443,53.05070157730516
2738,0.18730747722273075,0.07070164240186484,-0.3403151439087065,0.12761503120000522,0.1956609354450281,51.30110634037576
2739,0.1946161656331793,0.06344915540676835,-0.3452109572792014,0.12380412798351981,0.20349400855235245,51.7726327071499
2740,0.2058475976917202,0.07601612247748801,-0.3545370503676376,0.13509313308773488,0.19041681717897302,53.11596169921482
2741,0.20938584627944803,0.06732812438956734,-0.3632584085579787,0.13037428420111688,0.20149229342114128,52.76740349115824
2742,0.21946215728931345,0.09832339555155875,-0.3481414351340791,0.15345945363442204,0.1559809414195346,54.16358171950874
2743,0.2130819662928222,0.09086370398917401,-0.3478564837209,0.14697230421224586,0.16639754270587187,53.600774218822544
2744,0.21180260661452624,0.10100220040692981,-0.3360575765540951,0.1556195584447746,0.14291886078014573,53.78098617058357
2745,0.2097302499862643,0.0984662247416926,-0.3355065617627209,0.15308382778544102,0.14813163891814593,53.28079107240297
2746,0.21016796735693452,0.09668032085089613,-0.3401757277305785,0.14968125942211122,0.15634077574538552,52.25807253861628
2747,0.20746648548397936,0.09249230539488128,-0.34862785554651604,0.1471550369355517,0.1696662620617342,51.612116745288624
2748,0.20294178313838665,0.08946579240921243,-0.357487390968478,0.14327817953958907,0.18152055160834188,50.80704246587744
2749,0.1934861091897897,0.05977128602758412,-0.3584220759786611,0.12237100170405604,0.21637078301861853,48.78855210629723
2750,0.18348594456352382,0.03165585434924671,-0.3204564667928437,0.10175652310385255,0.2196711888698361,45.604371881659205
2751,0.18321998471669218,0.00880324258807524,-0.34231175087627475,0.08113479104114941,0.2681193772751869,45.93794177947371
2752,0.1854889860991496,0.003264686670772053,-0.34962037029160414,0.07341952052026693,0.2854935216112794,46.27364457981688
2753,0.18039826342471268,0.011919117441335097,-0.32213968802827414,0.08456649348797153,0.2469429407827309,45.58178120039761
2754,0.17702884087366091,0.03343732883783511,-0.28215325240713707,0.10434331351514572,0.1847502403354169,45.094913233146954
2755,0.1778047067153918,0.037728115260970994,-0.26409206888254544,0.10654127289423414,0.1647771991905362,44.93393149041569
2756,0.17392748292942745,0.03283750714173666,-0.2614312748860581,0.10387541769709709,0.16717152574194663,45.24305432204609
2757,0.17755845302040388,0.007296511376682327,-0.2986451687520088,0.08174215886416002,0.2307068192769788,45.31842821434721
2758,0.1713179383618473,0.034028564225472846,-0.2615243085277246,0.10475089428532532,0.166129040328596,45.29381163511867
2759,0.16277485325004348,0.02973894336423336,-0.25827416267251235,0.10041451645323925,0.17057977933956814,45.495405165558076
2760,0.1704156233915658,0.04695740422219726,-0.24992366857566548,0.11402632791348029,0.1396508482923273,45.91157839210431
2761,0.17196030272335427,0.030125368992053366,-0.259407412303762,0.10075786172452639,0.16843660356353857,45.46162263883047
2762,0.17030476773149644,0.014084432122444156,-0.3085634141180421,0.08533777850288646,0.23382734454664855,46.19231594446018
2763,0.16085391852192504,0.005774162889107263,-0.29765362135553386,0.08031144714114748,0.23680705522406348,45.655693947452505
2764,0.16552855253458731,-0.012160076503970288,-0.2941940358926525,0.0654413110699296,0.2543952898948234,44.29040724459993
2765,0.14061727515295266,-0.1169992784065575,-0.28782508223217595,-0.020399280942382053,0.37529542209503963,41.36389595823448
2766,0.16418906883311973,-0.025111720335828522,-0.280003997911991,0.055380864083541724,0.2552810804077093,43.921079569415454
2767,0.16268802707129765,-0.015080590376223708,-0.28652656207651633,0.06172452085085306,0.2518393426013568,43.307248777691804
2768,0.16927928351914914,0.02002573383131293,-0.23476960534607555,0.09999949510412794,0.1483289605641159,43.281555878521516
2769,0.18264881580528627,0.024080476298646236,-0.2484620025821531,0.0960835752834907,0.16278530707579073,43.40460310354016
2770,0.17018436871808285,-0.0632240414798393,-0.32736792907916634,0.014102052402770196,0.3533970454396769,43.04971566260206
2771,0.1796284966490096,-0.04259751591922704,-0.35934683684957536,0.03127107315658167,0.35390487668565646,43.47586366793166
2772,0.17037083630764163,0.01312179451839882,-0.27038697326273864,0.08027549607782274,0.20470666485431602,45.016804738792146
2773,0.17311104797981827,0.02730294229951737,-0.2597780293695784,0.0889997716949315,0.17817649113587383,46.311440213627826
2774,0.16121444685766148,0.025635472368223312,-0.20974764612754127,0.09958034546476713,0.12102187769703918,44.58653782545821
2775,0.1652827269297364,0.0301003019942045,-0.19938612829905616,0.10319534535538681,0.10582770331099746,44.279128019584974
2776,0.1600205713276461,0.008896181228670362,-0.2112667667801654,0.08743121900034048,0.14280364151488908,43.2965115970434
2777,0.1598468459735303,-0.028374865686445497,-0.24177526420057355,0.05322070428713404,0.22253274287631777,42.703360380944304
2778,0.16290887442364443,0.017375496040551355,-0.2050731340954696,0.09143196477428187,0.12581068972974402,43.16874967365159
2779,0.15909101250404548,0.021598622823828753,-0.200944435088936,0.09372013671859362,0.11829422625813722,43.460254027006656
2780,0.1593742310273086,0.016890951608604335,-0.21998057764581372,0.0857327401048481,0.14762942981777488,44.32481325672897
2781,0.16338422964709517,0.022343727414897666,-0.21578585040655457,0.08897875826635564,0.13746989724674577,44.876164158782345
2782,0.1661181757298258,0.0179006755645621,-0.2016965617158466,0.09065105688691552,0.12471833379757273,44.15523872973108
2783,0.15731798537200822,-0.010081995606049547,-0.22960441013402866,0.06506546960885788,0.18996108937288478,43.5649968248164
2784,0.15556307755833793,-0.038004482678962455,-0.26458841033081343,0.04062735614297913,0.2585705623104382,43.24594112854503
2785,0.15364315829062708,-0.054312974954524564,-0.2584232262278324,0.027553613113309516,0.27554728722429656,42.829440618024385
2786,0.1568034772131658,-0.061141898969115746,-0.26408212481477744,0.020471574628726796,0.28748414982918247,42.297186983340154
2787,0.1568288443079737,-0.01190441830974134,-0.26773058992142834,0.06129393712548457,0.22817462931839128,43.834724241681045
2788,0.1485024056417016,-0.02872618721596749,-0.2980294649346391,0.0397505076501702,0.29109043302507165,45.3420081411781
2789,0.14763964670147983,-0.06307618064228467,-0.35360161093645354,0.004903546145348932,0.3877471134220509,43.97177862062746
2790,0.1597168037715798,-0.04823016378871822,-0.3613322897012518,0.019664631981434363,0.3680640083738043,43.593688596970686
2791,0.15839401267957579,-0.0604108118372749,-0.33848098907128404,0.00925520279541769,0.3618637945728244,43.056797423740974
2792,0.14571667536939892,-0.10034501908012608,-0.3367855033097923,-0.027721588797200464,0.417117694833136,42.27512822287751
2793,0.14132397352701853,-0.06831679545311047,-0.3205453139179742,0.0031837938250475696,0.36420617407584693,42.827590722263835
2794,0.15248549784500012,-0.08822426549527589,-0.3453223875343089,-0.015544309388943698,0.40456840077973155,41.763576767902535
2795,0.13716588363749893,-0.05962651003116418,-0.3874758639596649,-0.0066948766508032045,0.43727628506207195,40.914293854294144
2796,0.13375697123547403,-0.17488782799404903,-0.3940521133904524,-0.10891683779288054,0.5737522667664445,38.308180548469224
2797,0.13138772597701523,-0.2056452257428184,-0.39347059068401835,-0.13842794669924627,0.6126625694318097,37.38907586919788
2798,0.13730582543731817,-0.1648412170171301,-0.38739234014693663,-0.09755798776193551,0.5575964348594633,38.03181999914106
2799,0.1351618245140581,-0.059576682802741594,-0.38322801939260753,-0.004738355531699631,0.4420890749349783,40.22730087184352
2800,0.12185104412539313,0.03483786239146239,-0.37506451876833063,0.07038702832330229,0.32087515956633345,42.4336391346684
2801,0.12477128529894402,0.03440893955873871,-0.3738980783686472,0.06920843951343614,0.32155702999339847,42.75601991216055
2802,0.12258639041431185,0.022244607812550235,-0.3734153783448401,0.059289413939954405,0.34281120753790734,42.85722885348193
2803,0.11833051621752921,-0.0015752275518671262,-0.3701836907554752,0.037912044644644885,0.3806041644689928,42.15148092587869
2804,0.12686469402570244,-0.06974118734740531,-0.3487862322422909,-0.009820851096686857,0.42101899463780645,41.651791155644624
2805,0.15247194898875993,-0.11926913310075707,-0.3204930753122179,-0.039879071342094126,0.42265718507083183,40.93644683901777
2806,0.16223303442747453,-0.089033635206998,-0.3091961091134826,-0.012985457577931984,0.3696998444428443,42.225510505229956
2807,0.16170294178825112,-0.10512456646720737,-0.30094171324688523,-0.02542461014987076,0.3806716040258351,41.76051166217001
2808,0.16284905336383554,-0.05606901928899036,-0.27546864011037064,0.020375646488093643,0.28891312538201414,42.32336083621933
2809,0.1561250408935765,-0.1108741176409432,-0.299415252235379,-0.032153136301370705,0.3859003672859614,41.28706818941433
2810,0.15745360550502568,-0.1306157458731736,-0.30393196438313036,-0.050513133013564304,0.41716950914904316,40.60125294273582
2811,0.15101927102086984,-0.14139539547556482,-0.2998711682694439,-0.061934192749335155,0.4328300074034636,40.86468139507722
2812,0.15229425127155688,-0.14120837033828756,-0.2959545463470025,-0.058683117505997986,0.42097062522342726,40.72594779145299
2813,0.14863031918543382,-0.1532885709375823,-0.29450848316351624,-0.068553791812505,0.43600855260759924,40.931817583250776
2814,0.15797691908106315,-0.1290364301276102,-0.2821576395450541,-0.04524335838918079,0.38761657650648124,41.432665125740186
2815,0.1522646911604822,-0.10572746867513204,-0.2923313543031946,-0.02876877740977936,0.37554424411208287,42.320728318395794
2816,0.1567941609141516,-0.10590163159322213,-0.338415875570916,-0.0328166238166782,0.4199287838165824,42.04389707895281
2817,0.15927796861361168,-0.12067060542407088,-0.338068216019374,-0.048154921985793665,0.43420882857585896,42.54759240146188
2818,0.15189333922445136,-0.06893760745582068,-0.30804944587751,0.0005905535200220735,0.3396639313940712,45.39188107838062
2819,0.10376474773683819,-0.1595185386197077,-0.07962969381996085,-0.06189285712739143,0.24131914006062416,39.62549787712823
2820,0.1609239205470968,-0.14155848987253436,-0.33823086662582125,-0.06765631736807327,0.46577279687122336,42.843579756723415
2821,0.15240063777387922,-0.16911244810802809,-0.3500193974980223,-0.09538683327776488,0.5094915218247084,40.83255267270812
2822,0.17995759595587627,-0.03680739590294701,-0.3177942328862953,0.025697526162896663,0.3174647937638862,45.217534516715745
2823,0.1692362477619385,-0.11714602168967721,-0.3074194622933447,-0.04226370013928272,0.3988236696043556,41.9773961867954
2824,0.14220809418903718,-0.07322669881394525,-0.126247821356157,0.023618517844627464,0.17673752742547008,41.873391500505065
2825,0.16469448199753178,-0.15295992163033778,-0.2814623492388,-0.06366060492842855,0.41790294620588325,40.24932108391787
2826,0.15037968725216463,-0.0883822195466814,-0.2632945708988075,-0.010632289027283165,0.32604306194969496,41.95174139887512
2827,0.16424886118101947,-0.01867957140526678,-0.2286411704173997,0.047860255217728305,0.2041751265409966,43.03456474022789
2828,0.1661299754789096,-0.05293356365214691,-0.24299625473336697,0.020744865085741034,0.2595960399006399,42.438181484524975
2829,0.1613088647886525,-0.07664455813914157,-0.25790999225961697,0.002130853565016727,0.3017130148198722,42.09649436291465
2830,0.154087089852538,-0.05857798148220717,-0.24394571765578765,0.01907627195897657,0.26534809497304346,42.223848301895664
2831,0.15004125429027035,-0.043316478090432604,-0.22902180038956632,0.03302751020769052,0.23195812536290847,42.55793123165267
2832,0.14537732817324533,-0.10233445385273314,-0.2680156404443203,-0.020602654377392355,0.3462438299686409,42.202093062263835
2833,0.15361783104226787,-0.04956992828649677,-0.25905720314527036,0.02027232435209444,0.27689673291620687,42.898916271467016
2834,0.1627246834295276,-0.03870431833623047,-0.25480840584084513,0.033864392797701336,0.2515015323238585,42.8102402326732
2835,0.16316192126273632,-0.057624114088856516,-0.2759850052109595,0.014765597587897498,0.29799681110652604,43.653477112961475
2836,0.16889953396822707,-0.039205879863990045,-0.2736269471521618,0.031057918474547586,0.27185182387546625,44.10230935337316
2837,0.1593345714197792,-0.07130084134776121,-0.26524117446612927,0.008272436308417596,0.306422163778409,43.887874738838605
2838,0.18913450139452626,0.0762541247743943,-0.3570944288033939,0.130391733577614,0.20288953414647515,50.749001879960865
2839,0.18295815577740604,0.08805928241572464,-0.33913860183174976,0.14172970236436552,0.16776025766177283,50.828076362494336
2840,0.19154943161607882,0.06437642388253739,-0.3558210576940789,0.12216938439700513,0.21330924069396248,50.57295055496909
2841,0.1936549333433812,0.059129277448683334,-0.32334985234828245,0.1208805689577657,0.18879422024592218,50.315648780368264
2842,0.20694237953816658,0.06767467229008495,-0.35271470452094966,0.12720218669979938,0.2039747092949743,52.46852391428108
2843,0.20603583254792993,0.02728467322557922,-0.3649912224675072,0.09708040995029893,0.25512500479060235,50.50829311881536
2844,0.21180518552692892,0.10893093046781704,-0.3609436089309147,0.15991148835132646,0.15759512522738134,53.103237785377765
2845,0.21197382930515063,0.09836384926326232,-0.33891674880132766,0.1507701611436542,0.15186333472399635,53.61442021506331
2846,0.21096107593734625,0.10340653148614051,-0.3361269268311082,0.15547196330013527,0.14311257048589035,52.77226756042841
2847,0.20838581192185776,0.09247086363831608,-0.3386647962981159,0.1485232887242749,0.15656244414985993,52.38400452410319
2848,0.20825588835978445,0.07240223042285983,-0.34052556958596764,0.13208968352559186,0.18578566321434642,51.25794028701657
2849,0.20234097349759197,0.060145329294121794,-0.3446815092265591,0.12287891481370697,0.20590185332225916,50.22773308996547
2850,0.17992376633120463,0.018765230875386785,-0.3671193020201619,0.08473162826951312,0.2857816994206061,47.394522865983504
2851,0.1571996343226036,-0.06851354137666853,-0.36682646069891933,0.010884536777738176,0.4033588444728917,43.20892659364312
2852,0.1996761065009352,0.026810037369497598,-0.36386660906860396,0.09747368848131957,0.2558313690711699,47.68187634682564
2853,0.19850027062670755,0.04200310834775182,-0.3689221720449012,0.10320761039369936,0.25132581667121245,48.6174256999376
2854,0.19149929911652674,0.008500852905220251,-0.37107948073101016,0.0744546537512381,0.29680130153521267,47.521151679612714
2855,0.18189603047984026,0.024556133151068395,-0.33248417420147264,0.09278080241160315,0.24247601307229624,46.14694553106943
2856,0.17863166333303884,0.017476868677642057,-0.29702040168347843,0.09184805655787452,0.21569244279252764,44.71375965175676
2857,0.1824817999979929,0.03993400642605899,-0.2620142898096494,0.11107778514315357,0.15552216005473748,44.63185043487348
2858,0.18055233433737716,0.039417883706246326,-0.25243332404687197,0.1109076485772158,0.14850123117328629,45.17773780700451
2859,0.16693877659861653,0.01545347010911241,-0.27468098202077307,0.08988630949304398,0.2004779882204166,45.507552318973524
2860,0.1648582538921426,0.050403948680346373,-0.26858222383978164,0.1130662473602531,0.15701007780301215,45.859341452859816
2861,0.16574162375465123,0.007160661556876707,-0.27141754200263685,0.08236052740619884,0.21011145999212336,45.214922154119456
2862,0.1678448588355835,0.035572478534078335,-0.2633503115312672,0.10364441884596745,0.16673876316999872,46.037255566561505
2863,0.1582397661303365,-0.011997204107037047,-0.29458473387165995,0.061564211262771354,0.2593515463578168,45.129838487399
2864,0.1598931519192534,-0.020437045645684063,-0.28603730156362395,0.05717536749420736,0.2569345580469442,45.387350749277424
2865,0.16865353738482822,0.020353780387556572,-0.2870059955413939,0.08561274469738989,0.21171280645613189,46.33752757818526
2866,0.16774819734948143,-0.017317765122256638,-0.311026068996865,0.05625526759244326,0.28142437347963345,45.45873174125263
2867,0.16719126165002682,-0.0409913280596865,-0.3105639127378442,0.035313762952930275,0.3128461315720751,43.30713844225365
2868,0.13842096522804523,-0.11629229852590504,-0.2556824652859413,-0.014769589743818581,0.3429676328262433,40.97325666225693
2869,0.16908935051673762,-0.02090023250077424,-0.27383637972129704,0.05726869332855742,0.24239857170990484,44.13875390768093
2870,0.1724184896063603,0.010082759065126519,-0.26902504332574106,0.08435287927918286,0.20000682435287043,44.45759716062102
2871,0.17197696616890776,0.020113057745641635,-0.23779538417719495,0.09376250358150216,0.15698321711802452,44.109975899262686
2872,0.16648032055082831,-0.055647802365733565,-0.2971426069317505,0.02163590544832089,0.3147037402895817,42.99310492680259
2873,0.1687735353103854,-0.015224903902367717,-0.27271941643331465,0.0629751921007299,0.2326386615837619,44.08606501581884
2874,0.17339106402466617,0.015533575883814934,-0.24899921670400316,0.08933101898527576,0.16863907131556474,45.41996550029052
2875,0.1643047283144444,0.027644865842432465,-0.21374340117204152,0.09998311662954562,0.12378216976921033,44.90367777757982
2876,0.16548826403375463,0.026605925864472538,-0.1997222726802314,0.10004232241256994,0.11116752797982715,44.42281653232196
2877,0.16710662644022026,0.031003832274160918,-0.1976821342692078,0.10235716738917518,0.10166171326054138,44.29610406661554
2878,0.16182919548271965,0.02761854362297147,-0.1923759373628642,0.10185669264923912,0.09866386688148204,44.057858009665914
2879,0.16476971189085762,0.023702111514915747,-0.19646297449525166,0.09644946176329582,0.10823063062956798,44.9125232425303
2880,0.16886719597956287,0.02819202819390422,-0.2064325026586045,0.0967237334264809,0.11575803093257678,44.28074126469269
2881,0.16534875572849203,0.020070893360140837,-0.2164613739639513,0.08886226013436788,0.13621922953458795,43.829949916435474
2882,0.16331069281556984,0.030009815325747063,-0.204026486232812,0.09553926543642122,0.11571495816397376,44.40727788869867
2883,0.15043081599984234,-0.023820691625467287,-0.2256122026372882,0.053785729170754346,0.20673064530895238,44.01832592547687
2884,0.15380286611615712,-0.04523162227963529,-0.2506439658464201,0.03373936792364807,0.25713792334218305,42.929096421015295
2885,0.15401009165951135,-0.0707294869698919,-0.2552953560812713,0.013881937555073125,0.29048191206571927,42.19481697354656
2886,0.15529905684534565,-0.07669478088273725,-0.28688258926386984,0.00564798264919359,0.32844973945189654,42.23388278235427
2887,0.16069049795771193,-0.07286704054418372,-0.2975411187405368,0.005727431493837831,0.33660214816038303,42.20186372727596
2888,0.14729235635668453,-0.05900391412878574,-0.26049724815140657,0.021342638803458998,0.28268039445571963,42.65082337754745
2889,0.14740139801734373,-0.023514371287632452,-0.2620016613796931,0.04917936105372841,0.23907976593362534,44.41869979122846
2890,0.1549057090326231,0.003955031913019795,-0.30457638733751546,0.058957789793741104,0.2604163951943459,45.2528511631595
2891,0.1676216837384526,-0.005928594408361619,-0.37451982964339514,0.027324812718724466,0.3662660297940455,45.1592046551521
2892,0.16023207074686016,-0.026480166873692666,-0.3356672900057096,0.027986711026878667,0.330260611649342,44.98432294947372
2893,0.1512502942003867,-0.0655257646700915,-0.3573136082485058,0.004052682717100829,0.38815032756947215,43.285213385625575
2894,0.15076025002588142,-0.052678202842262496,-0.3184916211919636,0.01889099983315051,0.3344113656167531,43.96241644561486
2895,0.15262389963141942,-0.03851544045346251,-0.32672151293461127,0.02929412708502997,0.3264568664708592,43.758433203132704
2896,0.15605095746553962,-0.027697882117285105,-0.3669492447352869,0.030425385119412965,0.3595337328475622,43.68578222140309
2897,0.14864906861161134,-0.05559688288885759,-0.3685181559689687,0.008374794489491246,0.39645411708031,42.72277590677122
2898,0.17895034240150626,0.04345915279068476,-0.40424866431024686,0.089111033699648,0.3071977104787362,45.524374852591876
2899,0.1394567182869519,0.04025615559933921,-0.4048259759916746,0.07455769890515174,0.34132138698341946,43.285861361271365
2900,0.12108437363114384,-0.10073331073422977,-0.38894983879470774,-0.044756185167172904,0.5045611686716012,38.701607334500345
2901,0.12763208913684226,-0.05549531535528062,-0.3915480121631901,-0.0059744119444594904,0.44829421310004297,39.916044307546976
2902,0.13934659554132153,0.08078974142263828,-0.39693655811271883,0.11022765065734363,0.2719624887000466,44.33327713724139
2903,0.13958671920031954,0.005078126818055081,-0.3722106309777541,0.05542950816864996,0.3285849905697021,43.38372240580005
2904,0.12376261653604202,0.0443967756018618,-0.3841625487113303,0.07539037766120626,0.3198512317662908,42.97624457136936
2905,0.13138670964091181,0.04131233224699522,-0.37632528121886494,0.07283680316788096,0.3181273241988114,44.07341858566974
2906,0.14280099108294395,-0.08688303375518991,-0.3541604518632602,-0.022632636187857557,0.4362923749377516,42.4108281513862
2907,0.14964407390891135,-0.09112622987816918,-0.3643554210599768,-0.02657235911528405,0.45011329433940717,40.79974943101883
2908,0.1757944376023838,-0.08623304484854878,-0.3515434045764006,-0.014911282379973639,0.40248332261617453,41.85744674420171
2909,0.17425396939870033,-0.057555366214335796,-0.33793741552812867,0.014952477680922505,0.34446726695389457,42.86335180438875
2910,0.17556087862300648,-0.04753464331587491,-0.30129027980692236,0.020131555332096207,0.3043068857304823,43.93795144417597
2911,0.1657195651412285,-0.07982582318266908,-0.2854375406157149,0.0002450283417174413,0.3243892859545517,43.19219614678047
2912,0.1663479442505119,-0.10417698542205309,-0.3023870682244652,-0.0229628368070055,0.37375151722394223,42.08581236158775
2913,0.1661338651099043,-0.07338536777738351,-0.264130193842712,0.004123793630492652,0.3028205188563183,41.96025392717192
2914,0.16273074146334618,-0.08142816428165371,-0.2652560921441292,-0.00020453875529861715,0.3107487887577308,41.52228374879445
2915,0.16422136137992888,-0.10456366621729397,-0.3015627607569346,-0.02159936353929607,0.36935295234813587,42.445593815856974
2916,0.16198670312332902,-0.10649437846672959,-0.30082955524586885,-0.02815894619660841,0.3829370131417218,43.95272922423829
2917,0.15937729236945922,-0.08456622066712714,-0.28409885942421403,-0.015796526084206133,0.3434904962501358,44.6594637924759
2918,0.1698295155114478,-0.013521165437096494,-0.2874440996097618,0.044587028101062784,0.25649810123826317,46.25905370414682
2919,0.16904594747307164,-0.011328972816396011,-0.2778779144068922,0.0520157762779806,0.23711746593766303,47.07039468101109
2920,0.14662198398287893,-0.06363341596370031,-0.26280523277175166,0.011073789535273522,0.28961468310370514,45.3995599032597
2921,0.10854086245928374,-0.1720734131635271,-0.14967641829040254,-0.07919936502948702,0.3231937061442378,39.38888319152032
2922,0.14692593414721838,-0.18608281764205217,-0.3512212785867399,-0.10812257336179548,0.5248118324712692,40.62944914626202
2923,0.14228394160390456,-0.1895807421110443,-0.3606883362687432,-0.11122130370270684,0.5322855836572618,40.15109940172798
2924,0.167691747771538,-0.11042064636599334,-0.34115098855439213,-0.04231243124140455,0.4301659492082315,43.224158848341794
2925,0.1928288042172968,-0.03271357487570365,-0.31255874278166546,0.030098746401605973,0.30029557893412084,44.09941924560908
2926,0.19266932123503575,-0.026558099865733868,-0.255293722019985,0.04519755679541006,0.2237042719108385,44.57120538835091
2927,0.1430659638425488,-0.035140009564579466,-0.2175403256168738,0.03642934112623221,0.21434611898766673,44.66826133760256
2928,0.15995114725014617,-0.035588395996798805,-0.23129323934928103,0.0339638240988687,0.22700712967434408,43.098760509935076
2929,0.16148715940375838,-0.05255571235771277,-0.26529334424462325,0.01912312594036071,0.27882403093129254,43.51822783273574
2930,0.16216322106866807,-0.09349483971222079,-0.27218711650288197,-0.013803325300440587,0.33756706517884005,42.36833394458484
2931,0.14881876134211486,-0.06246119908700997,-0.21543712709632123,0.01915859809918911,0.24608265577445806,42.29315660275138
2932,0.16934464493076698,-0.03907241511805285,-0.27580826059732666,0.028097868468398207,0.27832710258381455,44.652206458864995
2933,0.16325055399746832,-0.02345998898872205,-0.2763840620576491,0.04174365063064465,0.255295876457008,44.94542944472412
2934,0.15230047599277766,-0.06391969072350856,-0.24892421599986655,0.015106756713414072,0.27643844860247685,42.92435370235818
2935,0.14646351345733027,-0.05874135613782106,-0.267845426083381,0.01529390278514262,0.2951008333514112,43.347966928601494
2936,0.1589047742530429,-0.026867438190671687,-0.24211577012168392,0.041442925661783966,0.2248133095714947,43.59158954541312
2937,0.16500628786934193,-0.030775736128816514,-0.2519580193252447,0.04070940406396996,0.23773067312683177,44.291074436847964
2938,0.16661240011859735,-0.020297275679130016,-0.24616482059144146,0.05032079022653445,0.2188327151535534,44.11522628366512
2939,0.16608746721427603,-0.04986457671457186,-0.26065181632600315,0.027461513465454505,0.2695665778031476,44.21322559934874
2940,0.1926281652702052,0.06710223029047954,-0.36309527081933723,0.12465536697783852,0.21512966667782718,50.2623189350883
2941,0.18732309494859725,0.058320820088013314,-0.35328495082792755,0.11842411901767844,0.21674479571755853,49.503823095315305
2942,0.18826879631231935,0.0384767959367723,-0.3238908785977771,0.10504260131790395,0.21413418348284974,49.166026887710224
2943,0.19447774745486204,0.03381163450630381,-0.3565226467021754,0.0996878318661656,0.24884473245268723,50.43693598208168
2944,0.2021497168247426,0.09994243221210937,-0.35621566725432097,0.15110942154902005,0.1692719662605731,53.615619293164585
2945,0.20589341916098047,0.10380033174111473,-0.37434753008813537,0.1546202538318753,0.1749631526153701,52.86276708927709
2946,0.20205742196132254,0.11094887599299212,-0.35899046995891937,0.15824762087358574,0.15839431132671566,53.30226149507267
2947,0.2127297510831027,0.10012683559867648,-0.3400818397655444,0.15037534187259702,0.15265349740346404,52.68966268228811
2948,0.20319969760261003,0.09636898216882295,-0.34674140778040186,0.14733171291071454,0.1659262310122515,51.20672646946578
2949,0.20599125655329348,0.0972196459356249,-0.3405657648942261,0.14975912529719485,0.15741847326058472,52.19099749501605
2950,0.19293555806060622,0.04879681157589284,-0.34089863115419466,0.11303829800203291,0.21957293281211632,50.14706649554559
2951,0.18795638961729022,0.03226634000740022,-0.34392004837878964,0.09782356676696735,0.24982979458959498,48.51232717518576
2952,0.19649730270114507,0.05433894957167506,-0.3588968619664846,0.11801628481057191,0.2292938816278162,48.30858252275248
2953,0.18416865940819363,0.03458597569359681,-0.3497707887677989,0.09962427603572653,0.24936648692200483,47.88777499036067
2954,0.20180352278648264,0.08484957440927286,-0.35201595957585313,0.1429517027452513,0.17717587911130617,49.866351199332584
2955,0.2028978939175927,0.05982552326000078,-0.3673615166719593,0.11864508278864885,0.22424656245262703,49.13401565807838
2956,0.192569893470946,-0.01376618761452109,-0.3713803783402737,0.05359531247975299,0.32688387309008443,45.65611142655615
2957,0.1862196800187148,-0.027046845393192527,-0.34332937314695094,0.048786802279186955,0.31205488598706366,45.73344291308376
2958,0.19406942842059932,0.008490981050876681,-0.306658092224335,0.0837478902617764,0.22851960091300466,44.72663457828731
2959,0.1906415965444259,0.020382681361546237,-0.30914125816425675,0.09265618544316906,0.219028357951605,45.97422353106619
2960,0.18206485694724323,0.027825479380716823,-0.2878211133762913,0.09918111834533315,0.19286806211682667,46.14956832753916
2961,0.18189919041251587,0.041190151133511335,-0.27508620490715935,0.10997161225492248,0.16697896211141253,46.11080897777127
2962,0.1825832876955366,0.043778191875423096,-0.27374556395361865,0.11088403263759668,0.16364888073237302,45.978275851640845
2963,0.1747601408693414,0.0316850864436735,-0.2790253587052556,0.09947079643873724,0.18608637753320184,45.885134130136926
2964,0.17527430221274742,0.023208852385162345,-0.27935786923986644,0.09329579816383829,0.19455478790891906,45.786901882355366
2965,0.182665867291254,0.04474081366026201,-0.3108611101040452,0.08753409886983969,0.22431128560393193,47.26228986201076
2966,0.17888258464935186,0.0429079802888125,-0.2660133164660262,0.10311376162857906,0.1677301937258212,46.50821972055116
2967,0.17837485538713416,0.02644661870494844,-0.2832787049566662,0.09022941914800843,0.20294084345030555,45.74380231915105
2968,0.18023748755274294,0.020735880209382634,-0.2680351026440429,0.09413537522296068,0.18460236502160723,44.58791234061779
2969,0.17737726038163035,0.035173880541543426,-0.27225996772327815,0.10125212018712537,0.1731144318983343,45.40125688563585
2970,0.1593114810846024,0.002366214711085972,-0.2480259310976517,0.0804886281893779,0.18681617130699021,44.23694167930043
2971,0.16007498330904618,-0.08188612051460514,-0.29492049392523545,0.0033628249367773904,0.3287729344580476,42.17702750009797
2972,0.16679187975589824,0.01719935527410949,-0.2468601699997949,0.09025321523640056,0.17079953245047833,44.74301314937223
2973,0.16370258216646857,0.019046942299417287,-0.22368373952267498,0.09377679979902225,0.14285843417940458,44.793020950150975
2974,0.1646352199474576,0.008976764425379214,-0.22514609182948594,0.08583686747695819,0.1590208210279309,44.059031102810316
2975,0.16852160247169942,0.025141637016705486,-0.21883530053691191,0.09772535212551468,0.1317219375852801,44.76238445797498
2976,0.17118214360828582,0.013721599413440014,-0.22228512615349277,0.08696625549054932,0.14778235324129935,44.84388180309355
2977,0.16560135993670683,0.022035585350857468,-0.2030830804484316,0.09674945836425253,0.11935869139202182,44.006233674000654
2978,0.16609314522778637,0.030430216815224034,-0.2030904234287369,0.10056258079309417,0.11146395454722251,43.99983034294456
2979,0.16450065316564555,0.03170755650702405,-0.19765095145110168,0.10181689129464197,0.10284977253680479,44.20969638514581
2980,0.16504219673402623,0.0362034246372073,-0.20530552586373946,0.10309979225332461,0.10568609017694335,44.332478589382205
2981,0.16227470123613855,0.03625311455670225,-0.20712638648150083,0.10199488706936165,0.10593332956005075,44.14907907661679
2982,0.16398284583314476,0.026663545590824407,-0.2042144951077565,0.09296735678173769,0.11981810539787621,44.188456048622164
2983,0.16052364473477007,-0.002934907654454567,-0.22388057300313444,0.06677767484820424,0.17841534328902012,43.65341968755641
2984,0.15436180635351635,-0.06144026800817327,-0.25508181109729416,0.01906475292828851,0.2821724515912977,42.53900523581295
2985,0.15636570488807092,-0.08557583132770182,-0.277225189772625,-0.004542298545750719,0.33394376984940766,41.83461481278389
2986,0.15199878576645373,-0.07459093287707691,-0.2677788574599509,0.00701884056434988,0.3111954860181004,42.4383460709332
2987,0.15738072475232934,-0.07787872221051606,-0.2781288007935265,0.005287027496490018,0.32052874769224854,42.08497959989993
2988,0.15259363677791093,-0.10453027881615268,-0.2951610517772275,-0.020542308049373677,0.3738099691502284,42.41553700287372
2989,0.16107887846801963,-0.0753792130831725,-0.2902785390570107,0.005745519787027806,0.3296324686756667,42.46746778597927
2990,0.15318351094526447,-0.10937127260687082,-0.28638261144747024,-0.02336687825702938,0.36881094294073113,41.32568442939995
2991,0.1386698044345387,-0.060195651198258864,-0.27477260496099865,0.014745854088729157,0.30313067265305704,43.61831211848223
2992,0.13556696270934288,0.008140490467759795,-0.24219883730911065,0.06691545480486676,0.19318181288727185,46.47032162031998
2993,0.16105282118517694,-0.003778856439953919,-0.3070965868685922,0.048670034503740855,0.2664353310785973,46.42407323034735
2994,0.17373903085435827,0.011220959801039416,-0.3905573102717302,0.045348702360762785,0.3506516063820469,46.35400804356975
2995,0.1588572887572079,-0.05430670104101967,-0.3569260244175155,0.007766706712169223,0.3790693038987838,44.22298917004465
2996,0.16132135553132243,-0.04980139543866934,-0.3187272799687627,0.022437804895729704,0.32623816785838755,43.76776211470738
2997,0.1519978306833074,-0.02824839376991374,-0.29027017072431205,0.038173766852720094,0.2809999853500219,43.22813742008924
2998,0.14363649580467464,-0.0413060094923265,-0.3559935166108519,0.01600269958235707,0.3818164255512392,42.679479036099025
2999,0.16246806276147818,0.0027592644014887402,-0.37344030836610426,0.058404156265488276,0.32978973366033776,43.281026076770154
3000,0.19270393476692174,0.05426208182136217,-0.41407046024154354,0.10384770932132159,0.29552891386377894,45.87050463052049
3001,0.14881170158594795,0.08819311693720677,-0.40512829228467456,0.1140156352271547,0.2772342025079404,44.68654087045478
3002,0.12722766284217585,0.05128370284739893,-0.38995206476565647,0.08056384407920686,0.32334794547846857,42.370939597795264
3003,0.13546990915760987,0.032471451748729084,-0.3922153553141764,0.07030905450823478,0.3354210105153673,42.721432813162075
3004,0.13021714323815842,0.01808640370784418,-0.3935538693323873,0.05659575300115575,0.3591478601270676,42.27677771958403
3005,0.12611941081853384,0.01876355576923209,-0.36686002979628785,0.06102471816861522,0.32699252859925193,42.9253394133577
3006,0.13101174262739232,-2.5824430421214406e-05,-0.38481649280594477,0.04210881744208991,0.3614303334598655,42.69590076197193
3007,0.12007808171194162,0.048132787176176084,-0.3814520328301202,0.07496073195490664,0.3211873293356693,43.60733417932231
3008,0.1270724790497259,-0.05722245003945927,-0.38011948042277,-0.007763868294985095,0.43720665210895104,40.956612135245145
3009,0.14889304908286313,-0.12651270127411315,-0.34720009495817133,-0.054680464967092494,0.46545795766770104,40.1757741126408
3010,0.15601955356246747,-0.12176965482563869,-0.31230734152156137,-0.04040275536046791,0.411008888769345,41.50492852841904
3011,0.16635773901854806,-0.08097916806096339,-0.3106159795137032,-0.005958401921437096,0.3584152783304576,42.16419342118616
3012,0.16895371282904592,-0.05544648988714966,-0.2867319404812259,0.019390665169315684,0.2975258233995542,43.0316561871738
3013,0.16780843745080415,-0.07518105540889507,-0.25974207795727944,0.006230714946474236,0.2949465169089871,42.15006745210797
3014,0.1510369176682346,-0.11848954017140102,-0.2851102987092875,-0.03995991564923655,0.3866659352054906,41.654225767495255
3015,0.14793898371197906,-0.13207574413934375,-0.27526443088220276,-0.048429458930609744,0.3928221213730796,41.300721138898744
3016,0.15327212926852993,-0.1070770394426435,-0.278617770557501,-0.027546625480466918,0.3635211772495605,41.721619637838025
3017,0.15424661516297772,-0.11373663089865288,-0.2842185169844202,-0.03461892532132268,0.37622760515904075,41.90384158693688
3018,0.14586090648730918,-0.1439595944047816,-0.29424857970419893,-0.061663319646269886,0.42640793150663264,42.0919902047906
3019,0.15455486005759578,-0.12251208235225454,-0.2796987354789849,-0.03982901152350205,0.378827046869974,42.773745363432745
3020,0.18794484450433444,-0.0048902419431374805,-0.22558509958317588,0.059893253839964924,0.179343753896209,47.24959822180689
3021,0.1525884339063006,-0.02611696283646272,-0.26511721513613373,0.03583222293147852,0.25072387939894186,47.37280034429282
3022,0.13838570065650566,-0.0871634059300352,-0.2596773401159365,-0.009113907010883989,0.3160632451802371,44.055521420033
3023,0.10646736246327729,-0.19320987760966848,-0.1372544382725279,-0.09273889465529465,0.34201629027158625,39.190494379218855
3024,0.1382956963552923,-0.16173373559339912,-0.3356439683990874,-0.07899099431151974,0.47329080376692867,41.485549682363946
3025,0.14971016039423646,-0.12201734353018663,-0.3556299196859627,-0.0515079825802821,0.4563669317018901,41.98624038620267
3026,0.16007741087407237,-0.12445935528861883,-0.36556297529350607,-0.05738955754249648,0.4737919409867757,41.49918046182895
3027,0.15933239581349135,-0.12202912091810739,-0.3408743321215611,-0.0495784271465258,0.44446625431399167,42.40083754980976
3028,0.16426482411215618,-0.07145590134624162,-0.2672929543154711,0.0010803710092285763,0.29910847623232006,43.72672004311842
3029,0.15850184603249814,-0.009607445077975762,-0.20292945583125377,0.05708903911581286,0.1656694990213443,42.92324803211506
3030,0.1441222007231649,-0.046721434098350105,-0.23167916032513783,0.02312549268645197,0.24697418111100217,44.06605043981289
3031,0.13994498227188065,-0.09971392376821345,-0.2514330635678041,-0.017080846459878698,0.3280011682123472,42.47913206383131
3032,0.15560147189742785,-0.05799879498886277,-0.24766466316891475,0.018275615779912557,0.2693185458130037,43.65145927759612
3033,0.16190001145534522,-0.05790680217945263,-0.26942072417284535,0.012300567414444534,0.2973146157473755,43.485111527678946
3034,0.16844716611668858,-0.057385448276522366,-0.27635539753654437,0.01443587473658602,0.29820271823418265,43.92693983482311
3035,0.16508304459483367,-0.05594717904627762,-0.28959847697666763,0.0152192110897612,0.30779734570833656,44.61209004076002
3036,0.1592335506795283,-0.0349422815575904,-0.2534368149351836,0.03623675768899896,0.24509926483330965,43.702125294654174
3037,0.15309839622627294,-0.05209507199829741,-0.2417548480557922,0.024145013301245688,0.25698623693972333,42.70147426847352
3038,0.15801046988071343,-0.01974336087338405,-0.28174651622238933,0.04046572145309846,0.2628512473657902,44.750061622995034
3039,0.16067162148327,0.0054450633780217805,-0.22375778869820032,0.06965427895050907,0.1677510227800422,44.20480220521373
3040,0.17735895683705805,0.016000936046867986,-0.2713896435727431,0.07247996342595985,0.20197229479317336,46.267762765910724
3041,0.17292108266318376,-0.010484227012459211,-0.26866602437342246,0.054863500037696925,0.23195508491149996,46.565482312129646
3042,0.18351443202796433,0.08604941138557927,-0.35646511240480766,0.13823275323060338,0.19181278746342928,51.00140728416275
3043,0.18600411562530944,0.04174272010629786,-0.3581292712786651,0.1068469306668133,0.2411304680214109,49.89848304862911
3044,0.20138658596797665,0.09193268860346815,-0.3680069690584619,0.14299588915867395,0.1912866538338357,52.34951934738211
3045,0.19499111887572945,0.1151377449095776,-0.35634494008292433,0.15961046865727582,0.15661059117875942,52.812433616275
3046,0.20011925512498355,0.08228814707259932,-0.3627413090033582,0.13791592522273022,0.19676343760031642,51.115149026380344
3047,0.20467381677190746,0.10431925271700443,-0.3581597888214907,0.15160996768611915,0.1685901167086472,51.399104507215654
3048,0.19327530248354363,0.05517996093999901,-0.34019762652378904,0.11548901841514327,0.2161215013782081,49.51841225858886
3049,0.1829251699026198,0.01930271083326271,-0.31845905733625013,0.09071474355186239,0.2353488723479498,46.777506576843024
3050,0.19604526204651102,0.056806871056993224,-0.3290663620885151,0.120068361825862,0.19717832677676647,49.82939687174505
3051,0.18855606189731297,0.041787429313996455,-0.34458015931008235,0.10501151245804462,0.23617056445958426,49.135700141316555
3052,0.20898089328513483,0.09368552679671699,-0.34564378237111276,0.1497874296206354,0.16183853294093511,50.487092539715626
3053,0.21003403032249424,0.0974990832829852,-0.3494734381156038,0.15025488353333039,0.16323809045115031,50.95994467329704
3054,0.20348261179616176,0.050990817537656837,-0.3704967337881228,0.11125861655359189,0.24318110225387124,48.65544593319946
3055,0.20643937480004568,0.06721154783365467,-0.35207626062209796,0.12562244778805176,0.2039753629009328,49.02208876068042
3056,0.20446062745758337,0.02827038525719551,-0.350360764663356,0.09934106856285052,0.2386519227340509,47.42633736557352
3057,0.18913880543055103,0.009959231164680152,-0.34491354689463116,0.08049090903811594,0.2660289997383522,46.30698593373667
3058,0.18557394985682965,0.040347301344727686,-0.32556466630408953,0.10395428397131705,0.21399724288929786,47.95559623235513
3059,0.18075123389168896,0.02889506874290182,-0.2878361104094164,0.09755992149908743,0.1943524108069613,46.014800191238095
3060,0.183984948036687,0.019382694097571592,-0.33205398032219,0.08667859685686054,0.24658190536368318,47.601473515116396
3061,0.1889989629719756,0.052711208618947014,-0.33895809503482854,0.1120009707566256,0.2132610670058629,48.70241714618099
3062,0.1779779203854084,0.024619169913320863,-0.2867261839743013,0.09331512418738293,0.2016138709561849,45.89121154757146
3063,0.18342996003780088,0.02460179500818526,-0.32592755957944297,0.08562029443941044,0.24626799796006818,47.10710871363373
3064,0.19530543430060981,0.05594563915737002,-0.2975558505723245,0.0940191039605328,0.2028394923735688,47.98275040325549
3065,0.18867198576043556,0.05431292811897867,-0.2754335972603234,0.1024434521486872,0.17234977183944658,48.12909658853592
3066,0.182497606698698,0.048359238638295575,-0.26731651369137716,0.10449260627984965,0.16573398033805284,46.093416863144135
3067,0.1607986534142264,-0.02907991471492247,-0.25817865205609264,0.055589073548851745,0.23723179209467185,42.68065286644693
3068,0.17931967020355374,0.024700944821375147,-0.28770629177103696,0.09306613442231952,0.1978357376273444,44.5986715606007
3069,0.17311177166894717,0.04295835848844795,-0.27172162482623485,0.10844424505325474,0.16187891459663592,45.64113404924516
3070,0.14850428026697682,-0.06233594703305998,-0.30201618885040143,0.021298629106400492,0.3240112458434251,41.82851377002827
3071,0.17071641726914383,0.02848370554936243,-0.22047009154314645,0.10372122681898951,0.127138883225292,43.6787822403393
3072,0.1726201891383634,0.0312861954297636,-0.21879100657206255,0.10372980490260539,0.12206989226974671,43.84077384581408
3073,0.1701598883189236,0.028227340777474574,-0.2080255596002475,0.10207022706047995,0.11454543853135653,43.88812664547599
3074,0.17170327672891228,0.0286493258912129,-0.21829574494069778,0.10007064349239564,0.12562574660501433,44.420480270367044
3075,0.17565596529501323,0.02657622566979986,-0.22560683866219872,0.09491298830040053,0.13757383435658493,44.59394779473875
3076,0.1701978982010875,0.0327215085000811,-0.2228875796241533,0.09710376334448673,0.13166796315191318,44.219843958589124
3077,0.16429749491213683,0.025978713664214375,-0.20739089335341904,0.09383299517274532,0.12089541980492538,44.06869899802275
3078,0.16487438237732002,0.03594088786938779,-0.20942018268741067,0.09875233116633149,0.11243735783987029,44.407193211757345
3079,0.15887183672663874,0.03082388388374772,-0.21609736284296038,0.09263123824102985,0.12771226519366896,44.09431383504236
3080,0.15536474355492202,0.0010001737394003867,-0.21531569604912806,0.07225656776235169,0.16062299085169723,43.75099479390275
3081,0.15379341177002098,-0.059066594796471784,-0.26543181212459716,0.019339707740399635,0.2888356625435569,43.02936227894175
3082,0.15687587404488743,-0.0782844853851922,-0.2828815796967617,0.00017032350320269861,0.3306023085456705,42.030716207638044
3083,0.1590520479279834,-0.05163285046398803,-0.2642706023060393,0.024519891288382698,0.2791282104978059,42.950253411136956
3084,0.15690462813655887,-0.0513283359928978,-0.25480715186138836,0.026902248382767637,0.2665499785337694,42.83303948286323
3085,0.15031725585043854,-0.09777114904454925,-0.2973382215514633,-0.017757686811167836,0.3697361589002289,41.61351812221873
3086,0.15771902356459783,-0.058048351965272305,-0.27993353231263834,0.019352524336812473,0.29908423232491815,42.46442078918188
3087,0.15290134818006795,-0.06464963881089089,-0.27698118433669566,0.01116448481295079,0.309300288118123,42.996663128888535
3088,0.14714300808708133,-0.0865316372558502,-0.2675666895974424,-0.004078560635074762,0.32624325254833736,43.02722881396249
3089,0.1566327446068716,-0.07862701036517732,-0.27632434592246197,0.0013610446046366579,0.32448545147190705,42.64057648105086
3090,0.15455004409313833,-0.044783148857378996,-0.27133390065806795,0.028375606637358445,0.2776591025255201,43.13394869539994
3091,0.155234019629772,-0.019419920266227887,-0.2566129883869008,0.04587115102508581,0.23566677434034422,44.376059308950985
3092,0.16516286821918041,-0.013504422752030409,-0.30204882368048586,0.043080161912923916,0.27533430052226454,44.65693504210229
3093,0.1595277190910949,-0.0363395746800049,-0.3350237441097078,0.024884611789781727,0.3311437449102734,44.264992777415706
3094,0.15736535415665068,-0.024586776984881677,-0.35592803339895446,0.03751326085293465,0.3375426232016476,43.880192900941346
3095,0.15049775672972543,-0.03580859039178531,-0.259115856855503,0.03601357387015955,0.25545536522512186,42.65031086691388
3096,0.15927138658848203,0.0036198502396246257,-0.24379822339805696,0.06869781548117976,0.1894072232448281,42.80825057812469
3097,0.14889561678301544,-0.07456126141298612,-0.3137846068526444,-0.0021600766108165292,0.366080717278863,40.88131279849839
3098,0.14538793172669628,-0.015536867082968626,-0.3458299562061379,0.03727559206847701,0.3420880134261343,42.06182335328431
3099,0.17910218523471239,-0.0003393629945201081,-0.38843688798064496,0.05747852856996022,0.34158386749338504,44.38908985217768
3100,0.16511590304695783,-0.016670262896007322,-0.3137000848765572,0.050485399710307216,0.2822819302249163,43.30920965293224
3101,0.15226135461678775,0.004353552726766832,-0.2995240678827573,0.06480719515699328,0.2509195062938984,43.7550028808342
3102,0.1354432413974392,0.0874769019575143,-0.3745772064809673,0.11088619410288178,0.2559524842395595,44.43955468259011
3103,0.12938843372199849,0.053032451603171285,-0.4001671543896773,0.0822703237119465,0.3264265658647987,43.46817812256704
3104,0.12823828998363293,0.059732834181790304,-0.3958079039469641,0.08728215147049258,0.31236305520485025,44.14530638983207
3105,0.12267506496660799,0.03608266595767372,-0.36838156861269716,0.07459010946490412,0.3052332097817365,44.32929722261961
3106,0.1194650015108625,0.06873708653974805,-0.3823529048530102,0.09169457581369239,0.2913833224034468,44.186615432400416
3107,0.12341362648645084,0.04240931179291682,-0.38631976643381344,0.07090463177795102,0.33185108108735945,43.01956509245826
3108,0.17058050815839867,-0.0635318187440285,-0.3390977002250045,-0.00158989349849724,0.38165739259361303,41.499119514199286
3109,0.15480148170796154,-0.11938965402892056,-0.3130771592180931,-0.0385078336931579,0.40840458284246334,41.77508105224517
3110,0.14417906692538826,-0.15097138208778219,-0.2892646590225687,-0.06240237696185195,0.425331992491206,40.513200171839635
3111,0.14619180447979263,-0.12910875490505583,-0.2939337828364301,-0.047053386032311136,0.4086837116890181,40.78580860573983
3112,0.14527773782261824,-0.11664421119733705,-0.26828437683727113,-0.03361394703417401,0.36722897914130637,41.57481668645973
3113,0.14823765644299738,-0.12284510887661869,-0.2652643266827015,-0.037530066165672823,0.3680055961245249,40.910680603285904
3114,0.15126383456844597,-0.11513605758892138,-0.26390525646409435,-0.03285528956031418,0.3580057462698602,41.91137002969604
3115,0.15029120879339716,-0.12456580342747395,-0.28536534504802513,-0.04492312213194059,0.39641682595770505,41.458849176586405
3116,0.15216991691728032,-0.1479574485144004,-0.2996973447118069,-0.06720544332568966,0.4367626275079649,40.96647843479817
3117,0.14748351215537325,-0.13741443561332373,-0.2903296454863908,-0.05669069576739152,0.4167242002948661,41.853040412323985
3118,0.15312842400206894,-0.11756364722800042,-0.27571264674805046,-0.03579707496490177,0.36926437133668893,43.27694181622875
3119,0.15433738190444402,-0.06118763673224111,-0.2667762016265045,0.008297963328611109,0.2968713507135557,44.092400457515964
3120,0.13985765014320764,-0.08066557579105452,-0.2691236413376566,-0.007121648322478165,0.3217926213616299,44.84448738201002
3121,0.1132004671297614,-0.16179721528469024,-0.20780812988305591,-0.07299207295558892,0.37259563722055655,40.258270541169885
3122,0.11973321569888382,-0.1791333300225276,-0.1964302259307506,-0.08401852292756304,0.38478284690483855,40.58687978910414
3123,0.1563340306782903,-0.12171616327565903,-0.31146537335786983,-0.05318294514300276,0.41121058315946074,44.370331427303775
3124,0.15845777688996007,-0.0561221242325714,-0.3087453402422272,0.008835111423200186,0.3258934389935102,45.220548210132776
3125,0.16718689345629953,-0.07764520732838029,-0.3439016076563481,-0.017317224536924657,0.39724212240090534,43.86189822616717
3126,0.16983093120734427,-0.06419034387747959,-0.32777419213322007,0.001001276606083306,0.3599841449326192,43.72561426430606
3127,0.1629349259340183,-0.03697272752272686,-0.248177560046369,0.031677833852811046,0.2410043073403155,43.07117961846833
3128,0.1598449399414552,-0.00010618204600282604,-0.2042228368704975,0.06333149419126284,0.15565645201938186,43.93316068289505
3129,0.17244592252757038,-0.059384024124572825,-0.2803338712603125,0.007165538724709328,0.3101047639865037,44.18213449535836
3130,0.15755447349690455,-0.03162612842926946,-0.21434745446558304,0.03954679698233887,0.20529808464343718,43.57963340907592
3131,0.1568284997288061,-0.026306338116621992,-0.2135559092950788,0.04472542246403139,0.1961659456785173,44.304225009120465
3132,0.15158072420009316,-0.02959689095996912,-0.22303390817217467,0.04134893630585922,0.21296301143282972,45.380066905413976
3133,0.16197678976137894,-0.011305929297896632,-0.22980142898984612,0.056026538172581256,0.1946063583057769,45.243172356438556
3134,0.16617202361679115,-0.0026680066868890262,-0.22559825728367974,0.06288941840181843,0.17858094471571542,45.52682098924642
3135,0.17070692152910846,-0.00828520279820929,-0.25064208097865376,0.055585548934727266,0.21014581662928794,45.0701550175808
3136,0.16090424641020915,-0.045067874707200806,-0.25106436472086824,0.027931979092010555,0.25446751014549934,43.830312777037825
3137,0.17313280981066326,0.03991845672253372,-0.28810291560793555,0.08766547702461627,0.18745845744041295,47.900801992274744
3138,0.15728967578325,0.030094548763340154,-0.2771541587132364,0.08277817173839244,0.1898699827699923,48.890687828907
3139,0.16879530821014113,0.01664001419921171,-0.2776542046558715,0.0745641115534828,0.20564468298734406,47.68674056870669
3140,0.1780766886434412,0.02585489514000204,-0.2849478989064941,0.08083017924977515,0.20275402593977243,48.63653041017994
3141,0.18449528852543068,0.11871399599730903,-0.35424096569601576,0.1588420755122258,0.15718879024291882,52.069578449701154
3142,0.19156975699845033,0.06085997259805164,-0.36403210044495193,0.11862197567467864,0.2300521250584044,50.46497909271395
3143,0.19060117368242227,0.058508660951506364,-0.35148315939524966,0.11813280471849083,0.21734312160879038,51.060077392063384
3144,0.2028673740716042,0.07731541576026613,-0.3541063070913753,0.13433265849175757,0.19181271071724046,50.063121426605456
3145,0.19693495138075923,0.0804763306511802,-0.35591325392331646,0.13434833266998325,0.19625830340767772,49.77518911238374
3146,0.1883293697666416,0.03994956766603166,-0.33990058730252987,0.10470180181218444,0.23062231217541962,48.008032788639504
3147,0.19999473269530732,0.060466101542126525,-0.3563114923441497,0.11889646164610515,0.2192874764403235,48.536648236148295
3148,0.20165484593807037,0.04842539535506237,-0.35582606655125043,0.10975863582373376,0.23690809599229462,48.066614449792795
3149,0.20145746902849804,0.03248906589525495,-0.3653019103984561,0.09667724722849116,0.2643419338769064,47.45049379888538
3150,0.20762198657973407,0.06288791229604014,-0.34255489744023204,0.1260001808879901,0.19552683969727028,48.70292046801572
3151,0.19634088709235295,0.048290667609423764,-0.33543864423645253,0.11336633695287861,0.2113362158327533,47.60242316686686
3152,0.18660573690928675,0.033117485024963554,-0.29778594299310107,0.10456526479737743,0.1935511014334738,46.082421811246356
3153,0.18927527616743953,0.03484027633232647,-0.3037691647664329,0.1035263379033928,0.1993361343520112,47.05267539152444
3154,0.19540369058610044,0.02610780887836891,-0.3444705083533848,0.09451338627957143,0.24223625357081857,46.88690523446834
3155,0.19207887652438885,0.034217038591666485,-0.34847283029803566,0.09962680575341055,0.24010992960118266,47.7008648069562
3156,0.1883642547750889,0.04569178131279788,-0.35571041870020376,0.10560153055459831,0.23735408258405608,48.49849283817788
3157,0.1851454648664584,0.0015387974413999144,-0.34410023300330905,0.06844751633771931,0.2839679826323462,46.50754625057005
3158,0.1796510028583839,-0.013763331690445564,-0.32285435664792866,0.05930839942416191,0.28116751575519494,45.624679192573026
3159,0.18039313455406175,-0.003190751676931718,-0.29765545154192324,0.06621772231687922,0.25069953257383965,44.632435440293634
3160,0.19338292253194422,0.022485167096963254,-0.2781686530052123,0.08544820039860278,0.19991124314383146,45.73090554096742
3161,0.16993183580116367,0.008535201704001367,-0.24576599713601882,0.08856177991211986,0.1726393405238415,43.68337827294702
3162,0.16914207659926608,0.023372146141406897,-0.23976973121993428,0.10079427160582603,0.14771622329134343,43.674372354884504
3163,0.14888093304810054,-0.010243734417254123,-0.20573809322928097,0.07739193533581738,0.15884984979177705,42.66111718401975
3164,0.15041872389672345,-4.218487207490073e-05,-0.20934906859939956,0.08580364715709737,0.150452416141002,42.70839311651828
3165,0.1378724665249258,-0.08153465825366912,-0.2759605100678893,0.007634594676410923,0.32778063759986653,40.50676055656928
3166,0.1698336234497535,0.01626297907368854,-0.23436918476195173,0.09457633697471071,0.15314052540784423,43.054326687483645
3167,0.16857184876032916,0.0257601402972205,-0.21231641906628562,0.10183869537910183,0.12037608330993092,43.563753318602444
3168,0.16898040736927286,0.026986695162517355,-0.2106700602868138,0.10062588040498376,0.11934017992675536,43.47953868506224
3169,0.16944852971291502,0.029442196750498802,-0.2130422303864539,0.10129506636577339,0.11928301539958627,43.952874106632315
3170,0.17185753425310749,0.02408210891687263,-0.22040610400952815,0.0957224635837208,0.1326639205199155,43.52686700302027
3171,0.16269868072233915,0.02591665868299569,-0.19508154522171473,0.09914700467099571,0.10609328392414343,43.39659088997718
3172,0.16687257316253123,0.02611110786971402,-0.21339963302151152,0.09719188551209637,0.12295606877344967,43.869756019311545
3173,0.17086107033168935,0.015956844582011957,-0.2505494518664104,0.08356308064022737,0.17482062228712902,44.530181514664555
3174,0.15892796426613406,-0.03297700548442178,-0.27264324150521146,0.03992895923260003,0.2599888989472206,42.75870200658469
3175,0.15379650991962276,-0.04482345290360789,-0.24113969550015035,0.03511623740323419,0.24294479645047032,42.85915594415402
3176,0.15572055764536918,-0.034108657238880964,-0.24798240710681296,0.03972780568889286,0.24306810683318594,43.015993330946564
3177,0.15543818070280693,-0.040978729918815474,-0.25360603861656555,0.031862764357141235,0.25836922629192005,42.82568135974617
3178,0.15219093029904587,-0.07689991769109224,-0.2986582660863631,-0.0015278720974107678,0.34534152151293634,42.26425060371122
3179,0.153197506349315,-0.0928686226192895,-0.2747665423406515,-0.010114399457291328,0.3383842597069926,41.63903498226697
3180,0.1548723976576723,-0.0755025124958742,-0.25793647181894774,0.007887348844046845,0.29733990904433544,41.846227805978714
3181,0.16006751839092345,-0.06556672559801321,-0.24710519134320189,0.012766757921680113,0.27636371813482297,42.22329194085147
3182,0.1626498404331925,0.017763194180155824,-0.21833239445459668,0.08039014164329973,0.14839417313471714,44.481245975508095
3183,0.1581199430842725,-0.03873477853611963,-0.2461664163581023,0.036464556089812396,0.24479344955265223,43.30768175695567
3184,0.16476095703639582,-0.043114833591515425,-0.2858299105861616,0.029109469478887456,0.2910949181556029,43.07628154926453
3185,0.15197558377694034,-0.05891965724386396,-0.2537388930178035,0.018802300276892545,0.27617652235897994,42.9319730931073
3186,0.15692436381620273,-0.009935061925354208,-0.23584535510668103,0.058435672145863905,0.19879830013345753,43.70192237613099
3187,0.1542229223777612,-0.034143900646382605,-0.27107921122982304,0.03236722972471597,0.2678102591456878,43.65420489270497
3188,0.16605939039744796,0.010976148668757612,-0.28573933875649443,0.056790705556247954,0.2402387656784134,44.546134576110546
3189,0.15265875235324852,-0.07271342474684415,-0.33437894000980495,-0.008366521914160544,0.3831032017724613,41.36418398664213
3190,0.14777353592121675,-0.05088075998702321,-0.2568155216204361,0.021097794318213462,0.27524147649921543,42.36307183966663
3191,0.15822073690307908,-0.04940839465375911,-0.25535427963979485,0.028384554851103166,0.2653618133364505,41.480394314690116
3192,0.15215766476367554,-0.08899677694311282,-0.2868952396030053,-0.0070409519506128854,0.3422607583374501,40.68763760119995
3193,0.16765338877448158,-0.01014915222686134,-0.25252732951147944,0.06006967006613774,0.21308812568171245,41.96275294690496
3194,0.16071700249849094,-0.04203958931744329,-0.32931553404228947,0.02389713265651169,0.33564282399446477,42.78176971167086
3195,0.15761209496249148,-0.044534954009650976,-0.3471288659463332,0.020751752224345832,0.3606324885028748,42.285432441412645
3196,0.16348031461781032,-0.004072752376779149,-0.324172305963725,0.05746296334795669,0.2787069924881475,44.733290147319316
3197,0.1342765140228494,0.0799795352870207,-0.3879060388247367,0.1054026124427578,0.27495332788057164,44.80567852254794
3198,0.12074889903500657,0.08987631609765843,-0.39022337521830225,0.10638574278705573,0.2823222994339779,43.615507458001694
3199,0.12298105674954488,0.02538659362478797,-0.3630029997401544,0.06354385297363037,0.3246643779401465,43.17484304446855
3200,0.1140689913644756,0.05371452843117256,-0.3743316783684126,0.079002397833049,0.31284748146588376,43.09274477342076
3201,0.11424813979082607,0.04060085351153535,-0.36557558104696297,0.07237569503847298,0.30902083108684814,43.54380667918062
3202,0.1254602016727423,0.011725914141012319,-0.37740196660455766,0.05220021228388518,0.3504946030379138,43.39140684998381
3203,0.12923037556738545,0.014390033256999557,-0.34728130951185177,0.05722578596307168,0.30743162966435067,43.85260559740599
3204,0.14469942680693815,-0.12514887600910682,-0.30138724763263036,-0.04575066026547888,0.4112704996021754,41.35385382929516
3205,0.1504114040999511,-0.1262258298879453,-0.290849794774294,-0.04381307950385662,0.3957235503947235,40.51367840258531
3206,0.15054993391719274,-0.09511499623644427,-0.25867186652100693,-0.012530698310360525,0.3300468909421986,41.461271065377275
3207,0.14964850808309535,-0.11664857990127188,-0.27169397018108954,-0.032901568396270335,0.36749601000528764,41.1052114058167
3208,0.14562849504485884,-0.11970635158383881,-0.26856995630443564,-0.03646702941558658,0.3702942828295068,41.1644029812683
3209,0.14192853333391803,-0.11085193238061876,-0.24072607712799252,-0.02471305924877863,0.32950612215872965,41.94468109360025
3210,0.14013520670864296,-0.09254066697382796,-0.2493514139266661,-0.01134533938428101,0.3187014695988713,42.32556907078003
3211,0.16278971263463768,-0.10091585096177905,-0.30487479483955665,-0.0241219601907025,0.37830424687780617,42.72828609021525
3212,0.14670046617505073,-0.11695139324875291,-0.26840991958417093,-0.0345552458760156,0.36459724642102403,42.70876179049505
3213,0.15015814588951942,-0.09634305184563402,-0.27259464861178273,-0.020367286824718195,0.34494030929494807,43.13455237734306
3214,0.1464073026751485,-0.10302554903273821,-0.24660349464803127,-0.0206514758630396,0.3269506292974437,43.45058163230435
3215,0.1361540315280195,-0.08840845402848582,-0.2615590831877748,-0.011734362000576615,0.3308874892105305,45.02844369982925
3216,0.12819592156520795,-0.1566472556307758,-0.2555240600589842,-0.07056656811818798,0.4102328285464888,41.53437692110341
3217,0.10035649787499916,-0.138731379678548,-0.07090631158731148,-0.033806764106635585,0.21190266665909993,40.4034601313152
3218,0.15579922489667852,-0.102606575376175,-0.3354719077061072,-0.031075293938886025,0.41249314551185046,43.98509204095967
3219,0.15381410952842117,-0.16282186471505514,-0.35062416006645,-0.08701961287178565,0.49558271754392597,41.83075057114416
3220,0.1422764389058946,-0.13297717073634777,-0.3249484693835035,-0.05767534879345437,0.4394713671153169,42.617082366045885
3221,0.1421172430417492,-0.06907382999570005,-0.2742213545471052,0.0012188395059614502,0.3132015342852587,43.81720450771807
3222,0.1631719712775778,-0.0008355966764283021,-0.2098064554820159,0.06017526522933414,0.1629396166537984,43.6177191231195
3223,0.1631241305671464,-0.011413688545975659,-0.2188832094968223,0.053148539432892876,0.18376358675561333,43.35052123901747
3224,0.1645140481773056,-0.01767264988179194,-0.2359126015687634,0.04742384800242815,0.20870206012701945,44.04750126702683
3225,0.1694278568396757,0.022486503029750738,-0.18879744241164997,0.08210000369614781,0.1108696879467091,44.446042195912675
3226,0.17131549078024122,0.017148356641968916,-0.1981965000210947,0.07814721762240082,0.12623186040408996,44.494766839652186
3227,0.16474645917129746,0.0005374837701018726,-0.20672574061070467,0.06554456501713335,0.15667817177894036,44.22812452610193
3228,0.16081714586492085,-0.05936671476734424,-0.24048422844945422,0.01758084356568055,0.2662659097685258,43.57934096724645
3229,0.14906150921199057,-0.07415377774616615,-0.2554154514457034,0.0047717152166680465,0.2985935445624181,43.89305284404963
3230,0.15236554864910934,-0.01121550053694003,-0.2508714727159185,0.05396002277006431,0.21574329586302687,46.18438647076466
3231,0.14599145893239793,0.0006582549664150415,-0.22235057853973803,0.06444242112399665,0.17513692972786116,46.81369888974174
3232,0.16978240002723635,0.04499170496116868,-0.25906545647143464,0.09309715548550447,0.15535899680272605,47.76170250482273
3233,0.16607165505005728,0.06490992774498056,-0.2888460648435252,0.1042360431274191,0.161561690206094,48.034964966242306
3234,0.15574429910995607,-0.010612333533584869,-0.26483857901575913,0.05454936009258871,0.2301216105723529,45.708256317715325
3235,0.20752826437615876,0.07488696725381354,-0.3452958926538423,0.13509623814117985,0.18473196236381445,49.378105030736485
3236,0.1927100708326973,0.040670980285160065,-0.34890423342557564,0.10333473463298826,0.24065396668572048,47.7592218132704
3237,0.1797032703124462,0.006997358243603897,-0.3419856393304824,0.07703052716902006,0.27753275047341547,45.309871506707346
3238,0.1906817836544903,0.02406473706638257,-0.30633082819492263,0.09653999063985784,0.21223983798865287,45.43359555295168
3239,0.18844835269673907,0.009414307819175186,-0.30670608965392204,0.08360668866198533,0.23366075081998017,45.26818213819318
3240,0.19153679514664082,0.024945011957743145,-0.3093780891061281,0.09581887568595873,0.2164584619732042,46.15808236821771
3241,0.1929734006019694,0.047918349497755176,-0.3365161845759519,0.11182813320062032,0.2121434157379283,47.99376688684244
3242,0.19739821537801563,0.06561571627421581,-0.3539986222259827,0.12371456766308926,0.20494430106045922,48.18938485117098
3243,0.18924147213795162,0.04654248702830872,-0.3436111308557403,0.10530384137038362,0.22757737524307473,48.21927615928863
3244,0.18824971077432884,0.02332851861184384,-0.352829063639101,0.08739797926508472,0.2632023891789904,47.56185108440523
3245,0.19256776829056227,0.0020585790946110773,-0.34685963117215396,0.06704665266264309,0.28819973632452356,45.173756656041284
3246,0.1774120491401873,0.0004127219404467057,-0.3041387515968649,0.0734522719746634,0.24564804869696896,44.18921486916927
3247,0.17372912546321387,0.01869877889100221,-0.27731448936214487,0.09163819749992475,0.1951126454412671,43.84371387519833
3248,0.1779094969246882,0.02090821094486817,-0.24924714593013828,0.09752768065522292,0.1605112699779938,44.19543851120858
3249,0.18449505457456153,0.030675156850364472,-0.27277168204433494,0.10256723112638882,0.17034048775495675,45.21372858696412
3250,0.17688791890615496,0.03612387909552488,-0.24806249045463577,0.10944060335760862,0.1376010977794511,45.01765119449974
3251,0.1690765620608192,0.03017310686546301,-0.2359162670861987,0.10481581557057458,0.13748279236142213,43.943749452384836
3252,0.14264778745988313,-0.034403825371345134,-0.22258468169457576,0.053780008804786804,0.21235333308230808,41.75134685343046
3253,0.16709909009901894,-0.030453964612218998,-0.2602763502265397,0.0506670837960296,0.2369790094713549,42.09016086837462
3254,0.1652222897708392,0.016360468910890734,-0.22900149714383927,0.09278365822772318,0.14969609159775188,43.08646965418667
3255,0.16791143380779885,0.027971631374476936,-0.21164820057749695,0.10149030081156779,0.11688132072635635,42.91076643422298
3256,0.16864500994221657,0.03534252265999223,-0.21864040283218014,0.10513397494158586,0.11644113695356777,43.44308876738076
3257,0.16856479080715062,0.032586929188193704,-0.22563450518032344,0.1030702569519557,0.12443344098782266,43.80836931060354
3258,0.17135688151472872,0.035237761430973874,-0.22827488388564537,0.09994972091071953,0.12916386606491687,44.435040630470766
3259,0.17908615578542045,0.04230143360082329,-0.24686622405924769,0.10108733607031088,0.1419072364635311,46.09120051920713
3260,0.17058984116560502,0.00660713466443513,-0.2764155517331911,0.07145050143172299,0.21677547174648176,45.05988149582486
3261,0.15862801349149594,-0.039708111811336856,-0.2817161260039395,0.03150309032976905,0.27930475751462674,43.19026371188675
3262,0.15935611554468443,-0.053100703784338406,-0.2679302570770585,0.024054963270045363,0.2837321979992455,42.532462080496835
3263,0.1637401368890481,-0.04460118785969395,-0.2768414777050202,0.0274811719466925,0.2852072972833019,42.13652679150893
3264,0.15892809415205986,-0.05575185538968689,-0.27006309582839855,0.020407617493581807,0.2877144576135118,41.96672768610289
3265,0.1481747394118696,-0.03953495607759518,-0.23353096580833183,0.037741395832760295,0.23481362285922722,42.93703942777133
3266,0.15589594794585507,-0.041442935265838095,-0.23223484248367846,0.03425322232445779,0.2342113248546708,42.672898499280784
3267,0.1534290935605688,-0.05822049940143643,-0.25326923930909656,0.020247026708165177,0.27484903138274625,41.86319880668124
3268,0.1553196919546066,-0.0763577055917011,-0.2681667322904123,0.002510658956267674,0.31309858903773374,41.73312002483182
3269,0.16086404177134625,0.014381187760992753,-0.21681937548510155,0.07838149043872696,0.15037409268550175,43.707135844226926
3270,0.16412091635697978,-0.042832149544179056,-0.26971133947230846,0.030172296361511933,0.27181521028234273,42.84617441084178
3271,0.16594285328457076,-0.03179973116412482,-0.3058415312350156,0.033392642398410825,0.2972019738494788,43.83751874999525
3272,0.15846051597033947,-0.05322795144928176,-0.29440803224612266,0.01419541663609232,0.31616697886278383,43.35543145785329
3273,0.15465578811623032,-0.07069675430793802,-0.281659888813736,0.005069688373656598,0.32255681642579537,42.44553038298229
3274,0.1553381622560047,-0.07602596714892318,-0.26839864889573917,0.003675707318607746,0.311771831000579,41.8887555734521
3275,0.15781030507224003,-0.026669536130835805,-0.2871183058441979,0.03085818227670352,0.2820801113258051,43.500468554086154
3276,0.15657664727731807,-0.02345682227976339,-0.27033512694931255,0.03440898100760937,0.26163200077851073,42.419490358658216
3277,0.15774362829320823,-0.011529486266635448,-0.2497995178116963,0.05248044412416547,0.21844011419685805,43.59414650758817
3278,0.1520360855659791,-0.0448828317137538,-0.24291196173402896,0.0317821512344997,0.2498467716716982,41.92474480157265
3279,0.1502885054858525,-0.03541093249772547,-0.24286002156806635,0.041047825747800325,0.234417785145462,41.606519718861016
3280,0.1643625479329954,-0.02974553350291213,-0.27269256485117876,0.043118382919994425,0.25157076124502536,42.169842635731484
3281,0.16153589777210284,-0.0430899553707983,-0.33455389503949323,0.02012301790596928,0.3379422863058569,43.697143437962325
3282,0.19353161090065238,0.06716005286814206,-0.3663107115500646,0.12239965559548914,0.21379104381043568,47.98016206600173
3283,0.17647716754315843,-0.014501240156123658,-0.3352277458424009,0.05504857112764966,0.29025585529005515,44.26373708698914
3284,0.1545502538310722,-0.0574594060958051,-0.3363897865844499,0.01285127140704491,0.3572196373897555,42.99144654978838
3285,0.1374793410360012,-0.058485685628153594,-0.3339476992016053,0.00834073960014828,0.36804642584217157,42.07552241611129
3286,0.13692950413039676,-0.0693082051781393,-0.30894929875117105,0.004158191640455159,0.35434534556746566,41.61027941147388
3287,0.14696136085880648,-0.05367886447140978,-0.3071979516440862,0.01635439892330265,0.33340535876403066,41.59088718935888
3288,0.13193053693704299,-0.034133816068451756,-0.34950509980964545,0.018535262824406314,0.3756174646719026,41.89526653591227
3289,0.12220035187597819,-0.03219328741573101,-0.34348935554677473,0.021690584190463363,0.3647416010358095,43.51930351996287
3290,0.13191617851113352,0.015952478074175793,-0.35573074823845074,0.05928494331888498,0.3107541175368288,44.45919812464621
3291,0.13775588392689025,-0.063460426218629,-0.331735237822515,1.6808142837654294e-05,0.37231255539573804,41.92067106364841
3292,0.14868957149956466,-0.1085306854277966,-0.2922799216979622,-0.02823946397261584,0.37650096072605344,41.55598816508426
3293,0.14466865572666399,-0.08811930555702792,-0.266427408765686,-0.008901206258313244,0.3295015649961104,42.008774599144445
3294,0.15102464572328486,-0.11581617957880017,-0.27904238543013404,-0.03486966486963363,0.37288702219887726,41.289225055875086
3295,0.15069378456116578,-0.07359729372140573,-0.2496367852538021,0.0041238690296013705,0.28934644970219897,43.21158785370134
3296,0.1513815034010766,-0.0714143172092374,-0.24272516347741943,0.007439275588177438,0.27849841196154884,43.67446191810067
3297,0.14328155524727287,-0.06563753334656683,-0.2411105340290371,0.009273461172271923,0.27581008697109444,43.584510724899616
3298,0.1524564680494818,-0.06026831803772725,-0.2632029471076698,0.012640237782814052,0.2883653072009718,43.91193905824935
3299,0.14845579376904386,-0.08945390594128634,-0.2681903158112973,-0.013511094752090521,0.3324395113022344,42.999257757966134
3300,0.1516199481716739,-0.13090706036983127,-0.2810035023287612,-0.047565986868181497,0.39161854386205175,42.0749261310555
3301,0.15404404120768314,-0.10516412245267337,-0.2906612881309495,-0.028619160491717057,0.37212455430520736,42.75151697129914
3302,0.16245927133144844,-0.07070493313267341,-0.27688683740304876,0.001523086365270793,0.31958183352429886,45.24774302153514
3303,0.1697364138870874,-0.09427410886647297,-0.27892139424211015,-0.0166991327175754,0.3435622867823871,43.85177252116937
3304,0.10850808312521862,-0.23170165062211023,-0.13344279741354098,-0.12257901622332351,0.3796221511882475,36.44117362473343
3305,0.13359491827341738,-0.19172369341394813,-0.25674972280339786,-0.10347658999633796,0.4494887005162304,38.91221198735459
3306,0.1678416552825712,-0.04508038479417446,-0.3663515917323558,0.019905482207537108,0.3646302318830655,45.295584143074954
3307,0.1590204537677572,-0.04801167439465456,-0.3237536843623038,0.01818636184928463,0.3314933563293014,44.781496133778504
3308,0.16245904718947723,0.006010809261913681,-0.19911881086410624,0.06684957176479367,0.1430959797298187,43.66301747940057
3309,0.16576928808459832,0.01931104007649095,-0.19626957992629507,0.07321140719713695,0.12684622835737136,44.37239867588306
3310,0.16555581384668439,0.006237074900437023,-0.20644399476598893,0.06628198944748687,0.15173022612934145,43.45772986999621
3311,0.1661612088024324,-0.07112765648174676,-0.251209717062845,0.005536184277802673,0.2884012989293682,42.22054173752793
3312,0.1655973894785193,-0.03484072415631985,-0.23210187072358773,0.03399059388668953,0.223115296767638,43.07257006075172
3313,0.172723692061025,-0.015724304746756623,-0.2257299100290399,0.05180014592732426,0.19432306300820312,44.05719988457724
3314,0.15938335022889746,-0.06389327931981277,-0.23151800710194156,0.01494040672397584,0.26237551944011095,43.38511029622946
3315,0.1600148148748462,-0.06254271435922673,-0.2386062815867213,0.015349651365439495,0.2683564971212788,43.584248125665944
3316,0.1622302509584691,-0.04333170698338438,-0.2513709334414175,0.027156362957054977,0.2593837946349508,44.55200087262532
3317,0.1598811874585136,-0.009826248364657767,-0.2612475701320507,0.05139528002646225,0.23084004206197298,45.77718502625266
3318,0.1734999999658149,0.01735709384684808,-0.23527578316052075,0.07583334855529648,0.16288406970960964,46.57042399822824
3319,0.18740081681891144,0.04102937841850508,-0.2689117724737559,0.09166465801698133,0.16368539179921437,46.87854741206848
3320,0.1508154866288513,-0.0197191539789292,-0.2512521617922393,0.045563606226795623,0.23319039861228852,46.36025095936288
3321,0.20807445094773291,0.06254817330105937,-0.3580698941632591,0.1268825812974576,0.20537388934801787,47.52958772081492
3322,0.20571879965316012,0.0733554953124518,-0.34906318381242124,0.13232919498538784,0.19255285578425374,49.40686376187984
3323,0.19426467456518495,0.05575074216604571,-0.3582572793747213,0.11516662908785226,0.22918124976472673,47.77362822177722
3324,0.18208423705725835,0.024953468523764302,-0.38099824162961154,0.08724467852138025,0.29250389154515644,47.15996249057838
3325,0.17455956224605484,0.0013857164557507574,-0.33871649856453007,0.07281104523063867,0.27992010688635943,46.18221583276279
3326,0.19013124702059578,0.0327943048330274,-0.2940665058620363,0.10308001616915025,0.1918723377677711,46.359567628498745
3327,0.19612481848469135,0.0437659088320582,-0.332001756058483,0.11017928476855234,0.21179503868368574,47.9467533861874
3328,0.19979761640157612,0.0774992129747375,-0.34765276146408874,0.13422751677610886,0.184422704905974,49.55207529996848
3329,0.1876142403061564,0.049488942770332306,-0.3492351000631787,0.10984965043941956,0.2236643469959769,47.670051495405076
3330,0.18048958484813712,0.0210953873038902,-0.3245067988427765,0.08712650266054191,0.24220297877943814,45.9656149760319
3331,0.18695335926095516,0.027909619799444712,-0.334711643308656,0.09195545300618448,0.24028630250459815,47.02677456863253
3332,0.19360789824392818,0.031101462856967833,-0.35415176067646514,0.0948367396629274,0.2484804575691957,48.05498641096983
3333,0.17818359325996824,-0.02715522946575359,-0.3538279765194321,0.04595981068352436,0.32624358307505325,44.162198527949364
3334,0.1716142657668005,-0.0352895518823584,-0.3229306046357802,0.04154893868568218,0.3089406988710401,44.355512589745246
3335,0.1597999176225703,-0.06737754991372844,-0.3361882696953243,0.011242970843489044,0.36611721844466527,42.925240166093474
3336,0.18219865337455743,0.0017564566322659883,-0.3106145105932087,0.07617444676272787,0.2458435068278502,44.95618800916233
3337,0.18407626860175705,0.03237322856078635,-0.28397030027560094,0.10081894921388135,0.18386473342524587,45.06238915958302
3338,0.17741475887792976,0.01468651891748315,-0.27658480258457907,0.08846316231877911,0.19878293208325554,43.72410976561117
3339,0.14945560353263693,-0.02033573850020209,-0.240850823103376,0.0641416294209999,0.2134741125840702,41.98411538521982
3340,0.15613155779052262,-0.021652461017728972,-0.23553682094242012,0.06059735404614356,0.2038579236324967,42.249989429410725
3341,0.1665840596125105,0.031969495693607936,-0.2163092701619797,0.10525432710534115,0.11723983248921817,43.63420824361104
3342,0.1649727744995809,0.03472528535081362,-0.21142591871913435,0.10638016829229342,0.10859237869582322,43.560641957847096
3343,0.16865120247990645,0.03826769352724774,-0.2292628819252014,0.10420558480208757,0.12440901352051986,44.35036317153677
3344,0.17197995484730413,0.03193209101393185,-0.2300043288238123,0.10034842465431787,0.1311606972429236,44.599719619404084
3345,0.1727113666784957,0.030520863667697982,-0.23248310001515343,0.09777389551708406,0.13675995118666912,44.87688703772554
3346,0.16901105705453268,-0.01264806257188399,-0.2796314554350101,0.057918309406564006,0.23504206798449565,44.02010364720512
3347,0.16244492452315495,-0.02252119246077998,-0.24291048829963213,0.05419053142847961,0.2175690435576483,42.81069391690138
3348,0.15657611315474013,-0.05022185810544146,-0.255994232121945,0.030235979480714714,0.26568733353081997,42.9246037796159
3349,0.15535346976532616,-0.067942464356892,-0.2580825849048474,0.014053334077130232,0.29191476424848933,42.20810587313343
3350,0.15856761911237788,-0.04799044943020486,-0.25322439371671657,0.029637884156217,0.2615274736026579,42.02817044758158
3351,0.15774109997902883,-0.05650997895859663,-0.2753530205936829,0.02207211441166903,0.2929309615703376,41.56794206933602
3352,0.15596025419847864,-0.01583847413782964,-0.23138705962354783,0.05482047876554905,0.2021895210083931,43.08253789560662
3353,0.1618072232737175,0.03277698317745512,-0.20130568974557955,0.09445317743541685,0.1102222180013484,43.76115103879239
3354,0.15377885898274868,0.0006396533213015922,-0.2144285119026459,0.06926267960747665,0.16600588314124862,43.16603031307634
3355,0.14695805813053087,-0.028593865633535116,-0.22964042088191502,0.04323648048929552,0.21753093014479333,43.17868055726544
3356,0.14719828084397873,-0.036033673346998224,-0.22502661560797807,0.03893159438301912,0.22189403786182627,42.82425185439745
3357,0.1547478178667334,-0.016965204757036667,-0.22942278678758965,0.054864164122737494,0.2003159435237391,42.76632887344846
3358,0.1537399953489203,-0.02258976486930699,-0.23347443268296608,0.05012912103642407,0.20933048184558392,43.42899514046482
3359,0.15629219245901718,-0.019466565152364317,-0.24250466483888927,0.04943787097349096,0.22132716266115698,43.267165231688615
3360,0.14847947172705864,-0.07030442779680578,-0.25744219798191686,0.008472460504517079,0.29693791795769053,42.167773677822645
3361,0.14963078678698857,-0.05087630461432588,-0.24331742177736274,0.02619488300847029,0.2595754441609376,42.20108547678407
3362,0.1524119043256587,-0.08617019348253518,-0.2903132695000041,-0.008363139524506527,0.34936142245437074,41.551063072391145
3363,0.14184312546188532,-0.04148861837948846,-0.25930914045389275,0.026050170461616833,0.269636161186229,42.70896551644986
3364,0.16368837837824574,0.013753048624288012,-0.2812549627431159,0.0656809692260314,0.22041578525216,43.85853475135322
3365,0.15672243752081114,-0.021023513301070548,-0.2618798907122815,0.0427446930976022,0.24145563583934412,43.62665837682569
3366,0.15303407787377077,-0.008253576167845658,-0.2655815524966892,0.059827585056144945,0.22099042557527918,43.17896065775904
3367,0.18003203223310288,0.006990807529227446,-0.32504379609182205,0.07412747658634755,0.24680415883065115,45.08245400879582
3368,0.19355659060335836,0.03742173396071678,-0.3566191172895936,0.10082534118677325,0.23765531547478388,47.33462647021454
3369,0.18381654953510004,0.015372912935596965,-0.3476552344184152,0.07562086847641891,0.270695177827948,45.62822180648715
3370,0.16549741910238228,-0.054697971256305315,-0.3359202443345533,0.015367403289353869,0.3524709519095685,42.62387618499277
3371,0.14973594407463778,-0.11051294290910642,-0.33146522107820425,-0.033377715137182,0.4223254608875553,41.32645728398182
3372,0.15202323821309827,-0.09285393820439314,-0.3297158784389153,-0.018479367032967604,0.3982749413156197,41.90086142056587
3373,0.1473238489860205,-0.0860212994407061,-0.31781735699289626,-0.007549577519439897,0.37332823298014356,42.43329472696699
3374,0.149652146687319,-0.05798990664414405,-0.2566547949595081,0.02110596087483015,0.2801663916014833,41.80514261124079
3375,0.14792962571647766,-0.03747329696215443,-0.25182805613124354,0.03344586863368962,0.2544707219606947,42.45021963086422
3376,0.13234919362485445,-0.065077399579876,-0.31344227860649865,-0.0011862304961194135,0.3684383697062405,42.11576014927199
3377,0.13247214833414006,-0.025358370873787086,-0.3526327851326768,0.02622941129246197,0.35978762584446433,43.39301478550874
3378,0.13976835584669123,0.04823857263871558,-0.3677928719937653,0.08175172193403382,0.2867174878826294,44.89617696771183
3379,0.14637212067022942,-0.07752678657033542,-0.293164848389136,-0.004323141038548107,0.34522127845150263,42.488283517715175
3380,0.14751333009476564,-0.11468829735881514,-0.2839680064191313,-0.03340183465627205,0.3769632091119349,41.58567380341898
3381,0.1579147289164554,-0.07822832380940832,-0.2747480634439478,-0.004861996591210302,0.3237711190055499,41.85409250130205
3382,0.15643127460477618,-0.08571903719837268,-0.27210394547054667,-0.011743305598029814,0.33260631669574847,42.265035698888845
3383,0.1443526316728308,-0.06839125393915675,-0.2474477506537297,0.005318914725573393,0.2861239387354849,43.53831973218155
3384,0.14978084768205777,-0.08995674995620362,-0.25833215673698035,-0.010357059976130574,0.3188990361209933,42.45539228127126
3385,0.15150669179854231,-0.11932055131076993,-0.2790783442490648,-0.03833379235854671,0.3755746489478684,42.032822488455835
3386,0.1524318941872377,-0.08798133981574001,-0.2746395084070914,-0.012373894271358023,0.33233037596354137,43.308765155089915
3387,0.1592956148365356,-0.09583082210952465,-0.28592013209828876,-0.02037366719734647,0.35375976447789775,43.008469936430004
3388,0.16652222466925423,-0.08339117148270021,-0.31625121666524514,-0.013185031751514174,0.37045057427927147,43.96955464970201
3389,0.15180534761673614,-0.09697387210209453,-0.30601448123306585,-0.022787611920809785,0.37800995366210105,44.41500391487719
3390,0.15244309380917395,-0.08948344673671713,-0.27935336170885766,-0.012402334888573141,0.33806940887245923,44.35100796325784
3391,0.13880368212984645,-0.10775692725171786,-0.30680789553015864,-0.037835557975613714,0.3939949064573159,43.39528118928586
3392,0.1108685788739174,-0.20293431963536382,-0.15630052233587108,-0.10664042863194788,0.3734216650359266,37.41618679366461
3393,0.17426807763485574,-0.05430371885325056,-0.3793656946334156,0.010904884097753493,0.38453015614123404,44.71775767489793
3394,0.16578531823400833,-0.0430004027597877,-0.2596054610464086,0.028448441048337318,0.26119902552774366,44.218757547951846
3395,0.1678581862861552,0.023318810950347497,-0.1915194762891546,0.08029433618468486,0.11406638827785685,44.04820913592374
3396,0.16942062681523423,0.018608219387390584,-0.20107614658655035,0.07570346853270678,0.13072661112722436,44.386686471048506
3397,0.1688338402413267,0.01892433971451985,-0.20174226440866416,0.07550073644267632,0.13158904448463388,44.25061373771629
3398,0.17376176510119273,-0.03729598456072799,-0.22773691405665544,0.029736792616046864,0.22573721646739958,43.70094500957836
3399,0.16590162232014577,-0.0680040691472608,-0.25509164044150656,0.006421100649789879,0.28912558432580204,41.97357907496456
3400,0.1654755504641761,-0.05918057943950354,-0.24510436534527413,0.01610561428187244,0.26755704210136105,42.72015883816881
3401,0.16226968925698462,-0.059928395988968826,-0.24081969670134779,0.017506258239121966,0.2640267964588738,43.56452670435157
3402,0.15154963884821657,-0.04131067272732443,-0.23406592626034992,0.02847213773952701,0.24281086671511048,44.574885293364936
3403,0.15064374531349137,-0.04447607582985434,-0.24338327462931003,0.02785254696189665,0.25480859481211626,44.73385073792651
3404,0.14440904928667808,-0.019105489479136917,-0.2481872469763685,0.04047486396046732,0.23574278284297298,45.97806946666525
3405,0.18830050167150597,0.049687340954950206,-0.288965080377273,0.0845643393686076,0.18925492163329943,47.86955564956914
3406,0.19367242580114163,-0.01994344396882736,-0.36255715806317446,0.05359163595689105,0.3159105689013553,45.35433600352133
3407,0.19265784495422808,0.026181782665239673,-0.3548582529836757,0.09180522935440966,0.2590174187059659,46.57759988272219
3408,0.21042536737235193,0.08533827291203058,-0.34168707710962687,0.14121629688195822,0.17222642960952095,49.637114956982344
3409,0.196103980768203,0.048544084753158454,-0.3559555137897248,0.1101581092737176,0.23497260624347122,47.19360802069581
3410,0.1691809630534876,-0.015306700261310641,-0.37254598946997813,0.05250429028278671,0.3410350388135475,44.96092570975993
3411,0.16960515665497722,-0.017434251610261298,-0.35675022485235147,0.054258357784385224,0.32563269984944243,45.55825485971203
3412,0.2014483123999001,0.020261930399561034,-0.3531434154949499,0.0866216378738461,0.2677943825799814,46.691589198609165
3413,0.1919659911871005,0.01833941467529667,-0.3545969006884178,0.08270775428860118,0.2682102404295445,48.518893824987764
3414,0.19800205527233275,0.06540166538824539,-0.3536628932438025,0.12516478668592196,0.20420701319650494,48.57225632688534
3415,0.18580169420611975,0.033190474738218484,-0.3477531589751031,0.09451862562501506,0.24564886057204297,46.66572829287924
3416,0.17985506778015486,0.04131171125015634,-0.2893081605532148,0.1049529223725778,0.18283841927250571,45.96139823887941
3417,0.17427017352585497,-0.028078422841951185,-0.3144864333778225,0.04962112585158392,0.2939544494717312,44.378377083120476
3418,0.17529682733447083,-0.021979989644716837,-0.33430956221112973,0.05129258201934569,0.30390370900561164,44.199244980990514
3419,0.18958465514049666,-0.02459523688739397,-0.32960611272196655,0.050482183234830814,0.2955126523894874,43.5192911507898
3420,0.19463401276023762,-1.6613734283382106e-05,-0.35837774886381846,0.06944928043837417,0.2949952124609295,45.94548256569448
3421,0.18405153606329186,-0.029891771401274962,-0.36927033902392475,0.043044840487455334,0.34231651461971374,44.207167783956464
3422,0.1760766922371453,-0.03820015159237765,-0.315695364282899,0.03632656994555062,0.31110760130096926,43.713323228162054
3423,0.1773842606560686,0.013031855701095899,-0.29211995753295394,0.08023356502843018,0.22432950147781422,44.5833194451374
3424,0.18438995494419408,0.007378876972710813,-0.3832896172441533,0.0642641379916072,0.32794022128813627,45.78395753640219
3425,0.1602635885962784,-0.07249823164539806,-0.32189971474528295,0.007957531110549771,0.35604885292440847,42.29689891300762
3426,0.14474307040321208,-0.09907782958882233,-0.2560912242459524,-0.007547800536646743,0.32076883230353814,40.619858142490145
3427,0.1685303451851796,0.016218688083471034,-0.23449370774876785,0.09262111963956601,0.15420328682767748,43.44109592723059
3428,0.1640590625144351,0.02949293672293296,-0.21152762349192383,0.10465841676305036,0.1129898651451635,44.216895849638895
3429,0.1599375962043499,0.0389681161327131,-0.21986584468648793,0.11021845826142021,0.10729528618067677,44.51450917623125
3430,0.1667479104409893,0.019165617554247196,-0.23108309078551315,0.09109754459994303,0.145702150788145,44.10186527918959
3431,0.165123077105297,0.024924605699185483,-0.21490662827538418,0.0958958201648086,0.12481994678319659,44.2433236235149
3432,0.1583519966457225,-0.028518132607327825,-0.28888868557282177,0.045415028014735306,0.26244046533783205,42.887722095808584
3433,0.12720998910308054,-0.04282031512614098,-0.17879929937181602,0.04078911058544785,0.1918849414342003,40.36477521062383
3434,0.130310474633818,-0.04356921187965442,-0.21636777436975388,0.03599587099015391,0.2273204166496798,41.05702014760299
3435,0.15625984331629744,-0.05697671336219134,-0.26637233788566816,0.021632007438085285,0.28827125606482323,42.18084795861636
3436,0.15830554160601015,-0.05524259260680224,-0.273222993159922,0.021509924237831286,0.2901295085988072,42.094386799012625
3437,0.15242687374014008,-0.06877174583718915,-0.25720117686714933,0.011406231884186135,0.2931727367994973,41.44054100437836
3438,0.1502340100369712,-0.053397351633908074,-0.2518927724773866,0.02469076182011505,0.2708173264185308,42.1113427118663
3439,0.15517897089755328,-0.038803294017209305,-0.24831991321898683,0.03669994931010856,0.2469108906772415,42.87968694195266
3440,0.16024949301168362,-0.01738490462725645,-0.2504020681134578,0.05255507918695709,0.2224930877666763,43.08338851774973
3441,0.15401159749186868,-0.033334332263130324,-0.23555382396563565,0.04198974504257399,0.22623873583814244,42.30400512137171
3442,0.15485195120873466,-0.018414006117194057,-0.23640642203342216,0.051439288371317136,0.2106190454426201,42.5722361213626
3443,0.1539521305262905,-0.026898735869941827,-0.23792672217086558,0.042550672993349366,0.22721463866691605,42.38403382305198
3444,0.15329534596611052,-0.03228898870386065,-0.27043122272791004,0.03481173874992336,0.270925402203342,43.05543412231003
3445,0.15273236039569513,-0.08262210588777183,-0.2784036546261672,-0.003864339409653421,0.33111454974758137,41.517212424133334
3446,0.15662195977330834,-0.02922318011440624,-0.23093016184466708,0.044853731934134555,0.21742417362102548,42.22928084792105
3447,0.15422892711562197,-0.02611487241614029,-0.2338001615975494,0.04500540885501246,0.21874180019153025,42.3741049403578
3448,0.15530049719343003,-0.03185354605499173,-0.23956921714683072,0.04097826729506897,0.22973347276631575,41.58395057836443
3449,0.1532113335937079,-0.009640834822323897,-0.23141381608715672,0.0545744673863748,0.20175317177862165,42.652726893458976
3450,0.15753551678011268,-0.008538709001981873,-0.24454836541522293,0.05377613083471195,0.21186823830083187,43.161977948254716
3451,0.15629970440638313,-0.011795903339091422,-0.31405114308707405,0.041967880868049943,0.2884233500192656,43.921714654727246
3452,0.15234111154439423,-0.013147872678810133,-0.2804437742938771,0.04901076990919709,0.2489925850060777,44.36754094199194
3453,0.18579365923238453,0.021281856891420946,-0.33392800866069844,0.08635029770245257,0.23900171066507112,45.3410693460011
3454,0.1930300280537735,0.04602695036244356,-0.34970155137704917,0.10824883566902518,0.22023055116501034,46.42347451558222
3455,0.19302954240450987,0.025887825535322567,-0.3510562526055829,0.09165884677056663,0.24741315783540016,46.2820346281039
3456,0.17788758084426312,-0.01881055032378567,-0.33593647200448684,0.0489717538780929,0.299713221320151,44.22987377468455
3457,0.16194085251093135,-0.05880088155524676,-0.33248392266839266,0.010538052894098357,0.3567322805461885,42.8100373141541
3458,0.155081410381118,-0.08733214898177903,-0.3146706568366113,-0.01308024922812005,0.37641455998205336,42.11652667632362
3459,0.14157968397536919,-0.054549911427530455,-0.2609894396984677,0.022446261879675994,0.283263174897128,42.79367673767474
3460,0.15445825606074703,-0.014131297093814056,-0.2304713311194554,0.05384308511234329,0.20424428354050686,43.04853132083958
3461,0.15637726221134238,-0.03179048457906522,-0.25546428901856266,0.03686718816747186,0.25002839542416005,43.102228843866506
3462,0.1500834605626953,-0.08549483345527907,-0.28140265241385254,-0.008504425760148286,0.34331227396351893,42.043662955063354
3463,0.13156924139449894,-0.04931344494625471,-0.33577460669996806,0.00806185987265592,0.37711317887551365,41.916282604807385
3464,0.12855360344342623,-0.054317393882797535,-0.34157849022949427,0.0034559821281914403,0.3828944419321212,41.789633567843445
3465,0.1448193995354913,-0.07282228681198585,-0.32270071732698236,-0.00544490322514696,0.37217865869687616,41.80646907257598
3466,0.15086157029394456,-0.05633572123473958,-0.2669999988994703,0.014644648093892302,0.2908254474907488,42.61174686792294
3467,0.1554486791228493,-0.009921915865259801,-0.24575421849360995,0.050371395669016134,0.21237125698052042,42.68673144241141
3468,0.15660816409231107,0.006589874535725968,-0.24687243700680192,0.059871848648892174,0.19587561009676024,42.93844348328605
3469,0.1581634158643217,0.0014574219219837647,-0.26390727131855496,0.04129276059220848,0.2375061395429084,44.42991787200961
3470,0.14568396549598409,-0.09541803420958037,-0.25457251935466896,-0.016615801489545563,0.323515029037401,42.70111588774896
3471,0.16371378662995317,-0.03602096505170151,-0.26559420171023324,0.03318257334547316,0.25605793189729215,44.33647082347054
3472,0.15120800875167145,-0.03666307278157854,-0.2530352308884251,0.029737419697997442,0.24765060003501438,44.558938765675975
3473,0.15367864422054836,-0.023496881129227633,-0.22795863029861518,0.042314043926706506,0.20615575380550136,44.70114154965198
3474,0.15276263106707996,-0.08524390014306094,-0.2671113925145175,-0.011992225160532182,0.3259016972489091,43.99761147175473
3475,0.16248498635425615,-0.13368747816827328,-0.322765755363787,-0.05611476136113937,0.4347730393561986,43.11506013723688
3476,0.16387738294141,-0.14105075205184117,-0.3435068446592189,-0.07017895382722075,0.46788762099028836,42.19363931894081
3477,0.14974095883755198,-0.10772532871883175,-0.29815661117331926,-0.036766910496107426,0.3821765444821024,43.514290734911754
3478,0.1565399056382023,-0.17213581328284694,-0.29856665422246065,-0.08933065320136473,0.45811300063100974,41.191336483180024
3479,0.14511894046446774,-0.13845896933786528,-0.24615837206853639,-0.05361418887456766,0.3740142875945219,40.99562125778903
3480,0.15064633818175138,-0.08727311285587375,-0.22055338358188367,-0.0005318439066414061,0.27972266094250847,43.055019740342345
3481,0.1667623079879269,-0.017428748396026206,-0.21382399165529434,0.04894633908484966,0.1858241940363876,43.61365675112732
3482,0.1658559943510179,-0.016678282623634546,-0.21898182021608975,0.04887639899728781,0.19342814978172138,43.747792930664026
3483,0.16022040306691773,-0.030047411372687467,-0.2170067444158957,0.03876632200034829,0.20653534405101404,43.44236637719527
3484,0.16722107523701235,-0.053107679801234445,-0.24384440073808486,0.018912985526715928,0.26161062245428296,42.81954271629032
3485,0.16334862019006804,-0.04501548440933247,-0.23673103156768763,0.02609516117209501,0.2442720159968942,42.6141347070163
3486,0.1642804825675087,-0.048463309185824394,-0.23468750958217885,0.022176825667069414,0.24556146444228627,42.906329114411754
3487,0.14859784999294828,-0.07329882194043016,-0.25445271075123976,0.002945009362042722,0.30146103079958864,42.57930031633078
3488,0.16114606429797326,-0.04685226909558265,-0.26429519000060725,0.015875427909925542,0.280972307910212,43.81046541679966
3489,0.16339720463284943,-0.022663198245221693,-0.2713970836267606,0.03237761586484816,0.2653029209081426,45.06546327627232
3490,0.14832875938817913,-0.028989109669684817,-0.2486884664877582,0.035723785627037055,0.24377030704094704,45.648681314848886
3491,0.17441356206536285,0.020313933148595874,-0.35533492291321567,0.08514991166375771,0.27614787888867937,45.86257086662834
3492,0.19367002957904442,0.0026483289875416038,-0.3528097316830527,0.07371608281080676,0.28141665802691446,45.94106907410911
3493,0.1955024649743431,0.04200203721303382,-0.35108125489597536,0.10528678055448731,0.2361138110792764,46.44179088614544
3494,0.1923001444256555,0.014068253364985156,-0.34931017671060743,0.07973912866576645,0.2728648621662486,46.81723213402796
3495,0.1759395408406661,-0.014063891255778237,-0.33584354849710657,0.0582548447208328,0.2977666493979583,45.865028250708946
3496,0.17620018352781028,-0.011419158363022425,-0.3444747303708757,0.06235292803330755,0.3006035564129544,44.60578404802388
3497,0.17159150565735576,-0.0024511970929129807,-0.32722252565865007,0.07084893366343128,0.27223572401390533,45.70146421589205
3498,0.18658950709920338,-0.017449903823866353,-0.35644454099195694,0.0543295221704212,0.31679965691124173,46.35963192877966
3499,0.17940594926496056,-0.015954461451066455,-0.34536373252681674,0.054915092962922636,0.3066994459918345,45.472344725719054
3500,0.1892736327491768,0.025241111000348,-0.345465681643194,0.09231826426819671,0.24740697352455532,47.23446101341327
3501,0.19200917042514778,0.054482946476727856,-0.34497140744179716,0.11434324038139017,0.21364163881014883,47.98818129500933
3502,0.17961174053685366,-0.005642878673642789,-0.3401323576021508,0.06419604833058797,0.28839136387638875,45.345827412483644
3503,0.17576884141828067,-0.02458817140532748,-0.3389008521617195,0.047986905401946243,0.3117805096629889,44.28536752999587
3504,0.17777804883873627,-0.07718715244904142,-0.3370136134410726,0.006898752419391359,0.36777076927601804,41.9648200240433
3505,0.19128790422496655,-0.05959199075429485,-0.33946914200538775,0.022555090841009085,0.34137388223228493,42.501657659610544
3506,0.19598796824778808,-0.043390851501786704,-0.36128621408308786,0.030078812561452513,0.35149980325124625,43.925397772618545
3507,0.18351629269761752,-0.1421225436651655,-0.39349305344411517,-0.06402949710181048,0.5084677649236627,40.4743039582432
3508,0.17956414133824947,-0.1693764451326316,-0.3570963277277551,-0.08584802529710545,0.5116331675790005,39.06676290409855
3509,0.17879519755021828,-0.13328244590045374,-0.37115185183218957,-0.053796435197124154,0.47481353854188074,40.346963031607736
3510,0.17131557030167385,-0.037336633616327226,-0.33304194797741254,0.03420958604408879,0.32902806298128195,43.45309055701791
3511,0.18232573815396075,0.009647453647693918,-0.2846810833499376,0.079480059377617,0.21769529662343728,43.90716496818906
3512,0.16643106605487776,-0.02368016061236231,-0.2772949868762494,0.0545554090681562,0.25224599918223745,42.878925445710316
3513,0.14277346485770961,-0.08967162634423487,-0.25221841842262543,0.0008901830607619481,0.31654131891443205,39.8981337636847
3514,0.15894523598797278,0.015919155781903036,-0.21783377068619714,0.0929203314334492,0.13808367625718806,43.41741882876872
3515,0.16793218249450662,0.026369810316088652,-0.2330415760472695,0.09850227536368683,0.13834750606669002,44.877909326843515
3516,0.16632495883205867,0.026905647770273152,-0.23092687230839545,0.09655353076434695,0.13895801408625777,44.475925063625944
3517,0.1662453031595735,0.023033634306490344,-0.21976121836162363,0.09484311110032163,0.1320759214650405,44.16191936416208
3518,0.15487061817363823,0.00702737376758488,-0.22070005674993753,0.08001180052004875,0.15682657086387836,43.31046544925822
3519,0.14180301396602565,-0.029445154389666096,-0.2119197564109803,0.0477363107266854,0.206016506483078,41.95340385269487
3520,0.158262597711545,0.0019238764613315044,-0.23128083015237477,0.07096208464854085,0.17864595533481617,43.30776568469884
3521,0.12248139244925334,-0.06403825702341007,-0.18158592868869972,0.02352143235429104,0.2220570618464428,39.954763636006014
3522,0.15859534587207946,-0.05629138524886871,-0.2685938455024074,0.020813908847520386,0.28975587956343846,42.17041798701964
3523,0.15699471968601136,-0.04158610899134226,-0.23884845688263148,0.03733330127397714,0.2380233999025176,42.170014307062104
3524,0.1531268105626781,-0.050045287082309084,-0.24856894639820207,0.0276134079011469,0.26006731235195235,42.46648563975682
3525,0.15409878152928588,-0.03536306189090837,-0.24914917886711482,0.036947672070788105,0.2461207070325334,42.785434838526754
3526,0.15661059262123064,-0.014777928264305209,-0.22773247372330796,0.056571977747155104,0.19463135736809198,43.16102986048756
3527,0.15462054852674337,-0.026890010259687392,-0.2446227474636063,0.04538377722609605,0.22595808995578284,42.17433326969172
3528,0.15870844396391895,0.004082158258450935,-0.2171990119371583,0.07132626750494882,0.16109625000783614,42.67445296470106
3529,0.15809942988577622,0.018294641039201125,-0.21260433463029663,0.08298394756812405,0.13616547577261703,43.16764053547493
3530,0.1616850088112254,-0.03315492578255811,-0.29413415194735676,0.03457757324868129,0.28284920231324695,42.728379238387234
3531,0.1526329890353737,-0.04594374127276814,-0.23080168813758242,0.030909264696273406,0.23876628328495472,42.24807262923077
3532,0.15128421729680966,-0.04332083152114968,-0.2290921860250317,0.03357005363165704,0.23346814858069861,42.29120053043809
3533,0.1596213804960114,0.0025886757663791215,-0.23029201594051493,0.06533732951636043,0.1801191480290236,43.198085867249645
3534,0.15225220275554605,-0.035404719932044276,-0.23141411275178234,0.03756013428948857,0.2288775637835276,42.34107359443183
3535,0.15567690344808127,-0.008345219495443775,-0.22980422717292978,0.05859236615616779,0.1934007936306364,42.83685103911906
3536,0.15967791871804535,-0.04106760847597436,-0.2509257795134114,0.030612769082663895,0.2543562956802744,42.46378545416523
3537,0.15333166918857452,-0.027765932742530933,-0.2576241820962208,0.03788519160545573,0.24843590348263672,43.30085032362042
3538,0.15760155851014812,0.001589143704530991,-0.28575203452475273,0.056197772491516224,0.24178345641022947,44.799406030985416
3539,0.17109855181119912,-0.020481788865873006,-0.3211890000355717,0.04352349070873487,0.29042969180364486,45.59396276467503
3540,0.18083110971669075,-0.011320936497385973,-0.34842146528427564,0.056593994744324964,0.296987128454621,45.793697958381465
3541,0.1702652650425503,-0.039313784968661974,-0.32365590520331566,0.030331659191378094,0.31585728463728124,44.355253375730456
3542,0.16809680325769913,0.01470403074918921,-0.25863792116445683,0.07676841721399841,0.18716553068733202,44.356234543496385
3543,0.15955108723783903,0.001564962191364826,-0.2543420681916241,0.06507617951072442,0.2057378273367137,43.840282902327075
3544,0.15652091388205575,-0.017179208373345602,-0.2485806204513845,0.04920169548040053,0.2276652228831718,43.16450084431551
3545,0.15377865849321593,-0.026870271854647722,-0.24155812934844717,0.04475044188047634,0.22778179969337098,43.139169771307664
3546,0.14731097304332813,-0.06972276582398265,-0.24696183684925962,0.00959014257519061,0.28926790192159646,43.46878693768669
3547,0.1560603861155177,-0.009537497086493344,-0.23160583340024113,0.0568102898741166,0.19826273512189663,43.89808993247352
3548,0.1564299655892422,-0.007116592651237944,-0.24279519762534396,0.053720599684446306,0.2104060614038093,43.70245919045187
3549,0.14672292046819985,-0.045489390413075356,-0.27011750325288586,0.02197132612056528,0.28681424442716436,42.72471124479449
3550,0.14356098523762556,-0.05754513398678417,-0.2679051626603812,0.010167244826782874,0.3006806802218838,42.476519524977306
3551,0.14591232535859425,-0.07944438060873271,-0.25966362022460737,-0.002320040829909353,0.31168074698072157,42.13380599370011
3552,0.15039669813424916,-0.06204378106074388,-0.26724151899271614,0.012353006013865596,0.29435817670658293,42.514941393786884
3553,0.1555492838105398,0.021158623629131384,-0.22123005496676465,0.07602465376864465,0.148019103352607,43.614913083476964
3554,0.15318062568574217,0.021102733157188667,-0.22755701301029757,0.07342746781275532,0.15782947569587513,43.869447697720126
3555,0.1601989740823661,-0.004796005154096906,-0.28163388936672723,0.03569758573887508,0.25761201582724347,45.25919479909056
3556,0.14881156362279327,-0.020137569016097867,-0.23829198215817127,0.04098061621273119,0.21608229434301304,45.297761183984036
3557,0.15176963037742836,0.007671190408847629,-0.20861933273415095,0.0688837145197764,0.1485704471674872,44.89242032920511
3558,0.15146723734152395,0.028297770957339548,-0.20149870392851335,0.08364342495327211,0.11658807658277216,45.02408900200047
3559,0.1555195626705125,0.019774278062515218,-0.20532075750706588,0.07709445058397943,0.13183989662827045,45.09870548486737
3560,0.15732779551883327,-0.02936352216521607,-0.23729024308061605,0.0356770563716671,0.2260736735650244,44.87524331246592
3561,0.15948057717627345,-0.1002810527330347,-0.32994021585656635,-0.029426736727208642,0.4025699187140401,44.06015252273601
3562,0.15017682842349217,-0.0883795901466814,-0.32628335281132037,-0.02179692035140795,0.39690001694227317,44.49030746542808
3563,0.158128944042218,-0.06408063438401436,-0.32155334415263376,0.0018534387318813238,0.3547287425649891,44.992082538187915
3564,0.17786249662407586,-0.1212076740023272,-0.33987654290812747,-0.050858791227808044,0.4398912249698308,43.40464093171932
3565,0.10556282210654287,-0.1675140072473637,-0.09823882049925482,-0.07044051737551157,0.27902869887388254,38.56868910878599
3566,0.1508114612444787,-0.08738121538584594,-0.274011481427033,-0.012633088485151546,0.33292631823363644,43.221938649031486
3567,0.15673877109610607,-0.01785564616246555,-0.22083095432808042,0.047261573029853794,0.19413037654010726,43.77741680269983
3568,0.15683819692256526,0.003392387156523588,-0.20767285792922308,0.06291770433029664,0.15589167656449693,43.99247742298808
3569,0.1616175318602952,-0.008740216231582379,-0.22145335217888196,0.053283467794030315,0.18495681821472337,43.74100657016088
3570,0.16155984196000128,-0.011726440887244609,-0.21880382612538044,0.05209623936403894,0.18821206049628036,43.50594786513484
3571,0.16294792890821896,-0.0035683589826265953,-0.22110193501143818,0.05847766494043972,0.17941870635480586,43.49174518381131
3572,0.14747402977409976,-0.03099297351718567,-0.2320341778179292,0.03683470846794852,0.22896390254405405,43.50295889270723
3573,0.1574332772360876,-0.04838653072188853,-0.2538497451848513,0.021970257080200138,0.26919787035367987,43.30416541946595
3574,0.17155217130040643,-0.03176980338752006,-0.2605014483119062,0.033300305651391186,0.25257436752860085,43.49245114419542
3575,0.15765758216824113,-0.05822855186617993,-0.2902616637111096,0.010181836368009673,0.31691855260386464,43.51512367593092
3576,0.15483213223497522,-0.007101586438687902,-0.25035038528172093,0.04895079309100068,0.21903696189318156,46.209618603408614
3577,0.14965189560608905,0.0057220434917202015,-0.23806851987086855,0.06305183122707166,0.19109627435028376,46.90626813990115
3578,0.19177149177731576,0.05180692158975565,-0.35339239576033044,0.11041530999241543,0.22967380076193486,48.057725388885686
3579,0.17521430609685928,-0.03281568111336602,-0.35822179516774644,0.03888485727545052,0.344846406665799,44.69546594047084
3580,0.17028744661704856,-0.04671001006127295,-0.35091440060538226,0.03206206958189374,0.3460089619241276,43.383487422094156
3581,0.18420413253538517,0.00038890089505648864,-0.36041655206354223,0.06980423788503558,0.29753805282544926,45.41088668739327
3582,0.18520199610991078,0.014518300206898087,-0.34964553408326643,0.08088587473099841,0.27273337353227606,45.55306672009593
3583,0.18439483082251296,0.038552578972191415,-0.34194511634668184,0.10100868772061042,0.23869985954658293,46.22906083223047
3584,0.18522114187964325,0.020256611310752418,-0.3326360517119679,0.08964944088357582,0.24600123017974723,46.07319846253359
3585,0.1914042298422545,0.04464695606905171,-0.3468029746872235,0.10890342566581096,0.22453299767842688,47.4526889908837
3586,0.18526411392810285,0.018450344732613637,-0.3421471699318946,0.08466427370520778,0.2560860826839193,46.76284065276348
3587,0.1877526813921239,-0.01263812802397987,-0.33428680304660424,0.06233001186281461,0.28009391185273064,46.27913461241922
3588,0.19322142128299385,0.012897311280176469,-0.3421680400974513,0.08103987447026761,0.2596847164294405,46.8755494232185
3589,0.18640394170881894,-0.013988595292525106,-0.33375476986755864,0.060175064593550216,0.286747962933737,46.48879705166834
3590,0.17939972355595268,-0.06463071786234899,-0.34152938868876553,0.015504346026707014,0.35951905919553884,43.18887317746678
3591,0.17893612224912592,-0.04663445499095355,-0.33132432376768417,0.031238960147362976,0.3272636986413741,43.66030310321424
3592,0.1730050079157072,-0.05663092194757634,-0.3405326623732142,0.021195729793280188,0.35442245710555326,43.556263407909825
3593,0.1750465090364767,-0.1558862276118823,-0.3662078597905606,-0.06982371720404575,0.49299170136138165,41.201096387335234
3594,0.19414286841327394,-0.0356940508408434,-0.37301942267161264,0.03768414446995048,0.35411414474217023,44.08651192013808
3595,0.18496891847138552,-0.1842884383064347,-0.3958073924879624,-0.10419877663035682,0.5575073199690505,39.505640865151115
3596,0.13986798957159843,-0.2285133262391158,-0.20360175889993753,-0.10608642845104327,0.4636942967030005,38.17093127076344
3597,0.18825066236610663,-0.1274840407231464,-0.3926751043303403,-0.05220661689895183,0.49035845894594626,40.496208935643764
3598,0.17746099747280855,-0.019022886040019997,-0.31445571871878575,0.053375900909806616,0.2816043268255572,43.6138105762141
3599,0.17358814876874676,0.007719552502527774,-0.25830609805682,0.0843196886896218,0.1869741081262683,43.844770806746524
3600,0.18029519680051082,0.003816787078165137,-0.2825308687637454,0.07646172190326987,0.2208855015860359,44.17117638702967
3601,0.16910290325733743,-0.07600350485507779,-0.30259369150310694,0.006256256689033305,0.3423929094131802,41.51593499608247
3602,0.15407796730144915,-0.10767876493862064,-0.2914061627381353,-0.022825137857664143,0.3671038149557163,40.65213616214693
3603,0.15445448215008506,-0.07174154716295679,-0.253092678558888,0.01286684818968162,0.2780548530824055,41.3723766867025
3604,0.14072193063713967,-0.01712840117423824,-0.20502948553073783,0.062119407836282996,0.17972750668926335,41.91391071235442
3605,0.14322753058181031,-0.042679601060246805,-0.21624513459514721,0.03867175500358185,0.2204119372309814,41.432597432762854
3606,0.1421421476504098,-0.04086382487081334,-0.21234392453766232,0.04024627967295627,0.21702000021145812,41.889290148920225
3607,0.17293406289867544,-0.026399241694912524,-0.2969608062859941,0.040759861200190234,0.27957532336024754,43.87002228558805
3608,0.16172576550721043,0.010777374094733345,-0.2338083626785056,0.08011149445274719,0.1653767509225991,43.85327795337035
3609,0.15721227452696476,-0.005064554489306835,-0.22311159138266198,0.06726441781317151,0.17531869625133634,43.288898209341305
3610,0.12209820537080958,-0.07758050954727343,-0.19088556291526598,0.012004583348645816,0.2491589718260811,39.93741447713953
3611,0.15699261953633273,-0.07568065368417058,-0.30652902496016976,-0.0001686971350687445,0.3440737515902771,41.577336610355026
3612,0.15928208917737097,-0.05845727277204127,-0.3325703997813247,0.012633681833610227,0.35083432879712334,42.138828165882124
3613,0.15291798420680483,-0.025905857067778735,-0.2566769606312946,0.0458283502565653,0.23559652844517268,42.34472508914175
3614,0.16033986658196275,-0.001651535671198549,-0.24766478461410812,0.0649109832341046,0.19453016263320588,43.78953630043107
3615,0.16324606218013138,-0.025706520580325087,-0.25465715201129174,0.0443829665867559,0.23526786799016258,42.20178915888213
3616,0.1543664149171273,0.010218000803579281,-0.21389840374644284,0.07657751111993262,0.14943500142409571,42.548912988893626
3617,0.15458704813369115,0.019967256293924575,-0.20980389650033318,0.08379299108903804,0.13355899079595987,43.03625130810583
3618,0.1556194077070307,-0.030211365785755024,-0.24471645065893646,0.04346809442852097,0.23070524856340993,42.50131206476426
3619,0.15233954267130256,-0.03215320264315346,-0.2333427162526742,0.04236712109719532,0.2229549995194833,42.71763933976954
3620,0.15191507017883277,-0.051189337023797125,-0.242041727135643,0.025162567986199508,0.25663257442061554,42.40600294322845
3621,0.16061499520325662,-0.024255716430692235,-0.23455881748755036,0.04381555174219745,0.21672756708876717,43.69560811001514
3622,0.1506540420001607,-0.0015706521139230171,-0.21379982774434322,0.06342025655513947,0.17096482631515744,43.78115298797731
3623,0.14973424843591213,-0.03922734167241616,-0.2317371035497881,0.03544620132756291,0.2338737773105386,42.8211420499911
3624,0.15155492140533466,-0.041857638255717707,-0.23323613289683448,0.03426880703177129,0.23682168980325286,42.82154697068524
3625,0.15544449925128737,-0.037650907735950374,-0.2350469293181929,0.0371542274641231,0.2328338828791556,43.012629762410754
3626,0.15672107485409703,-0.03722866575684431,-0.24445954190404864,0.03337562388187308,0.24451935741214184,43.94850784997507
3627,0.1572357605124719,-0.023350450673920962,-0.2835437765779469,0.040824039794718374,0.26351967923765124,45.1326134998252
3628,0.15842891298658981,-0.05911990493731356,-0.2812123910981679,0.018469557987134386,0.29626178979687584,43.25833920523313
3629,0.15415083917016953,-0.05466840745813472,-0.2650216469485922,0.017966159329311237,0.28674927327838756,43.01650620426437
3630,0.15769166158773512,0.0121372208489506,-0.21564092866567372,0.07584368469622278,0.1516828747355764,43.95600922089782
3631,0.1581518473419627,-0.02030074965938509,-0.23976099807397133,0.04921297988819581,0.21754428474599552,43.377238028787104
3632,0.1565767784868267,-0.06316628876621902,-0.3014496251653528,0.00887914005894227,0.3334747071484808,42.9456017078886
3633,0.16431218078330792,-0.05033904711092693,-0.31630881168518604,0.01821320556547033,0.32851317724049156,43.9713939154358
3634,0.15507121401033602,-0.059422249653367884,-0.26996379078312605,0.013979379587414785,0.2982631408219407,43.046358500069566
3635,0.14685003461379997,-0.01015019102022537,-0.22643603289133057,0.05657172458372592,0.19317122463693215,43.10482268108169
3636,0.15254989008940567,0.00638804381147928,-0.23863870565345158,0.06265285300609567,0.18926584570126728,43.73860792777547
3637,0.1560746119521498,0.026596235776408503,-0.23857238225382116,0.07531593810661975,0.16597836328016963,44.73682046898447
3638,0.15333255230883522,-0.003486724836018603,-0.2382075054775593,0.054708005256181406,0.2000736513185931,43.76181930218895
3639,0.1516833947526129,-0.07492694611441111,-0.273492476021296,-0.0029886610862071912,0.31810914619196795,42.26228427331519
3640,0.1475538179794403,-0.055918536723810246,-0.24834849782353896,0.016531778714108398,0.27093484721091543,42.46109562115234
3641,0.15250006712822597,0.009394480117514177,-0.22065589926741763,0.06855795244826135,0.16091450228601403,43.14528380478249
3642,0.15158125876569103,0.01552608428115216,-0.21922596292367197,0.0697582588841152,0.1547447403823299,44.49127823677278
3643,0.14986386681018637,-0.0026272574867153542,-0.24751714867433827,0.0489209538947969,0.20988070742937862,44.95247435321629
3644,0.15195711832847772,0.030297107113856105,-0.20644798302268644,0.08283090984484491,0.12198411225611176,45.75369434337038
3645,0.15586736221500772,0.04069910583661753,-0.20954822052235106,0.08860407089198923,0.11239083541057862,46.61380795130209
3646,0.1581082990540588,0.030857870524223924,-0.24441151479506049,0.08241459359299565,0.1538995352595464,45.946676533235404
3647,0.15213350708590573,-0.06608905669794803,-0.2804524414395651,0.003837053819777501,0.3117112692232119,44.17432647411492
3648,0.15299239848240462,-0.06992419839295368,-0.2819316553617289,0.0003138999681562969,0.3221194641344744,44.12410943494278
3649,0.1510871201674183,-0.1195483798568398,-0.32577147755142283,-0.047389070633398755,0.4277066315978724,43.664940596413764
3650,0.1413864049934106,-0.07016607949320292,-0.30898553317919886,-0.00455276781672703,0.3575234194587513,44.619749485222854
3651,0.16450794683123923,-0.04999710469242018,-0.3172812060764043,0.01425990653231255,0.3335132323924664,45.10549212899856
3652,0.1673949405689693,-0.04609420915062251,-0.29833055749051696,0.01820395673507306,0.31219591572130834,45.373873828969515
3653,0.12746931821250854,-0.08372763203720536,-0.18296451028761232,-0.007502814684110828,0.25132041684265777,42.183720170228725
3654,0.1522864825470817,-0.055882929581664416,-0.24987654643953158,0.016753115738965884,0.26943346227671844,44.087180731700315
3655,0.15714780862342217,-0.026041581604373285,-0.22400649957176716,0.04089096670190931,0.20802122644986096,43.81320837188018
3656,0.16142574101973886,-0.013271635193814777,-0.21761210985472149,0.05094191404190079,0.18639034049688175,43.817732033284805
3657,0.162139658816351,0.022109351612094964,-0.20313337184240174,0.07752307631360097,0.12997947947233554,44.1340627041808
3658,0.16304556227868766,0.02549682485654208,-0.20008676313320448,0.08095736338384003,0.12306661479172921,43.904366078581845
3659,0.15592477821004913,0.0061023700011682775,-0.20671241340685234,0.0666540794805504,0.15448194641243923,44.03914817200247
3660,0.1575334566993083,-0.05220798013149259,-0.25522267582438535,0.01907361178876238,0.27473719130156565,43.364865183250174
3661,0.16414100542834703,-0.028621245244483003,-0.23146717439688322,0.04124603548054238,0.2193713425692136,44.1122732689971
3662,0.1698764150919293,-0.012629141732216275,-0.24624337169856694,0.04930830213477865,0.21468747163485696,45.10594900399797
3663,0.17090717476708991,0.007143264098343532,-0.24983144057145296,0.06426465825371946,0.19603791702776868,45.3890459564455
3664,0.17530218074746876,0.0075363007206525525,-0.2556874212947228,0.0585071690173373,0.2088903702777388,44.7262562748702
3665,0.1724646633148684,0.022241365722285383,-0.24787355373541944,0.07742238527879798,0.17364408415350244,46.736131392551364
3666,0.18819126279280146,0.022600995521068198,-0.3549001264301205,0.08563862967158672,0.26700398025291344,46.8248148370483
3667,0.18283582448650587,0.002546783797579512,-0.35551474230702823,0.06821813987982231,0.2960147574221086,46.948991785488204
3668,0.17281445389170744,-0.06254236171241968,-0.36243306288344945,0.015524361446609661,0.3801768838384477,44.364433832076344
3669,0.183422503730208,0.005419092336891896,-0.36601724862809887,0.06928261051016475,0.30129951222344875,46.41941090857565
3670,0.17862498051592152,0.02542408027767968,-0.3023900918236224,0.0953292875717698,0.21268502144001009,45.75133169300315
3671,0.1845818550708774,0.029840101518428145,-0.3084891163854393,0.09800898859875909,0.21259124531238735,45.51594572671049
3672,0.18637920501036956,-0.008214301003108191,-0.3543482567932883,0.06497072579819325,0.2954035957250267,45.427261158991506
3673,0.1817240514338257,-0.020766625321311714,-0.34868968131420736,0.05352717221584383,0.31133359382171416,45.64796570233365
3674,0.1925565786819053,0.01658023100347836,-0.350105986113359,0.08317262345966898,0.26343301096127253,46.7084862034129
3675,0.19479552893115723,0.017485876579985238,-0.3436495104575928,0.08618980953129347,0.2557413769992574,46.940442649190274
3676,0.18566690634861255,-0.03196760578127804,-0.3422532405452727,0.04442389513688521,0.31859889192803337,44.430710355418825
3677,0.17278191315241595,-0.07101360946504029,-0.338540689105989,0.010107447420595531,0.36349035325580553,43.47163626590633
3678,0.18682747182899015,-0.03171649091050199,-0.34301869006001434,0.043701787585189146,0.31576607970156173,44.55264120250518
3679,0.1779431724418194,-0.11166754581426677,-0.36851310602216186,-0.0315895636350007,0.44727620789846817,42.58869053293796
3680,0.18253831623198014,-0.1028348187184127,-0.37423879985374187,-0.02327025753114796,0.43488252157703167,41.85512360792076
3681,0.1912099805919362,-0.058546844172594856,-0.37128425030957307,0.01884260288810055,0.3698762614550001,43.05618893462208
3682,0.17680616423020273,-0.12133670896553164,-0.3776363055025366,-0.04185682040266572,0.4692370937466246,41.740872793323845
3683,0.16064236637568907,-0.12324726791761353,-0.3082755196085254,-0.03259483846098934,0.4143891246330997,41.55850293933949
3684,0.20035519204617952,-0.014540501302916646,-0.38901257293256886,0.04833382043760283,0.353048629186007,44.239140181195495
3685,0.1737839596789346,-0.07305319761851628,-0.3477970263545052,0.0032038021951588556,0.3867642553466063,42.10950349318296
3686,0.18373926863305157,-0.008399268655290375,-0.3125942051347902,0.06234621867522842,0.2636896158438924,43.75595130964454
3687,0.1989047423847001,-0.04628335593047454,-0.34354386093425154,0.011651751557127438,0.34620410647464733,42.33148889050383
3688,0.1751694965262471,-0.09230731392282944,-0.3169419876599997,-0.010190610551692715,0.368127143906298,41.279831998849176
3689,0.1771553294205431,-0.015440749756469674,-0.29996302808516945,0.047584475747013966,0.27117000216064796,44.26094511738416
3690,0.1780773308502473,0.006425236300610383,-0.2706652563436537,0.0732610330252393,0.20965573838966928,44.996306238967264
3691,0.15283471917323413,-0.035361918934018154,-0.24384332848593662,0.04113811560312155,0.2547523290306648,41.81965043112908
3692,0.15180920271003887,-0.048155588372608915,-0.301433982168838,0.024930981016941238,0.3161278619572146,42.82666647539601
3693,0.1457814092574173,-0.10385627948039527,-0.34923945195894895,-0.033177762374369583,0.4318462866618854,42.704657845071424
3694,0.17767239198949367,0.016952572884057153,-0.2713687324110572,0.07496931993700148,0.20367229633666456,45.79063320122507
3695,0.1617313860204192,0.027168726727711808,-0.22854701045376324,0.09176349911148415,0.14076406987955184,44.76605023147991
3696,0.16045960928977968,0.011815856943425667,-0.23346331005133428,0.07835473603733487,0.166924697815335,43.92766424526629
3697,0.16326025525524332,-0.0066539372017234135,-0.2612740932028724,0.057779769590936565,0.22214352672113472,43.03091299930376
3698,0.12128463010338907,-0.13999686202992734,-0.24995089871528836,-0.050142578898343254,0.38662619007233934,38.066103732737375
3699,0.11922337632016189,-0.07540268055876402,-0.2524542381877591,0.0021398103923154265,0.31201743690930905,40.32856700497388
3700,0.13505288413510386,-0.053040871538033364,-0.2503864811240099,0.020406010735781976,0.2736470869316928,41.32540881753103
3701,0.13949369493534397,-0.03491992645231487,-0.2314300708223852,0.03824662856130547,0.227118248367277,41.858385690794115
3702,0.14050839064261378,-0.0015705444837640227,-0.20221778844016922,0.06735411696307575,0.15572071671894508,42.02623897030532
3703,0.15226439806369532,0.010753482165020839,-0.2103406024523428,0.07866615299393255,0.14288694734795918,43.067432408870715
3704,0.15597981359224225,0.019765334626061636,-0.21905462692814137,0.08248307730894891,0.14271978476223904,43.796253753033696
3705,0.149318694896986,-0.07014730160603735,-0.26856499955151025,0.006890409902791946,0.302753976079298,42.58217876906101
3706,0.14372185549917485,-0.038897884412062746,-0.23694027387310287,0.03751182949252594,0.23212265873531168,42.454974892894334
3707,0.15384965561884445,-0.041355793259076935,-0.24500086478731015,0.03396582863532405,0.2450132961749186,42.741194914203355
3708,0.18210049739080258,0.006814104794105536,-0.29475866510574145,0.054695962920569885,0.2524706035522042,44.65467697644545
3709,0.1518829372436191,-0.029862301034530282,-0.24598714766725138,0.040875433912760065,0.2364649545996494,43.52080326539397
3710,0.15639725873603566,-0.027898364571762795,-0.21817487422229156,0.0425575985462015,0.20411808320735184,43.543889943033605
3711,0.15273114445597621,-0.019765253422064446,-0.2176148602875892,0.050455968995000135,0.19350884865019066,44.049997335305754
3712,0.15746723164056445,-0.004105815960746653,-0.22779092209408489,0.0607814595532264,0.18661554241761574,44.29598922714814
3713,0.16178247376308647,-0.008175544810024542,-0.23151045031482556,0.05644751141967158,0.19719544630820726,44.19365377157708
3714,0.15470711170489795,-0.034574192667149346,-0.2606047615501055,0.03219306274948586,0.2587412710810839,44.0394783161987
3715,0.15350983474011443,-0.0023658682609712847,-0.2540072024155661,0.061701964570435426,0.20760814462780416,44.52805987793917
3716,0.15319994823282826,-0.009531426689220187,-0.22730591280044038,0.05769966526602794,0.19010407244437297,43.80483792540381
3717,0.15984481676180498,-0.010362727340468534,-0.21462796944625984,0.06003912482147664,0.17664101106253144,43.3834502028557
3718,0.16606800999251972,-0.012509989022395482,-0.23758331812677005,0.056923407849459096,0.19994376737935243,43.74859912213573
3719,0.1484072837543997,-0.0058399055059390964,-0.3175013478852362,0.0489014159379834,0.28889348198880715,43.978408323749015
3720,0.15109631983627161,-0.06588417378117707,-0.3483138672244433,-0.004011151047447975,0.38965328128093396,43.18985191517465
3721,0.14892408082030292,-0.03473527489574605,-0.24855147561747756,0.03484862009512637,0.24092805797561395,42.831822660809145
3722,0.14810946569477712,-0.02934009222557275,-0.2298225805264278,0.041167803104031085,0.21648788532265395,43.033537905785096
3723,0.1532062384016006,-0.022048406799162368,-0.23864632256839657,0.04366289193468667,0.21991909596319484,42.994703441562706
3724,0.15506592214396517,-0.09192837563429547,-0.27406281090793816,-0.015476220310664097,0.3402216858306796,42.06804292837045
3725,0.16344861138304914,-0.0638524448075324,-0.2748132096327521,0.009617058617752692,0.30175938870449465,42.65622336144904
3726,0.14675984037513456,-0.06350341053219104,-0.2575516533498352,0.006366783994374423,0.2915966617332818,42.34083913366022
3727,0.15975741616342637,-0.009849224157176721,-0.2626056963891473,0.05064972669320085,0.22558475254322913,43.54438630134404
3728,0.1575694556391873,0.013722042141704333,-0.22648774845224898,0.07194290603408761,0.16074146151325344,43.833640222031256
3729,0.15490057919620034,0.006708567191469658,-0.23617650262974826,0.05870714768101507,0.18616231623443158,44.719673680171574
3730,0.1539239851558456,0.029502324419977015,-0.22419628429138455,0.07924496097278226,0.14311685572633986,44.86470394307453
3731,0.15287410931194498,0.037373892570770846,-0.2094032326321192,0.08769291625077871,0.11538852144760146,45.11773188866904
3732,0.1577333518208681,0.043478810641015865,-0.2233073008331721,0.08623346584871623,0.12787372589061974,46.23792915040157
3733,0.15788259542813235,0.019884178089610037,-0.2282018971144237,0.07189025700235553,0.15605157717527215,46.42116926455837
3734,0.17062030442026407,-0.04488931716861369,-0.31544632473094164,0.024118791706499974,0.31020865256213953,45.17749880401949
3735,0.16696032337844655,-0.06778168865868604,-0.35102375814619746,-0.004042437003025792,0.38764121072973323,44.30404631967486
3736,0.15991208026810777,-0.13514781601663775,-0.33115567290802356,-0.05915552583083318,0.44890687048883227,42.81099946564646
3737,0.15958935716757955,-0.044723633485582406,-0.33707186552643276,0.018127385616220237,0.34490379543244676,45.17557339243269
3738,0.16193118028519843,-0.05515802805317607,-0.36788697533484255,0.0048820736228379616,0.39033144403832815,45.41769763127375
3739,0.12476409871122349,-0.11475229951072564,-0.1599819321720728,-0.02803541438589588,0.2693081853722649,41.31306706421512
3740,0.1510789382431379,-0.0336242937632193,-0.26326993728394465,0.03037359964328237,0.2593945549279759,45.51041671147243
3741,0.15489759345826057,-0.05585652918871236,-0.24566527037800892,0.016283697184329905,0.2677718685126477,43.73542029927465
3742,0.1581422017827731,-0.004655095595191661,-0.2162340379074604,0.057218272321577564,0.17510651589276952,44.22658418935874
3743,0.16405371534013383,0.024216732131943593,-0.20200440155438798,0.0791524852255158,0.12587202077850085,44.559922365041544
3744,0.16702402743469064,0.024351368395524327,-0.20495861903173213,0.07964918807338653,0.1277306582734017,44.027609929911364
3745,0.16560807579903003,0.019672415849742095,-0.19583064944103087,0.07807805632198193,0.12411347904369213,43.806770535974174
3746,0.15177497436472728,-0.021498227001803774,-0.2216488780218406,0.04345980994581268,0.20550895939710684,43.82976259195991
3747,0.16491622065666858,-0.05202054649003785,-0.23978109654711816,0.02102568846489633,0.2579290723074163,43.71887807879405
3748,0.16467254009125082,-0.03635913829205055,-0.23776721584145655,0.03452983998698152,0.23340890598943032,44.20565417111101
3749,0.16895632810842645,-0.04450823448668339,-0.2481383274694431,0.02710516708989105,0.25380158145273907,43.1888939426899
3750,0.16684481484427055,-0.0248400377527389,-0.22706616725993942,0.046340300393734435,0.20850109155510677,43.534685494725075
3751,0.16586987375593495,-0.04319926426022794,-0.2593232042602042,0.029476428520819636,0.26246398015649,43.594756613418994
3752,0.1488358175355772,-0.043359895166635486,-0.28358539576785446,0.024464324538970825,0.2897323603012709,44.89902241372035
3753,0.1908897494618731,0.06370914344144388,-0.3515899644577058,0.1186903149610922,0.21449249840138324,49.44670509902316
3754,0.1931567190524923,0.04603850518754448,-0.3476121586204813,0.10599950210962131,0.23110128944399463,48.613739217608
3755,0.1844046730669298,0.001933594481665905,-0.3401059249869675,0.07168196683894873,0.27670397656492113,46.86713828743239
3756,0.17301311656394505,-0.04437143376425431,-0.3328943130928648,0.03597001829453054,0.32632127719269843,44.33398125260985
3757,0.18112672544540268,-0.02641175127213046,-0.3442020701770764,0.04634924257878115,0.31861079419036276,44.1615392912745
3758,0.18244020672689845,-0.022428855366036143,-0.33968755680014784,0.05278842399786214,0.3075079719883963,44.47545212738485
3759,0.1860754779270267,0.02114855989473089,-0.3437393659008019,0.08702591239147657,0.25288165983933586,46.52001947019363
3760,0.1810911590158475,-0.04263014936801213,-0.33420729540964206,0.03779011605161997,0.3171157224113189,44.23398564121806
3761,0.18363740637905346,-0.062340810528524464,-0.34068971345163995,0.01717019333644699,0.34711349373197115,43.69163101181015
3762,0.18221298147238899,-0.049886652425537914,-0.3474671975738326,0.027324373941574425,0.33919093999578104,43.826206029561696
3763,0.17637221783992818,-0.05729244966249643,-0.3429530614410368,0.02108957962616194,0.3515984346466753,43.380699753160314
3764,0.17878093170395334,-0.09204679963173842,-0.36451703205501257,-0.012002441548291,0.4173371706057104,41.69314779232155
3765,0.1745515961719982,-0.13397103352889958,-0.36777277275690057,-0.04994170699436998,0.4711328516226402,41.714709575341075
3766,0.17480360451987056,-0.1444463760829981,-0.3758448832284692,-0.06336949911872457,0.4950672175214762,40.623089729390394
3767,0.17500711359934215,-0.1534083679548705,-0.37590664062652274,-0.07003489813792814,0.49954850373234816,39.974875536493784
3768,0.17705106015773908,-0.22198367746143557,-0.3763671833393126,-0.13455650813288497,0.5763627344576019,38.26611162188487
3769,0.1811054567073765,-0.1069030126155224,-0.3579562102707477,-0.0244444102814189,0.4176477374719069,41.24500513717021
3770,0.16120261424009683,-0.11816422007148343,-0.34967170721228674,-0.037121874767655785,0.43600749172670694,41.184807491112565
3771,0.17021477413143185,-0.06914887309879247,-0.3380963982929798,0.005640222777314786,0.37156509018305417,42.29294869441565
3772,0.18115202391943888,-0.05998197702671099,-0.3354266370879824,0.01502232742598768,0.35627541538687213,42.1639916871791
3773,0.18121076718816256,-0.1603322892304284,-0.3807732310710672,-0.08048142689438947,0.5138732926924623,39.58027467358663
3774,0.1882483455066955,-0.2445776816771796,-0.4020556019991412,-0.16334505012151646,0.6202587902843736,36.967615220255645
3775,0.18937457310107092,-0.2608083786164106,-0.40001812082700094,-0.17806988386020553,0.6345517676563054,36.5480337635807
3776,0.17817602531669796,-0.07345003044751729,-0.30981417568431396,-0.0012307561626996733,0.3401803853418258,42.54955914370128
3777,0.18071700096895488,0.027247496156337574,-0.2833857754528726,0.0844174304962314,0.20494591199759693,45.8766140607938
3778,0.16618243578136505,-0.028446575493566762,-0.26391075530482516,0.042991724271407745,0.2570204271547174,42.772023151314066
3779,0.16904317523644183,0.00598266923469731,-0.2541711270818579,0.07507932525880533,0.19581084272857044,43.66835126698481
3780,0.14979809884428336,-0.08430525169598635,-0.29308657226824036,-0.00039474153839610276,0.3438261154077694,42.448215400747905
3781,0.1636018882396047,-0.045727149687059244,-0.2876410798537762,0.026735396633470226,0.29486613587599386,42.96657816650852
3782,0.1615903321443756,0.012551186258707785,-0.22892510837874883,0.08286892617983807,0.15692566410626083,43.68663947822311
3783,0.16668039574844704,0.005534893834970636,-0.28006816928410827,0.06308773723950137,0.22793829268482185,43.48614113454698
3784,0.16331200922631553,-0.07803830822519803,-0.35584819527889927,-0.011915060133533766,0.40749079677906347,40.900390426090645
3785,0.1615956501608581,-0.08668870804916304,-0.3745265732676204,-0.017549679444562285,0.4351836858061159,41.029449167810185
3786,0.13794237534398854,-0.09388473347011084,-0.28829084042847797,-0.014153229828856308,0.35547183221756773,40.860995707521795
3787,0.15421236396716517,-0.07590675258810156,-0.27655441445386203,0.0020674314638394237,0.3211988866997007,42.19075648360324
3788,0.15809522473978216,-0.03854948893925519,-0.23803824034906643,0.03852665483594949,0.2341297453188012,42.560589877837984
3789,0.14887671308864814,-0.031117053753721396,-0.21425830570839066,0.04226715060441373,0.20642393473644247,41.969138351976376
3790,0.14038551780482006,-0.00625290800244492,-0.16345555347050983,0.06435031325008471,0.12536529488314607,42.364703361275815
3791,0.1474672580937009,-0.009345135789724101,-0.20339838158348775,0.06009495120991504,0.1655458074299592,43.33859167534436
3792,0.15011156367953918,-0.05528931502727524,-0.23663523608598355,0.020981219108033657,0.25644488534093807,42.23599893286884
3793,0.142995914696892,-0.02851980954021719,-0.21422011745882055,0.044062572972196706,0.20213195657401936,42.308514747164374
3794,0.1568111440089718,-0.021087312105778497,-0.22849523240318503,0.051741003311457284,0.20158657899122326,42.790062953108865
3795,0.14706394357297928,-0.055962695466164246,-0.2187849243731198,0.021531195495799568,0.24127127536559773,42.49748099837923
3796,0.139640544511896,-0.07253093316812338,-0.23746813781041398,0.00219095957174802,0.2861150210698777,41.76310048704131
3797,0.15049026217847414,-0.028774796978532198,-0.2445938557991579,0.04240571354950523,0.22885544834936983,43.129743977955705
3798,0.15972783121030257,0.020647886680020287,-0.2219989888084319,0.08077031510122488,0.14468949621435395,45.306243271090096
3799,0.15666823349836495,-0.008241745779116048,-0.23341209581012387,0.05791441361578535,0.19372445966142146,44.40789564600801
3800,0.15539924284657572,-0.019251963417486362,-0.23413847002300822,0.044914515310111855,0.21690190546078686,44.36738362512737
3801,0.1651774908700027,0.022728470222397223,-0.24492947144985092,0.0743904970574071,0.17638975825234474,45.15646158821322
3802,0.16484771908974302,0.02017314148969513,-0.2703209644246605,0.06596547791799484,0.2098441138521878,45.13496890581234
3803,0.1570666588738877,-0.03893059588411123,-0.2593652425989908,0.032607471547301155,0.25474909069194884,43.626431599193445
3804,0.16002374277682366,-0.003462454756677226,-0.18685533277684707,0.06985903455534245,0.13500738506467805,43.42547511059401
3805,0.1741801819705285,-0.007870196356845665,-0.2754484799880866,0.058243547495275716,0.2314847067741214,45.077860489353284
3806,0.16582440584786756,0.018277437914100848,-0.2843716192003366,0.06510582928344871,0.22472664121517733,45.979443239881746
3807,0.15989368730385906,0.008442582347562918,-0.28136284160917596,0.06201676373765111,0.22915694629935324,46.07092264188738
3808,0.15041039240595924,0.0006555109914813826,-0.23436143865257394,0.06289280791603424,0.18670824582306497,44.31515505222274
3809,0.15591967048949215,-0.026895776400764786,-0.2790027550236246,0.03761689696174809,0.26400197504787315,43.78142170067795
3810,0.15365280244998575,-0.06569560661203207,-0.2549146477186923,0.009922848918952305,0.2872494166665538,42.47393021620402
3811,0.15705001038699828,-0.035952181426015355,-0.24356216794672655,0.031977030988863245,0.24248396333090252,42.62442051772819
3812,0.15830575891681486,-0.008304358189315056,-0.22971041226018576,0.05396677943222105,0.19413419643652274,42.922910312759235
3813,0.14821583104865715,-0.028152933289939477,-0.24404140535941424,0.03687367197064512,0.23232025448775181,43.78663025930509
3814,0.15297560164571025,0.018519088533974357,-0.2282483881436708,0.0715483378155025,0.159518408100218,44.2040119906374
3815,0.15722399096246592,0.045691593858448766,-0.22996337875758968,0.0873872276737792,0.1337508771322532,45.36165242009873
3816,0.1593206625097628,0.027816133790873835,-0.2582708992279414,0.06875162981016009,0.18560398788322222,45.67710431377299
3817,0.15341001673608948,0.040519323587427054,-0.23269773901164648,0.08395421155305804,0.1421467785702513,45.07867232617846
3818,0.1565020766778336,0.01054313895802375,-0.2524292688407927,0.0586298320256323,0.1969135704466959,45.162558246328274
3819,0.15964082257207451,-0.053821848581860454,-0.2610940599099009,0.013777015336311064,0.2817204291138197,43.99851978833671
3820,0.1475547646168031,-0.01455963356904351,-0.2509975123692522,0.04014819063435015,0.22877862751475814,45.18352366739015
3821,0.14523519949546027,-0.06310417765143346,-0.2859121521810598,0.006318947127315603,0.31698387177656023,44.37527397272755
3822,0.15587807719857538,-0.05931835067244047,-0.33122341251427345,0.0063154995779628005,0.3573387112892794,44.59748714951589
3823,0.1467574309007518,-0.10109712908565568,-0.3177758935317932,-0.029818803656293136,0.4002846716266445,43.39777476074736
3824,0.14491056338491337,-0.07903454777722657,-0.29556132198564045,-0.004022131067965069,0.3476941744036373,42.790240287114976
3825,0.11681575462400538,-0.1385404583720697,-0.16436436689298464,-0.041510304788512385,0.30250174528489976,39.40290893848514
3826,0.1376336257596538,-0.0499856067724428,-0.2126561376444047,0.020016925495359297,0.23422594576737704,43.39727198986491
3827,0.16286767855457301,0.0350992621742543,-0.2167208528383426,0.08477479017682718,0.12751175436336104,45.811159299139014
3828,0.15794643954818893,-0.02671392720209614,-0.23365083408194667,0.03840043472704316,0.2194115337958673,44.60682846131646
3829,0.16033066192481124,0.017310677522328875,-0.21123023950067413,0.07124581632332933,0.14558345448980342,44.874305589635235
3830,0.16650590349929179,0.01820004219863489,-0.21559392312589912,0.07213125717094362,0.1481904894728403,44.56983552789198
3831,0.17165536642162466,0.019410624422004252,-0.2098101382246171,0.07547243351072432,0.13884418917469524,43.92047514255694
3832,0.16436685337462134,0.014812294169344233,-0.19710670650881126,0.07396531267000452,0.1323210492350915,43.743839053179926
3833,0.15637499332891852,-0.012952846000887568,-0.2109515733411268,0.05386461846897759,0.17865699415726197,44.263751895820775
3834,0.17687674913021387,-0.007848680796959396,-0.24455418626007097,0.05207602142871966,0.20844174526253056,46.07870642528101
3835,0.19709178618305878,0.01920149018807025,-0.2759330944073996,0.07356118919247041,0.20314220122080634,47.485305807550326
3836,0.16239515981091196,-0.05066184820129634,-0.23340303559708925,0.02564531984650929,0.2458561341583365,43.80950139485159
3837,0.16461794595601043,-0.05358686995747712,-0.2620853332688279,0.01853001979737961,0.2822159893820223,43.90024147552497
3838,0.16141310177764073,-0.06301307596336501,-0.24092779306101636,0.014930267505566681,0.26882118201868344,43.46444515447714
3839,0.1561222352015378,-0.04481276214087981,-0.24188872980150647,0.02919574155061057,0.2471342810119808,43.791387597679666
3840,0.19361628855234367,0.06362260226601853,-0.3216288647909091,0.12462675850532998,0.17899896534546683,49.14140011533428
3841,0.19206186564992134,0.05327983733837175,-0.32030023928581813,0.11599614702950467,0.194736750175722,48.05437622279497
3842,0.1759892886454005,0.003309283757931921,-0.3320609321646955,0.07272362991573522,0.2704792150497808,46.74500337835803
3843,0.17607658112006205,-0.037475282054283444,-0.3230037483845734,0.04149075154998207,0.3073653172144716,43.967673975466745
3844,0.17458236079161166,-0.02328397152533961,-0.30543274118019925,0.057592516145507804,0.269587340321319,43.919223647937066
3845,0.18303676733582694,-0.016993997054336744,-0.33226715992347844,0.056989847088314935,0.2906917008426315,45.46956510623197
3846,0.19534593751322002,0.0039746694833618255,-0.32162529056065847,0.07901820618213491,0.24956820453363446,46.46172424844684
3847,0.1827156051891697,0.00819896789527308,-0.33119516406135774,0.07985980639621261,0.25749348755908286,46.342670410178485
3848,0.1867474193010867,0.013377125662930566,-0.3451612815376599,0.08223913184899109,0.26358075310903206,44.59971681150675
3849,0.17955439292839587,0.0005583370977557318,-0.34345317038579637,0.07042416225450474,0.28229655189093106,44.574449706253354
3850,0.18009727506686143,-0.03901069906109005,-0.35232382242086624,0.031770991971956986,0.34580285658202803,44.299172143796255
3851,0.17416910698771673,-0.10663518247221587,-0.36879203333709504,-0.03164613020247491,0.4511731695803757,42.50163380092938
3852,0.15272620008834273,-0.11354778715474743,-0.3707571245532948,-0.042087396330060894,0.4930456493264607,41.08185867481915
3853,0.16516635043204814,-0.13685099495454653,-0.3754090954453017,-0.05901671022210091,0.4953886269569447,40.778229458379705
3854,0.17451161581539068,-0.1437899290916765,-0.37634619617537596,-0.06559862936890162,0.4898063806705929,39.11206290418695
3855,0.1828769939433927,-0.00204673628402785,-0.3518813500025738,0.06617475218466913,0.2883465574976777,43.63246918011644
3856,0.1710252411229012,0.0013098979089815577,-0.31033487420310363,0.07500112108407335,0.24978145080941713,44.436722292681104
3857,0.15939802642591847,0.006927242480292693,-0.2817609707571303,0.08090222221125104,0.21560466580436097,44.789822560778006
3858,0.17966805746880568,-0.01668619773844307,-0.3179984276537204,0.055134459532404326,0.2830256251724537,44.4503934070695
3859,0.19041547597442263,-0.0895643948764904,-0.37031266647882566,-0.018238703205693933,0.41601544219960535,42.47190000933015
3860,0.19199879210746204,-0.18328074324654497,-0.3865122755283321,-0.10358783025126986,0.5415916101559304,38.61853094102134
3861,0.1898885602531425,-0.24447918477872926,-0.39502835095436556,-0.16135340204147222,0.6177727586574301,36.808074933299565
3862,0.1835525837609978,-0.10982961416443898,-0.3392237177903521,-0.038277716381491654,0.4170588939274577,40.90670586656151
3863,0.17484824614740108,-0.0452664468961957,-0.28434042956341604,0.03008774107635004,0.2801503083392038,42.69783227442024
3864,0.16651378287846325,0.009421118912827894,-0.287044066239538,0.07484070146363063,0.2231077370777808,44.78684323640412
3865,0.16978692687200234,0.011031300170372264,-0.24928722550963267,0.07954454414535739,0.18357069909915932,43.900270127985564
3866,0.16392803415606985,0.009407260928450565,-0.23874864004717294,0.07886412924043247,0.17485297830737345,44.454412796119016
3867,0.16292131930482917,0.02728186229971018,-0.222077396424053,0.09423049591774671,0.13404066944148135,44.28378345678294
3868,0.16216327202349481,0.03094775444250673,-0.2185091086742479,0.09583892180084315,0.12583311438720807,44.133182792605886
3869,0.1648640677861324,-0.017745197811979904,-0.26265077459360553,0.0514973671046709,0.22919676389177976,42.75140803131394
3870,0.1679755205587875,-0.03243665314360242,-0.30582733806912943,0.03365712857172541,0.2990676873333569,42.821868440729304
3871,0.1577029964601235,-0.053618836719312384,-0.32487254577874813,0.013216639565037703,0.34756254511944434,42.38784511778634
3872,0.15157050470686037,-0.0756692869745001,-0.2884312463566007,0.0019399109692808945,0.3331317082285869,42.02885782143893
3873,0.1591164925332168,-0.057661360057674534,-0.2675176658172716,0.019163742885418448,0.2893820606804605,42.84132618631645
3874,0.15981089940083304,-0.05550770149536187,-0.25667277853661113,0.022043072963204353,0.27443455548876633,42.864338037052654
3875,0.16183315211186183,-0.036394142112631485,-0.2604692385690753,0.03697425351255916,0.2554580156510632,43.29052715487472
3876,0.1584375286415196,-0.06697917584373324,-0.28615456476441054,0.007744003475257113,0.3221412444335355,42.287308358908604
3877,0.1506233728701525,-0.05581438395724735,-0.23693279165816536,0.020740697818648672,0.2599208776541393,42.41691769395415
3878,0.15709269894927838,-0.04273747996631291,-0.2478083541230341,0.03266504198053418,0.2502094683322544,42.89279057656243
3879,0.14874313206697853,-0.07390055158547502,-0.2606974061481651,0.0030142590764301196,0.306374808233318,42.24610086150619
3880,0.14223210519444648,-0.058518152582620206,-0.2209897651058783,0.017325684983840167,0.2520149660282069,42.37076324153706
3881,0.16168849382932746,-0.02991101009882998,-0.24835746336557524,0.0383165485837124,0.24151502768045713,43.23187281131075
3882,0.16415233566876122,-0.02214094407573669,-0.2458521425843821,0.046370211915394345,0.22691696152291266,43.347267266874205
3883,0.15042520110005034,-0.026019791455088682,-0.23597848396569746,0.0442118730568112,0.22083344474690034,43.156042816214736
3884,0.14487200582841797,-0.03606887276783198,-0.20245932378092407,0.03868928927149252,0.19986399631515092,42.55213103975381
3885,0.15282349800971506,-0.05883616427369069,-0.2363971131999638,0.01973916971436894,0.2602778273012778,42.52855717716766
3886,0.1498938116920809,-0.06081524614970858,-0.22805996921500687,0.02073023415955547,0.25176089281590586,42.361531920419296
3887,0.15324705756177473,-0.07380077051628851,-0.26106593821865526,0.004649092466516702,0.2998385279463619,42.311565913458324
3888,0.1609820820066234,-0.06126158335969598,-0.276887340058072,0.00816463620210416,0.3013857775005802,42.85945305435242
3889,0.16040661516706534,-0.015945826356621316,-0.26063048231028363,0.04294480023194596,0.23576682578373637,44.38716629194727
3890,0.1614935918383769,-0.013090434740968304,-0.23237851334867807,0.0557158602782168,0.19534424488520144,44.229357451990474
3891,0.1559689156704199,0.0036372469186447625,-0.20762753664770453,0.0731375711556164,0.14416432103190788,44.845426465255755
3892,0.1545802248712755,0.026315773045243178,-0.22214570648779905,0.08063863174032851,0.1402096037611628,46.74245033495192
3893,0.14612605497495354,0.030501850773663228,-0.22778604721854903,0.0800897305052796,0.1463191153165181,47.47325152477355
3894,0.1421393970697027,0.01263517206165261,-0.22326932375550226,0.07067620402086021,0.16022164114114953,45.937322960867334
3895,0.15753397064820626,-0.008242082332395784,-0.2533482720848267,0.054080002985269666,0.21464277050205557,44.504882229491315
3896,0.16201942855458024,-0.03067988209003328,-0.2559209705644596,0.03605091258081791,0.24568438220475272,44.49161687002159
3897,0.14772895300548206,-0.07122038558062677,-0.2739277492141282,0.0024299572522308993,0.3123084064217059,43.46588172776799
3898,0.15493473510828912,-0.043086215049293206,-0.266098035071642,0.02477974077590223,0.2714611591035285,43.79649114640059
3899,0.15085869950402075,-0.0839026358260579,-0.28169110485607446,-0.011304305071037276,0.3369238692826579,44.05824605940556
3900,0.14688840430586625,0.013877673574463841,-0.22686127403676337,0.06645328113342791,0.16881193906492453,44.51228891177887
3901,0.15266858244312462,0.0320191958234859,-0.23223448083820292,0.07821991746419472,0.15187221745619345,44.888818244687776
3902,0.14417699824040242,-0.023345038766632912,-0.25406371926777427,0.037019120464424494,0.23974511690995984,44.165682836977076
3903,0.14288158577317228,-0.02902683757223628,-0.24424710951626535,0.03360591584924208,0.23633982170411266,44.06184865007597
3904,0.1594633334017639,0.030379230682847376,-0.2592126642684163,0.06254333631257546,0.19697008234525273,45.3878173084317
3905,0.16139716161264347,0.03014943160798169,-0.255590009200852,0.06363736284149948,0.19191687468359095,45.90026939040487
3906,0.14499699862702262,-0.04048960517571317,-0.26470254190676834,0.01617308373966324,0.2837625082587568,44.424220297611186
3907,0.13149137227373495,-0.08316276060946223,-0.2292819956062024,-0.00884540409557876,0.2943363655614182,42.109855593609794
3908,0.13487928887793554,-0.08332791550874187,-0.22960462545347404,-0.01000034854911248,0.3012842098930295,41.427541201203724
3909,0.12971134984573215,-0.09719338967891633,-0.21119725015938967,-0.02402470916693907,0.3003156428167461,40.29349991021647
3910,0.1441267465990607,-0.07243187401323281,-0.25351905652465423,-0.008022143245311305,0.307468371952817,42.11747011529
3911,0.15138366325310917,-0.029725393149930338,-0.28782792198392765,0.03007611051726506,0.27930100289131016,43.45777764946477
3912,0.15897592801383417,0.037012309520373605,-0.21797467511195995,0.08611702280921471,0.12573622329448292,45.968854907882296
3913,0.16672660651537738,0.052267725315334065,-0.21421954159006434,0.09387411971031091,0.10867840203315654,46.44716818085864
3914,0.16431410933333504,0.043631443263392564,-0.19679367824956273,0.09169790843937177,0.09772395397047819,46.05212625163961
3915,0.1712291280113205,0.016335931309939027,-0.22130175023140955,0.07402772061272515,0.15231340069380078,44.73549337879342
3916,0.1680178352212354,0.017562332699463327,-0.2009007914284703,0.07542257191816273,0.1307394888422647,44.1549822498013
3917,0.16728114467126248,0.013831784807880602,-0.2034250518030581,0.07174253236291216,0.14019911804653146,43.707307850809215
3918,0.15903315177371183,0.0028325042236899407,-0.19256188592217655,0.06404230255004104,0.14253760565543686,43.82826618704626
3919,0.169227013955025,0.02162576024758352,-0.1996133899748387,0.08000315621806009,0.12287516185369397,44.66347577308864
3920,0.1762848867114982,0.007050829112042248,-0.2542156738833181,0.06575343117252291,0.1941697461026159,46.48920553352541
3921,0.1748363391725124,-0.024926787072625713,-0.2742618661124261,0.037049694950640207,0.25707227452372833,45.65766576925171
3922,0.16915480813679354,-0.03506559498412294,-0.2568240526686726,0.03461704090502637,0.2505343464142046,44.39870239702795
3923,0.18673454044936005,-0.04036268035660592,-0.2753753485118582,0.026754634458868963,0.2792524875840932,45.11032154255558
3924,0.17206357040856285,-0.049182916017247835,-0.26499199178642535,0.025438976636211353,0.2725670252055332,43.641868212401555
3925,0.16077319191229536,-0.04593787709620622,-0.23445669110838344,0.030893097098899078,0.2388194345426371,43.14675647888406
3926,0.19113779730632063,0.03447562688683979,-0.3292275957640555,0.09951113883775553,0.2277426153959206,47.38200162527024
3927,0.17646607330025213,-0.018077540892836214,-0.31323760539418705,0.058959666207008876,0.2787686059661195,44.54989181876381
3928,0.171501751734066,-0.06640701916911777,-0.3392289416397013,0.014460077337527376,0.3640052167366502,42.96038425935743
3929,0.17730721454900622,-0.048673007847770275,-0.3284640075001543,0.03226075866099913,0.3262400994996179,44.036004655568405
3930,0.1854821456902829,0.00986947457948527,-0.30367668078079685,0.08695433036172803,0.22434373299305632,45.40407026572564
3931,0.17666801479217265,0.017390399420901474,-0.3524625601724205,0.08379200682369646,0.2750285769395367,47.31291166156183
3932,0.1766071516425712,0.009782581665587852,-0.3081666112588891,0.08220490044983512,0.24009110440972756,47.814436158603726
3933,0.16935059256131466,0.004186367343741588,-0.33718425035288996,0.07750273411527552,0.27285574178885214,46.65103122166908
3934,0.19254619120984864,0.014894097618167743,-0.35145618569560033,0.08449937779109086,0.26127748013631424,45.81186061729622
3935,0.17904132576432996,0.01443404920506046,-0.3102105792535057,0.08505225006779008,0.2341014024931456,45.36897482850863
3936,0.18249322687472455,0.013139022095963475,-0.3364233426056529,0.07972685863413534,0.2646512034921428,45.81315608257033
3937,0.19712129775898637,0.025961585640852314,-0.3621971774431655,0.0899672202416599,0.26644471354172494,46.9879977994529
3938,0.1768197131057928,-0.006583738313751846,-0.35124989543649876,0.05819309494576954,0.3206612752427311,45.630106446459756
3939,0.1849486275788164,0.04451598478799803,-0.33760851217657956,0.09351753249758663,0.23795733338083566,47.618996131655756
3940,0.1734356102169779,-0.014697342423672552,-0.3242690717975196,0.04805498424454016,0.30142906351055876,44.63901088406403
3941,0.17784787148109055,-0.10260795591018101,-0.35775164363866346,-0.025862227535667727,0.4119985301845211,43.03810644013815
3942,0.20213473732806744,0.0584977279876641,-0.3435128695238901,0.11649387310697427,0.20819081922764154,47.01420561560514
3943,0.1944603549056251,0.042279827265762036,-0.3590894226157479,0.09979337677294921,0.251591577011643,46.09326582368923
3944,0.18108430353126204,0.02039670728089396,-0.2911397191342826,0.0876602213878837,0.21047998245503421,45.67846090844434
3945,0.18903027071532028,0.05558247762014588,-0.33111901154668555,0.10800501187338091,0.21066548111594188,47.32481186145069
3946,0.19343782344182464,0.05213034974425422,-0.3664165623582229,0.09976669122680921,0.2465387131983415,46.977256155756166
3947,0.18593135244035874,-0.14991449919707153,-0.36580629938721276,-0.07111839084891264,0.490396586528158,39.942557321739024
3948,0.2002612884889433,-0.04454930705597965,-0.32951651401697984,0.012936081064193652,0.3437271333910724,42.89792301619146
3949,0.1691073468505266,-0.1615792373033065,-0.36279193960991785,-0.07957966700596895,0.49917295401998524,39.35100664597986
3950,0.15859583068721092,-0.013951935239083639,-0.34302376188943484,0.05031645198846923,0.31315402145237137,44.31267381646297
3951,0.16050378230500176,-0.01704336279056125,-0.264368372349176,0.0553206586131889,0.2367022467378639,43.57036543682711
3952,0.17527089320437117,0.03967595089821753,-0.2531246667058972,0.09338710078751011,0.1609417847962907,46.05405338913639
3953,0.16592627612854113,0.03309147197556359,-0.21289843442327713,0.09856971081257633,0.11868073026159065,44.82703294421594
3954,0.16055926247458344,0.02735474846221134,-0.21439535840608914,0.09314932242158602,0.12631128435685718,44.508222922214884
3955,0.16098771438547868,0.029973575130812502,-0.2104646433466769,0.09568515476176297,0.11694348363000576,44.584515255270325
3956,0.1604633319034745,0.022926399643277594,-0.19780343537833361,0.0922772377409881,0.11405291276152305,44.65083208541765
3957,0.15303569856837979,0.008699677555865825,-0.19198627488553913,0.0808905019085746,0.12890470229962786,44.057170841710736
3958,0.15727331458852808,-0.06393034138331986,-0.2619663645230872,0.017803513086564495,0.29107123961717285,42.86183932131288
3959,0.16225371417502618,-0.05130974632395775,-0.2698229515169621,0.025304437740932526,0.2838278349968412,43.226749537923396
3960,0.18453834424128862,-0.019088463228296635,-0.2916082604555656,0.04473109597749405,0.26969208688428137,44.57662072498356
3961,0.156709291236642,-0.06548306721019004,-0.26271485132690275,0.011579165679824602,0.294695152779428,42.6396351141328
3962,0.15288695427568258,-0.0977996019933516,-0.28910465761002113,-0.01735790652967352,0.36224408168842087,42.04800581423956
3963,0.16033023697404522,-0.031059566411917653,-0.24913735994657116,0.03963181334494886,0.2410154076572066,43.7399016475324
3964,0.1632191860556147,-0.05248638060627912,-0.2678479806675042,0.02188788076912135,0.28443769889388854,43.049168479804266
3965,0.15760738824094733,-0.054546263591544415,-0.2633239614222181,0.018881056635778038,0.2871340690699919,43.550193402296266
3966,0.1587697662586257,-0.043392997386352154,-0.2580884149411973,0.028703309860384222,0.26438159244957643,43.605324527234785
3967,0.16340209205641962,-0.04753959703715298,-0.2687556543120586,0.0236883769000485,0.2808788392413859,43.433227481544115
3968,0.16097480457925323,-0.015236528010955326,-0.23211913131904505,0.051526153753630066,0.20518637355706967,43.74608395139564
3969,0.16078420738719787,-0.07640454359315994,-0.28039062547770516,-0.0005598110186005258,0.3286464940230723,42.77509313371746
3970,0.1452972207587018,-0.07036308877159225,-0.2406189972195101,0.00795631762127998,0.2827739263363183,42.30749085585476
3971,0.14975989617175162,-0.04259395900259442,-0.21977574044308856,0.03292301007058662,0.2278980986547854,42.63441311242459
3972,0.14997873726928584,-0.05466833807386344,-0.2184225081165925,0.023792545401922206,0.24098875445815948,41.90887172590388
3973,0.14488476407020437,-0.08246023386152403,-0.2388380287528492,-0.0004468109214282544,0.29220080927729974,41.222293542901625
3974,0.1454870712978958,-0.10482290128846775,-0.27967708345533737,-0.024138505434345217,0.3589619142182628,41.569548927646636
3975,0.1857832120669326,-0.06386636128128645,-0.36059059804032945,0.005875807667256026,0.37989101085854965,44.19829644724176
3976,0.18357828618975855,-0.019501203683348078,-0.3092206129800707,0.03798291746192303,0.28502677729287745,45.49112072690867
3977,0.14667381966614781,-0.004440328707821434,-0.23876021538867734,0.060310715015488334,0.19001358316829745,46.95535454985094
3978,0.14830824882083118,-0.005008320193218903,-0.24156745667452273,0.0578472714977496,0.19601974357860127,45.89083877672133
3979,0.151787878402196,-0.04048780458027747,-0.2555840440774089,0.028235713076876834,0.25389081691572646,44.70883506358197
3980,0.1553594252448634,-0.059745148854751205,-0.2605431288490984,0.01340239771544647,0.285657350192446,43.31713962768448
3981,0.14913587027800215,-0.06156823620519791,-0.24561047629358793,0.014290064688032995,0.27385025686413944,43.14407580469813
3982,0.149917300054404,-0.0811402376266467,-0.24531515269097487,-0.000443328701086463,0.29441530460691184,42.205537233454486
3983,0.148159790781687,-0.057694990529109834,-0.2296772220880053,0.019010399837307592,0.2503902083967433,42.70495443588511
3984,0.1538607643891877,-0.057240118787636365,-0.2530239984230569,0.0146449518096499,0.2762007293351348,43.31827954302102
3985,0.15120524839090044,-0.037556252050713196,-0.26449880616900195,0.02817048836885582,0.2631640857751873,44.58479893782923
3986,0.15289673572289217,-0.017629468157294492,-0.2548418848112183,0.04110020916841765,0.2353403435780444,44.3360296233871
3987,0.14293776777319403,-0.060454489340790334,-0.2792257617873053,0.004576674540214114,0.3146392057082489,43.103303098640446
3988,0.1500990080125517,-0.06732890578734939,-0.2747501390223024,0.0004792010118271278,0.3209077381677231,42.96587297015955
3989,0.1449075942001563,-0.09165932071221745,-0.271782031552585,-0.01664100372852381,0.34078096780697514,42.908370709829164
3990,0.14844220295381363,-0.08065848710501057,-0.300642424932596,-0.011093664234351045,0.36157155513406136,42.99036063275989
3991,0.14295950998927426,-0.035445476460112285,-0.2380917803578714,0.027679494959166388,0.24700706382228496,44.747167839074436
3992,0.13897112320057348,-0.05520539679651169,-0.22921053466319632,0.017485154176617466,0.25796197777142277,43.565947914682084
3993,0.13065233366741508,-0.1077484457836531,-0.2281177608916469,-0.03085061044104215,0.329317750153739,40.20352753315811
3994,0.15542003859159292,-0.1018767527842035,-0.35112991251879655,-0.03495586034975487,0.4292842715325895,43.2033285480067
3995,0.1470094130973093,-0.10191577197236718,-0.33978903577977676,-0.034384073144958574,0.4195128251137792,42.276269842069176
3996,0.15681611156553107,-0.0457034476807269,-0.28164650503160243,0.019456479224303148,0.2904366756811086,44.397542058885705
3997,0.1613779988578841,0.013998678785430114,-0.25298368042525876,0.06780138076161152,0.18760478095428365,44.92676887902853
3998,0.1566758670783779,0.02097517908718919,-0.2285493297510026,0.07436864556048857,0.1540263224628891,45.18790080205553
3999,0.1546757343769192,0.026710902357958314,-0.20178929988625563,0.0809735732405299,0.12103085764491556,45.24591369600493
4000,0.15928513026335886,0.028957759397502333,-0.19790506375727193,0.08243387327292849,0.11401379984973574,45.940307642263775
4001,0.1644768364234709,0.02056903999322199,-0.2120867671940294,0.07597706679593758,0.13728057933239102,45.00542031566753
4002,0.1644465074696499,-0.0359766150376533,-0.2443254142878795,0.028465449727024954,0.2419571209133902,43.299880896136905
4003,0.1589555031991999,0.0006111611908974996,-0.2047536880091724,0.06166694580320318,0.15873079806077592,43.62673569463921
4004,0.1672214641595952,0.014544779578919826,-0.2024505791218357,0.07286249784020163,0.137926320392305,43.790183466330504
4005,0.16991831888965211,0.024912724066088097,-0.20787578412400431,0.08042017582760182,0.13079484676758568,44.208758564998654
4006,0.1685413119332784,0.028675519570657722,-0.20059809378555796,0.08345187832449458,0.11856011762500779,44.378973389097276
4007,0.16422943791265332,-0.020285893212511216,-0.2215532621399433,0.04771834345280927,0.19653421798700843,44.45938065961997
4008,0.16073098024927565,-0.0548931101534704,-0.24498578512649316,0.018152228899008086,0.26800738255140855,44.730204536793494
4009,0.1586334985572836,-0.07376814884511819,-0.24451332545809568,0.005688556454402935,0.2859223094537048,43.72406862510263
4010,0.16211559899960118,-0.06873109324970246,-0.27811827030663494,0.005519972898008448,0.31184944358684275,43.05189586900129
4011,0.16652709561983603,-0.04689806820992134,-0.24165237604635778,0.02699324075440039,0.24895891134930614,43.10609669037165
4012,0.1905970528627506,0.028774047871179535,-0.3348544104160324,0.0974962278076424,0.23139483150968002,46.286666605324186
4013,0.16447475374784606,-0.02686535511254789,-0.3113922091490719,0.053992987074511486,0.28805274423398886,46.51081218032062
4014,0.1776667843953571,-0.004216189950242948,-0.32249524409078073,0.07374537047204366,0.26336848804727814,46.939682474631624
4015,0.19410958250764393,0.04363742572214455,-0.3241734800506632,0.10816050390004889,0.20683242216632824,46.79375375833876
4016,0.192410252244185,0.05918716948979928,-0.3436516449672034,0.12196041692092714,0.2042501330694901,48.3456572465702
4017,0.195532465597428,0.048109481427087174,-0.3572188994129048,0.10712744675227756,0.23804308549994416,47.45727023678644
4018,0.19036276266282223,0.04093702419106274,-0.36229407493185145,0.10167627812235874,0.2525663985175699,47.13533286240151
4019,0.19088739539666627,0.07012477257095355,-0.35579105893907054,0.12321361444463452,0.21089692963716974,48.50469842773428
4020,0.1875630359560956,0.044621420343802155,-0.32275882184199584,0.10173245402575276,0.21478292909582397,46.99702287708052
4021,0.18166848966158927,0.0225458592939125,-0.2829652239681397,0.0838433330477264,0.20789562420801863,46.02487268523136
4022,0.1822792272205176,0.05338755718108478,-0.3574814828471544,0.10249108821777475,0.24447664412954417,48.42550188660574
4023,0.1991270761801684,0.07812121287401268,-0.3333280568952253,0.1305599404611098,0.17504340372510732,48.744555405731695
4024,0.2078647063312359,0.06204491707944893,-0.3382080129839955,0.12034876330091292,0.1908797570802898,47.90341257159284
4025,0.19775880018257108,0.05685349846288026,-0.34988919655838124,0.10838767262296714,0.2250622031026554,47.53513063198558
4026,0.198552598799142,0.06690094105940375,-0.32833540805722466,0.11113604657340052,0.20140988780429026,47.23721566457516
4027,0.19118340547654528,0.06831838565380353,-0.3404716631764014,0.11183335747366369,0.21042790075390985,47.843444506641006
4028,0.2034394493034515,0.06626483242747296,-0.3537562394695447,0.09010419952567426,0.2500228482028983,47.26621222732956
4029,0.19153544966937872,0.03537710532160856,-0.33569749977389346,0.07708234916027527,0.2585802356244645,45.70467816800729
4030,0.1895584955429925,-0.0013830240996859488,-0.3226487785801014,0.05570203159478914,0.27595425572677285,43.90456449364427
4031,0.18467511320029384,-0.0033861929893686847,-0.2862353135126872,0.049295195911506946,0.25594672793984585,44.75243984257985
4032,0.1696629927154391,-0.026098538438754152,-0.284657835552897,0.04070931175720014,0.2767790600352282,43.661772202848894
4033,0.19025355875177388,0.0525576242730016,-0.270687051995412,0.10416800989683903,0.15542163607563247,46.98598492179551
4034,0.17267046590166868,0.050661983968179836,-0.25650763172491964,0.10024991851736673,0.15056303440814153,46.972095497927455
4035,0.1688762815135652,0.04259733204976889,-0.23681667604313947,0.09622766618292569,0.14048163474810568,46.906061300125046
4036,0.16584502655362052,0.024898937442718587,-0.21666502080992905,0.0896969080721225,0.13356482746120454,45.43216692743211
4037,0.16016601346043277,0.02195803001218722,-0.1957552133128492,0.09253504624519815,0.11230144658952677,45.123094492714024
4038,0.15084515313746719,0.013774330513998878,-0.20089321849100095,0.08263610831907076,0.1307790962690262,44.53992151319837
4039,0.16467116989529892,-0.025144123633844113,-0.2727129683131431,0.04458641170673381,0.25354632409307504,44.2673022257546
4040,0.1689024313775206,-0.030809623191986643,-0.25799090965788896,0.041799434145331105,0.24380595331899768,43.60744160856983
4041,0.16114499592538573,-0.03953100177365678,-0.25324745965809553,0.033971019059048396,0.2537669809075738,43.532901352045705
4042,0.15381170583913406,-0.09188827781997241,-0.30018406003970793,-0.01565893084357685,0.3676903267144154,42.24647426040641
4043,0.16129188133376254,-0.05872162823058608,-0.2723140196883631,0.01480924630288864,0.2976917220080978,43.3018455511167
4044,0.156980491551137,-0.03976904055567005,-0.2433126050454712,0.03331134692874257,0.24755122315774084,44.09081625485236
4045,0.16475827114907995,-0.03873019198723515,-0.26285254135643765,0.03410679587259752,0.2610834920714322,43.67305025127345
4046,0.15356097832358248,-0.04082463777124324,-0.2513733594396396,0.03345744590737017,0.2528141635819186,43.79027837901197
4047,0.1582982119889034,-0.023762330515340564,-0.2508518339282972,0.04650564831966581,0.22949617433478264,43.73405593028499
4048,0.16515112340408797,0.005144144242180235,-0.23816237266952192,0.06822632365576033,0.1817408013284073,44.91253716169643
4049,0.16259676900546693,-0.04737184259995017,-0.27175854343249006,0.02242458144637694,0.2820464613734565,43.87169642670865
4050,0.16364119775163957,-0.014433799746499859,-0.2277627160569331,0.05259277627295963,0.19948254716366814,43.986422544840856
4051,0.1620125939943467,-0.011398896797106572,-0.2347864387909949,0.053786211246273745,0.20474468846511773,43.701152093047014
4052,0.155038685544928,-0.014606560687245718,-0.23743430094830156,0.0501363931825327,0.21356723628264435,44.29878232321254
4053,0.15241452190928662,-0.07037976666014584,-0.2665252284609938,0.004896358138978628,0.3074628358155476,43.06306598086005
4054,0.15469138518312978,-0.059646114239611886,-0.2716290978908122,0.010105213838258693,0.30102067858926196,43.170308515684965
4055,0.16124070169039975,-0.012489052228533462,-0.2514496168385496,0.052528638358326434,0.21548454080663312,44.7102909871601
4056,0.15168003051353823,-0.01770433710057497,-0.24076955315504275,0.04701985479933851,0.21481865029250707,44.63114237590315
4057,0.14839025773551429,-0.023051777782377086,-0.22679004607938655,0.04651321339072659,0.20408993897418534,44.11084057196399
4058,0.15271567360927749,-0.014557522548646411,-0.22566723484261286,0.05095943141996836,0.1945378335628155,44.503071154852826
4059,0.15282941140666595,-0.03321851069194425,-0.24327290900703583,0.03127316344991653,0.23714771254911624,44.829252536133
4060,0.15916821388560456,0.007019714288994565,-0.21741342698211788,0.06667556251643808,0.16093364504381294,44.482715726173296
4061,0.16188665730827967,0.012770106698162685,-0.19529870374152122,0.07593536229036243,0.12847348976439113,43.902879225291954
4062,0.14906094797544037,-0.10353465477531308,-0.257747575111479,-0.02424094219518773,0.33593834627340574,41.877771025098056
4063,0.14271079392526057,-0.13254470594086448,-0.2973167608777846,-0.051786178631386404,0.41310632074047693,40.8833850024264
4064,0.14158526447262168,-0.11592080914958214,-0.27797212474532823,-0.03613649701012831,0.37427651535053624,41.722712698510314
4065,0.1466392194856141,-0.13486333015590787,-0.30971498936185415,-0.05614662717271651,0.4278527629723909,40.79835394658556
4066,0.15216188038154665,-0.03262809094444614,-0.2547506698064251,0.03374997768344952,0.2472491344266662,43.21265064902035
4067,0.14606251874536677,-0.011010388525539212,-0.21938035465454325,0.05413563502575589,0.18398971659732566,43.52942449674013
4068,0.1368742061324499,-0.10694400711325597,-0.32414731985961187,-0.040995226268463025,0.4267614717704979,40.39680414299733
4069,0.14693828276638915,-0.17679117035276207,-0.30059837621288465,-0.09580019751993357,0.4751715820448798,39.25384525340845
4070,0.1599469252899095,-0.10208185723086069,-0.2894409328519563,-0.027084689465185954,0.3721508594202352,41.33259241228138
4071,0.1606807810515924,-0.07642765937137778,-0.2785761357685258,-0.004383980677419686,0.33242267516339735,42.44014171340639
4072,0.1420675714192263,-0.12132848470723813,-0.2821730218007299,-0.044185422793241745,0.396697356247904,41.48066240464965
4073,0.12978773419933454,-0.06932764124445077,-0.1786771291168741,0.005153897099806084,0.23380090389225364,41.52436703429363
4074,0.15815512615976818,-0.052298591861063407,-0.3125198997753719,0.010510896481830555,0.3346454042220205,44.14638866743321
4075,0.15431736443174304,-0.043799811294424534,-0.2976206499590121,0.015140491632494093,0.31207665522122585,44.79162255949362
4076,0.164930089515517,-0.008859664715388963,-0.26668766488965395,0.04934814160192692,0.2329673478109586,45.979474553571386
4077,0.17562208268003465,-0.028175211126633196,-0.2819271468245392,0.03807202561954998,0.265459175014587,44.637037173219255
4078,0.1675933700756179,0.029881552101050233,-0.22193223884176452,0.08630079372430532,0.12915611591143986,44.8591570894632
4079,0.16992447473064856,0.026043555328122133,-0.23793127251971213,0.08290542363669526,0.14728253238805275,45.50250155432833
4080,0.14930474574540625,0.0007360751972868383,-0.20932708393637287,0.06180688491900538,0.16270240712896414,45.042949596447414
4081,0.1435451498283491,-0.018083421204184172,-0.2317831713960839,0.0450154395789312,0.20897990847369213,45.709474542090554
4082,0.14469436841725525,-0.02781141693359352,-0.23649553038983012,0.038664867719599635,0.2230838660902555,44.89009788130866
4083,0.15439457102637777,-0.010931457653463213,-0.24980589216089197,0.046181613493529304,0.2222381780767649,45.29607889716653
4084,0.15467999869981117,-0.014883203154146265,-0.22733353572272433,0.04796642942281201,0.20219756225006214,44.5524756272437
4085,0.15973076643325163,0.006711299401828238,-0.22575419653345738,0.06348352756634683,0.17383385231298198,44.71899682110357
4086,0.16232474422278614,-0.004074718855313926,-0.22794903623308188,0.05457756662758093,0.18818961572837867,44.2995911632272
4087,0.16289008626809165,-0.013264656963418053,-0.23823085020761808,0.050524891703501856,0.20329015652380106,44.45667386166417
4088,0.15741571043557046,-0.032377248519567546,-0.2249268161688014,0.03921131678727093,0.21235189451537084,44.74415546054859
4089,0.1542498329226578,-0.04254235326086687,-0.21265003549246256,0.03375987213453221,0.21520075333845237,45.14379133872442
4090,0.15869574545285936,-0.04586092465632454,-0.23649883257099152,0.029376782278969702,0.24293424827994972,44.50905849377971
4091,0.15817438592254737,-0.05024128361104722,-0.2733515425338053,0.021445397893535684,0.28431157998407064,43.97522999141654
4092,0.1552559097762111,-0.05135503488346719,-0.2308410126454881,0.025078835723740627,0.24474126950872416,43.14747232468613
4093,0.1511048218613578,-0.03231533502038383,-0.23019511601092219,0.04032502989947235,0.2215744391156003,44.46026887124452
4094,0.2122049636228988,0.06161955778360574,-0.3091321275236057,0.12536485030368302,0.16243394949995185,47.33875454468107
4095,0.20080880437516002,0.04418522903902031,-0.30845099461505937,0.10991324952822012,0.18915180490031444,47.457493718051545
4096,0.19983349907826384,0.03991094833172639,-0.2935187069954824,0.10822592873998385,0.18010947346051062,48.01575544224038
4097,0.19187793065328887,0.025724621945385613,-0.30025842211657294,0.09584763985667173,0.20636155229273057,46.79099913639599
4098,0.1608023542787458,-0.013047880864819299,-0.32919670664586487,0.056898810357139874,0.2956871935245602,46.153599881285416
4099,0.14168976686822646,0.005661592193968855,-0.31201273609119623,0.06963780444272898,0.26751248263625044,47.25895708567326
4100,0.1707910378155476,0.021054265620867756,-0.34750516407410104,0.07992501544065016,0.2766500891853841,45.32586689933383
4101,0.18854969650333267,0.05754355293366616,-0.36021158067762776,0.11306560137873992,0.23405063936166412,47.771055737945176
4102,0.18724081843802184,0.05062176053953203,-0.3570515557738974,0.10761857124742727,0.23836657849598228,47.242669685298026
4103,0.18136045556698088,0.038714156847023326,-0.31846692589466474,0.09533141945500621,0.2240938799871921,47.208181700175444
4104,0.19560366002976382,0.0668640133499829,-0.37842031134580295,0.11640636336023753,0.24504400871751483,49.68032996181353
4105,0.18878827582977573,0.07034029142859231,-0.35232232202998065,0.12104147082103736,0.21072394341338044,49.51749828699021
4106,0.20809307175321412,0.06897025670277664,-0.31929110896726526,0.11711362436148574,0.1792127084276366,49.09424610935947
4107,0.204039368464461,0.06591945032063744,-0.3096739587373399,0.10177378631767149,0.19793769744499792,48.17657793025662
4108,0.20310303047157593,0.07223469611394896,-0.2961255351761604,0.11119375363882734,0.17115959439806078,47.60783349938446
4109,0.1824430403083219,0.029071134492802783,-0.2601802874025551,0.08719616528177836,0.18529210518721698,46.024249116159694
4110,0.19261060431004726,0.04759873678429821,-0.26427734294943445,0.0981841065755983,0.16513177191571446,46.60742397870629
4111,0.1944220604281123,0.0476604476072695,-0.2998961424694657,0.0862334448900927,0.21073348429211533,46.67070403418431
4112,0.19035333725358505,0.05719071619403796,-0.2652967707166839,0.09929678027958395,0.1610624856641426,46.25167609037852
4113,0.20172679892590803,0.0740589389239705,-0.28725676149784674,0.0963141557895603,0.17654880976469275,46.99771096158588
4114,0.17461915340515904,0.04292245014345362,-0.22819752540427324,0.10139339111201078,0.12735418403649804,45.714459686614745
4115,0.16904813823877426,0.023483359993618738,-0.23367800368890354,0.08861520261688786,0.15548283438132515,45.85781657302124
4116,0.17364946370383946,0.038647183707508886,-0.22633554143990753,0.09848132831608566,0.13087114562472843,45.88231737993913
4117,0.1649213954346721,0.03770104571984961,-0.23090257343672085,0.09346426388927329,0.14023955663348855,46.52314999953316
4118,0.16267412837634573,0.01719514725960716,-0.2183741069544131,0.08511556008024793,0.14628474411379735,45.57166073261541
4119,0.16487320235939898,-0.004548509760185086,-0.24582637767413004,0.0636545515073484,0.19661925707031136,45.38315773444244
4120,0.15202793503086492,-0.02046711344944085,-0.2470346662435998,0.05105141220814641,0.21935921665812436,43.75330288807208
4121,0.16433972386709877,-0.023426295912399066,-0.27026862957097647,0.04836863846707384,0.24862345943667,44.56890589435053
4122,0.16788489046292246,-0.03408481506499919,-0.2629095711711875,0.03960520888385828,0.25408015475660584,43.89513456462263
4123,0.16374132536933933,-0.02195049233889915,-0.2510950960765434,0.046854210253898874,0.22962231418257217,44.451063320605115
4124,0.1490924351306533,-0.04896979662915239,-0.24865628266303072,0.027531321749287855,0.26207236182019505,44.67245244476472
4125,0.15685776781055108,-0.03729996084967957,-0.25291053329449853,0.03586369843726872,0.25296492446741264,43.57490846587583
4126,0.15496858765716784,-0.06226740765710697,-0.2746755074467332,0.011901020041221639,0.3064722635532104,43.55196199267975
4127,0.15844097900113177,-0.037268522613898125,-0.24133380585174144,0.03428282064421475,0.24455729930032952,43.78938302004003
4128,0.15212400659877906,-0.06694720556012662,-0.26567533214479094,0.007924781924508257,0.3032647294291318,43.99910125257332
4129,0.15236029149191105,-0.05435845828213977,-0.2834738864189468,0.017234343172177573,0.3036230065320305,43.818756806362074
4130,0.1686127172848455,-0.022774476758583698,-0.29299485902278,0.0426357248343549,0.27175417446843275,45.445816306539186
4131,0.17264044870505377,-0.020536869220992127,-0.27498233420378093,0.04566874076348708,0.246992156587312,45.82301415448383
4132,0.15778316301895434,-0.05934562283279462,-0.2906917674115679,0.011554917594832759,0.31346305539967795,44.55243701230851
4133,0.16688250268636057,-0.04363611491263021,-0.3008333831220169,0.02052265363264548,0.3081212090175391,45.151160284854356
4134,0.15081974538342985,-0.05823856447107227,-0.27699531697017354,0.012707058765920312,0.3013350271068043,44.394535795625764
4135,0.1454368596749381,-0.07455137317731801,-0.30109306784636697,-0.007641574009560606,0.3519603973763056,43.57314324463217
4136,0.1692190111458443,0.00287478052468636,-0.3033427179603684,0.054779714602934716,0.25244893452948947,44.70144773355569
4137,0.16220479264262974,-0.03300524973962609,-0.27470615615380894,0.030547470974439363,0.26655825289244617,43.43005842616829
4138,0.158997039466329,0.03246093839241185,-0.2009530541880172,0.0887523160027639,0.11231512235517932,44.15688429633898
4139,0.15943684111079257,0.01463776602599859,-0.20064122644519525,0.07642245382190165,0.13249363529194447,43.68127623800001
4140,0.15314691934235125,-0.000985538376649379,-0.2119674880969962,0.06359636773951256,0.1648764561485373,43.4207913466387
4141,0.1485716759858289,-0.0808070494335191,-0.2663144489310014,-0.005139907901713999,0.3151565708898438,42.098099061117864
4142,0.15478047713427676,-0.05922831216739597,-0.28865594912234743,0.0106867058737907,0.31229360334143286,42.36492193135035
4143,0.155466164042098,-0.014794684000881715,-0.20794604824178942,0.054543826039058836,0.17511308039649173,42.73917796155179
4144,0.16410999283706065,-0.06386607847071128,-0.28317241210493116,0.005933751043937975,0.3092677551279254,41.93987958148664
4145,0.15234099625321917,-0.11164244294391715,-0.3076606298987591,-0.03678470252116546,0.3977190268009678,41.61621199692529
4146,0.15781335880424494,-0.0662662655257711,-0.29555605270388685,-0.002300493420910132,0.33657553149567093,42.60073232426665
4147,0.15833250112989938,-0.06510145247990672,-0.3098388527342092,0.0001430470085290698,0.345101927642482,42.25116549293035
4148,0.1554059945279238,-0.01740272911102979,-0.24967135662473236,0.04487507416812,0.2237101661426003,43.148987750731166
4149,0.1523892722456425,-0.007202173732389923,-0.21940394858171416,0.05628571729575824,0.18192038075050063,42.950860156398605
4150,0.1498399750633625,-0.09638347964605183,-0.2644297845588824,-0.019254551192133373,0.33922299453570026,40.91336780521652
4151,0.1357081301228313,-0.1218362008656546,-0.3140184607855509,-0.05003871125523968,0.4316121294863707,40.10119757464123
4152,0.15756048788611363,-0.11823983848526382,-0.2953335150675485,-0.0430568299079912,0.39650941034788917,40.22726308700158
4153,0.15397411038930756,-0.08770980459289308,-0.272814490725698,-0.01190453918842075,0.33952469064398333,41.76143318419451
4154,0.15074217582311933,-0.06976492358870517,-0.2589228454145847,0.005613764160950428,0.3016311863018951,42.02591785701241
4155,0.12934876129178463,-0.10458885815689367,-0.20119306487830904,-0.027526023283898547,0.30451560009571316,39.9947181096132
4156,0.154522021618523,-0.12692796639210271,-0.37408843144241266,-0.06239163947485535,0.4945438666298833,40.91264481891878
4157,0.1573448060603217,-0.10659983170529985,-0.3747477886307307,-0.04409291732661971,0.47392617708821916,40.448697346501746
4158,0.1914684365734574,0.005227105047553617,-0.34874524046724686,0.06320429946676506,0.29368398343845065,44.32215600212082
4159,0.1978652676759324,-0.012057285239555867,-0.32836643257908704,0.05566687101772252,0.28663333690518705,44.69190271836616
4160,0.15918711842921626,-0.057502333507633986,-0.26441716006418986,0.015381984371991567,0.28274938441674574,42.29024213585052
4161,0.16873021926644613,-0.023780371931914356,-0.2681887952629725,0.04089080134458458,0.24620391591479476,44.850468942199996
4162,0.16026077387738497,0.01336257027824056,-0.22905631435762275,0.06889626475927177,0.1648373576800295,45.200966532954375
4163,0.15766398344665578,0.026947164466910426,-0.20698464406401448,0.0806651684658078,0.1255555917267262,44.79185062296505
4164,0.1569728157622896,0.002094141758812859,-0.22529940810215096,0.06226637967602912,0.17508013438901165,44.62551681016192
4165,0.17043696410541725,0.009629630311772637,-0.2573407917815636,0.06731696440042041,0.19554135199766995,45.663848912500555
4166,0.16819202462481805,-0.0016909317690063088,-0.21808466234459822,0.05921463120703771,0.1748557148922034,43.92518234179019
4167,0.16791480460058478,0.01941090332778155,-0.2076379014677857,0.07637330497168347,0.13612337044971126,44.79072916194792
4168,0.15945655388158442,-0.00575621607272642,-0.21546042725612463,0.05747749755328439,0.17549535101464867,44.793356873246516
4169,0.1649151819812779,0.005213652347769383,-0.21359064478422957,0.06606439080415873,0.15858404914594199,45.35806861542258
4170,0.15638804591594235,-0.022686322085838425,-0.21932017782559324,0.04538527060852413,0.19751302121021735,45.30030614039867
4171,0.1444346807332156,-0.04487067084540626,-0.21523638766345782,0.030095058785608607,0.22349125450894664,45.406491822711374
4172,0.15594993609617652,-0.05314103961033078,-0.22768282434355394,0.02359999623594738,0.2431168428692295,44.50794384911647
4173,0.15051167784394368,-0.03459877395424548,-0.23105449478818527,0.033963312069743505,0.2295574881826116,45.23783284945514
4174,0.15117132841000142,-0.014345696490908492,-0.21986510341843774,0.05256489703563529,0.192564156526669,45.98911333806246
4175,0.1479417758405912,-0.011822365221136949,-0.2304329300076004,0.055878579003488575,0.19691976670487282,45.90848473779084
4176,0.1748750613567829,0.047736454203482125,-0.2919650642881732,0.11072590765289783,0.17582533414717041,48.0338764457358
4177,0.18362260108834172,0.033019681165107645,-0.3059025326874194,0.09171669265551877,0.21872236233215042,47.34238292126383
4178,0.17001670363056753,0.019676668015595575,-0.25206022425063157,0.09554244350765513,0.17246782453921994,45.63574001389211
4179,0.1746206387734018,0.010947367752669234,-0.2823588496769013,0.08365209231493054,0.21820640713995104,45.292939057389844
4180,0.1595760335126957,0.005059850860451489,-0.32064125639429497,0.07298016457338452,0.26795473831444033,45.450503276002
4181,0.19779032529740787,0.04020846120694575,-0.3012751849184695,0.09100733642974895,0.21497018409416555,47.47997439029121
4182,0.2030496425665442,0.057074436560551195,-0.3152591156274215,0.09243137173340417,0.21917039677068342,47.50014051936963
4183,0.18052680537872295,0.009133344990259801,-0.3317027501903273,0.06646688271447955,0.28408848581292984,45.58903487545167
4184,0.16191646049643793,-0.03640664277598816,-0.37615460637236775,0.02634291998455461,0.3955499076947882,44.7873754406557
4185,0.1778566302583098,0.024046163599643854,-0.3414934060378999,0.0779098208171564,0.2721097351537176,46.92367168992993
4186,0.19393256467796122,0.07147641762934138,-0.32627052047752947,0.10134067512815408,0.21489300433998215,49.16755018748558
4187,0.18850870348790627,0.0573672980333,-0.3117330358973528,0.0995738537184069,0.20710802195459574,48.44763065056624
4188,0.19850735595370184,0.05531188747016894,-0.29577309649136657,0.10030553097157739,0.19005927899059097,47.349416801812126
4189,0.19025546438882676,0.05370313686691742,-0.28730014705264695,0.1012793029613107,0.17979664920523378,46.78861105578297
4190,0.19076698713891982,0.05463986902888628,-0.28705301661640753,0.0955369882741626,0.1876366326362795,47.838051218272
4191,0.1791863848361447,0.041109203151638775,-0.2507436829348917,0.10231794860895266,0.152545967094862,46.42635304810081
4192,0.18220116217647073,0.049116448101800186,-0.2555518562730174,0.1029824854135835,0.15373900370453328,46.56966244817295
4193,0.18254309471503635,0.05052392455639617,-0.25907611389554297,0.10179519392717225,0.15527148486464792,46.90458307367357
4194,0.18312006001539174,0.04907424180542854,-0.24495761689089418,0.10211371024316278,0.13978884054752294,46.500705386203734
4195,0.20312693030217197,0.08074463863546916,-0.2873959796113717,0.09983125115664584,0.16930673752537934,47.27518588191333
4196,0.18077075740336598,0.057711942597233945,-0.25069382889003483,0.10312482631634294,0.14268583770234614,46.00746490798176
4197,0.17158565645133164,0.04190799783402931,-0.2308402383729027,0.09970237145005076,0.13207445641424748,45.639856277890765
4198,0.16621186727178258,0.03327034458265868,-0.22133793047087733,0.09660922018386334,0.13032919539571436,45.23983941405924
4199,0.1590930712898451,0.030216851693535177,-0.2185108685348477,0.09720854562663522,0.1269938226438781,45.369745050004084
4200,0.15950333173780712,0.03614258792886998,-0.2315445059404158,0.09675223940595579,0.13786322564187697,46.170580374521734
4201,0.15246018437731362,-0.04825540650519457,-0.27620186923075063,0.02295863143868796,0.29124410382096694,43.849770437135334
4202,0.14501929176806683,-0.055645423762014645,-0.27948336383138567,0.016880983201684636,0.30505905711853987,43.08076240821177
4203,0.15378731727823325,-0.009190145755016718,-0.24151394212466928,0.05533878311009119,0.20907162099484994,45.493584480911956
4204,0.1672834581508874,0.027257894117388458,-0.24707419950079176,0.07790700767287116,0.17494658916933084,46.20777856948577
4205,0.16173114421081006,0.024410938525637606,-0.24161269045155134,0.07699393147062901,0.17191460862978458,46.440507081472504
4206,0.15698757199219146,-0.007379690624270274,-0.26426188437119347,0.05291494586620474,0.23008545070502615,46.770777345699095
4207,0.1526238606463253,-0.07080483371854256,-0.3139568741825349,0.0003926001176533319,0.35407677678984384,45.50724887335503
4208,0.1457655587572759,-0.08180552057290792,-0.33021243595929056,-0.011373542827421828,0.3925292121649843,43.36153722218856
4209,0.15513887123792763,-0.05386364496340714,-0.30584052049726834,0.015006254171612932,0.32757903001711536,44.03900768034429
4210,0.1541655807693684,-0.05521424642770049,-0.3250055162259814,0.009927137034262554,0.35250482995273835,44.76823062963888
4211,0.16550415778799143,-0.02619342544352907,-0.3341626680279913,0.03254523807960096,0.325214539942428,45.166185641388175
4212,0.16994056553561315,0.011402976733242018,-0.3270285270695695,0.05879193274831699,0.2734006046066913,45.71748477182777
4213,0.16073469813687152,-0.03578615042867935,-0.30966913712161576,0.02155992620146769,0.311565480743331,44.46789901763301
4214,0.15905891275303882,-0.08008978691430006,-0.28942690780105823,-0.006024644918464228,0.33795566920008163,43.33192728619268
4215,0.16029773157788024,0.008876258189770597,-0.22099572916773866,0.06977180203494827,0.16392594110975336,44.80778803782401
4216,0.16304236188334506,0.005913178379332762,-0.22842420668146735,0.06722916882593012,0.17485324911416744,43.699467336768336
4217,0.15473494154950126,-0.003963198891700063,-0.2507516007129843,0.0534537982433203,0.21408937093301197,44.96307698003921
4218,0.163230251074234,0.02501320976463022,-0.2603030187996511,0.07188005354500267,0.1902456785371331,45.480841697183514
4219,0.16646222127596028,0.04002420493815947,-0.2739588392349796,0.07118649489404805,0.1971041136727103,45.753808349173035
4220,0.15960554043212957,-0.05756814153967419,-0.26513249168615827,0.011205703327133219,0.29148166439400625,43.22645622890125
4221,0.1532841684157241,-0.06784864151563023,-0.2523070832841186,0.004704947836050635,0.2893638067161551,42.20330833302679
4222,0.15120583588708306,-0.028388380355934634,-0.22809298760438396,0.041768895161267264,0.21397511047367201,43.137376559532136
4223,0.1499175572605518,-0.0670400812739668,-0.25033856178474123,0.011144982317808843,0.2819319545622498,42.28167318023204
4224,0.1528655774212731,-0.09541153776839614,-0.26487451188811245,-0.015062935108925793,0.3349381310805263,42.00693670217444
4225,0.160716135654685,-0.08565562501174935,-0.3012621735114013,-0.013511546652264587,0.3604165427680442,41.88608821289006
4226,0.1476982256879525,-0.1020433975474751,-0.28407453811426675,-0.023830906446999277,0.362180752233533,41.5053873392834
4227,0.14646847732407312,-0.09500741117673794,-0.2643422519365784,-0.016081972614391104,0.33427208301041855,41.07844989285755
4228,0.1523248885068921,-0.043685473907306524,-0.2415896313675814,0.021638990778987878,0.2558045087068861,41.94327904488637
4229,0.15409362093764342,-0.008280862857440851,-0.22710961075397063,0.053087699090932194,0.19469271004343627,43.13930101358381
4230,0.15059592885391307,-0.023487002349967697,-0.23812422279715312,0.038624351243323383,0.22504215753857096,42.70164803398325
4231,0.15165551513366474,-0.029660766727017833,-0.24251999909081876,0.03439177596959954,0.2371559510592517,42.743050342941736
4232,0.1530873994183514,-0.08609052127562855,-0.31631674176751706,-0.016611610288136486,0.38371981102919167,41.34772020845789
4233,0.12771953617833717,-0.06718943849131355,-0.3448053896783898,-0.00900303108316088,0.4040199839061587,40.888766445161984
4234,0.15244712143315226,-0.09991266388704695,-0.28413073102587494,-0.023790873047346534,0.36634095999811406,41.14164876434468
4235,0.1499943118401289,-0.10650282004553747,-0.29012186813556834,-0.03025032782940527,0.3804277558838951,41.98399757008986
4236,0.13130926596462156,-0.1387930186041754,-0.25392299356076475,-0.05417874156800523,0.3861697859915187,40.26310713419856
4237,0.1380594004640908,-0.08333346147429686,-0.2251664085156877,-0.014217273318488939,0.30761639068165064,41.34987727190015
4238,0.1566087767620497,-0.04689343748753329,-0.37502064203764357,0.0038273083475305306,0.41451750604004944,42.388759282159484
4239,0.16992541146115087,-0.07656610198745618,-0.34806119184777373,-0.012177494472095169,0.4128805180662418,41.33975410198784
4240,0.16277493022002149,-0.0523910185127661,-0.3394737171445466,0.00846145751877405,0.3756874026009734,41.14492591301927
4241,0.18946307343866237,-0.0044556010582948915,-0.29605763183557016,0.05482723654708301,0.2608827803045737,45.51269033783102
4242,0.16495656818555288,0.0017714117892473616,-0.23067396211117527,0.06478055728252861,0.17793461117976128,44.35142734346715
4243,0.16387661677165727,-0.02020629716650542,-0.24288059010560298,0.04560604894603365,0.21859169564243533,43.75078281429631
4244,0.16383747519355957,0.03164181770342334,-0.20517821131768305,0.08539160082621196,0.11671693016986229,44.79522101298275
4245,0.16241649693632143,0.0354102099274764,-0.1938281864798521,0.08970877894367829,0.10018119607444635,45.10343360024943
4246,0.1569651454200304,0.028322940877763384,-0.22145008390640797,0.08077929993813998,0.13928436785178822,45.49166805523397
4247,0.16140538604055593,-0.0008685316286557132,-0.2217499187274551,0.06181518118074716,0.173127653177263,44.627204097849294
4248,0.1695971835453616,0.02830910314224845,-0.19790662313588814,0.084126745176431,0.11557016752710031,44.474864328849
4249,0.16850559116103447,0.02425281254061384,-0.1992955669661515,0.08206373344035799,0.12155296607910261,44.30347403931528
4250,0.16640744889882514,0.003943880856261067,-0.220938560463274,0.06486393433480016,0.16834290023023485,44.60667928294074
4251,0.16931292143473792,-0.0004353777387828279,-0.21741965144117675,0.06478073946709322,0.16800805127000695,43.918755625482305
4252,0.16438028280716557,-0.06658924646906214,-0.2798059518879202,0.008518814082755937,0.30837712388024746,42.921165462452905
4253,0.16120325627944687,-0.07253899728590167,-0.3077993483114323,3.7407171797398864e-06,0.346000729794033,43.68875514413861
4254,0.1610207417767473,-0.07299368989106818,-0.27540538248863794,0.0031347546403547523,0.31552501845371966,43.92066810679931
4255,0.15795075610036424,-0.09598896587142115,-0.2606645903189622,-0.013679362260533321,0.3292514788686248,42.8882756424436
4256,0.15396394285500214,-0.053236617302251946,-0.27869262232335956,0.018884522631498445,0.2961287323628293,43.81754034053162
4257,0.1535960659893877,-0.08535612983430159,-0.2669919980720688,-0.004138737499805027,0.3217223534059754,43.295852034172164
4258,0.15174917066973362,-0.04418999107430105,-0.24346318156210212,0.03237518930451411,0.2480065073792008,43.59818594161569
4259,0.18219897981261549,0.04191542196910058,-0.24470666887020204,0.11492719161219445,0.1297867237293241,45.94406093648533
4260,0.17678892270479662,0.0294691100844036,-0.2810691549241561,0.09651039741092975,0.19207464134178917,46.42326491427497
4261,0.17001104716339108,0.03153880137455893,-0.2568974864554121,0.10287292319374908,0.16511348225987943,46.077352610901535
4262,0.17725090975445776,0.033020947033001846,-0.27534244325058865,0.10027338704179982,0.18343227286935185,46.225423586154584
4263,0.16402239395794319,0.0066398617331990106,-0.3224495503238217,0.07000076097078752,0.27516497019347946,45.4853700022082
4264,0.1743652166863602,0.03095361182846129,-0.30954920016342496,0.08811371457147642,0.22966509931909745,47.61206945640114
4265,0.18096106289501432,0.04276268339577184,-0.29671228555282114,0.09346120424231374,0.20725806847716027,46.8920839086114
4266,0.17464975963797358,0.026318531317818996,-0.3263640610246224,0.076877722538122,0.26065552264891023,46.179930527419344
4267,0.16799850656673504,0.027927202692428252,-0.3316169663681858,0.0827402238941737,0.2600887055627441,46.94253964116486
4268,0.1762348794641229,0.03478058154808905,-0.30727803307382023,0.0881710559457723,0.22652474232790792,47.13118810632448
4269,0.19345665151674285,0.04621958789532356,-0.31651305490011367,0.09589676281410396,0.2228955889607119,46.05507099909379
4270,0.17749154095066977,0.028226239354704707,-0.3149041622986238,0.08460401917767059,0.23814488173107262,47.579988040159755
4271,0.18710317633814874,0.03951361642979147,-0.29681671197268494,0.0856906179871536,0.21662046265860735,47.07731694977198
4272,0.19326810127857097,0.054609852619996686,-0.29105363794539557,0.10342632011609686,0.17909450102549873,46.708688307392514
4273,0.1873009163439815,0.04530534275164246,-0.2897438023576807,0.09213223835217124,0.19901124624769168,47.30236902675444
4274,0.18780483752370555,0.042736341485813324,-0.2709961821867997,0.10041815139771915,0.17322153820924152,46.147147364245896
4275,0.1827641401060526,0.017766802509157454,-0.28372523772265895,0.07895021336740439,0.2158523099159156,46.07655797616958
4276,0.1893127257268111,0.05653871658816239,-0.2786283218100867,0.09935374426058001,0.17536749780051436,47.1522192974753
4277,0.1847362812089572,0.06870859073769331,-0.2826775557446994,0.10312484394012296,0.1699817631403622,47.98818381039174
4278,0.19451535413281693,0.08398337370058132,-0.30471348499440676,0.10087437419034744,0.18711017341933447,47.4638291069967
4279,0.17054486716935835,0.04363236170780827,-0.23524162517537317,0.10557115659465406,0.12991876025068044,45.93432109441134
4280,0.1680140270608394,0.03105462968487325,-0.23346944561536861,0.09803538034826265,0.140253047921671,45.39982278535752
4281,0.16135020949668655,-0.002715106995454999,-0.25756300508942753,0.0697643158153921,0.20453104927476834,44.846951045542404
4282,0.15879538903683038,0.014385212806699983,-0.2816923870559734,0.07781095524626909,0.21334507266353872,46.27182117750711
4283,0.1684086654927389,0.015812018909250714,-0.2798769352447739,0.08071600381221837,0.20614817080019807,46.11506796807784
4284,0.15924463689044668,-0.00289252778981337,-0.24764137420863824,0.06793377639373699,0.19718688876081836,45.04292749290451
4285,0.1489929100593914,-0.05331819952142908,-0.2777635789510565,0.023432397442953654,0.29246473987807103,44.10702583437035
4286,0.1682414272237042,0.012978214075983138,-0.2872955243643419,0.07329658270973242,0.2193653695484401,47.57966738595368
4287,0.17303402165772977,0.026890769255439227,-0.2950427390954188,0.07777005657286422,0.21873035605737157,46.70833571826789
4288,0.15925494034967197,-0.018940141010957694,-0.2632800465542295,0.04496749162312028,0.2422324528922716,46.034894588631
4289,0.1630550320276426,-0.0007006445425842621,-0.2720187327333713,0.05946563752092098,0.2276146016828702,47.417254708522904
4290,0.15233078758103108,-0.002057872703572023,-0.25455415384236074,0.059631894311887416,0.21340047513339594,46.17396562441888
4291,0.133762341212298,-0.06497943607089104,-0.3022095691625137,-0.0007341700366556742,0.3768194796335033,42.90622113279104
4292,0.13684830186761715,-0.06888947208564156,-0.33620057907154727,-0.0033624345844859966,0.39787119502433826,43.580827889868914
4293,0.15058627480656525,-0.03195376242488757,-0.3431947844042325,0.027990249837540497,0.3450503920540843,45.52527205496989
4294,0.15197720727701472,-0.04680556257443104,-0.33286149681187505,0.01601557671659545,0.3558872304443373,44.16517581143058
4295,0.14566078451031117,-0.0925822831475882,-0.30657117170442,-0.024421036017818323,0.38816360767234914,42.99018488536886
4296,0.15943303396582745,-0.016727706656883005,-0.23947840379730367,0.047807065404994305,0.2146211864963811,43.948618872396544
4297,0.16692940031151235,0.024523927009244717,-0.2107439354724143,0.08215266482644766,0.13504607571681865,44.22935403796152
4298,0.1603363990902276,-0.0019340833944741533,-0.21164795401439343,0.06279935273668193,0.1675134928182519,43.710792885531596
4299,0.15831426621187542,-0.019894240980002816,-0.2328542078596372,0.04821853542714025,0.21172292324069805,42.801939401301105
4300,0.14450793218161787,-0.05377552904874852,-0.2318501739057327,0.023065656124436975,0.24903355919610107,42.55326905983432
4301,0.14599213952801252,-0.028660392230968612,-0.24560113068387895,0.03776593244700524,0.2370122754336916,43.347007852331686
4302,0.1506227492185085,-0.04153151680950512,-0.2777575422611024,0.020322102937066305,0.2910696802669858,43.76465120630093
4303,0.15826179680776414,-0.108317521955898,-0.29933088376678285,-0.030995575055929793,0.3857119793236105,41.62496200892695
4304,0.1502910035884607,-0.12909187902860322,-0.28937373836293917,-0.04621794616315293,0.3964520351531977,40.97740136059243
4305,0.15436359116259898,-0.06577115319894462,-0.2504216604252128,0.010431913640510077,0.28356217484560586,42.33744099229802
4306,0.15629515760017018,-0.07422905047814532,-0.2813143838704164,0.0007777170322283235,0.32664368623298085,42.335139704563694
4307,0.14700670289755735,-0.12601344316038904,-0.30606493247468736,-0.0474576684360718,0.4152181567782243,41.119377236040755
4308,0.15578766319181397,-0.09610863980336735,-0.36082191520044826,-0.027610410545425727,0.43260282793141225,42.27121203601008
4309,0.1646157947819764,-0.06225528919950905,-0.2831962987664462,0.008538330691002904,0.3135850113399011,42.256866912046775
4310,0.16102744574890718,-0.029161149455716438,-0.2549967837709044,0.03734297546068135,0.24280325002039338,42.76954827108735
4311,0.15886269177175166,-0.013655281157784041,-0.23183970297579298,0.05156856241331797,0.20276702678377284,42.5300665791693
4312,0.14624919821999405,-0.029503079919020656,-0.2169677711573434,0.041530546140595474,0.20810104203100532,42.18326090729421
4313,0.1503691960425654,-0.0778809165531457,-0.2550551058881712,-0.00051399729190001,0.3043826146414084,41.77575770175955
4314,0.1530228570729517,-0.11409485609991689,-0.2962939737475211,-0.0352256110430639,0.3914282069565556,41.23964889461388
4315,0.15556749390044172,-0.10158007271106259,-0.30884545328042484,-0.02836462437636925,0.3938655679911994,41.46777022616452
4316,0.13448275362782247,-0.08177270611229814,-0.3436747731070013,-0.021329097031856616,0.4146582901581392,41.09582463956741
4317,0.14331990559904997,-0.10308548624106464,-0.30145530896392586,-0.0296526239165335,0.3895821815469456,41.021942779254836
4318,0.1502215178955928,-0.10120664556819302,-0.2908021385298653,-0.029651943469111222,0.3779876027866275,41.906255214159934
4319,0.11892730322262932,-0.16507347617788196,-0.20428711843928096,-0.07667218086403761,0.378413534625361,38.80732497291069
4320,0.17150402925893657,-0.04866578459424697,-0.33879977863773253,0.007184978168716027,0.3704757551772391,43.294669203863556
4321,0.15403429674286273,-0.1457278426422372,-0.3682238548712265,-0.0787769920481693,0.5131582257108107,40.13177468893571
4322,0.15643537665930504,-0.13791049115189477,-0.3562425387504779,-0.06858762183323407,0.4927979249702706,39.710654975775725
4323,0.16477957091386927,-0.08236875579920437,-0.26274877540062047,0.0021612426013890183,0.31429309724251125,41.84508894529906
4324,0.18004945730718652,0.01518323342576783,-0.2951778149539595,0.06704668223069792,0.22921489232802544,46.8551611536673
4325,0.16047148586008186,0.018306605562162234,-0.2027922671423576,0.07927709021760697,0.12694843954376733,44.5083245737248
4326,0.1597152506557919,0.0274535402437065,-0.1863224506820487,0.08745207583922832,0.09983816075145781,44.038200251350496
4327,0.16658117725595376,0.031775711759876375,-0.19713169946386372,0.08846461717109572,0.10683462101004133,44.67458183908628
4328,0.16128427032993614,0.032411379524772445,-0.19727741743638627,0.08798779612063727,0.10745210921182319,44.90942199187767
4329,0.16163238269354618,0.03756283441687208,-0.2080260944272647,0.09020677340245747,0.11216673006932674,45.429314080596086
4330,0.1611920548602484,0.0006176421092626355,-0.22138013200219436,0.0633959925416066,0.1722797261669834,44.98898050626155
4331,0.16306490997643394,0.016624548088391825,-0.2003066670498608,0.07608630875838861,0.13284051996244958,44.4285651413193
4332,0.16758908585182744,0.027436610760471037,-0.19539089402527607,0.08574785938725193,0.11478466196622263,43.97634004628095
4333,0.1664434681895548,0.03190649581118953,-0.20558791908524282,0.08692978656189161,0.1210898761677935,44.66232689790211
4334,0.16644688668456514,0.022764793864059392,-0.2104542673114595,0.08209183215996604,0.13566158377791865,44.35589300251966
4335,0.16607295637143732,-0.0065643066650999775,-0.2511938573967929,0.05898616944479175,0.20842882903645882,43.90481321241481
4336,0.17236274464427656,-0.05719357919929544,-0.3188561733928617,0.013015720034263953,0.3374247808685605,43.79037165976166
4337,0.16000941242350775,-0.06507819507542222,-0.26602381905551903,0.013174553614002264,0.29661568007921857,43.95695954979741
4338,0.16824627749476528,-0.0591177467171385,-0.2835501803278767,0.015445265207476844,0.30704707731353703,44.11502622585445
4339,0.14939459621415982,-0.08177659323778669,-0.26641962656643076,-0.0007221602053002117,0.31734414715610065,43.1946489328
4340,0.16180349567029487,-0.06124855578275903,-0.27094723080085675,0.016792537959249867,0.2956037854155288,43.203862828260824
4341,0.15497418420169884,-0.012352370129531094,-0.2384559800329862,0.05850423187668477,0.20245720711385662,44.03135428460031
4342,0.17338347389101888,0.03794819588014262,-0.24272282294785635,0.11314362306700172,0.13158798174010444,46.6458891557384
4343,0.1808111819098105,0.03377531982673435,-0.3145165962998969,0.10139305444746215,0.21115646460148457,47.370217810385185
4344,0.1892330990417888,0.050251643327346475,-0.3081449371020683,0.11406512401967195,0.18484611737532985,48.879442623669036
4345,0.1993105246411693,0.07048551724547003,-0.34094866193984774,0.10155563681508446,0.22915188752477744,49.51909841563163
4346,0.1988759095298534,0.07836936386294065,-0.33365467904509255,0.13018258762511725,0.17712361017790865,50.13399482756621
4347,0.1725939615581759,0.02625919402035773,-0.3245894734585072,0.08748298796121136,0.24915460074554452,46.46485670923321
4348,0.16150771759881394,0.012698296253411076,-0.36195473943813206,0.06393122764180452,0.3146195545259816,46.85003830611348
4349,0.1693957279448019,0.00677059894034765,-0.3295712672476257,0.0650311720297415,0.2830268885560724,45.822216893582706
4350,0.1764303812196143,0.009523248785024451,-0.30406619638350113,0.07300192708178559,0.24843303500865918,46.058594478316515
4351,0.17419947867035776,-0.0008584418021434909,-0.32478528850411303,0.06804936956427156,0.2756225829715624,45.739061332434204
4352,0.17810257257977505,0.04423033786667046,-0.34471098579997117,0.10142730150564984,0.23717988363089504,48.084119955445665
4353,0.18405305947415215,0.037514970854495996,-0.33402093430098245,0.09394499894744425,0.23485522125964753,47.44537576263549
4354,0.19063466248556837,0.035734832111366216,-0.3351583442191218,0.09560049268351883,0.2348690258095568,46.364494817301264
4355,0.19694501436641043,0.028610554612165814,-0.3021272334700397,0.09435963173635806,0.20489854228741325,45.29369289665318
4356,0.17888364473615556,0.017334646257569853,-0.2551312612393066,0.09010905999110118,0.17629286333903246,44.64587297008868
4357,0.17992864881865536,0.032765618452199795,-0.2531447184488131,0.09195970342417875,0.1697682627157285,44.30883211330634
4358,0.19395741047890147,0.056348552299366785,-0.2673262521029793,0.11724466160557995,0.14694404776570585,44.91817052454405
4359,0.15810305532660782,0.014698442045383835,-0.190487810450791,0.09822874760152484,0.11637289541902307,44.51490969744169
4360,0.15560775081834122,0.03258521686399356,-0.2115353936314419,0.10777371894809169,0.10950661138920925,44.854683850055714
4361,0.1581950347885683,0.029359213720156985,-0.1979794533928729,0.10609374384030758,0.1010027189305952,45.025268268168
4362,0.1607659209519309,0.030219675511810862,-0.20635488125810114,0.10418509730174856,0.10903746500965905,45.09396476346265
4363,0.16328432522183725,0.029538310329620614,-0.20958248725731066,0.10198077948603487,0.11435880451602337,45.17424588518231
4364,0.16909189308425404,0.04039213258382179,-0.25050501701450345,0.09886925941375134,0.15030284001561273,47.055463767819454
4365,0.15156125286946617,-0.010552939682668464,-0.2392235970713323,0.06716403355310772,0.19833844889687877,44.7549256322296
4366,0.15602850095475856,-0.012860210815160965,-0.23993545876238997,0.06360289109569757,0.2011355621294878,44.83334038019732
4367,0.15859833029293144,-0.0038295926880283675,-0.2424693829951945,0.06635544800357998,0.19518841324551145,45.20855256445746
4368,0.14676006389830235,-0.04754858661941916,-0.24853999442252175,0.032495053567887344,0.2550675510069043,44.273530264324094
4369,0.14874458028234844,-0.057871691188182674,-0.26280358234020684,0.0258834782795159,0.27893724035521067,43.84675568518156
4370,0.1521603143632047,-0.05298552711168031,-0.25245693538962966,0.029435696222406115,0.2647624614250567,43.672169570620426
4371,0.14633445048735022,-0.04645237539775496,-0.2454396836802094,0.03348299189501932,0.2510165111241054,44.158413514027934
4372,0.1527807933182693,-0.06753347292923483,-0.2721765975912102,0.008562248068335792,0.3099595698189073,44.24331902019493
4373,0.15510921667017843,-0.05123057413577738,-0.26700263869924057,0.021640537259812943,0.28796714483068026,44.49013383189972
4374,0.15451572675662853,-0.07961843700862521,-0.287119825607143,-0.0029973436665893557,0.3410340361394998,43.330271361329146
4375,0.15818466819829105,-0.051637315246085815,-0.27073595403424544,0.018419099268356075,0.2929152195101173,43.69043057864985
4376,0.15650414213719147,-0.06978613596502628,-0.2612416578523262,0.008682466335801189,0.30028016978488054,43.27563920915909
4377,0.16680003643331573,-0.04797466283991179,-0.28992493699670097,0.02125293118303939,0.3039322961959972,43.88445280214582
4378,0.16392653497698784,-0.04080766398054534,-0.26058909640910727,0.030575724257400152,0.26510378737672363,42.98482897834553
4379,0.15916827011447707,-0.055331813297864144,-0.2682210125728722,0.015412268836945247,0.2915637543338654,42.76526159157001
4380,0.15185323382330415,-0.07798465166256394,-0.2600266034465393,-0.0023750011416996115,0.30807068252404585,42.03904237546622
4381,0.15511519139050442,-0.057787816011635,-0.2564233630080695,0.014694675274625557,0.28547843368328557,42.279516083928314
4382,0.14958592872230211,-0.046813520790412726,-0.2499682580332321,0.02610590550738312,0.26106069075949334,42.00258651413024
4383,0.1580827197699849,-0.009636580015618715,-0.23768274865340483,0.057568743614350125,0.1985095783440922,43.4077710368684
4384,0.14900798937748072,-0.036950241043772813,-0.275656889856838,0.02796392155231651,0.2781582739732811,43.92658021027331
4385,0.15739316368496134,-0.0749964704190777,-0.27140226654460914,0.0012538304443600698,0.3150564455170222,42.13989850999877
4386,0.14985164861420858,-0.08649281617324048,-0.2472121359746183,-0.006030469260946698,0.30361855181610853,41.497291208154465
4387,0.15543857011452478,-0.052810589518170165,-0.24216615634877328,0.022216411174089415,0.2617072269332208,42.327877711827874
4388,0.1566355987906376,-0.06170137800442321,-0.26336598033089925,0.011053213197254786,0.2915893719329451,42.66963611697399
4389,0.15242365122691903,-0.05460516635346381,-0.2493112749548853,0.01688342005947742,0.2692040635933236,42.97258432701837
4390,0.15450506241882672,-0.09284950443517394,-0.31977123665728807,-0.02177257702811404,0.3913753591009841,42.188774008658214
4391,0.15643195683833638,-0.05415388753369588,-0.26797618479088525,0.01652699379249672,0.2865414550277842,43.002237001306376
4392,0.15846885460942428,-0.03638017612575273,-0.269899462330612,0.029158735083315467,0.26878802348046255,43.05412749646834
4393,0.1583889089307541,-0.02393934847603615,-0.2340775974372039,0.04436904495560345,0.2182207385255234,42.90291359460383
4394,0.15491488714734433,-0.022583729109084627,-0.22353494477354188,0.04581601086861567,0.20484578225185276,42.53071366688992
4395,0.1492932120665215,-0.046584182217455396,-0.24211678285209676,0.025450115344761767,0.2550760523298736,42.18868967738598
4396,0.1530318047760088,-0.08297620026639312,-0.2849076968906294,-0.00967374290327842,0.34577044557431497,41.55264068818492
4397,0.15643831135918146,-0.09554258301606927,-0.298592498324128,-0.02029403343529204,0.3730373203570932,41.81927208133039
4398,0.15457051582982306,-0.10894840108791082,-0.31311641461483813,-0.03547017781109314,0.40588925801829406,41.368744579935466
4399,0.13591444622092178,-0.10764813460982377,-0.31492252701880047,-0.03603577597791405,0.41295761111105067,41.21625499039297
4400,0.15755053582717038,-0.10145184944886947,-0.2862167829741981,-0.024072365825125293,0.3611637638036827,41.108300690539316
4401,0.11009518507469497,-0.17618583961098963,-0.16464601000467752,-0.07511357008796513,0.3484742002645056,37.75784440448493
4402,0.1519057739964425,-0.18071766287754853,-0.3657733209800321,-0.11033536438755288,0.542709654797609,39.404777691221675
4403,0.15216794767561967,-0.1496349576787945,-0.3635965930998733,-0.08283325913727711,0.5076555830542356,39.388980377496196
4404,0.15228553783470178,-0.16290566083283406,-0.35252535593195977,-0.09218369837785281,0.5061222073978784,38.952302512582456
4405,0.14843542154429043,-0.2111235223459451,-0.3520325376676592,-0.13149919683553957,0.559052537948957,38.49124732368802
4406,0.19034147838310023,-0.01114746974684076,-0.24708128242150837,0.05587908761000676,0.21167843807579678,43.65061979216214
4407,0.16071332984021477,0.021533771852549226,-0.19584679912795216,0.08311778391725383,0.11696607349371745,43.7712273561977
4408,0.1623542593533,0.028087788456648322,-0.1881670704146125,0.08780772792592322,0.10122549671840389,44.001637443984215
4409,0.16647221262365453,0.02924439033714303,-0.2057589314867698,0.08557272293495716,0.11994935105902832,44.9073859927659
4410,0.16550269052454583,0.02466788880992841,-0.2057356209355153,0.08244208587466316,0.12500503396721235,45.34399380588419
4411,0.16790524684130267,0.037938719211315815,-0.20049392306226937,0.09150654531147952,0.1053405664425381,45.769196289731504
4412,0.1594057101186233,0.03824471808190733,-0.19858922258033096,0.09146339260705533,0.10564302834107506,45.78241978406508
4413,0.15967107720036433,0.03163251338679384,-0.19862342031455965,0.088573388204898,0.11189576654586017,44.983120093036504
4414,0.16519076090192167,0.023139533448494152,-0.21061372661594105,0.08108031368038146,0.13666800356986533,44.46166685530902
4415,0.16170720626739374,0.006701532405923986,-0.21847074153269436,0.06899437547938592,0.16481998353166696,44.27843223273278
4416,0.16560694578993612,0.032676754689310646,-0.20323289635092934,0.09064098882995118,0.11671409218117557,44.27585203249087
4417,0.15898204164162782,0.02153288894522816,-0.20750568669940264,0.08508787313853895,0.13112699908045578,43.82010628323921
4418,0.15171488207122488,-0.07080510205317346,-0.2622717120940967,0.010175663642580596,0.29746926767989346,42.33540962413624
4419,0.15845384755771952,-0.05334869957367535,-0.25360906421641966,0.025324110683166916,0.26646839787952964,43.33104499725895
4420,0.16154207838677498,-0.060741207728842984,-0.27153311711376804,0.017800962228471547,0.2953425577964051,43.30144028054177
4421,0.1651763704826158,-0.04986328159683809,-0.2863148650271527,0.027261772524316417,0.2943132023717069,44.43815109725321
4422,0.15609891599333306,-0.04871334900446731,-0.2548822020841615,0.030847494005382083,0.26229022452155115,43.23926519875953
4423,0.14768839801091474,-0.0352756576998739,-0.24373115584637195,0.04356765095830709,0.233809108220911,43.76919507108519
4424,0.18928720414247513,0.05765401957396975,-0.33592442423109853,0.11884923875702567,0.19965772487477215,48.53276699610152
4425,0.18725570183163726,0.03911747931941328,-0.34135090831579384,0.1001796007704901,0.23664910368058378,47.70991698025211
4426,0.18809317741526513,0.0516986963178588,-0.33557076547999654,0.10636261725035277,0.21885585905376873,49.38536946454023
4427,0.19412464124952494,0.06984901543754615,-0.3336325586265321,0.118374277543624,0.1947847654941229,50.52764911990133
4428,0.19884323842704835,0.06466435727405484,-0.3623333093073859,0.08525969291139379,0.2633699673574339,48.63809278888315
4429,0.19165870295102136,0.05947380762467526,-0.35401394326438335,0.09099841709333481,0.2531519999676314,48.15672606971212
4430,0.1668293947331453,0.005493865655637373,-0.3147733538285331,0.07567636639573769,0.2560259203931755,45.17129070783366
4431,0.1706913302401459,0.011393060480346686,-0.27303041748988216,0.08565990376656794,0.20502485644252616,44.652983046778594
4432,0.17798703609300906,0.022444682919373595,-0.33111082350185556,0.08479871226519946,0.2514820419325733,46.57790433867312
4433,0.1888206447257732,0.06281429849047351,-0.35705766815737305,0.11517390106062556,0.22065553728307946,48.25777450596205
4434,0.19795693253836588,0.06974806348046211,-0.3539660167313948,0.13070308090339022,0.19322451175677205,47.26044852806737
4435,0.20372141122301676,0.055619644123568575,-0.3559598622389645,0.12159849332432704,0.20804405238362775,47.05857987939014
4436,0.1950999015751841,0.04166260292661643,-0.34004651164739685,0.10316929892182186,0.22610522337937267,45.63716732278236
4437,0.17370613848031924,0.009749235498310109,-0.31210361266165865,0.07850094032604336,0.24763677658507158,45.450380844724236
4438,0.1665615288451521,0.01929075478211652,-0.2339918564187836,0.0943153804406143,0.16341504277428534,44.44631512816877
4439,0.14996236092336782,-0.02381761714359191,-0.1479224082157438,0.07427602447955281,0.14172134877038742,41.984553943685455
4440,0.1395092633180406,-0.09401063396983246,-0.03425950060396083,0.047148979913679764,0.11014181307501175,41.954897419052166
4441,0.15599582394782488,0.02782114466875332,-0.19702236711500531,0.10717472113843055,0.10259667294221335,44.279891917531096
4442,0.16199169665764074,0.03373632136721325,-0.20401220196781572,0.10950510863858925,0.10010489784132927,44.7004338135427
4443,0.16004810927952418,0.03248927277421113,-0.20426176986921163,0.10729286275719056,0.10379337410238594,44.44944530952194
4444,0.16440998706029622,0.032668164876900385,-0.22036434093437565,0.10231915209770677,0.124703616812014,45.11733902717405
4445,0.16561927044257907,0.02224916665481498,-0.23783775801110751,0.08953854784451266,0.1604559238111702,45.92959502047362
4446,0.16048224739664224,0.01592336639990694,-0.22268589196445018,0.08886921706940874,0.14585077739066157,45.52389628653498
4447,0.15039841082277358,-0.029623644833873083,-0.2574067044183958,0.05002744540226872,0.23924605777730856,44.37215456742066
4448,0.14780789612986464,-0.05068389230379504,-0.26118106721707496,0.0327701660248934,0.2710120963212528,43.477364213086865
4449,0.1407780498946353,-0.05901139772987235,-0.24506102525626047,0.026882195737502543,0.26702286811227516,43.162592142878005
4450,0.14802540977271522,-0.05645282697355204,-0.2549456957108025,0.02858947820729316,0.27134565362120194,43.20254376970531
4451,0.14757604495454538,-0.052356500832722856,-0.2566171177720232,0.028960294787410832,0.2689684478108464,43.93749501401818
4452,0.14206971797601858,-0.0505120892052871,-0.23711945969876821,0.03257395859680759,0.2472236127860212,43.45156026627475
4453,0.15028665462385293,-0.024942231091974378,-0.23853180187208078,0.05094689199186034,0.21810230992041646,44.51122467601691
4454,0.16378593457376378,-0.00255712854082061,-0.24051042126508165,0.06217293959367323,0.19878221583183422,45.03489576804987
4455,0.14814583522678787,-0.06388592614549968,-0.2337504578352196,0.0185422858559604,0.26746073851158786,43.263539158777334
4456,0.15560862261130498,-0.034393311765059914,-0.22933107836379485,0.042720411770401714,0.22449392009147762,43.244857133691646
4457,0.15975128663642635,-0.045585927096033076,-0.2440160166557884,0.029974796616887373,0.2523907446264256,43.07361245150042
4458,0.15284733289727565,-0.08515766579290383,-0.2568965485980166,-0.004801740655895964,0.3158756274759343,42.40632655369962
4459,0.1591634964509543,-0.053573781507044685,-0.2530971236182643,0.02135763783674512,0.2735450755436189,42.669380087493394
4460,0.1581240129115727,-0.07665190198542318,-0.2640834471361201,0.0018774795867535353,0.3110376608782417,42.197038345255734
4461,0.1577296400162003,-0.05050608684002856,-0.23609889490757274,0.02675252771715062,0.25024706155355003,42.015707378561515
4462,0.16638985986636978,-0.04160677801860841,-0.24322425595622948,0.031783364808208564,0.24748121174741924,41.97579991310097
4463,0.16240964459504362,-0.08139679783187109,-0.29397852288502435,-0.00530011959449419,0.3441354517168399,41.739088056919684
4464,0.16236937565444703,-0.03600760214476124,-0.2696397477646929,0.03207608139924787,0.2677949922285155,43.50619391676721
4465,0.17044448264445222,0.020021637538152393,-0.2538044885178983,0.0742261767756712,0.18625199628944805,45.33730882211933
4466,0.1489131466937752,-0.05463327524291852,-0.25946367949979365,0.014589556090343247,0.2821864056076773,43.946173845615235
4467,0.1484502880145381,-0.07212492529159346,-0.2828800696336437,-0.004373126452916367,0.324654139209964,43.8300192543896
4468,0.15801775216267164,-0.06278149517031667,-0.2726563200609501,0.01031822147263134,0.2989422265140091,43.326824352650554
4469,0.15075432968235233,-0.049069494019708136,-0.23566526747189395,0.02572953238194464,0.2481037725414979,42.85653312506275
4470,0.1554262220171412,-0.07357568393177819,-0.254509387187663,0.002620685290669143,0.29748891904217195,41.89974754111943
4471,0.15607544534940876,-0.05133804739629649,-0.24807539351312186,0.02130076747199195,0.2673685422525615,43.02105156595068
4472,0.15976411090821643,-0.023589703455129077,-0.26581486842888297,0.036445343034607725,0.25450948204064927,44.11842237183417
4473,0.1671739736760186,-0.00870795085901726,-0.271779683596938,0.041979885541844265,0.24741826914702253,43.67743276825323
4474,0.15597700417483407,-0.03774303049950207,-0.2627965293627393,0.028370074533344326,0.2675574983109046,43.06644186391667
4475,0.16966943005558668,-0.02650469092052433,-0.30308555408813403,0.03357436505286022,0.29666789523862486,44.041782661264804
4476,0.1506840366423444,-0.05326507460775535,-0.28537428282591104,0.017391885291172613,0.302925721967814,43.47314271248866
4477,0.15061131071396167,-0.06943260484142068,-0.2525825343308016,0.00875212507786811,0.29234490414224734,42.10865516824751
4478,0.14825059769973709,-0.10027009076293245,-0.2833321738879169,-0.019995449246198192,0.3628458401935445,42.0407049421855
4479,0.14310804826147733,-0.09392489276567975,-0.28327300297484587,-0.01757160275625359,0.3553437648920617,42.14040078542389
4480,0.14965911744748683,-0.054793473030248396,-0.26569963877866637,0.017497721677118768,0.2853831855455942,42.18079049979554
4481,0.14788493822371934,-0.10586313544205851,-0.26807091042520426,-0.027399302134983372,0.35136835805984784,41.58054087315464
4482,0.13307583837149414,-0.11700887933343787,-0.1975632372185769,-0.029945238389027903,0.3067089725781496,39.34317524378072
4483,0.1435029093659722,-0.21599935451687294,-0.3705825709069266,-0.14093824078784692,0.5819567899469498,38.17815385929135
4484,0.1402035297484792,-0.159790928168735,-0.3826814942708441,-0.08865489781584508,0.5341702180302417,38.67950515965826
4485,0.14348420020542912,-0.23715258874993045,-0.3565176622726504,-0.15960215502848807,0.6005297934157316,37.0160580325284
4486,0.15446136230882077,-0.1803616561699583,-0.35862366377044613,-0.10750701410685023,0.5348189222270224,38.73563688015612
4487,0.20704515609164448,0.01778779874866698,-0.28778857301323907,0.07571125048158982,0.21529871293389224,45.83329698949075
4488,0.16292785981084867,0.023068290625747525,-0.2043640207701048,0.08457865659333515,0.12391275863102907,44.57320304887303
4489,0.1647019708714577,0.03176739800762998,-0.19507902462698365,0.09058686702004515,0.10324062306408431,44.18022254859554
4490,0.16273161542915365,0.03002709896711813,-0.19438663838305403,0.08916737652344194,0.10645030692858938,43.91164971875522
4491,0.16557303102299692,0.02907721473466616,-0.21107756114933243,0.08549273224298992,0.12554914435804648,44.5044600612483
4492,0.16388351037519713,0.035131546486757315,-0.20761839586580008,0.08950391778736157,0.11650615637217944,44.9094800210327
4493,0.16194562020947897,0.03271194876660538,-0.20480428429886088,0.08927962362776816,0.11689363686504087,45.39272535322133
4494,0.1553178041269939,0.024212729258345993,-0.20490626323247824,0.08374968908634256,0.1261804725296307,44.4727307493566
4495,0.16510054832297652,-0.013301426803318183,-0.26588629228494004,0.0518934473979764,0.23018123190849327,44.19544332972136
4496,0.159170000640944,-0.02864223964415416,-0.2544254370003371,0.04102479419585426,0.24299369865867107,43.7253684076204
4497,0.16465204621630214,0.011448078468015594,-0.22948354206063856,0.0756256995784744,0.16500994295409863,43.77194206632915
4498,0.15927879641219958,0.00358592447226176,-0.2253552926212479,0.07172176776411919,0.1697090809898357,43.53392339062956
4499,0.15756311961724223,-0.053351648570153065,-0.2647261133318021,0.026371434158424818,0.27724198279598916,42.19073818836585
4500,0.15736644797145993,-0.04966510992844407,-0.26457384517995824,0.029855847534813035,0.27109611666350997,43.29518715630731
4501,0.15329384827665724,-0.03872988233702597,-0.26290132176748215,0.038652905735234895,0.2574177307467403,44.136666404186
4502,0.1564981282922724,-0.018745620807780024,-0.24453148005745762,0.0572416669344722,0.21254190134784504,43.72880713787514
4503,0.163431213762656,-0.009867730891182001,-0.2604810615146757,0.06207549023555182,0.21770129855378434,44.19662140494329
4504,0.19015252873891111,0.059144182050914006,-0.3257674393374369,0.1182385505653976,0.1899987581102521,48.08025091200772
4505,0.19327665787497686,0.07409875204853744,-0.34380075539712074,0.12794836530509832,0.1913522681609199,47.41024009730133
4506,0.19205802698086577,0.03414021704002893,-0.3209216959360135,0.09794177773745284,0.22175295493911035,47.54074429408078
4507,0.19000042455518917,0.03905845839069434,-0.35562769108405273,0.09775170332542309,0.2561057683899199,48.97320298528214
4508,0.19978949800993526,0.05614181489209821,-0.3935382089370984,0.10941773223588587,0.26808643912968255,49.67175570680155
4509,0.16245918170687615,0.03472243113153495,-0.3367624484627497,0.09225474995147406,0.24705766272813726,47.66145896666935
4510,0.1780057895714937,0.04043070148105573,-0.3457639056240219,0.09875139464321638,0.2451200879235843,47.76049664781964
4511,0.1855584914071037,0.04282393160427401,-0.33959094685546204,0.10183316444121762,0.2332511392163258,47.39146932697969
4512,0.18876192279992882,0.055861496299723166,-0.348030441336915,0.1074296435335735,0.22404334054807437,48.04691691394392
4513,0.17399365230154726,0.08115262393848882,-0.3575882350366877,0.1271158497708323,0.20650756542357204,47.117127154979194
4514,0.18226090003183176,0.05161023180794991,-0.3600113220767448,0.10974899807905342,0.2338954165030902,47.09469645581716
4515,0.18369994012005764,0.03867319473423481,-0.34677483829013545,0.1045108734697081,0.2293282415283849,46.49216023297548
4516,0.17932083250396377,0.035885675824474196,-0.3580138117543669,0.09793538538862781,0.2529108202227941,45.382163538144354
4517,0.18080235513208368,0.007384896858623602,-0.3382013793062396,0.07636675652793797,0.27235790118833986,45.57330505106988
4518,0.16973410538368983,-0.006720263643377421,-0.24381701741466316,0.07594005551960968,0.19891977783962891,44.451481915444454
4519,0.15227605327850202,-0.03842831053705815,-0.11569031508478773,0.068598173455918,0.12992488504306715,43.6461837918221
4520,0.1557222855522015,-0.004591244266979113,-0.17056807093049786,0.09314988805546882,0.11835101217632427,43.4912172395048
4521,0.16686022552170385,0.034365031547312255,-0.21794269328424526,0.10998830453646799,0.11378515810822763,44.2241975990428
4522,0.1629193693336939,0.03740024581955333,-0.21092591679806688,0.11085233322242481,0.10471679853785681,44.74888782470867
4523,0.16627834018693965,0.035776719621781826,-0.21110173634408816,0.10862691564734664,0.10742256763497639,44.723295766569166
4524,0.1687156597468674,0.027147356210185738,-0.22525985159266257,0.09720661971599923,0.13596016825196652,45.0607243061215
4525,0.167459116782501,0.028452981782090738,-0.2161163065899167,0.10119300768359972,0.12181025463873865,44.9970181506524
4526,0.1589541140038581,0.02831990201022707,-0.2051481397776942,0.10285001776972176,0.10882593381005844,45.28100481135338
4527,0.1539889227317285,0.010612452793190053,-0.22715325197902078,0.08576100316142571,0.15687780941241575,44.924244573665234
4528,0.1482793348294665,-0.04774043311200584,-0.26738191490591173,0.03490020925842877,0.274094893623043,43.773161526947256
4529,0.14525584346354226,-0.03828341833140536,-0.2468436222161439,0.04462973354304257,0.24210370012209442,43.696700469691905
4530,0.13594769700514342,-0.04795314907777007,-0.24164224116491012,0.03830047526394835,0.24821964773261634,43.18051470866675
4531,0.1448396256835231,-0.04349996459787639,-0.24583156818964635,0.04009789954559978,0.24585304621199458,43.26511843290641
4532,0.1616804839169223,-0.022950222395274816,-0.2706828021910118,0.04749350013002377,0.2487863709573053,44.60906184072445
4533,0.15253275582311035,-0.029442016521567353,-0.22859233765130585,0.05029664564266372,0.2116731012543904,43.91771360801862
4534,0.15743027431568535,-0.019003678291942536,-0.23077226180877652,0.05559070412492328,0.20400492039006293,44.09295351958197
4535,0.1564983013283303,-0.04315131252958838,-0.24212539525142884,0.03425248743753954,0.24689150325812234,43.24958601358762
4536,0.16129177852922474,-0.015414175616909562,-0.3066258488450926,0.047409678382115315,0.27775768755106955,45.62498114597726
4537,0.1600601389345832,-0.007811038334039273,-0.2467868492126887,0.059355464924344646,0.20829194629690584,45.918953976481454
4538,0.15059666198075639,-0.06134167305881488,-0.2413435502180198,0.01797243092019758,0.26953381173066193,43.25378874702183
4539,0.15400038334744723,-0.06823188383100888,-0.24072491863037201,0.011633181597386104,0.2777088772927352,42.85284868890073
4540,0.1638338345117322,-0.01379853515510221,-0.22993553083050974,0.05424386907197239,0.1986968144630731,43.87658126030903
4541,0.15238714291707675,-0.06587840214645717,-0.24848074610579293,0.013101834571753724,0.28228148892529903,42.3023167816917
4542,0.15908849777252437,-0.050769047127436226,-0.2420947601420518,0.02449026303473277,0.25851891257840703,42.35664027105551
4543,0.1599706694225743,-0.04444298854684636,-0.24863497634961276,0.029148907818158678,0.25633119652406877,42.964634514033435
4544,0.1597257800489987,-0.05090584624375305,-0.26027005510399404,0.0212431232023314,0.27651368201860654,43.33938765174959
4545,0.1558128877009365,-0.0991999099583079,-0.31300735581465233,-0.02665719442784014,0.38956159675518837,42.92028955166279
4546,0.15037923302057407,-0.04988770930928409,-0.26741188560826384,0.019242483738129784,0.2810251522135718,45.36902657088321
4547,0.1452371950772551,0.03015779602886559,-0.2340513241267734,0.07679836424469702,0.1588425681550102,47.25808676802086
4548,0.14821423100021616,0.011721421170032211,-0.23660190068158757,0.062157556987621265,0.18408957008462426,46.38501269256002
4549,0.14098392650899622,-0.009316957150589087,-0.24457429810753414,0.047819050252037816,0.2152451996485745,46.33284434046075
4550,0.1623455290914086,-0.026807263843516286,-0.2674786291249578,0.040000584833870756,0.2503358625539325,44.518682275825604
4551,0.1644004346432863,-0.012811353333045835,-0.27091677175933077,0.05024050799321014,0.23635420690941608,44.72340192229937
4552,0.1536098013370381,-0.022063129142840535,-0.2508529069480203,0.04062582361864956,0.23649801496359404,43.66328471989556
4553,0.16376284921332265,-0.033219505851090333,-0.2602200069833363,0.0354228219575941,0.2521693918623342,43.10637321584037
4554,0.1529969419627458,-0.05771537955147339,-0.2921974538170193,0.011781942437313548,0.3192025080728753,42.75062162813351
4555,0.14070754324678492,-0.1318064871897188,-0.2967251610912539,-0.05419404754573205,0.42066554334658796,41.31986876204226
4556,0.1423240748703249,-0.12245513670298547,-0.2899292008565656,-0.043456061258906185,0.39971659678902927,41.5298748885517
4557,0.14976907247270144,-0.035019688784635135,-0.24017345811448051,0.035471830228454806,0.2357522164450054,43.22172356437949
4558,0.13184498360887686,-0.13804402622298892,-0.30350188258219885,-0.058786244903919045,0.43394008095137504,40.39261169741914
4559,0.13765179896588148,-0.1517963424093162,-0.311658475179886,-0.07231066844370874,0.456601819458318,40.47511114512997
4560,0.15096486807008708,-0.07071971659900626,-0.26184623297280507,0.002636071796496351,0.3064836039191409,42.557120395679455
4561,0.15227185142039676,-0.020719415072318646,-0.24691911684045,0.04040263230705948,0.22986732168748913,44.74201938433572
4562,0.12535317470819993,-0.12386175869465768,-0.17715481731818666,-0.03806438573057116,0.29792982117191397,39.143332259826025
4563,0.14847495695772986,-0.20164086003722428,-0.3432950386522409,-0.12704585880992192,0.5409181092095782,38.461420632662836
4564,0.13927503202819655,-0.2229100568212933,-0.37256574730363,-0.14744591103197174,0.5979920937149743,37.46033226976154
4565,0.1484796885528696,-0.2753460825278412,-0.358014099113879,-0.1986201313067262,0.6489776706129265,36.13831693888338
4566,0.16234443163350057,-0.18713447980721543,-0.3394569304098182,-0.11259632018038532,0.5246818944191617,38.66795969964992
4567,0.1662617939627207,-0.06099452799026834,-0.2882497477743624,0.007271794585048965,0.3215167457378341,43.06598967898977
4568,0.15869930863189605,0.016750043223086094,-0.21159418254660742,0.07906944534091384,0.13923693360797443,44.58091680686567
4569,0.16489667562465377,0.03395851996288209,-0.19979445539511984,0.093093233986658,0.10593042461743578,43.64252884905972
4570,0.1556936894635135,-0.006231078869079112,-0.21240474187414782,0.06127386494225312,0.17128494409635991,42.81593837219129
4571,0.15978113817985592,-0.02314268540633077,-0.23160477846678237,0.04696819294348431,0.21203540000753948,43.42193310136523
4572,0.16875517779784235,-0.02349946915440042,-0.247910514270381,0.04494790705596177,0.22807987968403254,43.95086880490407
4573,0.16110933616025652,-0.02360086628897733,-0.23566532360981363,0.04855787360938617,0.21345140131459667,44.65545277198665
4574,0.1538433619068369,-0.022869297678339652,-0.24307957518718953,0.04951807095293928,0.22100852353786266,44.33508283287803
4575,0.15272005540151593,-0.035125763280180265,-0.2701248927526423,0.038350190754990056,0.26390982967871635,44.20698829932706
4576,0.1496080132402007,-0.0559568640433025,-0.27536041017101454,0.019476821661519053,0.29776749534507635,42.87077172469826
4577,0.16048194270910485,6.965646106087406e-05,-0.2211895058932924,0.06990751970834569,0.16929818414941375,43.78369288951512
4578,0.16150501880197385,0.00467204745012725,-0.22721759449197657,0.07415350034373003,0.16784170084656572,44.070144630119344
4579,0.1545459784870916,-0.0169976537852502,-0.23961659715609243,0.056752441893961184,0.21003568132411107,43.66398698780851
4580,0.16660423879229705,0.004821446723474343,-0.24514746695916942,0.07547224800722592,0.18355883206542264,44.40670398240013
4581,0.1756072568764812,-0.005379774122949479,-0.2706074268213503,0.06399610976823085,0.22439447257729814,44.66950504610676
4582,0.16351358989262318,-0.021954112711017153,-0.26382343743925357,0.05540144319539939,0.23548918561191196,44.23406951807067
4583,0.15651378002457733,-0.003141859960055993,-0.24767287386014677,0.0713692069719925,0.1964531087539542,44.81995336732555
4584,0.19911693380711154,0.05623349499198463,-0.31126624640147826,0.11987851864654447,0.17701184198710296,49.18199969763242
4585,0.18342604963497675,0.012888919248678708,-0.3272296964334919,0.0825251124359124,0.25141088710675014,46.88634352316043
4586,0.17167243885490896,-0.03846675531109562,-0.36148208721765807,0.032299958439944695,0.35347988449657436,45.13672115574729
4587,0.16695968623108864,0.010213684108049728,-0.3224687448014679,0.07969738297679742,0.2537487662092233,45.65058413639714
4588,0.17606441548515742,0.013311575336227078,-0.329149819688757,0.08056075392160755,0.26284980773636235,46.02584953510349
4589,0.17836847927626995,0.009377446658913803,-0.3153480212365189,0.07928931768217297,0.24464698223448392,46.23913616957973
4590,0.17291193063380395,0.03599049381363371,-0.3480639284707247,0.09475967655635772,0.25193611633701896,47.92353022410882
4591,0.18126709609320985,0.034456204009487575,-0.3478783619729742,0.09596271951256363,0.24821335738080727,47.574246613161215
4592,0.1801893985688892,0.025019781697827984,-0.351716877339248,0.08740881625405911,0.26521208154469433,46.631508087956924
4593,0.18735766106620547,0.05952932648587667,-0.3560492599005017,0.11239618693148193,0.23114223797480923,47.14804927748933
4594,0.1829051258305135,0.04100696489939179,-0.3602935881582922,0.0993318964799027,0.25065918210073074,47.62867977361646
4595,0.1842947354213385,0.039645781430296304,-0.348585802985616,0.10377672915650119,0.23040851412348667,46.56485631336955
4596,0.1778986356736147,0.007260313884231737,-0.34345879452913425,0.07569433842645251,0.2738350433821694,45.272538787745745
4597,0.17934671479514172,-0.01343947483365414,-0.3169823810496389,0.0591010494571806,0.27614187365277487,44.50693940241425
4598,0.18014182703472634,0.014251834258183632,-0.2824033383704399,0.0861376812078318,0.21173656612702985,45.67611104673595
4599,0.14493446330703758,-0.09818201392554503,-0.07455994361650224,0.03800264339932312,0.15170687337747263,41.62848103259814
4600,0.11306062614633809,-0.17923576800058827,0.10845714953636104,0.011563600246278932,0.08399138298222839,39.62846592477903
4601,0.16714898575281553,0.030945978824249498,-0.21782069933746528,0.10968801397824997,0.11656772659150168,44.24175865990167
4602,0.1750071320859563,0.042124875255009804,-0.22531075564253256,0.11453862273087487,0.11066685868610529,44.86633833678728
4603,0.17486567215842128,0.0410420864025887,-0.22456125443125044,0.11182835366098381,0.11412970978891704,45.02740524591089
4604,0.171251099511832,0.03873914671355288,-0.2251477876825137,0.10806817260458065,0.12088873303712558,45.60351668690733
4605,0.16920646869910863,0.029031446355565194,-0.22119004812690382,0.1014027809246928,0.1289361979819378,44.572531466947964
4606,0.16451561404132808,0.024344024885078936,-0.19747230863024215,0.1018695820419348,0.106280324796991,44.89887519840326
4607,0.1581279315485251,0.023937392335265845,-0.20190213579954505,0.1015287064741324,0.11075628555063545,45.18922240345252
4608,0.16654775744389416,0.012191079657666182,-0.2508609502284182,0.0868806069387697,0.17533883781768145,45.61270665314698
4609,0.15606504272772503,0.0020540616471924743,-0.25144472690500513,0.0764875741928273,0.19517880181232183,45.762720128947684
4610,0.1536262766252787,0.004886180843411416,-0.2158096186157329,0.08290195079630935,0.15348183464598358,44.701026136001296
4611,0.15251169271365572,0.0046551397873612465,-0.22492987496274372,0.07927887124970054,0.16596448751968063,44.69394937814213
4612,0.15349151760727242,-0.057008978106185666,-0.28251660218596814,0.020712079367503102,0.30392361330954815,43.353867678275094
4613,0.17615363859559338,-0.08862822621448764,-0.3447552121308877,-0.012951152246737596,0.4012888465379624,42.203001211903924
4614,0.1498882648454195,-0.04006156519970882,-0.24299378164212693,0.0402529928784101,0.24198294368153894,43.191334203988134
4615,0.15679391838538376,-0.023276835364152385,-0.23233913469701598,0.052998193833687826,0.21086696559010754,43.71510582696747
4616,0.1568449845182842,-0.05170421606883301,-0.2689694953817075,0.022219774211034996,0.28803244179292936,43.01588719487794
4617,0.15751142260852624,-0.0283823362833717,-0.25245809368249744,0.04479556753741394,0.23765111682542422,44.035674012988736
4618,0.1603313586421676,-0.005247802711092674,-0.2417045609016329,0.06146941584422209,0.20090578302236892,44.84512517481236
4619,0.15297299082536095,-0.03148718635520091,-0.24531481821942103,0.0390730548062933,0.23711459539400012,43.560438731470185
4620,0.1573216494448058,-0.04011090896328408,-0.23718193741046142,0.035000240596110115,0.23885176750665685,43.36489195759503
4621,0.1531944772255606,-0.01719400288093028,-0.22837463767212834,0.053367188236986336,0.20324890066342596,43.68177649937833
4622,0.1577777551577602,-0.03468787092734886,-0.24771615439138933,0.037098590522814744,0.24452983935385111,42.94179645903696
4623,0.15163938319307807,-0.0845074427255004,-0.26273744470267313,-0.004316290432150943,0.3219188340463097,42.1558553326392
4624,0.15506391726767016,-0.06164234234735068,-0.24684950237122139,0.015566144545684396,0.2735119434745518,42.22318218195171
4625,0.15740431904744734,-0.05393635556886805,-0.25059155184170956,0.0218216695272697,0.26536354478233154,42.56734556314903
4626,0.1560390262058294,-0.09527529795888465,-0.28021690976641583,-0.014554634406315135,0.34748648132611504,41.87149586949738
4627,0.15395496132517872,-0.06072061417559595,-0.24895118632075855,0.0169663739031175,0.2727358797612149,42.58705220309997
4628,0.15262613858971966,-0.06155044645329722,-0.24535792019598493,0.01637634502110226,0.2703832751294985,42.63878689231513
4629,0.1503097589082413,-0.05975089594675103,-0.2431875819220168,0.01741513320906604,0.2677495232428447,43.03118308776827
4630,0.14607984563448395,-0.0030643146506100175,-0.24225641268888662,0.05279162783199487,0.20769006664355513,45.27386398583047
4631,0.15232540136162456,0.01792865056998808,-0.2473783886391372,0.07128364676892512,0.1784117192405491,46.328844790316936
4632,0.1555639158236459,-0.0020414299251765617,-0.24293752963251367,0.06013878435231684,0.19523026588919043,44.580108191814965
4633,0.1667660654362651,-0.0027002281179669407,-0.24321984336960498,0.060443286913408105,0.19657692928695042,44.05931939349112
4634,0.15956256492819249,-0.044053520463212474,-0.24340739376769108,0.029960469333433885,0.24841556253121685,43.71217545703703
4635,0.15376431338662105,-0.030633493786060097,-0.23660871194424657,0.03907275195721121,0.23023940228109832,43.53287032760325
4636,0.14518343516454724,-0.08228801862217999,-0.2794604713413875,-0.0093677786592468,0.33679548233244977,42.17441020025061
4637,0.1418670121947395,-0.15972466609934532,-0.31447607085025503,-0.07859251978601342,0.46711988092863344,40.33056084084019
4638,0.1497709235306759,-0.08823111361424277,-0.2740222639033779,-0.010046831566590522,0.33767133772903013,41.92210791102078
4639,0.151978497436359,-0.07127981721176821,-0.28147403383487024,-0.0012922481615246918,0.3291512604794264,43.01947165807337
4640,0.14367721120354435,-0.10249275443725107,-0.2776560248792378,-0.02472786289450598,0.361903257250863,41.71868791505148
4641,0.14759481889988707,-0.10526578927528919,-0.27890159811259796,-0.02471706023503284,0.36324314902954596,41.73323597499235
4642,0.15030313052546368,-0.0575759704538392,-0.2722211011252105,0.012987412198100375,0.29615723249427806,43.267386417483515
4643,0.13895714566444506,-0.08676694828546518,-0.2384788298048526,-0.010771822998942842,0.3058338680321648,41.47090015023952
4644,0.13196716441512046,-0.1300816464108806,-0.23341423238476167,-0.048129950236875205,0.3578179814221493,39.64959441366294
4645,0.13918571944956226,-0.17986140220398325,-0.33245481577323743,-0.09970629852930653,0.5054281884203975,38.68401001473534
4646,0.14806554762353014,-0.19646847431854,-0.3366886149128238,-0.11856518242540183,0.5311137855705709,38.927671835011985
4647,0.1541592685356392,-0.1415086783155926,-0.3243858231469726,-0.06689496135748556,0.45510117534406674,39.89077761784084
4648,0.16534601032719087,-0.022236947537293692,-0.29518766900537213,0.037704253122781785,0.28071996383808323,43.94127867217733
4649,0.16046001124779768,0.020190137977167604,-0.22890990414129875,0.080371071440318,0.15099962836121267,44.59809801510058
4650,0.16145105393591974,0.03571466951135315,-0.20623239781672084,0.09298552810039655,0.11067608327339272,44.16716619592691
4651,0.15770617245338564,0.029884552891797502,-0.2083297282480282,0.0870411762793774,0.1221202058657494,44.195452896466
4652,0.16332829386176204,0.02300613408804768,-0.21081635871758325,0.08279034530096364,0.13290900124792296,44.71063766392989
4653,0.16257471818405375,-0.003363179042493687,-0.23973128970006677,0.05950511324817762,0.19484930609082032,44.92289001395922
4654,0.1573210669366386,-0.027728249818489214,-0.29451916452809906,0.0357096626356116,0.28757906054244453,45.208181634010884
4655,0.15586302640157063,-0.0022986471641972535,-0.21985968778149156,0.06776152422919592,0.17006392865089956,44.77720817737873
4656,0.16169434161001067,0.024707317240609383,-0.21185125069238864,0.08835673708288207,0.12785160789990585,45.424273992594756
4657,0.16476417350963424,-0.011140428590397508,-0.2424462382861283,0.05872744537165767,0.20478219383544582,44.434953302663374
4658,0.1706765522273508,0.025945648635396733,-0.20758333290199696,0.09121618399721851,0.12218596057849973,43.89505671889344
4659,0.16916290436817166,0.01949090929169003,-0.21276354635678038,0.08880315676087554,0.1319111159308823,43.71327258281639
4660,0.1692876415429993,0.016772263631039595,-0.23062818437729377,0.0844693925923999,0.15512050304818722,44.71067319305273
4661,0.16589687609077633,0.020660044144481818,-0.2151530415769499,0.09098952237778597,0.13419504803347632,44.8399435591864
4662,0.15910306700843535,-0.005525505386800571,-0.22168527464999405,0.0713020722144892,0.17564651689054436,43.97253024645293
4663,0.14704580653482374,-0.029318570153444513,-0.17888930260614383,0.057284686623493654,0.16654995898607666,42.632443773103745
4664,0.15813266891272137,0.028711000645265026,-0.20710392801882152,0.10182666803524139,0.114819129833874,44.52065618981764
4665,0.18283180965757886,0.05190958037698118,-0.33224940428868843,0.11160072718861816,0.2131490714431979,48.92102010508
4666,0.18115310228094475,0.0018526821899038895,-0.32263917086144045,0.07280165950361606,0.26504576717911865,46.73932629496387
4667,0.19218410422369234,0.06223404151002895,-0.3187242555733494,0.11907672409387149,0.1837490959962563,48.9751232563552
4668,0.18559524964071514,0.046169541956634426,-0.32991074825458,0.10767486121736222,0.21592110287394703,47.49428736257529
4669,0.1897254674861231,0.043594062087884335,-0.3582240774397041,0.09902461497694835,0.24953601424397354,47.09838357566624
4670,0.18610056976811282,0.033737506997235066,-0.3406343426742907,0.09597024733391962,0.24208025256672527,47.231540250686116
4671,0.1768241979214783,0.02866159298151451,-0.3316417121523044,0.09194317826320984,0.24133815833316713,47.42162707139731
4672,0.1867260940440164,0.06333823434000711,-0.343483550752886,0.11840094576236497,0.20822003148496473,48.34826157650485
4673,0.19657211043748954,0.1089611331318923,-0.343881051776795,0.1494587546028082,0.1580341962202439,49.323970981967676
4674,0.18578130600655055,0.07264722013755846,-0.3410241059075408,0.12180258967688445,0.20102510028189138,48.26401925826602
4675,0.18906226412686306,0.04693666019664987,-0.3541462902842033,0.10512945801938085,0.23661515742128453,47.57210462084476
4676,0.18682263207407457,0.07380250240023147,-0.3447152397622905,0.12598811372566948,0.19662674172368347,48.79927272636182
4677,0.18110892117607602,0.08408590879374601,-0.33378681113404013,0.13521283221613115,0.17092844929659864,49.27529163525675
4678,0.17643232585624455,0.050501371942791334,-0.3314966706995344,0.10997342084836477,0.21347714764366899,46.894356467176735
4679,0.17705464011196173,0.009739960746639157,-0.30813492525637115,0.08015846106472657,0.24039298809229226,44.74512232672439
4680,0.16950324922784216,-0.04332654245940006,-0.29945573426051486,0.04191443120029752,0.28895917956406336,42.445345209687844
4681,0.16764385069047621,-0.0010835361354548615,-0.217372016492389,0.08779906916624271,0.15734227888779034,44.136054586978354
4682,0.17057431455101996,0.011620239099743959,-0.22792559307691582,0.0925048905518352,0.16129293423831262,45.19493124803873
4683,0.1733781483963465,0.030726136504290347,-0.24078756742693455,0.10383497228596399,0.14652501128207185,45.22578116256525
4684,0.1639984138194781,0.014603810614256805,-0.23114621568009414,0.09437145203643862,0.1453181187015367,44.379352025744055
4685,0.17009139073428517,0.003805066110427631,-0.2611755513117908,0.07802286354884336,0.190141247707909,45.86847769927743
4686,0.16641984224653336,-0.0181230306729281,-0.22657704940420131,0.06629457175337415,0.19234972014117363,43.88320133995556
4687,0.16635547394620692,-0.00961599465768806,-0.22610391870269272,0.07198484297544466,0.18139792408740849,43.54852683408709
4688,0.16603309695830704,0.031282356523863686,-0.21718151811235714,0.10585551580273325,0.1179501092052234,45.315201372666685
4689,0.1682758302829514,0.022334891643917602,-0.2396900178140285,0.09269726430896941,0.1578769497397529,45.38747939064033
4690,0.16719026067594536,0.0030458863008881844,-0.26568941370573934,0.07814838517248139,0.20539519091998212,44.96153754539193
4691,0.16491867277354372,0.023873839797761136,-0.24484924943419256,0.0924154767023401,0.16336901033509255,47.08333819153257
4692,0.16474791741013786,0.041630832864986804,-0.2224487978859139,0.10485475481563739,0.1227757709178202,46.50184721096413
4693,0.16438946592798434,0.0427310416136369,-0.2120781584580453,0.10776532483020947,0.10903443338849363,45.4563246904436
4694,0.15980737492671362,0.017038480850753015,-0.21743491593045697,0.0884356353269561,0.14409903081821923,44.835391624767645
4695,0.1590503139773677,-0.013259392032586371,-0.23906298176667762,0.06278220955805457,0.20298152402893865,43.588665625725824
4696,0.16228456077261091,0.02028932035680563,-0.2097804225466763,0.0914433767654901,0.12970718537927986,44.15659511587087
4697,0.15799723718286698,-0.036765080771222786,-0.2501022749485462,0.040937160244872796,0.24707956805252987,43.60016989610529
4698,0.15524875833047014,-0.033038362472840935,-0.2397260887729833,0.043928488454606306,0.2305656723210922,43.86926040561814
4699,0.15475187288800682,-0.024345069379489936,-0.23284263100351965,0.05144892198660744,0.21265465528200278,43.845960060764774
4700,0.15979856011476778,-0.03857054530746492,-0.2592534203788915,0.0355141088858193,0.2581504979992973,43.28138337172558
4701,0.15533074134089384,-0.02456643782325061,-0.23998803899198204,0.04711054868312266,0.22179752303126543,43.849027610858634
4702,0.15705953875824957,-0.043451309548860576,-0.27261783590994304,0.02822033645679539,0.28001680602126117,43.459157979887515
4703,0.15466617141331382,-0.07153336063809229,-0.2843487632619358,0.0007416061814463852,0.33037498011012567,42.650610339763375
4704,0.1539716965927712,-0.04879486195682836,-0.24944599743733864,0.02826542770881367,0.2635947877685685,43.04853516682116
4705,0.1597411242053909,-0.06537327052485241,-0.2736157307741906,0.010292099045958071,0.30599000291224454,42.39475487923522
4706,0.1538561618006292,-0.11319116415434345,-0.287318259406476,-0.03276384227453841,0.3762187729423745,41.46866236116148
4707,0.152134412826267,-0.12927558772496722,-0.318020454575918,-0.05077637310184784,0.42809908630266424,40.77873944393032
4708,0.1533723722755735,-0.09753825053247872,-0.2993981082771995,-0.019721456801292846,0.3706158997131186,41.972950111214885
4709,0.1585479303052185,-0.05874910989545065,-0.2604402337419696,0.016789946949869385,0.28201071404874417,42.04570331109494
4710,0.15359106717250443,-0.07480922042352434,-0.26726794487436417,0.00035237530703247663,0.3118726161842296,41.90321279705538
4711,0.15411463900656613,-0.0659824979032709,-0.2838650885681742,0.005642137373123361,0.3190057263974697,42.22278949445935
4712,0.15506707862711672,-0.05314344514647758,-0.262622341757206,0.02040804255163456,0.27579605453025485,44.12339290744739
4713,0.14674535721267654,0.00872634657028615,-0.2243127581939973,0.07248461152006225,0.16203991111670896,45.56820288730058
4714,0.15020990262963305,-0.03703557395017659,-0.24670372164851478,0.03429625173632782,0.24527946374590273,44.408564329673325
4715,0.1608012038086105,-0.008583963972419551,-0.23809588074450727,0.05635652262423544,0.20230992802314926,44.33541433648426
4716,0.1641447018489966,-0.024939405648908022,-0.256272889985758,0.042370990586219154,0.2408057551245873,43.1764530579187
4717,0.1516051520560203,-0.04437433091459242,-0.2189824572860256,0.03192164031208551,0.23470348500908594,42.12431778961628
4718,0.14705539343395574,-0.14329173680980042,-0.3213194828873849,-0.06925359527569652,0.46166196907628154,39.91136247133346
4719,0.14929841886370193,-0.08103263738247424,-0.26639614403177736,-0.0029590055553224237,0.32232082260059214,41.64002862224191
4720,0.1511539298412865,-0.07210203823361473,-0.2625490524015304,0.0042096597832163565,0.3054028821280521,42.57128149267527
4721,0.14895252944958473,-0.10613975745318033,-0.30124803329813743,-0.03027252397558341,0.3868421741473737,41.59996018586272
4722,0.1438446717558825,-0.10385284711813196,-0.26699613219108803,-0.0212413428560345,0.35174309757056904,41.024394949044286
4723,0.14371072639090315,-0.07912116488561378,-0.26125412648961915,-0.0008781371333968763,0.31437397389992744,41.11487039370594
4724,0.14561257183316553,-0.034806028752251826,-0.25077025505138534,0.03610767616601372,0.24567555229000873,43.646844797977984
4725,0.1366475386591986,-0.06562504515692118,-0.21740298784539364,0.014539541302282029,0.25766386446337686,41.40748147140298
4726,0.1533148389257057,-0.05233875806713561,-0.2025461867598307,0.023824559445580002,0.23487911254360466,43.87305027778645
4727,0.1486426722936711,-0.10290199432769508,-0.30662388778366,-0.024825776138739652,0.38622867330225713,40.74543401040126
4728,0.14609210425434144,-0.07607165323955657,-0.29376685399504054,-0.001719846429724952,0.34080322906093025,41.45949062016159
4729,0.1523414637257855,-0.041078320131290466,-0.30367287092924455,0.021160265069067444,0.3177291901373204,42.34317507064962
4730,0.16212928679071908,0.0030718608371264303,-0.23744315007864808,0.0685609577295853,0.17799272301026595,43.562186081099334
4731,0.15936986683468393,0.029490943910730157,-0.20834576069329114,0.09276787684061436,0.11296078919606535,44.134461210828036
4732,0.1650108252537893,0.0339204587024108,-0.2038073163010218,0.09355203079615089,0.10779850830193759,44.08714122823789
4733,0.15917972110298698,0.034399693726299384,-0.19846041225447394,0.09424766450618134,0.10431028349351056,43.94865391121419
4734,0.15894090592040427,0.0352234747437033,-0.19699691297572974,0.09572298549677945,0.1002198821274652,44.06261350109154
4735,0.1658481940985745,0.03459993506219127,-0.20973634640458136,0.09346964047812047,0.11516290881049138,44.60539675163531
4736,0.16265108675404655,0.0015998933010374454,-0.23327183260927287,0.06592292374767574,0.1872911766267288,44.35901846467243
4737,0.1643433457796578,0.024756113274595037,-0.21604405059684917,0.0874619415121436,0.13435853937337758,44.887971995358335
4738,0.16535987302413774,0.031806352417756714,-0.22019726857241614,0.09293151896708028,0.128656012185846,45.17255826821138
4739,0.16592295985171418,0.010608228960470766,-0.23108401927906666,0.08211845705049295,0.15877174862070045,43.19241180778612
4740,0.15906022454865587,0.023862528638661458,-0.19789622889260527,0.09709882343008201,0.11021578511440461,44.24436992509674
4741,0.15577145280392837,0.03287717269531432,-0.2192168203820051,0.10064300433796727,0.12487698888610489,46.140156241833175
4742,0.15243065561248348,0.03545756126044469,-0.23123767110857774,0.10173429939941561,0.13480162449160618,46.88779440143765
4743,0.16957931648296723,0.03462127305932914,-0.2697532788305293,0.09784670147828463,0.1732857938458888,46.53457996332909
4744,0.1603033022837439,0.019694970904424035,-0.23439292297878886,0.09471433921633449,0.14972633950136638,44.57042000530023
4745,0.21177565747463223,0.09811183715131619,-0.3222280294175073,0.14997734589791392,0.14004187744066168,50.15534192256856
4746,0.19601811380940068,0.08235338238859374,-0.32400799895771715,0.13749608267956215,0.1628486932423049,49.10080537075768
4747,0.18848369658369699,0.06713166335574705,-0.3261146241296674,0.12369547739439832,0.18834095893444744,48.06884638574888
4748,0.18876388110533096,0.05634042560806998,-0.3196101300077704,0.11639433766369976,0.1936104181747878,48.28863262082218
4749,0.18776645718962254,0.05361416230279927,-0.3318792219606324,0.11366433899952978,0.2073816226471727,49.56360817827807
4750,0.18430399440195713,0.039417703114385375,-0.3355064704925774,0.10242986729213215,0.22841996251108354,47.75317534791605
4751,0.18291788657964486,0.029960885483905044,-0.3332297240489756,0.093376244282144,0.24140389555648936,47.108374283030564
4752,0.18117027280490874,0.017414399900165328,-0.3416608012172772,0.08206376476787774,0.26254578894271063,46.55124391580663
4753,0.1804242538163122,0.07077323798461053,-0.3387564993911623,0.12466404440179579,0.1940559470718182,47.41854794022864
4754,0.1830353789368695,0.1172156152339481,-0.3492948332804377,0.15272891553813137,0.15823938141020344,49.66114522546955
4755,0.1762127121066798,0.10930717911514139,-0.353603990642334,0.14539438890877227,0.17682190871804526,48.402591061799995
4756,0.19085653546297257,0.11871439749301682,-0.357231197445916,0.15441365849500485,0.16122961517434845,49.53981356788025
4757,0.18551251908167454,0.025944980133117888,-0.3610539757897529,0.08960567098585419,0.2704935115879099,47.39900513348994
4758,0.1861618577278308,0.022102694167103195,-0.36638194155331805,0.08225284935998411,0.28475371246128295,47.27743445150595
4759,0.18160958007230085,0.06699610909519123,-0.33412072818140803,0.12226986442266644,0.19459066184846074,48.92243076685129
4760,0.1867466219713546,0.06544418693128319,-0.3347538250722464,0.12486457543631982,0.18518258011161562,48.32924505141533
4761,0.17905006941329718,0.036356265580674604,-0.34517968697269524,0.09939254738916112,0.24362507466904576,45.62601236693422
4762,0.17859775841712075,0.0008720295302218049,-0.3004452229427573,0.07474927841894839,0.24410581882314708,44.665032843663724
4763,0.1766845167559938,0.019540474047823796,-0.24553786966067354,0.09656203741463659,0.1618818779542369,44.17641182955159
4764,0.17562221914998785,-0.09552477581974965,-0.2889237144357779,-0.0053885817769621725,0.3416953728711973,41.94722745153907
4765,0.12991470836400754,-0.10026862035643162,-0.06724274158050421,0.029338364657305112,0.16503536691075693,41.02676347744617
4766,0.12629045170507014,-0.09191758988186297,-0.034027660404177006,0.048453482940818846,0.10800286887998217,41.55953239798562
4767,0.14411226497347754,-0.03541316655449499,-0.14271537950485877,0.06940479106331279,0.14567195619288495,47.64021810856546
4768,0.1206837614477334,-0.13173124152976246,-0.00768621467691479,0.019787067098033892,0.14125874244497952,41.693334057366826
4769,0.16109581607782178,-0.03182448388096395,-0.18219199447429332,0.06780407107234294,0.17538391245243418,43.66375571496893
4770,0.18491544051845762,-0.0009882227655278561,-0.2934594136265059,0.06870054337265129,0.24341393108178785,44.98549137912691
4771,0.1648933143790611,-0.030434402465987154,-0.2615226953430489,0.05281537422138929,0.24607302452757923,44.006821314920515
4772,0.1602271543608705,-0.02721728297490097,-0.25779157974930006,0.055570579685477864,0.23716129440121556,44.733653891076266
4773,0.16758798417588514,0.03395110877020499,-0.24448390953166577,0.09860092248053356,0.15420943493347375,47.06509119252454
4774,0.168260398465513,0.04006558424275762,-0.2484145248701618,0.10386058074443816,0.14420658467029293,47.50892702986256
4775,0.16388599465073875,0.040512375459186,-0.23110102742121288,0.10262747960797633,0.13345163574460808,45.881779528974356
4776,0.16050884083996805,0.03318082473801555,-0.21477132117540243,0.10285815720542295,0.12030890280510922,45.37439855187007
4777,0.14779939418570787,-0.014043798801643104,-0.23668096995950347,0.06434070227855797,0.2015066850047973,43.81430410148679
4778,0.15796636756729895,0.028473115174248734,-0.20098880773867567,0.09920070636821339,0.11009287939113821,44.44657074777851
4779,0.16549213183805744,-0.011606141198688802,-0.25437037120326633,0.06101361706313824,0.21695709226882764,44.30809081398762
4780,0.15175237727153607,-0.03115072754302502,-0.24026166064809637,0.04575685936553048,0.2295943485049265,43.38501833172364
4781,0.1506044792062498,-0.04662696801086837,-0.2632721802677047,0.029167085725196416,0.27525641192705824,43.46901762856948
4782,0.15276196626654756,-0.06282502741656373,-0.2461925728602293,0.016851281164496322,0.27565085156773367,43.25984202711843
4783,0.15208213321728842,-0.05592515223449463,-0.2427571371361954,0.0232980643523211,0.26365487650267394,43.43098779819504
4784,0.15343838519692637,-0.06627031880756859,-0.2566092027757973,0.013257777825786932,0.29042986700892837,43.15467856086532
4785,0.16206778062261912,-0.06451433252116386,-0.2689081980518169,0.012873977737929742,0.3024088720126751,42.71273278167001
4786,0.1590570851740443,-0.05427095827544823,-0.2449927890333896,0.023245062176356038,0.2631227302452964,42.499847468170735
4787,0.1546386878296321,-0.052254989243406755,-0.2410722555821556,0.02610247831970508,0.2571618322274399,42.96511938934413
4788,0.16046788635916473,-0.061232773214934845,-0.2670859562904759,0.014845158180817067,0.2935730461693412,42.73112258336375
4789,0.14699747115639153,-0.10813230252867455,-0.2840393714671563,-0.025116446270946356,0.36443104078285327,41.51686423597206
4790,0.151448630062409,-0.06582031300594207,-0.26214888862051405,0.010458919414815767,0.29622159019095995,42.319177278420995
4791,0.16294521834971445,-0.03222878536709745,-0.25159227487902674,0.0415811111741002,0.23937906020226893,43.294896111466706
4792,0.15164243803469837,-0.0828233436624793,-0.3061598352795822,-0.010209348586174541,0.36082962202743385,42.12035269725516
4793,0.16034364115016841,-0.05405249690899933,-0.3076412541655316,0.009028383074613637,0.32846831055147147,43.71518017541216
4794,0.16318378394488373,0.03299187264581706,-0.26116894784629036,0.0838620812991156,0.170045191892852,45.90077293204272
4795,0.1518371061827459,0.002214270179318071,-0.2318865643325913,0.06362483600049114,0.18462112117699767,44.82697099448472
4796,0.1566043785230764,-0.0046729688189998085,-0.22852188944629157,0.060485005248969846,0.18712379212183294,44.25507155131104
4797,0.1629552947227985,-0.029137640217469268,-0.2528685642135719,0.039657137189205646,0.24189023087757922,43.694412418923456
4798,0.1649689856427954,-0.04715541081077169,-0.2782939725617823,0.021466079062027344,0.29143641328346703,42.141508296464515
4799,0.15157079590031394,-0.1432079283068621,-0.31235574261647725,-0.06353791952286675,0.4372725466192908,39.72849472108877
4800,0.14606805043056498,-0.2489791907768743,-0.3017178505995742,-0.15729866955191882,0.568682442090546,35.74317433581384
4801,0.15383174024933813,-0.10838881669341344,-0.2924394771061463,-0.030529915981930552,0.37726800739871613,41.2385349668854
4802,0.15552548140861341,-0.031700218416239434,-0.2456702038058253,0.03731387351653425,0.23833318597480127,43.454426867155206
4803,0.1580543267369722,-0.030527579881449805,-0.24028675782185369,0.04104561876285035,0.2295137443478429,42.97290039777031
4804,0.1562835166284594,-0.027851411991392877,-0.24379248670353287,0.041407112321113104,0.23175309660504134,42.84751400435191
4805,0.14904977161958208,-0.05635745468367418,-0.2512336582642362,0.02175161497794666,0.2693021047749452,41.831880576757676
4806,0.16892049577418686,-0.03844198556111977,-0.2616865426987146,0.03616235646821711,0.25683748973756504,43.078983346460674
4807,0.15017876524444404,-0.08580283337858739,-0.2727675003762938,-0.006337267424839437,0.33171929084107604,41.37403273912724
4808,0.10140558742906398,-0.21976870856345704,-0.030736611366034092,-0.09086818121316911,0.2816443546947275,37.011986916971715
4809,0.14491408211307114,-0.16982192377388422,-0.2967444147112811,-0.08602309174437966,0.4711401051043746,38.97834151515185
4810,0.14139593535292425,-0.06000864875443126,-0.3561481698034242,0.0008604100754659098,0.3923612581770316,42.056539321158766
4811,0.1490014247701887,-0.037710699650599935,-0.323446664537828,0.02238024490179596,0.3289655333342242,42.431095206052326
4812,0.15616963319681948,0.007484618665062886,-0.23526352412511709,0.07161918211107256,0.1721486957924199,43.586593343835474
4813,0.1651059017241309,-0.004668912879649287,-0.26280873138993993,0.05983160851485639,0.21633054372671895,43.94972781634778
4814,0.1679055205582555,0.03428065364597758,-0.22340317327117976,0.09278560945532142,0.12651724930874947,44.22802635746145
4815,0.16423757033079614,0.0324590394860676,-0.20676963292136225,0.09309130573263942,0.1138405579663062,44.11227413756902
4816,0.15985768452657803,0.03423507625812072,-0.20031471349650012,0.09611118112003632,0.10380686898943907,44.148458561860025
4817,0.15854908192381417,0.04391796480552406,-0.1988099443064283,0.1026036915449866,0.0905958834566122,44.44641384832051
4818,0.16077929504547828,0.04605578856668667,-0.20528694988993143,0.10343680787819405,0.09594403297899984,45.73660944370876
4819,0.1568647630136074,0.031489033802377366,-0.2108884766587807,0.0934645532908575,0.12220449171035366,45.85471182965111
4820,0.15188187990402496,0.008217248612650144,-0.26589033311820537,0.07815548330675094,0.20607662326314732,47.99885725091229
4821,0.16740345387483505,-0.0031567540566929783,-0.26797608027986464,0.07437956881664172,0.212699674402644,46.19135997907248
4822,0.1943362345461967,0.059019610481895995,-0.32989877163328196,0.11771156229567768,0.1999942197761097,48.258461827628224
4823,0.17969249960492426,0.02800488094262733,-0.286279445907206,0.09703338106958122,0.2008425117694379,45.89715419609724
4824,0.18382046279638284,0.02794076352870688,-0.3168550940522414,0.09466258075982635,0.2274018619706411,47.91132145087092
4825,0.20498127194948923,0.08191777145570281,-0.31752987928074955,0.13661834615105892,0.15680733654361317,49.90009757198193
4826,0.20056850193677486,0.06706630134265665,-0.31626910773602807,0.1253216931867214,0.17426704186181158,48.5077029506348
4827,0.19061937076165997,0.07187988265176294,-0.31958260337346184,0.12856861581606477,0.17211392209591678,47.99324115063294
4828,0.19021103883521281,0.07626081128856754,-0.33824476674572324,0.12709856221115345,0.1894539938332054,48.28963569645578
4829,0.18901790444925018,0.11735574762486861,-0.35561270786833343,0.15645805425732734,0.15568398504571024,48.88239135387421
4830,0.19660325323795944,0.11318575177967716,-0.35303013736373073,0.15387727660948736,0.15920215476156283,49.01205155732201
4831,0.178212917982875,0.07444753454087284,-0.34663274887698425,0.1203690078717181,0.20830055395273606,47.89903042468071
4832,0.18636984929641282,0.08908975518403357,-0.3662870586280969,0.12754456287418137,0.2117731762869986,48.48574913362829
4833,0.19122451990861208,0.05529267137308355,-0.3467591394603608,0.11229278829528277,0.22231756212175668,48.496018196121746
4834,0.20948097569790197,0.0549705837900987,-0.35538084733091907,0.11601609644493005,0.21581864034083473,49.10595783767765
4835,0.19249861601358986,0.06953846094725233,-0.34558532242884726,0.12534653017437353,0.19602796431821862,48.751407613146085
4836,0.17355736021054882,0.01836681191820993,-0.33448975403277714,0.08681129920899751,0.2479632325149347,46.781921870002115
4837,0.19291436189682723,0.020288040864926048,-0.3419898894454408,0.08999434622437907,0.24795981846933257,47.20216726807765
4838,0.17387007259093662,-0.007373037767036213,-0.2924914382933174,0.07026237350644567,0.2467627221124087,44.666246541602085
4839,0.16317649206470644,-0.018472332667824144,-0.23715386097692565,0.07214164013963872,0.19900575480798047,43.26084296270532
4840,0.1582325956378021,-0.12953641521794992,-0.26601321750731677,-0.024061512785592837,0.3602307235417479,40.95112819149988
4841,0.1004553329108041,-0.09767095804075726,-0.005172206332831781,0.04345908851648988,0.11157709818116958,39.17501203149372
4842,0.13484888484027305,-0.02237427329633224,-0.16665661105911972,0.07930492774359973,0.15204287409509804,42.01625486143494
4843,0.1661263942194978,0.014863447719453,-0.28357348199687815,0.09035780520405243,0.21226620797178677,44.57974849797758
4844,0.18637236525474615,0.015240846495454739,-0.29065669308076825,0.0862190460956975,0.21646562118610474,45.82946342137599
4845,0.16340217401754242,-0.044383229865171396,-0.2779765387510038,0.042024102665135864,0.28119522839077066,43.323339527555554
4846,0.16339617904475637,-0.04159129433562187,-0.27822294465387537,0.04320515822468414,0.2773515154641586,43.69171631789609
4847,0.16474357310900456,-0.044082238824230506,-0.2948413505813837,0.037887086140367884,0.2984255373050971,44.59662983969215
4848,0.17121913133287067,-0.03091078818342279,-0.3100611395335478,0.04459376240640474,0.3005868300224861,45.18714160024237
4849,0.15565052052500583,-0.02187604140656567,-0.23869685952716618,0.06016751036245265,0.22210541094744465,44.512530155386905
4850,0.16392173532327697,0.015009940016433293,-0.2602564013347755,0.08836659053708855,0.1846040879740304,46.3582786477508
4851,0.16651326683202872,0.020814665511911506,-0.24612911740834628,0.0928289887361107,0.16543771111741504,46.02835726381423
4852,0.16064939345197188,0.02777231905087015,-0.21250139370405902,0.10034682160106229,0.12355144871524835,45.52086293699187
4853,0.1580793781201741,0.0006924266648862934,-0.24026196452825055,0.07283125923739055,0.18957377514886065,44.847073398016
4854,0.16442776295511277,0.030642186552768562,-0.23298843839442737,0.09343360796551786,0.146841030655426,46.344334268111425
4855,0.16916295933327005,-0.004043278548027302,-0.2619537184187333,0.06507872466021727,0.21499410979884995,44.83127241205878
4856,0.14794276628809758,-0.061688061313979865,-0.26939223565642334,0.01782294423864668,0.30088617251680577,43.091045679797595
4857,0.16291710016328065,-0.024335975805194626,-0.27355617863438875,0.043417886513210616,0.25962602599998436,45.47236196003924
4858,0.1647314223573673,-0.04872489150491308,-0.30452892415481303,0.021838014577356755,0.32136629732855554,44.389554949726495
4859,0.15234534137590736,-0.08335284193078159,-0.26992893603118406,-0.0018138781237264357,0.32766531100889257,42.19648647468832
4860,0.15317727371637269,-0.052384629607326365,-0.25089895285739927,0.025289148546610175,0.2676089870652108,43.4257446368635
4861,0.15068717106181687,-0.07513698414820805,-0.25771277882994126,0.005775694846764094,0.30547025891332247,42.84432359578249
4862,0.15084039010038144,-0.09565356793705425,-0.2675883016035853,-0.013023110469329977,0.336386316572886,42.064702480765284
4863,0.14740821083177222,-0.08603920316126007,-0.2579842634919833,-0.0041017353917361865,0.3154060246451728,41.90646048373749
4864,0.15551369572405915,-0.07231248107340499,-0.29878762704667533,0.0018065442357636117,0.33880203890375993,42.139319305202136
4865,0.15482856331118433,-0.0915569786351873,-0.38064819520561655,-0.02472413979120611,0.4464318815343617,42.36731029840008
4866,0.15318134075877846,-0.12426403986698849,-0.37467285433484027,-0.0531998932367215,0.4778800664728589,41.57407855897485
4867,0.14974619795337107,-0.07199569140910453,-0.2693384861359976,0.005008894354314393,0.3109549251513699,42.23678298983485
4868,0.1679615015799983,-0.022004353399352347,-0.3023681484393432,0.04249924738589776,0.27807347583221753,45.0777834488922
4869,0.15822440503932614,0.021175352773233246,-0.28554736379098006,0.06559334665423985,0.2239204275238222,45.25096653490698
4870,0.14774742411837818,0.010535524893785267,-0.2167380460281566,0.07379873195381219,0.155926521149168,44.39090874874055
4871,0.15781766726023447,0.020209576952071328,-0.2147480998368108,0.080357054004467,0.1426705937201355,44.08466114013551
4872,0.15995165408515583,-0.02862183140462263,-0.2475724591257619,0.04091458045965372,0.2335874405755836,43.71619385863662
4873,0.16098566867117042,-0.1736003486381292,-0.3383767042017794,-0.09544906166037681,0.4970874593040366,39.48362444158564
4874,0.15443459594583286,-0.22798964446301814,-0.3567788756641068,-0.14675813950768962,0.5830023680073059,35.580737128025895
4875,0.13808390484373043,-0.17720743147773277,-0.34009561814214617,-0.09629196662126363,0.5162318255214363,35.89298702650875
4876,0.14257303498517768,-0.21065676079197637,-0.3484070836830876,-0.1303707986773395,0.5660177098673538,35.90010229560905
4877,0.15535344113098948,-0.08980255783348998,-0.2829720171262236,-0.013251643757844192,0.3416016601274216,41.32246748625977
4878,0.16501222554432673,-0.02812023785691643,-0.2742825391415339,0.03896504101843193,0.26167498955302854,43.611524082651
4879,0.15003006163159152,-0.16696376747560818,-0.3261812115766031,-0.08608498842477821,0.4757993785888974,39.12522552451448
4880,0.15014715980875745,-0.12350259815185549,-0.3014853928858455,-0.042573124442041095,0.4016236171587088,40.465348228429335
4881,0.15248055761713633,-0.06978920431779483,-0.27773176789761334,0.004283085520419165,0.3115623929976921,42.07427246072467
4882,0.1578993885151353,-0.03687963557418193,-0.24546953619713488,0.03524200467245293,0.23957120853813824,43.196514314515554
4883,0.15971855026284038,-0.06404360341230186,-0.25742908871747583,0.014715235332897831,0.2867015097596063,42.3084143768762
4884,0.16295707165022097,-0.1398929658467522,-0.2937472376952289,-0.05635143694753781,0.4183246518528805,39.27727678622281
4885,0.10477523928110659,-0.19058982992647558,-0.0909846463112024,-0.08095289926870766,0.3123897363140982,35.939951658981194
4886,0.15070536338409335,-0.08241619317179696,-0.29934811734407146,-0.01220378379860738,0.3566399606880628,41.05886209743045
4887,0.16381725107440573,0.028807086543484142,-0.23373052225557944,0.08779842189188347,0.1452196001350287,43.455033792546864
4888,0.16667125965140323,0.0021045414505706304,-0.2656242120153129,0.0655849771303851,0.20920232186505902,43.80310979450064
4889,0.1650562938335736,-0.019500824649278707,-0.29843511704727954,0.04567339975626617,0.2715440544778384,44.656634757777056
4890,0.16814266930249283,0.034757884568398845,-0.21559700033163878,0.09358780539020202,0.12057038012054543,44.0161233780696
4891,0.17573276486638914,0.03647306110053673,-0.21940420383629836,0.09405315762694245,0.1241446210291859,44.91968683660432
4892,0.16678908292339809,0.03061005398774467,-0.20482312078926979,0.09393999893923387,0.11208005561836643,44.807300003956314
4893,0.16208715187419254,0.03743583155416984,-0.1965070888180429,0.09976257523809429,0.09327168305314339,45.145453325472936
4894,0.15574376392365827,0.03662429729090043,-0.20264646119278829,0.098399098476256,0.10471488281543453,45.5349037559627
4895,0.15704570052202185,0.03355329984020417,-0.20486459993415596,0.09784041309761764,0.11029126250945573,46.64138894136012
4896,0.1642824101308071,0.04811719045555521,-0.22001040363336546,0.10483976556623663,0.1102779033393116,48.015080752725055
4897,0.18607739754045052,0.04127446331028895,-0.3376504641051384,0.10605309555488932,0.2275731708171034,47.29691426607376
4898,0.19486816963331488,0.053129092711382844,-0.32686706434200596,0.1151133649675114,0.20008078389646256,47.21762240451427
4899,0.17577954193328366,0.00486172365091712,-0.3462919910575529,0.07346345069465444,0.2888007228749971,45.967130347925135
4900,0.2087019998610232,0.08501383763952894,-0.3136119793079127,0.13835282454975908,0.14934695092019545,48.82090995419813
4901,0.19468112804410212,0.07906199549787302,-0.3198302787198954,0.13239206593404795,0.16733362829673437,48.242077736911256
4902,0.1927903162809038,0.07895289754187866,-0.32624702453496296,0.13246624342452035,0.17047505630503293,48.30866625779143
4903,0.19934570321132986,0.10903731781751155,-0.33515823217982776,0.1546877978572693,0.14315084831264577,49.26939973196466
4904,0.19656876420162173,0.1137886563844778,-0.35658802308570064,0.15592316548548577,0.15590930075974727,49.331133118612186
4905,0.19406024348119208,0.12516748523033328,-0.36099098912547317,0.16267709053117377,0.15047691617871312,49.835895510530975
4906,0.18299277177321185,0.07252419639550621,-0.3503674996277458,0.12131204946752927,0.20928828879462713,47.79701644527962
4907,0.16370131144552597,-0.07418081680290746,-0.3975084211648493,-0.0035271227512708968,0.44924094066063364,43.950589178406304
4908,0.17710549913273832,0.012028072625296028,-0.32162345408611803,0.07828341887533208,0.25978118267886435,46.44949094590333
4909,0.19492258066344625,0.042284249624111356,-0.31543622833500995,0.09772145173405278,0.21690610073451408,46.819968439977316
4910,0.18930925167969592,0.06316996338768308,-0.34663273374705933,0.12077439760567266,0.20087744526165605,49.1359286457611
4911,0.1748201301440576,-0.017124874352875477,-0.327466348670308,0.05827746686309753,0.28585487567338896,45.37558124942783
4912,0.19415518105445495,0.042789396183853357,-0.327408735947985,0.11184442197655559,0.19981843247498976,48.0294439680967
4913,0.15883430711782434,-0.01225758671011223,-0.26898674582176907,0.07374203458451269,0.22688865324627724,44.89895983739808
4914,0.11266221705248908,-0.11219967866144326,-0.05858673747793491,0.02848299934375242,0.1558063834117262,40.5177559079701
4915,0.13514733647542976,-0.06472132916994891,-0.15901634102092874,0.05029564859887483,0.18982746813038784,41.464114180198806
4916,0.1412581960490417,-0.029612704200539033,-0.1746629112086714,0.07414999683436221,0.1669649306854167,42.74469681300199
4917,0.1791959304087042,0.016181719338261204,-0.2593603332790872,0.0944650720301173,0.18024968866480842,44.61410664544735
4918,0.18540640007833545,0.006549795579679693,-0.278686520832366,0.08297603521407852,0.21302920587575988,44.54308572941906
4919,0.19705124656853681,0.010075617878695663,-0.3516159292096353,0.07553923450831386,0.28928124200313055,45.51750598898281
4920,0.16548690719752351,-0.04605531364594105,-0.28786260801143765,0.04062753362664856,0.28865047543205324,43.62607765421139
4921,0.1707002421457315,-0.009508648836406857,-0.28014550081554046,0.06880890582959243,0.2394415105821911,44.59716424491064
4922,0.16189890210623373,-0.04542688846133188,-0.2852352370362409,0.0387844286265091,0.291095806282146,43.88117558494098
4923,0.16832349471316638,-0.05338426913257834,-0.3259595230783943,0.025411086605256736,0.3464698504093323,44.48954486943095
4924,0.1776540651907183,-0.012412036734549598,-0.31811737006448065,0.060057309479647894,0.2849498365219267,45.590264328996284
4925,0.16347842053935194,-0.03655277314017963,-0.3020669959153512,0.04238429518605043,0.29911549640345186,45.16180408543648
4926,0.15887895906960367,-0.025219245963191337,-0.2651798754149722,0.05666943331475245,0.2411169856064715,45.025845764752134
4927,0.16402433201713879,0.014884049310902156,-0.23872690896184104,0.08845344276573254,0.16520091586000824,44.91082405938107
4928,0.16430190547717574,0.006212051289748868,-0.2561380329265439,0.07852954313302464,0.19462777081490854,45.5608467817718
4929,0.16538860071807193,0.01240427177092614,-0.2608846124751748,0.07938596531230502,0.19605362686963515,45.93112283275239
4930,0.16158796383631943,0.007266526495675792,-0.2503619409847999,0.07425446934261017,0.19285546493102743,45.8349361232861
4931,0.146829023845845,-0.11656142178556253,-0.2982844967860987,-0.03382899523122226,0.3961157675447922,42.36417845869571
4932,0.16923615823717728,-0.040741855421541545,-0.30598429622985573,0.03128242037916848,0.30524764460372594,44.59533052629785
4933,0.18011436240841003,-0.07360645061685155,-0.38105838748446935,-0.007008773280659851,0.42502155060329555,42.862159571060786
4934,0.1633927153540264,-0.1135741012606912,-0.35876908695319915,-0.040174820022269894,0.4542658269514577,41.83939513832948
4935,0.1505333100181405,-0.0673444364178465,-0.2536771671285916,0.012813644262194848,0.292150290105725,43.01591531368828
4936,0.1490726050255512,-0.08183008059757367,-0.25327395502798206,0.0019987192140059505,0.3072115019193475,42.25890120290636
4937,0.15152825246039478,-0.09664258822713903,-0.2766883428824241,-0.014952071461227678,0.3456334458451067,42.498902278703625
4938,0.14104599244664648,-0.1221907284537483,-0.30045389723738614,-0.04253736714611398,0.40895828755486563,41.46787972308248
4939,0.158797645323836,-0.02511716729940003,-0.2718998556976549,0.03957673934557783,0.2563891768742984,44.49520701052515
4940,0.1665274337671163,0.00019995395127947945,-0.2950121831765222,0.057235373973872336,0.24699280994539527,45.58017963656006
4941,0.16012196731054099,-0.05107646498831773,-0.30522753418517007,0.019337338788856268,0.321041168684916,43.8269068161835
4942,0.15399116812966357,0.012019892116350694,-0.22801349878732716,0.0742514541959788,0.16418873444521273,45.031083201803
4943,0.16204104787209775,0.04029388376663901,-0.2806864587827485,0.07630685247085164,0.19930691202806655,47.212269501140334
4944,0.15140692881814405,0.011653632301861278,-0.24468214628753357,0.06387594807553325,0.19116516121304972,45.167252178132074
4945,0.15255936277075835,0.012713660578067769,-0.22192926786730363,0.07687105410497347,0.1540861067719175,45.26496387229681
4946,0.16657011859893603,0.031249550419646305,-0.2315327359432734,0.08879061822346962,0.14189962442194168,46.749751869855736
4947,0.18182225763115345,0.05038415383232335,-0.2549981512334925,0.0935979198944368,0.1512912568397372,46.616627316391735
4948,0.1743192367381404,0.01105393741272713,-0.25835466055598016,0.06611164175027967,0.20099169976786987,45.77084924133524
4949,0.16745773814607917,-0.043374761733207236,-0.29401451354306635,0.02139797846506605,0.2977831901429122,43.902011576448
4950,0.147424245828451,-0.14204055117159228,-0.3296083778546797,-0.0625580230672433,0.4534548685579819,40.30052146106872
4951,0.16906030493855265,-0.12040680528571596,-0.3314674640232951,-0.046494292598786936,0.4283674612415687,40.340011304924836
4952,0.18422787493414208,-0.0324133369821918,-0.30298979004542126,0.03992204675912544,0.2859792009731606,44.38172986157749
4953,0.17346300024041275,-0.06020520316702195,-0.34983768420174083,0.007231213825514905,0.3706409958480015,43.646495236250644
4954,0.1541189027364185,-0.13910711510142662,-0.328176649292887,-0.061790744580122424,0.44662510530579214,40.60942553176804
4955,0.1436598039120743,-0.08682681210258662,-0.2627040824556948,-0.006764179812751203,0.31907169124181,42.62579446885603
4956,0.15597929478274156,-0.04076971808465398,-0.24754314094005278,0.0309427429200409,0.24688368493521984,43.19349872445729
4957,0.16465472154461344,-0.002649452648248158,-0.23167784066797356,0.06273095153854302,0.18392204465336326,43.16373619778664
4958,0.1533216140956547,-0.07720328174406924,-0.231783669194339,0.007613904235332021,0.2784985867911218,41.35190414103172
4959,0.15606442842318113,-0.2119119195090232,-0.2198473975214667,-0.10185377069197107,0.43001936469069063,37.53148180702411
4960,0.16499477272324192,-0.18222505605775186,-0.29842890452784543,-0.09381003706203438,0.4777441016697861,37.66590139810172
4961,0.12242933259520451,-0.07902920126841408,-0.13100697278099702,0.012068859338413363,0.19976397180080754,39.93843617913871
4962,0.16438448291514526,0.024316232438294408,-0.21452355152950692,0.08808044486022656,0.12874942082875818,42.745229907066125
4963,0.17808490256933165,-0.014079590860766922,-0.3151668759812912,0.04772704804197556,0.2839129260455148,43.7753680106822
4964,0.16538454566889838,-0.05060100065063607,-0.3123191315763981,0.01625919604161265,0.33306099697553715,42.9051990603881
4965,0.16151204247813955,0.022420982952296237,-0.20557148185490942,0.08799015858639145,0.12381371987819788,42.88722256720039
4966,0.17234287597612793,0.03391314640231268,-0.21742324338748756,0.09379337715500029,0.1240142051761624,44.841582503538504
4967,0.164175665384218,0.02625788326992935,-0.2122015702341276,0.0906131312590946,0.1268020425579349,45.117300324324894
4968,0.16441579317748958,0.028329985884550754,-0.20441282785912585,0.09299408798332459,0.11535920863110775,45.323383020456056
4969,0.1572548062783815,0.03100398712030477,-0.20606433871108365,0.09615680785534005,0.11301769584464523,45.24099808901189
4970,0.15661497583630288,0.03319081561645072,-0.20493711942553924,0.09990698117867021,0.10916883880837774,45.636995292057016
4971,0.16891897646377105,0.04615362413586183,-0.23189435633141356,0.10613545015498851,0.12047433651741758,47.42560670515588
4972,0.20500984204609785,0.08573659694736074,-0.33802432548387806,0.1460802399588527,0.1593330061364781,49.01106140539642
4973,0.19122238587358667,0.055042341470355534,-0.3517768232458659,0.11146912340123452,0.228707638537444,48.23927699358795
4974,0.19539336742916513,0.0801180510914304,-0.3314101543961976,0.1319667138186472,0.17684621024016647,48.417838070899016
4975,0.18753405655455657,0.06852773168790384,-0.3233041220954332,0.12611547806816645,0.17910955242147966,47.81016934366913
4976,0.19377173232564243,0.09651077054844596,-0.3312727793160474,0.14490873494619283,0.1543693599088444,49.01949641579546
4977,0.19239822024419506,0.10287730485735025,-0.34669389552873997,0.1508572629721027,0.1567538455533614,48.97968807557532
4978,0.198515518789834,0.10934902199887707,-0.3523808696641873,0.15583669118920618,0.15459725822378736,49.07349132465325
4979,0.19944463824642536,0.12053949145924459,-0.3583042157485429,0.16001240820577636,0.1515849774179172,49.38645230488029
4980,0.18271348975813864,0.11636055739555368,-0.35889088982851325,0.15478779491937722,0.16498280737573714,48.41198927074439
4981,0.17722510983472065,0.043111522505477035,-0.3833735432992003,0.09611529122840114,0.28825817934210624,45.8924989851695
4982,0.168325379828004,0.010526132083488755,-0.3191359687403362,0.07839807918679188,0.2581204814800697,46.43469140353429
4983,0.1956430970234342,0.040193902593065385,-0.3208112601082716,0.09401935873852696,0.22661714696125418,46.8484818823267
4984,0.1881105039577317,0.04490249151230528,-0.35225744480627325,0.10440089332997671,0.23603369104953412,48.075144957379585
4985,0.1782400823449101,0.027354164135951143,-0.3474545483628603,0.09156586396183217,0.25543196202471763,47.6637938773345
4986,0.1834247383347857,0.0318817046675073,-0.32874752510679417,0.09841449813879427,0.23319661453790624,47.22532001849174
4987,0.15997048446346757,-0.026382773699759464,-0.24740879201666793,0.06459955014204129,0.2243041279030627,43.73000426243352
4988,0.17463191405031372,-0.029606724783523032,-0.27741458333437485,0.05592579625612436,0.257657823845598,44.49983995894895
4989,0.16348159063878825,-0.013354682475472841,-0.2401301454967295,0.07285609346947944,0.20754168774857434,44.06702738371996
4990,0.1671353458041409,-0.010970200622423775,-0.2511507767151193,0.07272062134531679,0.20867488064411935,45.06695750300831
4991,0.17656347281551474,0.018233545847106344,-0.25738040297530895,0.09691157664396263,0.1746650410435818,44.95091715564434
4992,0.18438242422253695,0.023498027388208484,-0.28756642860202736,0.09036689992492784,0.20806544235365285,45.28661409748297
4993,0.17831230859743757,0.0238653801403505,-0.2850731320175781,0.09144811241853348,0.20447414607028522,45.14996434580732
4994,0.17341104781330413,0.030955889504858246,-0.24969362558532357,0.10441849898707455,0.15596569442854302,44.919617562315594
4995,0.1777713296997214,0.03773939557041337,-0.24988016655427384,0.10889099875673794,0.1476962582024912,45.69642186792084
4996,0.17539280198447008,0.026907360303709375,-0.2540976139458036,0.10095546408290396,0.16470734057951944,46.1060205536344
4997,0.17528580943862404,0.022852907260152447,-0.28656056312595984,0.09376290430782123,0.2024008844921635,47.624503307809704
4998,0.19071757371208778,-0.0016001950572266882,-0.36810533534391954,0.06477486228353725,0.3204547842926558,47.03711652909346
4999,0.15818973538794104,-0.046111322155303544,-0.31404800700411556,0.03301383397922162,0.3217234274220401,44.94910267804902
5000,0.16142806058857606,-0.047638176442527366,-0.28304176551928784,0.03652690569692065,0.28900949674207577,44.00940284648679
5001,0.1712992409429728,-0.024475346801789484,-0.28720540739149913,0.052724936556030194,0.2649292274490154,44.43943682646408
5002,0.16055750346288913,-0.03494268048799776,-0.2701461638066034,0.04616598879755496,0.2621778941851112,44.19949934174235
5003,0.15690024753007667,-0.014180338841914815,-0.29496487691987305,0.05710683910858069,0.26756350173928034,45.235506208500695
5004,0.15255582821740024,-0.015032204813074695,-0.3126839538558696,0.05331283953906832,0.2816623540330271,44.72157154164374
5005,0.14124908031148276,-0.14332701869246614,-0.33983320778209186,-0.06111560184254484,0.46856612164153494,39.910732808232964
5006,0.146207885788805,-0.09978157887234308,-0.32668070202976307,-0.02366503406896122,0.4109940064126964,42.06887755185467
5007,0.16978281266526096,-0.07275702848607889,-0.32812704038532925,0.002676893287333885,0.3742197105350423,42.9250802194126
5008,0.2002024648391808,0.006035923788871488,-0.3570031149571456,0.06437726845703781,0.29825530276591017,46.5969224330014
5009,0.17183025680036026,-0.02895363675064731,-0.29841495071178314,0.04039336399620195,0.28629112150374647,44.6482772658291
5010,0.14469195931954248,-0.07583299340375112,-0.2775170330241559,0.002882079865924991,0.3275410652285473,42.44427845112906
5011,0.13808671362627778,-0.12291346011273693,-0.2966773836173777,-0.04198971684631692,0.40578952486704345,41.002634797814046
5012,0.13627310458940045,-0.11172802621788065,-0.29217654770807305,-0.03111124955776729,0.38859938287805074,41.37733897812734
5013,0.14603021524432752,-0.05205296151178481,-0.29555344359474184,0.016408469124126517,0.31904549347391886,43.861291050989415
5014,0.16376629543843763,0.0015561041909766407,-0.24389526896772978,0.06799813071051523,0.18821151889209473,45.42274369803884
5015,0.16500711758373032,0.00044355920069084486,-0.2663042532586343,0.06315427533479642,0.21670817741245532,46.78098636027315
5016,0.15316517772106322,0.024343826621367137,-0.2508075698148257,0.07112692890071148,0.1845528894086116,47.39939962950434
5017,0.14790017135374384,0.025061274963744527,-0.24067863970759115,0.07409983520060147,0.17396690933617157,46.5885065561578
5018,0.14726697441362968,-0.02544292726718224,-0.23231908338173854,0.04985205409449847,0.2122988149144535,43.67490110524281
5019,0.15013047968239052,-0.014645780938496224,-0.22582300806320832,0.057878554698527214,0.19060029628832456,44.94670109122643
5020,0.16065724833089945,0.0010850185266086992,-0.23652388706935099,0.06990348217751813,0.1785324792801382,45.818725007274146
5021,0.1797760107796628,0.0226560394043183,-0.2629808049015263,0.08209061867805716,0.1776069881678919,47.50700683036827
5022,0.14738090365098122,-0.019882528182281672,-0.2369501146993134,0.05253626525815757,0.21046631053587395,44.495715009398666
5023,0.16050363108248614,-0.006953073486158483,-0.26699906441174476,0.060196549958416154,0.2216406906228755,44.31838015726795
5024,0.1728044763094236,-0.011129209143696316,-0.2768720693196152,0.05592944907484101,0.23634529705129825,45.436964498463475
5025,0.18040960667008277,-0.0159264735201067,-0.29278540413911286,0.05400190955477357,0.2536195962224474,46.46159132662814
5026,0.16715958115756224,-0.03381543985809466,-0.2566728233844744,0.03901039581393848,0.24617243904470723,44.83518373347853
5027,0.15785449089946257,-0.05672847707361977,-0.2792491830199296,0.01603475945361055,0.2984349366704876,44.16381086440009
5028,0.15883590062195868,-0.020203096096693046,-0.2535039633804041,0.04731070561054737,0.2257516548625318,45.57732719680143
5029,0.16086029096780993,0.012319967803014038,-0.21513931302442013,0.07871921186306541,0.14514693946764326,44.44863768837477
5030,0.16409134694717165,0.0287581433898769,-0.22169561379210295,0.08757129976097341,0.13440631465243538,44.44445357906897
5031,0.16686548680572896,0.016870452926326312,-0.22491164804929217,0.08061510427906772,0.14946616308734215,43.54706563957981
5032,0.17428198464284697,-0.16123061285974286,-0.33107684014175937,-0.0775241283602759,0.4692935445245354,39.22683507182467
5033,0.17952159665025352,-0.12477084173803073,-0.3387754572949427,-0.050985355591834196,0.44422564454160146,40.57963728379187
5034,0.1353168340133703,-0.11006635116933262,-0.18458888869724993,-0.017710944332699832,0.29248555591984365,39.45214065537056
5035,0.13330707637392414,-0.0884896308387969,-0.14236662331939545,0.004237453255193451,0.2219602320747506,40.961217595378656
5036,0.1590750861346075,-0.006955067066168928,-0.2387328653899032,0.06117863238919609,0.1947075376687665,42.80900435898551
5037,0.20260681929662908,-0.004507887318017096,-0.3219027988617038,0.053263948126621025,0.28025978633659904,44.75679611086464
5038,0.16201504733247493,-0.09580336744282766,-0.3339801358125755,-0.03203209181627872,0.4154777634295019,41.28518936195752
5039,0.1559451919797383,-0.01791740942399256,-0.21041111787618727,0.05496571601659905,0.17323184755965462,42.42097520306317
5040,0.1681393570529206,0.03521912306681652,-0.22214594110700642,0.09394406459596356,0.12791588762432096,45.04336181356306
5041,0.16700463517349315,0.03871388780488575,-0.2245835277454271,0.0949195263601253,0.12773475189680852,46.43617858995915
5042,0.16360406610842113,0.015358812607139742,-0.21920958466280982,0.08306942702729099,0.14679613922388537,44.774797960091895
5043,0.15965194951788428,0.02920868023561666,-0.20893827202494106,0.09639133866298111,0.1172471722958899,45.189856914435865
5044,0.16409651089180385,0.03713960327644428,-0.21864580678373013,0.10222423950609695,0.11792431148673177,45.68557110579974
5045,0.19595890833056429,0.059979130511346665,-0.35078878640768146,0.12017924287800587,0.21194270041685823,49.8908853287417
5046,0.18327226859144427,0.02446473275384038,-0.3177507343246406,0.09181909953616417,0.23044437597421694,47.02818849867449
5047,0.1848408916428749,0.0298997045863491,-0.3205283258373924,0.0948701175325989,0.22369423043754916,46.42307511696125
5048,0.19392448771398124,0.0751588502275407,-0.33783628363694074,0.12959076167424274,0.18186657666757938,47.95083674262276
5049,0.1943391334154599,0.06877468053756998,-0.3457186239470452,0.12179228201310244,0.20021523384988185,47.64551519734511
5050,0.1903229986667206,0.06752431846844675,-0.34355694909013523,0.12217809773093562,0.20181832589537377,48.14131740623188
5051,0.20342308545540289,0.08992324398409343,-0.35790576505792693,0.14419445759378557,0.17457824457898904,49.33925288548942
5052,0.18852751912807098,0.1146113734095795,-0.3556696702697801,0.15638641330874323,0.15744607518611556,50.65124391595329
5053,0.17350115666796725,0.04275506278836865,-0.34892971051573984,0.09775994658389603,0.24991800668959793,46.4092947949335
5054,0.1755929223095129,-0.0019301839613573147,-0.33117915211768334,0.06948211775637188,0.2785779618991072,45.35005036463529
5055,0.18530227496252527,0.02056219460854598,-0.3330210698592592,0.08684747080490449,0.2534129807457634,46.17946745918671
5056,0.18348353213698007,0.034617632243226566,-0.3382541160725061,0.0962802910276831,0.24420839880563694,47.44632337565162
5057,0.17717869315286103,0.0477281098537584,-0.33678815064822326,0.10709945176968517,0.22650432084457456,47.728672683752784
5058,0.16911664513735755,-0.015282542491547538,-0.31153312607662975,0.06332155508021735,0.27503992922283377,45.285177783458494
5059,0.17846325302281998,0.011481627101478663,-0.2670448446423445,0.08994642405739085,0.19418314757774766,44.86016378535954
5060,0.1750009597231912,0.01400464108336089,-0.28042321930106784,0.0873775132083136,0.2099872743836054,45.285594344367
5061,0.1753689252577304,0.007854356457258814,-0.2924145592397337,0.07956884201011022,0.23136945421569519,45.83760500102283
5062,0.18206617490934449,0.005784495124123111,-0.29370914764388406,0.08028882655624003,0.23086456652778342,44.196726119261854
5063,0.1713241560863766,0.005059995507642649,-0.28914719875333006,0.08219274254245153,0.22497305000238738,44.777847744627685
5064,0.17686954713700345,0.0020129940505060773,-0.276457819838569,0.0816581335326607,0.21509020760403172,44.95204395818872
5065,0.17696527409539795,0.027500445110535586,-0.24366732097273305,0.10522854401605013,0.14988634598050157,44.76036902045187
5066,0.1776648406353734,0.03701902237660761,-0.2413069631265501,0.11176242007482867,0.13687180833901003,44.90933852100858
5067,0.18024040627660518,0.03984325899818871,-0.2514774239278871,0.11153100121968504,0.1446195012972894,45.568925451359284
5068,0.17035335778962396,0.02543759537970348,-0.2415207026846298,0.10338763010854342,0.14982937996757942,45.08910658845187
5069,0.1720351890904937,0.009189508790071976,-0.2484371301453884,0.0877263366324104,0.17402553111885152,45.333145313260204
5070,0.17543349910287928,0.00437343963308744,-0.31659129209433495,0.0758820243753378,0.2531077031931179,47.396475861129595
5071,0.15184200380826268,-0.005813175468166075,-0.23642951383887653,0.07529144425996012,0.20061264613870466,44.179186529443164
5072,0.16201049349376184,-0.022221735131421533,-0.2804773783191956,0.05610678530495222,0.25729895974523,43.82692583405692
5073,0.15788115178692733,-0.02883176558718603,-0.27409174872881764,0.051571779537305094,0.2610184468711442,44.285258037565534
5074,0.1556972573050472,-0.02786634081482278,-0.2992505018841684,0.047648563929911895,0.2883731050160977,44.80769548093819
5075,0.1571886501001934,-0.02819200896904242,-0.28463368815247014,0.04766822185406058,0.27307902109756754,44.6036753131774
5076,0.14438789034268823,-0.1073470668510175,-0.3650224936580718,-0.035977636784648506,0.45977502726606406,41.83353527709196
5077,0.14764153735336735,-0.09474520161995513,-0.3247485209278263,-0.019468193968127937,0.3967210793735651,42.00238465772094
5078,0.1572475171691581,-0.05537265041526585,-0.2671821420151672,0.02539087196689899,0.28482629238103824,42.55069504024063
5079,0.1668948237663102,-0.024934517761906704,-0.26214355175549503,0.048186455890505055,0.24536005892733292,44.323142499365915
5080,0.1706143384186961,-0.03409051432620887,-0.27636025739733394,0.03711939543866333,0.27468548319926467,44.26644470968833
5081,0.1433531381321325,-0.08504887277399582,-0.24452657799960456,0.00129216682096144,0.30295247777678386,42.094856986586066
5082,0.15242092839145882,-0.09085721997902482,-0.28690929165232454,-0.009586287768967491,0.3495499562081525,42.40955447700448
5083,0.14540176930185067,-0.06977273159678775,-0.25478198360181264,0.013014157884805134,0.29294817385558447,42.619011722670116
5084,0.15270338336847805,-0.07643438135754188,-0.2991840044778385,-2.0166388443786346e-05,0.3456355076048915,42.51146408857504
5085,0.15253525737258136,-0.009021529385382164,-0.2456793571653714,0.05842514844047906,0.2076364726501602,44.709813262414876
5086,0.148216764456905,-0.056087674765869885,-0.27406671277401373,0.01653335194973519,0.29493379576646217,43.88616056116352
5087,0.13706521418020795,-0.015162164629206585,-0.2844746326334718,0.04715911098810241,0.26257726216648447,46.023516055099805
5088,0.1417029654994891,0.0012890568673423635,-0.26384545770721923,0.05928050955367516,0.22415750597573494,46.80949238430768
5089,0.14440923621215065,-0.002264393036255527,-0.22613018097475554,0.0666005370854064,0.1790770449061674,44.05611306663366
5090,0.14671531027431375,-0.032073672980685586,-0.2339485798283581,0.04444361396175151,0.21996007852684182,43.30124016780064
5091,0.14522886200655796,-0.01921143000741898,-0.23473786669876034,0.05366203299420307,0.2088585507132852,44.00398067319101
5092,0.1455353586438222,-0.02871835923153593,-0.22461944629098493,0.0480154942863012,0.2104443641984873,43.470248618194276
5093,0.18099478269768793,-0.002060217389353119,-0.3034222646275133,0.05953801227183523,0.25283913281127635,46.5175450362459
5094,0.1574440157268978,0.018959458739065422,-0.24466336780403103,0.07961260386587345,0.16992897789197975,47.56435260564821
5095,0.16118649743053937,-0.006353045679524848,-0.2539220031010233,0.059897914491384915,0.210904585727746,45.908910343983536
5096,0.1618455727668276,-0.028156096546658495,-0.2568913968845459,0.04215333021645454,0.24632251987160497,45.273928805944465
5097,0.1623134491140775,-0.047689122348446654,-0.26345255096091613,0.026307670988456103,0.2711038078623902,45.43076047926557
5098,0.18089244549288455,-0.0023629407058940034,-0.2548919612718316,0.06590559579871481,0.20035556676417943,45.2330054117949
5099,0.16939097587680182,0.003072400932666608,-0.23735610016727512,0.06842155620355213,0.1787104583322008,44.11776793717011
5100,0.15569222632097743,-0.021362433724941253,-0.23746570265027825,0.049947730980484994,0.21138156465179087,42.94170100285563
5101,0.14514346568737335,-0.061273776923043366,-0.2644820512850867,0.012696786031794681,0.2961623935238802,40.978545053557326
5102,0.1611009247496767,-0.01362197194699069,-0.2834008637516836,0.04688451072498382,0.2566820157786787,43.47518829856387
5103,0.17221525578423158,-0.020642317314234975,-0.2687007319470005,0.04598764005341376,0.24094544436920315,43.30545835608249
5104,0.19087714073440654,-0.056874337084133,-0.3345369366555221,0.0150764734574675,0.34465760165536075,43.77677690572664
5105,0.16605172418402916,-0.03266405275294328,-0.2670740505951273,0.035990927154621925,0.2746782401377723,42.564227208769545
5106,0.11330154736662222,-0.08131287462315857,-0.05947272809453862,0.017166376414562826,0.145538903439296,39.74200211968371
5107,0.17626071354632158,-0.034450993962460215,-0.30793386042595616,0.03520334185852726,0.2960912052549703,44.049414248751724
5108,0.1645176198220175,0.005311317557448377,-0.24557546060124605,0.0726805963249328,0.1828813011795906,43.38983967609491
5109,0.1582857271427614,-0.02491924633710411,-0.2773375646704115,0.04490677998856262,0.2548876796502257,41.96655811622987
5110,0.15792372286612494,-0.004006269343022015,-0.3197612026271258,0.056631797915874325,0.2818013701929653,44.286315590758505
5111,0.15483377430761874,-0.030938441698542193,-0.22063423612300362,0.04487946949118524,0.19926666477210053,42.75709434674235
5112,0.15998083792189013,0.02592436790749778,-0.2013611168418613,0.09367264124758991,0.11332460163748226,44.02464755170545
5113,0.16576099161311808,0.03169086419834328,-0.22054475318117778,0.09403240649848829,0.12891483553873886,45.409311455695835
5114,0.1668865475976857,0.032424203742674754,-0.22984707242584115,0.09261988749614239,0.13785172005810484,45.224947883668754
5115,0.16066306099235386,0.030260095526691948,-0.22169096041691852,0.09620800264130125,0.12796722873565908,45.91373884859702
5116,0.19328582498527827,0.03735257538247652,-0.3383511486504964,0.10418737656354056,0.22553576597833702,49.56924426282056
5117,0.19980069029921146,0.07138956229026941,-0.34740952532599856,0.1337925560338148,0.18704547524613946,50.1820937547124
5118,0.2028641343266525,0.08302887692500908,-0.3489340532629134,0.14230691632079157,0.17424680054172864,50.91694750685692
5119,0.19068769456350884,0.06095983732803744,-0.33821096859501243,0.11720047720713728,0.20157181129660323,48.131405101336235
5120,0.17824975830628553,0.014607757083971927,-0.3353919892275003,0.08373747690672861,0.2533678432075632,45.13726071830547
5121,0.18316592323088995,0.07787228740056581,-0.35432666367536014,0.12704046013187437,0.20363488515786535,48.25008968169871
5122,0.1885368950935298,0.06734334889949826,-0.35352253773517367,0.12343982812659575,0.20751357213923624,46.999321008216384
5123,0.18301660644060816,0.01580240179131381,-0.34451589068942723,0.08073240226853057,0.26998413824497425,46.01506900480613
5124,0.17818071310719014,0.031512709661978354,-0.319838081359202,0.09745537467770023,0.2225856187599724,46.848799699514444
5125,0.16925241765948223,-0.006808148014773337,-0.3274309022791199,0.0684297111578145,0.2801331053371958,44.51632652085928
5126,0.17400735980461096,0.025721588663395255,-0.26528473758178556,0.0981095062991674,0.18096328207809698,46.28634629137566
5127,0.17445311512756834,0.004997847049016777,-0.28989137710812624,0.08056512932971482,0.2319403808979527,45.91609959114599
5128,0.17997178068947955,0.012255301309284362,-0.3310582267868059,0.08186533759126105,0.2612521204032978,46.00362231022896
5129,0.17285990707078078,0.00043494929805322664,-0.3249601281314355,0.07514486989438696,0.2652262959195908,44.92199687885379
5130,0.17879693406577493,-0.006683030707285557,-0.2787683194850916,0.07464195539108719,0.22922319877568917,42.971008798203314
5131,0.17324129608913993,0.01463412951092239,-0.2615190903574,0.09256652379218636,0.18883593402743065,44.15015365134991
5132,0.17889745867112258,0.028457537275375623,-0.2827021500491026,0.09789507623711857,0.19660532385457363,46.08628296967178
5133,0.17640461103831556,0.026296229543731158,-0.2766719221055344,0.09813728669795066,0.19056424838263275,46.225663074891045
5134,0.18630204431926206,0.006015542398818423,-0.30497678773386183,0.07899111511042113,0.24456378105179313,45.174705506779716
5135,0.17544274886959435,0.0002030086613840174,-0.3152671607737061,0.07598963349177887,0.2573630117594447,46.71267797106808
5136,0.1795556330873567,-0.01143700147650657,-0.33416030549736275,0.06146852915805999,0.2961759439128671,45.185069302705024
5137,0.17667894474110182,0.009963006211763074,-0.27515426181160135,0.08747370036803805,0.2069070050129745,44.736221869916896
5138,0.17837176919213474,0.03509770791952149,-0.2563029797022054,0.10903034333371839,0.1521777022387363,45.426359051945674
5139,0.18045218602090515,0.05129106737348465,-0.2596373375062668,0.1163801827417177,0.14151388655325176,46.40049625469491
5140,0.17942805530869635,0.0460679836413047,-0.26979228654580795,0.11466913841832602,0.1518208388425952,46.32652829624078
5141,0.18628954526897487,0.039304926209770774,-0.3066723755412694,0.10849694349002224,0.19559677731298797,46.93158787323438
5142,0.17333752611086123,0.01393617290467281,-0.3106649817033967,0.0863916285049403,0.2342497391841817,47.13642786877735
5143,0.16297902710891304,0.03250185732793923,-0.3275138802491501,0.09272565133628319,0.23982036864451925,50.01867746557551
5144,0.16859047267022662,0.0242300817450796,-0.3085731411837746,0.08616941049054441,0.23208736392035917,47.75616824720317
5145,0.16648130431816316,-0.0161314048877659,-0.3111919200991758,0.055999499662895164,0.2830419587106783,45.3821330825012
5146,0.16891777531425073,-0.013010616732727385,-0.30698716095854095,0.05959732007594925,0.27374363104763827,44.98064053980848
5147,0.15737152971617335,-0.05049140383413506,-0.31077033326005965,0.026425795056889356,0.3252649811176268,44.04053988447675
5148,0.1509867597918535,-0.06310006145314616,-0.31532831953986756,0.012685881878418594,0.34927034534592877,43.54599064584934
5149,0.15928516506088194,-0.06277725409458483,-0.28916349843339684,0.017630715744562146,0.3179372616967471,43.31619817786376
5150,0.15122661376615584,-0.047155907397761085,-0.254823243625592,0.03452481428776806,0.2663018544616451,43.593946170575116
5151,0.14373009994367136,-0.06706660707876766,-0.26046211246210244,0.015888928636171137,0.2993959280425361,43.14326746319626
5152,0.14854492150286075,-0.0427914955892135,-0.23389778316391474,0.03908254442615492,0.23865908460289173,43.199992971703445
5153,0.16072042257281025,-0.03839534938494525,-0.260000246834835,0.03937212117960126,0.25486298754151165,44.04805603506249
5154,0.14960858787981882,-0.07414664389123919,-0.26194483734840585,0.009572644588800229,0.30145280368855315,42.89301165893936
5155,0.14292810724527266,-0.09106322883646267,-0.263415217821153,-0.005065468695332676,0.3294534600380418,42.49945487846937
5156,0.14953733773905958,-0.07044482627026621,-0.2900795154887836,0.005624715394752639,0.3309861820411819,43.31559022546298
5157,0.16381391968272585,0.018599872363048667,-0.24602193647670473,0.08004334683940255,0.17242247681338702,46.16046634491254
5158,0.14798064164093738,-0.04221775878838448,-0.28552837803216946,0.025935839460431383,0.28910210344007603,45.436745740336164
5159,0.14402078158200637,0.012786166416122667,-0.2956441852905695,0.06740725930800637,0.24008566955920047,47.702039408885135
5160,0.13636746792385848,-0.031135817247617107,-0.25920242922417724,0.0404537824319068,0.25170590591829906,45.81738528588228
5161,0.16825662361668065,0.012800312581844272,-0.2811797183972696,0.07413896660373336,0.21175794202043363,46.859610703605114
5162,0.15998793996024918,0.02240513292922766,-0.23531639608182545,0.08286424336924138,0.15658288693848682,46.5721113638641
5163,0.1471872775738055,-0.02095818928506119,-0.2447226440077471,0.050071173544766374,0.22342539895959365,44.73681565628012
5164,0.149738039588722,-0.04512110663167002,-0.28627085933889007,0.025966918524182682,0.29637934500293134,43.977503889667624
5165,0.16328857922067475,-0.03154278519203471,-0.30311590315891423,0.03470627018980555,0.2956889541976207,44.45205532050196
5166,0.16615217961323375,0.02493700277229016,-0.245381614543441,0.08189430836018595,0.16427351264776305,45.84774016373803
5167,0.16333011422156557,0.0340244107751689,-0.21249610091798785,0.0950429878574407,0.11434420253829083,44.62768819826364
5168,0.1665786473681343,0.0016022939643650252,-0.23441252694141623,0.06760770867448272,0.1814337174961137,44.46992455026656
5169,0.1691258044616851,-0.015134837130009116,-0.2643378610460541,0.05323182797515901,0.22643860561193768,44.707741590615704
5170,0.18810146532129385,-0.006742459536911988,-0.3176695354646466,0.05798792833708056,0.26110445542628397,45.49716140067581
5171,0.163649490900617,-0.021195650700002556,-0.24968175174601143,0.04975505697819017,0.21807940452293118,43.57628984198309
5172,0.1419517974275474,-0.1148265844044234,-0.3237375429042218,-0.037449468790754836,0.42079770053110305,40.17439685002276
5173,0.1469043947523714,-0.06998505018983588,-0.2829232034982492,-7.55420745223227e-05,0.33544605760239415,41.376282961534564
5174,0.18036735785000846,0.04074137598485724,-0.27396786690746594,0.08704573626340949,0.17847698933300798,45.76000574158485
5175,0.16967652889196638,-0.023097890105219624,-0.29965885085907984,0.043123293106613364,0.27753426734064446,43.28879838106712
5176,0.17473596470601863,-0.034533008652006765,-0.29806626704772593,0.03708957167164406,0.29007691495534704,44.153593312616465
5177,0.11038396067753488,-0.08948825452922249,-0.04413265255074163,0.01713481262571859,0.1405250994093742,40.189395541244856
5178,0.17760513442071083,0.012385176797051924,-0.28113092103133464,0.07987828105266569,0.2079733723331415,45.128165009505295
5179,0.16811681401005124,-0.08513763006765565,-0.2982301091495284,-0.0029132192572801966,0.3487851236167285,41.071368106411384
5180,0.16978216358751375,-0.019411509536614448,-0.2911447362378911,0.04837271523285985,0.2620339726454414,43.38477361538727
5181,0.16758671728370814,-0.01087555987719313,-0.2646512424023376,0.058633838423946504,0.2213300148289095,42.493307615905486
5182,0.16085716200884442,-0.0007425656798818237,-0.26577493942553226,0.06536889604967672,0.2154010389102156,43.22733059852221
5183,0.15251551385886628,0.0046246640768215904,-0.21736572387992317,0.0772342965824433,0.15583177030108997,43.294108942556434
5184,0.16694970816357144,0.02923265574243917,-0.22814581884741136,0.09211741828546395,0.1377837456076218,44.84331104297608
5185,0.1674398231501687,0.03130892367922703,-0.22783403604083177,0.09496136236903878,0.1339205165837496,45.09234293740334
5186,0.16574378070830217,0.038379959535676564,-0.25485882065651994,0.09341163396755241,0.1582908959374324,45.73816059358446
5187,0.1975878279698522,0.08414306494386,-0.3065365564021277,0.14161628373584628,0.14000132922241015,52.34785309632437
5188,0.1999707640698441,0.06587015463685642,-0.3285652442471395,0.12429045684235486,0.18558876799398222,50.03619861502105
5189,0.1985375654263649,0.0828506007037152,-0.34741742398827963,0.14195869858989626,0.17432585414316326,51.80650981640215
5190,0.19502327083497847,0.053206352800805684,-0.3442656159700641,0.11266116476540396,0.21376646649118553,50.109420601867015
5191,0.193118405006855,0.058992533758185445,-0.33047246308225303,0.11656000867115475,0.20015725870664774,47.390580531058774
5192,0.1944232510618409,0.08539060297476345,-0.33803764705725114,0.1359951266887817,0.17336910913740688,48.3734126747816
5193,0.19008692989249412,0.04637763199517459,-0.33394349231275844,0.1091544878166128,0.21401151740507524,47.779343976135706
5194,0.18172923948068073,0.030335256244594953,-0.33702858961866583,0.0921496118292097,0.24768079861877845,47.73845873313213
5195,0.1685827208276488,-0.006950731089525043,-0.304854970565597,0.06781514865427664,0.26033585376709356,45.72882078125459
5196,0.171604614257109,-0.0007515349347364272,-0.3166313864663766,0.07272425217357134,0.2621415748518672,45.00875205223985
5197,0.1717875537782335,0.013277872295678634,-0.3185909810055318,0.08355888834810316,0.24907001590015182,45.942500079073525
5198,0.17147762903614044,-0.0018037250914562837,-0.3084135502093988,0.0729362065304247,0.25795214075883044,45.298235087993255
5199,0.1669092790796627,0.003370368762772304,-0.24831236945506124,0.08716057633269,0.18953902612064735,44.977776375189
5200,0.1662303041772953,0.034757798111498456,-0.33670323940996655,0.09918266008442125,0.24159253376734552,45.499103531110414
5201,0.18429408538790754,0.029422502351483804,-0.34114760587462295,0.09617764432868335,0.24351039084219014,46.028961542898735
5202,0.17930529626137925,0.025272681140766574,-0.32154625459030234,0.09400227926246554,0.2330933542118803,45.192379707109815
5203,0.1912028028817574,0.051346448768236436,-0.33209141669546915,0.11298255687948563,0.20693092017556414,46.62823712454175
5204,0.15124751626407074,-0.02085761671551215,-0.24986469420161372,0.06732230563077558,0.2226085175928825,44.861282881325664
5205,0.18592225553434485,0.03304867167453255,-0.3498704974927448,0.09524470852531364,0.25290621219979137,46.219201656152926
5206,0.17099618316037415,-0.017198970386841244,-0.352028117623423,0.05656571451372766,0.31552993234986093,45.831883730321564
5207,0.17917092726260672,0.014625245994208889,-0.34194869781723913,0.08276458788698152,0.267306847807468,47.62850051550893
5208,0.18271168440242283,0.01967453172687711,-0.3429560798497307,0.08767097000141329,0.2611557946381009,47.073883572912905
5209,0.1831677993417953,0.019398967160119695,-0.31169692131342547,0.09048790019939733,0.23287322210267486,45.67920543193598
5210,0.1793258615477867,0.044003475359105274,-0.2902295541065412,0.11131113560909033,0.1792851813209759,47.3136801043009
5211,0.1964386329840268,0.0492595428417837,-0.35648032874803576,0.10767156864390265,0.24234921327850636,49.14064484926318
5212,0.18640423640950735,0.025246671694198787,-0.3647943384249223,0.08722090916732628,0.2821038495186029,47.557504291235134
5213,0.17743768373947288,0.007435077469520045,-0.3503060909056967,0.07587685386292281,0.28792578460804075,46.893870980817546
5214,0.1711188914510406,-0.01257625892282547,-0.3461639706499217,0.05716523576294889,0.3146587517040089,46.49145006151214
5215,0.18324826168931363,0.025876265556873827,-0.29091803127570104,0.0953290990150102,0.1984032562132131,47.21667520990505
5216,0.17719390461308215,0.00339145063425909,-0.2891033764944421,0.07609792544564983,0.2299888687860754,45.678433517669504
5217,0.17261970176670452,0.017621802435854737,-0.27609584621341615,0.08769416289104374,0.1974348227912146,46.27203487648351
5218,0.1726123097653324,-0.0024903926872231943,-0.25840936974830386,0.0717178040447262,0.21556255575788894,44.64430888826115
5219,0.16687744690409664,-0.003077770405981823,-0.26651823129971447,0.06909346194360491,0.2273430691770191,44.455419608348464
5220,0.1518552215408955,-0.03733408941537263,-0.28337642412900643,0.03935810500554398,0.28279014640265876,44.18484409772741
5221,0.1574571773297768,-0.04119571100628024,-0.2801727119398238,0.03592609733809484,0.28247052208815243,44.300980590811655
5222,0.14672248363326634,-0.060071054714573004,-0.2526459169752959,0.024362517228266486,0.2797887389962913,43.757984129098304
5223,0.15030344612646343,-0.030047496191947066,-0.23134103484069157,0.04891198940106106,0.22094940351043962,43.786910353058985
5224,0.15458098420698815,-0.049965091034885854,-0.26968381134516217,0.027896746963168698,0.2823565640114535,43.59154954101723
5225,0.14779070951285173,-0.057908918732893604,-0.2485182322741707,0.0246626091277168,0.2700568768419464,42.98813906275894
5226,0.15811098368404278,-0.03949646387276969,-0.2656272437715344,0.03654346657861546,0.26526754303074346,44.15190132490362
5227,0.15166409713127477,-0.02655925778545737,-0.27959094511447374,0.04354352601112121,0.26425114441622916,45.044398992843774
5228,0.15862757975404498,0.0060207465067054055,-0.2804997794203138,0.06674137867075375,0.22525781694352334,46.26268237424079
5229,0.15408804055945882,0.036117802091195514,-0.2515960887622828,0.08819305407687036,0.1633653355239217,46.785288150377816
5230,0.1392649730141239,0.021502160857626906,-0.23646586042406595,0.08004964342000886,0.16516482395668947,46.693579509060186
5231,0.15447905034509596,0.07020454061011078,-0.29165335569517264,0.11189286068340584,0.15589870300609748,50.72077894671139
5232,0.15138126927051013,0.01678793499228308,-0.25845789025114085,0.07722133417631134,0.18563234925391345,47.390273557465925
5233,0.14258475873336549,-0.03245789808784762,-0.2088683415977116,0.04872876765320368,0.19678401259264214,43.86537095192157
5234,0.14561933502856916,-0.13401990990711427,-0.19783499915470493,-0.022528018077283808,0.3182911651971268,41.45825478653087
5235,0.17400469009047748,-0.07130146655447998,-0.34370123389229357,-0.002649712723360405,0.39323317957430365,43.22930977328941
5236,0.1654738910506612,0.018255773641243818,-0.23742188050247576,0.0823165476480496,0.15927962474910548,44.776941297632874
5237,0.16990889222263736,0.0233821888864974,-0.22968545580417168,0.08678658460723968,0.14246339780656897,44.892231361520494
5238,0.1677491935044215,0.032802314237808154,-0.24015351460386283,0.09236787329339764,0.1449086744020896,44.390209761246886
5239,0.16282415064082392,0.022490477058709178,-0.21246586621617208,0.08852309165419182,0.12915478908600692,43.75676056414542
5240,0.16778556522128724,0.03401606165800599,-0.2232096179086661,0.09620416823773623,0.12324133350724868,44.65670789057812
5241,0.161149841945478,0.031250899859126595,-0.20784875649447782,0.09395562742877514,0.11548284384263252,44.83132134036601
5242,0.16261898829524668,0.0024737167182962093,-0.23823892905613867,0.06690170294524408,0.18254948095209172,43.6200613737545
5243,0.1556055352585436,-0.09265020616839845,-0.3168301669228558,-0.02039223914459738,0.3852654269707325,41.191579436995454
5244,0.16647429499955657,-0.02993084500048832,-0.3043714595358925,0.034151579053965125,0.2940432910323058,43.51105423169441
5245,0.1757843887969254,0.025015284143489264,-0.26620973210116217,0.0797662266178892,0.18809537668012227,45.09948848260763
5246,0.17952962379715418,-0.05778863329796239,-0.33689722579238135,0.009735318146161971,0.3626460423437814,42.66992428647039
5247,0.11687334105006081,-0.13137966171968088,-0.0858612671356468,-0.021546740631257732,0.2243547217199252,38.91510574671524
5248,0.16282178797042318,-0.03174653821387653,-0.24513653984133738,0.04342532233245428,0.2450043678147167,43.90147447687118
5249,0.1936254070971311,0.039012011815264,-0.31787942321264656,0.09591298863443715,0.20911413917518662,47.27480550757904
5250,0.17817792710247807,-0.04128274011024951,-0.31765016437007143,0.031086912102007026,0.31201814458603194,43.201407819823025
5251,0.16622315129321605,-0.0441423626963729,-0.3070751745597013,0.02782529105446688,0.3118771281900415,43.089382031582886
5252,0.17250870401609794,-0.026190828182402405,-0.2962445876514811,0.0448353960096902,0.272943049399209,42.57138801755424
5253,0.2082533012412159,0.08816418074296216,-0.31813879542530354,0.1452689877540657,0.14361224164147704,52.47427477231373
5254,0.2070582197582348,0.07520179779362092,-0.32632739230744107,0.1338320533863086,0.16871930803334184,51.38018556333527
5255,0.19167733260182251,0.05870926196504568,-0.343209266764221,0.12081503939823494,0.204857450583084,51.153106848763144
5256,0.19075014336386922,0.049896870079187965,-0.3410777783115742,0.11025978109171683,0.21859842958797052,50.0394928284997
5257,0.1962815138303493,0.07751210438889611,-0.3325490406516074,0.12982433900533763,0.18025716248482082,50.123662225608896
5258,0.19229828485220457,0.0513312427350627,-0.33129753574963766,0.10924104859908486,0.21100414744478027,49.24384182861559
5259,0.19182786378044914,0.06771387236604089,-0.3409930490105506,0.12387208667721296,0.19465950039655933,48.509146549972165
5260,0.1937246276623695,0.07183742274277655,-0.3460832657056429,0.1265101601461599,0.19496836877807217,48.679221175043054
5261,0.18758706903583441,0.05255051153572118,-0.3515411767682105,0.11072477651377159,0.2267414835281771,48.18838855671706
5262,0.1884480383547968,0.08854055381447082,-0.36371233485963694,0.13588770683426785,0.1970828397100283,47.054818451535134
5263,0.18592416072582407,0.08693046666079837,-0.3732185287007107,0.13191222275438327,0.220093941037998,48.83797505358989
5264,0.17568814130028876,0.028086438596952625,-0.36071176397713084,0.08944905841664617,0.2790735721445976,46.25390136916088
5265,0.16913192157445622,0.006084359187830073,-0.36154953508776255,0.07239675800173907,0.3075489291152706,46.099883635040904
5266,0.1833267820496293,0.05691246070647868,-0.3633135911008118,0.11387141798888127,0.2342582942913227,47.757872438942144
5267,0.18890976423185227,0.07039130106141822,-0.35118096740681115,0.12468526535322687,0.2008475575265606,47.79188691287882
5268,0.19093112001501966,0.09199512919926908,-0.3454510436788627,0.14077565718258178,0.17148492054841816,47.545666329144396
5269,0.18727965813006617,0.0995451164440154,-0.3386962159965523,0.14552185573711984,0.15830701334493386,50.38640596140472
5270,0.18876600253507864,0.06992949984109151,-0.34141716337438943,0.12269983256903147,0.2018433326262617,49.08328614178772
5271,0.19309862316904558,0.0785519434604891,-0.3524406642386418,0.1343588608281212,0.18904551486089374,49.16847081733043
5272,0.19101848529085544,0.06611823714238292,-0.3462268846155393,0.12320973226539104,0.20464967893402977,49.52949195525722
5273,0.18758708388394657,0.034248632209824124,-0.3176331346369158,0.1062632228086549,0.20364319064589723,49.02869914125137
5274,0.19754396206096264,0.05103237330502235,-0.3700766941426697,0.10915209878014191,0.25148911401243595,49.27305201372915
5275,0.20809216700008168,0.06842768654520859,-0.3757065656180953,0.12464128352834461,0.23330938696673267,49.84755024694987
5276,0.19769752398775728,0.06564783836886243,-0.36996677365082486,0.11970414789872894,0.2357326700977958,50.39108541722702
5277,0.18136005770827807,0.006849048782894228,-0.3729539665492365,0.07026958378738733,0.31236348748576487,49.13475241058106
5278,0.17335775159297936,0.02937098535097525,-0.3823461073323864,0.08463401773711363,0.3035406231129819,48.82705441645819
5279,0.17140090353950876,-0.0038756618193218073,-0.3570889686455917,0.06414921795545372,0.315622334929986,45.82510825317526
5280,0.17052207130743732,-0.015305499311372484,-0.317092959198447,0.060521870542715635,0.283906664715295,45.297401223533214
5281,0.1739275201203217,0.014193576384430046,-0.2840636250410246,0.08490730371617597,0.21232883675680334,46.640370086
5282,0.1715722570132281,0.0037909023635266086,-0.28621308861661005,0.07810002347444192,0.2242761166936152,45.62127902696874
5283,0.1578792064735046,0.011857720921486282,-0.25505029727654743,0.0863323880709926,0.18448067231964624,44.97511622039753
5284,0.16171394606043107,0.015307585841078176,-0.26335461395348264,0.08814669740751932,0.18731892761309366,45.88274874271646
5285,0.16221704224745684,-0.006815135022546675,-0.3313336069255276,0.0582236988657865,0.296241990000298,46.758952935005254
5286,0.1653847089122783,0.017263330620295406,-0.2900837565791077,0.07772983191850495,0.22369127675834294,46.888622356751085
5287,0.16227507092036142,0.025413042927882445,-0.253809446638158,0.08767747060489363,0.1741794543529347,47.37548471926193
5288,0.1531090867098535,-0.04434267423217127,-0.26762425632565023,0.031853410341723905,0.2769403189643673,44.774772902657816
5289,0.16540140031223577,-0.01132865471631778,-0.3023575488855969,0.055482485303513074,0.26228479050423625,45.646850213802225
5290,0.15550891522728458,-0.030405951172382508,-0.31962582240361476,0.036063661853650675,0.3104257317042078,44.98907840140884
5291,0.14412723143587056,-0.03173314287944499,-0.2575937541501438,0.040322522871031705,0.2543287633627925,44.941835453741014
5292,0.15722006904024158,-0.015986679601941868,-0.25049906007677986,0.054316324332232886,0.22288908418930284,45.54445425526084
5293,0.1561902724644748,0.007370580948926007,-0.25535319959315017,0.07203796155058591,0.19512478876701173,46.63073782485617
5294,0.15211836569726556,0.01964823756474926,-0.22730758767321987,0.08324859289361548,0.1548789813941119,46.66451282786297
5295,0.15300033756115736,0.03832332742447276,-0.24166505690131024,0.09371098490386161,0.1451483108666424,47.43681919989832
5296,0.14259647194086036,0.02977802625924876,-0.23499315632084397,0.08897350682544607,0.14859464159411265,46.36093742524436
5297,0.17136160665547137,0.0578188624867067,-0.26829435705096716,0.10862335653156432,0.1392856415449691,48.702689997010864
5298,0.1665278586026279,0.03194543376137885,-0.23528574089723683,0.09294638345965653,0.13738547173130217,46.74778934327802
5299,0.16661977427366442,0.049790131840807855,-0.24998812224235908,0.10278538893890991,0.13408431797150475,46.70244695449393
5300,0.11910675340871646,-0.23287976311011382,-0.011819473282318025,-0.062202986268878595,0.2471686086785739,40.06990600953925
5301,0.14401911983492421,-0.11317504091580487,-0.19582835637758994,-0.008561670328251446,0.2880164460900413,41.51624451082401
5302,0.16675256524485738,0.024670023611473805,-0.23022664525150327,0.09041179421531746,0.1399761055252779,44.356502730268765
5303,0.1627670064601678,0.03325622969531042,-0.2123556981081546,0.0975881384010925,0.11230830181351259,44.71361939434489
5304,0.18458081626191428,0.04175283639825345,-0.23983817635473476,0.10289081890003557,0.12681069594339597,45.35377825117027
5305,0.16639227836498144,0.032634893086750175,-0.21156105894233443,0.09599192129463577,0.1152493195876282,44.72167948055047
5306,0.17121602277185372,0.02959671174145874,-0.22866778914985195,0.09135823041418363,0.13693746194033726,45.34186445469441
5307,0.15963764680682557,0.025783779273912864,-0.2032165738822563,0.09181354348783323,0.11690590685445595,44.34809166945042
5308,0.16354069310096128,-0.047285892817007284,-0.29696072368814924,0.018176114296583654,0.31312617437695106,41.770349280245064
5309,0.13647484044708663,-0.17529502566036087,-0.26982901392191866,-0.07894192979632614,0.44716412712203946,37.96432113921897
5310,0.12792377011034653,-0.15033577334361142,-0.12848298211451245,-0.03148142704311676,0.2757432398862234,38.44285601762577
5311,0.16174338625858137,-0.08715170798825381,-0.24737115865162773,-0.001135171967643439,0.31447814515040456,40.44536001229046
5312,0.17144769298333584,-0.07541998088305392,-0.2928896707410355,-0.0005664709087063276,0.34972774428717085,41.556300445690056
5313,0.13464857384717815,-0.07554906410783564,-0.14940375932023411,0.017627971845846146,0.2079105426670017,41.503880954041264
5314,0.19476098109480042,0.026853788986117417,-0.3198696013620848,0.08319204119785942,0.23501006771512897,47.10222828382028
5315,0.19416705768654036,0.03316487972956331,-0.31978088095868906,0.09089407695395581,0.22027652984038676,47.77420533887186
5316,0.17888545146536122,-0.04740420288044927,-0.3299203373114762,0.024602571702582298,0.3341155732337407,43.337088708602316
5317,0.16986686426535014,-0.04531715652454396,-0.3033567460550794,0.027550214628795568,0.30745671707556965,42.93146427577578
5318,0.17147537950045716,-0.018303141988783807,-0.2996504976670733,0.050140689496615556,0.2671496788196481,43.429865212955974
5319,0.17248659471908656,0.014073484004008546,-0.27303789042461285,0.07943227873484275,0.2003747897817019,44.40365225864289
5320,0.2079728058812571,0.1044209919581593,-0.3286045508265247,0.15416223260338985,0.13794911284851488,52.7741285943224
5321,0.20534215884161622,0.09456436035832311,-0.32516835587486603,0.1447133225372167,0.14906021054899501,51.72172991381396
5322,0.18699520883853593,0.029581782196233853,-0.325112184333216,0.09607014075667424,0.23307082528125955,47.7427615925348
5323,0.17725273149516332,0.026974520625460963,-0.30274505705418875,0.0947682510689305,0.21411455494866868,47.25746831038235
5324,0.17602435589691023,-0.0024881575698395405,-0.3354735936959296,0.06812887887494494,0.2824681792763189,46.446400995666764
5325,0.18790621685311978,0.02950916693102312,-0.33403895832764346,0.09484082908425388,0.23490580711666278,48.10199205818257
5326,0.1970512875586261,0.0646779822817476,-0.33688660428098777,0.12292696445771424,0.1945974208919304,49.813890774662056
5327,0.1862669695444005,0.0737150695850463,-0.34494807091313867,0.1279551858588093,0.19374012116575104,49.401933447268036
5328,0.19793649413026523,0.10177478386681003,-0.33951415920000544,0.14854050923555895,0.15412144088811472,51.32586560703655
5329,0.1900197152648851,0.06678382604321385,-0.3498691561921898,0.12082870478978032,0.2087818407205159,50.303562963349435
5330,0.18329316049799685,0.07728005827200882,-0.3543638008890642,0.13025762357862744,0.19485780307700473,49.91927863941789
5331,0.1877338300096226,0.06643735931483898,-0.36412751677187216,0.12234947005230097,0.22334909887681215,48.594652933561385
5332,0.1785973084042049,0.03968349893929343,-0.37610728043719033,0.09745864101243108,0.27779755029342473,47.47724076674986
5333,0.1617200973231623,-0.001973469558624394,-0.36721675792388164,0.06458131790267475,0.3261362541464633,46.3950557475965
5334,0.1617362177117017,0.029459746890579647,-0.37658084293767485,0.0873635135656069,0.2950474267426715,46.59046548000681
5335,0.17981754537005484,0.05814038827840576,-0.3747904516310447,0.11517426341790642,0.23590648358003993,48.428957069377965
5336,0.17649168675400878,0.08199829625537186,-0.35530560312020143,0.1324000082769037,0.19731336425189624,49.41618231427426
5337,0.18182351942793878,0.08134415538331,-0.3321983484431429,0.1321492900792549,0.17707613286601723,49.75179294701924
5338,0.1843706268590649,0.053722306506248096,-0.3426042701171345,0.11343915481376705,0.21893897273268614,48.4371339850038
5339,0.18422215140252832,0.06889283547112615,-0.35726735521027375,0.12305113953812473,0.21912520789042336,50.55864162789004
5340,0.20265798435499752,0.08594846947038301,-0.3403470010202623,0.14024710392731515,0.17090742626697167,52.599399694136515
5341,0.20337057777850484,0.07812889917549354,-0.34560434379526084,0.13533033145461434,0.18163787774376572,51.43720522041527
5342,0.19102280434151,0.04463325604180791,-0.30814359986851536,0.11146281504431607,0.18960790944957875,49.40027281522962
5343,0.2024230097987498,0.06211126730576153,-0.3612954408886927,0.12379014042123605,0.21957502200818751,50.90987382835821
5344,0.17774691030552844,0.0008911663404096048,-0.37082869197423973,0.06947565418230113,0.3130406358493789,49.00122417387496
5345,0.17883719268619372,0.03382622256187613,-0.36852902415934435,0.0946620182522714,0.2755899091617411,49.09186095813415
5346,0.1698812310802657,-0.034769195113806106,-0.351998810779128,0.03877965908914103,0.3440420063217044,46.10931108275032
5347,0.16765049262520507,-0.01989529278376133,-0.3132554015908177,0.05225457065665048,0.29322013190546137,45.96775398672159
5348,0.1674942416529473,0.02535036675459009,-0.25892127423286526,0.09530078547813135,0.1773015970880038,46.684846418399715
5349,0.1835700459325658,0.055287435474272575,-0.2807518856898929,0.1053590628798849,0.17251244803348154,48.79802870917535
5350,0.17858344960654446,0.01219884151366581,-0.34047488648314134,0.07495493496951205,0.27824618237371535,47.32914103400225
5351,0.17859305439952283,0.027897313035499686,-0.32505856297027036,0.0908471845088233,0.23966434850963506,47.33869466640504
5352,0.1837458921338762,0.03577045674811946,-0.294919490650473,0.09750226914064351,0.19981351317457624,47.82798426825831
5353,0.1836660366498543,0.04740494384545559,-0.3216822567878754,0.09757536640316927,0.21989896174669912,49.09374845333928
5354,0.17800298174414345,0.04163329159358665,-0.28625673032962773,0.09537708793765526,0.18831797770981534,48.517419037965915
5355,0.17012982687257502,0.012554467698407562,-0.2758079290305392,0.07588693213082912,0.21197558569056538,46.240420726812815
5356,0.16077753036486553,-0.07022192163143906,-0.29825904313677226,0.006304601719552015,0.34163388058833616,44.04309096143039
5357,0.1696741648275321,-0.050162290965660654,-0.32112429936199,0.026500631714118098,0.3273259138509448,44.678476104071756
5358,0.1627446002277723,-0.035132737925747795,-0.3182513431909575,0.03478750681205139,0.31123497910335324,44.24164527144486
5359,0.16462447849622097,0.021538855737575836,-0.2597803750359703,0.0799017052430244,0.1869029031601469,45.68381390817247
5360,0.15835775113459227,0.02670204948766394,-0.24370589188910155,0.08588744592394128,0.16558027881610843,46.65811415898934
5361,0.16336698762891186,0.029746839861890532,-0.2225945315392531,0.09377007575523001,0.13429341376397189,46.82294940511077
5362,0.1577806935594681,0.03760773870270915,-0.2226970336292737,0.09652208808123355,0.12888612361676458,46.97079312901505
5363,0.15584457325862316,0.03268662297002538,-0.24859531248327607,0.09100006206697346,0.15674300295173899,47.23024318630928
5364,0.15045668592618658,0.029812708548277188,-0.23913278635024296,0.08632214919829817,0.1566560744561616,46.04179759437588
5365,0.17216816668921314,0.05173793798726171,-0.2521895518641599,0.1040524792856952,0.13557815385601094,47.32334251544335
5366,0.16936520775138408,0.06869232915340855,-0.2871308520117717,0.11081357831858851,0.15412433110099424,50.47942144354446
5367,0.16545274559280965,0.04563585370803488,-0.2738107621151709,0.09803800144330206,0.16427422573021702,48.49186896857646
5368,0.17121654141244233,0.018922401974323624,-0.27874534586030625,0.07950246568193897,0.20296559389563032,47.489925411247214
5369,0.13240022955494135,-0.1720412211099612,-0.09530284911999845,-0.034072933670983456,0.26008625134724833,41.05392794902863
5370,0.16113610853851906,-0.014836125214707632,-0.22378895292780732,0.06419249512731012,0.1850818725707101,43.62129980392453
5371,0.16979640557803688,0.03482499929201459,-0.23507390585497742,0.09775212305842709,0.13206310484351022,44.666155810864005
5372,0.17508379314778263,0.027086666547345525,-0.23565568547147792,0.09144338990403961,0.14380850737902418,44.90919881517271
5373,0.16647171388069323,0.022952458275369365,-0.20572549287513742,0.09084992215447438,0.12152704630285993,44.206622427412384
5374,0.17105898411728032,0.03679927659690535,-0.23126141507758624,0.0939228558354001,0.1368971085920835,45.195438940544754
5375,0.16396691316922596,0.02633119125316124,-0.20305049181816848,0.09337460098793443,0.1143613771761889,43.87496271307436
5376,0.16085864577634088,-0.05912382707316195,-0.28168907418469324,0.014624948145481473,0.3072046066468343,41.904068895183414
5377,0.1442956164099056,-0.14468107417890827,-0.22048012500877565,-0.038867299911146166,0.35228558423694656,39.34927980481403
5378,0.16179471722516112,-0.11192459616146679,-0.3523554876934924,-0.039040315372411136,0.4496189985072336,39.78167776676241
5379,0.1743890676281202,-0.08713519941084,-0.35232888372973475,-0.015152588512219426,0.41386247768909473,40.898784415695076
5380,0.12873840321074015,-0.09950365317062404,-0.1476273713783093,0.005242950093072464,0.24565114202475608,39.88650818927562
5381,0.18075747351811935,-0.0932258411098141,-0.3207973317370435,-0.02056595408870132,0.39912207200082245,41.55033854204057
5382,0.19273781209768995,-0.1055020355796937,-0.36718465092404984,-0.03614300687447378,0.44610852911439164,41.62350752553718
5383,0.1832203121648748,-0.022260592537497167,-0.3205885980693142,0.04378453539506179,0.2964220882063389,44.45300298415025
5384,0.1802409871600566,-0.022561710833930847,-0.326702153807761,0.043084746105319795,0.3077099618550785,43.4179272264683
5385,0.17359001849720515,-0.03263505232267135,-0.28543821755652077,0.03903028570788806,0.2784180576613352,42.01459843732396
5386,0.17353917345522663,-0.010269646175467686,-0.27887150021632295,0.059403121414373865,0.23994662254058188,43.25132448558853
5387,0.17493455598613428,0.01603096288635241,-0.2726447092703037,0.07996525124805844,0.20049843120995525,44.7621379911658
5388,0.2061102530233484,0.09529017527535431,-0.31545130988046555,0.1499709581785585,0.13248859714459982,51.94612985880598
5389,0.20480760059210792,0.08233297162963325,-0.32610184860079894,0.13926995051466842,0.1589500129331434,50.97301210953587
5390,0.19082740321967653,0.05656914179080184,-0.3280910055840665,0.1158259529904236,0.20219805377085534,48.46812214278481
5391,0.16728368565348103,-0.030364416884184973,-0.3125587780959342,0.04893390888899032,0.2974487199832761,44.63894274345419
5392,0.1790657688025333,-0.011841284729620809,-0.3157006432300598,0.061523458136894305,0.26976766013581077,45.64838676482914
5393,0.18482299826125873,-0.0029419480016961374,-0.3488984780600813,0.06732275617517904,0.2899619862614896,46.44803593069574
5394,0.1839033046556196,-0.001754771144542053,-0.3465014215366752,0.0667088421558011,0.2909410288779189,46.71615038408019
5395,0.18291267849981266,0.0414538127493225,-0.3346747607246396,0.10211286497470973,0.2274136099515352,48.65718454937167
5396,0.1940897739025495,0.07281312350183831,-0.33740120698347287,0.12748801201062018,0.18563024402866482,49.942026844348014
5397,0.19377650015921993,0.11137872903231555,-0.33165106205674194,0.15131727931678784,0.1431194721694954,52.73428093090418
5398,0.18623959440799095,0.0913606114366886,-0.3480145954982232,0.13793728601981764,0.18217782908663183,52.170285564895096
5399,0.18476415944232671,0.08650895223911813,-0.35243143625423345,0.1340516467380369,0.19331116294139675,50.63957418242267
5400,0.18168312467487055,0.05266219552620418,-0.34143871221620875,0.1106525882959589,0.22213406336208447,48.03713676150697
5401,0.17257891974309408,0.02466457787116956,-0.31888794044337593,0.09054655850792145,0.23989282144629745,47.031546398221856
5402,0.1669656562965556,0.050740487867664746,-0.3472766618273755,0.10868099740687054,0.23492742566538258,49.472642905555496
5403,0.1362332236272471,-0.06866497055637065,-0.36734332399883907,5.62995479032382e-05,0.4341780732229318,43.85615325528172
5404,0.1442910718443236,0.027029624970381107,-0.3752950985908787,0.08248903686452981,0.3109349394094847,47.45280639030988
5405,0.15873235722227613,0.04142878592882274,-0.38622414181388715,0.09373984522997106,0.2995919235097238,48.58716620431453
5406,0.18690877297177436,0.07724988050418714,-0.33178546345569676,0.13200367383581812,0.18172364989843723,50.81377587759652
5407,0.1847956686242044,0.033627717501955166,-0.3368476471057464,0.0985438584654981,0.23632772081144435,50.18687165555215
5408,0.18690468859938605,0.07977522061290314,-0.35824713663432406,0.13069773327741938,0.21045051332270914,51.87603417238984
5409,0.19719370386257493,0.08533890693047193,-0.3595650879405856,0.13592376509997567,0.20009561191719114,52.2056379795629
5410,0.19802454408653494,0.047634329479600036,-0.35521460736145527,0.10988939559858234,0.22962549592344833,50.175395939492645
5411,0.18550256310059948,0.0023734038105246084,-0.32222698426285235,0.07787499050753026,0.2540457020758303,47.53222717395452
5412,0.1955210039756831,0.055501503930589065,-0.3423457960576738,0.1143893470182596,0.21925974362518705,49.79693701764264
5413,0.1794790000413565,0.021282443021731108,-0.3594581039660151,0.08766770890672519,0.2796560328196741,48.82193301239332
5414,0.1673349856986594,-0.03213806944464239,-0.36034189621697527,0.04146202263780965,0.35164159779275606,46.40948053997855
5415,0.15990402929348807,-0.011245904897795743,-0.35108928359859803,0.05920630494337873,0.3179275978657999,46.15961066922973
5416,0.16712279868978785,-0.01706054793688077,-0.31848705112250814,0.059597352865475975,0.2863501382096304,45.643476383262964
5417,0.17577288141848973,0.01875782178548322,-0.31811086995588006,0.08529235920147052,0.24461195316008355,47.02229535611638
5418,0.18798575465098732,0.03182317267335799,-0.3548027020780079,0.0896206685997668,0.27124921678224884,47.842712156330265
5419,0.18648673476498576,0.032950002612374595,-0.35489357741177147,0.09162903286121386,0.2690372583726594,47.745675772425976
5420,0.1783170594852425,-0.009366485486690725,-0.36131282200870923,0.055276078068562884,0.32613539638775135,47.16983273285075
5421,0.1843024430007355,0.025615890728808204,-0.3405761447376239,0.08603854383302703,0.2604259869293717,47.77187420966388
5422,0.18436584811538456,0.04310373360649151,-0.32155106370107744,0.09879955961681573,0.22092423505289535,48.12648872722332
5423,0.1761518283893036,0.03387322755157059,-0.3022006806103383,0.0894380235602889,0.21463912018262857,47.574840025817856
5424,0.16950288740705557,0.011476894719678998,-0.290771939882413,0.07815805716673177,0.22403518462764618,46.85540920411395
5425,0.1690322701233988,-0.04313606566582203,-0.29426528666381013,0.034088772406840245,0.2993448331258784,44.84612163864916
5426,0.1484618799305698,-0.053906216026782396,-0.302185066859193,0.0237155840930945,0.32044699923064557,42.672909086208655
5427,0.17033327658763664,-0.028453323776902205,-0.32675810925410814,0.03452604903319035,0.32113584034284776,44.088199728092484
5428,0.16743544265483706,0.021310518764276008,-0.3086780682863658,0.07874700622682936,0.2347503726142434,46.01181089633869
5429,0.1759306662260987,0.049480337358403945,-0.28016758042467155,0.09270497643886949,0.18116069686950653,49.065426089396716
5430,0.16856442902804297,0.055755739024857365,-0.24255016733060222,0.10430426699949616,0.1316010508709566,48.80683862725504
5431,0.16636492967829183,0.04825045745316836,-0.21604185421287897,0.10340598080524825,0.10984688755786863,47.84002240034303
5432,0.15049404948332715,0.020268494580883853,-0.21563180789738057,0.08531009895002953,0.14289920074695664,46.61869771400461
5433,0.17036196131723924,0.02722273791235052,-0.24563933543106617,0.08918813451542883,0.1581212810357885,46.52368501232662
5434,0.19291433039933092,0.06107410960118592,-0.26704274664490496,0.10582572854797087,0.14382775940492748,49.04562793965321
5435,0.16735904822283362,0.05159198082060747,-0.27390397573805475,0.10107043686549447,0.15791414790832453,49.15476125262716
5436,0.15832199181160428,0.05724691494349501,-0.28668168712052206,0.10452660908753453,0.16850281124466568,48.59760721476835
5437,0.166481377208858,0.03413017399093371,-0.2819998236433527,0.08944535410581901,0.18972380461141705,47.59499077347742
5438,0.17655691609750804,-0.012321799332122428,-0.3024912321787371,0.05303035522343524,0.2667265251683214,44.372644892513385
5439,0.18103121539433556,-0.04001086526332302,-0.286257484339544,0.030899845566742027,0.27994875485475923,43.09283497411769
5440,0.1731570270773743,0.010229731984825009,-0.25334438322654074,0.07844427019834561,0.18170074725612503,43.46652908762001
5441,0.17864291784848962,0.005746003728592334,-0.26370554663926604,0.07378970611078602,0.1986390834709459,43.91437100091277
5442,0.16972943044829047,0.0043225469730851585,-0.23847996596505638,0.07353254584252723,0.1732228295094849,43.915915046947106
5443,0.17107032781455692,0.026261125118695806,-0.23645189177523226,0.08794840074142807,0.15158124711303197,45.169953334616345
5444,0.1716099672803604,0.008581912607958826,-0.242997855160136,0.07391996032582371,0.18020390285863383,44.66035928626682
5445,0.16974332571621553,-0.045238376974612374,-0.29872481564980813,0.02730188759850694,0.30034868439837686,43.01241275992889
5446,0.17463306418085228,-0.09394012794437973,-0.3356655702131249,-0.016093501310364806,0.3941877926029789,41.07526159491522
5447,0.1809264255450192,-0.04062162443234563,-0.3200106907490588,0.031028707870104956,0.3141696400880712,43.7358420844386
5448,0.18618818994377243,-0.09880505433369799,-0.34219037803395985,-0.02264599374908024,0.4037315718469757,41.47667256283017
5449,0.14833407161326687,-0.0932672885391958,-0.22312455342685403,-0.0005745637938307815,0.3018496694601373,39.15450122009503
5450,0.164505050806627,-0.025154321707142973,-0.23876247672290454,0.04679029448702408,0.24299125971140956,41.29479045843695
5451,0.18890890104512228,-0.06935882697267846,-0.3390685133123967,-0.003019244402266693,0.38453515704358127,42.50057769294476
5452,0.18074067203144964,-0.025812871663804707,-0.32494547929321965,0.0402230760372704,0.3097038941779828,43.44596198070689
5453,0.1664515646023121,-0.09608572730416377,-0.3266708200495083,-0.01730151553633218,0.3887927393558088,41.97445837355287
5454,0.17039727465663224,-0.0034083401353867558,-0.27574750979042767,0.0656264180704508,0.2271646163686988,42.69049479551892
5455,0.17724146057551304,0.005563826955773826,-0.2927210931681603,0.07363228755317702,0.22890817113639536,43.35512915773154
5456,0.1883847677292517,0.016301757209749943,-0.3234168833578011,0.07857189851142515,0.24822410453499807,46.149088984228634
5457,0.19719408211329442,0.08783289550421963,-0.3317774695245304,0.14473766256227613,0.15497940780918473,50.461318049490366
5458,0.19115919413731372,0.07126877574640456,-0.33999682371294043,0.13212602516143418,0.18412733247376117,49.42433216994708
5459,0.19321331677166487,0.07074404236542944,-0.3474753568535914,0.12914016796914501,0.19305204048674102,48.01559896652738
5460,0.18802212721174671,0.03891759318643165,-0.32970301331691393,0.10500243012490579,0.22019544588700898,46.66565667960228
5461,0.18405212891019387,0.006376540932379111,-0.3286770031462174,0.07592941241651184,0.2561414617942369,47.26700792428036
5462,0.19397601314175292,0.05278759905850089,-0.3505222223091138,0.11482634150473187,0.21704942797645646,48.42878411480558
5463,0.18132310577606045,0.036779319405697855,-0.34414640689859977,0.09927488216872803,0.24098801896276162,47.17864949709208
5464,0.18774977582002578,0.056292861053127745,-0.33679382700843186,0.11640138071486372,0.2064657181018721,49.481216023115145
5465,0.1936077883451684,0.07444368376020656,-0.33748231414703445,0.12955623030581548,0.18259368734017575,50.89220080548134
5466,0.20518908190420823,0.09991838204383832,-0.33373158586625656,0.14796269361957962,0.14719997850623054,52.956327262297016
5467,0.18844993408877414,0.06832870356720726,-0.3503221608062236,0.11917971192658768,0.2109282988292071,51.409622736446785
5468,0.1803568976634123,0.04846681751902806,-0.36100891602045226,0.10231127580677424,0.2518619830737242,50.29335025515727
5469,0.19101562160734536,0.08416352455511535,-0.35550362259616203,0.1355353042513371,0.19470941865515573,49.993946120578016
5470,0.18188493816988988,-0.015628154689086515,-0.37987602058156095,0.04949216789023936,0.34645161398497515,46.30114686431009
5471,0.17507773435431265,0.004595900410320789,-0.35581213897611763,0.06891327315011321,0.28923468861014373,46.764290395731685
5472,0.13597145789424356,-0.0489900802742166,-0.37483162923017793,0.01686826398977559,0.412297896756166,44.876986321206
5473,0.14631122888469783,-0.09142793553469117,-0.4028435445534266,-0.02183815090976304,0.4771448064243064,43.332922191715156
5474,0.17553417970807875,-0.032571432554574405,-0.4091462076266312,0.029125934355134383,0.410417227407111,45.8180721393011
5475,0.1735147737681121,0.0018629135121364263,-0.36618258378899254,0.06533315365304228,0.3181168459009351,48.00229847523586
5476,0.17538077521764353,0.011251154714426928,-0.36938350371870193,0.07622043515359682,0.2998022496821481,48.537396828082194
5477,0.19093632606702995,0.04111865484991066,-0.36101877716884173,0.10057243844870911,0.25347168079248444,50.72493709472439
5478,0.1970396906682696,0.06512704938123576,-0.35793422855690743,0.1227739873368316,0.21889553835819725,51.405211575830265
5479,0.19532788899101558,0.044423701938175325,-0.3489194292980966,0.10839933614931237,0.23041923749651425,50.05200584063973
5480,0.19695257959424145,0.0660266517503872,-0.31703134057422333,0.11127314771166671,0.19779811954026782,49.039981210075425
5481,0.19376862849918575,0.05034374792517208,-0.322849268239267,0.11137337997516854,0.20444327899723658,49.51109720498191
5482,0.17710265538885547,0.014687009705334918,-0.34523798470505995,0.08428647133098495,0.27155487544171897,48.206056816951055
5483,0.16023388459988203,-0.031035974236667884,-0.34128870426143537,0.04656422543563086,0.32602233110037765,45.88447110592193
5484,0.1661045044654283,-0.002243511282454683,-0.3322226464768419,0.07160546993879216,0.28201801025382855,46.57690488824143
5485,0.17867435823221403,-0.005919276556400765,-0.3330480198612234,0.06831443896815859,0.2856109890562764,45.7036197228623
5486,0.17927526069762972,0.008260893190353375,-0.3667673904494167,0.0725481019195269,0.30808192494659686,46.84019234709628
5487,0.18389005342516607,-0.010339459531763864,-0.37963412337975005,0.05548362589809817,0.3420748594486818,46.36610686829775
5488,0.1693191388181768,0.005536920589811682,-0.34124384083611936,0.07093913793032992,0.29003310414508193,46.71557806173336
5489,0.17190602753308784,0.003871706224716131,-0.3417675695876849,0.06835833470018006,0.2901055755345571,47.40508577871204
5490,0.17735246088169296,0.013053528802090038,-0.34756193519906764,0.07495284300289111,0.28272359829557775,48.14412085961898
5491,0.17798617984520165,0.040962132067855296,-0.3508645270711374,0.09600693245851602,0.2526114910387502,48.56419099186122
5492,0.17989982182316316,0.05752313808969067,-0.36061259857315814,0.10543040019094589,0.24658596883727102,49.12075564871723
5493,0.159660930416126,-0.013096474394476287,-0.3193806411148034,0.0556472392940435,0.2876802452637073,45.11394452384975
5494,0.14408179122216777,-0.03887969850094511,-0.24397227453522138,0.05142242771302146,0.22901469516743597,42.90469824239826
5495,0.16317128076398232,0.004678467937922827,-0.3089401828651103,0.07068833368767984,0.24913175202541663,44.06967368967194
5496,0.17312425111441965,0.007903194586588363,-0.29994237207365726,0.0705028669799196,0.2414342543310519,46.24587131597848
5497,0.17024753957106073,0.03605393585781615,-0.2546355306989437,0.09297738160593183,0.1644003198394569,47.815457875059806
5498,0.17772610823838236,0.053956611422931046,-0.27768823967275047,0.09753938834306035,0.17131399667079275,49.132560275522536
5499,0.16022967732831395,0.03884107936747151,-0.21703039074164532,0.10307059249249985,0.11375020801673835,46.33692849622407
5500,0.17426654964039742,0.04304196011819658,-0.23542550113648253,0.10243077926086752,0.1288333325907734,46.95364756918308
5501,0.14893605737643653,0.019424437399400734,-0.21696792431435108,0.0864952282597833,0.14489274943287017,45.89435100948067
5502,0.16659936012876078,0.03999444388409225,-0.2252214312941745,0.10170205698402934,0.12361647440134435,45.84804674545825
5503,0.1770995244777215,0.045147199397730986,-0.24685915980313267,0.1018852049753112,0.1384837070850745,46.48676446879068
5504,0.1909477459284687,0.057194350981157556,-0.27690532595595313,0.10298836942099444,0.1610556925058299,48.99836562493306
5505,0.17936794445983192,0.02921765251654704,-0.26964203888252314,0.08862488195865556,0.1795651173242607,46.88805563606373
5506,0.18292314209135402,0.007527409527965316,-0.28914127140096724,0.06962185357456542,0.2262077176252797,46.107843707481535
5507,0.17989754069164182,0.0002480487717877604,-0.2823768879614375,0.06584754685120182,0.22887734161055012,44.84742482661588
5508,0.176231493003704,0.001764930644323509,-0.2775305717787008,0.06677273656955408,0.2234299442653695,44.698714865541504
5509,0.17789273963634858,0.00946962993760203,-0.2611135761907296,0.07511990483549014,0.19611673789422204,44.63466904335512
5510,0.17561168024754414,0.0068285545809154136,-0.2609743649273722,0.07171841976764731,0.20059253123489698,45.1909956494215
5511,0.1704388222673291,0.03220940244128162,-0.24186035162076858,0.08755263985575172,0.16050645907619163,45.81968752500325
5512,0.16806217697051848,0.022795250051335134,-0.23278897676099639,0.08628109673200983,0.15515129282068635,45.86556095511436
5513,0.1785153236327582,-0.00016463411581855696,-0.26566411766270176,0.06207695002513964,0.21515649303360918,45.33713907966199
5514,0.17347001194341113,-0.052962928156647604,-0.3106206575056921,0.020150837391710145,0.32177581057523946,42.95016113503672
5515,0.17049540212510247,-0.07194174087668333,-0.3110914704012076,0.010732582097798591,0.33117053057141255,41.85852381646901
5516,0.17366155821317417,-0.06064745312686564,-0.3222365657422037,0.013706633673293736,0.34226323568760836,42.339837536872125
5517,0.18590200904243298,-0.08059730294637041,-0.343650873858414,-0.007739775604452658,0.38645098666521416,41.75955141993821
5518,0.19215037617839847,-0.14084978951693516,-0.37072854407288885,-0.06535795699928404,0.48745968371120557,39.55450493909711
5519,0.14249919394019134,-0.11881431397336238,-0.18779140158134977,-0.02249859914773675,0.30537720652368494,38.02026370613704
5520,0.1559705615392516,-0.037310977802151764,-0.25125082874002197,0.03935483418547947,0.26705887291299313,41.20030229722865
5521,0.16528640443407847,-0.052349124780696796,-0.3287154915977347,0.016461386936689918,0.3565653926598281,41.99620699263551
5522,0.1839625430137205,0.07387697970414478,-0.34978110612114166,0.12780079318962997,0.2030399507064291,48.02008888004487
5523,0.18753030201987037,-0.002919274547748755,-0.3331922046191445,0.07383155777964838,0.26500859375401625,45.76412454493945
5524,0.19900918703039516,0.03721111237187391,-0.34550779385104813,0.10715656811102472,0.22430640269895158,46.99890901559251
5525,0.19018532581393083,0.02692682495260381,-0.34481961343898415,0.09365760045599839,0.2474361282300954,46.432684938566766
5526,0.1986172400336007,0.0653101608706175,-0.3386793629926512,0.12506339976086578,0.190789075362428,48.03413771185946
5527,0.18359226571251125,0.028351124464467456,-0.33565730493249274,0.09453599325937152,0.2417803657344465,46.937536481774956
5528,0.19264591274355672,0.048037140858575654,-0.3297082091429558,0.10950664787751564,0.20856826939936982,48.98142374595443
5529,0.20695943476343281,0.09936535773505446,-0.33073786661636234,0.14664572374576657,0.14823664296457512,52.28469969689516
5530,0.2059045261565131,0.09585827238045806,-0.3208291379082957,0.14659996019562083,0.13872868849246478,52.76541777056573
5531,0.20098595247979958,0.09789878558510941,-0.3338345531843256,0.14553183643150666,0.15475375782786593,52.9798971857585
5532,0.19044917125322874,0.04790934519823908,-0.36516580379944447,0.10497593199936449,0.252798609280511,50.05879765268291
5533,0.19520454612552862,0.07005180772860325,-0.3621963511972564,0.1243215104691349,0.21843801592748197,50.25053929626579
5534,0.18320061481236163,-0.01171210596481744,-0.3555116328210507,0.05609103683553431,0.31084819650212087,46.480984063458415
5535,0.18075706733887528,0.029395808970865002,-0.3490046309341253,0.09196723879728319,0.25454824794201825,48.16407215573671
5536,0.15392499562058784,-0.058254991203982864,-0.3585341577811529,0.014371067237594428,0.3915995036215969,45.407700689103926
5537,0.16708941058969046,-0.05723299523532441,-0.36766307058493347,0.0141301552974834,0.3892603542378262,45.75730542435548
5538,0.1794549108303453,-0.02487724738175296,-0.381753845376099,0.039882889436407026,0.36107498738844995,47.3924016038449
5539,0.17922557071112794,0.003933260858763762,-0.3564248134702577,0.06631413734965216,0.3020326529557224,48.93392291030128
5540,0.16634543999402707,-0.009534486807440169,-0.38618400096819133,0.053227595027434634,0.35335789558462743,46.84790671404336
5541,0.17120974732531927,-0.03347514617422614,-0.3400575259110045,0.04021480118737291,0.33019843344073424,45.4521101529729
5542,0.1982095490086187,0.05167942222567354,-0.34345380026825123,0.09525685728251,0.24400629667038146,48.786221406045534
5543,0.19702916206152976,0.0549514255292427,-0.32430522037201126,0.0978516741544274,0.22586456464246701,48.607454162166405
5544,0.19859863757822097,0.07063133076054103,-0.3386400632376114,0.10985352542464795,0.21910528271498755,49.74644808276828
5545,0.17054142976678674,0.004656115405536085,-0.3140906865524521,0.08116347489080883,0.24735047953846556,46.750890705084835
5546,0.16308617727844252,0.012976475714851728,-0.2649631637841554,0.09020573922917294,0.19886105761923376,46.20124176362318
5547,0.18692332324303781,0.035403756746822695,-0.3625994589515935,0.09715611835678774,0.26538061536776975,48.94168024777772
5548,0.1860433004198123,0.052271322280300084,-0.3672020072165299,0.10932269953376827,0.25165556173705966,49.38666743118983
5549,0.1586091356164662,0.003621647864742228,-0.33835423079242394,0.0734205777157117,0.28705267736958745,48.079601155163125
5550,0.17232051578658886,0.011456580664543456,-0.3680354383985619,0.07835342319814248,0.29986166246013535,47.250295183293964
5551,0.18947703774051375,0.03007045885636278,-0.3736767934613132,0.09110520156143992,0.28207115028655205,48.293689421714205
5552,0.17292297581271918,0.00803086484212698,-0.34395818871005296,0.07477429290863079,0.28469110974925343,47.088532323951
5553,0.18320560841557923,0.0129029602736994,-0.358061851469359,0.07429036598714729,0.2966431831297995,47.28418549686837
5554,0.1739294041429545,0.047082893768697134,-0.3555368283781173,0.10010831447193158,0.25221419547895635,49.225007863228
5555,0.17605620383068474,0.0631417802026002,-0.3675319643926812,0.10986337673306275,0.24715157154094358,50.114941724732105
5556,0.1567860078806813,-0.014039055802009034,-0.3260654650753248,0.054169380203893634,0.29842678827175806,45.6875065299467
5557,0.14538330439495517,-0.01769871534150324,-0.2760132695275984,0.05493728695248185,0.25433939294795144,44.13276202637665
5558,0.16007620675923626,0.011897217684525653,-0.3049744077367574,0.07726466311011439,0.2403408708536176,44.401081414149814
5559,0.1627903512137722,-0.08192253992193368,-0.3192202208433423,-0.002981745695006025,0.3631344386212216,42.729498955774694
5560,0.15678877358097032,-0.04872360405761594,-0.25374701814944606,0.03653659781192279,0.26113403299508675,44.50876325987396
5561,0.18626962250782123,0.06134435550391895,-0.30196315979239946,0.09729479676794583,0.19356349568161613,49.6362934729542
5562,0.17573935787059075,0.050591422658755485,-0.2696765465506288,0.09729411668806227,0.1676826067718609,48.24677740471764
5563,0.16056976090484118,0.02567474013431867,-0.24708059717097933,0.0892708139322973,0.16435042702694674,46.07025347606543
5564,0.1686938678048723,0.04087344195421062,-0.28237804482849477,0.09128354834163564,0.18843672731764113,47.42322992551391
5565,0.14471438474305628,0.017122258860967236,-0.2359534096221854,0.08245808654296094,0.16749471212055111,45.73606520762781
5566,0.16558288954820594,0.04043272164809212,-0.23588475380196705,0.10360705406578911,0.1296087508270908,45.68805387672528
5567,0.18883253611258674,0.04847025851321442,-0.28437604026098445,0.10344875237469203,0.170335920866617,47.81844648746324
5568,0.18494539223452897,0.02687995259401732,-0.3083869457609729,0.08687156773818139,0.2171476546943286,47.45113908458625
5569,0.1755395874656168,0.016987907062328292,-0.26078632458417456,0.08511400203380988,0.18292284368652756,45.064160787225305
5570,0.1853289482429664,0.029314082010712658,-0.27392115054953253,0.09227456030909975,0.17774974105258917,45.874910614154636
5571,0.1676506875773282,0.02186068294294586,-0.23618972161779095,0.088773605771471,0.15258716782199014,44.37474812867329
5572,0.17237296695303175,0.016542959095291004,-0.22919510098587526,0.08578620390436657,0.15248408600516392,44.41274488763831
5573,0.17250574350319833,0.012135307986807235,-0.24566201772529367,0.07898536408106499,0.1777435938371521,44.24385507198879
5574,0.1682170844939774,0.024301187343462673,-0.23102558569065662,0.0894452918996677,0.14872152280870257,44.77122415283344
5575,0.17738304524705908,-5.189438080288156e-05,-0.2676024469587428,0.06718933910367753,0.21269048491103745,44.71441978263784
5576,0.18217688792060846,-0.03762586307988326,-0.30021020658846886,0.031007512923593265,0.29517143748414004,43.40941286426704
5577,0.18177328723732725,-0.04666156317883728,-0.2818942842640578,0.028221355787033317,0.2805558166310097,43.234366774733516
5578,0.16861292214916648,-0.03620516244465532,-0.28107467330487423,0.038299195494721945,0.2735802483832889,43.43363741755788
5579,0.17392582537471357,-0.04154323567655106,-0.3415001781946285,0.03098132733710027,0.33375081550906494,42.91250056205125
5580,0.18229011164231404,-0.0833698495212311,-0.35314180931272016,-0.00858395110574114,0.39839283760807515,42.17298109183389
5581,0.183768714283766,-0.09653129316738722,-0.34467982565958166,-0.02221820113877095,0.4112238408238903,41.851070555959474
5582,0.1948067478238069,-0.15938799197786857,-0.3649093816190263,-0.08467068192055645,0.5101449744307802,39.27517919019275
5583,0.19294147206936677,-0.1069408297433049,-0.34775806444780577,-0.037559513952645916,0.440570329203381,41.25232272544249
5584,0.12634859712385543,-0.1294168688803929,-0.14937523724505875,-0.02025763278755851,0.28937678864863026,38.69298454308517
5585,0.18409271365157573,0.023782087244986313,-0.355300492596679,0.09072560323534493,0.26112550587923067,46.78561277069666
5586,0.1954183078280382,0.05476063364635002,-0.3461722895544101,0.11956619888578483,0.2067391470718091,48.6849692344598
5587,0.1908344860705631,0.06053473098470831,-0.3293689971758984,0.11963183281403189,0.19149400048286347,48.17184150526612
5588,0.19195947355644952,0.03969946999009638,-0.33973011743583287,0.10436766490291842,0.22467029187772128,46.826414239682286
5589,0.1894777140094432,0.052663260783790064,-0.3348244447695712,0.11394701739830285,0.20509865875057018,48.15170967621702
5590,0.20540872595356718,0.06031621036207355,-0.33147527144556954,0.12112189987912042,0.18875480716731566,50.22666287354851
5591,0.20765000332275696,0.10702134025836382,-0.3314687064134111,0.1519104974661073,0.14037380470451152,53.089152947040816
5592,0.20916062440596236,0.10004155706068009,-0.32331470652041333,0.14832478527128024,0.13859587657716138,52.831095714027896
5593,0.18921998963822179,0.03717051373918141,-0.3385409352262756,0.09806399594872721,0.23692684898091315,48.969229263637985
5594,0.1822096520640601,0.03843597736980072,-0.3301715436488166,0.10237064242903497,0.22568815538025566,48.9416454773928
5595,0.18755522368615538,0.05844709521544546,-0.33887355618592874,0.11721798274888239,0.20945588180515093,49.524662488382376
5596,0.18848246830515286,-0.019868677538777135,-0.3669281769526713,0.04845317324760393,0.3260123296552561,46.628447092167136
5597,0.1607129199023309,-0.05545678082645452,-0.3459490585384691,0.019015760478834055,0.37394309840654594,44.83088641403872
5598,0.18057985949234853,0.03394536081985436,-0.3584819012942347,0.09386008617623744,0.2658593721193043,49.45262645887282
5599,0.19314876698641006,0.07931821643492955,-0.3545780734164816,0.13473361425466596,0.1925402073265413,52.20010930349875
5600,0.1799111635140392,0.06111290368498291,-0.3590487334696652,0.11602902060267274,0.22920915839179332,50.40312225605362
5601,0.17883105846770442,0.04862857909516979,-0.3597400274329396,0.10741297906339058,0.24123219443124383,50.63501774384269
5602,0.17338282055946908,0.027699655431067144,-0.33981348289495966,0.09043055232256794,0.2599819989114681,48.413000985151186
5603,0.16731857591022542,0.008384646947665783,-0.302950215642186,0.08301337875136204,0.23907946597165328,46.95051463750526
5604,0.18411611393137703,0.02315268800191043,-0.32643592938240545,0.08433586293632207,0.251415161314489,47.18403422704733
5605,0.17790864251479588,0.03641334664943304,-0.28932593334211026,0.10130025880876217,0.19601819293874378,47.0131495163408
5606,0.19384156818780401,0.06552900868159839,-0.3218350951969954,0.10368691797620075,0.21370919083717047,48.358111381201475
5607,0.18394958487524438,0.0008966124051937117,-0.3403037971874315,0.07519057245129232,0.27531758401292983,47.153722661075285
5608,0.17520316678269593,0.011477405003451516,-0.3379530731780122,0.08182172195096718,0.2678724293297436,47.809781066186275
5609,0.1857047989277134,0.042343817751563505,-0.359128739059037,0.10195665307470919,0.256607974599935,49.00540883776042
5610,0.1785904934543449,0.02732655254829506,-0.3622774817791713,0.09134440298381788,0.27710696715927186,47.68770581143968
5611,0.16658780963333827,0.009325640296418369,-0.3802704251841221,0.07097458526809078,0.32786968117578724,46.75294150056316
5612,0.1777898746028931,0.020465120333048963,-0.3865738881934868,0.07944284501410276,0.31551455780475895,47.6324570381382
5613,0.1763040727059777,0.01999063932905084,-0.3840709231421355,0.0770257782196805,0.3178366451080353,47.91943170018586
5614,0.18763072638389292,0.06172198031996814,-0.36413883136411623,0.11293745465380382,0.24003481743511187,49.17731209386172
5615,0.17360296068319067,0.027683452213064303,-0.33162971270212543,0.09068182546611409,0.24892645424030127,47.41265469077693
5616,0.15676829298623396,0.006317099456394187,-0.34523215131126656,0.06881941974415447,0.2964539040186753,47.01380995488967
5617,0.15055671430140813,-0.021589694702351458,-0.32643440592482464,0.04813342430295621,0.30856311728304653,45.85666660165073
5618,0.17761273831186433,0.04888989569105399,-0.334146880636228,0.09930132786351072,0.22887524968752956,46.62425077662451
5619,0.16204443901367724,0.027772695464567447,-0.32894203453246634,0.084157335769329,0.2469218417023294,46.124892657321176
5620,0.15443352374192348,-0.033197410859758664,-0.26316756899786126,0.04797159503013555,0.25298130308694944,45.032207701099324
5621,0.17494874191063325,0.00825431099726021,-0.2972218943450483,0.07627313947241243,0.2319335884196728,46.516417813517116
5622,0.1827185735345045,0.011524530065029062,-0.33143270447652023,0.07186053016869774,0.2677436084425229,46.89508624956044
5623,0.19082277190455657,0.06584491853243682,-0.31006065074557654,0.10456999236139838,0.1888667987889131,49.675325763178016
5624,0.1777578412869717,0.07584780858911298,-0.32105438895807215,0.10707391528736335,0.1992944293313105,50.04765425787819
5625,0.16431337065533852,0.045675705373025205,-0.33206798221126577,0.08810807376742541,0.23972682996667485,48.89111809040235
5626,0.1617434415229271,0.005327981247021586,-0.30230551534039074,0.06947424698543786,0.245188847174318,46.11832603156359
5627,0.16415637253635218,0.02746750498661552,-0.27687707971357606,0.08733070831270058,0.1931589220334487,47.03338621783122
5628,0.18817004811988874,0.04747681102068118,-0.30797896513241396,0.10217404710388771,0.19442080893443625,49.44543466557455
5629,0.18686821478385185,0.04146547321863329,-0.3265315560744875,0.0958144559887408,0.2209387637338387,49.09471627671769
5630,0.177948612186797,0.02014131485165992,-0.29381505437561733,0.08210338506352605,0.21489066643436003,46.20230466961827
5631,0.1886748626663151,0.03157245327917224,-0.2922998823920839,0.0931628037498417,0.19381915687879162,46.72929877713836
5632,0.16842841796818772,0.030798534034196343,-0.2391680414483092,0.09570898784755866,0.14509314300106163,45.15004364478753
5633,0.16850520466948726,0.018814738085974003,-0.2396614767057684,0.08546885288205776,0.1630463866342174,44.96017736423055
5634,0.16952378538404422,-0.043187981659255276,-0.27113269014888197,0.03172507158749427,0.2736968746928514,42.77073844904638
5635,0.17091503048157308,0.009118743883103773,-0.24659811297940037,0.0765948827442302,0.1840199297971222,43.76574564251555
5636,0.17409313488927516,-0.009494804400532526,-0.2494445397910984,0.06482080171839322,0.20365532548488863,43.738226460377206
5637,0.17836571261052786,-0.03591063981642621,-0.2759025290502632,0.04007417554220122,0.2624519957091603,42.91833919479731
5638,0.17837199555013566,-0.05059606843270334,-0.3022947189154686,0.024310318511490882,0.31055048488267634,42.81510453998134
5639,0.18079917118743116,-0.014295717121697521,-0.3000961606053151,0.055171647460200555,0.25774192494655296,44.60154368512286
5640,0.17196561903688573,-0.03414168624049512,-0.29859786433739427,0.040358972815698294,0.2799907920791022,43.923834314179636
5641,0.1745522315798635,-0.07994789693027027,-0.3295626560206734,-0.0018574308709772415,0.3699216125005212,42.592622657297845
5642,0.17230916065810953,-0.07797463773076176,-0.32441100495640823,-0.00331638615403612,0.37073134620320164,41.93807474074685
5643,0.15409958159268702,-0.07753137390020935,-0.24531832175356694,0.008422050962617575,0.30683026292633653,40.00281514213832
5644,0.15049856157673958,-0.10176462098748622,-0.24157128533822333,-0.015901990372838425,0.3381121179512261,38.76253009745267
5645,0.1438697679413406,-0.12218215966572384,-0.20470525806308795,-0.025002913098179817,0.3297784307795444,38.6181553116485
5646,0.156407029945554,-0.14701065372741517,-0.2668275700960906,-0.05328916670318718,0.417603960394429,38.536522004836186
5647,0.18798748592562628,0.05160363604538163,-0.34311494326927117,0.1148794218405503,0.21582600494503557,46.05552945978983
5648,0.18067579814940088,0.004869739551660624,-0.34263606797983187,0.07448383315371526,0.27955363093274926,45.772978903659435
5649,0.18871717948725272,0.04981752447888917,-0.35429827585599666,0.1076345328053178,0.23642060197719417,48.2060242225961
5650,0.19738867903225615,0.058283223302047035,-0.3257146251633915,0.1193872737966907,0.18997628674543524,47.88144999683526
5651,0.19116505885117008,0.07148976192349328,-0.3453642992257913,0.1281611301512928,0.18687245283786197,49.22041402351218
5652,0.19542981947292654,0.0753675436953468,-0.3388469647077136,0.1297971456626924,0.17549968768298213,50.64187142934742
5653,0.2102656391141356,0.09654566021195432,-0.3214950455551662,0.1461994330498106,0.13828350738916964,52.7201971802164
5654,0.21136995411897197,0.09638408907179906,-0.3208508692789988,0.14694608985362625,0.137557519287673,52.87815984329605
5655,0.1987755405739251,0.029526487486996815,-0.33274719962046,0.09435384883843168,0.23355251802312582,49.78670245168765
5656,0.1812323793240452,0.02918462551438081,-0.3170012324407719,0.09295007070008955,0.22842796333011076,47.463751587520385
5657,0.17712179118886642,0.03587208608035467,-0.31514083744448823,0.09775060554084043,0.22297169499976682,48.20646273400652
5658,0.19128064968205727,0.078801084770201,-0.3537869700255512,0.1317286911850728,0.19770055759979857,50.72201238373779
5659,0.19249595126595054,0.08316998262190993,-0.33973743168852694,0.13666989284379796,0.17978159056471368,49.889046553107434
5660,0.14271750879699677,-0.09257974123555182,-0.312845767699101,-0.011197215627714733,0.3988844434831458,42.2818665225258
5661,0.1674088227652244,-0.007575175340932248,-0.35155006339809197,0.05993618551537222,0.3177495879037867,48.45282962930266
5662,0.1980270512766427,0.0919632764098027,-0.36012417403126507,0.14459014622024488,0.1812124108761843,53.349740215326264
5663,0.18439491832533592,0.03477810210347951,-0.3621467914562131,0.09255302586182067,0.2683555018031566,50.74286324799008
5664,0.1901504937850813,0.07205474601411073,-0.36165491648682335,0.1304504762042582,0.20579080648103235,52.069374796862455
5665,0.1749542364251658,0.045301623553869914,-0.36016302105058884,0.10471619492273614,0.24690885152361722,50.50214166309226
5666,0.1771048795391296,0.018294339817614327,-0.36260038456569016,0.08540960308268428,0.27866664501239086,48.78119919818102
5667,0.19040735296719585,0.04659486590128997,-0.3150590921157887,0.10310139369535128,0.21224127404378615,47.15534668456828
5668,0.16851239019646244,0.02609724609941138,-0.2601648412523272,0.10117464477107024,0.17295607943086758,45.916854826122744
5669,0.18352326845719844,0.034382396197302316,-0.3077551539939425,0.09182190903392408,0.22548541836730707,47.58622470449442
5670,0.17281543650354517,-0.015519116723434465,-0.3498397029709001,0.05845970961622011,0.30862871208808706,46.938749046937396
5671,0.17348945318376988,0.024627019491779433,-0.34815406554162864,0.09109708299420775,0.26346079647473536,46.93569348462675
5672,0.1801936426103409,0.05378176729202663,-0.34653622970393894,0.11482269451652374,0.22687041188178475,48.81568455475071
5673,0.16317954219705,0.013592160661191507,-0.34004526927844897,0.08429416269832508,0.27314046896610333,46.959703078195055
5674,0.1624920661758661,0.022072160386966997,-0.3635164946377885,0.08543813450918447,0.29057112563221676,47.687122891864504
5675,0.1763394865192311,0.03732110168069736,-0.3841172217238468,0.09302953582558282,0.2921760207680537,47.71473109385769
5676,0.1905777345950864,0.04363225970188544,-0.3711875773995739,0.09616384651087964,0.271894488318753,48.308365768531125
5677,0.18865568352185424,0.04281570747926011,-0.3592836436379262,0.10139742741258073,0.2548840667631311,48.208853233560134
5678,0.16434688407031736,-0.028949265774829838,-0.32606671221043104,0.04621992665181791,0.3111764790903396,44.5386203209172
5679,0.16583816788004474,-0.04536389536746266,-0.3200028570452143,0.03133877410169191,0.3240277349032957,44.54314570970769
5680,0.16471987298529367,-0.07132710128692672,-0.3415518458833542,0.0051550104239507484,0.38104507567869794,43.5828162344668
5681,0.17274946652450385,0.029432223029269698,-0.33847497896129175,0.07965219287665751,0.2637433627017744,46.88208038675166
5682,0.17191457659486112,0.022283798356353662,-0.29629949792041377,0.08015397271531415,0.23028313856480015,46.374957576713015
5683,0.16488970023824184,0.001599902095392782,-0.2812078848552518,0.06928054166649349,0.23331447563612284,46.15711581533194
5684,0.179882283411616,0.025343215924982516,-0.2955977881676464,0.08034002609281886,0.22282682767075573,47.64396595768863
5685,0.18528539239663347,0.02713639249444908,-0.3175347784693896,0.07859847808967622,0.24132487486719423,47.70984266316312
5686,0.18647831139616955,0.053413697363889394,-0.3078301139177124,0.10236524817936357,0.19771578650124122,47.61859203084145
5687,0.16869186703333047,0.030933494126411356,-0.3282115483610874,0.08039068392818721,0.2509684037864613,48.631512406914325
5688,0.16074466192177286,0.01783615940960164,-0.3304246725656696,0.07018842077483477,0.2718767711497151,48.59114521525564
5689,0.15203784052449068,0.007298299461316797,-0.27786169277009337,0.07111646600656234,0.22423758135308067,47.150693974600436
5690,0.16673581212630453,0.029499310453793358,-0.2691482707602038,0.08977545369814403,0.183980154645431,46.7608313444927
5691,0.18404205987616326,0.04350205923302374,-0.32174274612068776,0.09508653133063603,0.21722418955461215,49.157493423566876
5692,0.1844720915939214,0.03391406680820106,-0.32055480165254,0.09049648775245975,0.22377214866551207,48.72466442482626
5693,0.17169819386122995,-0.02399395079873379,-0.3261409489257862,0.04532266779523555,0.30014223448924354,45.04739876822715
5694,0.18668366502378828,-0.01431031429850881,-0.34378336898752343,0.050216822429493636,0.303909904389915,45.54303048923488
5695,0.17525979895283378,0.014591521485069361,-0.2813896875370064,0.0777098859177288,0.21219666644952348,45.34444785740266
5696,0.16820682026873374,0.029294087616401485,-0.22533245913043942,0.09445458311444037,0.13629660642656632,45.557505558795064
5697,0.16962882787300684,-0.02272040535782836,-0.27028958449892265,0.049598780370791754,0.24586139709019814,43.86162444163814
5698,0.17241998868032032,-0.016084559303219503,-0.27320075136441846,0.05721421730155374,0.2384814816891228,43.79015629184001
5699,0.17156990918287696,-0.009592621025069688,-0.2599379148398568,0.06422397235382188,0.2165958244701495,43.52175473176717
5700,0.18301889321873932,-0.004328573420424173,-0.31687575193693235,0.06341382813967159,0.26540738512920387,44.505161809214364
5701,0.1876202840138109,0.006477307993693132,-0.3178107340737493,0.07449378968226997,0.24415870721597574,45.46726151081399
5702,0.190965225539948,0.039547958984257434,-0.3075827236424302,0.10219919199458138,0.19170121973490398,47.15308562229754
5703,0.17687726026965428,-0.05393545199837419,-0.3264106229832255,0.019532284590110714,0.3350275996943652,43.40375504154983
5704,0.17301945639857508,-0.10522429780795459,-0.31461724918208356,-0.022315174729490895,0.39165338450293596,41.52790010092367
5705,0.13382518259376722,-0.07212862986671309,-0.18777324236206436,0.02261147243288797,0.25396656317290345,39.563142964394785
5706,0.17282166626932072,-0.046912241039774,-0.30273737931131545,0.02461084092243713,0.32076025098236755,42.606670869008326
5707,0.17332281626800083,-0.09723016888199153,-0.3241389233471034,-0.020379820588373676,0.4007299032845376,41.4452922942053
5708,0.17525172853760096,-0.0860226910781833,-0.3356217095495607,-0.012655656549613287,0.39860943125638404,39.8485979850174
5709,0.1528007672530249,-0.02942630241211508,-0.21855158961223126,0.05126393478962045,0.22601637555908693,41.90350999577065
5710,0.1793991642606218,0.03543813906615884,-0.33229771901779404,0.10246248284664894,0.22649459973239092,46.52805337261309
5711,0.18591434400664875,0.022134767241913617,-0.32970658588896906,0.09140600398610273,0.23885250880652184,46.724403632552836
5712,0.17702226776522487,0.03358852021304748,-0.30276885908566425,0.09858723761651791,0.20717152258818644,46.741143477536674
5713,0.20081137023276188,0.06562615097044568,-0.33669414208812737,0.12361277810748879,0.19048433006806167,48.385089172641706
5714,0.19932667776437912,0.07083800095946592,-0.3398676290761653,0.1264810912024782,0.18685956806330892,49.7102426692086
5715,0.20595963935147701,0.07840376967797914,-0.335117248733219,0.13348974335649946,0.17129616658799698,50.83858689853931
5716,0.21537572385701734,0.0917694302437408,-0.3401425534074673,0.14538922258004303,0.1536737669899539,51.93028808017272
5717,0.21366094387395318,0.08931628799872836,-0.3346393941904042,0.14409771299663898,0.15316783728607408,52.015772763071716
5718,0.20089234231164138,0.038475545373514365,-0.33531798554511083,0.10334970904865474,0.22294523556887844,49.333567301119004
5719,0.2030073341339025,0.07394609935980397,-0.34147098244264257,0.1304179325242892,0.1840246987095332,50.60774369228366
5720,0.19498910522231605,0.0677394205275274,-0.343601447705974,0.12225918550080188,0.20154071006991991,49.98346676735009
5721,0.18989953211361957,0.03903384318284913,-0.3484516788630239,0.10065751483883374,0.23701085292063173,49.766544779008655
5722,0.18028383587494246,-0.01245093702500894,-0.38088971275815325,0.04733107299091858,0.3417269131607759,46.34599011464639
5723,0.1569670658195088,-0.055016425981185994,-0.37119223868645757,0.011127497139289736,0.4074313771252949,44.194977759724175
5724,0.14940258521887365,-0.05955448455972393,-0.3646422437430872,0.006163378196079522,0.421380682533454,44.398877705706745
5725,0.20049980538450657,0.09517723134866442,-0.34294122152465334,0.14788256526981872,0.16231416893290454,54.430170697456724
5726,0.1928355648255658,0.06939698927408462,-0.3621472157453244,0.1256259437963274,0.21198092709738142,52.922079480983825
5727,0.19299598516965938,0.05566146294497374,-0.36454257673216345,0.1130856711816369,0.2336632672849897,51.303864093385755
5728,0.1690304999086826,0.022993918674435225,-0.36409621882998977,0.08953849760252468,0.2746749511423139,48.92765012866986
5729,0.1713332748732688,0.012309731377964692,-0.3804290021118788,0.07983999878749706,0.3025256558204617,48.23465681330677
5730,0.19149684785023402,0.05623310016714765,-0.32408979000019156,0.10302873008718955,0.21705374268804828,48.52365192347874
5731,0.16592176428910416,-0.02986968647809252,-0.3131313817731643,0.050044813158355246,0.2960752699312334,45.56512535091061
5732,0.1860626160748638,0.03817964998658136,-0.29086566440127404,0.10316530672096914,0.19134721184174958,47.596559143517084
5733,0.17366747669205415,0.016026687634807916,-0.35533967184711496,0.08377638110910011,0.27739231128257513,47.35806627938612
5734,0.16580780952842267,0.030102026667266465,-0.3696657466145533,0.09298371639514631,0.27895183969981174,47.1371259764668
5735,0.15844942580284913,-0.0005782968163481337,-0.34387123093440203,0.07084291406955298,0.2962119929644497,47.02238572113305
5736,0.16466273509218907,-0.004035784119844176,-0.3765702610006726,0.061826555981534664,0.34165343704499707,47.14737361791175
5737,0.16149446876330617,0.0005843194131002755,-0.3528500641917545,0.07170696468832355,0.3049149396790328,46.39483889639292
5738,0.16827007791900722,0.03472077090821086,-0.3474179967937824,0.09650650626396876,0.2555058779105139,47.47844162237703
5739,0.1554378639632789,-0.044402056589357884,-0.3435546249204843,0.03125134430124325,0.3480518452056173,44.194463120986114
5740,0.159388252836608,-0.023913283452197905,-0.3309865218124149,0.050890923970397524,0.3138495421491805,44.574625304309976
5741,0.17049815572786176,0.011111377951446302,-0.3048469228869624,0.07950514182581056,0.24387305789287692,45.400002434568414
5742,0.17302370505564302,0.03686261075014917,-0.27291825066638686,0.10300346034693217,0.1757926594321727,46.030339327050655
5743,0.1711980068009,-0.004882689731947808,-0.3426054974267884,0.06136638323124311,0.29999410819438466,45.42682696688001
5744,0.17729628788311522,-0.03126757829284969,-0.3457510128774969,0.03914348061364706,0.33233193374100434,44.93836461310335
5745,0.17763189608908664,-0.0007632253925868058,-0.3226614330647761,0.06497993650356229,0.27579081826877416,45.309849122440525
5746,0.17918720378928243,0.047680612403383026,-0.27991541620711846,0.1023739821347688,0.17561153202043192,47.26875382229903
5747,0.19979500909542047,0.044149542180735454,-0.3212747157075598,0.08379233049911329,0.23410581892011145,48.33948322500636
5748,0.1967815873885969,0.05056317680382684,-0.31698506919802605,0.10126803233314943,0.20292888462383515,47.60705964625576
5749,0.198135536404235,0.0600545184342384,-0.3120056092013594,0.10807337531416643,0.18835469335730157,47.56446716501251
5750,0.18139577930724735,0.030415134713279165,-0.31293078118990986,0.08583545416742912,0.2251309602463967,47.4153510886165
5751,0.17864917301116384,0.013948276090305911,-0.3330723534085131,0.06781007721212598,0.2728923017009087,46.87553483237734
5752,0.1734811159623386,0.041923502847105804,-0.28295662779400416,0.08961401689116229,0.19454414757535493,48.2476335860254
5753,0.1723564696351838,0.04079879802213142,-0.29362489710858547,0.09099926771487954,0.20286904778266537,48.30678847680101
5754,0.18014693212901567,0.027039868048049392,-0.33603953250363316,0.08135629521810661,0.2538375934283516,48.43293105234775
5755,0.17775274501136165,0.02585913024543854,-0.3351047995147998,0.08212055074421991,0.252407623387756,47.37163198820094
5756,0.17587598588679224,-0.012708753011368337,-0.3382396844491363,0.05172825991640136,0.30078088962802035,45.68373471123099
5757,0.17162586907636307,-0.004624887734096181,-0.3312051181277067,0.06060058058785405,0.28268435130084724,46.262340875914
5758,0.17837539364211058,0.015360204321869108,-0.31763738158432103,0.07687554771197773,0.24620305777981089,46.10048929934906
5759,0.17108283820632222,0.018320429367435255,-0.25548674518253234,0.08459839867731248,0.17940245396179744,45.16967728278476
5760,0.1716691235094951,-0.05270187233615939,-0.3151851574716549,0.014315908217197883,0.3350914818933348,43.488158261873906
5761,0.17657885399741613,-0.04043528324845859,-0.34622360383520884,0.029057154660876064,0.34108511094702165,43.98270865836001
5762,0.16973899284958996,-0.02119948708495072,-0.324886209565617,0.04982351336683133,0.2931956170648191,44.49312721999075
5763,0.1830320722292517,-0.0031713982971998296,-0.3398176158822137,0.059878968646966076,0.2884882519581375,45.46931222312653
5764,0.1778153988015155,-0.011297132474103478,-0.3300495054941998,0.05575787483127986,0.2858533134256472,44.227898399422955
5765,0.18184110903782824,0.02949271450323936,-0.30619478444182197,0.09761746064656163,0.19724301275190775,46.81473770153414
5766,0.177234961055829,-0.10427568793798711,-0.34191499145671433,-0.024167362000764595,0.41083859482558344,42.24326757598765
5767,0.1400351384561273,-0.1337676125876538,-0.20569425902619262,-0.031187208362979064,0.33763663328791255,39.611589735639456
5768,0.1707806472828692,-0.07002334417657036,-0.3011907011131947,0.006478409325443372,0.3418581988442483,43.546795197014696
5769,0.16986959220151987,-0.09413327761434143,-0.3168432423498258,-0.01289830186603775,0.38235754143954753,42.49008370822029
5770,0.17299822405603726,-0.0565704940731965,-0.3186965228478556,0.01950909371478908,0.3324382718140488,42.71243298882301
5771,0.17862697870899358,-0.001114834276281601,-0.3424162186545746,0.06839442824888059,0.27521312016944494,44.498691343978535
5772,0.1880913408455478,0.057479158503454475,-0.32931022302737833,0.12399097362833932,0.191896041062034,48.45874595905495
5773,0.18266667838835002,0.05207769293345198,-0.33280078238773764,0.1158921603541655,0.20321336316984612,47.90007005974692
5774,0.19349397715458336,0.07052331364741786,-0.3380716425775787,0.1285224786871369,0.18571542144693604,48.647970051122634
5775,0.18460451002376366,0.02995621500838049,-0.33267524796968745,0.09491107725623814,0.23770378369424652,47.61177141004317
5776,0.19523527711018934,0.046275576786807875,-0.34228021548020926,0.10989384372597538,0.21549363663376828,48.500874063596314
5777,0.20631174683905198,0.06646892201674746,-0.3355825351779025,0.1280350827966368,0.1799011745377989,50.117449496767
5778,0.20219036671899168,0.07976857829535523,-0.3314513867130274,0.13516544780094686,0.16404249662305162,50.87326164542379
5779,0.20521008340476818,0.08603885591242125,-0.33210870471749737,0.14099262645415608,0.15544386501429916,51.87976489717142
5780,0.20588253569423712,0.08241033182653054,-0.3316914826403511,0.13820882151970737,0.1597655218007544,51.74426839037064
5781,0.19278862509616465,0.06697373100002363,-0.3449044245581275,0.12278012110512071,0.19933276232629712,50.52239249466738
5782,0.2001542266934093,0.07789313889490904,-0.3465667179019146,0.13014701251109442,0.18888508243988625,50.846658385513116
5783,0.19871291622325868,0.06821575629815792,-0.33574714868342653,0.12324900444734105,0.19292289927916656,49.48066035494759
5784,0.20332808992793602,0.08653732899581228,-0.3456235340143542,0.1408335368894228,0.17612278701910056,50.11821053070752
5785,0.1936330768070534,0.08613555698656829,-0.36064975722570547,0.1335912238581613,0.19808565295246808,50.798199615778664
5786,0.18768096617404612,0.11425724608325377,-0.3667296763703212,0.15377384192457338,0.17447661331218928,51.74134152255444
5787,0.18810987412441166,0.09110712219858248,-0.3681012147294375,0.13236210942980114,0.2089148723722214,49.856843435417055
5788,0.1807428351906999,0.07073422128929183,-0.35341152498163114,0.12212887729487627,0.21461415880230444,51.08326582788784
5789,0.18274284993069156,0.047532953643391884,-0.35967611821760115,0.10906943061685331,0.23959513389599416,49.84254295209163
5790,0.1844235263553963,0.08009253359979715,-0.36923222446970244,0.13124669486172152,0.21469425012313448,51.210872301446955
5791,0.1785446445044542,0.0529903133324596,-0.35726930600353474,0.1096275931043168,0.2360354476496274,50.01138868711663
5792,0.17268311818903226,-0.004002493870406112,-0.3679651192011177,0.06644881973932988,0.3128009922341626,48.58539863486001
5793,0.1484927449999543,0.0033623029317628064,-0.33701780211262045,0.07564412119116076,0.28431534246604895,48.884165783012094
5794,0.1559759532397258,0.020052284264420156,-0.28411796039464143,0.09286787324248105,0.20895053172226719,48.312043577686154
5795,0.15647577110467137,0.024485247293575416,-0.2642190782721454,0.09873205495423928,0.18037088799927628,48.00769448669337
5796,0.14844691386114428,0.010834719042188287,-0.27044964976162933,0.08919825634001675,0.20538967700715913,46.76460719548748
5797,0.13587047502176705,-0.01803117318263511,-0.3210488745495203,0.058555473048486996,0.30360909115885254,44.165583876166956
5798,0.14063320449003922,-0.001910932177580146,-0.31918737010438974,0.07126641295650744,0.2807062464121993,45.43589241803044
5799,0.17004290992838497,-0.0006162457247554889,-0.35309983418260216,0.07131105676601499,0.30516244277368115,46.88625309168619
5800,0.1616692010032349,-0.0038391025109122357,-0.34444138272417385,0.06970206564019771,0.30013839563836675,46.393378937127906
5801,0.15421642137526562,-0.027682342141638065,-0.3216433957835927,0.05100617226738072,0.30434512212482473,44.927410559308115
5802,0.15996045732199982,0.06441562340540793,-0.32425069761559394,0.11782260360949144,0.19709771586717156,45.96897181454926
5803,0.17184738336093677,0.041902480200166785,-0.3536817547737409,0.09440907034632491,0.25750609244195,46.43862146070808
5804,0.16685714840395918,-0.012756183190267624,-0.3490966548892147,0.05635854223838176,0.31388303019535174,44.98804829495725
5805,0.17126538184966392,-0.06764451350097053,-0.34529407989353567,0.011939959516316882,0.3743422985148666,43.410307278577896
5806,0.17260539718500462,-0.06735422862730038,-0.34171132346706745,0.011550835600462736,0.37014651635906315,43.11265195313098
5807,0.15571595239105687,-0.03439882968500374,-0.2579006660572539,0.049394389551919465,0.258826969061731,43.26128206082704
5808,0.16489638326220066,-0.025961273911009008,-0.3246578292862046,0.045347163372751347,0.3038914961306975,44.38753522688076
5809,0.19854413851290778,0.0660545095911156,-0.32415529667970766,0.10468159877023984,0.2052566317890306,47.14459163713174
5810,0.1942528290054416,0.05383960827768744,-0.32758827833053017,0.08933869375262277,0.23269021017337513,46.77678200734539
5811,0.19550746150425774,0.057069241075375615,-0.3224379871734587,0.10741080554257912,0.19516958313907923,46.884294466923336
5812,0.19902735797741494,0.06046152228196323,-0.3171225729359335,0.09707668080877876,0.20730477557183521,48.53821992787959
5813,0.1812435551660671,0.038061012729803334,-0.2865866502911579,0.09169112206167117,0.19708042376735418,47.38415389983557
5814,0.17586847736258546,0.045561486628432804,-0.2838483444720144,0.09520908429921308,0.18929844165989965,47.76796233948458
5815,0.161054085168054,0.01240774855388803,-0.2914841452269257,0.0741007686212535,0.2323513613391829,46.97232716465229
5816,0.16317786413504742,0.008884892309646127,-0.3237353256873494,0.07127101798709126,0.26311787002475456,46.955985891860415
5817,0.17297611950447322,0.02100054302980865,-0.3460663411569789,0.08001258100142869,0.26591585485570934,48.18766033425368
5818,0.15452769134746971,-0.06854340982982059,-0.27268401378498397,0.01916387026716497,0.3133686106845723,43.77935334105751
5819,0.18030799814377585,-0.008291684671346318,-0.35818711082102234,0.05349703669863695,0.32037918386141745,46.18633026310494
5820,0.17678760610510275,0.006091976461392218,-0.3310330499380626,0.06885215098264794,0.26993727838303955,46.9871746321106
5821,0.17791525155660967,0.015492231116820746,-0.35601649110471006,0.0746048215217897,0.28419920768581897,47.159424294231584
5822,0.176501719176192,0.01890409555401192,-0.28337556749190407,0.08302448203031862,0.20588458814191107,46.118687019351704
5823,0.17242177407030038,-0.004987258729893902,-0.3122186523355505,0.055436194265895064,0.27424371996112523,45.9126890929433
5824,0.16620909850563906,-0.014335934506168086,-0.3299893988237695,0.05088964450008314,0.2973285445843017,45.7749394648861
5825,0.1779592100260871,0.009161353445376042,-0.3451587245420232,0.07137309459397878,0.27376679133410303,45.647745620584786
5826,0.18330549650221367,-0.00804321585646027,-0.3415686111847,0.06231679214868097,0.28543065585151467,44.14219182519432
5827,0.18220381380205997,-0.007618614873653004,-0.3249652809652856,0.059494107784610076,0.2723398639018382,44.23823030481681
5828,0.17689391897840392,-0.06563767341878868,-0.327648997987138,0.011248138958734786,0.3463665995785733,43.95178448608438
5829,0.15016356373164724,-0.15062516367004605,-0.25340900656324217,-0.050293191376459406,0.39823764625172775,39.68066805454381
5830,0.1599446616316054,-0.08230412607058846,-0.2704325211351684,0.002644427789039568,0.33164740364714096,43.02237217274086
5831,0.17126605051120317,-0.0832680668282742,-0.3257648310207819,-0.004758802705863692,0.37439722128686065,43.90080152230081
5832,0.1758722466203872,-0.039301806568533625,-0.3233522506961068,0.03474336055134929,0.3121777658847789,44.177662712875104
5833,0.18150135859056526,0.05050638010717677,-0.32683056120817616,0.11612250065917451,0.19849093234158144,48.193071067285516
5834,0.18957066253022153,0.06059788078299315,-0.33093180608551515,0.12203495563430182,0.19056020861463616,48.350260280994476
5835,0.19142644227986344,0.054041407392879284,-0.33395466209702335,0.11667382240678069,0.20295981514507683,49.33370839709929
5836,0.19942524847701093,0.06734007356166741,-0.34599094154581206,0.12908438234728659,0.1903197110389984,50.17071915259245
5837,0.1833443201351479,0.026665441901911818,-0.33939526975402484,0.09216472200824506,0.24608866812756136,47.91098490073325
5838,0.18264106539870925,0.031066114442399168,-0.3187311958694201,0.09838026996583225,0.2193051363402726,48.97524497347393
5839,0.19753491843735083,0.05937119859943914,-0.33729680181599675,0.12201572546718271,0.19221687143744443,50.635351807503696
5840,0.20452715362986043,0.07416652359812964,-0.3390347338721862,0.13289414262011617,0.1747087236586772,51.57112473040994
5841,0.1948302233935575,0.07232321279860524,-0.3353581576337324,0.1292368598758938,0.17956255886338204,50.50375400249704
5842,0.2017360167839261,0.08964253380167432,-0.34361428202230804,0.1427012663297095,0.16639307026195618,51.38242933485686
5843,0.202059345952149,0.08534673010583241,-0.3400165716630486,0.14030204148617356,0.1695388433290671,50.248006457338334
5844,0.20025381193861752,0.10374857369895801,-0.35495516928751275,0.1522794007800576,0.16337546900265787,51.14569613911031
5845,0.1943599704546005,0.11863900168712335,-0.36385017137327114,0.15902939648339784,0.16386348789695376,51.65276306033927
5846,0.18531285970246714,0.11598434178683192,-0.36145558248128823,0.15659319718807965,0.16940872092765433,52.26211722781878
5847,0.1784220523806912,0.08714121243082383,-0.3562856196964853,0.13558538654425437,0.19704394856202748,49.48465959156821
5848,0.17787887076224834,0.08661907479732539,-0.35277279459813815,0.13602387781631173,0.19319503210075856,49.73348682976072
5849,0.17954031972069825,0.06276818068725935,-0.34860487309237265,0.12275333230988195,0.209695318789687,48.65742687978696
5850,0.18640079617742314,0.09232300546360817,-0.35874419170003147,0.13918904272808208,0.1926429972336947,50.20705640920244
5851,0.18360658816716466,0.07050607251106632,-0.3692803854176956,0.12212353856380294,0.22848425637159436,49.05119693166244
5852,0.17635867407336003,0.04211370242919338,-0.3508573717731835,0.10376959079834505,0.24287883003487748,49.90396633335417
5853,0.1553040493182317,0.04063887117033056,-0.264898384310795,0.10683984360915218,0.16809004847319323,48.18816236707524
5854,0.14936546859876335,0.019241216202788673,-0.27026642855874317,0.09297025555272681,0.19790828378898406,48.57040511225277
5855,0.1520450179978044,0.03639255001716161,-0.25515182199044195,0.10804967230890807,0.1599323849654257,48.54660123383501
5856,0.15034404644551436,0.012994629863790274,-0.2714616526023858,0.08638294085177783,0.20727800940586844,47.38577674301514
5857,0.1422801880490626,-0.012147282715403735,-0.2971010182352329,0.06567789574807818,0.2673110283037651,46.01231165264154
5858,0.14134732887260892,-0.021732587384831067,-0.37548227712095167,0.045488211889856675,0.3662215874940245,46.1708144757688
5859,0.15855067052021715,0.0010270464793519186,-0.31905070832770627,0.07871290694152666,0.2633827532676775,46.78555431259839
5860,0.17894752694653346,0.014241064485950798,-0.312274225127338,0.08887002647199639,0.23979475672011535,46.04098449500775
5861,0.17727690189215617,0.0090909163885485,-0.30858750842497557,0.08100021810476139,0.24593898628717356,46.990835404680766
5862,0.17129532211681903,0.09279368370447198,-0.34885032695421914,0.13969149089820598,0.18739189349984883,48.27049865852349
5863,0.16897602289801272,0.03283665722994996,-0.32959948089085267,0.09260354380720717,0.2432350313500028,46.476959454301
5864,0.165413015678232,-0.015281856483879828,-0.32042248124574446,0.056352292261404875,0.2913664280509009,44.992699467104785
5865,0.17213050805658708,0.015302792173844478,-0.3383278581615512,0.07685090136444146,0.2731252660721363,45.9466278504623
5866,0.17005548709581986,0.040348789516039464,-0.3214854156266668,0.0956110534705911,0.229816141091454,46.321229353755335
5867,0.15472881310511374,-0.010853265430883293,-0.2639300154479457,0.06736891011980961,0.23174226117422114,44.0746401259027
5868,0.17549463426533224,0.06671492994247064,-0.3205166461360053,0.11884100141265604,0.1878714598631624,47.12616729858396
5869,0.17552879956111503,0.09406810377199941,-0.32989771735532913,0.13236585929396286,0.1706257743970198,48.447161470336034
5870,0.1694508974075724,0.033727474585585546,-0.30915139254117735,0.09437600032952775,0.20865187841620425,46.550126196621335
5871,0.18225990696306854,0.05139710520741363,-0.3142656426381225,0.10321497140697015,0.19850951585480583,46.85897348066822
5872,0.18159067256707803,0.04233226059372862,-0.30159785570322967,0.09592238582180841,0.20176370304413715,47.09792136045609
5873,0.18918542032995345,0.06033880601673268,-0.3012567546044853,0.10170437003529478,0.19097546335423649,47.84513536867047
5874,0.16657910194829367,0.03043224217340123,-0.2724236902672304,0.08752392520858361,0.19225811752193264,47.07767380377071
5875,0.14106679739119435,-0.08870280161976735,-0.3439554516468806,-0.014933498062378273,0.4162252648748252,43.63785426938719
5876,0.1528248051355736,-0.0823000296113777,-0.3554061889096529,-0.01144894770544103,0.41920307174108457,44.27833876762863
5877,0.16228555046983803,-0.02657194587737887,-0.35779945236293587,0.03531272173597574,0.34964675682303314,46.15127687887462
5878,0.1750230926074797,-0.009460629517462777,-0.35102999510833566,0.05229693634643628,0.31372604592099523,46.82528132558617
5879,0.16047417436466582,-0.06473743951746629,-0.36418285878856926,0.0035818490484571786,0.4015319571004833,44.13311059941767
5880,0.16062908529038264,-0.12685919314444424,-0.37143717240798085,-0.05315377450348341,0.48218141316663815,42.49284063066989
5881,0.1611960825953356,-0.06698081638428041,-0.3543113759591485,0.0028094672076196168,0.3886155238737308,43.35379545630811
5882,0.1692392052022558,-0.012935652674603615,-0.33102989090678453,0.05149933235344918,0.2971932867390936,45.19896601383261
5883,0.16015830847503545,-0.022149563691140746,-0.3097009379002753,0.048558459510669505,0.284450963162403,45.273030388872066
5884,0.1668927771384554,-0.011751352082016973,-0.33276653677312906,0.05464727698102276,0.2954014826259073,46.126988523440865
5885,0.17327122651903212,-0.012398136484815121,-0.33563068946488406,0.05984998872960526,0.28815275705560917,44.47245136061391
5886,0.16732209698060346,-0.037447770400037786,-0.34188203707109543,0.034389426201064825,0.32667587087639216,42.94778850090232
5887,0.16249602865464255,-0.030754935042753395,-0.3153677154886009,0.04452216397516658,0.2916941664309132,43.87731743635912
5888,0.1757990277393281,-0.033479811837612644,-0.3058284216825623,0.04144667628349039,0.2908812664152926,44.68825343753665
5889,0.13956467266067793,-0.061114998498974525,-0.20120225409122905,0.02935166452570627,0.24858506369844108,42.09486058869442
5890,0.1708516083461583,-0.08505476321723733,-0.3225868409513508,-0.006577162545980995,0.3741690719156932,43.94051919962662
5891,0.17802028613916565,-0.031111321896398557,-0.3353614789758921,0.04161031088239899,0.31114389559379324,44.14394780401746
5892,0.17756958185402724,-0.042583287895566195,-0.3254401715194923,0.03277670242090372,0.3158183630619361,43.85393134500339
5893,0.1780112583859947,0.05382456651274804,-0.3139650677731602,0.12073018134963696,0.18220820333403273,49.10611344956884
5894,0.18101417935894357,0.04107116632012258,-0.32604387986527633,0.1072317365364656,0.21200868065746653,46.815771822807164
5895,0.19462654621019734,0.061944099438522124,-0.32407084194364233,0.12412562823104334,0.18061588264343886,49.40803373380631
5896,0.1916444803247316,0.06990650442199554,-0.3326708349761361,0.13031878311139647,0.17663598145222384,49.83253638159668
5897,0.17801970995996322,0.03988340305511993,-0.31925068964841663,0.10277153329075564,0.2141135555268756,47.95998741471003
5898,0.17955490377370978,0.0030780948006496707,-0.3394811899094656,0.07111514304327192,0.2794355888633215,47.09933661967087
5899,0.1933886171224005,0.052912603563910365,-0.3416423231922158,0.11365333102962914,0.21088489601800048,49.45997508738172
5900,0.19856165735585876,0.08131457158936573,-0.3480218251962551,0.13518977844320118,0.17936289948056203,51.07949620148486
5901,0.19253492086568375,0.05447789519189381,-0.35223267398793,0.11338760083481246,0.21384455561514734,50.58510739916136
5902,0.21252971367659332,0.08506133484188785,-0.34620531795831544,0.13901606806459452,0.17365581836609073,51.34792605944105
5903,0.20519579745961852,0.08413284318038612,-0.3490910687401624,0.13892824144332375,0.1745228048768823,50.91479383693467
5904,0.20733906123224724,0.10702378404324686,-0.35818351515093444,0.1557590675963024,0.16021577506643794,52.20906744650181
5905,0.19545042204723817,0.11999913707923869,-0.3599831764433511,0.16209101496117967,0.15255204903936503,51.54383283484515
5906,0.17845165655454365,0.11738002501866146,-0.3666241751582059,0.15521077733060934,0.1740002101241156,52.20516607693802
5907,0.1741163600794811,0.10860329274860639,-0.36002468086019135,0.14546736492757514,0.1811566555374445,50.73710237235325
5908,0.16924174222932953,0.052126643295860225,-0.3339038219328055,0.10656556943521683,0.22490608389457317,48.116435278384174
5909,0.16594611071642767,0.01026471964338144,-0.33057478430057113,0.07967900087282292,0.26322369006837604,47.15715819259933
5910,0.17848537861162728,0.04447269347012659,-0.3512215612245049,0.10369210395996427,0.2391155766411447,48.08803123803111
5911,0.17999616682776212,0.0182680026034828,-0.36063531252900877,0.08768386496422219,0.2689242151403108,48.14358093571168
5912,0.16389766478386947,0.01853612028101914,-0.2991776733094937,0.0888577673916109,0.22402870298528776,48.11025146477971
5913,0.1529361689993147,0.043017379847210796,-0.2500284927803386,0.11075512581212617,0.1502811520461401,48.78867944033418
5914,0.15078642245659968,0.02473044136878947,-0.2564076058969292,0.0978483078069579,0.1757496418171162,47.86120081076783
5915,0.1524259704283024,0.0026485421998964425,-0.287713715587523,0.08046100988700064,0.23278843957458523,47.73893377865571
5916,0.14807121212107344,0.0030052948960664965,-0.26851385719640514,0.08043620931893794,0.2179552623592895,46.89173190768288
5917,0.14258454902154682,-0.005715660282044186,-0.2925092931959559,0.06607843867351629,0.2620419874224717,46.204433851583595
5918,0.13971979609375396,-0.04095232288160501,-0.3094114626552466,0.04369213972292919,0.31225354256712395,44.65983352936079
5919,0.14209815569275985,-0.06009337536545329,-0.3040784300265415,0.03126184239482879,0.3295729716102962,45.591766125343106
5920,0.16284870961543532,0.04003492842992036,-0.3155411886917412,0.10500929417138612,0.2165974534567935,48.35438451514755
5921,0.1740127401401789,0.09687653685653046,-0.34766039198836246,0.14092955513352776,0.18595710230120926,49.85730687098026
5922,0.1768928056321085,0.079074720198404,-0.35413136873164663,0.126710554551079,0.2097312684275062,48.794693336377186
5923,0.15963397230830137,0.043643733041765845,-0.32266275536323136,0.1050034750890933,0.22361637144749064,47.26601477835121
5924,0.16463232456892185,0.039055228426069025,-0.34270841004409736,0.09560802039821273,0.25071778308117687,47.38431972926321
5925,0.1784550417782781,0.0433347483146297,-0.3058808329976479,0.10506222243928157,0.2002069746331566,46.711106354661645
5926,0.17867506928020446,0.08157822292180762,-0.3234372331698809,0.1306298511720881,0.17235360361549995,47.20639381002224
5927,0.16717222080379948,0.028192369073104788,-0.3266787267123293,0.08722469856143562,0.2446958591051899,46.23860974868572
5928,0.16934129713109375,0.007350076820415334,-0.3327470664160553,0.07042914026551439,0.27524265566352346,46.1693133369052
5929,0.17806538136398314,0.06419471659891139,-0.3518804632514302,0.10784670370637886,0.23077219296093185,47.71656119135888
5930,0.18220336870745876,0.03789316164901862,-0.34188261723540025,0.09610606626254412,0.23708790252702155,46.60740411449982
5931,0.17253127083111813,0.03222257098157025,-0.35568514997872014,0.0831748098131017,0.2705376370417706,45.48087468066581
5932,0.1850064290323541,0.035425551976221596,-0.3485475368157911,0.07701144835176116,0.27163519293916694,46.506308687073286
5933,0.20919594111189838,0.10219420125066513,-0.33809475987162035,0.11362867833941373,0.19688155572325544,50.22890447206503
5934,0.19397305976969823,0.08146484719183524,-0.3062810207690225,0.11316767359768065,0.17684985170683498,48.55408508356795
5935,0.16116956734375612,0.00649839894719253,-0.3153338802930957,0.06475894367879585,0.26647053726358283,46.29487019562773
5936,0.17303354743060248,0.007882763003673415,-0.3407984327977937,0.0606063058585112,0.2944994853267314,47.59063111681687
5937,0.184010608850926,0.03086046300125882,-0.35117846410870107,0.08179550782531948,0.2710619525595216,47.98831694078751
5938,0.17897248628835294,0.029500678405190654,-0.3357467252103457,0.086407541668771,0.24673143284620658,47.5618110826031
5939,0.17373907608445427,0.01934511202254161,-0.3099143269227579,0.07925192083531878,0.23696254157259386,46.92197875330721
5940,0.16697511374663532,-0.03331651387233944,-0.3549052165308098,0.033147278749121205,0.34966181707630434,45.703057822101755
5941,0.18081616351754476,7.727429278665396e-05,-0.36084747480143065,0.06159917777530872,0.30852798982897534,46.55438645179741
5942,0.17922171524367048,-0.013492116051083445,-0.34700609509631547,0.050983532739443185,0.31274170682426794,44.945698768155665
5943,0.18103168755155782,0.006886993570879088,-0.34494010304540174,0.06753889852507507,0.283765661035066,46.043495633876866
5944,0.1940437968816257,0.01787486083292494,-0.36778965101979066,0.08207284643619928,0.27749948994417867,44.1226225863383
5945,0.1843211119479097,0.03623271960135166,-0.3342327569255256,0.09827993458528837,0.2231805159183704,44.21223951121641
5946,0.16602761475756148,-0.024449270140971018,-0.3317399989955118,0.045140049104965344,0.3068158333766329,43.78962272121034
5947,0.16456052811356647,-0.0656401750059916,-0.31498873615515066,0.015924564094517844,0.33417861262299037,42.67338453350156
5948,0.14817283394699018,-0.06250393332521552,-0.21633448342727293,0.02623069890860019,0.2556024989309947,41.88652969132306
5949,0.18644772866665846,0.07177060690471707,-0.33826105968826736,0.13174121079589635,0.18264079719296203,49.02942605999244
5950,0.1883854113760269,0.07355057954905525,-0.3443336616213133,0.13214484525455578,0.18678257192755565,49.021698708216825
5951,0.1928092019596798,0.06921121041138778,-0.33457498627148713,0.12957589066372327,0.18097907944472438,49.68409745237026
5952,0.2030979660620679,0.0817361035968245,-0.3397462103305639,0.14327635867165664,0.1622926746865777,51.62076485350963
5953,0.1910575319052163,0.06497231571241296,-0.34309124644975464,0.12554680427358744,0.19448091782372362,50.46246837194941
5954,0.18900924859842125,0.026804417324615085,-0.3418125219167089,0.09196256556081243,0.24398584495108072,47.24427964918266
5955,0.18736952192478346,0.05410129327129127,-0.34622500543559837,0.11510686274209367,0.21301621407792176,49.25155310058986
5956,0.193440493984899,0.10220111395460389,-0.34739454319565233,0.14725330399627193,0.16634210008976869,51.08569053914128
5957,0.1897900958961275,0.08523950416001852,-0.34951017465021406,0.13389681573199178,0.18366824519908406,50.77427669597289
5958,0.19911052238537277,0.03555039123810312,-0.3588261501562379,0.09440834191618112,0.2495638107165145,49.73369243015315
5959,0.19494451933760812,0.08937765625505316,-0.3526000333012884,0.13561933597622317,0.18520941210942277,51.04388117008396
5960,0.1935103623596318,0.07615720519161115,-0.343924154157286,0.12840525550544896,0.1910475563490206,50.552130729076964
5961,0.19163497461033419,0.12295390344438305,-0.34919257543912446,0.15828638955786395,0.14950099346556217,51.44602362804147
5962,0.17161292383084875,0.08596724954212645,-0.33403608642584376,0.13558247479546917,0.1817660160592448,51.271100746266605
5963,0.170581132831007,0.11772071119178909,-0.3522763345616135,0.15409473463938456,0.16370220150295572,50.334811008431956
5964,0.17036246580718453,0.08849960732969842,-0.33052138705839984,0.13418680168298971,0.17555151699384156,48.39076372257773
5965,0.1753908292547393,0.06480319066459933,-0.33447202455037933,0.1199934248062752,0.20455276319390883,46.80930758094415
5966,0.1710486186773719,0.01317747457824939,-0.2756494122286983,0.08794021741656544,0.20501999278781238,46.11934071443051
5967,0.17207479183596897,-0.0007270141655822084,-0.32181776382346194,0.07119653670637263,0.2688200532417598,46.086690025835516
5968,0.14693471274637226,-0.08172517269477818,-0.31634367489159704,0.0035535405998308274,0.36908749046773454,44.7104066453322
5969,0.1503987247051811,0.003452821577256447,-0.2822154193166171,0.07916334711765567,0.22899466564141985,47.02399271301706
5970,0.14736428229637327,0.004305313887737305,-0.27930583378462714,0.08125046691040481,0.2248934210664763,47.11781342144171
5971,0.15057054996488423,0.00901265462710833,-0.2742726542282418,0.08471659057580705,0.2141743045926426,47.49794041996336
5972,0.14755335278905643,0.012077825237732714,-0.2740595764545614,0.08780968190601603,0.2106164962805773,46.91798696697317
5973,0.14679434235292615,-0.003574347924169182,-0.31285467395246885,0.0745386670933053,0.26533560637681697,45.19710890558608
5974,0.15027108351484508,0.05542675451629589,-0.3504276887372732,0.11453931634684889,0.23280103733353977,49.42840431057786
5975,0.14012396211962036,0.01960609111759729,-0.3090761170735048,0.08688545451159477,0.24222380304312985,47.93050869215943
5976,0.1507234083935168,0.009918019098980482,-0.28828100824979214,0.08510859104605617,0.2260985107143678,47.75337546777218
5977,0.15728610325377856,0.038808805839272854,-0.28948204019003154,0.1072578420317496,0.19160778372076792,48.82284136624764
5978,0.17213983809347752,0.07276222302754683,-0.3241922938764431,0.1271615190234714,0.18303943918066695,49.58003819340691
5979,0.17549533937303774,0.03444499040418054,-0.35107262622740215,0.0977765361551915,0.2524700423169941,45.82871482211526
5980,0.160361126245992,-0.010771566751378138,-0.32876429247134553,0.060673943950302185,0.2968019792192717,45.56377550248885
5981,0.1762221408381102,0.025275967347436916,-0.34402535343411106,0.08664841170308833,0.25922090724152064,46.03552021974273
5982,0.16351828676920022,0.015683630852670917,-0.34563383534633396,0.07846402487756583,0.27439259098939833,45.934124082266024
5983,0.16025502214677645,-0.005837081410767823,-0.35283652924775155,0.05841948114730258,0.3094794226071919,44.26557437607371
5984,0.164418474827879,-0.043913361913722186,-0.35916756618047063,0.027171748445316734,0.362740385804132,44.60095293075718
5985,0.17714401263876167,0.032006476508250434,-0.35904652145623817,0.08938258891099028,0.26638575724765273,46.69694512560686
5986,0.17171630627439713,0.020360020579054214,-0.3469622839399575,0.07910727845283418,0.2699818642882716,45.74164723090824
5987,0.18473390242826104,0.04639400323037157,-0.35223472636593595,0.08909624479220225,0.2567187491754971,47.24655398850413
5988,0.1679011485781297,0.004828348626340407,-0.34329239789019556,0.05920383820240053,0.30277243989813885,46.219585575913946
5989,0.184707436095557,0.057193135563410595,-0.28255509147282026,0.1061719605893868,0.1687338075686498,48.01181185998234
5990,0.16706929304066098,0.01185223842477449,-0.295004910903652,0.07219429417148446,0.23969146143927103,46.225343658256115
5991,0.16381557986028653,0.014489023812865423,-0.29106313774016396,0.07609766086651107,0.22974148305235978,47.05405304900318
5992,0.18223764888923394,0.07729461197829945,-0.31281541458320955,0.10118316366969535,0.19655176250266118,49.72769976309725
5993,0.1961959600578675,0.05533092702849658,-0.318569357860078,0.09855280372369044,0.20898189450772192,48.276784085613194
5994,0.1835411835340661,0.006444901318678119,-0.31029267616394957,0.06795989768152727,0.25116456655449293,45.49888120088166
5995,0.16850118123100763,-0.011390978497143506,-0.2657992297126198,0.06250551694118155,0.2286832391924563,44.74424116627043
5996,0.18025154106949265,-0.0047251440123683396,-0.3436806407309997,0.05898430885229432,0.2976138397642702,45.70459053985906
5997,0.1962282500290997,0.053860840233749825,-0.3391145289254303,0.1110652317837551,0.21035995765987467,49.36037185327304
5998,0.19219800669094067,0.012862138544609839,-0.3405536345633962,0.07670826122725127,0.26481846410657395,45.93146595964813
5999,0.17745223513081418,-0.008406760523333584,-0.33268157113855223,0.05707822596361674,0.288903785330782,44.06231268199557
6000,0.17701732981156848,0.022603673426150862,-0.3277757812751263,0.08190145104387356,0.24786034670355359,44.753225394471244
6001,0.1671007482647675,-0.05831705690207263,-0.3293686759025344,0.01628851807111499,0.3530966173532765,43.09016146475488
6002,0.16771334175675653,0.01121607904336585,-0.29680302302049577,0.07824197333007099,0.2269858728001567,46.75313646076105
6003,0.1580864811176625,-0.033619430735626774,-0.2889704407538082,0.04579711054858207,0.2678267242157441,43.32005165116051
6004,0.1919434872476956,0.10126524577430646,-0.3490693644287315,0.15280016272759345,0.1591556961069962,50.761791933417506
6005,0.18611202221360787,0.06410082036722642,-0.3467649769810714,0.12440602814740263,0.2031407645157258,48.5047237479604
6006,0.18385888109156334,0.04202866641457677,-0.3360466382257633,0.10693126647808711,0.22177416016967572,46.285373274727846
6007,0.17961131215569404,0.03821515191776052,-0.3067503078674826,0.10411647610567337,0.20123799828805825,46.51637157253736
6008,0.19236733530122935,0.06096390181337806,-0.3376817180309769,0.12441084739879128,0.19251154994609476,48.10094463431997
6009,0.19866347904968965,0.0835479202679445,-0.3487506820218851,0.13988758154770992,0.17644683563463048,50.488445995206405
6010,0.19166259915466777,0.06423015447133788,-0.3383348701217503,0.12319998743197758,0.19374667752071692,49.45733245003689
6011,0.19163518698180249,0.06347498497182291,-0.34087454580233856,0.1211593421005884,0.1991498007642698,49.39982979333517
6012,0.19210182834926567,0.08557466464936721,-0.3456581229212859,0.13604809648428032,0.18117240893113626,50.63737764775678
6013,0.1853524257212355,0.0904579193540591,-0.34920187794775426,0.14133432414934097,0.17663753802906276,48.96869207430907
6014,0.1883895026193158,0.08824000235686481,-0.3459537329674701,0.13381667634340924,0.18534624857417034,49.35665479545047
6015,0.18359838875729848,0.03125785634694646,-0.354075261813324,0.08831810435776441,0.26538542919987185,49.06600637978496
6016,0.18903657230796328,0.09774957147476071,-0.3547453344421554,0.139809941499304,0.18372381638249174,50.58723625294595
6017,0.18326807785117588,0.04529262418318909,-0.3447794246999172,0.10325682669423993,0.23009923491549913,49.41653760163861
6018,0.18117765893944401,0.10358710234662513,-0.34831760473449663,0.1408005268906798,0.17822667238807485,51.408994237832346
6019,0.17138960616989793,0.11796890303695097,-0.3759471355255869,0.15085129703474084,0.18858668335636902,51.91660025414103
6020,0.1757445783407338,0.12382241403266724,-0.35560833725274965,0.15543967909894132,0.16122603724071524,50.10390094770505
6021,0.17452796521905029,0.11420766931262681,-0.34082563948300326,0.15001634830112773,0.1590560221140516,49.737384729084276
6022,0.17918021593508798,0.04647995843505681,-0.340586675548178,0.10268493748955385,0.23411873040679643,47.13553371587474
6023,0.16840527203717515,0.03937519437443571,-0.26456844605935287,0.10928622315583153,0.16323611786745293,46.18033642065263
6024,0.1640778553499164,0.023203263517987367,-0.24748046612536423,0.09985976001425571,0.16534255176325063,45.90407327874511
6025,0.17012786924368656,0.0032564988484956843,-0.26083159361061703,0.08583155273575276,0.1980971869012625,45.35195149633122
6026,0.16034781301902365,-0.006901593229110801,-0.2976003202903851,0.06970690617692299,0.2540865728643729,46.11857844459349
6027,0.154579345526407,0.03163562634995869,-0.2590546511843655,0.09923176717750493,0.17356196812458888,47.18683933520317
6028,0.1529615463685061,0.03773888398202716,-0.2615441230704223,0.1070298650454545,0.16714797584858226,47.265196614420645
6029,0.15136257578683399,0.01626278932761958,-0.31238271996511224,0.08921538722021691,0.2420632409842882,46.73905106398245
6030,0.1730685191649399,0.022914297258086015,-0.3425968020559104,0.09001229763985667,0.25670023643504614,48.38902464450017
6031,0.15755377765991632,-0.020936016899547025,-0.30555736002050965,0.05228781511481952,0.27801699379147654,47.9204991781169
6032,0.14984756673739233,0.007422396179773627,-0.31523716062787266,0.07639320735849067,0.2637567220612802,46.596444312100765
6033,0.1346388846663688,0.0005723237018643462,-0.23826326295164485,0.0811388809581594,0.19695120349975734,45.6635535373487
6034,0.1523052595187956,0.03511483551542014,-0.25856263495552156,0.10394207048845704,0.16918900570204295,47.96451283838106
6035,0.17005281662769256,0.02795001419362839,-0.2871906214174274,0.10071400453113077,0.19541550015117037,47.12401003899646
6036,0.1741363340977965,0.024891756138934164,-0.33223609012609556,0.0893042934191121,0.25118313128770337,46.18473407517857
6037,0.166832640503322,-0.006851122353419888,-0.30324936717537426,0.06753433784244742,0.26077896547419666,45.518789632179406
6038,0.17270041273917405,0.015900315099360234,-0.3115077418312852,0.08433295538914874,0.2394577801458187,46.319819096053166
6039,0.1583316090071241,-0.01763165646309725,-0.3467316475651702,0.04840416309166608,0.32345371775256687,45.06907916210944
6040,0.17584610902246273,0.03151780066565976,-0.35857129633892526,0.08815814815325103,0.2674872881228612,46.43213187674648
6041,0.16733458402794277,-0.012528962210390049,-0.3530506216403231,0.056021627526537436,0.3164773848453655,44.50596083389666
6042,0.16100073391857217,-0.013462783187041187,-0.3538523055319544,0.053979061843896926,0.32054077247057833,45.3648978501659
6043,0.17550830825034155,0.02183414428288731,-0.34744518137983793,0.07977871349842106,0.2714938351701479,46.34725495682783
6044,0.17772740791382716,0.03930498279346801,-0.30526036206164847,0.09039317222235843,0.21520359349182347,47.11149765379461
6045,0.16968947410101087,0.04658417452305814,-0.25394789595934003,0.10629282102801624,0.14858874530048422,47.06411881937713
6046,0.17169887601624462,0.031272933647157664,-0.25293055585887725,0.09598681145957108,0.16460012220094794,46.745221941464244
6047,0.15961364842297207,-0.018596592718793374,-0.310781347070175,0.04923224491097142,0.2900183379049475,45.315761820950804
6048,0.1615905314402742,0.022623336915947936,-0.3101985327281336,0.08063678643710634,0.2405506307252033,47.77359356936055
6049,0.19253975808919774,0.07434555033625366,-0.3212295264728341,0.1103623129393811,0.19266498557773368,48.70508019276228
6050,0.19391535124597462,0.06008890817022552,-0.3442315774605878,0.11620262753665747,0.20400145328558916,48.547329743208564
6051,0.1729716232721153,-0.03529992905904,-0.35676908189443546,0.02996297708796793,0.3540120045592756,44.33056624298945
6052,0.1774465027062429,-0.027039768168351193,-0.3407674003134156,0.04419495187039598,0.31574655044918426,43.974239443395
6053,0.17599018963638977,-0.04348512439101522,-0.34688909939588014,0.02960057110232913,0.3441622019480895,44.39393429256332
6054,0.19051238136376375,0.05320091313408541,-0.3185325152626416,0.11264550035841694,0.1847852061295273,49.17356078649241
6055,0.1836950490128625,0.05738665959396339,-0.3221136938585342,0.11195189867280417,0.19149206045274597,48.623823860574795
6056,0.17796635991241636,0.01674927020355377,-0.3051004211724862,0.08024298255573274,0.22740582643329046,45.817371771864615
6057,0.17434344805952864,-0.0008937683634176794,-0.3240137856180894,0.06263190832189133,0.2757280391056041,44.35063007515195
6058,0.1636191310375711,-0.015327615900312064,-0.2944662733790656,0.059930810606661805,0.2547773895609157,44.104996320886265
6059,0.16571980575889703,0.0029150727080389477,-0.31543338740077076,0.0682753702650982,0.25662991725095907,46.15209358757892
6060,0.17321857627042736,0.05061310358311989,-0.2959665352637061,0.11324432960539327,0.16703477772348913,46.37109388815257
6061,0.18519412593045362,0.055219339320481266,-0.3445194539089246,0.11764440730628675,0.21211066618860694,48.967756003824434
6062,0.1854326881996011,0.07283335840862616,-0.3501616733621892,0.13116550184666934,0.1958340232075308,49.46617639327346
6063,0.18053056262459327,0.039766262248910805,-0.3292694302184142,0.10522547632273441,0.21836328663874238,46.65178262196136
6064,0.17194709050103194,0.03458063297000117,-0.29076833626235826,0.10290928600885332,0.1917572527229031,45.20545684737281
6065,0.1735242113080653,0.029014780496092504,-0.30921335271173866,0.09711282507024697,0.2159874275548434,46.51407278076078
6066,0.19990893737635576,0.07822638250946863,-0.3343063921263709,0.13429039212324997,0.17430061230591343,50.249321803173835
6067,0.199260747689171,0.07740587158377676,-0.34593395737413984,0.13222307727208585,0.18722205171963108,50.13397579809584
6068,0.17307071387481665,0.03678241755016178,-0.30071661063490385,0.09986576226663556,0.20201413537793153,47.416599051691136
6069,0.17708500639152344,0.050620603673483255,-0.34832777366246453,0.10659250434493375,0.23117521134046368,48.816469359158994
6070,0.17579013131498453,0.015129878247546615,-0.35439737529107423,0.07688651481090304,0.2805557352254104,46.052932538471985
6071,0.19127608589022566,0.06614259583786584,-0.35647142205380195,0.12066214151330412,0.2114264810055671,49.046197280393855
6072,0.17893557963472148,0.0069765932000908915,-0.33976461727788093,0.0763320515943109,0.27613930365682854,47.56384114654615
6073,0.17560211589498423,0.02706381072182914,-0.3286308193217808,0.09099237414805333,0.24520546697224163,47.088067204168226
6074,0.1701244234016772,0.028357418974729286,-0.35046251573598836,0.08156445893986207,0.27256277076498486,48.218844846095074
6075,0.1808219481940133,0.06627968432788801,-0.35355518272105735,0.11367258193949485,0.22541486360518628,50.253017105811196
6076,0.1818690232547476,0.12976195111847494,-0.351620216709574,0.15927388947989618,0.15150211086572393,52.669314468672276
6077,0.18079161544928882,0.12417907983544721,-0.344222420040875,0.15461271008236915,0.1520332092749004,51.1965450781536
6078,0.18475040273445112,0.10808808594564126,-0.3393152084375299,0.148711761185666,0.15823024658592633,49.91002294242253
6079,0.18320431170046675,0.042386908967124395,-0.3163464845624644,0.10616315294984413,0.20809444686451778,46.80228309076729
6080,0.16770962115571333,0.012704298367761145,-0.26436615146439607,0.09050513117555883,0.19429713442639981,45.38751844098258
6081,0.1704138480386764,0.020955196657064322,-0.26866986329332104,0.09629306097454858,0.18734761572899297,45.61328024254384
6082,0.17863438901410086,0.02376139669794325,-0.28836720808735805,0.09695729426720574,0.2007368559300129,46.00682580119499
6083,0.16214802048899948,0.011962575939440846,-0.3025254731839605,0.08355598722275502,0.23714641425449284,46.871814791027404
6084,0.15062545471333666,0.025168891391554173,-0.2576761164143689,0.10076769206510951,0.17519107949521542,46.32192356361056
6085,0.14895227732237085,0.02503994172483874,-0.2645806156547158,0.10449028212346183,0.17474933391187403,45.477938762808705
6086,0.17038048952941434,0.025262688445568334,-0.2823441530912417,0.10185853122023099,0.1910815156990042,46.06964544396052
6087,0.19200619386280965,0.03531229607076677,-0.2970316261290738,0.10793342696781358,0.18983731508046367,46.682466455333746
6088,0.16058267164111917,0.028026082079840364,-0.3162868188059241,0.09845353965291605,0.22424431361343578,50.447560939711394
6089,0.15250942923528393,0.0165103337798082,-0.2989004874082908,0.0888109447367801,0.2291294917832578,48.73386652472999
6090,0.14823886370944578,0.03415039958040225,-0.25899236619025073,0.10480816004893584,0.1703024088678363,47.75347399895901
6091,0.15088167348367634,0.017014731701414893,-0.2724199711163443,0.09083168347968898,0.20529721829344041,47.64884648222592
6092,0.18421491770959866,0.031728570756269864,-0.33908422788238707,0.09861892347296576,0.24289085775991973,47.97523939461261
6093,0.19643130664798256,0.05530481065647227,-0.34616491312812825,0.11714646017669797,0.21535172913319878,47.74593773307112
6094,0.18397740114749975,0.02078477036947048,-0.3197079562717489,0.09150366009250618,0.23271056869945983,46.849730976453806
6095,0.1689771146717084,-0.008301180910634112,-0.3076761617341482,0.06858604940614477,0.259258843697765,45.34337859217964
6096,0.16462422275284308,-0.013582038661758724,-0.30772785443966344,0.06490016331803225,0.26547867303244005,45.2590235444989
6097,0.1658046960349056,-0.004560732125263464,-0.32607604484605196,0.06447249713787886,0.2776373217164716,45.67979290706768
6098,0.17034407559846557,0.011126379577705622,-0.35101467133048664,0.07565449288189942,0.2827611211766228,45.7314964192856
6099,0.1762902507765423,0.04630925105488658,-0.3548154675348338,0.10109222233527203,0.24336743041760828,46.76752372455831
6100,0.17771314772275756,0.05486197656827718,-0.3355480738048229,0.10670826895410128,0.21540730121220145,46.431635575292006
6101,0.19422560676336106,0.07912568515087487,-0.316132507039537,0.11268758261544348,0.1855902074435305,48.85203250601217
6102,0.18416316453236203,0.062286249559275385,-0.29973385648882045,0.10490905959061526,0.1855818208730744,48.24940433084735
6103,0.18672550389753154,0.06449177810511772,-0.3004645578950882,0.10710861288948917,0.18228577453099995,47.6937484161074
6104,0.17166624470751507,0.02168479934426464,-0.3228606814590281,0.07357099643651593,0.25728607498591005,46.775223449028346
6105,0.16437128844064455,0.009338297400744646,-0.29467024353404864,0.06932848264370164,0.24167852513646723,46.49324948908483
6106,0.17757565730506644,0.030457044164473174,-0.33636619447409766,0.08025925493345788,0.2557428064844106,47.62226523748441
6107,0.17678688947095622,0.031418585355924,-0.33719919519410974,0.08578990844340445,0.24813914332182996,47.24442043746519
6108,0.18079443052577499,0.02355564930226452,-0.3457523762611583,0.08302064290245559,0.260662849128195,47.24454713401235
6109,0.1663742172268619,-0.05230331010082662,-0.343973126946467,0.019560928531257665,0.36111248772028565,43.8903024856977
6110,0.16300634925297625,-0.08597070342406671,-0.33704771508251,-0.01035313723382885,0.3983583805452957,42.84334410299681
6111,0.19574858760641978,0.056387297994807406,-0.3306177587710852,0.11618730064809991,0.19055394336739354,48.807396640863345
6112,0.18745401925697494,0.04072081167259651,-0.31289769276129564,0.09904449136838739,0.2032281124796489,47.42409286826629
6113,0.18354903030809133,0.00832926791150026,-0.32279741713579607,0.0727919338501166,0.25885610479343074,46.17111801489242
6114,0.17768042266081244,0.00340556532905858,-0.29617606335547764,0.06874583365461104,0.23979037328232933,45.89690088476605
6115,0.1631833831258076,-0.025709433405223674,-0.301663481128515,0.05049350737456916,0.27396265942728437,44.31988811251452
6116,0.16640339946792757,0.0349773390118006,-0.2880779456066558,0.0990068730851235,0.18549826181877743,46.534836164790335
6117,0.1903401959527307,0.0772894724481985,-0.3466835164543429,0.13071229035710855,0.18280563490185373,47.93217988204071
6118,0.18489852700155227,0.06771496750273631,-0.3478142590655393,0.12664986988734267,0.2008076356410013,48.658793347625725
6119,0.18330946013434862,0.05662777233320457,-0.3416440450292919,0.11928094347630244,0.2070044918118117,47.3604006466959
6120,0.18471159778977211,0.042072277630020194,-0.340337798065435,0.10890635454574228,0.22256086867861996,46.76427207337069
6121,0.18095776806546218,0.041495426452324874,-0.3370536224366605,0.10622504848668053,0.22252788279198482,46.7087768813088
6122,0.1717963937134024,-0.004265041312028649,-0.33379988358065316,0.06847693939982974,0.28177752108813375,45.88335749640514
6123,0.184875108635384,0.037806262009065214,-0.35386465891260194,0.09722248189050242,0.24970450589289342,46.545764613004955
6124,0.16886259781163085,-0.005409072231475504,-0.3218245210562724,0.06520666393067975,0.2785741144182595,46.33648948953276
6125,0.17813423585129176,0.04943607818791454,-0.3518451106795199,0.10453692337949283,0.23785214635385973,47.968236820020316
6126,0.17515740650044023,0.01569333668257229,-0.35281375137759213,0.07882338750531741,0.27822811740456965,45.82649547400601
6127,0.18015359708108034,0.061068576112253185,-0.3503707794145454,0.11466276900421497,0.2195923537718098,48.10624370438644
6128,0.1793700813240509,0.018213421067713703,-0.35336094632137505,0.08077917134667281,0.27766654832143256,46.602223080802716
6129,0.1714426596473276,0.028049365660321016,-0.2879265960185112,0.09675505439495637,0.20233110125806744,45.79401750619649
6130,0.16761842372187738,0.0050686873178062706,-0.3105192856518926,0.07419217506848186,0.25450670464722114,45.97445527992495
6131,0.1742463975173333,0.028275693800790924,-0.3181691255324578,0.09195391653928381,0.23284759166563193,46.86299974144873
6132,0.17703764397292235,0.06587069035183932,-0.32999712808342585,0.11741011925966519,0.20071648593240987,48.988546990266734
6133,0.17956455047203007,0.08354425405161268,-0.3326980692048658,0.13129793065440867,0.18108247126034527,49.26541093596166
6134,0.1813344214582994,0.06755958429139071,-0.337919283357528,0.1185158445208239,0.20678954717566878,48.32899512000925
6135,0.17885837303377997,0.04232982402324963,-0.3400056137182885,0.10279421635678943,0.231683081199676,46.36461438336436
6136,0.17685630957217405,0.0005748703346625449,-0.32236052644849245,0.07358827135240249,0.265520918701583,44.907561746255645
6137,0.17650964283247272,0.04003229026106636,-0.3412418794300202,0.09820178136467178,0.2441027259294083,45.74612918533429
6138,0.16851818170146726,-0.005258401906180994,-0.34292166587466627,0.06341875517970935,0.29831426043621173,45.02236544472924
6139,0.16460268491244964,-0.01640395247314652,-0.33847646347147126,0.05402295498358906,0.30766776160222603,44.90051955755049
6140,0.15940336339376948,-0.01176741311300065,-0.3020303981498596,0.06670424423560352,0.2618640381890329,45.224462752379836
6141,0.1571399689703603,0.03497178365576197,-0.28415242563399395,0.10773798416363319,0.1838685521645666,45.91769412418399
6142,0.18416442928533827,0.043887965559407466,-0.30466669351582304,0.11238511558197327,0.19185780276746292,46.45247669086151
6143,0.19318225681760043,0.040181204561036514,-0.26045774823844053,0.11527424237200662,0.14773942091184963,46.98123047880087
6144,0.174275715863701,0.036250497191578926,-0.34453644628467034,0.10256697030454157,0.24274118713375778,47.63968510389516
6145,0.15604652571006214,0.006199123596638529,-0.34755370959605975,0.07640853241371193,0.28725261521928347,47.075435920659004
6146,0.14875514736674164,0.007382805155192597,-0.319261129657921,0.078673444054853,0.2649455136558551,46.82538023803436
6147,0.15016646651145518,-0.012626802480478705,-0.3033782490754772,0.06576597100369361,0.27083881750152927,46.47983717612663
6148,0.17184028888153674,0.04565617481090024,-0.3202642724915373,0.10872591953543233,0.21052001325514202,48.05546118525036
6149,0.19859127050036982,0.07238169454974781,-0.343375200436243,0.13009178326106377,0.1926356575716315,49.396451237017814
6150,0.1854183327536678,0.03550946092035766,-0.3308562237177397,0.09934299254221604,0.2318089512809508,47.08198675316861
6151,0.1675776373434921,-0.010269006239774706,-0.31420805789753464,0.06425378463170481,0.26927871216099003,45.58575214424354
6152,0.19361047264274162,0.05501864768066275,-0.3470243370419702,0.11127169964273845,0.22014009723340247,47.28720095609076
6153,0.16613128402396288,0.014771597144801238,-0.3490263596437166,0.07964589872057777,0.2780021784607787,46.99201602140935
6154,0.16747135768645177,0.031230953824235134,-0.35179146566152547,0.08928003919489877,0.26717634194658635,48.09961429026846
6155,0.16477689174609225,0.01288328376007884,-0.34603893671388974,0.07471364791667288,0.28710875061154084,46.65752460437976
6156,0.17752289790117626,0.05191212364364769,-0.334985711655255,0.10441453018812225,0.22778159814315324,47.703874668753556
6157,0.17931565672732386,0.050830041121937355,-0.3331788431245357,0.10007492291978785,0.22875910153918483,47.85751347001848
6158,0.19541468149107988,0.050141648907246344,-0.3274307809804045,0.10630330052957693,0.20916927957088882,47.10047427710136
6159,0.1780453945352648,0.048956695430867184,-0.3249639995052482,0.09275651846521518,0.23146415297832534,47.9368863022728
6160,0.1698359849873032,0.027021311422457908,-0.30108501812775035,0.08238343350342693,0.22683377731635507,47.5830161442591
6161,0.1841090428272438,0.04001411038705916,-0.3046583955040114,0.08594233404223676,0.2206110429288496,47.44053079169648
6162,0.16348919277256313,-0.0149210025726276,-0.34487243308550486,0.04823815895550697,0.32183425570673313,45.61140884086318
6163,0.1755440749694385,0.00797943590225089,-0.32530369523251146,0.06652939891055872,0.2705338339250076,46.24756731466345
6164,0.17874654536122758,-0.000796093563858676,-0.3537018598686378,0.0620712906033664,0.3021952777280725,45.305039021633526
6165,0.19130555136722013,0.012678660786133096,-0.3480528315980012,0.07797793059753945,0.2694914400672319,46.00365486550184
6166,0.1893473996461864,0.0177630069797669,-0.3422503378500887,0.08299712350519299,0.25756173790970843,46.45763510574051
6167,0.17772798612646296,0.00579892028649726,-0.35772467986530415,0.06793097126814059,0.2964406235486402,45.74853097997562
6168,0.1764827753850838,-0.001363491916418307,-0.3380749778509043,0.06600724459610258,0.2780996145714736,45.96663118397728
6169,0.17838662924225554,0.00564239174928078,-0.3219575536000427,0.0687629630122447,0.2641341785783676,45.469661083086386
6170,0.17298880019190266,-0.0015367575421686523,-0.2957307179876019,0.0659413490424254,0.24439283916546523,44.56933010281473
6171,0.15813562973926285,-0.022681706602157316,-0.29408804499691504,0.051177295484482965,0.2696105572573076,43.88781688774574
6172,0.16366240963357748,0.02179093724839349,-0.2838120857435405,0.09013214549714033,0.19891098525195638,46.98929298663348
6173,0.1767973822093514,0.05887289455566486,-0.3493909561145289,0.11208712127258995,0.21196744928839306,48.00572214730039
6174,0.18609828762673658,0.07980441619165031,-0.35002343605921654,0.13573992021193682,0.19054404094177135,49.356626691114926
6175,0.18552097410589835,0.06535878966871397,-0.35067655994706154,0.12435798358713879,0.2046291148457668,48.59101220533541
6176,0.18471920767097033,0.035523401638103295,-0.34584429465955835,0.09889178194770837,0.24111646970237444,47.0229440198648
6177,0.1762175926032237,0.024347097809929583,-0.34019735891853287,0.08990267114062502,0.25660618998080975,47.37179149017389
6178,0.17015190608993053,0.029577849926388435,-0.33512659282252855,0.09218877151725165,0.244784540577874,46.99745348475172
6179,0.1833962052441393,0.05940484328117681,-0.35690992795588034,0.11412540714742526,0.22672805443439484,48.15931856269877
6180,0.18170369479832643,0.06995860282915883,-0.35498570760480447,0.120598818718135,0.21581623695014188,49.61840248001656
6181,0.17975437806220898,0.0576196996374268,-0.3536026359568655,0.11134224949667627,0.22865175854683845,48.65759687751611
6182,0.17617262903387346,0.09602491394065601,-0.3550215820935494,0.13439481910309825,0.19274772211264804,49.576153208102745
6183,0.1801719600091932,0.08747986838572844,-0.34448326830528436,0.13463241614976185,0.18252592698446127,49.41271443721239
6184,0.18987652387916734,0.07842486783349654,-0.35052920307101004,0.12778338314225535,0.19808793279645973,49.12801566622525
6185,0.18646120047936846,0.08887414481343765,-0.3497149751447572,0.1334365413474993,0.1898194821404951,49.34893011405963
6186,0.1648299231248945,0.008781149259448477,-0.3171272708028084,0.07453932971088131,0.2633231267121874,45.8416720965741
6187,0.17689196783679823,0.04518270312829151,-0.30782792393566016,0.10653843627213734,0.19989599684610906,46.967904736905034
6188,0.17753050681672233,0.020098344747538445,-0.33023776146098704,0.08543739785493673,0.2538107538119939,46.620371461656646
6189,0.18385844691131473,0.09279371762081548,-0.35386203516147596,0.1355139977495985,0.19003515768783774,48.80532292318633
6190,0.18217412307034336,0.1238118615619241,-0.346542903882543,0.15448449363567432,0.15499552543876888,48.49201752188605
6191,0.1838634409466606,0.11759951010114741,-0.34746215898197697,0.15347638790251156,0.15979195508205213,48.709877506589336
6192,0.18199418725691993,0.06203006434476701,-0.3462332612247258,0.11421553857777877,0.2197473501884091,47.31600766220361
6193,0.16416810203274743,-0.05567017333879804,-0.3243394022680326,0.025680761610917778,0.3366886132539112,42.915115141962374
6194,0.15595065640116135,-3.0960544661694037e-06,-0.3494600687896833,0.06653759458852085,0.2990011808713251,43.97954518062403
6195,0.15823523314957316,-0.04630898708634833,-0.3531264533863734,0.025657311588756497,0.36369519788480154,44.605194576033476
6196,0.1644450022459396,-0.012119745764744798,-0.35825275880354174,0.055955337800407505,0.3231324224120175,45.73578136622306
6197,0.1639954380480752,0.01634628248070417,-0.33926775147921917,0.08466906121957489,0.2677855250217509,47.56120286595067
6198,0.15003166906378412,-0.053530422138537787,-0.2588626985710723,0.04242153787897749,0.27432498077464085,42.02236914997113
6199,0.18722095345804138,0.02680582030872872,-0.2855028499944536,0.10212845203995749,0.18809429869222222,44.59035171629924
6200,0.17747852612625659,0.06030317346038197,-0.36409914555616657,0.1169711794209427,0.23434397756170947,47.78867693932586
6201,0.1811441619618049,0.047989865380806865,-0.3152446529496551,0.11320348830535511,0.20036776125344047,47.82837439373563
6202,0.17133039142459283,0.029966886441193597,-0.34690757747711726,0.09318465937717388,0.26086825508863654,47.409923455771406
6203,0.17053343865658127,0.016551064859359407,-0.37324991095828014,0.07997757103199209,0.3075569037713096,46.439526359376906
6204,0.16413836750012162,-0.002356718436874053,-0.37224627141490935,0.0623793153645907,0.3317630876138902,45.80068345114364
6205,0.16132433377740416,-0.012315030938233124,-0.32976431289496494,0.062163688759205575,0.2943283464771459,44.42840333330464
6206,0.15859568511019273,0.03405315757241307,-0.28863106710133524,0.10428482730877468,0.19121511096444885,46.916521076229145
6207,0.18646932951545542,0.0397050316707696,-0.3554381892260111,0.09826636629032044,0.25148051989575376,47.548038718670284
6208,0.18473556230191548,0.01905075428838958,-0.332515218537312,0.08800722321791765,0.2480832210771158,46.968162127784204
6209,0.15403841106627683,-0.0239522487647134,-0.3627827453667045,0.04231626792463826,0.3521673364007756,47.10151223490978
6210,0.16818996979800355,0.05952435955463332,-0.37539341808246685,0.10566190403045185,0.26448291920954503,49.85901440561146
6211,0.16331071207326808,0.03850726608481285,-0.36289934629966397,0.09019508529273748,0.2806050868327489,49.42662185337842
6212,0.17874421487607706,0.052424599782720606,-0.3563473128407697,0.1025893026854941,0.2532084539819793,49.9583736646206
6213,0.16906188012374312,-0.01109854792493525,-0.3700242437398112,0.045419785242353565,0.3473832816034827,46.65588027396407
6214,0.1724569032579717,0.017301240758055,-0.3271706735208271,0.07738864375712273,0.25932327134714717,46.358691961636076
6215,0.17452609304670322,0.045341124709181245,-0.284415048585195,0.10451834125526493,0.17673873701893922,47.843774006480245
6216,0.1746247830061013,0.036907451052489645,-0.2802020447161827,0.09585323051664102,0.18722598203810684,47.35350873764176
6217,0.20196065556692147,0.07356844001394183,-0.29987297843704436,0.10664551666837893,0.1787712971593679,49.07621412039541
6218,0.18680120566771868,0.04023125828376501,-0.3505291986711101,0.08549274131645326,0.2603454308542578,47.51571099260202
6219,0.1936398418821268,0.0627254266576601,-0.34945180244635776,0.08221895192943408,0.2631896946538155,47.296832925271175
6220,0.17979510389517428,0.007700449267546923,-0.33728662705941304,0.06586790783268312,0.2860836212158636,45.25986746615783
6221,0.1871508771698005,0.01966858680668649,-0.3499180438597865,0.07992820364644329,0.2697340326342964,46.208312562690566
6222,0.1925829030932578,0.003222159849922762,-0.340771092261555,0.07116867782849352,0.27166608170568357,45.3225541135253
6223,0.16573931296293012,-0.009300764042868405,-0.3271209709312251,0.05690490772595701,0.28778374290201725,43.41961000431435
6224,0.16377326016139085,-0.034900457013630565,-0.3251367564680234,0.03835446003258376,0.3136470329679927,43.51356020484336
6225,0.16467052825044293,0.02008229603059126,-0.29548378205569265,0.08262047408954296,0.21866954237405117,44.90906445741455
6226,0.17088676555485013,0.056399233957176644,-0.2975969850337477,0.10875391211672973,0.1799394522831937,45.843142731179796
6227,0.16280829197955762,0.00353013483819949,-0.26501784643174986,0.0759686636704808,0.20299156404756863,45.713409936498735
6228,0.16131081879778505,0.0024693148988590716,-0.29546407537451386,0.0732473787642903,0.23262005078118128,44.41214999939716
6229,0.16571978504973994,0.022356488980053452,-0.3196860017853398,0.08616102882508156,0.23117800777791417,46.18027392433051
6230,0.18519819362896484,0.0560530572076274,-0.29849031775177537,0.10799105346473158,0.1787071505130135,46.86498343042006
6231,0.18839829960298093,0.089293360506578,-0.34488967197932047,0.1453000846857494,0.1695528092602962,49.74216866684079
6232,0.18927367005555246,0.05968112487338245,-0.35070864144290115,0.12239522038589994,0.20938160255781615,47.776348975781225
6233,0.18676721353113582,0.05626098160201962,-0.3410378344287243,0.11603404722196974,0.21172511096336136,48.86710624145589
6234,0.17955299512145984,0.03632333843256368,-0.3258103970978607,0.09956458235918804,0.2327698534949149,47.55771798683841
6235,0.16563297848889555,0.018275574945232857,-0.29780947084275255,0.08730478401012114,0.22418986611056843,46.11613479753199
6236,0.1828031473336425,0.0540447597515761,-0.34933007335150085,0.10820933821987265,0.23034026532487256,48.76177802010756
6237,0.17688430570442756,0.08357717229320465,-0.3421109941047797,0.13023246222142768,0.18973449025281647,49.03098394767228
6238,0.17791921889298445,0.07170245690454587,-0.34942883498450833,0.12232645984219226,0.20707382776670283,48.851647113399636
6239,0.17946248472157972,0.09305522908436933,-0.35158036438547124,0.1376800108456411,0.18478611734387818,50.34863502039061
6240,0.1806992878463841,0.061402072091440336,-0.3383831689063486,0.11530567978885914,0.207553813754382,49.04282174290697
6241,0.18891788592383377,0.09259460685707456,-0.34548913142253296,0.13662908291996378,0.17819053483455083,49.401623539273224
6242,0.1728920828777079,0.06912439040167205,-0.3431441446870111,0.11667764189027682,0.21564664431376643,47.13087741469459
6243,0.17223276569574503,0.026040662183570342,-0.3098514093022502,0.09115357326740531,0.2282798617889902,45.182137667375414
6244,0.16675167315778103,0.01971580781308173,-0.2873312208846322,0.08845196054563148,0.21596068533107224,45.35824359518631
6245,0.17709384475519482,0.07180574202143379,-0.34941515899816317,0.1219991188325741,0.2102647722472668,47.14521226511267
6246,0.171576492896788,0.09019600573167838,-0.3476161230006055,0.13281854058176293,0.19404006836062057,46.330231731670004
6247,0.1746455519869351,0.048939546445475164,-0.362191426305325,0.09976578858523609,0.2562181705536983,45.342160609684754
6248,0.16967017246095106,0.021641190457646887,-0.34376425983181963,0.08595586964312486,0.26442820960972946,45.224868471634565
6249,0.15476715788743875,-0.030272911807160997,-0.34832767020961125,0.04732759062962673,0.332118218839861,43.91443533219046
6250,0.16743816500589714,0.001159995929572755,-0.33595628236823544,0.07005391141252633,0.2821881987868825,46.46799938547337
6251,0.1813904152801167,0.05343213912880174,-0.3547432631847092,0.10945725189381851,0.23561005281996916,47.62978893985117
6252,0.16910437130566197,0.05513749224445968,-0.32380976134259937,0.11775177798164767,0.19470221737017623,48.115397317510826
6253,0.16276644113004599,0.01587187456689609,-0.3363027403638087,0.08269772333918754,0.2667720643996382,46.13457193571992
6254,0.15676082764232227,-0.04505496758839285,-0.3394569036240264,0.03290969267065641,0.35039229182283627,44.54847326569161
6255,0.15685292078395502,-0.07752937499291575,-0.33269044101066786,0.006629793285882312,0.387661337527346,43.96283585553796
6256,0.1795585819502931,-0.0008618078792691707,-0.356548118804814,0.0653968329296018,0.31337805870355034,45.253288150526586
6257,0.18041955142404628,0.027027834186871116,-0.3166986695951798,0.09405435016756317,0.23176178957958207,46.39372985226171
6258,0.20110026606747325,0.07066683212973995,-0.3374105335266869,0.12773735026393465,0.19580216097782635,48.3276146904344
6259,0.18237336901627507,0.02737361257916649,-0.3493054584586179,0.09454861803733794,0.2613331183883495,46.59828280677383
6260,0.1704909542364016,0.021102624306585147,-0.37152505020800464,0.08437149511769532,0.29806411968146135,45.43026611126075
6261,0.15455760444237818,-0.010302287168540912,-0.3780656633087311,0.05738090831188296,0.34468346094803215,44.327685574930975
6262,0.16261969242205593,0.03531299533619949,-0.3605497917478345,0.09475138930369402,0.27022160151235214,46.302393470178515
6263,0.1798351443071196,0.06129768776360593,-0.3635400519426713,0.11357925724214933,0.23767080132218563,48.52450726822531
6264,0.16093771214908054,0.010637358709198887,-0.36501046896866063,0.0704153649426311,0.31201072059989593,47.11044707675122
6265,0.16532801378231748,-0.012029861611615802,-0.3393888742223871,0.05696010203371097,0.31135409949161175,46.47646119841362
6266,0.1824967206255467,0.04411359468563359,-0.31501532992913406,0.10508365615393327,0.2117535356995981,49.92253604972145
6267,0.1745884472393052,0.04408416120042378,-0.3460808517547001,0.09907190685415673,0.24708677448459465,49.263398702561474
6268,0.15983822146293758,0.01277399198797093,-0.3706821440395575,0.067248962945767,0.3176634796021254,46.76401807707353
6269,0.16859322332846735,0.07952542688042888,-0.3790947374470606,0.11424809417833372,0.25149915078367585,49.11067375766327
6270,0.16533240907562807,0.07185813657233263,-0.3450907457472084,0.11110986083309797,0.22441544357531534,49.70812694180329
6271,0.18473813751527823,0.06357850353475464,-0.314395648149,0.10462125187788254,0.20222186742153203,48.14815648707147
6272,0.1995367519934621,0.059205822089417416,-0.30923666148379875,0.09626842162249677,0.20427620585500092,48.66036305841088
6273,0.1960936597918683,0.06510846634920926,-0.32783152281885036,0.10125741145108859,0.21467995272774562,47.562583085465036
6274,0.1973720785298839,0.0667749639105695,-0.3510866005002359,0.11175403867552268,0.2186813417177355,46.93368372752695
6275,0.16918125602749248,-0.01050411937153546,-0.35934274794969134,0.053074875713521964,0.32452736055155745,45.127765890618555
6276,0.1759650364989109,-0.008653314503183481,-0.3320798040651899,0.057003267320989696,0.2936629234213592,45.28460739220513
6277,0.16694859471909654,0.005524316676758477,-0.3277192227295904,0.06957313925625662,0.2724250856269203,46.08522358871358
6278,0.16633176219332568,-0.030451432121203287,-0.34921604589835636,0.03718385077993939,0.34064675039677716,43.69294665359137
6279,0.16578189082129657,-0.023838293596311826,-0.2987202854897618,0.053560779680393314,0.2683054325707927,42.52194945017844
6280,0.1597564392731693,-0.02666175619463239,-0.32418626463253275,0.04201559740122531,0.31192526149708405,42.822252512248845
6281,0.16494245172432187,0.04451877933290447,-0.31060669266425717,0.0986769053779697,0.20725611481412967,44.79678067682828
6282,0.16351445659532637,0.0016754952493717686,-0.2866219718322286,0.0724304705629197,0.2258330757951886,44.03789720572878
6283,0.16714600930245754,-0.025283081877988372,-0.28471879133491296,0.05179509003847304,0.25407422589423845,44.26975554506417
6284,0.17259984339187173,0.014197333831563677,-0.2933769227162432,0.0851756048673031,0.21177652555365858,44.745950720630475
6285,0.1669836229092241,-0.0035797513629740405,-0.3180591672363786,0.0637566213852597,0.26532892681341763,43.383810371114336
6286,0.15584164531354958,-0.03461382096369364,-0.3035187794901742,0.04041074506114824,0.29136404555468975,42.698215724027826
6287,0.162662088190149,-0.012447799722339607,-0.30875602078842357,0.05883154881621459,0.26774290444034676,44.38460449214405
6288,0.1762895048376393,-0.003324557724529515,-0.301305255068727,0.061559813270044346,0.266677607233799,45.692682201727045
6289,0.15770641885223008,0.029028669638225223,-0.22524463188289634,0.09299263903951345,0.16058901048052993,43.49702620714703
6290,0.1794620094388624,0.034759735901766085,-0.33595680428708186,0.09700391126058598,0.23592807956450673,48.5082649911616
6291,0.1805849793897929,0.0403088817743128,-0.3170262233224656,0.10272990242630736,0.21292484351459906,48.10603703065699
6292,0.17219055924907528,0.027504557631620994,-0.339815238321262,0.09006737285472975,0.25410127536932403,48.16024175667875
6293,0.1800312037232313,0.09334816392764293,-0.34761486087361004,0.13968645872662575,0.1785014423423884,50.72276953949269
6294,0.18268897033430462,0.07795738657062315,-0.3453966597847794,0.12634734134290054,0.19816417853254803,48.93133625237009
6295,0.17491792570101977,0.043741009737972694,-0.32011082568023347,0.10428883770131607,0.21508395558710722,48.26110148961573
6296,0.17261494661970722,0.0454054879792126,-0.2795996363205516,0.11079207710033989,0.17050852752147352,46.818547635331996
6297,0.17458194978739944,0.05484117641228344,-0.3442287257459405,0.10772494798776873,0.22854287120800446,48.08290370750011
6298,0.17738108171612554,0.03464093773170745,-0.35876549124110346,0.08464760203913924,0.27337698867685256,46.511541565555014
6299,0.17611752711591677,-0.021704287191547645,-0.363201798390018,0.040159302331918785,0.3433613658828469,45.008059709662064
6300,0.17069596403651166,0.08552764224266232,-0.34432748606018954,0.1269521416069453,0.20029462755297847,48.15732442123774
6301,0.18158922744215017,0.030303379640392685,-0.3559869771068643,0.08841446716757936,0.26874966866178096,46.15446032329411
6302,0.1661052908600993,-0.029177982853959988,-0.3483255282347838,0.041940470560328756,0.3294926874530753,43.90128410282034
6303,0.16816317425364416,-0.02095537098633757,-0.3432981251286915,0.05128981215245012,0.3130785923371924,43.84467700151168
6304,0.17217999963849168,-0.0073566136086519315,-0.34268757029363717,0.06350234987208013,0.291875297684298,44.10921485150298
6305,0.15399443873991403,-0.06465698870305768,-0.3842869045013616,0.008254753559605999,0.41123406586001676,43.57835155012588
6306,0.19067732987056293,0.05443788677535539,-0.35810976395172933,0.11468421464255041,0.22443654785284037,48.05003990117444
6307,0.18195544892872412,0.08893044578877186,-0.3468687164028448,0.14117860606433755,0.17969925460182332,49.5645055762697
6308,0.1787192548114189,0.07901507360447733,-0.3379244979545222,0.13522398544258732,0.181811820588659,47.715951168717794
6309,0.17752431354857465,-0.010226622929981896,-0.37259443656905095,0.06035570475080738,0.32630312353436974,45.46593108435014
6310,0.16568185270779823,-0.032469545865284936,-0.38772526366137894,0.037208944371949146,0.38047078529838274,44.820432558104606
6311,0.17304534114870831,-0.0026526370793808953,-0.3331194169290591,0.07225898981320669,0.2819173846703883,45.647516367541165
6312,0.16055929947645267,-0.0647402907317085,-0.3668437268802,0.013339565489776013,0.3981754871358275,44.92554825363912
6313,0.18015851810952718,0.009161596774515206,-0.361041965984201,0.0740444731236438,0.30474948863967904,46.232201407608024
6314,0.19007851352457858,0.048667609752182844,-0.3281258227730175,0.1161136876790689,0.2130317381530019,45.92025024621275
6315,0.19093078579087244,0.0460857459814917,-0.298923407052059,0.11629034949137038,0.18121019044389583,45.994541185898896
6316,0.16734942365691877,-0.03798815047743772,-0.3322235054586903,0.044863002529959096,0.32041112625427226,44.547533197827214
6317,0.156802798714456,-0.023680254565575248,-0.36047248936956916,0.051966003416375056,0.33614140437993606,44.31641766529248
6318,0.16840003094695752,0.01056647055071777,-0.346181645939402,0.07982615882501275,0.2785941690237412,45.61015627439317
6319,0.17052322800238695,0.06320813348841417,-0.36493045114536554,0.11281594677159033,0.2409814515789837,49.52476776062681
6320,0.1552518790368137,0.016156244098085207,-0.3500371030479039,0.07856139977738924,0.2863099077989861,47.43904238189244
6321,0.16233808679602024,-0.0042716897834587046,-0.31007550336678635,0.06817839900860542,0.2658090738465174,47.213446726862045
6322,0.164169100642999,0.007526645398155077,-0.3190639743611309,0.07639637006766743,0.2637585518776836,47.36824255172328
6323,0.1747536871370896,0.019258805899144527,-0.32228725656767926,0.08616956598020391,0.24544858720158902,47.199226081975404
6324,0.15658810505688137,0.02577399980178352,-0.37668955462728165,0.07428870011675553,0.31806065543684514,46.818616731382306
6325,0.1728678123502848,0.08223417797733551,-0.3719069617397586,0.11958215806606814,0.23607896835906442,49.90419799509558
6326,0.17247329917733775,0.08005046304742039,-0.356346059765147,0.1205272894271113,0.21935305867489502,50.55654966623449
6327,0.1699804922915858,0.037219356922465405,-0.2975252574399737,0.0938417104884284,0.20825227900319365,47.78140431161368
6328,0.18638995188855553,0.052658405858969325,-0.32350885595328444,0.10490897807253449,0.20955608479802132,47.83222210603028
6329,0.20036969966281404,0.07505040626984313,-0.32500331558589673,0.12260547539006922,0.1789960961430221,47.77660406248105
6330,0.19181122669385647,0.06430610105482369,-0.3258364028205208,0.11576219072739037,0.1913440191169974,46.99985904708992
6331,0.18843168938606986,0.0518394016893865,-0.33729893735155103,0.10657334278498509,0.21699978476164275,47.51568749738699
6332,0.19465569226683305,0.04684887995473627,-0.32997441664614013,0.10712419756382109,0.20635389365143297,47.54015576894361
6333,0.17274299540188687,-0.029352560559382058,-0.32013620558722766,0.04312179893529549,0.30177568170087515,44.110807781760634
6334,0.1762862713932458,0.0028302977648052264,-0.33273654142461184,0.06744935920412014,0.27513431193119847,45.30342711416814
6335,0.1683730713588386,-0.015179846406655415,-0.286387115195842,0.057075093802694404,0.25389308565427016,43.67523845694912
6336,0.17163322309185905,-0.0015862159607007646,-0.28775067417590117,0.06668808691890314,0.23666274495139825,44.07960663786085
6337,0.16485330226540884,-0.0048248983897512645,-0.29266577050614423,0.06453052644442078,0.24852537198724156,42.58473543340625
6338,0.1711865722975632,-0.012758730867904135,-0.3038160173748048,0.05584979234805354,0.26694808836153117,43.73227866434158
6339,0.1766046746742622,0.007480712624891406,-0.29750526220398976,0.07251590207003306,0.2345249909942381,44.38448727641418
6340,0.1706791396859936,-0.03994702119722526,-0.31081949457212366,0.03627681234150246,0.2999693226479221,41.80582023543439
6341,0.16855534319424523,0.01177155906004488,-0.31600939177060006,0.07667724920761497,0.2466250221397326,43.55761590116069
6342,0.1671081447477664,0.0015763872778411367,-0.3132081631476791,0.06554624951026823,0.259715780279658,43.20592056283294
6343,0.16071311111208725,-0.06025479986959202,-0.3106133404396266,0.0179116059468817,0.32999143323415225,41.97957792015978
6344,0.17416648139566637,0.01632169076975061,-0.31441282887431105,0.08101242362625088,0.236444610725401,44.16403945671638
6345,0.1670117471731844,0.03043001545934882,-0.29952613469739353,0.09096825888303196,0.21071634059693317,45.6204376404785
6346,0.15694310405699116,0.0008686097361450919,-0.24512024895233608,0.07145215998255368,0.2113082276704925,42.60066842844335
6347,0.1780386901961557,0.06394936389434892,-0.33342262981893533,0.12085233475445947,0.19531980010638042,50.47253269457315
6348,0.18024293005555228,0.04692660239547052,-0.3237831904238349,0.11294020207033748,0.19724623997814933,49.4604928884616
6349,0.18468118912619882,0.0797030921508885,-0.3378167497224217,0.1302878602372194,0.18481746421469375,48.762080410104964
6350,0.17382176724204854,-0.019991966707583877,-0.3452833473889474,0.04876150745920126,0.3154074708266042,46.467512330909926
6351,0.1800732037068034,0.06825146538956511,-0.3533204293835256,0.11974929372246117,0.21639073319976007,49.0348082395585
6352,0.18561452276458804,0.12735752135444925,-0.34862300366168525,0.16057314312341076,0.14755533934976373,50.08637034812844
6353,0.19090028314973265,0.10453524226293806,-0.3494580658349113,0.14381705584509413,0.17373184260894212,48.433562015275946
6354,0.16254847968258085,-0.0007642635569043013,-0.3599541774945806,0.059542674824438986,0.3187346114520588,44.667283663740626
6355,0.1547289892093861,-0.007487992682005655,-0.3304682398088224,0.05539049887447668,0.3070085637886686,45.143363239109085
6356,0.1742042376237736,0.03676287232394559,-0.3588358327837964,0.08964984817853004,0.26715577881614067,45.03385855853704
6357,0.16638566574026725,0.04460870560427636,-0.31420291473674133,0.10770798104710792,0.20435298341905128,44.7636137432694
6358,0.16712349316984904,0.011024183929366013,-0.3254162833952301,0.08239967502883605,0.2509585574563368,43.85868393382646
6359,0.18166754866866566,0.017241067657490512,-0.3569156333046667,0.0798600638687679,0.2804587578062139,46.10478757484296
6360,0.16250171750030457,-0.02484210527327226,-0.39953467971828033,0.03560876280971034,0.38842064029764023,45.85638441511652
6361,0.18541456230644138,0.021142210122697635,-0.36439817701108945,0.08511830925181608,0.27853977921199025,46.9582403111267
6362,0.1869349545766112,0.06431395476556874,-0.35644970712247,0.12074748286682509,0.21582430234247515,47.789943793090146
6363,0.1674720963944685,0.033829456372508455,-0.35797907408638874,0.09373833252102663,0.27027601915033506,46.61171509610893
6364,0.15951312792342073,-0.03317170350219334,-0.3505057613030019,0.043682447987961975,0.3386539678674223,44.45593205251293
6365,0.16266010231462866,-0.038901927625257245,-0.3727793756865284,0.03075836592259146,0.38341451899245177,44.535722144199966
6366,0.19630160223418966,0.03387568067353378,-0.33833004408051154,0.10288687220800692,0.23427712484995708,46.866785739977246
6367,0.17048187379286273,-0.002152953587480896,-0.34262802255062563,0.07183602332238295,0.28717468515570527,45.645493688792094
6368,0.1692785915502905,-0.01823594769471881,-0.3470940446347275,0.05160385064208732,0.32612901850587306,46.20757096307666
6369,0.20597180141096566,0.05866581579535019,-0.31904039363453013,0.12548352454429482,0.18408478177442436,47.35841322341294
6370,0.18414183005439655,0.020882704296281324,-0.2909978287086209,0.09863747620398633,0.20269118608567885,45.65175664530607
6371,0.1655853572832086,-0.0383699711031728,-0.3390908141034253,0.04226003870944059,0.3306098450954943,44.346083203837374
6372,0.16254083059848498,-0.015927544513498666,-0.3332245082259387,0.06284251829915831,0.29444401636015477,44.72703657810695
6373,0.17125002187758673,0.039047917981136555,-0.3414507455014386,0.10257033824070338,0.23505105143637514,48.2271845188389
6374,0.15666073091231963,0.034153369293092414,-0.322887448285273,0.0942864165569821,0.23624856047034123,48.603880723124405
6375,0.15308735944303944,0.031952480348628146,-0.29717714260182687,0.09103239040629199,0.21876056960610998,48.104903489351905
6376,0.1584718095141313,0.023356481100213936,-0.3070308131969408,0.08123117470873277,0.24215239610869993,48.158531071407765
6377,0.16148533591313752,0.019081270821328954,-0.3204586496914283,0.08406720205329142,0.24943035148859682,49.08428768682753
6378,0.1861364214471524,0.039877660242569266,-0.3369216992185496,0.10198467509517285,0.2304788944476028,48.610241788242966
6379,0.1702914578310187,0.06058621703524797,-0.3736071575432123,0.10733415653794282,0.2605179682706169,48.29617622111539
6380,0.18347237036200387,0.08972043592421687,-0.3632002891410998,0.1287374620663168,0.21092396700166174,50.182209880276986
6381,0.15776279370904628,0.048348603035249224,-0.35116116849611895,0.09809232299613485,0.253423207493353,48.876654816912875
6382,0.1803751382607872,0.05624402547859751,-0.3213613544426473,0.1104576548501708,0.20181954302673538,47.907462526235484
6383,0.17567898209304564,0.053304830762154094,-0.32230450557226414,0.1088660893749738,0.20267155240840606,47.13057937334875
6384,0.20416363251947958,0.09624012830903636,-0.3274816893163769,0.13058424281234554,0.16904366901928064,48.229721773647
6385,0.19379797018470152,0.057782250118104686,-0.336240448157356,0.09220514590792099,0.23379459813453235,48.69655721863997
6386,0.1853469929551386,0.061070572833103826,-0.3320513800833743,0.11033698650873502,0.20548457641689669,48.34759549649567
6387,0.1841886022611534,0.063742434721764,-0.3156761956953841,0.11774823222660495,0.17819451042479434,47.17367375184144
6388,0.1768646298477656,0.029259199334334546,-0.3112349913403689,0.09123236587739776,0.21549783636897465,45.80148186859166
6389,0.1699882415604747,0.0015680354295389152,-0.32237183229934147,0.06929963423969497,0.26442824543633675,43.932867646740895
6390,0.18075918647979614,0.017492577336972077,-0.2902978707636536,0.08303294614619565,0.21244278040882694,44.901630550201546
6391,0.17021459921693763,0.008565426750365646,-0.2697980514074306,0.0753485803829843,0.20867982018628425,44.883438166224124
6392,0.16174830879925656,-0.03280789316382383,-0.2962423133766413,0.04477180290018016,0.2812674898269455,42.34165499878963
6393,0.16525473920104694,-0.018940252287606592,-0.29239079720913935,0.053635718465900435,0.26184892384946423,43.39679711433198
6394,0.16718077718720126,-0.01635972254643768,-0.29364608241370677,0.056499443916464505,0.25818435555927766,42.847520371306494
6395,0.16921192859396617,-0.013066472726270068,-0.3011871250410396,0.057351668913325986,0.26207001180728645,42.79556930303986
6396,0.1703013712877412,-0.02770765431445165,-0.3262470915170781,0.04471044305812891,0.3005485314997118,41.89598066009369
6397,0.1772545385456821,0.027458048097169202,-0.31724880323952404,0.08909111351323182,0.22617503974698078,44.3013376048391
6398,0.17059537320331725,-0.0035263448321907506,-0.3112975970104483,0.06290173337525393,0.26459998029032006,42.91102933368329
6399,0.1540511800540445,-0.0901087651204195,-0.3027698497700897,-0.00547468860777082,0.3616718029557501,40.89538151933296
6400,0.1663228142510138,-0.0537047362963168,-0.31494719943679594,0.02200892046210996,0.3306024630037388,42.25381324015501
6401,0.17840974912676233,-0.04073570350778825,-0.33093230340843477,0.028376217968614503,0.3327290104884586,43.65705849809532
6402,0.18196556686619036,0.08534981559189392,-0.33571148307553983,0.1335965159490536,0.17669638320725,49.988956482922305
6403,0.17062725193477807,0.10331793237098796,-0.35387331061503013,0.14238281672958505,0.1825660513025078,48.63696819554918
6404,0.17927157657303658,0.10823074053707606,-0.34781421845356447,0.14958211279118747,0.16236403027573484,48.50060133167269
6405,0.18068363571779117,0.046620319318480326,-0.3428661357665732,0.10455663076672368,0.22827121001192502,45.93438613337937
6406,0.17244067539086871,0.011856157574156876,-0.347549261619074,0.07728939913560065,0.27679690723970396,44.714761370964
6407,0.17214874303696748,0.01863653272949259,-0.34573064546173676,0.07896371151950367,0.2778386728312375,44.91628463654128
6408,0.18002777436503048,-0.006946646702107611,-0.3667142686517209,0.051976854130227096,0.32404910750022414,44.771941824566085
6409,0.17723475959713184,-0.00537895667991705,-0.3401787210854013,0.06208536652286873,0.290139685764036,43.83774243249889
6410,0.1706607488098199,0.05785326812508097,-0.3608542860695203,0.10913127408224833,0.24156598180183633,46.70820440078004
6411,0.17484096674692082,0.07432166183216019,-0.3564122243710307,0.12543428205639606,0.21445148782818474,46.40773566908336
6412,0.17611996855745965,0.057175699172347084,-0.3787147384252863,0.10871993745510275,0.26225699814661513,47.26455276750291
6413,0.17571885452099933,0.04660830866358063,-0.36253569765101107,0.10262510362575451,0.2516304640056963,46.45889159890133
6414,0.1772887734507036,0.03363534865678552,-0.34420098595082543,0.09590699021573493,0.24849285726239612,46.57360397821594
6415,0.17633409283443896,0.03955066112375823,-0.3126572667627616,0.10533933541677848,0.20913443602940637,46.91022162272625
6416,0.1840537064505432,0.07903273928789599,-0.3574529786265976,0.13172113807375485,0.2049681052327594,48.47752847620043
6417,0.18916658995871627,0.09239102481535479,-0.3541750435120766,0.14423875070076708,0.18295703541369465,48.3666097652879
6418,0.20472770295074247,0.10244232526975604,-0.35761498872953096,0.1546969520583373,0.16724995280548782,49.403709897696054
6419,0.18967499497370666,0.06357287120014897,-0.3286619186709149,0.1259240844713543,0.19074796724940948,47.310452587453426
6420,0.18855673750332463,0.036887207640507895,-0.33002748722112873,0.10496864272228888,0.22554185745669816,46.51171638476935
6421,0.16332890746040613,-0.048129929417383935,-0.35969567311881123,0.02928933119962307,0.367792002343846,45.39295948102753
6422,0.18418288598651222,0.003102877608239984,-0.3161143268351721,0.08031979422569356,0.2499327620790806,45.860243301869694
6423,0.1644469676157224,-0.024982284966507763,-0.34956584493073845,0.051101671545982746,0.3297059305220445,44.580282416197534
6424,0.16313608774918067,-0.028628218132991577,-0.3291529545986539,0.051050959874443164,0.3100853329874977,44.29667767120342
6425,0.1614864893493007,0.029788729675815074,-0.2644424067877629,0.09902177744339924,0.17828755852634184,46.937118817671774
6426,0.15308586151387904,0.0411975057213923,-0.287369939523406,0.09753883755569102,0.20184049776911261,48.394210422888655
6427,0.1540808657465621,0.02713778684767781,-0.2929479819592351,0.08542052189660174,0.22347352992255184,47.905986838738436
6428,0.15077222711606558,0.015059954597631514,-0.2952604571182972,0.07640200606211858,0.2397721308344086,47.7968128517448
6429,0.1714030243027523,0.021553598941212962,-0.32736714066704986,0.08674930999746949,0.24877036847916031,48.463806502017775
6430,0.17145665684876477,-0.05082024207428444,-0.23186329566392122,0.04508385644228412,0.2378426070839551,45.3753554058952
6431,0.16747795785547404,-0.016272642932302156,-0.23051088292184438,0.07125826185979207,0.2012920438885174,46.62174344536967
6432,0.16800106288110356,0.025395650183246965,-0.2980152401312339,0.09045962527426527,0.22316483663945466,46.73340609058233
6433,0.17078771694756364,0.0499320438509015,-0.33430078573654626,0.10507377995144247,0.22266015491474225,49.02991273528899
6434,0.18239954394935043,0.06207997568283492,-0.3600632496583773,0.11212162020847674,0.23170421338345223,48.606075381921194
6435,0.17693490425022734,0.03558051359426358,-0.32604696779096143,0.09504462020139307,0.22790327505801172,47.06846370015271
6436,0.182730477791712,0.03691302359920735,-0.3282912225904928,0.0825705011612484,0.2466019354328624,48.333458031886536
6437,0.1842997506694898,0.047359035039690314,-0.2836414146873051,0.09867021859653372,0.1833055481304153,48.004074487674345
6438,0.19112583468386493,0.07528095384924714,-0.3173688078773626,0.11801838950132344,0.1811161740939401,47.79486940516723
6439,0.18462035577911742,0.07284858102288862,-0.32412913363491785,0.12490205033302955,0.17649634672400705,47.96064321631994
6440,0.18822547747233662,0.0643495359615809,-0.30794410342697265,0.12005568463428819,0.16764388301564717,48.09768035752467
6441,0.17565729033053554,0.024703359367679537,-0.3055516250705904,0.08880119347979014,0.21632754398512336,44.856609790662375
6442,0.1739744675026722,0.005908101049957522,-0.3109323576204587,0.07339297094851577,0.2449148727459499,44.648166130758014
6443,0.16136595632596923,-0.028389553591442702,-0.28748589872854347,0.04898556133741143,0.26979961311425177,41.99895929755891
6444,0.16331043731946993,-0.02752481668435153,-0.28319068226427613,0.04923503282516008,0.2661965480526191,42.98628505065847
6445,0.17194064097882883,-0.011617946964421312,-0.3121995548110089,0.06106999676872417,0.2670142886259102,43.17963783174968
6446,0.16686776936297743,-0.04521180641335148,-0.3181424129542751,0.0316920419751616,0.3140725314119303,41.75003259197655
6447,0.16288910571143153,-0.04883987238965604,-0.3185613064012213,0.029944415498267925,0.3182570048178232,40.78946604053081
6448,0.16071324220045094,-0.04101245649847035,-0.30078429229829007,0.035924705710453184,0.2964448541754814,41.61119667514285
6449,0.17212639838852578,-0.06190540242318269,-0.2966256579545147,0.018476714471192864,0.3119777490773557,41.87971542221757
6450,0.16540668361272257,-0.10957936671115662,-0.3233621372228828,-0.023736728012122007,0.40045840070077826,39.4155231173956
6451,0.16372322859853622,-0.06757369250751609,-0.3367488122549709,0.009882056948483512,0.36249268600283513,41.82163147305019
6452,0.16438154867657628,-0.08825072161884723,-0.32780979372858077,-0.008392817053819359,0.37982118454358565,41.66419056606564
6453,0.1751528497821563,-0.038071850533525624,-0.3401101634534627,0.031625973782878035,0.33497565397333845,44.00054929317386
6454,0.18853607336036077,0.09906253365198796,-0.34189385527134525,0.1472524637822158,0.16027855460096516,50.550878783369534
6455,0.17566054022202443,0.10656644767952443,-0.35275686426580893,0.14997191420761435,0.1703515569852835,48.673953438410216
6456,0.1688174352640693,0.0742680003205363,-0.35273879185079715,0.1249726111110639,0.2076388107561961,46.152763548151135
6457,0.1766053996830056,0.06564796878426783,-0.3441162360222129,0.11781923018831232,0.2121322704809882,46.782356447911454
6458,0.17258624409412848,0.0037069673186627774,-0.3052930654034192,0.07483218232626236,0.2496613607347103,45.77934374542843
6459,0.18589047836756167,0.00777149240481185,-0.368097702280971,0.0664312932204316,0.30160939805743825,45.25321590076957
6460,0.1773438165981624,0.09642833377124875,-0.35998227908251645,0.14225375827549003,0.18879990792538606,47.2028666283574
6461,0.1691472940815904,0.009261490044561798,-0.34471676864408296,0.07285965015597129,0.2842481162102101,44.81941088746182
6462,0.16638043072078842,0.023245419434920204,-0.3780268296926936,0.0810616281972552,0.29983943794879875,45.94257752067752
6463,0.18181651569934235,0.11770990965819061,-0.36452797643512347,0.15978987915546694,0.16632680080159595,46.96224855898822
6464,0.17420927670744527,0.07310281092971832,-0.34728782327725155,0.12338556877123666,0.2106500915615136,46.96428266019979
6465,0.17673126638363731,0.0510736554092609,-0.3380128056059032,0.10997311437913153,0.22584763292649873,46.842557850949675
6466,0.18151503304818217,0.09394872875042874,-0.34908827695519734,0.14218528228240015,0.1838345836900388,48.896598743647424
6467,0.18672814330189122,0.11041968113296459,-0.34435824468218507,0.15478896222586058,0.15812236576881614,49.70122335424182
6468,0.18214272909813584,0.12806737339674365,-0.34558969944940765,0.16641835039730862,0.14306373862790547,49.42956335187268
6469,0.17473569019203972,0.09042517107751856,-0.34623176536711187,0.14242491259988307,0.180766013214106,48.6830876772926
6470,0.18852226280948584,0.09080384124471974,-0.33446016653366917,0.1418053646561092,0.17086392576148834,48.61421126164233
6471,0.1856699868027685,0.03845934721388252,-0.32384276782455884,0.10571779898747416,0.21998056004118058,46.86629881333762
6472,0.17659191100094146,0.020716841630360357,-0.34005020182079554,0.08896657376568626,0.26249854882139745,46.29561184811862
6473,0.16754745063097196,-0.008463836200150716,-0.34777612131423097,0.06319274788326239,0.3081048985948356,45.46828214764659
6474,0.1498033992010683,-0.04224599389949442,-0.3571027024257773,0.02321791897321384,0.3747405143949246,44.35086954888331
6475,0.15292801784897728,0.022106713993407526,-0.3088690546309562,0.08333143745335972,0.2416061348467904,47.160043363578005
6476,0.15676133396894873,0.04510875789086319,-0.2819793706688222,0.10081469664364368,0.18955340694263623,48.204468173977716
6477,0.15262192600004557,0.03158327631961157,-0.3009043056405365,0.08749161093455492,0.22530316877702236,47.80579574036136
6478,0.15518084210720035,-0.048521821501158996,-0.340888679519625,0.0274965638280276,0.3551210438831526,45.04813002326909
6479,0.18221030411444744,0.02280532392651413,-0.34779461683146257,0.08676861043422866,0.26507912364226266,47.70209176146392
6480,0.1761355501923955,-0.002505852093363681,-0.2897264467147563,0.07485424531372513,0.2354600260705457,45.42873661642324
6481,0.16203683345787467,-0.028460770154781677,-0.27363384433031845,0.05227181715847478,0.2502381716595393,44.49757453938658
6482,0.17855597013655475,0.020584511268531423,-0.3230592798886016,0.08455536574556974,0.24439005906320938,46.740962417003274
6483,0.155462260804517,0.00027967376921589766,-0.31133952865153824,0.06935322616339634,0.26236388171560443,46.76522498439308
6484,0.15182818236000464,0.07925239653841944,-0.3683764611511246,0.11933495019804966,0.23147290086763025,50.7511599383255
6485,0.17212721963364877,0.019026698486677297,-0.3567370689196154,0.07888266042536601,0.2824971622771059,46.514043776838164
6486,0.1817637308193626,0.0205677877980706,-0.34351594872275965,0.07926236333437502,0.2691890681968493,45.83868388301053
6487,0.17715617214348423,0.04780768018100526,-0.32038833565683433,0.103620605595866,0.21008260278934074,46.94404527371081
6488,0.1861671312821616,0.06891682803993698,-0.30992677588327205,0.12109978744732669,0.1687533098705597,47.72295647067435
6489,0.18719433879095826,0.0917171244317681,-0.3202587958170458,0.1369253408561785,0.1530458932660534,48.192566172025295
6490,0.1940091575288093,0.08920734982445026,-0.31444090460241286,0.1363225123744232,0.147533161283714,48.00553102703716
6491,0.18594514802905007,0.06228347340643282,-0.3087358824108486,0.11539100671405005,0.1764645188094878,45.587969826996314
6492,0.187441088144788,0.0443044182762506,-0.3234462837702986,0.10237288303970449,0.20836920475348866,45.869403676872864
6493,0.1787742526249847,0.02317603552856974,-0.30105731955755044,0.08832966712996076,0.21368540557513394,43.80749184491546
6494,0.1646712521704855,-0.024399881176296535,-0.29538250887744205,0.051502772447625904,0.27150461424586525,42.59154520054451
6495,0.1767365768593622,0.02125949114353989,-0.29980064282315916,0.08549063532925602,0.21767513390263823,44.26805213354486
6496,0.16708652958477063,-0.041934503830130816,-0.33089954837176744,0.0327024804911683,0.3210788039318636,42.18100772258871
6497,0.1710827180812047,-0.03308285974244944,-0.3268777857450425,0.039671919281921916,0.30558257111775056,41.25582205048516
6498,0.16909968624345126,-0.03555788816229817,-0.32730655723301816,0.037488863251247645,0.3137470395224884,41.14113382288962
6499,0.1688534289423039,-0.056262292970520364,-0.3401767024912692,0.01785647078881615,0.35493208330403136,41.22145073192495
6500,0.16922752582884484,-0.008845041725918538,-0.342042680654681,0.05693996234411312,0.29222050267456684,41.816946311423145
6501,0.16722602294385946,-0.06598947581188011,-0.3419626936214511,0.008250043791228802,0.37009591340938686,41.521082497338696
6502,0.17005462713512445,-0.06030010175146485,-0.3364099915952867,0.011947805142297015,0.36154218324442944,42.62914273976593
6503,0.17732906144479937,-0.029035095178219342,-0.3196972311275515,0.03971174298590406,0.3107769869346071,44.80657646675415
6504,0.178406527751457,0.10918734932482589,-0.3423893176661809,0.1483529109829622,0.1628918177986644,49.09642831956872
6505,0.1755873397080901,0.07221589499206182,-0.3536472403546506,0.1244545890463674,0.21020838821872065,45.927318635094245
6506,0.17598338896619165,0.031161290612185956,-0.3553686367910547,0.09191272581164366,0.26217236433621893,45.37204098436574
6507,0.1784743580441748,0.07467463209843483,-0.3573781943118212,0.12871771933085757,0.20607938850061766,47.754662159282546
6508,0.17221780398244854,0.06647525551945235,-0.3598091437271749,0.12249581939141307,0.2179764640573606,45.745475015912405
6509,0.14680762588268073,-0.06807220822177298,-0.3485521921144428,0.0118719740107126,0.39150369292336357,43.0380973275677
6510,0.18063637952933953,0.11314732837209171,-0.3458443383476725,0.15304730238820383,0.1635236050130603,48.76427043094737
6511,0.17452216750768001,0.05743235620299352,-0.35161573430469745,0.10983995713205966,0.23318232070812234,47.5444411768644
6512,0.17813155140206804,0.12496194164406405,-0.34771326135452124,0.1603367597786878,0.1559517516501461,49.808400990456185
6513,0.1690793575159502,0.1091992835206276,-0.3380713314252798,0.1504093205579371,0.16359444404693754,49.51172614118166
6514,0.1682982243393892,0.11450076196858339,-0.34830577275671065,0.15398540540442,0.1634508900399273,49.04313187479497
6515,0.16184135056214077,0.08118941463532085,-0.3456877627555042,0.1293029406230635,0.20409415835020273,46.84554582282095
6516,0.18201259056855704,0.09261235202704744,-0.3429627995911566,0.1397098268233892,0.18124787232023007,48.147214453150845
6517,0.18787756302474773,0.05681660617424301,-0.29557622745977163,0.12253824213646163,0.16683130509811886,46.581889711922486
6518,0.17455904866724342,0.03848844010766224,-0.28296546787551763,0.10755672909135461,0.1797309282611855,45.978425154720455
6519,0.17090736297483206,-0.010867944065933003,-0.3296453322124709,0.054711190798775976,0.29577119716460987,45.166750637174175
6520,0.18714521072683593,0.018131118882238464,-0.3393940832697707,0.07468685382386114,0.2658742716638004,47.2166172879374
6521,0.1822415526472036,0.025084230532508217,-0.33969190565998986,0.0891604544800729,0.2558830157726299,47.42486585122377
6522,0.16111244073822326,-0.01469694908328316,-0.31658652641362667,0.057843553461894626,0.28355241039702783,46.13872190992221
6523,0.15194719409787957,-0.013325215750385188,-0.30528236496579153,0.05899229052450216,0.2758589345044517,46.039721383326516
6524,0.15153631262369732,-0.0641206592190394,-0.323910041339595,0.014496369114264817,0.3597607531777645,44.77258196639864
6525,0.17686260623894476,0.0191436356704898,-0.33939775692902224,0.08388054199599763,0.2641377955788347,47.249199708433146
6526,0.17816666515118149,0.04288759983048451,-0.32845042142546926,0.0997761265290419,0.22809009942023792,47.21115971589866
6527,0.1894142623299922,0.037823285154491355,-0.33271175675117115,0.08286604823360585,0.25167421708610066,46.37115551333887
6528,0.1913788633829559,0.04653641494498731,-0.30511543722977663,0.09754408328037774,0.20614333397272497,46.606172436547624
6529,0.1748486441252555,-0.014180164137727626,-0.32074267131731016,0.05874418408141971,0.2795968566993795,44.59275015770478
6530,0.18163184617447198,0.004481574578852783,-0.3439548164498955,0.07522003428470153,0.27103118851665525,44.47344412797258
6531,0.1732113097837815,-0.0037246706166766687,-0.3408651920149937,0.06276590220384973,0.29414409958676274,45.152159168274736
6532,0.19023495706004245,0.08019053242021536,-0.32098912798743456,0.1291777922451945,0.1636129288923417,47.93632219619997
6533,0.1821312279016994,0.05524543368577764,-0.311247753668645,0.1075893474938549,0.1908378817704359,46.30227264566818
6534,0.1670105035958765,-0.001956168514797592,-0.276915184380125,0.0674221431732375,0.22914190101409115,45.47252611725093
6535,0.1790550348791347,0.03643635690976942,-0.31558104515569285,0.09814207033675786,0.21168833806980578,44.1523003780468
6536,0.171084551625279,-0.020947418481136945,-0.3004723067393983,0.05306675929636163,0.26947816583392525,42.51078349809234
6537,0.16882584246107118,-0.01966643131733941,-0.2914117240657704,0.055108738060615,0.2592940440126695,43.18515192069264
6538,0.16742884739388217,-0.0848837144436197,-0.3237679918892995,-0.0017703529156403758,0.36883000859840004,41.131479875587786
6539,0.17105249368000594,-0.050750016942543066,-0.3152594367146722,0.02599940667867184,0.3219836322414146,40.84776745723219
6540,0.16179251953336687,-0.020476815111198317,-0.30086876352341557,0.05221751821393203,0.2738409631098006,41.06108254557177
6541,0.1649622425745345,-0.04674678609468532,-0.3184716136069671,0.028131203466042583,0.3241660718044013,41.1545707795396
6542,0.17776903439382083,-0.027000040892858585,-0.31892624238284095,0.044306938543536324,0.29270119172298403,41.72182974140764
6543,0.16579865624860193,-0.0646362004824735,-0.31827930604441534,0.01470376983307209,0.3422644636334902,40.974840102810916
6544,0.16015998871825138,-0.08343060012067043,-0.31596874302378863,-0.0030563618931496047,0.36771106360803774,40.947747491811334
6545,0.1716278940839373,0.0883094151995208,-0.3369853355371133,0.13825221168205828,0.18030117826235437,48.088350019924
6546,0.16500957110854667,0.06973961369671249,-0.332072318338358,0.12331465935971639,0.19848129307882703,46.96122531985965
6547,0.17112041539294212,0.08672846522709873,-0.3410434330443469,0.13543763011536872,0.18850978695362158,46.956334514894834
6548,0.17594029371066355,0.11841793728833953,-0.34807577858011474,0.1545504879947519,0.16317709726213114,50.50326109889312
6549,0.1683551151574525,0.10909556412549874,-0.34767921590489803,0.14972868823748633,0.17048302990106085,49.639466013816644
6550,0.1702522145261849,0.09594638196681385,-0.34303983698057094,0.14133401740212803,0.1807521572590123,48.66757198374015
6551,0.17811985906979036,0.05126163168806806,-0.2877303382521703,0.11932092381111627,0.16505065657061374,46.24756769448692
6552,0.17023117396967488,0.040901269650948244,-0.2480778785129376,0.11486902325295842,0.138747164575838,46.38904777602104
6553,0.16347261219569145,0.015700111915946884,-0.27766719807791124,0.09036548347190487,0.20465179972185224,46.04154514457468
6554,0.16303923987325747,0.021027636129334448,-0.26683836190257854,0.09447209892679513,0.18720030065985716,46.12322730731164
6555,0.1734080967760904,0.018061081529760933,-0.3045509634874924,0.08704437261227291,0.2280793527232885,46.44743348937603
6556,0.15212244981576034,-0.06321431478658236,-0.31298442831413875,0.021692150730458153,0.3420821566751943,44.312014023931845
6557,0.17235818591416324,0.02137425205967067,-0.36543831147663797,0.07973353151336393,0.29593125384280905,47.609362092194566
6558,0.16385768063734796,-0.035431695543781075,-0.36323566387444906,0.03590830417662506,0.36083766679270446,45.380674418774376
6559,0.18314765526273363,-0.012871589187046095,-0.29498791427157445,0.06218050518054949,0.25598608278550483,45.32677866588919
6560,0.19029756932346195,0.017662444229878074,-0.263852399253534,0.08955020377309292,0.18631723784417775,45.531873302513404
6561,0.18365048416092272,-0.0042979350844925,-0.2874721647274122,0.06761472780106657,0.24012446744479707,44.750978477927326
6562,0.17208630574520728,0.005846036225272074,-0.29118959987153686,0.06957274708440409,0.2410026449304547,45.833106088456965
6563,0.18168834368856626,-0.012795832331455313,-0.3347883500671987,0.05937451989615373,0.29000184587509104,44.838030657198246
6564,0.17622598895209945,0.004648005267902742,-0.33467021796161883,0.07159474246273534,0.2721896893577295,44.49770843431621
6565,0.17652055598442346,0.03621751990362196,-0.3348255330454048,0.0953829177315268,0.23722067161991178,46.20422929785714
6566,0.18978587506816463,0.1000573313626627,-0.31385887835926196,0.14015685823410154,0.14281043986692038,48.394883847368696
6567,0.18501328665314254,0.07918930699375494,-0.31754477331520986,0.12664425228481405,0.16777575219037985,46.58156003260566
6568,0.17525883293065161,0.04755271379890122,-0.31126077749366143,0.10487014025172228,0.19840007039503796,45.70995845739999
6569,0.19510053887554618,0.08139600144607971,-0.33111679978322217,0.13232111562698923,0.17001675146606832,45.75863890004217
6570,0.1773537738043666,-0.012032415052912868,-0.3224586570495388,0.05600400360160769,0.2827106888144521,43.30830115219671
6571,0.1702699687372056,-0.0014145567370841801,-0.27093636815618877,0.07146086016493164,0.21759854652685645,44.0505322110648
6572,0.17232459713294715,-0.026251412307431207,-0.293643117882214,0.048988129224705246,0.27042113206001245,42.366494069565846
6573,0.1688157206159634,-0.05322825488033225,-0.2884765413298551,0.030241992917481825,0.2970729256473251,41.28959041149372
6574,0.17686668054936347,-0.051148962311645514,-0.32057279002180084,0.026821347646528895,0.32620860820909003,41.323358403561414
6575,0.1645204485705431,-0.046853109566315186,-0.3153296468261913,0.028429611226123877,0.31947797073526824,41.86027143045466
6576,0.16727758796048353,-0.057790246582912826,-0.34193885217672276,0.01545442216375407,0.3637672244375439,41.819542840858944
6577,0.17118995842803428,-0.05546330567736905,-0.3269114786255949,0.020515744026698833,0.34084416570084014,41.90593135697896
6578,0.1483378665480099,-0.020036791226170223,-0.21581794357776954,0.05745010304319895,0.20917740354099082,42.2638657096752
6579,0.17918728781614185,0.09257376289710162,-0.35586428865239933,0.142268914295164,0.1870788435587743,47.18056732068625
6580,0.1701674973460214,0.06927484673242443,-0.33960784826919466,0.12333434748994968,0.20792109410055226,46.232369548203344
6581,0.16832096223365844,0.035170923112521874,-0.34527942038660625,0.09507038470244208,0.25840959098582433,44.92823727138325
6582,0.16773377994680272,0.04623078652801711,-0.34018213060810887,0.10501074664888663,0.23814369239876562,46.28112284505697
6583,0.17968395156840877,0.04455636570642253,-0.3514266317230751,0.10518381205660801,0.24065540655375262,46.82429414352837
6584,0.1842394601838108,0.04783473764973331,-0.34164289840454104,0.10869889892585356,0.22706349904412856,47.00921489995245
6585,0.17628732701798996,0.036793757445017956,-0.31520218042263026,0.10447341101051894,0.21466023344579324,46.6254100884217
6586,0.1699525674546679,0.0388017465465033,-0.25029930160812724,0.11199616372461613,0.14638163979844682,46.71817844107598
6587,0.16372347602886048,0.014795755206237975,-0.2752744287402965,0.08997596914573622,0.20200023413747034,46.18785493878804
6588,0.17083860223168398,0.026665555736699938,-0.2756178937869642,0.09763015256782051,0.18904842565248217,46.34980779277435
6589,0.17628525133057446,0.020157351890104425,-0.3224049795003165,0.08653500925152255,0.24640969441128063,47.50022113849115
6590,0.17563069610731222,0.012146960783298043,-0.3290463972343725,0.0802875864944277,0.26166701860902136,47.842496018809285
6591,0.17214219574522524,-0.004024123633280923,-0.341026914834218,0.0650699086453224,0.2957310305857335,46.01074514585323
6592,0.1767729229979609,-0.0057272975728483565,-0.3397560649864136,0.06330796473096613,0.29529013897865036,45.59404743809619
6593,0.19337491619580482,0.008965574181994836,-0.2592804743254149,0.08686400262599199,0.18643549175096769,44.10724657677416
6594,0.20069260876074949,0.021596345825644805,-0.26121071468453483,0.09447880031338089,0.1753616490616788,44.48880286018177
6595,0.16665055807854218,-0.0686814706232475,-0.3379523456489791,0.0005460650816217389,0.39472416278362177,43.13164994943343
6596,0.17973543851567933,0.02119917202319022,-0.3268837397217606,0.08180432337528382,0.2500698185128812,46.267816593520564
6597,0.18140867301126093,-0.0034537851860548994,-0.3272794284344426,0.06763776940151524,0.26910627637793355,44.3800462507673
6598,0.18651610739999117,0.04993171157153799,-0.32460879872237697,0.10831536476767835,0.2060224163144478,46.21435398599307
6599,0.18722549657355733,0.07694262836613219,-0.31516455906516855,0.1254364005130657,0.1693923927059714,47.70408775599992
6600,0.18875617358458607,0.09371471865939396,-0.32888263078898644,0.13814769605242844,0.1597173858083735,47.3488933579071
6601,0.1924071941202935,0.09209829530050082,-0.32383285713911,0.1357274125871908,0.15854356555393018,47.521294196123975
6602,0.19744998087280977,0.07263408080910556,-0.3367945533825305,0.12319101860108155,0.18916447735965652,45.64254984724489
6603,0.16264430699876947,-0.0034782038520175243,-0.2969910805703568,0.06931955909258385,0.24617974047547694,41.67740409732454
6604,0.1668291891099791,-0.02419305991002964,-0.30629562211177547,0.050761743786862,0.2793222793417923,42.086571181323144
6605,0.16779127413080225,-0.057958554598763395,-0.30106549658275916,0.02475601705249587,0.31662534681715415,40.83772321995063
6606,0.17076080507901586,-0.049215867062729145,-0.3134493152370481,0.030150178370438905,0.31745357900246945,41.770406590837304
6607,0.17052666804168748,-0.09233837628638952,-0.32192643263146564,-0.008896009068709519,0.376026165837598,39.975911837563615
6608,0.1651524653552999,-0.09218137849302752,-0.3161901541943894,-0.006493482962286291,0.37087160654026013,40.823058231581065
6609,0.16819826778602917,-0.06719140899263037,-0.32146754240918857,0.010375434136584222,0.34900267782356,42.59835847358555
6610,0.1232727894369112,-0.06741663899619062,-0.12891939702197439,0.027784405873852492,0.18930089143359574,40.14279572625835
6611,0.15600963363235823,-0.020293296526923122,-0.2705079647882216,0.05138356970040883,0.2629570863410045,43.89782323186336
6612,0.18399016665726672,0.02700427458841451,-0.3551500664566939,0.0912556020631311,0.2634942085956548,45.46319843672796
6613,0.18892058697727293,0.02379568360605763,-0.335832776213865,0.0917969350645248,0.2501348747647938,45.91539718169924
6614,0.17325228502244677,-0.015324605257475412,-0.3331895726757596,0.05800418459349092,0.3003550822185373,45.63407581743549
6615,0.1830448917498222,0.026697649401767293,-0.32173304088193627,0.09719651474390113,0.22916285399255326,45.9881060664774
6616,0.1800581894928211,0.0065034105205264295,-0.3249947876775136,0.0789064339007859,0.26113694766304507,46.343483878800555
6617,0.1691610835992614,0.03300449366898763,-0.26424324090633755,0.10388043443533791,0.1702512307517558,46.462060467558274
6618,0.16824593642326044,0.030681493631044242,-0.2592098717726083,0.10347977011945367,0.16638064707750685,46.74960904874086
6619,0.15980646062706402,0.00792603882371315,-0.2824501938181069,0.08375271835868829,0.21945348987745125,45.88806731814962
6620,0.16416857321609543,0.041662716908712545,-0.24710657870169545,0.11140907029183225,0.143615802957861,46.70789643623929
6621,0.1714902687092058,0.03379379265448942,-0.27836127845404807,0.10242981310163944,0.18339870352855395,47.12112202306997
6622,0.16171764922561097,-0.019129894536906004,-0.29640563209400655,0.05854324090712256,0.26991540942801007,46.298004592343744
6623,0.1720452904611658,0.017864521831479314,-0.3163446191757813,0.08675341143686359,0.23959715679739646,47.173484963017785
6624,0.20866678617068907,0.046446547714485656,-0.2816058813443324,0.10902666585287875,0.1674549382569086,47.05322424584099
6625,0.19929212478458658,0.01090695329009516,-0.26562973942952545,0.0834571624647645,0.1958844850031689,45.421960314463504
6626,0.19517670558965655,0.024859532805493235,-0.22463097958260342,0.09946252257602087,0.1352948629763282,43.957649102262344
6627,0.14532300766430079,-0.07621614176272282,-0.33006477411808793,-0.003930083659255864,0.40727554859399717,41.66179507867123
6628,0.1662963995448691,0.010977654924884598,-0.326269324313349,0.07696363297371045,0.26253735661667216,46.26621634802493
6629,0.17380061576164152,0.024851532345305283,-0.2721482478837426,0.0926340123979256,0.18679852389765572,46.41366025609293
6630,0.17905539993381256,0.03623397117732091,-0.31889221708319687,0.0953523460772805,0.2212823411667972,46.72915050601189
6631,0.18432179807928717,0.06950040697684173,-0.3141515288241274,0.11941598208991028,0.17948337222606228,46.994157059421795
6632,0.18574778694354613,0.08668972111350673,-0.3210535202658584,0.13324423351444314,0.16340764786010725,47.129160347547945
6633,0.19104742726123808,0.06630570776164044,-0.3312505457691849,0.11925922073429605,0.1904924365264812,45.27133694988298
6634,0.16514064692739075,-0.046869325051583734,-0.30991595988507836,0.030611389205628916,0.3137029129916515,40.480574420620115
6635,0.16592920041064857,-0.04729115989380117,-0.316124145703379,0.032263838858308184,0.31813579200480574,40.76344269647123
6636,0.17080370421041988,-0.08589131531570998,-0.31193262786466674,-0.0014637464610750706,0.36342246378523335,39.94427381349042
6637,0.17020062209824535,-0.058470130657492306,-0.3161465024368435,0.023432230432468552,0.32558781234764556,40.88057576306267
6638,0.16932551965287815,-0.06839400957678553,-0.327993200450618,0.011576679266880417,0.3535721998204315,40.587524201534734
6639,0.1604187823081719,-0.044276077638879405,-0.3156138759773544,0.03155598698739746,0.3168258552903665,41.67078852552607
6640,0.1604284463256017,-0.096836638375544,-0.31402790978227374,-0.011806333807865601,0.37454299974321265,41.435721644923085
6641,0.13688104345057583,-0.029052110873356764,-0.14703620028145697,0.05383039815074214,0.1660826287379883,42.22463247519559
6642,0.1714397690157818,0.013818517468626992,-0.32161230071207275,0.07431292880604352,0.2648086305143007,45.97574997323616
6643,0.1950092216558721,0.05360013008582924,-0.341527112336197,0.11487379543371812,0.21921670310325211,47.772735500495635
6644,0.20092327946627447,0.04988905658118466,-0.3372353453943505,0.11400182115789634,0.21422212175161381,46.942803416301516
6645,0.2034850311048939,0.08006790133950434,-0.33632417301300926,0.13631810021994567,0.17508893647388213,48.00709909570947
6646,0.18100947143701837,0.06483527412731693,-0.33281300978621386,0.12236497450732517,0.19482553714170353,47.101335296049434
6647,0.1804908505632756,0.07099636731799527,-0.3410776806734602,0.12224029257960718,0.20453147096806748,48.044442783447174
6648,0.17364895459772342,0.04822402328370321,-0.3296580028691177,0.10724323653904402,0.2183549024742423,46.90656971313952
6649,0.16621836838126813,0.008654335834786683,-0.3118016765440897,0.08043814599441904,0.24443764368609697,45.36278052711173
6650,0.16992807477812819,0.030258598769741792,-0.25817029671620917,0.10437291752454896,0.16594606534805798,46.2503405449013
6651,0.16989043592617623,0.044217903905128475,-0.24597806612809367,0.11283757067513703,0.14130302690046886,46.90279891088188
6652,0.16906199352618576,0.014071493796978614,-0.2710310539682479,0.08766813101762327,0.20141269626724315,46.26385466115985
6653,0.15784860566173306,-0.026612752268076273,-0.2994713122889193,0.053313879933089274,0.28398340447722104,45.7336273565418
6654,0.16466988887624107,-0.0054050751239282475,-0.31112463906907795,0.06801791841244081,0.26684708952412245,46.43077443762364
6655,0.17796198415532558,0.01546949940010184,-0.28986274531539247,0.08623162259393133,0.21588220710573008,46.22003202474811
6656,0.17862752713604135,-0.02541620769682776,-0.2929172638831866,0.052182274079527996,0.2689190882661318,43.94924516012664
6657,0.1537870706723439,-0.06150198047114281,-0.34018451525055904,0.013599510370093642,0.3754027456474568,42.938028984179226
6658,0.149084780758438,-0.0738226013159417,-0.3277034285158943,0.0010531729165077525,0.39497320589166446,42.65508231024606
6659,0.16982117286995213,0.007654064248577187,-0.29679598670709506,0.07520995105529386,0.23954797800891992,46.19817897758572
6660,0.18009912762189872,0.02084414631211065,-0.2977378019853838,0.0872726477644628,0.21717525157582543,46.04037511552076
6661,0.17824374990239958,0.013510724965670544,-0.33176021293051416,0.07596829215792757,0.26666453163819087,46.31272215796639
6662,0.1936627105345546,0.04968904008132961,-0.32672326692181697,0.10477112039796144,0.20798791502202318,46.689556472382854
6663,0.169059094878876,0.0154570460008753,-0.2928257598016509,0.08296799998547055,0.2197699301378943,42.876928578229965
6664,0.16992686791933417,-0.028936704075011047,-0.3185008737663292,0.04470549046746934,0.295103251570834,41.24553831550533
6665,0.16774104555049255,-0.030787711275041294,-0.307571798984585,0.046797728782920246,0.28278701241830434,41.98413655066634
6666,0.17196287555336467,-0.053558913959488856,-0.31076807340264506,0.026323963387187194,0.31590408650353785,41.88043771790593
6667,0.16624450142011948,-0.07521604406849311,-0.31245051927719963,0.007575740966251207,0.3445057351229306,41.230438668802506
6668,0.1722790793374902,-0.04952494119995865,-0.33096199818258215,0.026577686675044364,0.3315298630068446,41.770196172755604
6669,0.1655637100911844,-0.08090016601228224,-0.3316899460053384,-0.003854856067621232,0.37524419905648565,41.90824137062788
6670,0.14965537230444872,-0.07161698862385245,-0.2488488954112797,0.016379858033814466,0.29217699198938923,40.145651943151194
6671,0.21705108334921067,0.08984896027634237,-0.3227104209863798,0.1445906370195308,0.1491604192410965,50.06810014596373
6672,0.20656374769663227,0.08667580976901293,-0.3340100050586533,0.14319659575780377,0.1585820261247243,48.99770484596718
6673,0.20080934411273865,0.09010525316608393,-0.33742301915890965,0.1426051808162918,0.1622167132213186,48.779288014317956
6674,0.17932936926680768,0.07649163220005822,-0.33736262419879276,0.12785194530922286,0.1906530299949201,50.10257790056773
6675,0.17932748777662508,0.08814789472341439,-0.33969213532218134,0.13473196193860512,0.18154851573498101,48.04216592679163
6676,0.1839917094346101,0.05195972535505926,-0.33009380090416157,0.11320511624935,0.2068774327024207,47.325900502930175
6677,0.1779870660383165,0.028538778146520893,-0.27247262351871565,0.09909301153643088,0.18211161556891028,45.16188155977211
6678,0.18088699641382508,0.03750827514800277,-0.2779326719833918,0.1059135904332387,0.1766409816295453,46.272608976709144
6679,0.17741020959501577,0.029555997495106498,-0.3215601727609032,0.09126844888815419,0.23483705663099746,47.29247572582907
6680,0.16812294385480636,-0.009051532649723113,-0.33228628522157044,0.060514159384142896,0.29732106663204344,46.33374670805325
6681,0.17979909078156328,0.0190787364187975,-0.3318150910486712,0.08564184406644489,0.2519362171823678,46.22015286945295
6682,0.18637044506816752,0.048537601299489655,-0.3293930541548854,0.10831030386295012,0.20987029518975595,46.59101808362416
6683,0.18809889275895555,0.07954697528119453,-0.3367091764029604,0.13108100102834538,0.18055388271370293,47.826063150859675
6684,0.18178968364321854,0.06300658875614035,-0.3197017609727879,0.11818674476225519,0.18791305761640978,47.548690245595964
6685,0.18553530280668631,0.03779249454662739,-0.2983631155966364,0.09921656498057112,0.19775505318473327,46.15378848377559
6686,0.1823496210973217,0.009495746442202817,-0.32429197168757184,0.07694680518748422,0.2562706823834973,45.18810284355466
6687,0.21571654932469095,0.10110950187011368,-0.3357629668964512,0.15163489248905154,0.14918965198773834,50.30638511414512
6688,0.2117314540240836,0.09768213567384221,-0.3370750548582328,0.14998790548865437,0.15047188096581143,49.45734857075374
6689,0.20274329838058755,0.1001247536724625,-0.3459824661976711,0.1516197365177972,0.1559293320786045,48.588372188393585
6690,0.1939947111220077,0.0975926092633964,-0.3404014326135765,0.1467590122158012,0.15810925217830737,48.555568897984095
6691,0.1849004665579752,0.076159846020809,-0.3472900588227895,0.1261463506730662,0.19898044144947616,47.11431681177826
6692,0.17588746723045462,0.03799725205791124,-0.3456443999297087,0.0993481139350192,0.24411583921261762,45.88182321921796
6693,0.18514248024911525,0.037605599907454934,-0.32533112711808465,0.09854137263405245,0.22549810963575603,46.286394138368614
6694,0.19131110917881972,0.04990119481635123,-0.3495017703330839,0.10769323267451138,0.23093169912150255,46.922784741039465
6695,0.18792267129215665,0.041902748190783864,-0.35032570251953743,0.0988230643285191,0.24746628939562978,46.85520783302482
6696,0.1605194647492238,-0.024452647676246518,-0.3300551391233631,0.04944968773149591,0.30910501514011035,45.06955315724569
6697,0.175476033433152,0.04190047191537479,-0.3324355633181537,0.10249712982341187,0.22555610360387016,45.45025982325518
6698,0.18487967033991118,0.06352671638927894,-0.33854707895434566,0.11950684479389247,0.20103082646952627,46.78479831806419
6699,0.18212214211882227,0.06338478611752192,-0.3336009804606016,0.11668179306263196,0.20183068626416006,47.32339037171992
6700,0.19542940144085147,0.052741429300576306,-0.3290063201909233,0.11122014063947808,0.20850582501350493,46.985576834861
6701,0.19256091974235856,0.09080756741159617,-0.3343084165214808,0.13709353925023718,0.1705742851728975,48.11909918929678
6702,0.18757686064346948,0.04795756345118662,-0.3380393660425465,0.10613717221097452,0.22317585096775092,47.37155784334841
6703,0.18654277739763708,0.05721744676556031,-0.34138202254518857,0.1125994268879541,0.21763125906022682,47.55673783338459
6704,0.17411242701938323,0.04538684098820273,-0.3298275414415392,0.10507421145737683,0.2212284915194652,47.4218616709168
6705,0.1872285496667986,0.06111071933748511,-0.3286140955776749,0.11458740289811248,0.2015161916635537,48.02633836565742
6706,0.1899614036571626,0.07000107124332262,-0.3386604738859664,0.12010418848686052,0.20053866451813612,46.742590895069576
6707,0.18215258456302771,0.04165742054920679,-0.32346259645074776,0.10397897354214729,0.2167711915197052,46.83989317683664
6708,0.1853960346547266,0.09255987873431962,-0.33366106442656884,0.14044171677403916,0.16606345419436122,46.12008432551831
