cell_id,albedo,ndbi,mndwi,ndwi,bsi
0,0.13697087840343658,0.08088217928691122,-0.45472253334240814,-0.08088217928691122,0.13357579890692628
1,0.13856774922256532,0.09599616058283343,-0.4544106484315787,-0.09599616058283343,0.1487044637524887
2,0.1338812693826454,0.08752407604421811,-0.45766987849356483,-0.08752407604421811,0.13800478377183997
3,0.14056715797826552,0.09037192178601937,-0.46050759292045773,-0.09037192178601937,0.14197155905743186
4,0.16191088576584262,0.09578587235315969,-0.45547329840865824,-0.09578587235315969,0.15251448118242938
5,0.167105558874391,0.11925814512005092,-0.45087214024420397,-0.11925814512005092,0.1737519745051974
6,0.15933957486311656,0.08981982803877041,-0.43333491522967826,-0.08981982803877041,0.14986781103745947
7,0.12900527561638922,0.11559750921077547,-0.45213144666366695,-0.11559750921077547,0.15769907692924215
8,0.11550566802346099,0.10359909768564977,-0.45057581817401243,-0.10359909768564977,0.14545234403911816
9,0.13370320349713938,0.0883956502258716,-0.4530089940078775,-0.0883956502258716,0.13907140182915198
10,0.14086674876991345,0.09170522166289476,-0.45533449657969377,-0.09170522166289476,0.1440055014634025
11,0.1389195181602745,0.08769345958996641,-0.45352804729154766,-0.08769345958996641,0.14008890433031293
12,0.14299655335927164,0.10451584283210388,-0.4535472257950456,-0.10451584283210388,0.15550531515577512
13,0.18028913387323564,0.09160050014952394,-0.42656952932233927,-0.09160050014952394,0.15791928053430693
14,0.14330769375825353,0.05262889629000801,-0.3980981835549265,-0.05262889629000801,0.12097726276937644
15,0.13798301261399273,0.1145670280168758,-0.451745202436832,-0.1145670280168758,0.1589169769513053
16,0.1303000802611452,0.11243642552306661,-0.45072218005396564,-0.11243642552306661,0.15462159195150588
17,0.13953075104918436,0.10968808836622725,-0.4521198451788648,-0.10968808836622725,0.154074106881092
18,0.13933594322201404,0.0768874093991508,-0.44036144304689934,-0.0768874093991508,0.13181754673782242
19,0.1455873617612683,0.06158598505384059,-0.43315717360578326,-0.06158598505384059,0.12200979799418149
20,0.12380025013988132,-0.037695441609065926,-0.41553478299117336,0.037695441609065926,0.030848182866023744
21,0.1285237573790172,0.09841945580933821,-0.45269562800864743,-0.09841945580933821,0.14475008726889874
22,0.14010870931019945,0.10530270667688801,-0.46305001530986734,-0.10530270667688801,0.15247827345108694
23,0.13867052402926186,0.102332775979822,-0.46051800590767633,-0.102332775979822,0.15035734560644215
24,0.1443325172128157,0.07479155271679493,-0.44801114827508715,-0.07479155271679493,0.132810518120897
25,0.14905939812589294,0.07215048890411502,-0.44479832231451094,-0.07215048890411502,0.13292436631306076
26,0.1483258555079288,0.0727658706055978,-0.43511567665759177,-0.0727658706055978,0.134198451522533
27,0.14485892397069533,0.09605084382826978,-0.45194928557518155,-0.09605084382826978,0.14568404401749846
28,0.14574807225887457,0.09461415213651389,-0.4524383948206808,-0.09461415213651389,0.1427274381178256
29,0.14090722786765814,0.1173218698155622,-0.45846302580125203,-0.1173218698155622,0.15748310405970412
30,0.13898953465542868,0.1262770433939155,-0.45404362688642325,-0.1262770433939155,0.16422021732479275
31,0.1331088709857875,0.11568869342101348,-0.4487019189568153,-0.11568869342101348,0.15525247173217224
32,0.1578178834928989,0.06633006584201617,-0.44813746270254157,-0.06633006584201617,0.12611858256500894
33,0.14446821594107495,0.0009095283324931539,-0.42380875215857705,-0.0009095283324931539,0.07307013987070428
34,0.1428801911934189,0.06017549610764948,-0.43745612585375016,-0.06017549610764948,0.11720108806659989
35,0.13790538858085752,0.10021460884935482,-0.44673451833574945,-0.10021460884935482,0.14981153269008052
36,0.13194419619051218,0.05175667452860396,-0.4433970190561601,-0.05175667452860396,0.10765987857354398
37,0.13445354828077216,0.07199216192696113,-0.4471012627272757,-0.07199216192696113,0.1247998873608761
38,0.1579310209486444,0.04338801710158234,-0.4387858626034662,-0.04338801710158234,0.11110771297897098
39,0.14627026222007775,0.0676417551738749,-0.4402593178205453,-0.0676417551738749,0.12701679915986008
40,0.15970136784655792,0.031061509195191284,-0.3926297962074206,-0.031061509195191284,0.10628587120857728
41,0.17342104967498503,0.048646070969675756,-0.39690304161041406,-0.048646070969675756,0.12249883159360946
42,0.16123118672506728,0.07146084525667913,-0.4337171963290974,-0.07146084525667913,0.13069715737136123
43,0.16426446841350362,0.015954966147770113,-0.42962630100972676,-0.015954966147770113,0.08512510597878611
44,0.14648324385554767,0.05380960538610024,-0.43781870225920594,-0.05380960538610024,0.10993602240944281
45,0.13083398441301816,0.11802612053123733,-0.4465127054720845,-0.11802612053123733,0.1569039540717461
46,0.14502464457886205,0.07513901439577926,-0.4363716163538347,-0.07513901439577926,0.13333884898633758
47,0.14377093479039307,0.09061120610526502,-0.4342028057826572,-0.09061120610526502,0.1450938861345161
48,0.15845362879893055,0.032129678912464446,-0.4163515219774956,-0.032129678912464446,0.1021579543159221
49,0.14860558804276275,0.04893671686142762,-0.43805911486115845,-0.04893671686142762,0.10902730865107724
50,0.13937064410926972,0.032528196919366884,-0.4394555427750751,-0.032528196919366884,0.08902629985505278
51,0.1554943033349077,0.009440533787925174,-0.42119836236025043,-0.009440533787925174,0.08010194309093864
52,0.14008761400670636,0.0890958255845905,-0.44068992406079605,-0.0890958255845905,0.14078606250098558
53,0.16772473372292387,-0.007236341513527531,-0.41246310370562184,0.007236341513527531,0.07130094507619053
54,0.16918969463514155,0.005257665150284779,-0.40617664634768746,-0.005257665150284779,0.08360708266097355
55,0.1671862067898119,0.0010522244087333974,-0.40706467689395054,-0.0010522244087333974,0.07863906207878585
56,0.16810302830416268,-0.013750398498803757,-0.4013063667036055,0.013750398498803757,0.0690947033716032
57,0.16906039796026373,0.011009688527246044,-0.3845855257604387,-0.011009688527246044,0.0891255271562195
58,0.1871628281022226,0.03398184041258762,-0.3782033385821781,-0.03398184041258762,0.11400849956540675
59,0.18871695933785812,0.00996613909528472,-0.4055555018532048,-0.00996613909528472,0.0893757909978194
60,0.18564586629241794,-0.014475735533889986,-0.39841508457207897,0.014475735533889986,0.06848373791271778
61,0.15539343144076076,0.044481340801735055,-0.4315952341076829,-0.044481340801735055,0.10678919799664956
62,0.13944293118472023,0.07215988655282794,-0.44272391796274374,-0.07215988655282794,0.12710115175947184
63,0.14432258009452684,0.05934186562573373,-0.4297213521886807,-0.05934186562573373,0.12258031422334373
64,0.15450984672561183,0.08751320349480514,-0.44937706678988343,-0.08751320349480514,0.1401979757612381
65,0.1820479470533825,0.03875795800946638,-0.3678916268945793,-0.03875795800946638,0.11848143161269248
66,0.15597980348488716,0.013720177984169553,-0.38002385480785417,-0.013720177984169553,0.09074971013203006
67,0.1502432783868774,-0.029454625342013502,-0.42383729537935244,0.029454625342013502,0.041622292154869
68,0.14603862623417102,0.032722150210295946,-0.4304020681587049,-0.032722150210295946,0.0912374358086362
69,0.1625969675882279,-0.06996658259698242,-0.3970013452012907,0.06996658259698242,0.019562071415677056
70,0.15993935421194516,-0.04965694816429145,-0.41070994587548665,0.04965694816429145,0.03462408888855573
71,0.16143697028715084,-0.006989209932937486,-0.4091905207979368,0.006989209932937486,0.07154458445415195
72,0.16864539375778656,-0.0515423654575814,-0.39721572112844017,0.0515423654575814,0.03507984186739523
73,0.16904938128134556,-0.007806622330625527,-0.34122153261624083,0.007806622330625527,0.07983034872983137
74,0.16974251915784283,-0.03327741550138236,-0.34207426060407564,0.03327741550138236,0.0590960971341796
75,0.1740338922285597,-0.011240922216400969,-0.39848474068023865,0.011240922216400969,0.0704126108575418
76,0.18336768386843746,0.00906696592492523,-0.399774367740482,-0.00906696592492523,0.0883495733114641
77,0.19034220225649248,0.027405670889975788,-0.36478036746483555,-0.027405670889975788,0.10653438944904291
78,0.18261088419244395,-0.005780729059265545,-0.38589736286500753,0.005780729059265545,0.0757980491033718
79,0.19613614529681297,0.001235841714820653,-0.39419878979562034,-0.001235841714820653,0.08190989604050988
80,0.18424548827263432,-0.005688824929547337,-0.40211712684822115,0.005688824929547337,0.07675955549089034
81,0.17731651296711412,0.05171817155944938,-0.4136206612621112,-0.05171817155944938,0.11959980570623632
82,0.16433221553042524,0.09318956987900288,-0.4459622280266205,-0.09318956987900288,0.14750346513395865
83,0.1615992370927735,0.0776311937519314,-0.44948903178465827,-0.0776311937519314,0.1327332354225842
84,0.17824781246770313,0.03819072113936801,-0.32202700071100876,-0.03819072113936801,0.12184798050857477
85,0.17038169634542885,0.0374870493166512,-0.3144627592200718,-0.0374870493166512,0.12135182389309884
86,0.1532732460391989,0.023179091900965662,-0.3958979874908056,-0.023179091900965662,0.09373573086631952
87,0.1463671605470274,0.0480973768918713,-0.42032285104539296,-0.0480973768918713,0.10542369573396872
88,0.13922424533330385,0.05128708275472705,-0.4253581526770232,-0.05128708275472705,0.10584422713485603
89,0.1744482124826361,0.02756567213879744,-0.2993788075205953,-0.02756567213879744,0.11570636738852483
90,0.1700377696664264,-0.05656923409678325,-0.3622562917087838,0.05656923409678325,0.03615474109104852
91,0.15781410541753418,-0.06673561130976131,-0.39406262518413226,0.06673561130976131,0.0229234175474393
92,0.15769305359168365,-0.049733339328419696,-0.4038965147085186,0.049733339328419696,0.03631425674565623
93,0.1545669405941517,-0.09857450080711984,-0.4054811008094605,0.09857450080711984,-0.010662029091808467
94,0.15830198018707625,-0.08785723862708408,-0.4009483365714076,0.08785723862708408,0.0005001217865288638
95,0.17164796323112977,-0.045977609738131676,-0.38473224683483426,0.045977609738131676,0.041233315342614145
96,0.17414655877361648,0.023446676173120913,-0.33249046760144835,-0.023446676173120913,0.09922892150001315
97,0.1856717550703278,0.02229840759507828,-0.3691750557141989,-0.02229840759507828,0.09696160422252302
98,0.17878169037805386,-0.004198428877589645,-0.3909638712173287,0.004198428877589645,0.07634855087685702
99,0.1711988311762379,-0.037072401454493066,-0.38392858690208603,0.037072401454493066,0.04700149869291016
100,0.17664982390225045,0.0036764541861942297,-0.3955288193929329,-0.0036764541861942297,0.08045635969275299
101,0.18076877942536582,-0.0034330921980130556,-0.362673172749461,0.0034330921980130556,0.07580085789289986
102,0.18635692516448904,0.006232108365578742,-0.37811412275278306,-0.006232108365578742,0.09045970719476253
103,0.19085915665715447,0.013775982905197652,-0.3908101214943201,-0.013775982905197652,0.09967027025653193
104,0.17755013156882385,0.0661205285844765,-0.4277534993446781,-0.0661205285844765,0.13126881982118999
105,0.16678861174322662,0.06742530553677768,-0.42333555636672554,-0.06742530553677768,0.13125707658419988
106,0.17178348798249632,0.07232623468244354,-0.433292804765979,-0.07232623468244354,0.13481519470104106
107,0.15969535508773758,0.05171233414393076,-0.44391057761098396,-0.05171233414393076,0.11346004679549886
108,0.1621472823296129,0.0714837271567879,-0.43723734468835684,-0.0714837271567879,0.13201019227884025
109,0.1553188330628644,0.06112836889462861,-0.438077988087362,-0.06112836889462861,0.12061793815028762
110,0.13792086412014457,0.04720178639527758,-0.42038806054637723,-0.04720178639527758,0.10361778193708514
111,0.14402504453201984,0.07017657445921159,-0.4156403267170291,-0.07017657445921159,0.12412796332527487
112,0.1646535767314057,0.024156889584487515,-0.42939008280250907,-0.024156889584487515,0.09480137943944719
113,0.1656727790536339,-0.04078879862872555,-0.41739348050961417,0.04078879862872555,0.04134119034461256
114,0.15701088316553338,-0.08129948141126704,-0.40136794798284314,0.08129948141126704,0.00810136301213353
115,0.17211551616346613,-0.007695259969614887,-0.3520132782667551,0.007695259969614887,0.07797692014690721
116,0.15961215847309454,-0.07513828881622016,-0.3727490595697773,0.07513828881622016,0.01772710276647372
117,0.1703633545388683,-0.018444255068051082,-0.40550387402628096,0.018444255068051082,0.06276180504258354
118,0.17821582193890498,-0.022749047321027217,-0.3929439638276837,0.022749047321027217,0.06179047360605055
119,0.17228703199718037,-0.02778322041100698,-0.40392307300096864,0.02778322041100698,0.05391024489417603
120,0.15543611507795674,-0.07909345689872727,-0.39197265133319725,0.07909345689872727,0.01188019177408699
121,0.1637901052824187,-0.0651867362654549,-0.3762834707904776,0.0651867362654549,0.026204149699016133
122,0.16950082544043213,-0.02168896300605715,-0.38925040150072504,0.02168896300605715,0.06357802959977701
123,0.17766916367200833,0.000712975804682616,-0.3647313575210491,-0.000712975804682616,0.0789079024162951
124,0.1945325527269881,0.04771510482229344,-0.3950430852373637,-0.04771510482229344,0.1175603599319611
125,0.1658342268459743,-0.015341801595060883,-0.38720096784758845,0.015341801595060883,0.06749802272700536
126,0.1745363703546321,-0.027127216667057103,-0.37702440711435015,0.027127216667057103,0.06162712674315723
127,0.19848705970559524,0.04036792540980838,-0.3480812854225945,-0.04036792540980838,0.12141673682055522
128,0.19335374647446663,0.04018629553122887,-0.3830126869884531,-0.04018629553122887,0.11606727698167606
129,0.17957620215807316,0.005998544877480986,-0.39439201231402077,-0.005998544877480986,0.08799951100653314
130,0.16755236929064213,-0.03586626109389423,-0.413735009285038,0.03586626109389423,0.044807100812986
131,0.15889227826008842,0.020774725466058765,-0.42819763252507403,-0.020774725466058765,0.08944617089901341
132,0.1583547875597045,0.07002555859166958,-0.43521852050862386,-0.07002555859166958,0.1315155601944129
133,0.15274256945038747,0.07537393070419889,-0.4461514394619986,-0.07537393070419889,0.13034896272477747
134,0.1343098597180109,0.06944430931713162,-0.4379053026379327,-0.06944430931713162,0.12194935397876729
135,0.13783932595791382,0.05942373688183585,-0.43553711927658967,-0.05942373688183585,0.11255345697807514
136,0.13027852622997305,0.056895112075481674,-0.42644290458949563,-0.056895112075481674,0.10998969465535058
137,0.13046472013647484,0.04595141355412472,-0.4213651223328756,-0.04595141355412472,0.10218663840812198
138,0.15065800359280637,0.07821177541371353,-0.43530305678952297,-0.07821177541371353,0.13605897584416302
139,0.16212950748302474,0.021619461112153345,-0.4204783027025499,-0.021619461112153345,0.09385452690724409
140,0.16250130322931736,-0.02820185758777789,-0.38559143719004474,0.02820185758777789,0.056541518695247775
141,0.1720950604996704,-0.02105696845946573,-0.3583901856180115,0.02105696845946573,0.06684042080358052
142,0.16549572904272142,-0.021880712805108008,-0.40141018706542436,0.021880712805108008,0.058479280589576535
143,0.15921887991589065,0.05367025071427198,-0.42601095913492765,-0.05367025071427198,0.11777906635171105
144,0.16129713547211544,0.02050031962725182,-0.4110766012931544,-0.02050031962725182,0.09273911486049591
145,0.16079496715881375,-0.07021475398453522,-0.407240651039917,0.07021475398453522,0.014820991186415701
146,0.1561913018026587,-0.09877338438830495,-0.40055779550080906,0.09877338438830495,-0.011464482558581901
147,0.16027067428224714,-0.06555532488411271,-0.4058904524770812,0.06555532488411271,0.019383037382856464
148,0.18049082673008743,-0.0012334970723786075,-0.3903768726823971,0.0012334970723786075,0.07552437126441983
149,0.16387231067695573,-0.03636489181667513,-0.3718831763359124,0.03636489181667513,0.050189033304936355
150,0.18033380514204056,0.012794414959092937,-0.35162409423777236,-0.012794414959092937,0.09268679148857951
151,0.17663588897802168,-0.017262621044620785,-0.3643656549931873,0.017262621044620785,0.05974765400662801
152,0.18691211060398225,-0.0075566900619383065,-0.3678503206724541,0.0075566900619383065,0.07732803964557161
153,0.1871332056520769,-0.004293657320950728,-0.3899201115029861,0.004293657320950728,0.07526595273187135
154,0.21397795479823828,0.040938227215063926,-0.38905106076874435,-0.040938227215063926,0.12159834848143206
155,0.20317998227914086,0.03248335932688127,-0.39389198561232547,-0.03248335932688127,0.10911053626706148
156,0.16665770236909613,-0.00816728276370982,-0.424760011551519,0.00816728276370982,0.06993143218803316
157,0.1526782366978524,0.03011762738288072,-0.4473274238367065,-0.03011762738288072,0.0940340587287815
158,0.1573541207657628,0.0431423923183737,-0.4400927776480014,-0.0431423923183737,0.10537984061960687
159,0.16402858845187268,0.06604200736015967,-0.43884382533836735,-0.06604200736015967,0.12704834212620614
160,0.1358573652212959,0.085879122623721,-0.4412612495263327,-0.085879122623721,0.13452975753782898
161,0.12731893175564046,0.0827771649595119,-0.43860734672495566,-0.0827771649595119,0.12699530767690595
162,0.1289754337406663,0.07350532488867041,-0.43343492737666744,-0.07350532488867041,0.12050826583745565
163,0.1322677043469429,0.06213968767514389,-0.42314282482063476,-0.06213968767514389,0.11282016401789921
164,0.13906356478333762,0.13582589686471244,-0.43921923823857817,-0.13582589686471244,0.17443756092207968
165,0.13878078621733983,0.0550613406485704,-0.42715937436499196,-0.0550613406485704,0.11506493912817166
166,0.13659602481106634,-0.07595590143012679,-0.38661879558749107,0.07595590143012679,0.009770254016595047
167,0.15272377973178702,0.048452040286315314,-0.4210129734079438,-0.048452040286315314,0.11167728358797964
168,0.16121831645948773,0.011226494776768178,-0.36404611397206754,-0.011226494776768178,0.0923542670709115
169,0.1573051407078775,0.04691164313335651,-0.3995705837860492,-0.04691164313335651,0.11530576133186539
170,0.14725546547617832,0.08081856445823948,-0.43234791521813115,-0.08081856445823948,0.1344805329093907
171,0.15824524205054652,0.07168641649400692,-0.42824234030543323,-0.07168641649400692,0.1298308871447065
172,0.18025471864285905,-0.005213625997401365,-0.4054883845223588,0.005213625997401365,0.07120940926494393
173,0.16236412780699894,-0.09669525371914056,-0.4012192003239639,0.09669525371914056,-0.008020847232567319
174,0.1693755124913456,-0.09980607166877009,-0.4169150473875173,0.09980607166877009,-0.013921541239875579
175,0.18720127139939932,-0.04868934448935542,-0.3862702519912631,0.04868934448935542,0.035641900569295615
176,0.18006357158817263,0.027942516461389486,-0.3524231992345104,-0.027942516461389486,0.10534498835399628
177,0.1669138351640573,-0.005717232429010705,-0.35142124772405214,0.005717232429010705,0.07544044357632244
178,0.188905985472215,0.014831704064069496,-0.35389211134267046,-0.014831704064069496,0.08166513797132885
179,0.18161163714805195,-0.00796076709583893,-0.37578975990449043,0.00796076709583893,0.07242740645826272
180,0.17316306360281145,-0.04800074318608037,-0.39954829773895945,0.04800074318608037,0.037136883092696776
181,0.16584626499229696,-0.0410639409100184,-0.40696113205648926,0.0410639409100184,0.04139670820834025
182,0.17242975980579103,-0.04515054040302449,-0.39906255100914007,0.04515054040302449,0.038892553821656524
183,0.16760566661413995,-0.009083459146763886,-0.41470385757358696,0.009083459146763886,0.06756635837670671
184,0.16342570588090838,0.02991359665712359,-0.4244491441443733,-0.02991359665712359,0.09746989134426738
185,0.1549935632857263,0.052912259319818314,-0.43336495192672647,-0.052912259319818314,0.11321369970727387
186,0.14155217018786057,0.09802802575064352,-0.4434627220453778,-0.09802802575064352,0.14318072046106578
187,0.13616010662644878,0.0737249588622804,-0.4422051335358609,-0.0737249588622804,0.12338545919717246
188,0.12216549494605207,0.07294954911022358,-0.43598743634441617,-0.07294954911022358,0.11764304804789814
189,0.13147245137394478,0.07915219486242259,-0.438623634066342,-0.07915219486242259,0.1232696242668309
190,0.13117077045345343,0.08177554910533141,-0.43191385605643506,-0.08177554910533141,0.12683614603312884
191,0.14638793386116591,0.11782529590304934,-0.42724662372108874,-0.11782529590304934,0.1659164486448887
192,0.13926703613074187,0.09740350104179014,-0.4285135269007241,-0.09740350104179014,0.14775729659418413
193,0.13388726627334768,-0.02784653661031248,-0.4108591062670321,0.02784653661031248,0.04384967276471536
194,0.143165109706842,0.018561631341299775,-0.42716050608899575,-0.018561631341299775,0.08369615966613579
195,0.16771270608787048,0.036128065182919215,-0.37457055552576185,-0.036128065182919215,0.11051128267946207
196,0.1612323572537362,0.023899937646522002,-0.40535780003382077,-0.023899937646522002,0.09491029954857766
197,0.15938011039544267,0.01337036269890656,-0.4123889164312972,-0.01337036269890656,0.08820661785711109
198,0.1747603549344544,0.045901851681348915,-0.4087726086646548,-0.045901851681348915,0.11456111871391839
199,0.2001584103641474,0.053110817547880725,-0.3964245165768537,-0.053110817547880725,0.12463033934785536
200,0.17826752682970542,-0.033865953847792805,-0.3947298554612939,0.033865953847792805,0.04420901523369665
201,0.16918832711016507,-0.1382605232851972,-0.40789817721102084,0.1382605232851972,-0.05106461380243992
202,0.17830565910874888,-0.14056018999110703,-0.3617129474644324,0.14056018999110703,-0.04757540239412682
203,0.1692287657705552,0.013911434937287467,-0.2846585610665199,-0.013911434937287467,0.10173806680334206
204,0.16717401562003237,0.0253403489666319,-0.2781826051724277,-0.0253403489666319,0.1107604196466932
205,0.17964025919520615,0.03825976427582787,-0.31421212525405323,-0.03825976427582787,0.11333368076200664
206,0.18650674179976456,0.016612409707062598,-0.36145233114203595,-0.016612409707062598,0.0879397732717288
207,0.17152547012591515,-0.02889309438843732,-0.3966248913172528,0.02889309438843732,0.053129518293873856
208,0.17433972569356282,-0.007155160637986682,-0.40677753615164325,0.007155160637986682,0.0667132055070643
209,0.16780695106966168,-0.007981251660954446,-0.41441054103019986,0.007981251660954446,0.06739800804143864
210,0.1698689731961165,0.029447147840514495,-0.418871401906056,-0.029447147840514495,0.09723282623345765
211,0.170847771406875,0.05689880212755429,-0.43169452970500566,-0.05689880212755429,0.12156717842911767
212,0.1714999619782529,0.07084154836259217,-0.4431874525744796,-0.07084154836259217,0.1324636233984948
213,0.1619607568913942,0.07089107838981291,-0.44179186287628824,-0.07089107838981291,0.12935992670379415
214,0.15680593419956151,0.06035840545041663,-0.44123719128356603,-0.06035840545041663,0.11965735501869729
215,0.13526456852800037,0.10624039528717712,-0.42053544293953316,-0.10624039528717712,0.152350792756541
216,0.15079546744967498,0.10194878317540301,-0.4150891391546014,-0.10194878317540301,0.15426500844404512
217,0.1390293413496863,0.04253642254415996,-0.42052787108654527,-0.04253642254415996,0.10193216746317861
218,0.14317617407783836,0.044241284382984976,-0.42230218765770794,-0.044241284382984976,0.10347251562981925
219,0.16716017664330313,0.014939875438916065,-0.39686103073078227,-0.014939875438916065,0.0891547142842167
220,0.17837481318860793,0.0035608439644440972,-0.37558858227891745,-0.0035608439644440972,0.08629321545827544
221,0.17029372079348926,0.018616738230067247,-0.3716103587782588,-0.018616738230067247,0.09296923571516667
222,0.179843984629772,0.03449855495111801,-0.3908626894030255,-0.03449855495111801,0.1043783708018848
223,0.18322457410401807,0.0032836780982816644,-0.3815968398665872,-0.0032836780982816644,0.08274049000153472
224,0.18232406507470764,-0.04049812669247465,-0.37290405885887834,0.04049812669247465,0.0426348471906355
225,0.16775043655561622,-0.08829076541717537,-0.39193195798270064,0.08829076541717537,-0.004773575754644802
226,0.17673827948731463,-0.06436941163142341,-0.36541305376635275,0.06436941163142341,0.022747309993344036
227,0.19520476466332823,0.047605124456732956,-0.3355299338144975,-0.047605124456732956,0.09994479879000258
228,0.17772847709594977,-0.004833849954618675,-0.33544818830456086,0.004833849954618675,0.06968065184626578
229,0.17872714511631152,-0.009076948205310654,-0.35218510384021096,0.009076948205310654,0.06976593414222212
230,0.1750790323129657,0.0024101984755579182,-0.38592899174031964,-0.0024101984755579182,0.06961070659797451
231,0.1723078538368307,-0.03559207054115332,-0.39339099769727803,0.03559207054115332,0.041671706362744185
232,0.1712628591020299,0.00038443535128727935,-0.40765331315147885,-0.00038443535128727935,0.07475444165583815
233,0.15281989923541636,0.04499524680336428,-0.44178632802332274,-0.04499524680336428,0.10141459187148813
234,0.15486517174617365,0.040241522103554285,-0.4332684267846381,-0.040241522103554285,0.1020055158810644
235,0.1688754590157757,0.06613764131078359,-0.43016249009843105,-0.06613764131078359,0.12836589344024454
236,0.1532056165347779,0.06516307649967375,-0.4379761151373453,-0.06516307649967375,0.12416952521493421
237,0.13658629595356095,0.09199420477673376,-0.4469187023740439,-0.09199420477673376,0.13716746717970318
238,0.13712697968729157,0.08344977697923933,-0.44644175332071157,-0.08344977697923933,0.1314831996601605
239,0.13830676973412842,0.12137723525536934,-0.42420830122893727,-0.12137723525536934,0.16345007842340598
240,0.1369189249295406,0.10211117324369934,-0.4217729314541665,-0.10211117324369934,0.14897862237125975
241,0.15506795920773933,0.022909783886427545,-0.382318941799407,-0.022909783886427545,0.09662295211421841
242,0.1582327511210804,0.01685364100676828,-0.3509742839256746,-0.01685364100676828,0.09610679595606975
243,0.15512133827019794,0.018848273183759985,-0.3917877447194349,-0.018848273183759985,0.08932808229301592
244,0.15828775012166818,0.036184758293482444,-0.41720905451836826,-0.036184758293482444,0.10194247506371923
245,0.1820577611053765,0.032563546052664816,-0.3740612970749225,-0.032563546052664816,0.10010176265518023
246,0.17368876669878974,0.020241014310277552,-0.2992587790802185,-0.020241014310277552,0.10196567780050746
247,0.1780876245293053,0.028206200618057526,-0.31786234956321985,-0.028206200618057526,0.10481595560984266
248,0.18588038852794572,-0.003906298278405268,-0.3499170920141787,0.003906298278405268,0.06849938639357053
249,0.16250576664969135,-0.11498735753171865,-0.3790559242617847,0.11498735753171865,-0.024322155464861286
250,0.1559899352714333,-0.12057284323135492,-0.3933278173784072,0.12057284323135492,-0.03410037742843893
251,0.15785480401783986,-0.11498599959808488,-0.38839239904402,0.11498599959808488,-0.02864549361330357
252,0.19066913125471932,0.03139663503361972,-0.3524566542660225,-0.03139663503361972,0.08871088360697536
253,0.17725377468299158,0.029187006449365643,-0.33795657153043857,-0.029187006449365643,0.09651144739644993
254,0.17053203886210222,-0.01550442683668998,-0.3690070946327255,0.01550442683668998,0.053916437570260545
255,0.1721432661162694,-0.03471254248105215,-0.38250482898543375,0.03471254248105215,0.04565878370796263
256,0.16750409752658163,-0.054919145846255825,-0.38242225384258205,0.054919145846255825,0.03014932361693947
257,0.17550360398421158,-0.03922445589379802,-0.3891338942941695,0.03922445589379802,0.04372952742387946
258,0.1768534691436396,-0.01389699195914159,-0.38660575157585847,0.01389699195914159,0.06701080109014063
259,0.15698597612998663,0.007246901232179326,-0.42172860083521163,-0.007246901232179326,0.0750666349289133
260,0.169196594168846,0.0592109187427099,-0.4307763461307308,-0.0592109187427099,0.1229861770982315
261,0.14377857406639635,0.07949401670301955,-0.4457367135687818,-0.07949401670301955,0.12910025851926102
262,0.12327684560336996,0.09992803365812498,-0.45100410130599333,-0.09992803365812498,0.13790075555565512
263,0.13954673092826644,0.06466719430364574,-0.4572877403979222,-0.06466719430364574,0.11273010886949326
264,0.14261814262307693,0.11778146372791924,-0.4157150608019881,-0.11778146372791924,0.16237437786638195
265,0.15570773150072056,0.06779371426251976,-0.398772157166552,-0.06779371426251976,0.12819559445920517
266,0.16078118469971334,0.04941947403688761,-0.3416204556527639,-0.04941947403688761,0.12229351325973133
267,0.1738355820170188,0.014926089491103314,-0.2961810384887899,-0.014926089491103314,0.10181594907890242
268,0.175961137103331,0.030561311325929184,-0.27793768731890023,-0.030561311325929184,0.11512923055553255
269,0.18012110270797824,0.029773086072691354,-0.3234932942317535,-0.029773086072691354,0.10946782502747025
270,0.1659876397367779,-0.021352481480778618,-0.37920699507672906,0.021352481480778618,0.060093196293796135
271,0.1674603080356999,-0.02715419415630751,-0.3850723171731437,0.02715419415630751,0.05480796698922803
272,0.16811155975319225,-0.04117258244551993,-0.3645805438500144,0.04117258244551993,0.04330031831606311
273,0.18408309781997031,0.011970382681598824,-0.36790019827425197,-0.011970382681598824,0.07103678799127502
274,0.1771642237989324,-0.03458323856715219,-0.3655910815188306,0.03458323856715219,0.04213779414124221
275,0.1591062400580833,-0.13824312809367004,-0.3847158108846701,0.13824312809367004,-0.049424432852643474
276,0.1612456497848043,-0.06352202952419402,-0.3999596916091147,0.06352202952419402,0.014323064468443987
277,0.159074553730379,-0.11415185179853214,-0.37922703375588507,0.11415185179853214,-0.02657418547127346
278,0.1584513643381332,-0.07144373359773885,-0.35796982537835736,0.07144373359773885,0.014414932951375463
279,0.16245022187750363,-0.027134947483651698,-0.3243720831926053,0.027134947483651698,0.0548303883594066
280,0.16593837790871735,-0.04228381589379964,-0.36178922056906926,0.04228381589379964,0.0376502432453532
281,0.16882390083244733,-0.021878387950895396,-0.3965069063738127,0.021878387950895396,0.053837233339644595
282,0.1682733601904541,-0.04262677769120742,-0.3913921267378795,0.04262677769120742,0.04051598102682633
283,0.17519069552225922,-0.027726113655028223,-0.37922038365052463,0.027726113655028223,0.05514110172876319
284,0.17859829043449088,0.02162620790981557,-0.3710905066895771,-0.02162620790981557,0.09977243521740242
285,0.18470377610444935,0.025690171667954443,-0.40002241195224825,-0.025690171667954443,0.10141395111871435
286,0.17381195005083902,0.047672535517578156,-0.4174357100237211,-0.047672535517578156,0.11606425139429223
287,0.16517152653034922,0.05789088290407477,-0.44125406389796445,-0.05789088290407477,0.11843618373232398
288,0.12914064557340968,0.08700162074032611,-0.4490152667867755,-0.08700162074032611,0.1295153851791687
289,0.1221904186815882,0.09349953670598328,-0.44321027789059875,-0.09349953670598328,0.13309380506063212
290,0.13377835708201088,0.06766796949587356,-0.4361443563473696,-0.06766796949587356,0.11560706635957643
291,0.1345404425552313,0.07410693333537392,-0.4054478433106175,-0.07410693333537392,0.12633594866802156
292,0.1544443256887785,0.01837694965254527,-0.3845119719715694,-0.01837694965254527,0.08918472552883228
293,0.15659139476933281,-0.004333791199910325,-0.3291697399639692,0.004333791199910325,0.08103798925152926
294,0.1617047635821703,0.013964243772796672,-0.27416705375578254,-0.013964243772796672,0.10103474285258728
295,0.169876373655299,0.017170908033984363,-0.28198649748239923,-0.017170908033984363,0.10062281423562831
296,0.18371396077140506,0.028546576797017668,-0.3291923645560117,-0.028546576797017668,0.10507413375507471
297,0.16563042722330037,0.009383217254646047,-0.38300405033649865,-0.009383217254646047,0.08420470116227904
298,0.16496023935071208,-0.014138977675913142,-0.3943966226205236,0.014138977675913142,0.0644506234941104
299,0.1558711476219342,-0.054369174702400554,-0.3896544380880264,0.054369174702400554,0.029392591958394856
300,0.1612289000462939,-0.09618018428220747,-0.3794375270830837,0.09618018428220747,-0.007476416767369392
301,0.16496711817008022,-0.06987911420069028,-0.36299153975480286,0.06987911420069028,0.019919096236209792
302,0.15921437899328786,-0.10476336965523134,-0.36952702447030567,0.10476336965523134,-0.01626716327263794
303,0.1544800470694624,-0.11656652848282108,-0.3807606557759596,0.11656652848282108,-0.027996208664499925
304,0.1528703687585308,-0.0927185554261016,-0.3852879867412836,0.0927185554261016,-0.007140734017862646
305,0.1615207926906725,-0.05254179478559181,-0.4003018295315287,0.05254179478559181,0.026904164444641093
306,0.17172530967223495,-0.03201852697386173,-0.38541202407608105,0.03201852697386173,0.047954094927020297
307,0.15785747307373207,-0.05648016481075327,-0.36783772888891275,0.05648016481075327,0.02961045916274599
308,0.16166697314598186,-0.065046484825495,-0.383914864590479,0.065046484825495,0.02034007653224762
309,0.16457122475588667,-0.07082811000864624,-0.3749769192268906,0.07082811000864624,0.019021269159791507
310,0.16366648364284284,-0.08015149381456861,-0.37811960842945136,0.08015149381456861,0.00979747289537874
311,0.17608508507603193,-0.0010776407545726452,-0.3852962425693945,0.0010776407545726452,0.07859347979389145
312,0.171140834532661,-0.013428535023542158,-0.38218478868126526,0.013428535023542158,0.06954293980790931
313,0.18197449892783776,0.028950053504019014,-0.3168488872677064,-0.028950053504019014,0.1137498131495142
314,0.15325280477731765,0.07266230124841402,-0.436538809883736,-0.07266230124841402,0.12857797015465286
315,0.12203618482529296,0.08507602121991824,-0.4466206541851648,-0.08507602121991824,0.12721715493417604
316,0.12657570932644993,0.08157660972089947,-0.43694845815860617,-0.08157660972089947,0.12715840456270408
317,0.1301656429304301,0.06709601359705517,-0.4381879821657993,-0.06709601359705517,0.11267106554296578
318,0.14416740444408985,0.0675957929598978,-0.43500533848258216,-0.0675957929598978,0.11843361175163647
319,0.1377516015796227,0.026487219447081656,-0.38250281843643774,-0.026487219447081656,0.09207275275456075
320,0.1416953048562487,-0.048786367644592876,-0.3564499302887082,0.048786367644592876,0.037399931482697234
321,0.14431934655286766,-0.03682585973262082,-0.34845379603371,0.03682585973262082,0.04734270050793553
322,0.15868222074887978,0.00022291432265815782,-0.30964246796932887,-0.00022291432265815782,0.08492589744254471
323,0.16367301170475837,-0.029243694703177364,-0.34030679987086476,0.029243694703177364,0.05580754991728066
324,0.16456959596122023,-0.0032538657970632733,-0.40495088209195224,0.0032538657970632733,0.06906341234082147
325,0.16916632795547903,0.008372487571700801,-0.4051903572905405,-0.008372487571700801,0.08151515096548383
326,0.15728090782798307,-0.0533381812430412,-0.39398953970361095,0.0533381812430412,0.02769822928747842
327,0.1644357422074735,-0.05719291540114203,-0.37106915265937923,0.05719291540114203,0.028708519582085985
328,0.16101654027054485,-0.05463010186584286,-0.35941035207367344,0.05463010186584286,0.029580177441747676
329,0.1553917790212784,-0.11150815511941638,-0.37041933755950157,0.11150815511941638,-0.022275265603159327
330,0.1613076707355233,-0.08275040538910991,-0.3743936811944385,0.08275040538910991,0.0022476670401509993
331,0.15477180437516375,-0.10534217885847902,-0.38673670771280483,0.10534217885847902,-0.018959651800108803
332,0.1583206835505511,-0.10965202268126631,-0.37883032866946825,0.10965202268126631,-0.0208078279996266
333,0.15934010920418806,-0.09653481931594028,-0.3775703232460562,0.09653481931594028,-0.008512731640194372
334,0.1726899652632384,-0.0322048567842036,-0.3902359124957441,0.0322048567842036,0.04108824457397804
335,0.1583356978665199,-0.06178537809522007,-0.39363125011892663,0.06178537809522007,0.017310052627667324
336,0.1595798913137223,-0.06713422554984508,-0.396089826512266,0.06713422554984508,0.013825722787660493
337,0.1585917117813244,-0.07728673770783362,-0.3850464190283151,0.07728673770783362,0.008299644284113046
338,0.16719758328938134,-0.05198043233693569,-0.3930802595267092,0.05198043233693569,0.030826972871363458
339,0.16783278747666244,-0.017893921389291443,-0.40115550991404714,0.017893921389291443,0.060026392275364104
340,0.16505548352078803,0.026643910109817193,-0.39325341050505586,-0.026643910109817193,0.09841288981971916
341,0.13947619739789288,0.07599701214041002,-0.422141441667645,-0.07599701214041002,0.12557685296298265
342,0.11906719821933122,0.08440870608488006,-0.43662467382837533,-0.08440870608488006,0.1266626396608589
343,0.11713598773185659,0.08419651048426903,-0.4406975147683237,-0.08419651048426903,0.12473087645253608
344,0.12252057293029393,0.06728199114634291,-0.43036749525144186,-0.06728199114634291,0.11564853567435834
345,0.13861805231664587,0.06463755427165772,-0.4358640404191546,-0.06463755427165772,0.11173606984639695
346,0.14046872028764648,0.07383073783790269,-0.4205674470440769,-0.07383073783790269,0.12352050022782882
347,0.14802252717617015,0.07626965354283437,-0.4199464911909229,-0.07626965354283437,0.12692624691916668
348,0.13032446998313552,0.08230039096026033,-0.4086631118717576,-0.08230039096026033,0.13072194621009262
349,0.1466417373786255,0.06715107710830387,-0.41000053276213905,-0.06715107710830387,0.12403881925932443
350,0.1387353241581818,0.06889690868028868,-0.40800809465989124,-0.06889690868028868,0.1223501847349802
351,0.15834406251723512,-0.03161968190036671,-0.3520110585815756,0.03161968190036671,0.05265221227235146
352,0.1591124712848488,-0.061815869129842334,-0.37988182696544937,0.061815869129842334,0.024313622927735454
353,0.1480091958583605,-0.02154264441942066,-0.3954353508734014,0.02154264441942066,0.050349538571013645
354,0.14731439263497023,0.025978410203218675,-0.42111251706319247,-0.025978410203218675,0.08536322730704927
355,0.14692665195864646,-0.01037866588777134,-0.4156063658964138,0.01037866588777134,0.05609506393897588
356,0.15627603817097369,-0.07098235514681403,-0.38423404943576384,0.07098235514681403,0.011233240150898221
357,0.16374085988472925,-0.08823090309083167,-0.36231400531491276,0.08823090309083167,0.0019522590817410792
358,0.15261163218169035,-0.09034283336194998,-0.38898389000227596,0.09034283336194998,-0.0076865359557498234
359,0.1582876045194904,-0.07189957237572457,-0.38215718523632236,0.07189957237572457,0.008707235903780065
360,0.16095369520078145,-0.08516866428046027,-0.38881401111611197,0.08516866428046027,-0.0035563236644346754
361,0.15173096558170565,-0.1383474706755492,-0.37653656411075975,0.1383474706755492,-0.04938856889178988
362,0.16083165571045793,-0.09742936636495667,-0.3706256317559679,0.09742936636495667,-0.009114056538312012
363,0.17555528762232755,-0.0032550970041475566,-0.37470172678060193,0.0032550970041475566,0.06678493570264324
364,0.16164093619679892,-0.04983101207817187,-0.34302498020749167,0.04983101207817187,0.0318744604762669
365,0.15536098253771066,-0.04332705164780806,-0.38375739575561235,0.04332705164780806,0.03469523004192214
366,0.16639921064000754,-0.018289649698555142,-0.3670452581101471,0.018289649698555142,0.06030307936371371
367,0.1769133863839819,-0.02969527483981487,-0.36006853574499714,0.02969527483981487,0.05466895166400979
368,0.1617943098309875,0.016555543607577487,-0.42003021582342764,-0.016555543607577487,0.08124582973932774
369,0.13835758370279946,0.052096800140903884,-0.4254457701042445,-0.052096800140903884,0.10440777214878902
370,0.13638468121274058,0.05928740876326826,-0.433441313747657,-0.05928740876326826,0.1071020948854809
371,0.1228099775358011,0.06538190722128054,-0.4302546963447223,-0.06538190722128054,0.11041305931920214
372,0.12502761899020176,0.06270557093095512,-0.4324381345589724,-0.06270557093095512,0.1085169470555026
373,0.13677145993080497,0.023249643706007538,-0.4270458138101966,-0.023249643706007538,0.08044637338334013
374,0.1419208570922323,0.03700890582214522,-0.42272305892880235,-0.03700890582214522,0.09177408798093495
375,0.13913340141894448,0.08252813988058003,-0.41695516176702446,-0.08252813988058003,0.1271780533449878
376,0.1566886258409057,0.07944120533165909,-0.41497975304441076,-0.07944120533165909,0.12897801221523952
377,0.16951090538222635,0.07634241566063518,-0.4127701657614848,-0.07634241566063518,0.1290287842565489
378,0.15162696956516614,-0.03193711722932108,-0.42265341951066737,0.03193711722932108,0.031016846185989183
379,0.13169482766680163,0.1020524653175891,-0.42474275791091876,-0.1020524653175891,0.14401733322097804
380,0.15866599754900804,0.021891318873751023,-0.38018354526024806,-0.021891318873751023,0.09328528763485643
381,0.1664753002807789,-0.02580755517929339,-0.39519928117535297,0.02580755517929339,0.053699273958323426
382,0.15396283857669527,-0.06301885947012383,-0.35305867124022744,0.06301885947012383,0.027248889538620386
383,0.13130223593380067,-0.023620195619415554,-0.395557535621251,0.023620195619415554,0.04743693125336985
384,0.13720541484413856,0.00823408429435542,-0.4231846739115165,-0.00823408429435542,0.06857793405379274
385,0.1585108063291403,-0.06685361786926572,-0.3759153867324489,0.06685361786926572,0.016404805904643195
386,0.15605189269960432,-0.10318876466644412,-0.3714364243039663,0.10318876466644412,-0.013825590521949548
387,0.1578697511598163,-0.11500977415951509,-0.38011353327890046,0.11500977415951509,-0.027951531048328225
388,0.15461805282993957,-0.09064039516781827,-0.3746665403698927,0.09064039516781827,-0.003447024855551252
389,0.15351691908095466,-0.11606222930903007,-0.38608209017661665,0.11606222930903007,-0.030791723913148092
390,0.15930062367304196,-0.10202706955308494,-0.37839014893478834,0.10202706955308494,-0.01686727359545797
391,0.16085149832013595,-0.11260671753803432,-0.3759214991605389,0.11260671753803432,-0.025345032343789542
392,0.16040782432259926,-0.1128413367939016,-0.3723355498698345,0.1128413367939016,-0.026421223933346182
393,0.15804080855301547,-0.10296893080351771,-0.3461012919690974,0.10296893080351771,-0.01326573441569576
394,0.1640931847232974,-0.049126708833465996,-0.30110844527316943,0.049126708833465996,0.04158564212973273
395,0.17062128745912056,-0.01906888596963551,-0.2910525587743078,0.01906888596963551,0.06949661179543526
396,0.17239446512885254,-0.04575124961289623,-0.33669244524659475,0.04575124961289623,0.04040070123943997
397,0.1682488458573285,0.017548119602623823,-0.39819175335919355,-0.017548119602623823,0.08490185436909674
398,0.14765411437904208,0.010959321929085596,-0.4206794773104441,-0.010959321929085596,0.07157504896680876
399,0.13212924902956308,0.06932462039859975,-0.4426955487452126,-0.06932462039859975,0.1101353692321092
400,0.13369012583451076,0.05610037262063033,-0.43856503179277634,-0.05610037262063033,0.10076083823964133
401,0.14183673570043476,0.02311530649304087,-0.41906188996568156,-0.02311530649304087,0.07875274726254024
402,0.1523343057683196,-0.014184073343842321,-0.4069984840533305,0.014184073343842321,0.05409234547227169
403,0.14520452012091828,-0.060853690614806756,-0.3514537259310041,0.060853690614806756,0.020244149335439804
404,0.15371931668239586,0.051767690860497,-0.37935821713598017,-0.051767690860497,0.11215970907062446
405,0.1655646250015298,0.05551160375950809,-0.40360338914389826,-0.05551160375950809,0.1115554514562577
406,0.15666844968516594,0.05794634501365762,-0.3984285428213804,-0.05794634501365762,0.11288438601154373
407,0.1548512927309495,0.011869973307895836,-0.3846322034054332,-0.011869973307895836,0.07513720143086423
408,0.14852825571882228,0.013555661406899592,-0.4195601957245213,-0.013555661406899592,0.06527206962492983
409,0.1499658590802918,0.08087834045457497,-0.4222216085027169,-0.08087834045457497,0.12264611324584257
410,0.15492725862173004,0.09472855953736277,-0.42649508194379276,-0.09472855953736277,0.1347400972784687
411,0.1514240688805939,-0.0007208047148495326,-0.21307278326321502,0.0007208047148495326,0.07597478042851492
412,0.17295140954535082,0.03591201314791376,-0.23885923694140024,-0.03591201314791376,0.09967966735359952
413,0.13622931981532307,0.11365210257614967,-0.43712888856506354,-0.11365210257614967,0.15055190320596457
414,0.1429163523513366,0.06133797875705807,-0.4239128079944655,-0.06133797875705807,0.11503369410369511
415,0.1779434523740165,-0.012404830899842265,-0.3750341841267725,0.012404830899842265,0.06259459857967539
416,0.17646581483564805,-0.023940159330042975,-0.33967208023702183,0.023940159330042975,0.053040082495613136
417,0.17077935582383375,0.013814321122856637,-0.30222145267024947,-0.013814321122856637,0.09100368562721028
418,0.15528059397483082,0.010620363963960705,-0.2985528104349301,-0.010620363963960705,0.08785739374557527
419,0.15514928753024737,-0.0404106991659044,-0.3641979205472564,0.0404106991659044,0.03451716220775051
420,0.13609241654066442,-0.07009673105209437,-0.37207676503529735,0.07009673105209437,0.007870129463143255
421,0.1568505006900319,-0.06773381606580038,-0.3461393966522746,0.06773381606580038,0.019327328175584895
422,0.16335902953742948,-0.056043877863705606,-0.304530808137403,0.056043877863705606,0.035421397267290614
423,0.1543191424820489,-0.11244168914556582,-0.36826834933477764,0.11244168914556582,-0.02625244801344477
424,0.1522220652271137,-0.05667033396415951,-0.39000375315315966,0.05667033396415951,0.01468445243934578
425,0.15834859668794332,-0.03131485322092719,-0.3547718861314431,0.03131485322092719,0.044268369691345996
426,0.1681390083367073,-0.008052290964621971,-0.2561594588377801,0.008052290964621971,0.08275426088128707
427,0.16287224534039405,-0.05604453815571811,-0.3194440326008798,0.05604453815571811,0.027289202583091414
428,0.16298184763211093,-0.027510857758168875,-0.31267302500961225,0.027510857758168875,0.055240324728409874
429,0.16286744908675674,-0.07564341428040179,-0.3269747270803506,0.07564341428040179,0.012180801874826178
430,0.15980522368739783,-0.019615437859403815,-0.38701460652197944,0.019615437859403815,0.049745730385113936
431,0.16107526126864663,0.00025155818328008266,-0.39615466426517476,-0.00025155818328008266,0.0664498976145275
432,0.14983290607763455,-0.022929148645776738,-0.4148864853586786,0.022929148645776738,0.044646723074403545
433,0.1535910356779501,0.01620514056121291,-0.41728451592083043,-0.01620514056121291,0.07527790284251604
434,0.16095458980139848,0.02325094009277851,-0.4047435843461162,-0.02325094009277851,0.08413985914471211
435,0.16251835405803808,-0.0021387556597666914,-0.3927492915810232,0.0021387556597666914,0.06697000547092347
436,0.1672462806127929,-0.06684470159645364,-0.3493391047872209,0.06684470159645364,0.018476291096100474
437,0.16420561137007847,0.02088174517879738,-0.2641696169635317,-0.02088174517879738,0.10216645173752277
438,0.1624943413211506,0.015525277263235628,-0.2771771484070254,-0.015525277263235628,0.09598189557067015
439,0.16600118267695763,0.027603648682420965,-0.2944553175591349,-0.027603648682420965,0.10273801581672126
440,0.15829568398391122,0.028607899767047723,-0.28046119232062194,-0.028607899767047723,0.10377093597988318
441,0.15795546017708484,0.030924048822462434,-0.25421999832935277,-0.030924048822462434,0.10870065786073832
442,0.1518847122916621,0.053500098535549094,-0.3827280788737359,-0.053500098535549094,0.10634137215522531
443,0.1589987319970763,0.06449775114256878,-0.4061693173763651,-0.06449775114256878,0.11119117271009724
444,0.15282910165481314,0.08082310646075917,-0.41601340181720814,-0.08082310646075917,0.12287517890925401
445,0.15335280740083487,0.029491036404941065,-0.3916378725247512,-0.029491036404941065,0.0868003649780998
446,0.14660987235158665,0.07969045164043252,-0.40739676659594093,-0.07969045164043252,0.12144259401106686
447,0.17033555189785546,0.030263140689342678,-0.28342946134003205,-0.030263140689342678,0.09009795221624188
448,0.1688804869000358,0.036767099867146893,-0.2382174324132471,-0.036767099867146893,0.10247640257212107
449,0.1672770627617994,0.02772538478238142,-0.22085702413457567,-0.02772538478238142,0.0977997437906093
450,0.14323569523413285,0.0012734762259244167,-0.20861748929347645,-0.0012734762259244167,0.07784615091335038
451,0.17334949184162726,0.019404759126645788,-0.25336544885832823,-0.019404759126645788,0.08264094855533058
452,0.17058777706864467,0.023456961480297713,-0.21847858683542645,-0.023456961480297713,0.09258155792405168
453,0.17881553277220685,0.10014815695955116,-0.4053546671531353,-0.10014815695955116,0.1552917412723422
454,0.14463125840374572,0.1194653458055354,-0.42801487629753576,-0.1194653458055354,0.16006566390770677
455,0.1533171893438638,0.012570556741728954,-0.4110834604251479,-0.012570556741728954,0.0776172339174451
456,0.16735264703737193,-0.05647508860483472,-0.3847290730681889,0.05647508860483472,0.018190756297864947
457,0.17306113908005463,-0.01686492934808104,-0.3752888175210233,0.01686492934808104,0.051559664467095506
458,0.17185991456224134,0.02001500788546922,-0.32172657659032355,-0.02001500788546922,0.09199602546453751
459,0.17026547020247992,0.02472349120963573,-0.27843700872867033,-0.02472349120963573,0.10205469439531298
460,0.15858479023234598,-0.0912534629065328,-0.37182407584991295,0.0912534629065328,-0.0054963348773152745
461,0.15066638205190247,-0.10079714715417669,-0.3601900071824164,0.10079714715417669,-0.01122174868442218
462,0.14908371174890847,-0.07280361906586909,-0.3392928295040239,0.07280361906586909,0.017151234561419402
463,0.1756125827765041,0.020814563530554924,-0.28120366930758384,-0.020814563530554924,0.09307629111920218
464,0.16254258761688456,-0.07410836833756601,-0.3385117774622085,0.07410836833756601,0.013090364981829283
465,0.1583865011522007,0.005874114270661881,-0.393943456192254,-0.005874114270661881,0.0701174727858059
466,0.1550042402444247,0.030309099082442063,-0.4045184346200288,-0.030309099082442063,0.08139924918505147
467,0.15864222037314168,-0.017757149840711722,-0.28491073058361654,0.017757149840711722,0.06650315677450931
468,0.1645639222464301,0.0064211744784444386,-0.2560822116895011,-0.0064211744784444386,0.08867521563469737
469,0.16957495699537484,-0.009723955747391953,-0.27087066763167267,0.009723955747391953,0.07672882847614299
470,0.1776570321718322,0.011952679840576564,-0.2811349118260409,-0.011952679840576564,0.09321309312070657
471,0.17523940593276335,-0.008150818835287251,-0.3522400457823475,0.008150818835287251,0.06845275750196296
472,0.14258016863798917,-0.017792595349225088,-0.39288554352328975,0.017792595349225088,0.046921954584692394
473,0.15994700707632453,-0.021065290462190554,-0.4076959415867117,0.021065290462190554,0.04393696905913604
474,0.165970731509852,0.00676100583768652,-0.3953849211328547,-0.00676100583768652,0.07268197197934713
475,0.16906473565642652,-0.04138140958084283,-0.36352324933732283,0.04138140958084283,0.03809760840777443
476,0.17255298953366383,-0.037417365412810315,-0.3657294577605719,0.037417365412810315,0.039540461170045296
477,0.17104637611346826,0.00749941875663953,-0.28245731507609984,-0.00749941875663953,0.08637992322170848
478,0.1677035972705347,0.031450023306585265,-0.24581793166390817,-0.031450023306585265,0.10819111226322417
479,0.16588337533802963,0.03363167290597777,-0.23438589438310803,-0.03363167290597777,0.11181903457764891
480,0.16259172787678663,0.03154335402379645,-0.23007818458916265,-0.03154335402379645,0.10982443879621033
481,0.1616148146433494,0.03468467163704687,-0.2255999991707362,-0.03468467163704687,0.11278077080849536
482,0.16022145781183905,0.02886702034806534,-0.22483439091589713,-0.02886702034806534,0.10828556688979275
483,0.15913089719104404,0.030340630929058386,-0.24674185367206247,-0.030340630929058386,0.10634808185719444
484,0.1611926532828543,0.05669883905701657,-0.3669699104540008,-0.05669883905701657,0.11121261995127332
485,0.15583393879843865,0.06496362727616296,-0.4195291872731211,-0.06496362727616296,0.1073239453185509
486,0.14641210119107434,0.022601778707894024,-0.3907365315068599,-0.022601778707894024,0.07647889702441163
487,0.15832731051574941,0.040343284607088144,-0.4006872693173925,-0.040343284607088144,0.09105178542971205
488,0.13467806670590712,0.03002840044429617,-0.3819781285278925,-0.03002840044429617,0.08036883836791703
489,0.15122810610988546,-0.05571089319157291,-0.33394856637275605,0.05571089319157291,0.0211105584512203
490,0.1616016214981895,-0.05215954551582635,-0.2846828343604591,0.05215954551582635,0.03159522651717885
491,0.16158400765796982,0.011746530069699201,-0.22714411534120674,-0.011746530069699201,0.08738861395997097
492,0.15898659444193525,0.005600194362995554,-0.28124479421584847,-0.005600194362995554,0.07524340945407
493,0.16588251235723558,-0.009324419211045517,-0.26134147048593703,0.009324419211045517,0.06439840976911777
494,0.18621080835527398,0.03804145330456852,-0.2547007086658399,-0.03804145330456852,0.10399657572111146
495,0.14499227437852927,-0.000813883457058439,-0.21542444760978474,0.000813883457058439,0.07542212044008269
496,0.1781155367612316,0.04426992676368067,-0.24403892952273618,-0.04426992676368067,0.10046536764750114
497,0.17272987893211902,0.03517780264269374,-0.2282862718135401,-0.03517780264269374,0.09574967422065679
498,0.177805341637614,0.0342060890935992,-0.24332560435629683,-0.0342060890935992,0.09588188086646272
499,0.18940237383321012,0.04143018581214361,-0.40506191360241617,-0.04143018581214361,0.10638797921370549
500,0.17408782224881345,0.010899517927365536,-0.4013257492170294,-0.010899517927365536,0.08161612163794987
501,0.18425928420132942,0.07097484527062788,-0.3977233431195591,-0.07097484527062788,0.13719735443398898
502,0.14985295009105695,0.11115928698967287,-0.41893570729242186,-0.11115928698967287,0.15592319667717858
503,0.1670095327693049,0.05226391171722544,-0.4150992053796277,-0.05226391171722544,0.11900755394097215
504,0.17255402874828515,0.006981490842513807,-0.41051927819171713,-0.006981490842513807,0.08100052545370778
505,0.1780516894863036,-0.009802438545730085,-0.40336968594484274,0.009802438545730085,0.05346497806097799
506,0.1702068427160839,-0.003324638629908963,-0.4064204585007499,0.003324638629908963,0.06327594111799065
507,0.15560471882865415,-0.03353610244387605,-0.37783048465894375,0.03353610244387605,0.03887425084139692
508,0.1489552176187652,-0.07887974705624659,-0.3851179948833475,0.07887974705624659,0.001903932400352236
509,0.14318525128488144,-0.11088133399464048,-0.38551689507439757,0.11088133399464048,-0.02907360751510378
510,0.17139622389104586,-0.050617902299893346,-0.3655597879784634,0.050617902299893346,0.030953942014541037
511,0.16168126486896106,-0.0514175940975711,-0.3602258863854239,0.0514175940975711,0.02920079330653875
512,0.15595248630148498,-0.05079206295902907,-0.3295769268608439,0.05079206295902907,0.03438260710365717
513,0.15047382965050426,-0.03345947332376214,-0.34327668409033396,0.03345947332376214,0.04591546066107671
514,0.1563106611437718,-0.03695817070836511,-0.39013326539280935,0.03695817070836511,0.03406801462369497
515,0.17463973104157357,0.0004727549289351329,-0.29668260680485287,-0.0004727549289351329,0.08106460243931413
516,0.16620055315625618,0.0036310844894283114,-0.2658859461351594,-0.0036310844894283114,0.08697490972992075
517,0.17242511302437827,-0.01115159634939704,-0.2528789751445626,0.01115159634939704,0.0776315076011659
518,0.17094602116941363,-0.027289435774434493,-0.28622084497201294,0.027289435774434493,0.06120947878120802
519,0.16218555628951797,-0.010341458940940827,-0.2984848079888046,0.010341458940940827,0.06947856744708432
520,0.15752107609076418,-0.041294825720202676,-0.3232232340531111,0.041294825720202676,0.04037354085807751
521,0.16401102949355903,-0.0501800227695205,-0.3703049767135533,0.0501800227695205,0.026788530948547246
522,0.16012250748630985,-0.07690305930582862,-0.3609528037407485,0.07690305930582862,0.006225318780796982
523,0.16150810007217645,-0.0789524585926837,-0.3449243430521725,0.0789524585926837,0.006779139427965901
524,0.16380043232476374,-0.053988751653934776,-0.3631982094197184,0.053988751653934776,0.02499978417950047
525,0.16450042983244273,-0.012003906743154604,-0.2758319243167425,0.012003906743154604,0.06896071485320522
526,0.16972530166366528,0.01813015215829384,-0.2523363927822021,-0.01813015215829384,0.09397854949217949
527,0.1759093132560295,0.035001106326462465,-0.25378077742050353,-0.035001106326462465,0.10348927353802308
528,0.16459887789240182,0.033451829554721035,-0.23533377554964294,-0.033451829554721035,0.10715542831408742
529,0.16152614426770256,0.03424585183486737,-0.22467392286624902,-0.03424585183486737,0.10964297958029047
530,0.1631969289147926,0.029912816182372973,-0.22876443137452665,-0.029912816182372973,0.10556710355764559
531,0.1590439816186345,0.03177669830970064,-0.2336751434345152,-0.03177669830970064,0.10618100464032797
532,0.1647745857569673,0.026330752285520523,-0.3055840186714264,-0.026330752285520523,0.09162905234656343
533,0.1454514963756366,-0.007599875532196984,-0.38073915629635013,0.007599875532196984,0.051469097109594845
534,0.15390087276542158,-0.005407728592851285,-0.3910632839804152,0.005407728592851285,0.05002152002905224
535,0.1373602701815419,-0.008858720573044045,-0.3801352104391291,0.008858720573044045,0.04763845253875011
536,0.1431091914020213,0.03410571315492155,-0.3870202914783713,-0.03410571315492155,0.08329432205570717
537,0.15121453822484768,-0.027658698924881365,-0.3397570366299193,0.027658698924881365,0.04396749014249092
538,0.16664423300914366,-0.017028353582526728,-0.2725897608874407,0.017028353582526728,0.060761671901063054
539,0.16294866798640478,-0.017282185403533188,-0.26458034410594866,0.017282185403533188,0.06231256942663463
540,0.15855748905902012,-0.035667992158002565,-0.26718471328709575,0.035667992158002565,0.04705327842720249
541,0.15959083081791078,-0.0056155227628139045,-0.2774308395738771,0.0056155227628139045,0.07151873767523344
542,0.16003745322141147,0.01293349135881539,-0.24230835038634377,-0.01293349135881539,0.08374131381926332
543,0.15252860320827238,-0.013754755339296867,-0.34177872825766703,0.013754755339296867,0.04881835886115112
544,0.15867223850893064,0.0342077665857753,-0.3177670280300609,-0.0342077665857753,0.08859751351388256
545,0.1573656673247767,-0.0023167217628205458,-0.23107712381901455,0.0023167217628205458,0.0722026712780531
546,0.17962663251560554,0.03159366668538891,-0.2544416915229962,-0.03159366668538891,0.08959508903900872
547,0.17902208801703307,0.03711965482687857,-0.2315375699771826,-0.03711965482687857,0.09557264013917259
548,0.17094657847714972,0.03471421530171042,-0.21546716098269061,-0.03471421530171042,0.09781186918091554
549,0.16424965330332136,0.027595907807172696,-0.2080083564956292,-0.027595907807172696,0.09494995974301157
550,0.20672345764855907,0.12112006877385219,-0.3913281723235656,-0.12112006877385219,0.17182675145743587
551,0.19974705885037736,0.1069597281637666,-0.38589548093809056,-0.1069597281637666,0.16022500835913359
552,0.20144405773925456,0.08857127272747581,-0.37907401647050293,-0.08857127272747581,0.14301886992324708
553,0.14930306129932022,0.07867403711766827,-0.33006347266542757,-0.07867403711766827,0.13579014447417753
554,0.1490982407405702,0.04008542525472182,-0.33321009717832617,-0.04008542525472182,0.10567250272454869
555,0.16931935101906628,-0.03268229640737402,-0.3784504758987402,0.03268229640737402,0.04578959042744697
556,0.17609913191998106,0.014936279071154138,-0.39785640584146165,-0.014936279071154138,0.08172676169216288
557,0.17556917548598036,0.003182743908440281,-0.4071681607059964,-0.003182743908440281,0.07521815976148714
558,0.18044102699461373,0.07138529903521548,-0.409832325431855,-0.07138529903521548,0.1327890409540592
559,0.19709156768285543,0.07345587848803264,-0.4093230257021203,-0.07345587848803264,0.13974412165880354
560,0.16840455299028279,0.08645171703038793,-0.3972736170307228,-0.08645171703038793,0.14344818357153508
561,0.15012398754064415,0.0749110291260782,-0.40197884032800746,-0.0749110291260782,0.1301933226586405
562,0.1825015434057744,0.07646900635887924,-0.41157919224099676,-0.07646900635887924,0.13695132031494173
563,0.1642951210243478,-0.004973788401170208,-0.400596946143794,0.004973788401170208,0.06603745856151594
564,0.15453436904420556,-0.01686291941297963,-0.40173758131030846,0.01686291941297963,0.05335673654062012
565,0.152371098570118,-0.010425779470295212,-0.3976291190474016,0.010425779470295212,0.05910699256342964
566,0.15448812021355968,-0.06002175866517529,-0.39179607166026204,0.06002175866517529,0.016303386567898447
567,0.1567009559115157,-0.06677570835313776,-0.3828168499736176,0.06677570835313776,0.010315623564848891
568,0.16785856013866068,-0.10694231943221143,-0.36456472171676296,0.10694231943221143,-0.01823144843138217
569,0.1675503007799775,-0.06152056104467699,-0.3736477766952605,0.06152056104467699,0.018540618815369843
570,0.16454832833455632,-0.0475787283514577,-0.3473545577183123,0.0475787283514577,0.037608858916411886
571,0.15440660321038954,-0.07683531972645405,-0.362689419324083,0.07683531972645405,0.007280557487587392
572,0.153008301974391,-0.05096561343963686,-0.31984999776487044,0.05096561343963686,0.034366506509713235
573,0.16409790705956573,-0.03129329050364797,-0.30483622603184624,0.03129329050364797,0.053250848140089874
574,0.15616711115905876,-0.019082424964966625,-0.27919701832909954,0.019082424964966625,0.0624855739664882
575,0.14063759481734586,-0.027061500809362756,-0.3521212264672856,0.027061500809362756,0.04249899931618482
576,0.13580331727161957,-0.04774183966367407,-0.35444919789296186,0.04774183966367407,0.02590149610607968
577,0.16216417075980835,0.002823587044274933,-0.28439745542567046,-0.002823587044274933,0.07817246554230389
578,0.16872140024026624,-0.029351151794782843,-0.3064524078056042,0.029351151794782843,0.04924792561226345
579,0.1628231497335029,-0.07392675334130666,-0.3493885751856181,0.07392675334130666,0.008349338436412324
580,0.15996615869741973,-0.08026619275074674,-0.3562545290780972,0.08026619275074674,0.002703902580723146
581,0.15717171712623837,-0.09120414061022251,-0.35459775014538203,0.09120414061022251,-0.006875204590643188
582,0.15917841702322197,-0.09880176132437408,-0.34747720492416895,0.09880176132437408,-0.012395094861921021
583,0.15813379745559406,-0.07966018782809818,-0.334277025568653,0.07966018782809818,0.005125745537575711
584,0.16185156836666556,-0.000832250946816094,-0.2426493540894489,0.000832250946816094,0.07879758210036472
585,0.16416667526311693,0.024866061474237616,-0.22316791411561562,-0.024866061474237616,0.10080337750604244
586,0.16173999147622015,0.02618517404923912,-0.22261572188838125,-0.02618517404923912,0.1023269526973444
587,0.16772953932414647,0.0306285257105797,-0.22422418319341442,-0.0306285257105797,0.10423670225996737
588,0.1648396540066588,0.030018233566010598,-0.22345018394379143,-0.030018233566010598,0.10392056973014058
589,0.16410119892049801,0.014064769207017465,-0.24848807898450692,-0.014064769207017465,0.08891167710679476
590,0.1647533349050976,0.006797644347593611,-0.27722503609900057,-0.006797644347593611,0.0741384918330074
591,0.1747939479308682,-0.04699075482557048,-0.35665266127588513,0.04699075482557048,0.023814937859146613
592,0.1878952248015009,-0.0031777116494250113,-0.38252094452678503,0.0031777116494250113,0.05918159716034967
593,0.15453601349728377,-0.0543853422368363,-0.36586590792222307,0.0543853422368363,0.015566542710813676
594,0.1566135025782088,-0.05584711055557215,-0.34672189121257085,0.05584711055557215,0.019303853736509495
595,0.1576459740263207,0.004648128395453613,-0.32840284128188835,-0.004648128395453613,0.06776943828473418
596,0.1697299132884984,-0.026041064019355825,-0.31936534724825516,0.026041064019355825,0.04312831061409501
597,0.1532141419504278,-0.034027036198820235,-0.28380217293952625,0.034027036198820235,0.044610578304137234
598,0.15806382821967632,-0.05331483715059588,-0.3126504705212048,0.05331483715059588,0.014879574573597303
599,0.1595017126012811,-0.016976189543937422,-0.27553139965919254,0.016976189543937422,0.06024127705264554
600,0.15742031839209764,-0.044577541678986275,-0.28001898077056914,0.044577541678986275,0.031456280005591065
601,0.1668407836257544,0.006592600944096982,-0.3292930949894665,-0.006592600944096982,0.066405529625678
602,0.15628985823047595,0.03531849078181657,-0.32150585859647535,-0.03531849078181657,0.08522703985825884
603,0.15582474556559206,-0.009746587274100205,-0.2387935524164677,0.009746587274100205,0.06273285863687351
604,0.1720497104528954,0.0183619576314023,-0.23458975628920156,-0.0183619576314023,0.08040639854653915
605,0.17104637068334236,0.02519444201867778,-0.21329378923177872,-0.02519444201867778,0.0902171737704949
606,0.17019365629078279,0.022397827338396584,-0.21768361346279103,-0.022397827338396584,0.08846523510213913
607,0.16387491345949554,0.01353176630164987,-0.20739313617444685,-0.01353176630164987,0.08565230066001524
608,0.20861798514712865,0.13409679426191187,-0.3818204526833766,-0.13409679426191187,0.17748175735152405
609,0.20212899374204377,0.10420863995081392,-0.37579998383434715,-0.10420863995081392,0.1595201508929872
610,0.19648470607357651,0.07367244726962531,-0.3689614769720398,-0.07367244726962531,0.13447063229947173
611,0.18121694064993454,0.04076813505147366,-0.36183662720290655,-0.04076813505147366,0.1050159908478771
612,0.1691144582082291,-0.020340344591782293,-0.3709455449849168,0.020340344591782293,0.05123816953207386
613,0.17551065701931465,-0.03572155162669742,-0.31542688869075025,0.03572155162669742,0.04589501644087069
614,0.07890261117792835,-0.2612477588917035,0.03485145855119566,0.2612477588917035,-0.09730593405700083
615,0.1528523612527898,0.08497283644833485,-0.32366142484476246,-0.08497283644833485,0.14205922297481788
616,0.1516844629198459,0.07749733930370598,-0.30960768105259445,-0.07749733930370598,0.13828978611490134
617,0.15176600267278387,0.07947245627145892,-0.31307479875096544,-0.07947245627145892,0.14036286377556853
618,0.15082346322252702,0.0885629799687021,-0.3206673366858945,-0.0885629799687021,0.14262343239546177
619,0.16549224432735177,0.09906404910345934,-0.3433790052588916,-0.09906404910345934,0.1472639050366063
620,0.15978617538060907,0.06412989431719626,-0.33866930131172734,-0.06412989431719626,0.11993762343496937
621,0.16704899545006463,-0.06035897575079134,-0.384208983908152,0.06035897575079134,0.022441039850218076
622,0.1574228901608007,-0.013510312243505853,-0.3984578341162411,0.013510312243505853,0.05703885963477303
623,0.1762178383647445,-0.01838756172884679,-0.3400653051619311,0.01838756172884679,0.06382262658555375
624,0.17679950248803455,0.008756135642344343,-0.35954663278366633,-0.008756135642344343,0.08501428899259633
625,0.18141659766079993,0.04155256308756015,-0.36290728218684104,-0.04155256308756015,0.1112623065090454
626,0.15923567133474187,0.019254902878004142,-0.3636236552322389,-0.019254902878004142,0.0921512599488599
627,0.14069523372156564,0.1171785903103085,-0.42366283144084965,-0.1171785903103085,0.15762510082508105
628,0.16778962812173437,0.036406556728421566,-0.38937437236520356,-0.036406556728421566,0.10376754629132891
629,0.17420035374788623,0.0033781044004397823,-0.3974985108476672,-0.0033781044004397823,0.0735597455195377
630,0.14928998649113634,-0.05863366477103958,-0.39531002924988556,0.05863366477103958,0.017258804623189943
631,0.16715548821202378,-0.06108094568066348,-0.379897325459607,0.06108094568066348,0.02047735783708523
632,0.17281502831970022,-0.07342171983400435,-0.36931034777064553,0.07342171983400435,0.012642780646937773
633,0.17106685553514245,-0.07169219855821846,-0.37790096754403285,0.07169219855821846,0.011988633091840915
634,0.156988305911383,-0.15101060540636876,-0.3571369705971456,0.15101060540636876,-0.05718046174198379
635,0.1679199948351513,-0.05633887135727984,-0.34750864931891595,0.05633887135727984,0.02934365041463417
636,0.15081723216941556,-0.1199821840910871,-0.30125302085766764,0.1199821840910871,-0.01669838803990897
637,0.14891014418259824,-0.12882201922017353,-0.32805617857719543,0.12882201922017353,-0.03040885714455621
638,0.1627038770330438,-0.08029808828133808,-0.3378062361766033,0.08029808828133808,0.008635283924109602
639,0.14895025631904235,-0.08473553788828746,-0.31923876897093734,0.08473553788828746,0.0019052930362232514
640,0.14884818659986265,-0.11421177418883269,-0.3489091582915607,0.11421177418883269,-0.02943205068083357
641,0.13926812372911648,-0.0776958822798209,-0.38253655290506555,0.0776958822798209,-0.00892274268154135
642,0.13983349884066848,0.001956077823818071,-0.3920766478570091,-0.001956077823818071,0.056679110018978816
643,0.16574291606619196,-0.020784104829710236,-0.31330838372733744,0.020784104829710236,0.05629788351023174
644,0.17386033702936593,-0.010307729136830996,-0.27692635623103173,0.010307729136830996,0.0687374861651514
645,0.16435939633383292,-0.07011861420853994,-0.3402888892278185,0.07011861420853994,0.01171231574476459
646,0.15999638868237362,-0.08594919355120686,-0.3443109018041561,0.08594919355120686,-0.002725995714620528
647,0.16227763987011312,-0.0849431102700866,-0.35140873983403526,0.0849431102700866,-0.002597353604815987
648,0.15450147059023916,-0.10035282007390081,-0.3427300435518245,0.10035282007390081,-0.015294783051297167
649,0.15455318279833433,-0.10113309180388412,-0.33669579403738553,0.10113309180388412,-0.015085943721039155
650,0.16320824572973217,0.01111798186254022,-0.23340636581626995,-0.01111798186254022,0.08754053566377633
651,0.16250479143337784,0.023190525933860937,-0.23505197559228178,-0.023190525933860937,0.09515664297640995
652,0.15828744087408908,-0.018213611417012752,-0.2487066374646508,0.018213611417012752,0.0635181861045813
653,0.16842428567139928,-0.033824109201100704,-0.2954360988910417,0.033824109201100704,0.04579555783796914
654,0.16356373922333292,-0.028048563639011728,-0.2783393132845442,0.028048563639011728,0.05220912262151828
655,0.16756722560864107,-0.01313914410938155,-0.2865252106417074,0.01313914410938155,0.05873955851218499
656,0.1607290677077491,-0.02724673739441209,-0.33702298019607196,0.02724673739441209,0.036101310117313934
657,0.1601802482377637,-0.06193657883055301,-0.36046624804277905,0.06193657883055301,0.006476203695547501
658,0.17314363057194257,-0.03232696542537454,-0.34532446725548366,0.03232696542537454,0.03692227797635934
659,0.1740734459040234,-0.011330787583421641,-0.3092564107842782,0.011330787583421641,0.05275034243989812
660,0.16498140528382713,0.0017074094032801333,-0.3553569979726323,-0.0017074094032801333,0.05943479789443433
661,0.15521169749221048,0.01879499947423394,-0.35724894106111094,-0.01879499947423394,0.07619380178723224
662,0.1658056859325861,0.05615045316742441,-0.29198859622892825,-0.05615045316742441,0.11218489881177028
663,0.12436699026845027,0.008927072068400654,-0.2224890823347017,-0.008927072068400654,0.08994092412222575
664,0.1486010091279199,0.008033442232992611,-0.28390563976318306,-0.008033442232992611,0.07391334419582206
665,0.16285142731662408,-0.015785900048066865,-0.2499497322791214,0.015785900048066865,0.06049460677095487
666,0.1524580308078473,-0.04706371278056287,-0.2818785382597495,0.04706371278056287,0.030397527453002702
667,0.15037997798372585,-0.10052002934100544,-0.3458953693612941,0.10052002934100544,-0.023258788913715925
668,0.14946470111257756,-0.08506173380234658,-0.35013649052362883,0.08506173380234658,-0.013432244552491574
669,0.15613836081017726,-0.012034277215680005,-0.21879859617867828,0.012034277215680005,0.06260571824536769
670,0.1643352717122464,-0.004417097075146422,-0.23386908994498554,0.004417097075146422,0.06702560752288592
671,0.16749878943597524,-0.018824306466444913,-0.26834460897518525,0.018824306466444913,0.05308258456907109
672,0.17306896954261608,-0.02199511861466843,-0.2727649318063203,0.02199511861466843,0.05161567455857029
673,0.1774776388847678,0.013443597988831296,-0.27930458594201835,-0.013443597988831296,0.0771996140671068
674,0.17029115341742865,0.028822509064583397,-0.2246992208018425,-0.028822509064583397,0.09218521167909736
675,0.18846792472371252,0.13488489801002823,-0.37649457730259633,-0.13488489801002823,0.1733220725870999
676,0.19016146598967257,0.11530734696553781,-0.3749094688662981,-0.11530734696553781,0.1602649595229401
677,0.18177912224938222,0.11280316668109518,-0.3674551393993095,-0.11280316668109518,0.15412367558055498
678,0.18177775098020058,0.05284871680712663,-0.36074530409946404,-0.05284871680712663,0.11073509429316081
679,0.1909690915373593,0.08594993774773141,-0.3789202754709885,-0.08594993774773141,0.13895476150925523
680,0.19323090041595722,0.08519014447213955,-0.37829457597222704,-0.08519014447213955,0.13589158168555018
681,0.16480620862343778,0.0016417054231518432,-0.31884564879571053,-0.0016417054231518432,0.07501892943177821
682,0.12543516085414652,-0.17212150242697488,-0.18567614533347895,0.17212150242697488,-0.05298100293454892
683,0.09437947673112185,-0.14881987887260248,-0.060517870885112394,0.14881987887260248,-0.015474307379768007
684,0.17363743675156887,0.07834214069922431,-0.3340632844518075,-0.07834214069922431,0.1284226299594737
685,0.1677069992331036,0.08316403917223956,-0.3209613424677402,-0.08316403917223956,0.13511923807037615
686,0.16180092685240907,0.08673353516445448,-0.32836503513256693,-0.08673353516445448,0.1385931382004088
687,0.1622407291739373,0.07022174004771595,-0.32646672286983935,-0.07022174004771595,0.12566549629564822
688,0.1690893361158645,0.08524854023948557,-0.33263315636153895,-0.08524854023948557,0.13650851317833396
689,0.16595819647771867,0.1101949637687258,-0.3340270078836541,-0.1101949637687258,0.15357223407009593
690,0.16398581995034478,0.11045511196588796,-0.33866999092762684,-0.11045511196588796,0.1527532592115833
691,0.17729259215448964,0.0982535624905558,-0.3518693857504767,-0.0982535624905558,0.14514012390900718
692,0.18491822664874424,0.06438383362570403,-0.364453433946589,-0.06438383362570403,0.12050119919396554
693,0.19843400318384802,0.03971590983156318,-0.36187937156817096,-0.03971590983156318,0.10949189483445967
694,0.16732248773515948,-0.045783674303440276,-0.3972471858322074,0.045783674303440276,0.028075185579981222
695,0.17889823034753766,-0.07119786557416566,-0.3722140454370906,0.07119786557416566,0.013453928197227856
696,0.18054957881114553,0.004132152109297725,-0.29414947508755657,-0.004132152109297725,0.08706528924463199
697,0.15150978634982423,-0.05239694254866131,-0.33073426532649514,0.05239694254866131,0.035165608757292764
698,0.1585000815498727,-0.05433673229964617,-0.3689120092184371,0.05433673229964617,0.02777691189459736
699,0.16121784810393003,-0.05644227382870869,-0.35678698798561687,0.05644227382870869,0.029502599139352954
700,0.172777348678633,0.01232067634700284,-0.2909209171566753,-0.01232067634700284,0.0937162697649261
701,0.17703919814066674,0.011950622222720962,-0.2995073390982583,-0.011950622222720962,0.09543150873439118
702,0.17082477094445947,0.016818566564748817,-0.33513469538578355,-0.016818566564748817,0.09194865220480682
703,0.1571934198295767,0.053269570589950604,-0.3853304365016099,-0.053269570589950604,0.11487997542544068
704,0.14277753642973623,0.10858110883989995,-0.4359356249833575,-0.10858110883989995,0.15098361114715853
705,0.15818105477645336,0.054403016666762324,-0.4020005691891089,-0.054403016666762324,0.11555575188160241
706,0.17102095266303202,-0.035527581562382414,-0.3932192161427415,0.035527581562382414,0.04316539614107695
707,0.17559467256581904,-0.03642015785315691,-0.3786409628005329,0.03642015785315691,0.04483605509800583
708,0.17637464426454966,-0.04614373129464507,-0.36625867450062827,0.04614373129464507,0.03768116775890719
709,0.17385976138368198,-0.06493458852818096,-0.3707411213027493,0.06493458852818096,0.020176882602199492
710,0.17301033884417516,-0.05847122364143955,-0.3564656623161933,0.05847122364143955,0.02839869422947679
711,0.1613182426091204,-0.10291691386909896,-0.3340533893350679,0.10291691386909896,-0.007705295275052843
712,0.1576982609761199,-0.03603224267108812,-0.31493649180114225,0.03603224267108812,0.05141856145503872
713,0.15741855459429968,-0.07219888573645462,-0.2912532328412547,0.07219888573645462,0.024025561873002713
714,0.15756909166066208,-0.10316917886640747,-0.3467895725892398,0.10316917886640747,-0.01346154419327531
715,0.16304982676327062,-0.03159965813272829,-0.31820681852747956,0.03159965813272829,0.04825231261890018
716,0.15270669086743013,-0.05632464327315977,-0.30584010310759463,0.05632464327315977,0.02377280338009813
717,0.14690134519426765,-0.15439472180818722,-0.37505032786976034,0.15439472180818722,-0.07267938262204801
718,0.13372324689036724,-0.19000678310302302,-0.3804906923660556,0.19000678310302302,-0.10980150343264726
719,0.13604714919355848,-0.05798180106803114,-0.37860319696769457,0.05798180106803114,0.00737395967587206
720,0.16055721790774244,-0.058970107103647494,-0.33242651668608136,0.058970107103647494,0.018954163476037483
721,0.17176269524161192,-0.01404770028157806,-0.2670498167246469,0.01404770028157806,0.06438320783662768
722,0.1661141665387823,-0.04893038571903975,-0.3111412442737544,0.04893038571903975,0.028841669421860762
723,0.1397754437887105,-0.027112323415624435,-0.39606806374869313,0.027112323415624435,0.02758843980605283
724,0.16099881570599092,-0.04745149301281168,-0.3662439688578374,0.04745149301281168,0.022689106313886317
725,0.16985956568472957,-0.047388485359557246,-0.36621023396871905,0.047388485359557246,0.02593277704142535
726,0.15942113566323377,-0.05230778904475347,-0.31553755756241164,0.05230778904475347,0.026912943386838906
727,0.152982201894652,-0.03347526443174327,-0.24862302160278485,0.03347526443174327,0.05085640659428208
728,0.15739709528654283,-0.02131942685112943,-0.25166862540868745,0.02131942685112943,0.05861451461625882
729,0.1567202449867044,-0.06791748739736958,-0.2922914453073918,0.06791748739736958,0.01703794416429996
730,0.1552272481914058,-0.08627381871003358,-0.3248280856598524,0.08627381871003358,-0.004287009389546177
731,0.15782152792103915,-0.06462869284105532,-0.3509534531410521,0.06462869284105532,0.009344480131864877
732,0.16293651514484245,-0.06331738180680434,-0.3480559889027713,0.06331738180680434,0.010644692367335864
733,0.14812802445982523,-0.04549597965403407,-0.36833170141604177,0.04549597965403407,0.016896271038172744
734,0.15788752932388783,0.017086321859027084,-0.3800392436736859,-0.017086321859027084,0.07023709025286262
735,0.17527802231585637,0.031702386999075384,-0.2674239687734483,-0.031702386999075384,0.09359380314624298
736,0.17842202504932805,0.0415562836888764,-0.25575631897999695,-0.0415562836888764,0.09827137393811103
737,0.1695139285997319,0.03165826378679127,-0.3667850748892867,-0.03165826378679127,0.07924655864581874
738,0.15520956388241694,-0.029982100821481266,-0.36544498545355847,0.029982100821481266,0.0332370027417996
739,0.16394627607910717,0.021818004148302934,-0.2965980506182573,-0.021818004148302934,0.07849681211723554
740,0.14085146223647016,-0.005480275184748702,-0.27089666116015665,0.005480275184748702,0.06415410803699206
741,0.15972900430727874,-0.0005044396671090003,-0.3274212142495377,0.0005044396671090003,0.060895131121029906
742,0.15790524342842796,-0.027022373374095684,-0.2785328079453404,0.027022373374095684,0.044509867872351304
743,0.16880343385379712,-0.02422506313265692,-0.27973915367098146,0.02422506313265692,0.04814949154648061
744,0.16526660509885713,-0.06398298738711727,-0.30474019792762436,0.06398298738711727,0.012783954426188494
745,0.15797699869870205,-0.047353811395599105,-0.2532784162210089,0.047353811395599105,0.029635929684577445
746,0.17328970145509062,-0.018427088636658918,-0.22931056452688647,0.018427088636658918,0.0631305011659545
747,0.19411873454287318,0.022596789188147736,-0.31032372546159004,-0.022596789188147736,0.08514362216806368
748,0.19450493018542825,0.02817601785214463,-0.3490694017702755,-0.02817601785214463,0.08192115122047876
749,0.21548778969926893,0.005970455090384376,-0.28989395633979576,-0.005970455090384376,0.08158445384780863
750,0.18768343638246457,0.02023122123908172,-0.313106027026805,-0.02023122123908172,0.0806259113750104
751,0.1783702905887973,-0.006103490452819864,-0.2726289891500907,0.006103490452819864,0.05916561736619566
752,0.18236614565635095,-0.07927553324390643,-0.31237478658803286,0.07927553324390643,-0.003407456988076399
753,0.18090926173207492,0.12005561308368705,-0.36595813133640437,-0.12005561308368705,0.1615505659165199
754,0.17974756493250685,0.12501678800242394,-0.3622446105518851,-0.12501678800242394,0.1614369985727492
755,0.17665347262556283,0.09484718436957126,-0.3774972713144963,-0.09484718436957126,0.1389428875437289
756,0.18564367708547025,0.07505585635551523,-0.358299139269924,-0.07505585635551523,0.13024961607084812
757,0.19011062607750068,0.06239821241372514,-0.3561488156575079,-0.06239821241372514,0.12075790145440746
758,0.18485266101147,0.11569364271092225,-0.35461835573374856,-0.11569364271092225,0.1550690447167501
759,0.1671698239390783,0.07720763641873557,-0.31984954481788674,-0.07720763641873557,0.12901053204047036
760,0.12968024327142355,-0.10123643627294553,-0.2720275838148809,0.10123643627294553,-0.008024701581297788
761,0.17148876561028578,0.05274534100372157,-0.3367392480424321,-0.05274534100372157,0.10734355417587821
762,0.17367478514287488,0.11211901890580328,-0.3420112818563339,-0.11211901890580328,0.1510708192050052
763,0.1784776877816495,0.09502014453626446,-0.35640731388135566,-0.09502014453626446,0.13790023408550076
764,0.16783772514516335,-5.973762706002099e-05,-0.3564758594869193,5.973762706002099e-05,0.06260003632401502
765,0.1687647486620732,0.05018568932387709,-0.3507949415339009,-0.05018568932387709,0.1033830305062055
766,0.17398387801787182,0.10372601424037606,-0.337037795103617,-0.10372601424037606,0.14804817799152237
767,0.1748576004483239,0.1038944490798166,-0.34374081387138766,-0.1038944490798166,0.14896914490100308
768,0.17395133118385991,0.09042567337864398,-0.3502473344634966,-0.09042567337864398,0.13570300563593085
769,0.19317103278900877,0.06653190401983168,-0.35192603229370123,-0.06653190401983168,0.12246701717061771
770,0.18653660111210868,0.017103255863379237,-0.32621930200125887,-0.017103255863379237,0.0881699344221824
771,0.17309004217855514,0.05248336086553859,-0.3773513245285975,-0.05248336086553859,0.10745457667293684
772,0.15938006059790535,0.028527042152361702,-0.3297085523651829,-0.028527042152361702,0.09591704400633017
773,0.1903653091493472,0.04691325323349018,-0.3571692320398533,-0.04691325323349018,0.11182154855053623
774,0.19216664292675079,0.02400181068228294,-0.35146589459756866,-0.02400181068228294,0.09509452575512341
775,0.19418188141879056,0.033236658056167837,-0.37426811136617916,-0.033236658056167837,0.10073253965596589
776,0.19140939874463095,-0.010109733398943476,-0.3718600697566012,0.010109733398943476,0.0628661924465907
777,0.182646607029869,-0.013364228939316398,-0.3782031019013655,0.013364228939316398,0.061233684290622536
778,0.1877267601748642,-0.07211996436642985,-0.34855084281583115,0.07211996436642985,0.01610905070884105
779,0.1860706420232303,-0.03290118873390242,-0.3689939285059803,0.03290118873390242,0.04866547785905774
780,0.1859072040522233,-0.042692431821877534,-0.37625498257744433,0.042692431821877534,0.0377474530640222
781,0.1693997140190691,-0.0813748230418104,-0.35389629003625034,0.0813748230418104,0.0054168336454947
782,0.18726281047055784,0.029860752575295007,-0.38873289177329073,-0.029860752575295007,0.09379979780600362
783,0.17470593019168762,-0.03345666611187486,-0.3955094198999924,0.03345666611187486,0.041982065464681015
784,0.17924904772384492,-0.07829332618052198,-0.3747428615352432,0.07829332618052198,0.007797965219337607
785,0.1880321412896808,-0.033244913525353664,-0.3737603029082184,0.033244913525353664,0.04644274778028769
786,0.17437378042151783,-0.028275111603879584,-0.3562085210134858,0.028275111603879584,0.050240062272621955
787,0.16728140071386635,0.01851705620538223,-0.30880165461087317,-0.01851705620538223,0.09303486022137653
788,0.17116635802377572,0.016511032614208547,-0.2817645849012082,-0.016511032614208547,0.09168542262836098
789,0.17367848505351716,-0.041774058151519654,-0.35014746180104067,0.041774058151519654,0.04107551640078464
790,0.16434414878893228,-0.1058472237153219,-0.3722319297452436,0.1058472237153219,-0.0167072638996087
791,0.17354894599252302,-0.013439992891371669,-0.3550001136572894,0.013439992891371669,0.06913239674531524
792,0.14478974070441358,-0.0985948402817024,-0.34316765499068297,0.0985948402817024,-0.006691917342776984
793,0.1603692837906706,-0.09948414915770051,-0.3501053311787886,0.09948414915770051,-0.007035184083780506
794,0.1677222262153459,-0.09818682964660189,-0.3641598309824462,0.09818682964660189,-0.007117109926266827
795,0.1687760856495224,-0.03316779923151787,-0.3703839778394106,0.03316779923151787,0.0492396706113011
796,0.16245194689974318,0.007670718325312499,-0.39659550916090186,-0.007670718325312499,0.07800717148021037
797,0.15704958009197584,0.11130956299235842,-0.4143191476776561,-0.11130956299235842,0.159450533911147
798,0.14906795820871108,0.11535688938305033,-0.439486684811768,-0.11535688938305033,0.1554497139570374
799,0.13991543382215407,0.10627171206705137,-0.43080138244835847,-0.10627171206705137,0.1475797634163783
800,0.18532249757794111,0.05446881445365874,-0.39256130954067603,-0.05446881445365874,0.12398033430233467
801,0.19320272645352016,0.04224661936946145,-0.3929756452259138,-0.04224661936946145,0.10941305784862508
802,0.1792563594257179,-0.003662354107258039,-0.3970956208272275,0.003662354107258039,0.06768268276117193
803,0.1839379974948702,0.010563378886396631,-0.38630307033998745,-0.010563378886396631,0.08061678525414265
804,0.17898796214424023,-0.04934580034879229,-0.36984684488946606,0.04934580034879229,0.03122538305336276
805,0.15889088806629093,-0.07524801453869401,-0.3432944643473864,0.07524801453869401,0.01352835775314451
806,0.16148763704633015,-0.07095267613488118,-0.2955301198197808,0.07095267613488118,0.024118558912019986
807,0.16415216618960665,-0.02178263926315042,-0.25963869697398695,0.02178263926315042,0.06624580429364475
808,0.17054151715539567,-0.03322052246986858,-0.2881605090102548,0.03322052246986858,0.0530923011498009
809,0.16470082292773902,0.021452230673070512,-0.23720819813246183,-0.021452230673070512,0.0999902002571386
810,0.16168311082525694,0.009410241530285711,-0.26441024450435374,-0.009410241530285711,0.0831424687747748
811,0.1478062213841152,-0.16213495112497006,-0.3906573946005311,0.16213495112497006,-0.08331134426035385
812,0.14750126486357307,-0.14335899070064956,-0.3843334327436838,0.14335899070064956,-0.06579312681140286
813,0.1361800186624618,-0.171809059735269,-0.39679251688639616,0.171809059735269,-0.09811200656001276
814,0.15245327532950936,-0.11745211074941769,-0.3646905913071201,0.11745211074941769,-0.04192238809733358
815,0.16043316062659807,-0.04101320482510288,-0.2694272444765437,0.04101320482510288,0.04028356254168772
816,0.15613838465688304,-0.06400203883045433,-0.27781555041947353,0.06400203883045433,0.02153193987238182
817,0.15529167039421615,-0.07614209120159282,-0.30975374679571216,0.07614209120159282,0.007832482131919708
818,0.1582314530303473,-0.0673801368280838,-0.30172968341188694,0.0673801368280838,0.016751951601435715
819,0.16507165524650175,-0.08018950502166627,-0.33719552354031007,0.08018950502166627,0.0010315163921029674
820,0.15736549009744752,-0.11850217844995173,-0.32958003842151773,0.11850217844995173,-0.03389478909559926
821,0.1532110124460386,-0.05967172471749085,-0.25322352880996574,0.05967172471749085,0.02750239149205084
822,0.1541974948741631,-0.05614762930909618,-0.26580609248073434,0.05614762930909618,0.027225032995035828
823,0.1516280481222818,-0.058820248853011,-0.2639045945953422,0.058820248853011,0.027047008471320026
824,0.1523695627045193,-0.08010709882197356,-0.2989662970753634,0.08010709882197356,0.001424381413798895
825,0.139848704249601,-0.025376069616266286,-0.38392950594525427,0.025376069616266286,0.03197844428195996
826,0.14702186621027094,-0.045611786515218716,-0.371134630207551,0.045611786515218716,0.01841856230146604
827,0.15358896390476773,-0.023404439164233553,-0.26065479732499397,0.023404439164233553,0.05136333037218543
828,0.17842710541431164,0.005324314598515493,-0.33054108715395364,-0.005324314598515493,0.07185724981472097
829,0.17986203502296694,0.03244677307386896,-0.2696089129390133,-0.03244677307386896,0.09584759875684379
830,0.16963355944952915,0.015257766224881137,-0.2940874197595598,-0.015257766224881137,0.076708443211353
831,0.1626735621775974,-0.013119001676526337,-0.35512815927808333,0.013119001676526337,0.048218504142727325
832,0.15829488618758783,-0.04537737445149524,-0.3008678863906153,0.04537737445149524,0.023971815973156316
833,0.1632315477784874,-0.008908689603246388,-0.2646219380626922,0.008908689603246388,0.055853606374227954
834,0.1517282906481291,0.001343728480676685,-0.26405180619356194,-0.001343728480676685,0.07106189141097628
835,0.15999235334055714,-0.012133488480957388,-0.3053167942140461,0.012133488480957388,0.0529165291225376
836,0.17652372134079056,0.009453291877066302,-0.29757623968115554,-0.009453291877066302,0.07467569607202532
837,0.21169193832488076,0.06491300042100487,-0.3531105860678038,-0.06491300042100487,0.11835340434889442
838,0.18534712320372093,0.027148093952575475,-0.2635054510740489,-0.027148093952575475,0.08923641103351744
839,0.1581195558841649,-0.028645661172737924,-0.23123213183168573,0.028645661172737924,0.04916977390906563
840,0.18293708169578562,-0.005631155133387711,-0.16079360896087316,0.005631155133387711,0.07896851084983339
841,0.18143640247876316,-0.025558473909598412,-0.275091066808948,0.025558473909598412,0.051195989772758375
842,0.1814426889193361,-0.006433590346154365,-0.3126653062372731,0.006433590346154365,0.05988910939252433
843,0.19796153949748121,0.005421692795081999,-0.3105972240367553,-0.005421692795081999,0.07642767122465395
844,0.1936462303331473,0.0018057059982258257,-0.348472939710372,-0.0018057059982258257,0.0587738412363349
845,0.17662241547480628,-0.12000572276249612,-0.3279128793065652,0.12000572276249612,-0.03909946674407753
846,0.15552052199597816,-0.0719464619305471,-0.22925297313243428,0.0719464619305471,0.002416653010682067
847,0.18551991399907594,0.10016013348781468,-0.36206857788190094,-0.10016013348781468,0.14909962819114292
848,0.17833154743191146,0.10774907123868212,-0.356110101806876,-0.10774907123868212,0.1528676141842144
849,0.18228800949394994,0.11961087876203062,-0.36467132566178107,-0.11961087876203062,0.15775636173154614
850,0.1820291769895134,0.06926023124921747,-0.37669494999215636,-0.06926023124921747,0.12200813513540025
851,0.18177297586511373,0.03598671791869977,-0.32966718810051754,-0.03598671791869977,0.10122155085883677
852,0.1838908778152213,0.038514226774569615,-0.34306800107201724,-0.038514226774569615,0.10250060635288255
853,0.1837273435967382,0.10917599991280191,-0.3597409080235835,-0.10917599991280191,0.14821784404967495
854,0.14338435894769494,-0.007510087080291041,-0.2808063826376339,0.007510087080291041,0.06638655612828721
855,0.15887449208088888,-0.0013441074644890444,-0.3461686564722266,0.0013441074644890444,0.0657549623948198
856,0.1802772186088933,0.06215308408522668,-0.38337445312586743,-0.06215308408522668,0.11206939429046672
857,0.17137891593310023,0.10517490387976434,-0.34390939215247196,-0.10517490387976434,0.14488060854075954
858,0.16965579210506898,0.07240188230382211,-0.34275013102487756,-0.07240188230382211,0.12042647050617986
859,0.16088061777529897,0.011377090817091012,-0.34270992410309714,-0.011377090817091012,0.07322356791572224
860,0.16732630716026944,0.088212311116281,-0.33369951115627433,-0.088212311116281,0.13340962090172265
861,0.17414102709870968,0.10305931022707117,-0.3310325281245307,-0.10305931022707117,0.14857295195576167
862,0.18922652365929676,0.09480285998078312,-0.35394751392512475,-0.09480285998078312,0.13873224655704605
863,0.18964934059957989,0.032810157758400835,-0.34942497178077303,-0.032810157758400835,0.0961461275328338
864,0.2084986251678734,0.08759693576817115,-0.35701557613697565,-0.08759693576817115,0.14236114694835897
865,0.18681864113338467,0.004356304126705336,-0.3457796088877398,-0.004356304126705336,0.0759764902624197
866,0.19084844203852983,0.06394623048460095,-0.37008629418891226,-0.06394623048460095,0.11943621745840745
867,0.14260586377663503,-0.011746569822548994,-0.2626746515699995,0.011746569822548994,0.07093087067032931
868,0.15589214191651152,0.023547545390792998,-0.29195831292920904,-0.023547545390792998,0.09861597999596258
869,0.16129572534199632,-0.008715376144055705,-0.2975202789317715,0.008715376144055705,0.07120744615456545
870,0.17308536265688643,-0.009625789202442512,-0.3352852542284592,0.009625789202442512,0.06859621468971464
871,0.20259852188669006,0.046190622802754565,-0.3725385698789814,-0.046190622802754565,0.11446117944460016
872,0.20660586610284223,0.06809660038018919,-0.38359436291784077,-0.06809660038018919,0.13274079399722077
873,0.1763711011562487,-0.02280232541328263,-0.37887736504068564,0.02280232541328263,0.04952815542235403
874,0.19190845492953681,-0.06054043713030277,-0.3807111076677736,0.06054043713030277,0.024822774136828995
875,0.18213108415858176,-0.09675751763165698,-0.3811865337838637,0.09675751763165698,-0.00936520760812455
876,0.16973470227808304,-0.08717728587856213,-0.3623744244720354,0.08717728587856213,0.0010549318402242962
877,0.18061850761510018,-0.03182587887785083,-0.3762441807201819,0.03182587887785083,0.046539234424968996
878,0.17268805040094065,-0.04164630247882381,-0.3817798357772429,0.04164630247882381,0.034438762627427656
879,0.16466804537822455,0.0030830289491322366,-0.39595849849477754,-0.0030830289491322366,0.06957287639403746
880,0.17181633763439252,-0.04760166482987837,-0.37844564736422037,0.04760166482987837,0.031175822993775606
881,0.16741641485287775,-0.08559438833759388,-0.39087788774995785,0.08559438833759388,-0.0020576220961184915
882,0.17906525760011585,-0.07655259512477824,-0.3808075994776063,0.07655259512477824,0.008345837457842419
883,0.17942256370343398,-0.03173261660692009,-0.3643543661959666,0.03173261660692009,0.050584551336742264
884,0.1707557248024381,0.01706633857905825,-0.26994642121856344,-0.01706633857905825,0.09869812411452246
885,0.16771267252117694,0.029204900612368807,-0.2333470430811171,-0.029204900612368807,0.11383592040239907
886,0.17752117874353926,-0.00566888583517388,-0.2984002880570659,0.00566888583517388,0.07501917615503868
887,0.16561958572950103,-0.043061579513128334,-0.36678101958554776,0.043061579513128334,0.03503350635742717
888,0.1689276507203386,-0.06723752733217449,-0.3527379009275125,0.06723752733217449,0.018455824257333296
889,0.15753564849342885,-0.030505797874107524,-0.3136757295261722,0.030505797874107524,0.056551117622529366
890,0.16051483777231068,-0.10455655750229503,-0.36420424691529196,0.10455655750229503,-0.015811564944944182
891,0.15759938737205598,-0.14587108650546488,-0.3705697187598375,0.14587108650546488,-0.05184807439375075
892,0.15889883480533523,-0.09813667127983422,-0.3614146697241309,0.09813667127983422,-0.004964745449537925
893,0.1657418239546474,-0.026878921074686635,-0.3854861572826991,0.026878921074686635,0.05390157518160632
894,0.16457261256347325,0.04598105726445036,-0.3998988646152146,-0.04598105726445036,0.11339126671946739
895,0.1522341120540999,0.06468372536561018,-0.40242510467481546,-0.06468372536561018,0.12380654043842433
896,0.14213612997863997,0.08615130812636741,-0.42024118880809475,-0.08615130812636741,0.1334619671520097
897,0.17960538531466394,0.02979215259374531,-0.3317891333590477,-0.02979215259374531,0.10690832364097994
898,0.17734063382257415,-0.0014494647900992925,-0.35072428797791216,0.0014494647900992925,0.08015169367354245
899,0.16630434817106865,-0.04104212041176019,-0.36048477749629315,0.04104212041176019,0.04169506105881841
900,0.16240673565279581,-0.07106645817731247,-0.33473413763927784,0.07106645817731247,0.01942574378897708
901,0.16972090338249998,-0.028335795865035318,-0.33165714691678744,0.028335795865035318,0.05293654497769269
902,0.16909369835151086,-0.06437988176615676,-0.3132081556863143,0.06437988176615676,0.025312683035124635
903,0.15157506365857037,-0.1086552837571936,-0.30912250785704115,0.1086552837571936,-0.010595003041588159
904,0.1455636678945076,-0.11214147391341076,-0.31650779061440765,0.11214147391341076,-0.01786011925156261
905,0.13961374584734315,-0.026855281975920353,-0.31404975806078905,0.026855281975920353,0.04791607141111364
906,0.15518496428869794,-0.00351535856244739,-0.266892685942838,0.00351535856244739,0.07386151249133195
907,0.14973946729779053,-0.03621680166692248,-0.3140331534833586,0.03621680166692248,0.03423561147572129
908,0.16157468998327615,-0.07974989042327266,-0.35188215249749105,0.07974989042327266,-0.000423122544281217
909,0.14719668158667554,-0.15153638229768185,-0.3544036158197654,0.15153638229768185,-0.06633519435762936
910,0.15131821144480267,-0.07678639983587511,-0.2845370978727634,0.07678639983587511,0.0044057377545364705
911,0.16466358095263114,-0.13204174462508084,-0.3574372871646753,0.13204174462508084,-0.05397729931666734
912,0.1672307566337878,-0.1396558157329918,-0.353406324045044,0.1396558157329918,-0.060624446192426164
913,0.15689635882521275,-0.12038825957630482,-0.31656108022801943,0.12038825957630482,-0.03440435269406257
914,0.1635186468841917,-0.11344289224266627,-0.32139017187918906,0.11344289224266627,-0.028352651208778615
915,0.15518031116666428,-0.11087676876209909,-0.2852069624919661,0.11087676876209909,-0.02045884387520855
916,0.1570092862053617,-0.10878856942298468,-0.31245959607507184,0.10878856942298468,-0.021870005480614463
917,0.16164640331406666,-0.12641548402653582,-0.3264002190994359,0.12641548402653582,-0.04065130850764064
918,0.1566666745172182,-0.11434371902261631,-0.29353786160103806,0.11434371902261631,-0.026302143914457645
919,0.15441635531029738,-0.060965507221913705,-0.2499783126669392,0.060965507221913705,0.023883055921818806
920,0.15710057214860007,-0.07108403856733962,-0.26670822234041924,0.07108403856733962,0.01507511114423622
921,0.14512152831598432,-0.07070871357531795,-0.3160437565749721,0.07070871357531795,0.006502147293654295
922,0.13680955100810066,-0.04508756568230525,-0.37797279670998113,0.04508756568230525,0.014557666603176284
923,0.14624470653225408,-0.0832227810156769,-0.3206271024535113,0.0832227810156769,-0.00636933138034506
924,0.14934254974344324,-0.04802582486621514,-0.26255690095846096,0.04802582486621514,0.030376024425145073
925,0.16137669754524098,-0.007895216405440084,-0.23973337110273654,0.007895216405440084,0.06599030429667009
926,0.16526857739337672,-0.07422286519880682,-0.3593858116287476,0.07422286519880682,-0.0035354852941700534
927,0.16112810718035844,-0.04489178513913548,-0.37848555738572975,0.04489178513913548,0.013973431486077756
928,0.16180821197674192,-0.03550371434127739,-0.33990491328050343,0.03550371434127739,0.029041743166395614
929,0.1585920849462343,-0.020817626054079597,-0.27383377775083156,0.020817626054079597,0.04708421217712554
930,0.1602185270526357,-0.0345463461982516,-0.2786169743811308,0.0345463461982516,0.032717326155328096
931,0.16312701417968256,-0.0204240279232119,-0.2852141873164792,0.0204240279232119,0.05128005206662604
932,0.1636562801995787,-0.018489094324633627,-0.2746630403794049,0.018489094324633627,0.04942365017577553
933,0.18658648871417027,-0.005795462691412136,-0.3566783490182516,0.005795462691412136,0.05487027299199283
934,0.2016529157508906,0.06275930798514154,-0.33209852812369495,-0.06275930798514154,0.11255964589073827
935,0.1608946330240177,-0.010899695781094744,-0.23096196563485888,0.010899695781094744,0.060870217117391615
936,0.20239299410639341,0.0197720863610462,-0.3124695213559112,-0.0197720863610462,0.08872160113025856
937,0.18416643613704295,0.0053087509428823764,-0.3019784506736885,-0.0053087509428823764,0.07332976857879156
938,0.1533961190734409,-0.02477621671096974,-0.28068708558923483,0.02477621671096974,0.043803936787292316
939,0.16202734276526004,-0.005001262502944636,-0.29095757692889335,0.005001262502944636,0.05652708444794587
940,0.20081856624346867,0.0002943093344349971,-0.33482906273242724,-0.0002943093344349971,0.0625181883297987
941,0.18213563127817142,-0.1128637941539037,-0.35827972763529126,0.1128637941539037,-0.039072936423199214
942,0.18232648987950048,0.06271684111010388,-0.3531656163472059,-0.06271684111010388,0.12304746145987108
943,0.1890553631090195,0.10430647756784478,-0.3700134757528781,-0.10430647756784478,0.14883139301505913
944,0.17962237109577683,0.09686425312258615,-0.3576970533273196,-0.09686425312258615,0.14386237441836988
945,0.18137725530756893,0.09215891967991789,-0.3583916199985771,-0.09215891967991789,0.1393038659448303
946,0.18447493010489704,0.09433310782349667,-0.36549209232505436,-0.09433310782349667,0.14301578756520647
947,0.17795872553645603,0.04991508984609471,-0.35486465108435866,-0.04991508984609471,0.11086925853947362
948,0.14952211999639048,0.00997437700912656,-0.30839803372280494,-0.00997437700912656,0.08050462289247749
949,0.14223815143768254,0.004427258411965863,-0.312797483576048,-0.004427258411965863,0.07223434742598733
950,0.1751985859617101,0.030838845107912422,-0.38715174891601767,-0.030838845107912422,0.09197370914109332
951,0.18501803461196134,0.08401778114753529,-0.3554317386893049,-0.08401778114753529,0.1310169208438898
952,0.18099682475496776,0.06509336080439974,-0.34384101417021323,-0.06509336080439974,0.11673684951720177
953,0.18330241926946622,0.08181641716258779,-0.3423120902570364,-0.08181641716258779,0.13024623628340748
954,0.16423224580607276,0.006827025558762291,-0.3634590121901708,-0.006827025558762291,0.06995937466606501
955,0.16576271355169897,0.0353476897487314,-0.3481221971916811,-0.0353476897487314,0.09024736370725829
956,0.17518800643348756,0.056061656603419614,-0.35273338340236915,-0.056061656603419614,0.10903586737079667
957,0.1844371369663403,0.0843928117809353,-0.3464214362632114,-0.0843928117809353,0.13083674856555957
958,0.18923602612621324,0.04295111780451737,-0.3476800577831919,-0.04295111780451737,0.10499337154119259
959,0.18849195010449074,0.047588004878690394,-0.31664742993055855,-0.047588004878690394,0.1118409752238719
960,0.2097146553476086,0.1060970604499328,-0.36235626228565965,-0.1060970604499328,0.154368004397844
961,0.2078477977469833,0.10542559396798372,-0.3717994677752935,-0.10542559396798372,0.152597371777572
962,0.18837715302623437,0.06378919412269778,-0.36900882978200616,-0.06378919412269778,0.11832956873138824
963,0.18454683686681342,0.06199170396522517,-0.3747582169112134,-0.06199170396522517,0.1204771288953841
964,0.19119807166153774,0.027178079106674864,-0.37217930461904597,-0.027178079106674864,0.09503393746534604
965,0.18308286550005662,0.018683655480811804,-0.34428718476823533,-0.018683655480811804,0.0902511897642704
966,0.16648927951788708,-0.007712796336890249,-0.2718778317228896,0.007712796336890249,0.07844185004280435
967,0.1562468277480408,-0.05145711283194827,-0.2837596909592516,0.05145711283194827,0.04298589537409707
968,0.15471077873625222,-0.04844052349816599,-0.2794360558753842,0.04844052349816599,0.04380285068164249
969,0.16850416152424916,-0.014676018281008974,-0.30779317055952315,0.014676018281008974,0.07156317382216916
970,0.1935842724124327,-0.024358058363383346,-0.3792446627459835,0.024358058363383346,0.057468916990890906
971,0.172384239539922,-0.08039354473992413,-0.3693801754172309,0.08039354473992413,0.006323851842790105
972,0.16949638291495,-0.10090505943469265,-0.3805429578464382,0.10090505943469265,-0.015109150314906158
973,0.17250750229234202,-0.07664701272711011,-0.37172109893093985,0.07664701272711011,0.006033618598322952
974,0.1471087015105535,-0.01214005441954216,-0.38692032155026385,0.01214005441954216,0.05506664171702695
975,0.15734158146965915,-0.0445506428320911,-0.38287958797028954,0.0445506428320911,0.031490616100773056
976,0.17468964209542948,-0.05781534670959492,-0.3641223673187692,0.05781534670959492,0.02398242005372357
977,0.1608098817585839,-0.08191032293705938,-0.37473743929647807,0.08191032293705938,0.0036750124473218615
978,0.1704531872190819,-0.05084936589335041,-0.38598133297286974,0.05084936589335041,0.028893301522937814
979,0.1626834571629147,-0.02241511456605588,-0.347296035031218,0.02241511456605588,0.05765904257226899
980,0.1681003174267466,0.0011683495638739813,-0.2746797820163685,-0.0011683495638739813,0.08471414903691592
981,0.1666550980462097,-0.004207793825728783,-0.2795753312465048,0.004207793825728783,0.07961260516773114
982,0.16908396561364072,-0.030578266048316937,-0.3480009935960908,0.030578266048316937,0.04814583986350076
983,0.1721883615504302,-0.03969148542832987,-0.3451262477190105,0.03969148542832987,0.04683558524663898
984,0.17448134132202275,-0.06928870713176367,-0.3490752720584811,0.06928870713176367,0.021581947999585283
985,0.16295398691695326,-0.037560616500127035,-0.316214308907208,0.037560616500127035,0.04796805936895831
986,0.16031110296289244,-0.10952502616875133,-0.3486899367000544,0.10952502616875133,-0.015799092998526446
987,0.1623838004907243,-0.10554228288158654,-0.3631154823669746,0.10554228288158654,-0.013295576696986335
988,0.1615285315909802,-0.08127336353317693,-0.3777106086123379,0.08127336353317693,0.004227713861954791
989,0.16257413210018543,-0.003900317191778054,-0.3916036427246623,0.003900317191778054,0.06857300964904073
990,0.1657234043551063,0.013271889060004665,-0.3684302429945136,-0.013271889060004665,0.08950616030900417
991,0.15758090613892253,0.04449239879873691,-0.39640175447830156,-0.04449239879873691,0.10943848400813314
992,0.16183948481587845,-0.0013713220291299815,-0.316519946579418,0.0013713220291299815,0.08052034307224891
993,0.16099008548600766,-0.04028707611510346,-0.32714504105949116,0.04028707611510346,0.04831741925004294
994,0.15807104586299525,-0.07487924621583988,-0.3399020968182842,0.07487924621583988,0.01483581833036287
995,0.15255383056373495,-0.07974015231404746,-0.29730639243352863,0.07974015231404746,0.020546946853704957
996,0.16298730060506642,-0.03342950626245819,-0.28840856080120547,0.03342950626245819,0.05355733020584465
997,0.15445100818663465,-0.0889066832554809,-0.31538269333757185,0.0889066832554809,0.004152398215892915
998,0.1425704528616567,-0.08874411060557269,-0.3436871767936299,0.08874411060557269,-0.005573996322218067
999,0.1480694095276412,-0.050655591834344295,-0.3518000167558352,0.050655591834344295,0.023777558397018637
1000,0.12935105609599445,-0.10831892453983498,-0.3495309633421939,0.10831892453983498,-0.03227165193606786
1001,0.13066889323731642,-0.08312405085665396,-0.3877273943058519,0.08312405085665396,-0.019421793174716116
1002,0.1262270313615699,-0.021596778097659808,-0.3907296761539726,0.021596778097659808,0.03171479541788759
1003,0.14366938969077475,-0.10131481089772282,-0.38502700445356863,0.10131481089772282,-0.03181245580501497
1004,0.14990284030182296,-0.1581729960833219,-0.34103734884323383,0.1581729960833219,-0.07282779919120373
1005,0.16100555585127277,-0.10750033216678484,-0.3316460970449341,0.10750033216678484,-0.028971546133807567
1006,0.18639363563592265,-0.16465216552703943,-0.4244435790149138,0.16465216552703943,-0.09940610359134895
1007,0.16205540827016732,-0.12183892678137422,-0.35034668547223047,0.12183892678137422,-0.0430214730763819
1008,0.15673275388982866,-0.07844341021916877,-0.2672508569799413,0.07844341021916877,0.009309363297629903
1009,0.15843457681452588,-0.06987267987257036,-0.2810845478359625,0.06987267987257036,0.0075289950101093996
1010,0.16146358506887515,-0.0452805767964934,-0.26064148862861386,0.0452805767964934,0.0361559361218341
1011,0.15863364017495293,-0.09374693460165517,-0.2561183001956694,0.09374693460165517,-0.0043009494626663125
1012,0.16548824017648148,-0.0799506278324174,-0.3067174380763168,0.0799506278324174,0.0007180688692263003
1013,0.16361203219203901,-0.10862205522371504,-0.3087087214040601,0.10862205522371504,-0.023663878597610263
1014,0.14775218381749944,-0.12634563091391648,-0.3057792648097599,0.12634563091391648,-0.04550880823565567
1015,0.1375233462150885,-0.14572204696701657,-0.3285800139437081,0.14572204696701657,-0.068297912877843
1016,0.13379756813028812,-0.08590455184337568,-0.3262930387676925,0.08590455184337568,-0.011892133672884669
1017,0.1550323808086439,-0.09546743947073108,-0.2842802231036254,0.09546743947073108,-0.010105496115341844
1018,0.16137715274513864,-0.09192190591625037,-0.28758478423264966,0.09192190591625037,-0.00727308126922405
1019,0.15785372695163347,-0.056045937552797645,-0.2525746355046531,0.056045937552797645,0.025629163406832262
1020,0.1675653083670304,-0.04153901395667943,-0.27362915553688144,0.04153901395667943,0.03600264037798333
1021,0.16619724896610824,-0.12378938607119429,-0.3217937415548305,0.12378938607119429,-0.038701712150359426
1022,0.1615346891269166,-0.10028386320426091,-0.3227056790193874,0.10028386320426091,-0.021118498966476693
1023,0.15925069867004757,-0.03351896406650538,-0.2744025419298766,0.03351896406650538,0.037587806492616456
1024,0.16396928937173297,0.006476502772427356,-0.2655134370606226,-0.006476502772427356,0.06720521939252075
1025,0.15990904871183712,-0.013893147844928606,-0.2569418819172646,0.013893147844928606,0.055492194838164005
1026,0.16119692691602366,-0.015230413962466468,-0.2781609522673032,0.015230413962466468,0.05231377291750608
1027,0.16067225609575211,-0.10746091627904383,-0.3181200110902589,0.10746091627904383,-0.025811022600446258
1028,0.16991068968625833,-0.09342192038572623,-0.3682732384832795,0.09342192038572623,-0.023288401006665762
1029,0.1793132448890713,-0.04887292449503475,-0.32635242503051975,0.04887292449503475,0.02048353186094723
1030,0.16336855798169983,-0.02987742606567122,-0.269016421689836,0.02987742606567122,0.043271033068857725
1031,0.19372085551070084,0.014191563138590503,-0.3122455853563401,-0.014191563138590503,0.07897380729682038
1032,0.16540989295783856,-0.0005694801854232978,-0.27902876999953263,0.0005694801854232978,0.0618505014025295
1033,0.17181025960267013,-0.0021228289910908494,-0.2699451898893448,0.0021228289910908494,0.06096551187656102
1034,0.18486540729007014,-0.07902715953654318,-0.30839501068420233,0.07902715953654318,-0.005627398726713117
1035,0.1814635793628356,-0.19343137777465,-0.3442662084025685,0.19343137777465,-0.10836107799521821
1036,0.17397965374825355,0.07400090447484654,-0.3801926266517624,-0.07400090447484654,0.13128051767076052
1037,0.18713170217263128,0.10366557736105239,-0.3775146160031345,-0.10366557736105239,0.15176775276970308
1038,0.18766397792349934,0.10943449540619722,-0.37236470034194696,-0.10943449540619722,0.15358464885663764
1039,0.17926145659614964,0.08354915547389025,-0.3549921020511704,-0.08354915547389025,0.13437361455687113
1040,0.14965771549130946,0.025031793959903282,-0.3216773564950684,-0.025031793959903282,0.0902395210528348
1041,0.1451499665004579,0.012408292862181293,-0.32302310654952276,-0.012408292862181293,0.08011505158227038
1042,0.15415610582549572,0.04059013077437961,-0.3235117767912969,-0.04059013077437961,0.10001394579444087
1043,0.18217394410849455,0.09413504282677057,-0.35626143703781,-0.09413504282677057,0.14076757065208612
1044,0.18122658109336814,0.10919501550917407,-0.3731134642837727,-0.10919501550917407,0.14849796206628743
1045,0.18754497805290998,0.06864084705826379,-0.3569544214779713,-0.06864084705826379,0.12142436697203997
1046,0.18840669934413676,0.07294275452085723,-0.34854381686640096,-0.07294275452085723,0.12448921237148187
1047,0.18599253694888468,0.03648748300199687,-0.3101130566219487,-0.03648748300199687,0.10210375397802604
1048,0.18411889604630619,0.03261399792420853,-0.29755079007587254,-0.03261399792420853,0.1004270338445523
1049,0.16830463033536122,0.020637952861888437,-0.3539747804484346,-0.020637952861888437,0.08807197958881602
1050,0.13325317044191556,0.03636729580500349,-0.25518368575552314,-0.03636729580500349,0.10889294465006694
1051,0.1599062197447893,0.026853872128403546,-0.3377931134129657,-0.026853872128403546,0.0879395787008709
1052,0.18788806249095358,0.07324589263176916,-0.3567104689464566,-0.07324589263176916,0.1261464408145915
1053,0.19701637848237197,0.07143690239372749,-0.3716224527197718,-0.07143690239372749,0.12858224774295898
1054,0.20520173085183882,0.07941452601549931,-0.36686914810141846,-0.07941452601549931,0.13669501131069198
1055,0.2113815982051768,0.09546896384818016,-0.3739255824742682,-0.09546896384818016,0.15056833280027768
1056,0.20120933831989893,0.05299982593023746,-0.3792948520666812,-0.05299982593023746,0.11175416269338377
1057,0.1897536033442481,0.02593169193330225,-0.3773903798323639,-0.02593169193330225,0.09138612051427022
1058,0.20848439199962415,0.08582278288353966,-0.37677058602431135,-0.08582278288353966,0.14795323053434237
1059,0.20451047810381925,0.04854365697408354,-0.37345981466018746,-0.04854365697408354,0.11467778237066824
1060,0.2047032759178624,0.04534700068517766,-0.37193393153691917,-0.04534700068517766,0.10787688785706372
1061,0.1959412060809109,0.04644355380374155,-0.35052076161929424,-0.04644355380374155,0.11209946849463484
1062,0.20138566499857777,0.06775272074098135,-0.3630143449978421,-0.06775272074098135,0.12900790047142058
1063,0.19094161260968573,0.00756845074029182,-0.3685582503139552,-0.00756845074029182,0.08010531625756634
1064,0.15800438008515302,-0.06306813808974175,-0.30755593330504444,0.06306813808974175,0.02838308683084787
1065,0.18133437478050254,-0.01486303736379555,-0.3528506983152957,0.01486303736379555,0.06442941464396566
1066,0.17269330546364892,-0.08202443829270423,-0.3598602944901397,0.08202443829270423,0.004420720245634379
1067,0.20059308286158736,-0.001471791145086008,-0.29312121085188125,0.001471791145086008,0.07904293503262023
1068,0.17760416406673438,-0.06262195165484813,-0.37185085993413464,0.06262195165484813,0.020607382989335312
1069,0.17390110306130646,-0.05199377151544185,-0.3440373237227966,0.05199377151544185,0.03503285434185691
1070,0.17447823194523585,0.012112785455152406,-0.28605329226495285,-0.012112785455152406,0.09270914624960985
1071,0.17931561875746163,0.038711350692042026,-0.25720471079875,-0.038711350692042026,0.116003185290865
1072,0.1695925990194423,-0.012864331035203345,-0.3000057893446159,0.012864331035203345,0.07220189694759346
1073,0.16501644537961335,-0.07409790858290671,-0.34744151655468264,0.07409790858290671,0.010928396213895276
1074,0.18079868057122425,-0.04894932102869471,-0.35672187143470513,0.04894932102869471,0.035836044100215694
1075,0.16258465986362255,-0.126170238426271,-0.3793303945207181,0.126170238426271,-0.04008839876877596
1076,0.16435988618343034,-0.08036371171978847,-0.37598789128144733,0.08036371171978847,0.0027135938514733747
1077,0.16572213451945297,-0.06397381525062075,-0.37306916224015496,0.06397381525062075,0.018152816933720225
1078,0.1655859623789664,-0.045398499182694736,-0.33390551756643105,0.045398499182694736,0.03992316158082079
1079,0.1754809095898818,0.03043255253674671,-0.27612046305735527,-0.03043255253674671,0.10629479793132263
1080,0.17877880494213988,0.014683845106522464,-0.31347560797586815,-0.014683845106522464,0.08443196215841904
1081,0.1702182683698487,-0.03193293393148014,-0.3603865307657245,0.03193293393148014,0.04407917547523458
1082,0.1668218752933946,-0.018983529515233775,-0.32537743046942447,0.018983529515233775,0.06312569632240438
1083,0.17581333437758476,0.005634531709884436,-0.28783521804113243,-0.005634531709884436,0.09297486634538871
1084,0.1647948895135299,-0.09319393065603025,-0.3315842249242843,0.09319393065603025,-0.0012672743851451043
1085,0.1753384992013781,-0.05303531302904837,-0.3626593148907554,0.05303531302904837,0.031797146649681106
1086,0.1806550374192424,-0.015267290562968513,-0.3594893746674681,0.015267290562968513,0.06485438342427487
1087,0.18263844171058843,0.005224802369156622,-0.35404869827568863,-0.005224802369156622,0.0840616417894155
1088,0.1697770525298294,-0.015699272043824604,-0.3590593758314071,0.015699272043824604,0.06389424512666218
1089,0.16045009787942102,-0.019428758502703643,-0.3347877543786776,0.019428758502703643,0.06380798861620436
1090,0.15859326272339375,-0.07465106803926247,-0.358779293086871,0.07465106803926247,0.010561434453664474
1091,0.15827547791175306,-0.09146171084279958,-0.3464506347023883,0.09146171084279958,-0.002096236066503031
1092,0.15479097533119013,-0.1219899406096833,-0.2931360536461585,0.1219899406096833,-0.018277580012674936
1093,0.1501709914716829,-0.08421028929171778,-0.2977752904934493,0.08421028929171778,0.01259544682013315
1094,0.13789489217507592,-0.03116347245713007,-0.37619554520050724,0.03116347245713007,0.033570273792093056
1095,0.1274792118848326,0.025742946967816233,-0.40264206767403554,-0.025742946967816233,0.07158752711986552
1096,0.13465838131277308,-0.02328223869332725,-0.3964795805785559,0.02328223869332725,0.03357876588046655
1097,0.12962290603134097,-0.10033389764386437,-0.3667666297071866,0.10033389764386437,-0.024392792239767976
1098,0.12753916255484524,-0.12580342982979018,-0.3911063581306981,0.12580342982979018,-0.05834868813236895
1099,0.1325889408934225,-0.09164356067325478,-0.40104807032541184,0.09164356067325478,-0.03002156109790912
1100,0.13449963307633037,-0.08965209996124715,-0.4017749149440847,0.08965209996124715,-0.029266118704701142
1101,0.13994289901332563,-0.18455404762525163,-0.39523934575003394,0.18455404762525163,-0.10992285729939487
1102,0.15367553283551755,-0.15317865507858622,-0.37294036898273936,0.15317865507858622,-0.07967090693482089
1103,0.14836071558638195,-0.13652915478060287,-0.33066739110414267,0.13652915478060287,-0.053632405412202606
1104,0.14876301479073928,-0.1428416176301353,-0.3141363495514297,0.1428416176301353,-0.05459180540353657
1105,0.15448188538937657,-0.09659431005890536,-0.27888565075710914,0.09659431005890536,-0.009213638201304861
1106,0.16037769211228478,-0.05681592566043286,-0.2587351291826921,0.05681592566043286,0.027585162451359464
1107,0.16605292834806884,-0.00040429772571308725,-0.2191202030209848,0.00040429772571308725,0.07362009195498521
1108,0.16369569990740637,-0.051515814114131794,-0.2610471918859434,0.051515814114131794,0.027159003133881938
1109,0.1628085553400169,-0.11081784825181966,-0.329597329553825,0.11081784825181966,-0.03157372883037618
1110,0.15671062340235448,-0.137826120857843,-0.30021841806426874,0.137826120857843,-0.04799208480344435
1111,0.13091582693683726,-0.15019482391642688,-0.3325987920151968,0.15019482391642688,-0.07169637534877593
1112,0.143094361225207,-0.08925335770132888,-0.29659691739834015,0.08925335770132888,-0.008413960528973807
1113,0.157090580764688,-0.0864103964395917,-0.2805105521721922,0.0864103964395917,-0.003260028435484825
1114,0.1611957361106672,-0.0696834558710005,-0.2658294667293789,0.0696834558710005,0.01422889635183212
1115,0.16066967901051732,-0.11974709370928517,-0.2885650832997905,0.11974709370928517,-0.03145313760727895
1116,0.1598407748021619,-0.07048221508829532,-0.25648522225360026,0.07048221508829532,0.013522007516134067
1117,0.15904498408412038,-9.650121934253483e-06,-0.23540149500556157,9.650121934253483e-06,0.06935360709389465
1118,0.163547614177949,-0.016792221780433377,-0.238239744900537,0.016792221780433377,0.057292043948863065
1119,0.15753710105228272,-0.05092857656535739,-0.2666738604032906,0.05092857656535739,0.02766936777474238
1120,0.16632508747382077,-0.01742103730180192,-0.26508586158711966,0.01742103730180192,0.04597146545277745
1121,0.16989722913526678,0.014417488676757639,-0.2714369164860924,-0.014417488676757639,0.06944067347983014
1122,0.1626801740537733,-0.020418320688796843,-0.2711909981425607,0.020418320688796843,0.04966886990148946
1123,0.1541331610607912,-0.08216999660965593,-0.2723741537104549,0.08216999660965593,0.002797347677815399
1124,0.1571997447375336,-0.12118861026515568,-0.28305399147226845,0.12118861026515568,-0.03060718991653175
1125,0.16301417515702055,-0.08336838528309574,-0.2750336673446204,0.08336838528309574,0.0011101977183491888
1126,0.17005527982390545,-0.016090447303925927,-0.22805596759164665,0.016090447303925927,0.05803970757805248
1127,0.1608651329341519,-0.034219228926519234,-0.2557167572936889,0.034219228926519234,0.03896322226816985
1128,0.16420389873059718,0.025652602649545685,-0.26275119525783375,-0.025652602649545685,0.08176850548900659
1129,0.17189424123699565,0.003350487663123722,-0.258307864071467,-0.003350487663123722,0.06753163849328939
1130,0.18101504286154305,-0.07654832581522172,-0.3086572745714241,0.07654832581522172,-0.0039048856730678973
1131,0.1704091537462954,-0.1677693272507666,-0.3221635295088825,0.1677693272507666,-0.07981590558492467
1132,0.18459258519558178,0.08197228649417229,-0.3654495395619177,-0.08197228649417229,0.13638542439304885
1133,0.14760624165073366,0.04093827534528271,-0.3080747122063942,-0.04093827534528271,0.10760561955499752
1134,0.1507581322632693,0.02251147470766327,-0.3256986048662437,-0.02251147470766327,0.09115110248139269
1135,0.14723792884393178,0.014470017986917228,-0.3155401002624424,-0.014470017986917228,0.08464728558020014
1136,0.15892605136738025,0.046156808399096666,-0.3494485963268559,-0.046156808399096666,0.10500162296547627
1137,0.18584800913532262,0.0906834547656184,-0.3785267505709515,-0.0906834547656184,0.13386497520558077
1138,0.19864421786771322,0.12341244456416531,-0.3707685126697145,-0.12341244456416531,0.16203266316403486
1139,0.18818850468703935,0.08803012225422234,-0.34246716930886073,-0.08803012225422234,0.13724859603863057
1140,0.19344679752365143,0.07707802037869317,-0.37345784121651043,-0.07707802037869317,0.1291659706823105
1141,0.19418475707805086,0.09206246387469985,-0.3581327185195309,-0.09206246387469985,0.14114748754568476
1142,0.18330882892847022,0.06616751224077479,-0.32867097389825,-0.06616751224077479,0.12319847795481965
1143,0.1947707969237833,0.07006838225737787,-0.3581172972483766,-0.07006838225737787,0.12514484928956482
1144,0.18413763126765706,0.004694093082614803,-0.3554283512706757,-0.004694093082614803,0.07450165762029809
1145,0.19161194772301537,0.034463731744663495,-0.3509373410258549,-0.034463731744663495,0.09621748841284197
1146,0.18768389862855583,0.039193093540329606,-0.3357875282017063,-0.039193093540329606,0.10107437271708543
1147,0.16639290799953263,0.021740483614245618,-0.3544137696949426,-0.021740483614245618,0.08743709548564452
1148,0.17629512883727172,0.04795930397599176,-0.36802323777088836,-0.04795930397599176,0.10551374620324035
1149,0.19699748448949717,0.08617675679699784,-0.358571737050245,-0.08617675679699784,0.13836611563781442
1150,0.20764181055470263,0.10380454345250804,-0.3615758807289079,-0.10380454345250804,0.1568825074107383
1151,0.2097189334898897,0.09480354914100382,-0.37726536822048384,-0.09480354914100382,0.15360375290107867
1152,0.21285517430925338,0.09287835019978272,-0.3711064778598268,-0.09287835019978272,0.15007152648479008
1153,0.21611051551293717,0.09745695938428842,-0.36286004714094733,-0.09745695938428842,0.15858362809300697
1154,0.2058264215032196,0.0759524761402487,-0.3705194586298841,-0.0759524761402487,0.13943120409374493
1155,0.20790337328322842,0.08756658395963178,-0.3887810119129706,-0.08756658395963178,0.147788308138693
1156,0.216385070811715,0.08019393660196722,-0.373244802033582,-0.08019393660196722,0.14497892455207737
1157,0.19944866514501355,0.04194802770083865,-0.3684414578347032,-0.04194802770083865,0.10456802976039421
1158,0.19475267978944283,0.05267443804765446,-0.3647056398099871,-0.05267443804765446,0.11816283120575496
1159,0.18588856195194764,-0.03426372461016402,-0.3699333892993709,0.03426372461016402,0.04505883943757805
1160,0.18183134554703898,0.0026611519805161475,-0.3614856706957734,-0.0026611519805161475,0.07551822221269028
1161,0.17287200537450337,-0.026538050120892335,-0.35504555211788585,0.026538050120892335,0.05139902079050175
1162,0.18125805967987757,-0.02966318686641357,-0.349650093143618,0.02966318686641357,0.0538881213963234
1163,0.19440387013100952,0.004277164820455733,-0.3500344301540446,-0.004277164820455733,0.07555040389707486
1164,0.1904036925496556,-0.010083628155411018,-0.33843759101636933,0.010083628155411018,0.06475647082982544
1165,0.17774920313154954,-0.012222348975468856,-0.3075493826526221,0.012222348975468856,0.07260816241004521
1166,0.16899457447931934,-0.06820340274525054,-0.36185527842391013,0.06820340274525054,0.017711071098500356
1167,0.17001612750917544,-0.08992512764436107,-0.36777382668024444,0.08992512764436107,-0.0040892623214314775
1168,0.18066473988205914,-0.011077692995467516,-0.3228630622601011,0.011077692995467516,0.0706880485886041
1169,0.17525242376176858,0.019453139553816175,-0.2641445923126786,-0.019453139553816175,0.1009219916860692
1170,0.17277727632108122,0.010103371807431443,-0.31146163006412814,-0.010103371807431443,0.08711942369266669
1171,0.16562796446426994,-0.046813472729801964,-0.3597858065911797,0.046813472729801964,0.03359582483595466
1172,0.16460070308655944,-0.09471574341637981,-0.35780358736183165,0.09471574341637981,-0.0061195049330300955
1173,0.17622447170908243,-0.06441913062487671,-0.36395758752166313,0.06441913062487671,0.020822943291752796
1174,0.16346490671101616,-0.12584831745352956,-0.3529254699921317,0.12584831745352956,-0.034168917873660706
1175,0.16304028623768402,-0.09025769980276803,-0.3586634696679581,0.09025769980276803,-0.0028747549530492816
1176,0.16356056279497128,-0.05685468419654359,-0.36539534401284385,0.05685468419654359,0.024930224831267184
1177,0.16277167391245112,-0.01674219443999363,-0.3060842163896362,0.01674219443999363,0.06558897350336293
1178,0.1748197750802076,0.021391330575223102,-0.32777936281133957,-0.021391330575223102,0.09417582264984156
1179,0.18335063648198835,0.03834327135092852,-0.32678979272669484,-0.03834327135092852,0.11047874035138804
1180,0.18489050431026177,0.06687934645650863,-0.31409838825189107,-0.06687934645650863,0.135922996635557
1181,0.18946631656194482,0.06490250676309336,-0.3126033472419342,-0.06490250676309336,0.1350679837190312
1182,0.18035384555370096,0.06355798937085168,-0.32336642098047047,-0.06355798937085168,0.13141717374683531
1183,0.17488185327737685,0.026950217910903004,-0.28201638258651346,-0.026950217910903004,0.10239747475579622
1184,0.18304926708350813,0.036860493481212835,-0.2704177648854052,-0.036860493481212835,0.11022141633168273
1185,0.1795413304603149,0.0018931572032105024,-0.29186865417630614,-0.0018931572032105024,0.08447647878230481
1186,0.16574818495472646,-0.027933661727974037,-0.30885564445663827,0.027933661727974037,0.059103557557849996
1187,0.16533667421378578,-0.02133478683463697,-0.30422775650247286,0.02133478683463697,0.06660685409370769
1188,0.15251887272816997,-0.09175840255358822,-0.32185963979485954,0.09175840255358822,0.0017649874673793151
1189,0.15573911940760451,-0.12249520569413229,-0.2944570675829658,0.12249520569413229,-0.018363194700886116
1190,0.15525321247141746,-0.10334559672198172,-0.3348365542785097,0.10334559672198172,-0.014219444873403982
1191,0.15362501724507122,-0.05619891615630443,-0.3230154161153023,0.05619891615630443,0.028422387251156287
1192,0.13967062993242127,-0.02053978357034614,-0.3756244167426596,0.02053978357034614,0.04321437357558843
1193,0.12796657222995403,-0.0040437517994532865,-0.38919112963808233,0.0040437517994532865,0.04845832138605352
1194,0.13741986322217983,-0.017966899634073556,-0.37303424566286886,0.017966899634073556,0.041162773087319464
1195,0.12837717669222046,-0.11452817110277554,-0.3776587207795019,0.11452817110277554,-0.04276518640938824
1196,0.13006994274942002,-0.058977098442779374,-0.3889654817738643,0.058977098442779374,0.0018367252443392374
1197,0.13338739608948463,-0.1431318657636952,-0.37748508840727973,0.1431318657636952,-0.07108694230828687
1198,0.14526019804359122,-0.16333394800880308,-0.35301445014026744,0.16333394800880308,-0.08318500836199844
1199,0.15469596101694694,-0.13605425955682304,-0.3425358885442141,0.13605425955682304,-0.054827374129704017
1200,0.1510368427517456,-0.16946187209602367,-0.3654023917421273,0.16946187209602367,-0.08798932438976907
1201,0.14871240627337465,-0.11845573809602321,-0.3098024332416361,0.11845573809602321,-0.033174103011257845
1202,0.15754540080574025,-0.13528885927324558,-0.31300062020632424,0.13528885927324558,-0.04707331669933049
1203,0.1651483957838804,-0.09851088696763954,-0.33190340196279405,0.09851088696763954,-0.020441005475469457
1204,0.15295476168252936,-0.07378531087141188,-0.26605851530355595,0.07378531087141188,0.010623507767769325
1205,0.15686380582487544,-0.057275504991073346,-0.25727766780596606,0.057275504991073346,0.023966283618521687
1206,0.1584413922410213,-0.09695566092351071,-0.26711760778619714,0.09695566092351071,-0.008893624360635769
1207,0.16587513649420296,-0.08368000188864287,-0.3025236306753347,0.08368000188864287,-0.004720331947422775
1208,0.1636699831744628,-0.049325034865909625,-0.25539949428932074,0.049325034865909625,0.02919146594222013
1209,0.14285350050430556,-0.13525050022109422,-0.32552150600029395,0.13525050022109422,-0.05138490813053482
1210,0.1556819512953095,-0.08762950122803208,-0.2637579822997802,0.08762950122803208,-0.0013070536190700004
1211,0.1606735836557682,-0.06142278874510782,-0.2539674458213472,0.06142278874510782,0.02130395874371709
1212,0.16468207834291929,-0.07980405058094459,-0.2788366791332735,0.07980405058094459,0.003557090917878214
1213,0.16497568015223107,-0.09308927626808171,-0.27610847432291485,0.09308927626808171,-0.006789642900596199
1214,0.16375854024342382,-0.060868484272820274,-0.25836736870366184,0.060868484272820274,0.020563792429540904
1215,0.15872549586068138,-0.035784780913224234,-0.23732142266502784,0.035784780913224234,0.04301023735996189
1216,0.1588497284451858,-0.017745749075918762,-0.23673120763249628,0.017745749075918762,0.05420878696785604
1217,0.16429403926912764,-0.002445200260640624,-0.26503224354570903,0.002445200260640624,0.059579622149808865
1218,0.16394254543584186,0.016513298492634318,-0.2580956921304282,-0.016513298492634318,0.07398007728752336
1219,0.16872697509149834,-0.0017098632470076084,-0.25961002327967264,0.0017098632470076084,0.05945201477132102
1220,0.15752119017877148,-0.027246208670572303,-0.26197648334985013,0.027246208670572303,0.04600584790318628
1221,0.16465939342714117,-0.03659998529190641,-0.26373070786862424,0.03659998529190641,0.039963785300644414
1222,0.1585629243068878,-0.09851184318147177,-0.29448818679458133,0.09851184318147177,-0.014370398527567165
1223,0.1616945486927691,-0.06781133095606773,-0.25287863539326905,0.06781133095606773,0.01445541205217972
1224,0.1720547204173366,-0.008799413831101104,-0.24862910950411124,0.008799413831101104,0.060886556247086936
1225,0.1508109544330543,-0.060034493722046944,-0.2558033920801348,0.060034493722046944,0.017322513607810796
1226,0.1713519471925552,-0.03184531776508702,-0.2948667875141575,0.03184531776508702,0.032314602267094115
1227,0.17619239312001753,-0.0457882839486296,-0.30124409854708184,0.0457882839486296,0.017924769751175067
1228,0.16592919665522207,-0.13335653410928403,-0.32474311826874996,0.13335653410928403,-0.05790911250895172
1229,0.18245262766976167,0.12361700451908571,-0.3685285110946708,-0.12361700451908571,0.16452931915704297
1230,0.18567487474914016,0.1381805432269012,-0.3618387252269337,-0.1381805432269012,0.17492450457370318
1231,0.1844378407444323,0.11100721583048219,-0.37236515137157483,-0.11100721583048219,0.1549305900294747
1232,0.18972432612851997,0.07849691289842675,-0.37240459553367294,-0.07849691289842675,0.1346233772810157
1233,0.18900693032542998,0.062490325367338624,-0.34445974348432956,-0.062490325367338624,0.12025741013181743
1234,0.19127870696835783,0.1036862303176469,-0.37998191111579205,-0.1036862303176469,0.14491998738080322
1235,0.1969841152671335,0.12058070840779506,-0.36880667387126576,-0.12058070840779506,0.16196474914227024
1236,0.19014816690826497,0.09921413975707674,-0.39049009831087034,-0.09921413975707674,0.14386794223067736
1237,0.1975360603413821,0.0900488775731563,-0.379731224297307,-0.0900488775731563,0.13988756158381915
1238,0.20142636653260726,0.09431017993604769,-0.36701924107702616,-0.09431017993604769,0.1463346136965476
1239,0.18327939225950982,0.03614717243436654,-0.3624511033877672,-0.03614717243436654,0.09741159915289851
1240,0.19731069487037134,0.06880325542801329,-0.36171705663718445,-0.06880325542801329,0.12512390389721484
1241,0.19873404121949598,0.06954887319553564,-0.3450369824209958,-0.06954887319553564,0.1265231633250706
1242,0.188110772479999,0.07577738931903807,-0.361190209808742,-0.07577738931903807,0.12672958550306032
1243,0.19863414038205426,0.07962914183617327,-0.3072235298644316,-0.07962914183617327,0.13567584862746612
1244,0.20279163929237332,0.08914966215683817,-0.33254277440108787,-0.08914966215683817,0.1424074387346017
1245,0.2011302215332973,0.08693285166963408,-0.35601220890910795,-0.08693285166963408,0.14118221052830873
1246,0.19515415204064013,0.07585294560033722,-0.35199982161490995,-0.07585294560033722,0.13333454115160684
1247,0.19787987709526142,0.07666808988203547,-0.35810340448727285,-0.07666808988203547,0.13282729206179936
1248,0.20324560692401877,0.07538839621766305,-0.3663751542418776,-0.07538839621766305,0.13512250227000194
1249,0.2116118265926546,0.08359019601454867,-0.3750831639504607,-0.08359019601454867,0.14173157520921112
1250,0.20302588884225073,0.042407078013879156,-0.3696614919377024,-0.042407078013879156,0.11047916060309333
1251,0.1978902947622203,0.060701652743650504,-0.381245434336606,-0.060701652743650504,0.12469491556217281
1252,0.20429854070542683,0.08494809848740435,-0.38397491108834,-0.08494809848740435,0.14874356061037458
1253,0.21221919758686972,0.07256867349948683,-0.3773866564719965,-0.07256867349948683,0.13413526006886245
1254,0.20840506927102093,0.07358281402839677,-0.35234045226105615,-0.07358281402839677,0.13248448293584256
1255,0.195798780225914,0.03269083814781886,-0.3663676849532144,-0.03269083814781886,0.1000530912721808
1256,0.18895129905532182,0.019950449068118735,-0.37084980522666733,-0.019950449068118735,0.08797862764350758
1257,0.18605005036617092,0.02155062827287683,-0.35950213672934506,-0.02155062827287683,0.09180417565831454
1258,0.1720697001618145,-0.043536539332331294,-0.3582281794786506,0.043536539332331294,0.03792191946812756
1259,0.16691955168521036,-0.06621771840048513,-0.3517454365965813,0.06621771840048513,0.019093158072672287
1260,0.13796973634622442,-0.12216722640681273,-0.2834799234467813,0.12216722640681273,-0.018840923621550196
1261,0.1674600861518341,-0.011781060344366151,-0.33820989165402165,0.011781060344366151,0.06569051016096894
1262,0.1594025720405125,-0.07268834985014418,-0.35786981463163914,0.07268834985014418,0.014772282584645764
1263,0.16773568377403553,-0.05931308805359378,-0.36473231531513567,0.05931308805359378,0.026817127873529294
1264,0.17141279320555175,-0.05570341823093103,-0.3548032856709426,0.05570341823093103,0.03010674162312805
1265,0.17216767858466583,0.004459082835086011,-0.3300535941912593,-0.004459082835086011,0.08261193469072445
1266,0.18537240743293956,0.012429071700042862,-0.3396078575139946,-0.012429071700042862,0.08559324740652179
1267,0.17969054804815518,-0.01670846695008765,-0.33421628887137717,0.01670846695008765,0.06516634244626025
1268,0.17680411030598747,-0.042885747726099696,-0.33399216452631647,0.042885747726099696,0.042773480460925425
1269,0.17968716587793923,0.01303936921990508,-0.29426000733437024,-0.01303936921990508,0.09193945305862887
1270,0.16415559356141832,-0.0516955396842634,-0.19782109605578266,0.0516955396842634,0.054175072084049404
1271,0.17073970283874754,0.019749945635133076,-0.2885949809605621,-0.019749945635133076,0.09517057351640923
1272,0.1690083253111292,-0.03221563818494363,-0.3385199949869036,0.03221563818494363,0.045051787663330456
1273,0.16466840721898615,-0.03876730088106458,-0.34738498044749283,0.03876730088106458,0.040255274397131974
1274,0.17111910485596155,-0.016515720189118014,-0.3433331469209447,0.016515720189118014,0.061556285063807725
1275,0.16769497254055019,0.006977153428369492,-0.353615932718747,-0.006977153428369492,0.07802544468873393
1276,0.1685323946569547,0.040579759483319655,-0.35958847146845324,-0.040579759483319655,0.10315525018464118
1277,0.17313231710284077,0.08869058372721728,-0.35872267760045506,-0.08869058372721728,0.14394256818722306
1278,0.16452374968267675,0.0831690437065566,-0.34976173149838813,-0.0831690437065566,0.1410545427889026
1279,0.16189923144304882,0.07546616008704682,-0.3251659913844573,-0.07546616008704682,0.13895191542666188
1280,0.15421650895457908,0.0661414810125482,-0.29577996540997725,-0.0661414810125482,0.13332135716128576
1281,0.1661381057132326,0.0751848987047621,-0.3166502161489774,-0.0751848987047621,0.1399413856397375
1282,0.1730501094234327,0.07019104617678623,-0.3000957040568354,-0.07019104617678623,0.1377899826846607
1283,0.17713733211702204,0.05496778398236565,-0.3210052414582673,-0.05496778398236565,0.12441159483015819
1284,0.16290500189074972,0.0189749199355374,-0.28634495276686517,-0.0189749199355374,0.1002502493823786
1285,0.16590623595102438,0.019054416747610582,-0.24076918219942403,-0.019054416747610582,0.10749980317532427
1286,0.16780560005281892,0.006602804722675892,-0.23836521783323408,-0.006602804722675892,0.09680661106856663
1287,0.16659012701725942,0.018441908164297072,-0.2553610832652003,-0.018441908164297072,0.1019506510915619
1288,0.14652533920828623,-0.03294204350930535,-0.36193419199819155,0.03294204350930535,0.0387212367745154
1289,0.1292609679275875,-0.08077932410840558,-0.3743461382148274,0.08077932410840558,-0.010603929900014845
1290,0.14051317105945424,-0.12071679145707677,-0.35448415821873913,0.12071679145707677,-0.03797156258927914
1291,0.15256741979542157,-0.04769320611019706,-0.3420225388139148,0.04769320611019706,0.030608868303309177
1292,0.13940237719108828,0.020016207160956867,-0.3666605227832883,-0.020016207160956867,0.07484711643483057
1293,0.14391253064136775,-0.042899077252752126,-0.30273705647409327,0.042899077252752126,0.03894742249222269
1294,0.13815503211177393,-0.08578773197794676,-0.3755926175041902,0.08578773197794676,-0.016189956854757687
1295,0.14031911866885527,-0.0873311297168421,-0.3653598267912302,0.0873311297168421,-0.013084780769638855
1296,0.13103740323582155,-0.0710679233655524,-0.39602936919959386,0.0710679233655524,-0.009206906969412471
1297,0.1353323192050053,-0.1290683748173439,-0.3623699385897462,0.1290683748173439,-0.05050755767253759
1298,0.14253582159148717,-0.14110572868747978,-0.3463930912260029,0.14110572868747978,-0.061208718253040736
1299,0.15419769388717885,-0.09797520989874808,-0.29213217602963304,0.09797520989874808,-0.012372116114112168
1300,0.16479486857302866,-0.10090459213824597,-0.3173037110340588,0.10090459213824597,-0.019501449533981922
1301,0.1574492215347855,-0.14018898475132885,-0.3230984536529585,0.14018898475132885,-0.05365490060426907
1302,0.14908441993355112,-0.1668926119347475,-0.33468847448996364,0.1668926119347475,-0.07783060136748103
1303,0.15820244482313978,-0.11628324264346633,-0.2962622230139046,0.11628324264346633,-0.028785228943124283
1304,0.1545932418160345,-0.10298545912236648,-0.28959786237589846,0.10298545912236648,-0.017815551570855303
1305,0.14671445108831538,-0.10910570851907536,-0.28005506509855455,0.10910570851907536,-0.020029053655657016
1306,0.15496886194647952,-0.11266065225140454,-0.2767755683250987,0.11266065225140454,-0.023134543853794418
1307,0.1505151398193016,-0.12117154904221561,-0.29064503595180474,0.12117154904221561,-0.035296030045152874
1308,0.15096529754035629,-0.12494913441223202,-0.28055622770320493,0.12494913441223202,-0.034675695962216056
1309,0.14957815342360892,-0.12346986098499921,-0.27839751812478825,0.12346986098499921,-0.03565003980296315
1310,0.13449265694441892,-0.14805800204181238,-0.29621476740651076,0.14805800204181238,-0.06098405881623423
1311,0.14172419532961292,-0.13661594036247887,-0.28677799031579415,0.13661594036247887,-0.04867234365384775
1312,0.155695509946443,-0.08911681320902898,-0.2633422208398345,0.08911681320902898,-0.0021081846265707718
1313,0.1630717101521022,-0.07545244170750484,-0.25793561013665317,0.07545244170750484,0.009066034206466246
1314,0.16085416353874418,-0.06955602993463442,-0.2494416407283213,0.06955602993463442,0.015274267391575598
1315,0.16490424577549437,-0.06565952921516686,-0.26416151656080983,0.06565952921516686,0.01379939148679599
1316,0.16283557354781494,-0.08719888202567377,-0.2821061117276318,0.08719888202567377,-0.007838138410090796
1317,0.15256116984714313,-0.1355208688380886,-0.3092176316603575,0.1355208688380886,-0.0516257746590029
1318,0.170208007922128,-0.08279347127474944,-0.35333402384106033,0.08279347127474944,-0.012358953851529225
1319,0.183934255582186,0.01692681630257888,-0.3002881175655157,-0.01692681630257888,0.0762015518081264
1320,0.15675063179697263,-0.046644188450388334,-0.27605527826664195,0.046644188450388334,0.0239355834272319
1321,0.15569750222991535,-0.13622714182432785,-0.30906309871262505,0.13622714182432785,-0.05340612681109963
1322,0.15669012554445297,-0.08128188167020978,-0.33585722859560657,0.08128188167020978,-0.0071495695957380255
1323,0.1686423402615383,-0.07698408020635747,-0.2963470476912981,0.07698408020635747,0.0012689708705565681
1324,0.15929693037886727,-0.06899028395151242,-0.26501666766092524,0.06899028395151242,0.012259546617822074
1325,0.16752405294495548,-0.01748107134987005,-0.25076452932758303,0.01748107134987005,0.0536448523935422
1326,0.16777412584263154,0.007534847663082896,-0.2486581364449635,-0.007534847663082896,0.06766050382837757
1327,0.16171043211747743,-0.047498324431355085,-0.28054474445732597,0.047498324431355085,0.02112539297575387
1328,0.16446948740589767,-0.14773419255122777,-0.3110964202314477,0.14773419255122777,-0.06657631883796457
1329,0.1918985031456898,0.11299174090836522,-0.3554375688725319,-0.11299174090836522,0.16012022829247982
1330,0.1914046945214861,0.09677890157667063,-0.3626149511373471,-0.09677890157667063,0.14652665610419693
1331,0.19586957733185165,0.1291304374381468,-0.37295292753133513,-0.1291304374381468,0.16998366947278062
1332,0.2043662535706614,0.12804354383073868,-0.3689501334558675,-0.12804354383073868,0.16896107672962735
1333,0.20428235829325392,0.10417880456665322,-0.36510240265202126,-0.10417880456665322,0.15453753848416532
1334,0.20454496091163804,0.11170843565045874,-0.37288624642314,-0.11170843565045874,0.16126166026665417
1335,0.18866689781640725,0.1143777797044711,-0.37083198279766144,-0.1143777797044711,0.1551560468847788
1336,0.18457400223434517,0.13078724590620097,-0.3675207249524177,-0.13078724590620097,0.16639759145294647
1337,0.18868170426265957,0.12417819700876596,-0.363725061769922,-0.12417819700876596,0.1661018620372616
1338,0.19703500025299286,0.09595310707852554,-0.3708675857738884,-0.09595310707852554,0.14458968222863586
1339,0.2011702343573967,0.0692525123170195,-0.36662693517800093,-0.0692525123170195,0.12230563481913753
1340,0.20321541093018033,0.09072707847280308,-0.3519402221737727,-0.09072707847280308,0.1417955850428803
1341,0.20747594577229495,0.08180235593745283,-0.3427004346557713,-0.08180235593745283,0.13451957017070534
1342,0.20708475943698207,0.10417735633784114,-0.34864986280062177,-0.10417735633784114,0.15083659045197131
1343,0.20796450194590457,0.10820830589123656,-0.34160313837160566,-0.10820830589123656,0.15683168969841765
1344,0.19574374961502666,0.08391532822518645,-0.35013397729602574,-0.08391532822518645,0.13717933884695985
1345,0.2053788193866391,0.08623991458092248,-0.3404978065792461,-0.08623991458092248,0.14124243377673357
1346,0.21297007357684553,0.09260779631444818,-0.3380124074883017,-0.09260779631444818,0.14738897732365375
1347,0.19852178523422506,0.06378197846164774,-0.35662782916311964,-0.06378197846164774,0.1227007296805387
1348,0.20603572799204328,0.06919132109005398,-0.3590299430015563,-0.06919132109005398,0.12625836362310403
1349,0.2034540969838168,0.07490956809024878,-0.3659618906343417,-0.07490956809024878,0.13145770184281486
1350,0.2054581300968014,0.0880960933087089,-0.3624400435647797,-0.0880960933087089,0.14190948616734886
1351,0.19062300900735396,0.04758650558562841,-0.3302470281811924,-0.04758650558562841,0.11146363947502334
1352,0.19481521155974615,0.006631174615441589,-0.3618835545992448,-0.006631174615441589,0.07918444496989277
1353,0.20637184865846536,0.08315956329401125,-0.38987896056256965,-0.08315956329401125,0.14695524295101361
1354,0.20670098619103822,0.0502804396376655,-0.3822344644538662,-0.0502804396376655,0.11814609344424032
1355,0.2028343265682184,0.05497830288283338,-0.3730072482178559,-0.05497830288283338,0.11902324765507764
1356,0.19819929792893,0.026859151774285134,-0.3650279278804369,-0.026859151774285134,0.09630919768316894
1357,0.1829241042782931,0.011276176074213093,-0.3249012463422572,-0.011276176074213093,0.0867694629297069
1358,0.18025998915466726,-0.0013386666503602794,-0.31298567243892356,0.0013386666503602794,0.07575705726095068
1359,0.17554935580594436,-0.05016280257498517,-0.3549026285630603,0.05016280257498517,0.03299136688832016
1360,0.17479811648921678,-0.02714705358442677,-0.37392935107468533,0.02714705358442677,0.047174566667044456
1361,0.18091978670843883,-0.08693713817580166,-0.38478661028198463,0.08693713817580166,-0.0063970159656675935
1362,0.15643240648931425,-0.07075745463531942,-0.33388301318732566,0.07075745463531942,0.01906699254342843
1363,0.12441061159569607,-0.15516079924415352,-0.28156219374731,0.15516079924415352,-0.049825360476865706
1364,0.13835253012438253,-0.06710371872564729,-0.35177859725173305,0.06710371872564729,0.014751048627873103
1365,0.17496187386792136,-0.01380719583029635,-0.3589513169527617,0.01380719583029635,0.06691967869195341
1366,0.19084297620526058,0.054827213720871126,-0.32961733075067234,-0.054827213720871126,0.12014324842742355
1367,0.1981972116061438,0.042601204059346795,-0.2632420438259401,-0.042601204059346795,0.11365108696016575
1368,0.19872044848331194,0.047649296234592256,-0.3185554586127392,-0.047649296234592256,0.10985871721386697
1369,0.19392363892551268,0.06692684418234167,-0.3373380197103794,-0.06692684418234167,0.13463055848582395
1370,0.18225509450340963,0.023795368839138045,-0.29746765260626756,-0.023795368839138045,0.10086764533801902
1371,0.18709175105766693,0.0017853582659938091,-0.3105680144016564,-0.0017853582659938091,0.07941537538855606
1372,0.17940894341772223,-0.05941017493674855,-0.3305921423332132,0.05941017493674855,0.029749593594916666
1373,0.18861575168201739,0.03400372561279935,-0.298837718321665,-0.03400372561279935,0.11101345328151281
1374,0.17205049641000164,0.06031205664900789,-0.33727403368654785,-0.06031205664900789,0.12359452288100556
1375,0.1891384587360986,0.08449192824545693,-0.32292674456644826,-0.08449192824545693,0.14243004744465762
1376,0.16317922482278732,0.0830414990457841,-0.33026543983162854,-0.0830414990457841,0.1418215889355126
1377,0.1593165918492159,0.07656846202364033,-0.3140141603906861,-0.07656846202364033,0.13760997171731082
1378,0.16264365224408905,0.08419045578320218,-0.33395596475633244,-0.08419045578320218,0.14198980712952253
1379,0.15846327040514616,0.07403799693025485,-0.3114122565630816,-0.07403799693025485,0.1357863316512736
1380,0.1568172955781084,0.06891601363464053,-0.31812705023235566,-0.06891601363464053,0.13472284788733316
1381,0.15484159194179792,0.0661201523238443,-0.2909081860677711,-0.0661201523238443,0.13296381350522188
1382,0.16500134347155107,0.05211016469982427,-0.28019427759847737,-0.05211016469982427,0.12362818103401747
1383,0.1549703081126,0.028293063501401174,-0.2843041684944973,-0.028293063501401174,0.09945243261300701
1384,0.1661033820050392,0.027923055432216928,-0.3019196252323493,-0.027923055432216928,0.1006731304776224
1385,0.16502562035962465,0.02817611743175296,-0.3052893978232794,-0.02817611743175296,0.1035340375461025
1386,0.19711405325854853,0.03272253460244563,-0.3469468838475263,-0.03272253460244563,0.10836211585712495
1387,0.17449337596205083,0.00955964799972838,-0.31127138304840685,-0.00955964799972838,0.08969914354435976
1388,0.15789681234358605,0.022301623370566688,-0.24164587655553912,-0.022301623370566688,0.10571292897503042
1389,0.17323901259323113,0.0231789081939782,-0.24415327357954597,-0.0231789081939782,0.10632385868222191
1390,0.16067029076560066,-0.0269987526997669,-0.3312197453003386,0.0269987526997669,0.050971197833914406
1391,0.15204397185853769,-0.11538682945696471,-0.38707009515699387,0.11538682945696471,-0.04087979326915323
1392,0.12890849645835403,-0.04821981221571561,-0.3782732624000568,0.04821981221571561,0.015138609820521736
1393,0.1524604234548038,0.0035374659637666503,-0.3844345858721716,-0.0035374659637666503,0.0660511101998357
1394,0.1398313702320438,0.04104845276699447,-0.41577058596076905,-0.04104845276699447,0.0827063374612069
1395,0.14570674343996404,-0.024374762195166915,-0.3778993465845608,0.024374762195166915,0.03534556822104107
1396,0.138881413678508,-0.1432119802372768,-0.3634040453248931,0.1432119802372768,-0.0625382865707071
1397,0.14284347085477667,-0.13726843599336763,-0.3523976136390575,0.13726843599336763,-0.05271175283213114
1398,0.14110413521937132,-0.06093537147260356,-0.3902131529605608,0.06093537147260356,0.003921343365223738
1399,0.14350994643807985,-0.07280334933587572,-0.3900034528111065,0.07280334933587572,-0.006813954065016711
1400,0.15347555702764185,-0.11488027675637069,-0.31951677795349104,0.11488027675637069,-0.02778689033831447
1401,0.16076633598743542,-0.11240002895759714,-0.33594689563618835,0.11240002895759714,-0.030273041253938666
1402,0.15936388367587123,-0.09710677859027306,-0.32352332287512175,0.09710677859027306,-0.018753949941387352
1403,0.15012771770222394,-0.14267746117773558,-0.3268135613085935,0.14267746117773558,-0.0627233073955433
1404,0.1483956051620235,-0.13632439329959017,-0.29679662208473956,0.13632439329959017,-0.047276598287307875
1405,0.14555842817556205,-0.13650881438480764,-0.2734991435548946,0.13650881438480764,-0.04090922598797151
1406,0.15350266808119986,-0.13491202046116788,-0.29358413540687395,0.13491202046116788,-0.04422495582483968
1407,0.1540336057456487,-0.1338300943891634,-0.28377779946535336,0.1338300943891634,-0.044040888930629636
1408,0.1560428108483324,-0.15341141853372955,-0.3043323423606343,0.15341141853372955,-0.06750532007529908
1409,0.14232532148769467,-0.1936566051357127,-0.34161322298905517,0.1936566051357127,-0.10967296688028029
1410,0.1359971777052579,-0.16517332764128523,-0.35296687154540723,0.16517332764128523,-0.08789862885148034
1411,0.14569061853002885,-0.15912645004600387,-0.30159481667834326,0.15912645004600387,-0.07150713661389545
1412,0.14459303442465027,-0.14077756309892073,-0.3093811650587647,0.14077756309892073,-0.06174156238573214
1413,0.14476621087589756,-0.13832819293232945,-0.2966197503164217,0.13832819293232945,-0.05689206851644291
1414,0.15407102542525236,-0.11346665574570405,-0.2743997707006701,0.11346665574570405,-0.027232301005071263
1415,0.1571717287283965,-0.09048076569783617,-0.2610841618240691,0.09048076569783617,-0.0035370810893860832
1416,0.1529643320562817,-0.06443749222160843,-0.24243151497321613,0.06443749222160843,0.019097267315995512
1417,0.15742063177396715,-0.07784127360475838,-0.25582144569007964,0.07784127360475838,0.006769387301676473
1418,0.15877240071692483,-0.13248310656561096,-0.31647528623003496,0.13248310656561096,-0.054552576855061714
1419,0.15388371829840383,-0.1343867204060158,-0.3243874625369754,0.1343867204060158,-0.05625523583392169
1420,0.15968037966830448,-0.10363409031904418,-0.316656499592073,0.10363409031904418,-0.029535958506567917
1421,0.17064655637287612,-0.03624330568342898,-0.26321201504556874,0.03624330568342898,0.03785046131707736
1422,0.14315588342880423,-0.09490065461682684,-0.25844908096278907,0.09490065461682684,-0.007416021475222486
1423,0.14056878373008797,-0.16071245702451062,-0.31214288659642964,0.16071245702451062,-0.07375523358042556
1424,0.15574009800005445,-0.09619724335990978,-0.3169969367778716,0.09619724335990978,-0.019492621656721165
1425,0.1741616248679291,-0.0179936717286463,-0.2549652487372577,0.0179936717286463,0.05009832206888052
1426,0.1614760129367364,-0.04121924904241847,-0.25379303142592735,0.04121924904241847,0.0335603330180244
1427,0.16812849773227354,0.020719782646809157,-0.20780650762956326,-0.020719782646809157,0.08402489088116057
1428,0.1799250812630168,-0.053461812818504886,-0.28466838383687587,0.053461812818504886,0.016923449328733565
1429,0.15022639718812705,-0.19697639321309107,-0.2554296461375506,0.19697639321309107,-0.10689419175322365
1430,0.20685535231565427,0.11530804395488883,-0.3529644092366162,-0.11530804395488883,0.164356537764694
1431,0.20578447719932183,0.11431385173587817,-0.36162956885759334,-0.11431385173587817,0.16311168107976567
1432,0.20267593236195236,0.11860434219593916,-0.3615645350367456,-0.11860434219593916,0.1637684192741379
1433,0.19415152925683715,0.09036734449966277,-0.368028338980479,-0.09036734449966277,0.1441393097628809
1434,0.19468833712898176,0.06508932828518132,-0.37571995108720907,-0.06508932828518132,0.12670593345717468
1435,0.19757533679071712,0.09285780334998604,-0.37380782960278164,-0.09285780334998604,0.144454097465462
1436,0.2004958957082091,0.11873141103889924,-0.37377205182159634,-0.11873141103889924,0.1622902689691477
1437,0.2039458101662777,0.11525815500677845,-0.364017665844032,-0.11525815500677845,0.16062477512265114
1438,0.18822687606293317,0.1144261100781427,-0.368019276901027,-0.1144261100781427,0.1562453988895914
1439,0.18998551974006617,0.09333199922049253,-0.3749463735208596,-0.09333199922049253,0.1390819515175259
1440,0.2053349167826098,0.08626727647367782,-0.3655797693336769,-0.08626727647367782,0.13961262544268419
1441,0.18449249975564355,0.044978995720070636,-0.3023455729747435,-0.044978995720070636,0.11005142682511379
1442,0.20806043652773723,0.07741971525206141,-0.35483858899816245,-0.07741971525206141,0.13263470310942926
1443,0.1932545500876381,0.04129419777460383,-0.3387902588097366,-0.04129419777460383,0.10307542867678812
1444,0.21042545890100678,0.10270251947479274,-0.3477357591433207,-0.10270251947479274,0.1496405035928795
1445,0.2086689743609214,0.10454890226553692,-0.3540718921392858,-0.10454890226553692,0.1500313357589208
1446,0.2080725287441609,0.09360719348519064,-0.3554241326012308,-0.09360719348519064,0.1435197744336374
1447,0.19922744996256456,0.07837059215900932,-0.35692833046301403,-0.07837059215900932,0.13064748699851378
1448,0.20286310066567595,0.09376669240172764,-0.34512499251535594,-0.09376669240172764,0.14483539263627995
1449,0.20939061474421414,0.06078446897707189,-0.3570926201373586,-0.06078446897707189,0.11906624507233263
1450,0.2048225185769564,0.07378598686498,-0.34161724503833174,-0.07378598686498,0.13206855416397467
1451,0.2016364298669669,0.06555492088281104,-0.3656185894481291,-0.06555492088281104,0.12368522601295995
1452,0.2084184112738336,0.055366061302880916,-0.3732760015235764,-0.055366061302880916,0.11545895183553265
1453,0.20377590788847905,0.0707237581477898,-0.37139313665805684,-0.0707237581477898,0.12742996848892876
1454,0.20212322719009984,0.06699990516465684,-0.3700762369458852,-0.06699990516465684,0.13086267861356718
1455,0.20595593988755329,0.07349997553086078,-0.37310304287916546,-0.07349997553086078,0.13263391954599568
1456,0.20007700553224073,0.06458079373707813,-0.37627428563032767,-0.06458079373707813,0.1255777078458894
1457,0.1833429667709129,0.005158378038387866,-0.3798011187983648,-0.005158378038387866,0.07583421282299763
1458,0.2105347012456532,0.05301270407839996,-0.3669537028997186,-0.05301270407839996,0.11960881011565416
1459,0.18651714816552456,-0.02848736664574683,-0.3620037199414565,0.02848736664574683,0.049402696273234306
1460,0.17836979311512777,-0.005542715170742197,-0.36395058987507733,0.005542715170742197,0.06683238135951884
1461,0.17569940013064242,-0.043871640512203734,-0.37405501068555114,0.043871640512203734,0.03237238071840228
1462,0.17820034146068928,0.0036300809927213244,-0.3784146119216045,-0.0036300809927213244,0.0742879996207114
1463,0.1982195691566755,0.04268060150457591,-0.36563171506503783,-0.04268060150457591,0.10923155505201056
1464,0.18757494730857185,-0.0062776586235280115,-0.3830237516138114,0.0062776586235280115,0.06672228495353065
1465,0.17367082253301946,-0.05649673973098472,-0.3432368974828516,0.05649673973098472,0.028359357787214823
1466,0.1575480576820499,-0.05124303830400431,-0.3024998978292692,0.05124303830400431,0.04253566085569016
1467,0.1296672910793545,-0.13753555772829937,-0.2985817279575955,0.13753555772829937,-0.04305075548635596
1468,0.1720733069798311,0.036960157075579356,-0.36314499531535205,-0.036960157075579356,0.10184795029740068
1469,0.1784651532078259,0.0334870676973765,-0.36885024457470184,-0.0334870676973765,0.10202235709118906
1470,0.1800628913595395,0.015277579134398691,-0.335193408234633,-0.015277579134398691,0.09037895757501327
1471,0.17465514124935846,-0.036902773593546136,-0.3438055130171432,0.036902773593546136,0.04905087522092903
1472,0.23086436535178045,0.07412901616270064,-0.31084610786644346,-0.07412901616270064,0.14408053906716398
1473,0.21517435954410982,0.03388609645825361,-0.30609322863319643,-0.03388609645825361,0.11209932322579819
1474,0.19798823830264065,0.05230969295587307,-0.30876703647705933,-0.05230969295587307,0.12564127159312305
1475,0.16970337525957463,0.042163165550350656,-0.2977759930585803,-0.042163165550350656,0.11716597154490817
1476,0.1689076017316238,0.028204820962779414,-0.33198740094123996,-0.028204820962779414,0.09858838513640168
1477,0.19836040918275105,0.053498783433457826,-0.3002264502736765,-0.053498783433457826,0.12489511412871274
1478,0.1743582817265489,0.09133582533482976,-0.32437999620916985,-0.09133582533482976,0.14528427831681753
1479,0.1593572216430354,0.07329194137526993,-0.292260280090322,-0.07329194137526993,0.13673757991462002
1480,0.14894734341842764,0.06577207214598008,-0.2742784714656457,-0.06577207214598008,0.13400294091722767
1481,0.17032367771470883,0.06419160714033098,-0.2393606885349737,-0.06419160714033098,0.13190606657416587
1482,0.18525010816000448,0.05630314003450656,-0.20406642531657437,-0.05630314003450656,0.12874367371669732
1483,0.19186835412455194,0.04796943369421824,-0.2122090270466615,-0.04796943369421824,0.12041559440091859
1484,0.17973692053368026,0.001417314981025256,-0.3170138318790242,-0.001417314981025256,0.07646269673080892
1485,0.18442079430350738,-0.0002590478390207008,-0.2947590051897335,0.0002590478390207008,0.07828379061556473
1486,0.1593015287250987,-0.050280755896847544,-0.30583650236115745,0.050280755896847544,0.03836612689548825
1487,0.1603058080763862,-0.04169393559173084,-0.29950376892325103,0.04169393559173084,0.043327740419489974
1488,0.17355462365762866,0.02326725951676104,-0.2690937367570741,-0.02326725951676104,0.10246820504823785
1489,0.17748189587937033,0.012468618214196054,-0.3043279179595196,-0.012468618214196054,0.09289509034742753
1490,0.1600234765711434,0.00013378971738249265,-0.24293489402442656,-0.00013378971738249265,0.08949007973160643
1491,0.1726483549189381,0.04477738111075774,-0.27353427204053626,-0.04477738111075774,0.12365339024192211
1492,0.16311524920637638,0.025338289554971298,-0.2555123447909858,-0.025338289554971298,0.10576839686150623
1493,0.160648707286463,-0.039886691899535955,-0.30680621781166545,0.039886691899535955,0.045533657945028554
1494,0.16721740156616832,0.0014730384907942682,-0.37167863683969915,-0.0014730384907942682,0.07192201963106806
1495,0.14876935023529983,-0.003873744318144141,-0.3769184340517044,0.003873744318144141,0.05920899735846379
1496,0.13130335013280794,-0.0007676641254615049,-0.4056257127387402,0.0007676641254615049,0.05015364511542611
1497,0.1433616310557575,-0.01688221192331271,-0.38899134502658256,0.01688221192331271,0.04150660723725627
1498,0.16412978154798263,-0.0014437857215150525,-0.4037396669160542,0.0014437857215150525,0.055948041396986975
1499,0.14457554266675465,-0.11359666561798387,-0.3848306431861151,0.11359666561798387,-0.0412097786443947
1500,0.13754285498564897,-0.1266769122354056,-0.3560240364056674,0.1266769122354056,-0.04670062412417205
1501,0.14734486301618033,-0.07822173746196166,-0.3367895406225374,0.07822173746196166,-0.002422167563141058
1502,0.1563521531986117,-0.1272090699983533,-0.3227675206785356,0.1272090699983533,-0.038233952857031156
1503,0.1535437103016422,-0.11076970704320749,-0.3105298572977105,0.11076970704320749,-0.024250867068048812
1504,0.14955490141352745,-0.12610571232533202,-0.3150891493204385,0.12610571232533202,-0.03985807484444619
1505,0.13166105312624582,-0.1885089883587846,-0.35832707135425146,0.1885089883587846,-0.11067047277145906
1506,0.1340025062483748,-0.20507127636871134,-0.3675594929993297,0.20507127636871134,-0.127427783456964
1507,0.13686918128129508,-0.15320530099343935,-0.33789035216097746,0.15320530099343935,-0.07245589150644333
1508,0.15237370137379994,-0.10644992821039337,-0.2797092295775355,0.10644992821039337,-0.017250103047289325
1509,0.15262706674795845,-0.11454273675379825,-0.27824611952469713,0.11454273675379825,-0.026829577501625727
1510,0.15337775215446928,-0.13324783858542302,-0.29198007854615793,0.13324783858542302,-0.04727151711598421
1511,0.15846486857852024,-0.15672843673105347,-0.3119891568066364,0.15672843673105347,-0.07208729736491067
1512,0.16950747909222477,-0.12734690328738515,-0.3708214360081441,0.12734690328738515,-0.057106028421438706
1513,0.12586059870540517,-0.12584278404538254,-0.3640311691708453,0.12584278404538254,-0.05947526689711389
1514,0.14121872383990935,-0.1636852304465999,-0.31511644500914415,0.1636852304465999,-0.08095115790302215
1515,0.15741095160666,-0.04878699169561768,-0.2389049512535648,0.04878699169561768,0.03025192802811684
1516,0.16261547067738205,-0.046283015880582805,-0.25147740214761466,0.046283015880582805,0.03012301460229216
1517,0.15711888670579713,-0.05573076933403638,-0.24709007338350875,0.05573076933403638,0.023132426215366386
1518,0.15539922428974753,-0.10293187889361342,-0.30152777871938224,0.10293187889361342,-0.021144314721666023
1519,0.1620071901839585,-0.06597122114865446,-0.288472728498523,0.06597122114865446,0.010212117523871385
1520,0.16121176113579821,-0.06919206350030427,-0.30586872825238287,0.06919206350030427,0.004858102945047292
1521,0.16150493824256593,-0.05456436198795721,-0.31278310905823564,0.05456436198795721,0.016284581726396987
1522,0.15299254507853735,-0.12281759242075493,-0.30838515449002296,0.12281759242075493,-0.041826292055446246
1523,0.1541204827815306,-0.12187264845920255,-0.29345667818073345,0.12187264845920255,-0.040329376712991256
1524,0.15513127913793093,-0.11060495156508797,-0.31267222363885083,0.11060495156508797,-0.029791956387399825
1525,0.15838484234690894,-0.10005419573220303,-0.28115793547658785,0.10005419573220303,-0.017278520290970236
1526,0.19028441979828686,0.009408922925148588,-0.25849695614044355,-0.009408922925148588,0.07523298507166373
1527,0.18901036804330681,0.02857052702694124,-0.2725056020275618,-0.02857052702694124,0.08336670382632298
1528,0.16921386935215998,-0.016142317461868484,-0.2581448113912804,0.016142317461868484,0.05326500632441692
1529,0.1690877066864399,0.011257115019380365,-0.2504357836003473,-0.011257115019380365,0.07230486423292978
1530,0.15316470676430513,-0.08782400106914702,-0.21595905022463258,0.08782400106914702,-0.002643642432035532
1531,0.2062412955491516,0.07258257584922322,-0.34053315522278094,-0.07258257584922322,0.13978719168815973
1532,0.2030742270857734,0.08224951765928065,-0.3510537049997592,-0.08224951765928065,0.1434258474734141
1533,0.201118826896649,0.10533146474086515,-0.35838483408390026,-0.10533146474086515,0.15717374123310263
1534,0.19982661527973503,0.07410704239187807,-0.354532012093622,-0.07410704239187807,0.13273323047470786
1535,0.18774211844773156,0.04303763981406268,-0.30837011636069056,-0.04303763981406268,0.1127689987173724
1536,0.1895361974651758,0.05284898252386673,-0.3174026416301768,-0.05284898252386673,0.11680385341735923
1537,0.20123948874970501,0.10432781552594188,-0.3690266082434796,-0.10432781552594188,0.15200082177192578
1538,0.20440243031562438,0.10276842150582541,-0.3680158696731476,-0.10276842150582541,0.1522320875793606
1539,0.21401927850608604,0.11281486793351035,-0.3534195966185677,-0.11281486793351035,0.1611106275658524
1540,0.20517796898766755,0.11077004964151846,-0.3541858924548065,-0.11077004964151846,0.15860466420972
1541,0.2065851642061233,0.11146180971220272,-0.35962444487644607,-0.11146180971220272,0.15630779921438165
1542,0.2161212823135952,0.08933917582101457,-0.3624711514846061,-0.08933917582101457,0.14463780215480684
1543,0.20806473221512878,0.07355564220945945,-0.3699213196732086,-0.07355564220945945,0.13322794198075807
1544,0.2145855732084028,0.09147899208899112,-0.3613137050764092,-0.09147899208899112,0.14739102388201802
1545,0.20613453761540348,0.08384433111607506,-0.3460845002928728,-0.08384433111607506,0.13749600371554918
1546,0.21424995745168124,0.10270246297253763,-0.35374769232190073,-0.10270246297253763,0.15056968579128976
1547,0.21848772935490485,0.11435832215428146,-0.35013487638878643,-0.11435832215428146,0.15942326309696328
1548,0.22448449405371995,0.10974033943909142,-0.3378282925784919,-0.10974033943909142,0.15958822812324688
1549,0.22238622892203805,0.10816181506521819,-0.34171546884657833,-0.10816181506521819,0.1584977050121297
1550,0.22213631314645707,0.10721260542632843,-0.34835506808333827,-0.10721260542632843,0.16089113627464618
1551,0.19601131165004632,0.05191557954180434,-0.35604639661654536,-0.05191557954180434,0.11534510154177587
1552,0.20700891300466867,0.06474565675676287,-0.34343385420598993,-0.06474565675676287,0.1261594366893928
1553,0.21891385683549835,0.09212834651704636,-0.35582538772649047,-0.09212834651704636,0.14874685337650195
1554,0.2130905023814921,0.10073210663787519,-0.3589098491805216,-0.10073210663787519,0.15463581938774681
1555,0.2014366578741508,0.1184289049387585,-0.3907781804480098,-0.1184289049387585,0.16282529694301082
1556,0.21424909200651718,0.11147300631096044,-0.36696454373073895,-0.11147300631096044,0.16182888417994132
1557,0.2024714044527602,0.07254342129787231,-0.36563757314901796,-0.07254342129787231,0.12992633947657065
1558,0.1962976186709776,0.06067244042392468,-0.3747273057933268,-0.06067244042392468,0.1210753525455131
1559,0.17970963914401406,-0.005869582890722375,-0.36585978997286445,0.005869582890722375,0.07040828752644251
1560,0.18611085888211976,-0.020348479171078435,-0.3674196377073925,0.020348479171078435,0.057787483655722185
1561,0.16936281214698815,-0.08445096313160573,-0.3639377522209043,0.08445096313160573,-0.00023609357130078702
1562,0.18158296468504626,-0.045538740329938335,-0.39010772438387337,0.045538740329938335,0.03034188691310733
1563,0.1908088989896551,0.04593539887961884,-0.3694701014259829,-0.04593539887961884,0.10800383589409458
1564,0.18111263897103172,0.012221727759798533,-0.37082061956361023,-0.012221727759798533,0.08367981719023983
1565,0.1859254151146774,0.03295611029505045,-0.372283089618794,-0.03295611029505045,0.09851639489306285
1566,0.1767534495735912,-0.009490177131554726,-0.3560221917284221,0.009490177131554726,0.06816631654029814
1567,0.17588801776737753,-0.04604116272523816,-0.3633021670810539,0.04604116272523816,0.03661215867519645
1568,0.18719730706315316,0.03187992380115293,-0.3663498402838965,-0.03187992380115293,0.10019565307150465
1569,0.16133522509823486,-0.004217782163427629,-0.32079674139818637,0.004217782163427629,0.07363727142000115
1570,0.13731211591846165,-0.12870832490763975,-0.30071820824895623,0.12870832490763975,-0.028513474577635565
1571,0.1684520145407482,-0.028558580674160828,-0.3560090578525337,0.028558580674160828,0.04850831354252647
1572,0.17977015717088024,-0.0032311539595860587,-0.3041684508451178,0.0032311539595860587,0.07322509635036757
1573,0.16281183409891187,-0.04712077320309002,-0.37485838870628285,0.04712077320309002,0.030432698973130664
1574,0.19279999703906098,-0.001840719484694759,-0.31725437917883254,0.001840719484694759,0.07598716313869035
1575,0.23681048036051208,0.07454156694700229,-0.28246142002243524,-0.07454156694700229,0.13151112302955262
1576,0.17476818227126958,0.003343022613753797,-0.27195612847300965,-0.003343022613753797,0.0837439043368875
1577,0.16294677345284192,0.017335236841412645,-0.28284455943721193,-0.017335236841412645,0.0945671830868131
1578,0.16674264095879435,-0.02274278480091838,-0.3139106084083662,0.02274278480091838,0.06112589110379578
1579,0.1732921422565711,-0.04041004881767325,-0.3300775085334313,0.04041004881767325,0.043621308676528234
1580,0.17585077223923548,0.003982216967468761,-0.3304994741883781,-0.003982216967468761,0.07999996690806864
1581,0.17073843694387603,0.021543628975147673,-0.2671140593162801,-0.021543628975147673,0.09901434440878207
1582,0.16864803566124448,0.05019210954333697,-0.28687226771711266,-0.05019210954333697,0.12005331927701651
1583,0.19636773852284017,0.05588632198554199,-0.18434162775861418,-0.05588632198554199,0.12769049556063752
1584,0.22401956737056347,0.04962816806778413,-0.21810052446588118,-0.04962816806778413,0.11445901194829791
1585,0.1630999657821345,-0.024193902991872886,-0.27661551701634224,0.024193902991872886,0.062233614616515116
1586,0.17481772464069256,-0.039520905587159184,-0.2847546712139875,0.039520905587159184,0.048228669535983884
1587,0.17034709903665898,-0.045520703273926634,-0.27752226693903065,0.045520703273926634,0.04386536104833943
1588,0.17616214234113742,-0.008215164589332462,-0.24960940928106443,0.008215164589332462,0.07254468393865872
1589,0.19119751758137896,0.009327277239397132,-0.29597672896910326,-0.009327277239397132,0.07816087803134827
1590,0.18607817535300478,0.03887819983412948,-0.3074971069208503,-0.03887819983412948,0.10599914497896318
1591,0.1954161452240664,0.04817831614809389,-0.29458673711345607,-0.04817831614809389,0.11076324175345874
1592,0.16985911685443245,0.021902393794798036,-0.27846612018305333,-0.021902393794798036,0.10014325810885302
1593,0.17022438365514364,0.04585588451997975,-0.33813590250695935,-0.04585588451997975,0.11443146009151495
1594,0.16827402638256705,0.030382416491751062,-0.34225494034107434,-0.030382416491751062,0.10006250687501687
1595,0.15533577753976094,0.03406859207682573,-0.3541470066796983,-0.03406859207682573,0.09510702226896603
1596,0.1485240881363866,0.050153600523920594,-0.4017860863140622,-0.050153600523920594,0.09983921665460466
1597,0.14604605882342425,0.043556107355754985,-0.4053328956602445,-0.043556107355754985,0.09287441320712653
1598,0.12432032169624059,-0.0018421904348273957,-0.39831497785129705,0.0018421904348273957,0.04948675706700144
1599,0.14981546755699252,-0.012331555186997084,-0.37780688325608236,0.012331555186997084,0.04901898600871527
1600,0.15971608112442948,-0.05204347442057159,-0.3204763378618642,0.05204347442057159,0.027476265774214647
1601,0.15834812399712897,-0.08144000990504917,-0.305201809104392,0.08144000990504917,0.007083936532732957
1602,0.15218804947993855,-0.13972204145659642,-0.3345750893530682,0.13972204145659642,-0.0543312634881361
1603,0.16069107448505934,-0.024672128444153365,-0.23810850222622817,0.024672128444153365,0.05669726399752245
1604,0.15310095797940287,-0.08530288545080873,-0.2680685801227176,0.08530288545080873,0.004039099271411039
1605,0.1519671649581325,-0.1310591868029329,-0.3165940717028542,0.1310591868029329,-0.04311398893038715
1606,0.1491760867840468,-0.15319632975251232,-0.31909393390159924,0.15319632975251232,-0.06335142772094014
1607,0.1384184604611267,-0.20637797613368533,-0.35029746004804596,0.20637797613368533,-0.12371377536886735
1608,0.13527721273545557,-0.23155237785054988,-0.24233177832574596,0.23155237785054988,-0.12516704071155696
1609,0.1372542466307655,-0.2152807656588157,-0.35597605710160685,0.2152807656588157,-0.13376861184401692
1610,0.15659958846622984,-0.08254394082717094,-0.2732080091663537,0.08254394082717094,0.0004210398656878418
1611,0.1537431285421458,-0.07943752658664838,-0.25561107544632006,0.07943752658664838,0.005540694441615497
1612,0.14951992403797096,-0.13282929413326455,-0.28832932315444015,0.13282929413326455,-0.044771858870292496
1613,0.15746078134394215,-0.15163417786385755,-0.2957909959079538,0.15163417786385755,-0.06239581687048989
1614,0.1667862281138771,-0.09837408779935013,-0.3124964927313099,0.09837408779935013,-0.021563868611260355
1615,0.1530006195286977,-0.10764271530035134,-0.3201556906053278,0.10764271530035134,-0.030843815788947092
1616,0.1482725571750126,-0.12292755542907532,-0.29451823793354037,0.12292755542907532,-0.03948439431250719
1617,0.1586127535148262,-0.0827564436492297,-0.26370232752563133,0.0827564436492297,-0.0017063722804391268
1618,0.16219802900719263,-0.04777989848219328,-0.2499894562645036,0.04777989848219328,0.028101796155488534
1619,0.1583858482103124,-0.06078911364999239,-0.2549731852288474,0.06078911364999239,0.017854947418238475
1620,0.15972965787642535,-0.0897719936012414,-0.268166451968869,0.0897719936012414,-0.007664440761920233
1621,0.16976526194026578,-0.033742095698209615,-0.2846532086566379,0.033742095698209615,0.03706355528600082
1622,0.17794234027694122,-0.04388817179452723,-0.3336529237824466,0.04388817179452723,0.02464285155344841
1623,0.17417485255705578,-0.07647713728126973,-0.3475147819096767,0.07647713728126973,-0.007928676583727803
1624,0.15243750529012945,-0.06892230269331183,-0.2943549172216332,0.06892230269331183,0.0003135287735094036
1625,0.14590485489279315,-0.08222816035647629,-0.2816479808663449,0.08222816035647629,-0.003631680009661165
1626,0.1576155665589059,-0.09313344917041144,-0.2827284426894738,0.09313344917041144,-0.012372012504328626
1627,0.16749707656285848,-0.10036431830692036,-0.3070728206648069,0.10036431830692036,-0.020144121861996846
1628,0.17231190853532527,-0.031607261932801424,-0.266062789055498,0.031607261932801424,0.038104730764189874
1629,0.1734995932977942,-0.0019100443985593958,-0.2447292039665187,0.0019100443985593958,0.0633748177701009
1630,0.1790085138475172,-0.014778627143955827,-0.25971139244986113,0.014778627143955827,0.0525017808838022
1631,0.1739337055646098,-0.07777287841367429,-0.25095797015887117,0.07777287841367429,-0.003869592289348563
1632,0.2051990977794635,0.07779814336482521,-0.333757265629574,-0.07779814336482521,0.14157652876601226
1633,0.19434488108676604,0.08313314363300163,-0.3469096907158105,-0.08313314363300163,0.14528811023883523
1634,0.19883858195151152,0.07563374574285214,-0.35905791317084146,-0.07563374574285214,0.13813454384311852
1635,0.20328179854499023,0.07688449585404188,-0.34987924984714575,-0.07688449585404188,0.1388735299855394
1636,0.18420577770441313,0.019508790477443114,-0.3486126562015477,-0.019508790477443114,0.08896417665914715
1637,0.18280469468126434,0.016343054922134805,-0.34497327679918216,-0.016343054922134805,0.08960174708929447
1638,0.20878415298732167,0.09228957804782298,-0.3528891653715439,-0.09228957804782298,0.14983737629939275
1639,0.2062897217078367,0.058486036587001335,-0.3610979263045807,-0.058486036587001335,0.12354582146709477
1640,0.2026922505532309,0.0700160444488035,-0.352212629030474,-0.0700160444488035,0.1313468138976681
1641,0.1993728219801049,0.08740600739607368,-0.3575396486896008,-0.08740600739607368,0.14110915012559958
1642,0.1903250830741632,0.07113381181645409,-0.37379220960597903,-0.07113381181645409,0.1278700672163753
1643,0.20469312389256247,0.07943055620022145,-0.36009559929336665,-0.07943055620022145,0.13646198668157392
1644,0.21184667660133655,0.09771283495727982,-0.36021058761668334,-0.09771283495727982,0.14958026967582222
1645,0.21186013465221593,0.07527199214238085,-0.3568981152765653,-0.07527199214238085,0.13086124207539762
1646,0.22056015196278528,0.10167321812713861,-0.3480718471858035,-0.10167321812713861,0.1536604402853615
1647,0.21929542738689503,0.10380878003837746,-0.34144184727719684,-0.10380878003837746,0.15457802258542935
1648,0.22177494792732386,0.10646510818288293,-0.34018313272714285,-0.10646510818288293,0.1559930304039683
1649,0.22478024288861392,0.10586304178363742,-0.3465852565400744,-0.10586304178363742,0.15824636366435454
1650,0.22076183209224245,0.09746420185645074,-0.34724717913466,-0.09746420185645074,0.15237896173764462
1651,0.21767509679568206,0.08805474735436569,-0.36329383839421986,-0.08805474735436569,0.14601555534453523
1652,0.19575873241891528,0.03978041077745203,-0.3636826676657199,-0.03978041077745203,0.10176257190199954
1653,0.19071075731518777,0.03265920170117686,-0.3620213778592947,-0.03265920170117686,0.09677537185261136
1654,0.2109863094872921,0.09123438957676105,-0.359351562607483,-0.09123438957676105,0.148306029247466
1655,0.21436671644836283,0.09788760008197225,-0.37105146079896084,-0.09788760008197225,0.15501042084800384
1656,0.2114506750629825,0.08464799831499226,-0.3645861809859214,-0.08464799831499226,0.14127300996568173
1657,0.20902996508986718,0.06215297051445693,-0.36608003795099353,-0.06215297051445693,0.12321799114325832
1658,0.1887554556696493,0.02875403922854327,-0.343885252468881,-0.02875403922854327,0.09655435450077521
1659,0.19117502547594709,0.041775460587724765,-0.37131794339023105,-0.041775460587724765,0.10709989253212435
1660,0.17647210534735797,-0.05864317074615608,-0.36499022278466925,0.05864317074615608,0.024106561048309067
1661,0.18097312498744023,-0.02346055722264417,-0.36702100583403213,0.02346055722264417,0.052879875791583965
1662,0.18314066073190616,-0.024017330426861945,-0.3632659766145157,0.024017330426861945,0.0525191588606227
1663,0.18796414366446568,0.01699774514463407,-0.3660372270601195,-0.01699774514463407,0.08498002457275754
1664,0.1972531631845472,0.06548238822227238,-0.36947097815124663,-0.06548238822227238,0.12636163570115924
1665,0.18040798737098382,0.01506441083928765,-0.37557480847353664,-0.01506441083928765,0.08345890898835744
1666,0.18000967377260405,0.026146685116287184,-0.30222986587245837,-0.026146685116287184,0.10011481652931153
1667,0.17748764804527592,0.030637996443570122,-0.28989777764026003,-0.030637996443570122,0.10336551038616232
1668,0.1834918573763181,0.02149207776129155,-0.3533265920362018,-0.02149207776129155,0.08889194967769347
1669,0.19527455185328524,0.01303547875097565,-0.37716485101708014,-0.01303547875097565,0.08322809156382317
1670,0.1869718172388246,0.007805175362289437,-0.37456204077893024,-0.007805175362289437,0.07608833060122558
1671,0.1452991904860144,-0.08796590277076782,-0.30072330342232223,0.08796590277076782,0.008143841459184181
1672,0.14701554136094022,-0.06091102452019191,-0.32208827537407997,0.06091102452019191,0.02692237787255891
1673,0.15475851935648027,-0.042449429388786084,-0.3503212087550766,0.042449429388786084,0.036681100241747144
1674,0.15830133734131954,-0.035411194079628824,-0.36133677798551367,0.035411194079628824,0.03973257355139351
1675,0.15944332200912245,-0.04437922340953747,-0.3144853441139884,0.04437922340953747,0.04317845951644558
1676,0.1670328998011424,0.006129203431100036,-0.2770935742807657,-0.006129203431100036,0.08794303862422034
1677,0.17583191250956565,0.014054752010938738,-0.2635034140423695,-0.014054752010938738,0.09568000028809555
1678,0.15746762277635404,-0.04282080619567585,-0.2929695839474965,0.04282080619567585,0.047775624407124406
1679,0.15778167639569926,-0.07264611669606937,-0.2966379837509949,0.07264611669606937,0.020428920732502315
1680,0.1533318934747158,-0.07260651046181618,-0.29266579676137,0.07260651046181618,0.021054885320889817
1681,0.1652404177299722,-0.06160447624266751,-0.32232340569114254,0.06160447624266751,0.022192561335678516
1682,0.16148826239502834,-0.02884377023751033,-0.2919033306277371,0.02884377023751033,0.05514487984204862
1683,0.1791130890495572,0.03780364461940561,-0.29113918944110745,-0.03780364461940561,0.10638347902059041
1684,0.17870028515902364,0.05252157606326807,-0.20850464834339524,-0.05252157606326807,0.12410915998500746
1685,0.17219490688368946,0.03873539075707125,-0.22090995319708726,-0.03873539075707125,0.11361338769954919
1686,0.18958246825002326,0.05399040296533525,-0.2511874098417089,-0.05399040296533525,0.12447967064633876
1687,0.18793985003698072,0.042713978464796395,-0.28873052288124756,-0.042713978464796395,0.10875560536312469
1688,0.1815234834721032,0.060114679896705506,-0.24388579283982853,-0.060114679896705506,0.12619020346014637
1689,0.18826047007756957,0.06406737212934943,-0.2723379148978436,-0.06406737212934943,0.12896441142736664
1690,0.1788951232734098,0.055259009084457036,-0.29373848867809826,-0.055259009084457036,0.11811363867832679
1691,0.18053854693808583,0.06081122362588319,-0.28046586555211295,-0.06081122362588319,0.12784327441672735
1692,0.18284403566993307,0.05400442692697015,-0.2436279023729704,-0.05400442692697015,0.12601807186200353
1693,0.18645984618517558,0.035599084686225094,-0.29422325248068587,-0.035599084686225094,0.10742276633222361
1694,0.17048849068605412,0.0521434418242591,-0.36453730003276674,-0.0521434418242591,0.11339558067590141
1695,0.17396993885668857,0.049467610746632695,-0.39341015233674426,-0.049467610746632695,0.10780869005321062
1696,0.15293929818280458,0.01790870135392761,-0.35141037466731523,-0.01790870135392761,0.08305441733421103
1697,0.17263949634194364,-0.011583110591530972,-0.3490727753621352,0.011583110591530972,0.06018290141075466
1698,0.16354417688717518,0.01500282299494773,-0.374004073412639,-0.01500282299494773,0.07541996864358266
1699,0.14348000627606353,0.006316898072096981,-0.3917114790771154,-0.006316898072096981,0.06252723317993687
1700,0.14725660606921498,-0.09323998289106228,-0.32372616068827187,0.09323998289106228,-0.006985679813508929
1701,0.14791321925015502,-0.07208963852652951,-0.3073411772659229,0.07208963852652951,0.012062703558305746
1702,0.14986274094844118,-0.09827242989266262,-0.2838203200312167,0.09827242989266262,-0.005946327114699689
1703,0.15229077409808375,-0.12363401581466678,-0.32373188891032945,0.12363401581466678,-0.03807259787597301
1704,0.14196274671820885,-0.11376308581280002,-0.2780382244000121,0.11376308581280002,-0.02186834041326557
1705,0.15254345508786846,-0.14030215430969795,-0.3065356311743391,0.14030215430969795,-0.04841109142490585
1706,0.15469235598912387,-0.12658014106131574,-0.31864878945655706,0.12658014106131574,-0.03939836112939975
1707,0.15559914068880187,-0.11967764235742578,-0.3145921136253682,0.11967764235742578,-0.033193427957832804
1708,0.14702492855763497,-0.1316678029857431,-0.31177541278599263,0.1316678029857431,-0.048057203425762064
1709,0.15018430162904017,-0.10844088141132273,-0.28864643954993796,0.10844088141132273,-0.0252581885554422
1710,0.15345168053781708,-0.10072930203119533,-0.28011269969321273,0.10072930203119533,-0.01993555802205489
1711,0.1553810658068654,-0.0660764678317589,-0.25771599410703133,0.0660764678317589,0.01379697175203923
1712,0.15228029531057974,-0.0492087662443858,-0.2500623619270221,0.0492087662443858,0.026810890850120457
1713,0.16022791714152512,-0.06723658019208684,-0.26444287770979175,0.06723658019208684,0.012658545105666273
1714,0.15659545722379414,-0.10976922976931702,-0.28131361018314915,0.10976922976931702,-0.023876275813753157
1715,0.15676202799517433,-0.08832291279308824,-0.27352363169404076,0.08832291279308824,-0.0057538388958485575
1716,0.16029416483604422,-0.07991362425922133,-0.30045915834008025,0.07991362425922133,-0.0035597468688335545
1717,0.15137874164125587,-0.092402638407878,-0.2680318032833117,0.092402638407878,-0.009918739715349104
1718,0.1611136718355121,-0.08932218327999293,-0.2929647021711205,0.08932218327999293,-0.01260533213090492
1719,0.15433588086273592,-0.10124068166746901,-0.2967289989655267,0.10124068166746901,-0.021677821162287437
1720,0.15794689047099794,-0.09350111043711914,-0.2687199037071155,0.09350111043711914,-0.01117997229561181
1721,0.15585787417484223,-0.06948350967494672,-0.24049706165901777,0.06948350967494672,0.012823048322715228
1722,0.15953376898340407,-0.04264536048993727,-0.23288769490064798,0.04264536048993727,0.03394940625744664
1723,0.15672584532479217,-0.08200688758928422,-0.2578385719291645,0.08200688758928422,0.002004256352907879
1724,0.1555075139109292,-0.07696309091005904,-0.2628138281027385,0.07696309091005904,0.004292810828634116
1725,0.15430347735669162,-0.05283177302019835,-0.27747227739346003,0.05283177302019835,0.01949203510071319
1726,0.1468065582517849,-0.09042820546453938,-0.258586142592289,0.09042820546453938,-0.007424113987268848
1727,0.15407418642797752,-0.06457888953654249,-0.2558263323222488,0.06457888953654249,0.013080642215296867
1728,0.16473785514467942,-0.06978505488275111,-0.30383206850964545,0.06978505488275111,0.003139936744793248
1729,0.16229099192687219,-0.08526011462385535,-0.3121024037632587,0.08526011462385535,-0.010846898838566222
1730,0.16182825801468217,-0.07520706184826492,-0.3000768180005599,0.07520706184826492,0.00014534041914391355
1731,0.17303624225653294,-0.045418452750794314,-0.25683812638960873,0.045418452750794314,0.02791981643575176
1732,0.15585807763772602,-0.1428592103072853,-0.24499430735995015,0.1428592103072853,-0.052931234198965116
1733,0.21056660911005687,0.08978865082929029,-0.36269640461648134,-0.08978865082929029,0.15141946098714176
1734,0.20228534976223084,0.09424770061862713,-0.3568278050902538,-0.09424770061862713,0.15275579337479459
1735,0.2116607221115806,0.09451670463947573,-0.35040712120978423,-0.09451670463947573,0.1550133376175282
1736,0.19967728682860938,0.05704542264757211,-0.3455573448615173,-0.05704542264757211,0.12097576688057911
1737,0.16770007368681467,-0.021913341988906397,-0.3725578963736319,0.021913341988906397,0.04964471136710902
1738,0.16117111255335334,-0.026371651043412582,-0.36836224392225664,0.026371651043412582,0.04965715957745442
1739,0.19587875472499533,0.05814005493771536,-0.3590710789350745,-0.05814005493771536,0.12200627067984492
1740,0.21404042813316712,0.09419252236018642,-0.3534137971138852,-0.09419252236018642,0.15146592651821356
1741,0.20551525341250543,0.10638295439267509,-0.3483954159851909,-0.10638295439267509,0.15530521165985486
1742,0.21138149101854525,0.10126900987217292,-0.35673156370741865,-0.10126900987217292,0.15253484599305342
1743,0.20009841303040285,0.07849487001386858,-0.35293346264070774,-0.07849487001386858,0.13585367165255904
1744,0.21126983721537315,0.07522886355088516,-0.3501859831486895,-0.07522886355088516,0.1359052564662696
1745,0.20005356326142376,0.032803853368360406,-0.3615058335855574,-0.032803853368360406,0.0966213543732347
1746,0.1886677994493366,-0.030469518284286626,-0.369300343114854,0.030469518284286626,0.041776967709711996
1747,0.2018267115389379,0.07682197191238462,-0.34969835569751523,-0.07682197191238462,0.13076697283941707
1748,0.21648155537155372,0.10227808576271669,-0.3516968068475274,-0.10227808576271669,0.15358905332976838
1749,0.22045219139385838,0.10567242427250344,-0.35141074716927534,-0.10567242427250344,0.15480851371959461
1750,0.18997263308782725,0.06899426334674738,-0.38528093726098706,-0.06899426334674738,0.12073109131039822
1751,0.1841166122091867,0.051746220413865604,-0.3916817247905837,-0.051746220413865604,0.1085004741906338
1752,0.2067044296766053,0.0684739889433036,-0.3518863369094993,-0.0684739889433036,0.13135937205816187
1753,0.20165186378179234,0.06909951005355536,-0.37061160063279625,-0.06909951005355536,0.13054200713573585
1754,0.18803474624758726,0.009261008846253532,-0.36782250419535706,-0.009261008846253532,0.08158291644378986
1755,0.19324435266548706,0.00017016880675606058,-0.36402951065395545,-0.00017016880675606058,0.07419826431177347
1756,0.2169328246759249,0.07037289929894046,-0.3713663446119919,-0.07037289929894046,0.13423978256507677
1757,0.21044745115657257,0.047856318087102896,-0.3722920144397323,-0.047856318087102896,0.11730187642242795
1758,0.19879657152570732,0.043725379140762896,-0.36016434802786995,-0.043725379140762896,0.10992052868861854
1759,0.19172059948614162,0.03809562207673869,-0.36081732270599837,-0.03809562207673869,0.10370601305986611
1760,0.19066151135739523,0.03763951352774269,-0.3653893620796182,-0.03763951352774269,0.10218161935328644
1761,0.17961269011874598,-0.04244426676487182,-0.3745305285805238,0.04244426676487182,0.03389806122420033
1762,0.177192128072838,-0.056921650305965854,-0.3674112800654785,0.056921650305965854,0.023855975761586674
1763,0.1852418792212322,0.010432553289381601,-0.3338243288613417,-0.010432553289381601,0.08413709037456436
1764,0.20089641521837837,0.025664077721563868,-0.3645868270477994,-0.025664077721563868,0.09381005290559855
1765,0.20005093885350414,0.04284590864167529,-0.37064180666177826,-0.04284590864167529,0.10612331908755647
1766,0.18911860286525697,0.0038149349871052195,-0.38151357782073647,-0.0038149349871052195,0.07465353510016211
1767,0.17187882142381664,-0.002425886273715451,-0.3347209772356859,0.002425886273715451,0.0750408722637385
1768,0.1771772176468178,0.021313035725838973,-0.2944610996079356,-0.021313035725838973,0.09676186633262054
1769,0.20459429110567112,0.04251693944506141,-0.35703935180424,-0.04251693944506141,0.11064145214569787
1770,0.1988862077649547,0.0191469373129313,-0.37355725078708196,-0.0191469373129313,0.08846540560028937
1771,0.18192511626301627,0.0054360057995112175,-0.3363328432318401,-0.0054360057995112175,0.08446612142707506
1772,0.18314952654031955,0.0033931754296442074,-0.33189640309568563,-0.0033931754296442074,0.08406754710970565
1773,0.13811907678020566,-0.12972077391849368,-0.2895052877876199,0.12972077391849368,-0.02731534546506441
1774,0.16657753252856622,-0.10081487782882616,-0.3674506107732157,0.10081487782882616,-0.01720366593170843
1775,0.14850937602550793,-0.17684264353467768,-0.36434374292066923,0.17684264353467768,-0.08758950306714397
1776,0.16106820994811274,-0.05223637939932972,-0.32349038460450447,0.05223637939932972,0.03480430995783492
1777,0.17032953627802727,-0.009394232834918219,-0.29359398552931265,0.009394232834918219,0.07531816679712859
1778,0.16998725194998093,-0.018903147388866136,-0.2767769421128144,0.018903147388866136,0.0647197861839556
1779,0.15831370966869637,-0.06281012546834702,-0.3137314717135488,0.06281012546834702,0.028572187682059536
1780,0.15498039886916945,-0.05894845302793889,-0.2864430403768211,0.05894845302793889,0.033018616621556404
1781,0.15285817258874282,-0.06695861868472795,-0.3020087884779157,0.06695861868472795,0.022119625083468663
1782,0.17096821014559793,-0.06909007610271448,-0.30165077446388355,0.06909007610271448,0.021563023584256897
1783,0.16477254641579914,-0.08326998112818917,-0.33485999509843284,0.08326998112818917,0.0043625222929693525
1784,0.17721641089633386,0.00900565207013451,-0.31973699751535245,-0.00900565207013451,0.08227128068443608
1785,0.188975042651813,0.061773024288733075,-0.28138765314814385,-0.061773024288733075,0.12652063238668612
1786,0.19594036396484546,0.061916443912287435,-0.26744169267437384,-0.061916443912287435,0.12865327852328334
1787,0.18910856069858925,0.05804354935893215,-0.2594506521633058,-0.05804354935893215,0.12498992931617352
1788,0.1826911642741511,0.06709565884127938,-0.302613815802335,-0.06709565884127938,0.12923088380407213
1789,0.17843842478541352,0.05951576738822148,-0.28124528131885024,-0.05951576738822148,0.12624669514706185
1790,0.19323549327401657,0.06563370485537692,-0.2892736820273725,-0.06563370485537692,0.13208666817085607
1791,0.20531623433662455,0.06375998242451011,-0.25297462029642903,-0.06375998242451011,0.1298098604759087
1792,0.22199234074548146,0.0597472823854744,-0.19852656752014913,-0.0597472823854744,0.12620447259725745
1793,0.24942620076233984,0.04733043421416434,-0.17852938459995255,-0.04733043421416434,0.12179229049841174
1794,0.22891671985702228,0.024539557711023046,-0.20862412252320814,-0.024539557711023046,0.10386559694256657
1795,0.15812736389671683,-0.06939962944488552,-0.29283023803749114,0.06939962944488552,0.023646601100943257
1796,0.17868048661669758,0.01585370536976322,-0.3516735452513712,-0.01585370536976322,0.08789486208061012
1797,0.15549065379878038,-0.042603682895465914,-0.33187545608126845,0.042603682895465914,0.03825407606617394
1798,0.16112752419113568,-0.06411755218054105,-0.36246884145529246,0.06411755218054105,0.01564744750459767
1799,0.17151345304536086,-0.017258303235114326,-0.3551182359124224,0.017258303235114326,0.053378565513761536
1800,0.147799208462807,0.01638394389139963,-0.3789355872456938,-0.01638394389139963,0.07145999567736361
1801,0.14094132315901753,-0.04342307921664796,-0.33388445938269495,0.04342307921664796,0.02967206761946694
1802,0.15291457572626935,-0.08304547423290604,-0.2839371763373831,0.08304547423290604,0.005493786594808576
1803,0.15240480826190533,-0.09041178307065115,-0.27559065418515677,0.09041178307065115,0.0028345460379330762
1804,0.1476987325125697,-0.11205860429694749,-0.28470545957728627,0.11205860429694749,-0.021258911768227657
1805,0.14394472106230446,-0.13288872115969583,-0.30627879153725024,0.13288872115969583,-0.042940804375449323
1806,0.1540435802140433,-0.1259156767185923,-0.2979222115903602,0.1259156767185923,-0.034597783018996124
1807,0.14528404941857445,-0.1378775113909558,-0.2859390831363692,0.1378775113909558,-0.04442461470659617
1808,0.16069533429878352,-0.10724657593022285,-0.2889622674059314,0.10724657593022285,-0.01960541845312332
1809,0.15476344370416265,-0.06713320477228552,-0.24942601771302828,0.06713320477228552,0.018115965408847252
1810,0.16235628210260636,-0.0408371532758339,-0.250808598608831,0.0408371532758339,0.03700242879127655
1811,0.15638022484297498,-0.0690495288486105,-0.2599831049509845,0.0690495288486105,0.013497242290585241
1812,0.16105859633892197,-0.06373424362658722,-0.3133410763194679,0.06373424362658722,0.009892390551897086
1813,0.1505180023256862,-0.11994191456493705,-0.2878782954524855,0.11994191456493705,-0.036826496596457134
1814,0.1575315294705278,-0.08373681413492864,-0.2682157029498654,0.08373681413492864,-0.00608574641645302
1815,0.16259801960707365,-0.049096480221031635,-0.247573194276959,0.049096480221031635,0.027004012597015622
1816,0.16212733367087953,-0.04959362390064856,-0.2406001292297567,0.04959362390064856,0.02679872554676941
1817,0.15443044444370485,-0.09799480746506434,-0.2881424436961012,0.09799480746506434,-0.017585713865763002
1818,0.15254186668668987,-0.11044190023398484,-0.29372642822307166,0.11044190023398484,-0.02794176232671203
1819,0.142666665944844,-0.09933538227646074,-0.25129249177584956,0.09933538227646074,-0.013336858724711725
1820,0.15162973238316152,-0.09260235600064391,-0.24744900520007215,0.09260235600064391,-0.007312747008496931
1821,0.15173920133081945,-0.05112857572812522,-0.23650463474411654,0.05112857572812522,0.026425572586449255
1822,0.1514705254974928,-0.058334987590081704,-0.23635119949849814,0.058334987590081704,0.02250755520636523
1823,0.15218983941544117,-0.10183239511789269,-0.28984462987010445,0.10183239511789269,-0.02050142793498001
1824,0.15805725126923126,-0.11485847091499585,-0.3146845692080985,0.11485847091499585,-0.033927849883362504
1825,0.1555938234539001,-0.07283077746207176,-0.2577762818233806,0.07283077746207176,0.00788416826775905
1826,0.15190990167394075,-0.11140101745174096,-0.2595163752716969,0.11140101745174096,-0.024169126954912374
1827,0.155724902354743,-0.07436129888827796,-0.26019304912248836,0.07436129888827796,0.004241957557869971
1828,0.16419140041471247,-0.08614769379820672,-0.2951043142595033,0.08614769379820672,-0.009968454805159307
1829,0.17306981819142034,-0.07020732585612688,-0.3015975119466566,0.07020732585612688,5.2469953371481256e-05
1830,0.17318442275469886,-0.03401983258413871,-0.2834218940872895,0.03401983258413871,0.03286686409842909
1831,0.1686623694782378,-0.030512969948099537,-0.2602800586623351,0.030512969948099537,0.038218211488329955
1832,0.16201406982825967,-0.09691059553412165,-0.25876249569317983,0.09691059553412165,-0.012235283683914678
1833,0.2176520897297891,0.08106532601851113,-0.3411570170155481,-0.08106532601851113,0.15150060868257817
1834,0.20348869816674392,0.10046032641592216,-0.350881002169953,-0.10046032641592216,0.15832242047765477
1835,0.2107072990582293,0.0792369517676128,-0.3377759994096199,-0.0792369517676128,0.14504681501901912
1836,0.21281424836544574,0.09524024095819446,-0.3280018519656206,-0.09524024095819446,0.15483342970724415
1837,0.18469679979662795,0.009428498177158217,-0.33879317951691973,-0.009428498177158217,0.08014105185662787
1838,0.18666525679923698,0.011865276039240489,-0.3373603951851438,-0.011865276039240489,0.0815729834177329
1839,0.20438285557273836,0.06215508752716576,-0.3412280335190748,-0.06215508752716576,0.12495364396413013
1840,0.18506071682710437,0.02565291552830676,-0.35830783227319307,-0.02565291552830676,0.09414773068903766
1841,0.20956001963747076,0.10441592082915012,-0.34623205975665905,-0.10441592082915012,0.15400446058957454
1842,0.211823563759437,0.11388094187045175,-0.3439966413656964,-0.11388094187045175,0.15794933771008604
1843,0.21204854863903955,0.10645805421808653,-0.3451460459790641,-0.10645805421808653,0.1544187695596895
1844,0.20846093561014253,0.09162675515119374,-0.34383442808934056,-0.09162675515119374,0.14669406384721168
1845,0.19570969080923528,0.04069344694157881,-0.3424276070536752,-0.04069344694157881,0.10843598082309
1846,0.2041454121336174,0.062226631559500395,-0.3450306310418837,-0.062226631559500395,0.12253801838363913
1847,0.1912067438975235,0.016323187690175836,-0.3421087323273282,-0.016323187690175836,0.08596038719132366
1848,0.18768011475527502,0.04302773005992802,-0.3084438655758613,-0.04302773005992802,0.10857524444591388
1849,0.2105727433221643,0.08775573958223665,-0.3495155365338128,-0.08775573958223665,0.14186403906296793
1850,0.220202227359793,0.10157249011247416,-0.3603094688044953,-0.10157249011247416,0.15484589083386194
1851,0.1898084169391525,0.06485865857004498,-0.3886368493498315,-0.06485865857004498,0.11948583213992257
1852,0.18337237373228923,0.03733899405191588,-0.4016720639729087,-0.03733899405191588,0.09765115659576591
1853,0.19483267750417702,0.053390696701140786,-0.3576095083132904,-0.053390696701140786,0.11478548618019951
1854,0.18666257745298037,0.03164390328584366,-0.37971158327639404,-0.03164390328584366,0.09357121228269297
1855,0.18448357283779548,0.038978684598236765,-0.37849431533180156,-0.038978684598236765,0.10305987828015427
1856,0.1829321414875875,0.0018717569818408521,-0.3692761983708272,-0.0018717569818408521,0.07293373497841439
1857,0.19083151567341589,0.03711036764923526,-0.35436756392420327,-0.03711036764923526,0.103371848593464
1858,0.1884500344178207,0.012105133415494119,-0.35960679225633624,-0.012105133415494119,0.08499351243225824
1859,0.1842517984081306,0.02106844972416761,-0.3256414299769677,-0.02106844972416761,0.09201637363205416
1860,0.1863238957891913,0.030564766934925422,-0.34209630176386724,-0.030564766934925422,0.09781821395358559
1861,0.17978873680462765,0.052911856042308664,-0.35560842395596637,-0.052911856042308664,0.11707331941064543
1862,0.1892846450141694,-0.00414607999108898,-0.36499263353634026,0.00414607999108898,0.06880145989939458
1863,0.19384131951627234,0.033711407635330086,-0.35143080632967155,-0.033711407635330086,0.10194648425856785
1864,0.1844047717529146,-0.00731995332156068,-0.360413901961468,0.00731995332156068,0.06719970930073584
1865,0.2014217895316031,0.027009524795220667,-0.36044206084313146,-0.027009524795220667,0.09535186206781969
1866,0.2060264707487755,0.057256002056989136,-0.37413218868935255,-0.057256002056989136,0.11781014701984335
1867,0.2015085609097507,0.07330751548840622,-0.3792326366848232,-0.07330751548840622,0.13209906741224445
1868,0.16993010638851835,-0.025305189951972645,-0.383257547232201,0.025305189951972645,0.05218637373127916
1869,0.19067046519622366,0.0007268565106113777,-0.3533087617650417,-0.0007268565106113777,0.07978014523700752
1870,0.2075944286515262,0.03809255703556261,-0.3393959531658125,-0.03809255703556261,0.11355364711744269
1871,0.19690843772876207,0.04548057915279912,-0.33312214613755936,-0.04548057915279912,0.11612630305202792
1872,0.18475323729922127,0.0058090977851134856,-0.30880503831816203,-0.0058090977851134856,0.08850788854110511
1873,0.1799856987999846,0.031538842732594156,-0.33796212107064244,-0.031538842732594156,0.102789594644886
1874,0.16445560895276398,-0.07349550802522231,-0.2998505289701497,0.07349550802522231,0.019412921827542486
1875,0.1440624855273509,-0.09916264761480764,-0.2644180588268336,0.09916264761480764,0.0012178802251263576
1876,0.1731784063519018,-0.036730071283986344,-0.35393643636484495,0.036730071283986344,0.04223298824524039
1877,0.1772744203444829,0.0044128539737528505,-0.27096708274850045,-0.0044128539737528505,0.08582186552429627
1878,0.17179901869026612,-0.010022185759960556,-0.3246683775771355,0.010022185759960556,0.06723011689351872
1879,0.16721548439049871,-0.06073696577544274,-0.3295630541161428,0.06073696577544274,0.024282033230570516
1880,0.16482240062023853,-0.04670144842123978,-0.3155189101150121,0.04670144842123978,0.03991046344656699
1881,0.21150718329112114,0.041896402865958485,-0.29929173089454336,-0.041896402865958485,0.11320623356157851
1882,0.19247601816205173,0.005961881245552233,-0.30754707358468586,-0.005961881245552233,0.08155281535294101
1883,0.167966715745583,-0.07467332509087705,-0.3094551895196008,0.07467332509087705,0.01908811943549453
1884,0.17050435837433467,-0.07751674773761406,-0.2990609835665915,0.07751674773761406,0.015050836413702603
1885,0.17987042994253163,-0.03618897780809167,-0.3180272772698199,0.03618897780809167,0.04746052990402883
1886,0.18950854006381987,0.05313274105521949,-0.36541929038663157,-0.05313274105521949,0.11374536443446336
1887,0.18919044577195268,0.08064760142271626,-0.34424015159100085,-0.08064760142271626,0.1345451761663757
1888,0.19151147755148096,0.07256258332815128,-0.2974788259912528,-0.07256258332815128,0.13262605408289121
1889,0.17831772603249063,0.07463877000374806,-0.32520331266226987,-0.07463877000374806,0.13184539532913667
1890,0.1668258852575285,0.061768498889369305,-0.3185317589525565,-0.061768498889369305,0.12397242230467934
1891,0.182199494791318,0.07020798732108875,-0.33124073115697056,-0.07020798732108875,0.1270279509425356
1892,0.17662913250564624,0.06307096240854806,-0.30603878115405037,-0.06307096240854806,0.12554525825390633
1893,0.18153145378335628,0.06084345580311422,-0.2839536458594594,-0.06084345580311422,0.12528773271933252
1894,0.1895615300091027,0.059796864851526785,-0.26771528462079974,-0.059796864851526785,0.1255994765384821
1895,0.17592744427453624,0.023237556501532333,-0.32265113311205323,-0.023237556501532333,0.09100801934287299
1896,0.19488671494669063,0.03349295975878889,-0.32828950114643357,-0.03349295975878889,0.10920465289762875
1897,0.17768974565065876,-0.0033192292748419143,-0.31555157963632025,0.0033192292748419143,0.07854062524775542
1898,0.1488808809461938,-0.04629772429525762,-0.29713997688654475,0.04629772429525762,0.03913975618598164
1899,0.16899347028688363,-0.05664273363747762,-0.34555866714273203,0.05664273363747762,0.024136586761919772
1900,0.16927326587312197,-0.0501192386358336,-0.3465502478601831,0.0501192386358336,0.027519241306411396
1901,0.15878417514153897,-0.08115809663777075,-0.34997614797469734,0.08115809663777075,-0.0035535143369935024
1902,0.13857141002751788,-0.028617829900646593,-0.35976196512984193,0.028617829900646593,0.03273867757266735
1903,0.14372709137163314,-0.07178682919690384,-0.3152979734839139,0.07178682919690384,0.006334798551717791
1904,0.15046860503328563,-0.0881837676823991,-0.27200056970814185,0.0881837676823991,0.002948447634850569
1905,0.14757471302379227,-0.1099440271259718,-0.29310377956585776,0.1099440271259718,-0.02030919185758539
1906,0.14845283402456044,-0.1328901820887959,-0.3142200656959686,0.1328901820887959,-0.04481374011321895
1907,0.14946054249154725,-0.11191532515866942,-0.299678487463797,0.11191532515866942,-0.02541056410116907
1908,0.14949614159016136,-0.11576651036293714,-0.29651572840409124,0.11576651036293714,-0.029183437508976503
1909,0.15102971298503107,-0.10139966009201344,-0.2822520124039483,0.10139966009201344,-0.01468404560600499
1910,0.1488080220431319,-0.07431893762025354,-0.2614205743409802,0.07431893762025354,0.009556009010687988
1911,0.16944538899497938,-0.04787442301130239,-0.27319051108865056,0.04787442301130239,0.025445628558959665
1912,0.15863537599450636,-0.0673633719130678,-0.2600039697352638,0.0673633719130678,0.01434744318360092
1913,0.15818515063639924,-0.0812610197666583,-0.27417548754837595,0.0812610197666583,0.0006018778805166868
1914,0.1565953059494291,-0.08413453627030293,-0.2636828459464397,0.08413453627030293,-0.004304510339655104
1915,0.15917132408745566,-0.05329503567947146,-0.24667006812976186,0.05329503567947146,0.021785303095798833
1916,0.1578353924178687,-0.08467441917118936,-0.2507115515460061,0.08467441917118936,-0.002443763467577406
1917,0.15603034272754296,-0.025104729219489978,-0.2300906703915651,0.025104729219489978,0.045065145608679115
1918,0.1522572221489252,-0.02276307577475771,-0.21911580997872063,0.02276307577475771,0.0484057374632127
1919,0.15386447951692073,-0.07006591743340924,-0.2501703958438866,0.07006591743340924,0.008908444024350771
1920,0.1512386574401992,-0.0826265243765077,-0.26198892156881426,0.0826265243765077,-0.0005514479537671564
1921,0.16024245847576665,-0.06650470972154303,-0.24377700404666486,0.06650470972154303,0.014482230785013752
1922,0.1534378730200588,-0.05579224214246253,-0.2516978039892935,0.05579224214246253,0.01805245056197519
1923,0.15663626300293912,-0.09921703702543627,-0.2750266993063257,0.09921703702543627,-0.01765234192901524
1924,0.15851420285170148,-0.07873591590608266,-0.27975289462688047,0.07873591590608266,-0.0009931454939889762
1925,0.155293778016981,-0.09488672940337484,-0.29106637807818025,0.09488672940337484,-0.014503780243592963
1926,0.15328943268846082,-0.11878145901474794,-0.27542052489700175,0.11878145901474794,-0.03290212375433731
1927,0.16032027728523615,-0.09533217276472457,-0.25773291473583515,0.09533217276472457,-0.009725901404450324
1928,0.15785443730828275,-0.06147861634130596,-0.24169085896069503,0.06147861634130596,0.017701774393955913
1929,0.16525703394586352,-0.07788249121234916,-0.2624405868023124,0.07788249121234916,0.003181656207594089
1930,0.18130703163384293,-0.007413003258656324,-0.24677171333776937,0.007413003258656324,0.058634959786112086
1931,0.1823371534601667,0.019377819088381192,-0.20407375522915758,-0.019377819088381192,0.08221610039434361
1932,0.18130848944618122,0.022950162671612206,-0.2081501060558152,-0.022950162671612206,0.08450159937376946
1933,0.17098624112180602,-0.1576203654637022,-0.27035739028128947,0.1576203654637022,-0.06799833309650247
1934,0.18490852788738207,0.04295243628278014,-0.36276576521713777,-0.04295243628278014,0.11211162900266329
1935,0.19345909062974118,0.07137285560527296,-0.3343340005145342,-0.07137285560527296,0.13794766212406076
1936,0.20935018143658798,0.08126087827336845,-0.32691777151790397,-0.08126087827336845,0.14821593024533633
1937,0.1969167838821634,0.06696940743959981,-0.3465468534230814,-0.06696940743959981,0.12982196377995878
1938,0.2020052791949933,0.08867417311011098,-0.3539150349930264,-0.08867417311011098,0.14390590108486415
1939,0.1912329599487635,0.050205223577265014,-0.33069890199256446,-0.050205223577265014,0.11450322097268749
1940,0.19863971546270062,0.04165553337440973,-0.34300330542223517,-0.04165553337440973,0.10862785261877567
1941,0.21171203454429682,0.09456192418968606,-0.33919517521941894,-0.09456192418968606,0.1502066878596056
1942,0.2030946113690987,0.08314203776666018,-0.34199274092373266,-0.08314203776666018,0.13739883988516524
1943,0.21050083293939048,0.09424918049750271,-0.34635862257796235,-0.09424918049750271,0.14325227463485507
1944,0.2103852989934779,0.1081806877835548,-0.35142955425685785,-0.1081806877835548,0.1559677113971343
1945,0.21938648908749261,0.09762513342327477,-0.3385303031954084,-0.09762513342327477,0.1523463164970163
1946,0.20894826729627825,0.08780571094118413,-0.34169859701054695,-0.08780571094118413,0.1417282994739261
1947,0.21085385611132915,0.09453258335647348,-0.34069943560462396,-0.09453258335647348,0.14694255394078104
1948,0.19749027817506898,0.05777344498092694,-0.34514607338409936,-0.05777344498092694,0.12035743067061697
1949,0.19392762883422948,0.047562033817439606,-0.35021533896764667,-0.047562033817439606,0.112409065516381
1950,0.20881283661408992,0.08411382836990147,-0.3648758232466411,-0.08411382836990147,0.14124857132674692
1951,0.2089791044831421,0.0986989020755477,-0.3618286447789992,-0.0986989020755477,0.15090487697303398
1952,0.18766329573383117,0.060740969545588594,-0.36994481421334974,-0.060740969545588594,0.11768459520748334
1953,0.1960103818267819,0.06926099170102715,-0.36265067760564584,-0.06926099170102715,0.12895539068022663
1954,0.19283630447450215,0.0401256664295488,-0.35401203680883253,-0.0401256664295488,0.10688615265696158
1955,0.17955085862782832,0.020547951952302208,-0.38288976232953,-0.020547951952302208,0.08793879632001976
1956,0.19336119368609392,0.0277905144744938,-0.3766752879657786,-0.0277905144744938,0.09400429898334677
1957,0.18438643244751154,0.0099819171356128,-0.35369224583242587,-0.0099819171356128,0.08094855547499007
1958,0.1967447389660767,0.02776121105014889,-0.334593845879147,-0.02776121105014889,0.09962379943632617
1959,0.1899397545628185,0.017843345052502048,-0.3661138271500582,-0.017843345052502048,0.08593092845362778
1960,0.19442566944795925,0.06181769756287741,-0.35612123295878245,-0.06181769756287741,0.1218505667728703
1961,0.17995775371702977,0.036440380629094715,-0.3512958482374902,-0.036440380629094715,0.10432321752569568
1962,0.18970061233110672,0.022905470091631817,-0.3581658868172339,-0.022905470091631817,0.09004238871262842
1963,0.20439654530590734,0.049622968097444,-0.3590690729397528,-0.049622968097444,0.11546700271599009
1964,0.19539284085014835,0.022418771903498225,-0.3830800083106643,-0.022418771903498225,0.09123663437838084
1965,0.18079431175740074,0.018144956047334907,-0.3763005621156385,-0.018144956047334907,0.08657149654734071
1966,0.18178985761478894,0.005193776983093957,-0.38889839941464227,-0.005193776983093957,0.07407642768932224
1967,0.20019543754973626,0.02818760776198197,-0.3720193795498097,-0.02818760776198197,0.0971355679953426
1968,0.2009730040584421,0.04935184371897772,-0.3582844323346309,-0.04935184371897772,0.1169571004894323
1969,0.1742316450624954,-0.018550137043787104,-0.37581618079607515,0.018550137043787104,0.05714323158709211
1970,0.19515054592541564,0.048614732241031515,-0.37676757696520763,-0.048614732241031515,0.11185842715244611
1971,0.18940829235673357,0.038631534757022766,-0.34091094670815647,-0.038631534757022766,0.10716212366159485
1972,0.19697425338046412,0.026545588300923927,-0.3504540805815437,-0.026545588300923927,0.10002212693304711
1973,0.18240789484381936,0.015386464828190923,-0.2732327615309642,-0.015386464828190923,0.09951251210537641
1974,0.1837177123544663,0.006415038748572682,-0.2869389536404763,-0.006415038748572682,0.08957596598412129
1975,0.17536514535543357,0.012360580929993172,-0.2541697232662722,-0.012360580929993172,0.0984134044618371
1976,0.16616157516588112,-0.006840587998488765,-0.2476063944332219,0.006840587998488765,0.0834739118210975
1977,0.14512069916821058,-0.08890303514793059,-0.2981474419142947,0.08890303514793059,0.003569692447263353
1978,0.16886243492067046,-0.04822236735851273,-0.35291586333657604,0.04822236735851273,0.030643474454789675
1979,0.16141527795881094,-0.049133243895825754,-0.3412925851193632,0.049133243895825754,0.03320000199881117
1980,0.1724241737350076,-0.008460048045218268,-0.34761886158850364,0.008460048045218268,0.06667760808093552
1981,0.1709758568104827,-0.029202075623928507,-0.3375605332770455,0.029202075623928507,0.04943924000986959
1982,0.21944162724992955,0.06431726868378182,-0.30999313177606225,-0.06431726868378182,0.13087696596815918
1983,0.19422716123511283,0.030135413662848637,-0.31240912741816546,-0.030135413662848637,0.10118693442978802
1984,0.16173237221643924,-0.0551654744738799,-0.2969249671912222,0.0551654744738799,0.03190709890313109
1985,0.17251607011512665,-0.028283086323139583,-0.2677163825102019,0.028283086323139583,0.057433045770667775
1986,0.17375896640484303,-0.02549955092146803,-0.2785561625255483,0.02549955092146803,0.059280129727897514
1987,0.17268514106745153,0.02766708500714016,-0.2540614288616832,-0.02766708500714016,0.10402465163716401
1988,0.17702793890063692,0.02442335088627566,-0.3818170750249952,-0.02442335088627566,0.0852186319642221
1989,0.16728998724406927,-0.006057201360957405,-0.3700543646709495,0.006057201360957405,0.06114654302058902
1990,0.17766326287835466,-0.007682332497818808,-0.34795215544002217,0.007682332497818808,0.062070267556476884
1991,0.18437736592611773,0.004014409596859828,-0.34208686425686025,-0.004014409596859828,0.07504427067115946
1992,0.21338368117737652,0.055407757285571645,-0.30221068543242596,-0.055407757285571645,0.11698596510305787
1993,0.2115653559457544,0.06341302361898041,-0.3150163067544415,-0.06341302361898041,0.12000858002985791
1994,0.21185527455053993,0.06064950414037279,-0.29512173626551436,-0.06064950414037279,0.1150309730194113
1995,0.18237500310206148,-0.007777739640396507,-0.3025353641139109,0.007777739640396507,0.06859670170958054
1996,0.16434021178257824,-0.05909268134284863,-0.3302662935679998,0.05909268134284863,0.022914125872234615
1997,0.16461203340081482,-0.053876584831155504,-0.3605121331951339,0.053876584831155504,0.024857784367216532
1998,0.1892999984770519,0.013425209759593104,-0.3460416934715548,-0.013425209759593104,0.08696144554212287
1999,0.18109896889228927,-0.03316758408412926,-0.31496805817632156,0.03316758408412926,0.04747133211187113
2000,0.15506244068185715,-0.056998459075847246,-0.3090078112487378,0.056998459075847246,0.025037656037250403
2001,0.145212856463687,-0.11051293967089909,-0.330832791452625,0.11051293967089909,-0.02569707276185113
2002,0.14632896254278846,-0.11315142310428158,-0.32250757162296895,0.11315142310428158,-0.026206838957449997
2003,0.14484322915155404,-0.056082675765847356,-0.3396149182715848,0.056082675765847356,0.018645498931574304
2004,0.15357909842912473,-0.04841860545291834,-0.28798867084243424,0.04841860545291834,0.03188616579071931
2005,0.14922915394544048,-0.10738613698480955,-0.27639420843192264,0.10738613698480955,-0.015011959247626097
2006,0.14629665349270926,-0.14486479550224104,-0.29695648127580604,0.14486479550224104,-0.052035815418579996
2007,0.14342501143015107,-0.14987912782737445,-0.2993888030175885,0.14987912782737445,-0.057984807525393776
2008,0.15503236850679336,-0.11459657117976219,-0.29161786304830783,0.11459657117976219,-0.026614225037445982
2009,0.15318817665185733,-0.11642170023762628,-0.2780228631720706,0.11642170023762628,-0.02670185099333741
2010,0.1573654727008891,-0.09883832860095909,-0.3238336276492114,0.09883832860095909,-0.019195544114318012
2011,0.15848809207795234,-0.0713801695272173,-0.2870005688422514,0.0713801695272173,0.0077462535109029595
2012,0.1649788759988289,-0.08676903297481246,-0.31060639638025667,0.08676903297481246,-0.0066310214774386676
2013,0.17709375686543702,-0.03406249057411457,-0.29758095926544004,0.03406249057411457,0.04460260598042356
2014,0.1627294206700548,-0.08824239167465417,-0.31266861493695586,0.08824239167465417,-0.010748413166548188
2015,0.1548482000429137,-0.13274261189727568,-0.2889779330793415,0.13274261189727568,-0.044605051473703645
2016,0.15315521553886707,-0.06511282377787242,-0.2526066208655553,0.06511282377787242,0.011296564219162152
2017,0.16111335836130813,-0.08275666257596742,-0.26673570723565654,0.08275666257596742,-0.004193523966453937
2018,0.16220664527071996,-0.023657503155629617,-0.2306393209960103,0.023657503155629617,0.046871255599254924
2019,0.15887721840900929,0.0033830678870301134,-0.21491925496456565,-0.0033830678870301134,0.06817277128877776
2020,0.15159697240145448,-0.059337602726565894,-0.24310055965747543,0.059337602726565894,0.016732257876016572
2021,0.155764417850357,-0.08116407722541638,-0.26879016312853876,0.08116407722541638,-0.0017125456549175282
2022,0.15002064998974401,-0.0564876222608244,-0.2313607576781772,0.0564876222608244,0.021431467135168997
2023,0.16037036463721427,-0.0360968054591964,-0.23834111813935838,0.0360968054591964,0.03542897972125123
2024,0.15545347672875395,-0.1484364845470454,-0.31553380012017174,0.1484364845470454,-0.06622024228625054
2025,0.16699768284995656,-0.07569002617835754,-0.2995227533319085,0.07569002617835754,0.0007122848764315597
2026,0.15686981087347032,-0.04804110122206912,-0.2370486870905864,0.04804110122206912,0.030174673396635453
2027,0.1499417978546534,-0.11432085680160613,-0.2433497178339211,0.11432085680160613,-0.02396631832385567
2028,0.1572789746093024,-0.13422778421031145,-0.28428558455804015,0.13422778421031145,-0.04795128001447596
2029,0.16359124381917434,-0.0762513145032855,-0.2812610806592893,0.0762513145032855,-0.0019167203305387214
2030,0.18073206428201583,-0.12813905864414743,-0.2641517050067404,0.12813905864414743,-0.05057991956842067
2031,0.19388874359227598,-0.32033823524667226,-0.3317445960442401,0.32033823524667226,-0.23571100875444936
2032,0.1882961708733459,-0.15477608107880744,-0.3074056984395143,0.15477608107880744,-0.07592581890961124
2033,0.18894920248396888,-0.07720668622639676,-0.2678176048190826,0.07720668622639676,-0.0036232492646468273
2034,0.1273174317624427,-0.21847226323647537,-0.16856363601084587,0.21847226323647537,-0.11997293418474123
2035,0.1572634218768099,0.0010887438968509998,-0.39619324298009306,-0.0010887438968509998,0.06907112531542973
2036,0.16597147650508715,-0.0260712788332651,-0.37395003846949887,0.0260712788332651,0.05070546278872689
2037,0.19165697098600695,0.05815639008357019,-0.356644777356629,-0.05815639008357019,0.1254210001846242
2038,0.1932250300536773,0.06578502725730276,-0.3504996197759229,-0.06578502725730276,0.12710644239048202
2039,0.18547420043820864,0.02299650596506317,-0.3312543719169727,-0.02299650596506317,0.09431459880893915
2040,0.1850419205884998,0.04989039048111115,-0.30621590144603517,-0.04989039048111115,0.11591935081750795
2041,0.20034272683601345,0.05993800388895139,-0.3414330352471328,-0.05993800388895139,0.12252579094435685
2042,0.2137241465563521,0.08938268444720665,-0.3363855079676009,-0.08938268444720665,0.1446799775349484
2043,0.2028691480064658,0.06202690244291886,-0.3378620205644168,-0.06202690244291886,0.12315809888694927
2044,0.19504079262526103,0.05446687653936436,-0.32962592784279254,-0.05446687653936436,0.11418574403884914
2045,0.21835908929334905,0.10222975827163687,-0.3438983060529381,-0.10222975827163687,0.15567374699698394
2046,0.2142106270493944,0.10173003688126955,-0.33075211390279147,-0.10173003688126955,0.15423031539551227
2047,0.21618980393535758,0.1043800054090596,-0.3330217980368974,-0.1043800054090596,0.15634956926156798
2048,0.2102824837840984,0.10590298336011833,-0.34145331628802345,-0.10590298336011833,0.1556002816450638
2049,0.20668485786046603,0.08544840904197303,-0.34986004670039544,-0.08544840904197303,0.14201348085292034
2050,0.1905174670907402,0.05436185450234454,-0.34886725326325224,-0.05436185450234454,0.11610244092365132
2051,0.19867063535224455,0.07429342103007867,-0.356134542141328,-0.07429342103007867,0.12966850407614477
2052,0.18654174337647156,0.06857207385632551,-0.3645152604340047,-0.06857207385632551,0.12399547240896372
2053,0.19885206280263473,0.06230770215195328,-0.3870568400134508,-0.06230770215195328,0.11392872959224855
2054,0.20832854121063737,0.09194722783845757,-0.3581281280435218,-0.09194722783845757,0.14550141092481966
2055,0.20422536527565893,0.07866977045756873,-0.35771730726681605,-0.07866977045756873,0.13556567331574543
2056,0.19657469592917498,0.05379473190067999,-0.35792495790249845,-0.05379473190067999,0.11446260949903732
2057,0.19522766247899415,0.05469976476378043,-0.37490778693228644,-0.05469976476378043,0.11432568199468676
2058,0.18401680289516448,-0.004781119429039921,-0.3450158195482288,0.004781119429039921,0.06729745362531803
2059,0.1926763489908759,0.03465332100125961,-0.37118538655208316,-0.03465332100125961,0.09978297723041586
2060,0.17726736964258868,0.006633327055990059,-0.37513084275715314,-0.006633327055990059,0.07563981647316172
2061,0.20075912833347026,0.07151492534537206,-0.3621573824435984,-0.07151492534537206,0.12903448591172245
2062,0.20235963185950542,0.07306501989014547,-0.36234503274529195,-0.07306501989014547,0.12963447994290173
2063,0.19384337922225356,0.01644245774331727,-0.3641460520457976,-0.01644245774331727,0.0855431391693796
2064,0.19747568487559333,0.057126373319756334,-0.36940052328485806,-0.057126373319756334,0.11903856907248428
2065,0.19037889048331874,0.03649622499478051,-0.3898344889552075,-0.03649622499478051,0.09881979787979565
2066,0.1824739375194581,0.008448172918922437,-0.38754311915867107,-0.008448172918922437,0.07496715615424032
2067,0.17347518070947252,-0.000593883577756364,-0.3776401454641539,0.000593883577756364,0.07074700391914063
2068,0.1840802554905846,0.023282233400525734,-0.3895820182841844,-0.023282233400525734,0.09203810928070555
2069,0.1785879446225719,0.008141394986134051,-0.3731559869332012,-0.008141394986134051,0.08163481679884964
2070,0.19680502043931425,0.030138064072029267,-0.35698216288579254,-0.030138064072029267,0.10044166875409233
2071,0.201457108609105,0.04919436431448229,-0.3585806294483468,-0.04919436431448229,0.11883966131715425
2072,0.1807016742227559,0.019122923862116385,-0.3345729772824023,-0.019122923862116385,0.08984935188499228
2073,0.18347249833382534,0.0020634877412408687,-0.3386937273309512,-0.0020634877412408687,0.07626197508978089
2074,0.18831685448670982,0.020230585675572087,-0.3072595683485521,-0.020230585675572087,0.09669527895117495
2075,0.18008854956681147,0.029627933729781692,-0.2667135336098872,-0.029627933729781692,0.10906297801907334
2076,0.1837258671389903,0.03883227807533541,-0.2841859212524554,-0.03883227807533541,0.11306698059016225
2077,0.1810734727973499,-0.0006424033242365888,-0.29646749431425334,0.0006424033242365888,0.07988811996417874
2078,0.14829745719086532,-0.13001265767335174,-0.2790224523617276,0.13001265767335174,-0.026818389809327218
2079,0.150913720362255,-0.08697203867237423,-0.35092516486229436,0.08697203867237423,-0.0020894222789222525
2080,0.1541794279433257,-0.060619987035586125,-0.2928464772652067,0.060619987035586125,0.02978814164571734
2081,0.16531541012710096,-0.03237176483315858,-0.27718544798659245,0.03237176483315858,0.05485307925820773
2082,0.16337916868464972,-0.06771859785922871,-0.3064164240106758,0.06771859785922871,0.020463058374399653
2083,0.16368074557353088,-0.04310194094772032,-0.29871240295081863,0.04310194094772032,0.04356083159320078
2084,0.16924973027727372,-0.042097172438468576,-0.3138266226021503,0.042097172438468576,0.03994966809307016
2085,0.15513847282079135,-0.0508776793254942,-0.31970548732726434,0.0508776793254942,0.03150089233160621
2086,0.15769671110021927,-0.04587628633465063,-0.2903122416934336,0.04587628633465063,0.03974730349274358
2087,0.17379402753776926,-0.021633888001249078,-0.29509987239071234,0.021633888001249078,0.059892574770313
2088,0.16706182487972884,0.025571623577112373,-0.2042419811226865,-0.025571623577112373,0.10602632938587511
2089,0.166849026983005,0.007289753071303202,-0.255724380967054,-0.007289753071303202,0.0862467458481885
2090,0.151392772833952,-0.0727656060739441,-0.3368790396975683,0.0727656060739441,0.0075482979636649185
2091,0.15764611599167458,-0.05594298791637785,-0.34182494841165884,0.05594298791637785,0.016189081723854425
2092,0.16748479530299418,-0.04127786347281923,-0.33795231034199424,0.04127786347281923,0.032490481154100886
2093,0.17289234052244604,-0.01082519942385139,-0.31772344942399927,0.01082519942385139,0.05783561890415645
2094,0.16990654599148505,-0.02116525901464844,-0.29439785146203373,0.02116525901464844,0.054188544010587675
2095,0.16198510496346918,-0.03489968863723112,-0.3202512546227149,0.03489968863723112,0.04271780787039929
2096,0.16433326076664584,-0.04937861448576644,-0.3361504520302332,0.04937861448576644,0.02971569544611825
2097,0.16021483757682936,-0.06714065143375453,-0.34676037513034247,0.06714065143375453,0.014267249031075815
2098,0.16924691685449653,-0.04786641382295017,-0.3533432958266482,0.04786641382295017,0.030650196739185013
2099,0.17290046121598662,-0.02070149814637586,-0.35161222849712437,0.02070149814637586,0.051031090751678575
2100,0.18831498368885694,-0.013478114224107414,-0.3330519109519631,0.013478114224107414,0.06058655233204656
2101,0.17526511843933304,-0.03837885545929275,-0.34381142100303114,0.03837885545929275,0.03998363816679247
2102,0.1565795127523091,-0.048382586005417935,-0.3181155817150354,0.048382586005417935,0.032214377502991
2103,0.15399676662549894,-0.09000019055826593,-0.31801501345471256,0.09000019055826593,-0.008982313050673811
2104,0.1537113944823551,-0.11224153033441858,-0.3358634622322462,0.11224153033441858,-0.029180500143529062
2105,0.1491466171382773,-0.08108878582660868,-0.33338670680272764,0.08108878582660868,-0.003196382879089663
2106,0.15857730836701117,-0.0887339852491501,-0.31016743366916194,0.0887339852491501,-0.005647917622212252
2107,0.1559554208405499,-0.11127824881951134,-0.28454949092514115,0.11127824881951134,-0.021861157971254937
2108,0.15130679367170888,-0.12097280981704238,-0.28107781370341633,0.12097280981704238,-0.028598086516368856
2109,0.14775595121757387,-0.12436631661187374,-0.2863478535973937,0.12436631661187374,-0.03498518897795239
2110,0.15512857486810264,-0.1508704936805204,-0.3071925367087072,0.1508704936805204,-0.060095106344938386
2111,0.1555926438457575,-0.11073228570597277,-0.32939633728984624,0.11073228570597277,-0.030055264816964324
2112,0.1573211627589025,-0.08095717322958533,-0.31563930078593194,0.08095717322958533,-0.0016938656421584114
2113,0.16286076285973394,-0.07471405338671522,-0.2879808220888344,0.07471405338671522,0.005671947601049406
2114,0.16103889298501078,-0.06639031455552989,-0.28067612081268484,0.06639031455552989,0.013805297121320661
2115,0.16182604511220613,-0.09464071256532064,-0.29286624533450606,0.09464071256532064,-0.014652453770231168
2116,0.15863817773155622,-0.11410732770958505,-0.29300546779169395,0.11410732770958505,-0.029758002645671654
2117,0.1473391277554216,-0.12944887553341855,-0.2782347036762085,0.12944887553341855,-0.04016652590692193
2118,0.1597943572559686,-0.09349734874045469,-0.31000377926323214,0.09349734874045469,-0.016948616176635897
2119,0.15581886633129952,-0.03217422613603892,-0.24902881062631715,0.03217422613603892,0.038147068206804975
2120,0.16234675784507951,-0.01637808727717194,-0.2528155252505635,0.01637808727717194,0.04975620940472699
2121,0.1547287484227903,-0.06749237012027452,-0.27263776084888397,0.06749237012027452,0.008558385535960658
2122,0.15081636530458517,-0.07152409773734952,-0.2628652761530227,0.07152409773734952,0.005526278981000592
2123,0.14573845371649174,-0.0756130034735756,-0.2578592951424616,0.0756130034735756,0.003932612620378625
2124,0.155157294306182,-0.06836083092693564,-0.2554685831617252,0.06836083092693564,0.009777422565474248
2125,0.1565334635571763,-0.10711799544225156,-0.28977720706794385,0.10711799544225156,-0.02620835599690038
2126,0.17748439212447745,-0.04794227271151513,-0.28364115010994045,0.04794227271151513,0.02799846314702185
2127,0.16231599797819365,-0.04990963317778846,-0.24277444254428893,0.04990963317778846,0.027289582345547653
2128,0.15872016419402238,-0.08521437588740234,-0.2524889948076169,0.08521437588740234,-0.004050756305970652
2129,0.15219394073199155,-0.08215166725010535,-0.23735392824987614,0.08215166725010535,0.00010457675824921001
2130,0.15416393212202675,-0.09713042360318586,-0.24588020107234207,0.09713042360318586,-0.012110049849136701
2131,0.1706298929197524,-0.2744391578745172,-0.30675368536502806,0.2744391578745172,-0.186815361979837
2132,0.1732019397767963,-0.18655782894015815,-0.32549393568178514,0.18655782894015815,-0.10463609017048849
2133,0.16621549985071374,-0.15767225782880276,-0.3367303467714615,0.15767225782880276,-0.0780537415720488
2134,0.17353195919735478,-0.1317262868088783,-0.33560182712573666,0.1317262868088783,-0.05675473789696596
2135,0.09937657929099288,-0.1596229548447001,-0.10590133656740719,0.1596229548447001,-0.06831857429321941
2136,0.1711433795770772,0.02417895704289067,-0.37487384178006977,-0.02417895704289067,0.092438103753255
2137,0.17821178061297918,0.01110432485663007,-0.36828118965587653,-0.01110432485663007,0.08369733122788607
2138,0.1854692931454839,0.05197320125141041,-0.36227356822762063,-0.05197320125141041,0.11664594984020013
2139,0.19424777710683513,0.08393208905670128,-0.34103838693542177,-0.08393208905670128,0.14163763127732842
2140,0.20459288697042727,0.09423997155208419,-0.33498640561528387,-0.09423997155208419,0.15141444367309684
2141,0.20030456807842942,0.09991751031904166,-0.348698844252696,-0.09991751031904166,0.15181692257146434
2142,0.2017985097420218,0.10980647342274093,-0.334498006133641,-0.10980647342274093,0.1577563949699477
2143,0.21201861888364637,0.09566390538185576,-0.33413665851794394,-0.09566390538185576,0.15225821020831015
2144,0.20148684808552117,0.07680160766341076,-0.3400280023376726,-0.07680160766341076,0.13572457719290737
2145,0.2014365666339987,0.05909905196816399,-0.3343871274871074,-0.05909905196816399,0.12111917760033775
2146,0.21684824346231854,0.10075176882036156,-0.3310323963935264,-0.10075176882036156,0.15379554110147392
2147,0.21332851030706346,0.10873060169458178,-0.3330357863325371,-0.10873060169458178,0.15846198196922742
2148,0.21271178324500664,0.08063810563454772,-0.3468548508598483,-0.08063810563454772,0.13594282368114785
2149,0.2042628429974317,0.07277869982307475,-0.3520005009827176,-0.07277869982307475,0.13101033936234652
2150,0.19262419767951536,0.0440386545259198,-0.33497478356005594,-0.0440386545259198,0.11034690289464189
2151,0.18884434440868228,0.03082336233146101,-0.3361072661133286,-0.03082336233146101,0.09822871938080828
2152,0.1888373115898851,0.09599696133890231,-0.3459775425076795,-0.09599696133890231,0.14522965509816907
2153,0.1870837173171764,0.0052479896647374845,-0.36676738242198575,-0.0052479896647374845,0.07872337534774018
2154,0.1953826748616077,0.033145540530046674,-0.36578922683463266,-0.033145540530046674,0.09658509113843829
2155,0.21131288265968576,0.10213312270120464,-0.34683537060052877,-0.10213312270120464,0.15480501229446827
2156,0.2063187883183385,0.09027136922999657,-0.3530643362778232,-0.09027136922999657,0.14405397416931096
2157,0.19197688507737384,0.05100449324108773,-0.31023857263173127,-0.05100449324108773,0.11577415925539414
2158,0.19308876599037242,0.05363861853019517,-0.3686596611608091,-0.05363861853019517,0.11311853014554758
2159,0.18235669594082307,0.011741258467034256,-0.3556723479244863,-0.011741258467034256,0.07948966713724535
2160,0.18713129422994385,0.03010613119302338,-0.377538188855355,-0.03010613119302338,0.09345776592262076
2161,0.18446127522671957,0.0008998785839268754,-0.3715813318663653,-0.0008998785839268754,0.06916485773619786
2162,0.1868729875183005,0.016419569004816375,-0.34521287815974677,-0.016419569004816375,0.08647805765527711
2163,0.19992116822290248,0.06554459703202846,-0.36671026042207805,-0.06554459703202846,0.12287300137654976
2164,0.20108807697175213,0.026538031318792166,-0.36413348443090243,-0.026538031318792166,0.0951821728257284
2165,0.19580825380023206,0.054753925934640485,-0.3852166394451931,-0.054753925934640485,0.11292510469843944
2166,0.2049601176036267,0.06670444226753308,-0.38038301473584973,-0.06670444226753308,0.12416002918119896
2167,0.20217391019491252,0.04058073380964757,-0.3816577152128138,-0.04058073380964757,0.09993670468995784
2168,0.19298914041575882,0.02033038194752275,-0.38953152594810747,-0.02033038194752275,0.08594006579480486
2169,0.17987594420028524,0.010316851308540619,-0.38569723265319567,-0.010316851308540619,0.08030812672411
2170,0.17075360586138072,-0.011297119886457492,-0.3764733315294568,0.011297119886457492,0.0627350734972266
2171,0.19730115127144332,0.02095483418671662,-0.3674197887582387,-0.02095483418671662,0.09346851997364182
2172,0.1911506665562707,-0.0025795085157426885,-0.33751471722705323,0.0025795085157426885,0.0781556993053554
2173,0.18831105415474858,0.01776250020394821,-0.33266222514294086,-0.01776250020394821,0.09134448590906079
2174,0.1853162314674582,-0.030162625888031078,-0.321129852322176,0.030162625888031078,0.054004274331199996
2175,0.17470708821985007,-0.035964278042523605,-0.29602241145984226,0.035964278042523605,0.052963370692627514
2176,0.15713959577794628,-0.05878402074541171,-0.28082801008801217,0.05878402074541171,0.030209178808208656
2177,0.1517453035400747,-0.12003585738030813,-0.30600791956411916,0.12003585738030813,-0.024997924761906994
2178,0.14793095107896828,-0.1426395528729859,-0.3178992393224416,0.1426395528729859,-0.045168466831338454
2179,0.14348915995548014,-0.14317990141357084,-0.31552007411873173,0.14317990141357084,-0.04833439710651928
2180,0.15744081742136365,-0.07683890582930478,-0.3460994404374389,0.07683890582930478,0.006932827584860365
2181,0.17135133066587907,-0.04866757290150313,-0.3017319186521624,0.04866757290150313,0.038654665766451386
2182,0.16985095734351385,-0.0732972542268185,-0.33133331201416694,0.0732972542268185,0.011391252060478042
2183,0.19075194340042442,0.014553089947209835,-0.29854712240817277,-0.014553089947209835,0.0899217894913099
2184,0.16666437853532737,-0.032643023437881426,-0.29749461102538627,0.032643023437881426,0.04920599158459974
2185,0.15358347179211032,-0.07479579160177909,-0.29018359736548155,0.07479579160177909,0.015932503381492658
2186,0.15185576935345418,-0.06209061589864684,-0.29030182983442954,0.06209061589864684,0.0255076340048307
2187,0.1563276995031784,-0.05158828173031392,-0.27778462466272935,0.05158828173031392,0.03545954451142083
2188,0.16650556948810305,-0.022252357280805508,-0.2795977406391502,0.022252357280805508,0.056373469449703735
2189,0.16891339268069394,0.021937452465392884,-0.21038419720429205,-0.021937452465392884,0.10087398169249709
2190,0.16599059492132548,0.020552240471729464,-0.20295123002837293,-0.020552240471729464,0.10122659856617289
2191,0.16294271883242742,-0.005262765501018223,-0.2589377256500998,0.005262765501018223,0.07442253627888382
2192,0.1592345799059339,-0.026720365891519618,-0.31595727108190763,0.026720365891519618,0.05106007212981065
2193,0.16042105585143665,-0.033465307800144575,-0.34248627041204405,0.033465307800144575,0.041583528830881164
2194,0.16040842743178313,-0.0066439449125471756,-0.3721877395332602,0.0066439449125471756,0.05829861163639375
2195,0.1709370447629021,-0.009981944646474195,-0.3628997593680457,0.009981944646474195,0.0615173622206014
2196,0.1677677555613005,-0.023617970660623277,-0.37861892525150886,0.023617970660623277,0.04483838383233166
2197,0.15355905754447988,-0.06875113180042912,-0.35524492360418536,0.06875113180042912,0.008963593760815972
2198,0.16388306185220938,-0.057242156765055105,-0.3610616545917199,0.057242156765055105,0.01883486226316356
2199,0.16746040037188023,-0.03322714320710042,-0.34234954407289436,0.03322714320710042,0.04236395885124677
2200,0.1729662404333303,-0.08195727948416082,-0.3711080718875845,0.08195727948416082,-0.0005784883190776193
2201,0.17678575285853046,-0.03341590117204651,-0.3296143919129275,0.03341590117204651,0.04240223217411503
2202,0.17339302817440477,-0.0186997082220032,-0.29158259894545335,0.0186997082220032,0.059048257913007426
2203,0.1684741024647698,-0.038314630679193,-0.306063547448448,0.038314630679193,0.042047996150942735
2204,0.1449196644782095,-0.12008232348767846,-0.30874117738043033,0.12008232348767846,-0.03320468858923358
2205,0.15534353129428505,-0.08887301247918131,-0.3332328293901259,0.08887301247918131,-0.00849377931635994
2206,0.16792471964941205,-0.04859049399318095,-0.3023842052761831,0.04859049399318095,0.028263355636547836
2207,0.14858532883928816,-0.07569664414873074,-0.333338021789957,0.07569664414873074,0.00014821439056205113
2208,0.1601188525154928,-0.10326040370236186,-0.2970602008049055,0.10326040370236186,-0.01694508812231803
2209,0.15591672402291187,-0.11898070224370452,-0.3134225887588975,0.11898070224370452,-0.03388112561994047
2210,0.15298822061960718,-0.13622886200419543,-0.2910677392633195,0.13622886200419543,-0.0436656314180167
2211,0.15242967092520895,-0.1557632108365996,-0.30294469796001966,0.1557632108365996,-0.06378866246151989
2212,0.1563600635658633,-0.12353756629376421,-0.2957365237649325,0.12353756629376421,-0.036074809999625576
2213,0.1607638352291375,-0.07778944787227192,-0.2766458262812988,0.07778944787227192,0.0049143436370497565
2214,0.1603951840966091,-0.08424871628405448,-0.2790865052831202,0.08424871628405448,-0.0023962764980262116
2215,0.15607404833343785,-0.1258633708696016,-0.30845245241508884,0.1258633708696016,-0.04121990438639491
2216,0.1597207371720648,-0.09188834226038889,-0.2967509032483437,0.09188834226038889,-0.013124405323018675
2217,0.17394268759823753,0.0078242383611103,-0.348889053457617,-0.0078242383611103,0.06410285957572769
2218,0.1586807094654846,-0.05136187021201004,-0.30030986956975286,0.05136187021201004,0.018081549780735787
2219,0.15641516792778928,-0.10164402980409933,-0.2863256576740646,0.10164402980409933,-0.022029150022889514
2220,0.1551214755644064,-0.1293720025172543,-0.28347124261959616,0.1293720025172543,-0.04552524190715267
2221,0.15501645983590914,-0.09296019709459,-0.26985504240722086,0.09296019709459,-0.012746154634136914
2222,0.1622831458188742,-0.08087871002915897,-0.2704585213619475,0.08087871002915897,-0.0012452049193025113
2223,0.21258606802510058,-0.01963701685532955,-0.28936386672081127,0.01963701685532955,0.045812629408379636
2224,0.144675648051543,-0.09784609136304605,-0.2759124633325471,0.09784609136304605,-0.017038450540220598
2225,0.15065743685450775,-0.10217337155523029,-0.262757364374053,0.10217337155523029,-0.01906236629161407
2226,0.1577244299029348,-0.046423911457818046,-0.2387340499995251,0.046423911457818046,0.028420822305307458
2227,0.15241695579817122,-0.0628434728457171,-0.2418978408508804,0.0628434728457171,0.01581166176383663
2228,0.15644098804129927,-0.07115935278823547,-0.26926964507717616,0.07115935278823547,0.007869318648635857
2229,0.15764114766030768,-0.0639165484251756,-0.24752330333994005,0.0639165484251756,0.01488104879079706
2230,0.15390183795677642,-0.06601758593470422,-0.2657117665624375,0.06601758593470422,0.008182626950657761
2231,0.1607653933233504,-0.0812131881485308,-0.3043058097359233,0.0812131881485308,-0.007446068678180817
2232,0.16012805394266896,-0.1191999977712915,-0.32134387581323987,0.1191999977712915,-0.04172780747348928
2233,0.16096880040688696,-0.14812378719565697,-0.327181470909767,0.14812378719565697,-0.06776278963613983
2234,0.14470409219938102,-0.17620603769948437,-0.22383655015073736,0.17620603769948437,-0.08874534565846583
2235,0.10395647190582834,-0.1483079049610104,-0.047673800312815665,0.1483079049610104,-0.057413330079311826
2236,0.18458458039294365,-0.00016284169200696456,-0.30787149008761433,0.00016284169200696456,0.05613640267521927
2237,0.21085527279156097,0.09248088597335932,-0.3342996649243827,-0.09248088597335932,0.14863384444445002
2238,0.21159071072186122,0.09726893803022017,-0.32401555869591003,-0.09726893803022017,0.15290664335834855
2239,0.21980537636619377,0.09061052164516373,-0.3305812420935734,-0.09061052164516373,0.14770329701039114
2240,0.20971639649595314,0.07672653604130102,-0.33897496317985093,-0.07672653604130102,0.13715582256126452
2241,0.21526693117106205,0.10023116011687144,-0.3424970147944881,-0.10023116011687144,0.15374605004917122
2242,0.21356777049942172,0.11221871029814771,-0.34458857758521816,-0.11221871029814771,0.1585632045854712
2243,0.2081803107270669,0.10769904148128061,-0.35600820508512065,-0.10769904148128061,0.15624060752173677
2244,0.2028854644494091,0.10052762148256478,-0.36424572040658504,-0.10052762148256478,0.14929070492616778
2245,0.1980899135365035,0.09496393091013376,-0.35595707738137317,-0.09496393091013376,0.14512957565830734
2246,0.19337422122069883,0.08852671845408806,-0.35745669741378633,-0.08852671845408806,0.1396394994388252
2247,0.19457944885622264,0.0880140963584673,-0.3550470168680927,-0.0880140963584673,0.140294010777198
2248,0.20113019917649383,0.08095225486209275,-0.35430546722774825,-0.08095225486209275,0.13588469532931463
2249,0.19393166728247008,0.041290549172255164,-0.3537629934591546,-0.041290549172255164,0.10745942849765204
2250,0.2099610030499009,0.061270609021577736,-0.34947945857600604,-0.061270609021577736,0.12247525389766703
2251,0.20825054722209724,0.08653627296815213,-0.35031734000299475,-0.08653627296815213,0.14084768947341783
2252,0.20354027095958746,0.08198660209351191,-0.34988668251569716,-0.08198660209351191,0.13419891946124776
2253,0.21078726095283695,0.08179946523178558,-0.35130425880764976,-0.08179946523178558,0.13612613772782062
2254,0.20242103277699153,0.06764767144877147,-0.3588200021894122,-0.06764767144877147,0.12209944351724733
2255,0.21181214476449617,0.09475398486911271,-0.36368848220064737,-0.09475398486911271,0.14799711638953117
2256,0.2210637820922398,0.09462484589512021,-0.35570546282661414,-0.09462484589512021,0.15040821737062504
2257,0.19666275702278638,0.03504378780594294,-0.33836176783596156,-0.03504378780594294,0.10040130274388832
2258,0.19075736737501528,0.024221308101563057,-0.35295702965645537,-0.024221308101563057,0.08984989094378829
2259,0.20784795748659654,0.08579170719390852,-0.3599664199090478,-0.08579170719390852,0.1423941697328662
2260,0.20132117932701712,0.05873365995094456,-0.36561387345188556,-0.05873365995094456,0.11913370604900612
2261,0.18516238806065885,0.026437597220086755,-0.32598540632460343,-0.026437597220086755,0.09409436940132378
2262,0.191051949082192,0.02665028139901142,-0.36585303824999615,-0.02665028139901142,0.09188270093282659
2263,0.19664766151335253,0.052093832796789766,-0.38016961133531835,-0.052093832796789766,0.11460929315063789
2264,0.1983036221015146,0.0405743977605142,-0.3721562272778076,-0.0405743977605142,0.10621190223059063
2265,0.1728477005895543,-0.0032460373129818317,-0.3487552416656365,0.0032460373129818317,0.07218456559351889
2266,0.1780428490278895,-0.009832624121408458,-0.31226381111334034,0.009832624121408458,0.07151931802916431
2267,0.18242565107009664,-0.012953517835885216,-0.30336574000757965,0.012953517835885216,0.07010501077361833
2268,0.17318064547075898,-0.0039242696108648095,-0.29698833952795556,0.0039242696108648095,0.0731507540582374
2269,0.17170151952632604,-0.05736330096870828,-0.3353301627719444,0.05736330096870828,0.025306570591778915
2270,0.13214337435791473,-0.12491833240370338,-0.28721574922837007,0.12491833240370338,-0.0281851287758447
2271,0.14466272690522572,-0.06864738856016618,-0.3357967550999308,0.06864738856016618,0.013579690742611667
2272,0.1584190851393179,-0.0924946289679121,-0.33502619968519926,0.0924946289679121,-0.002409975392334292
2273,0.1523951150763152,-0.08038471396631769,-0.29653354771703305,0.08038471396631769,0.013768062886281159
2274,0.15583411034295372,-0.05844065153252681,-0.3086243122127969,0.05844065153252681,0.029942081541123013
2275,0.1537772299720963,-0.05493194714627879,-0.2993826398728116,0.05493194714627879,0.033512597326435974
2276,0.1521996793318546,-0.07210754876684805,-0.2971058651351144,0.07210754876684805,0.018606569719290256
2277,0.15502657484280982,-0.07170520697582683,-0.3110922856284462,0.07170520697582683,0.011391615835470605
2278,0.1622843847481157,-0.048225958650658436,-0.3011858849861612,0.048225958650658436,0.03701458003675933
2279,0.15669166760829065,-0.06728260420145217,-0.308511983650135,0.06728260420145217,0.018311682387274496
2280,0.1490712420158963,-0.05842185843024827,-0.2815043193399152,0.05842185843024827,0.029078667716447057
2281,0.15088863659407425,-0.04912151767458348,-0.2733641630694585,0.04912151767458348,0.03704548671553626
2282,0.16473220876646502,-0.00253213192493403,-0.25047478689092617,0.00253213192493403,0.07513189484244484
2283,0.1717628287730139,0.01701877728259162,-0.2446152571599997,-0.01701877728259162,0.08898517568948042
2284,0.16724124554259104,0.00979019306247937,-0.22294214450984084,-0.00979019306247937,0.08824307424645422
2285,0.15855433639752115,-0.006978804892692081,-0.2328953133953714,0.006978804892692081,0.07343593671684262
2286,0.16504346808551146,0.019260605508566567,-0.23177572441452596,-0.019260605508566567,0.0935167618243272
2287,0.1747006441556141,-0.001128077627198841,-0.2916596728423056,0.001128077627198841,0.07292132450691842
2288,0.16073062504422722,-0.0071259814793938475,-0.3546507706633081,0.0071259814793938475,0.061277474666965474
2289,0.14700206340112365,0.03317948538595935,-0.40164376183470085,-0.03317948538595935,0.08323631683928642
2290,0.17852962129192798,0.03392016501770336,-0.3824143329894026,-0.03392016501770336,0.09753217257892474
2291,0.17333549012006125,-0.0013565753910275685,-0.35661531080072373,0.0013565753910275685,0.06633093946523115
2292,0.16149886399944435,-0.05412764474952388,-0.3585663482011514,0.05412764474952388,0.019736994164443942
2293,0.15696129329480032,-0.05408279965414173,-0.34235156919555987,0.05408279965414173,0.023683371760044283
2294,0.15669260059773682,-0.0639812514454865,-0.3315476999487137,0.0639812514454865,0.01570383061965435
2295,0.17826746206469754,-0.03898941155327531,-0.32965771779049696,0.03898941155327531,0.035065873850445614
2296,0.16063065104637828,-0.08675727814984857,-0.3571473348940818,0.08675727814984857,-0.006762553161212428
2297,0.15503417398233074,-0.11956152883657122,-0.33171755430154787,0.11956152883657122,-0.03128636690817142
2298,0.15714377615187422,-0.12186976048754498,-0.3418776883846169,0.12186976048754498,-0.03897247573943285
2299,0.14884759384819699,-0.09887408537010466,-0.30219019437617,0.09887408537010466,-0.014399371648802213
2300,0.14561705553754012,-0.09960914541923814,-0.3123894362467204,0.09960914541923814,-0.017088509284127876
2301,0.15542603592729037,-0.042268748275312885,-0.326340146456845,0.042268748275312885,0.03026664630476417
2302,0.1513033042606008,-0.04139425613436194,-0.3623249160120058,0.04139425613436194,0.02257967399154552
2303,0.15890525934411365,-0.09817300955080425,-0.30380951906882014,0.09817300955080425,-0.01475594261399629
2304,0.15411880647782356,-0.06973646685024093,-0.2839380129436187,0.06973646685024093,0.009288414677745677
2305,0.15661294450271943,-0.10390649347206868,-0.32475427625153996,0.10390649347206868,-0.024329162062113014
2306,0.1582670736655392,-0.11424325563085,-0.3212483707053305,0.11424325563085,-0.030378166580005677
2307,0.16680792672308822,-0.13186824384079707,-0.30755059088044295,0.13186824384079707,-0.047332515566058074
2308,0.15918589859832205,-0.12687376665671996,-0.3040906636292581,0.12687376665671996,-0.04230593790106644
2309,0.14844021158315368,-0.14143835024728074,-0.32504502590061335,0.14143835024728074,-0.05873602081903306
2310,0.15875926235091606,-0.13881031157294144,-0.3328326479559802,0.13881031157294144,-0.056202207098441294
2311,0.20898578210129232,0.049446633039372315,-0.35388174064194083,-0.049446633039372315,0.108500870577018
2312,0.18856221714468094,-0.04752978891617347,-0.33092842131388317,0.04752978891617347,0.01742507548810602
2313,0.157889913276402,-0.08424814494574463,-0.2942665737355084,0.08424814494574463,-0.008375872151374678
2314,0.15353602687995307,-0.10890965811822277,-0.27882982317466554,0.10890965811822277,-0.0251013528424891
2315,0.15408927022451935,-0.12270439060305406,-0.29591897181603777,0.12270439060305406,-0.041058474337605705
2316,0.15378182523670447,-0.10558966826260632,-0.2866139975126262,0.10558966826260632,-0.02493797767097336
2317,0.15180531422790924,-0.09157381747812486,-0.27871756062302355,0.09157381747812486,-0.012234120118532974
2318,0.15220126786034874,-0.10932969235813207,-0.2720535948342398,0.10932969235813207,-0.024581583245313125
2319,0.15358487794495365,-0.0670332232642159,-0.25940681867392673,0.0670332232642159,0.007078188551002312
2320,0.14054516014054408,-0.10028202075894757,-0.25832645044045366,0.10028202075894757,-0.018536302568823288
2321,0.1461459310223569,-0.0992941724595737,-0.26166716233580956,0.0992941724595737,-0.015935037950179917
2322,0.1494093193876706,-0.10032705550553966,-0.26931290481383274,0.10032705550553966,-0.02112987679608097
2323,0.1639881135253318,-0.0015771665457286965,-0.2362399662584882,0.0015771665457286965,0.0585587207913304
2324,0.1586046803341433,-0.07998319793272109,-0.28154641282705883,0.07998319793272109,-0.00850854559910079
2325,0.1767703184170375,-0.023595756330692892,-0.2933704286708437,0.023595756330692892,0.04338100623232074
2326,0.17279775367348207,-0.10818681121926516,-0.32005908400269606,0.10818681121926516,-0.03402043110800592
2327,0.16642061051994236,-0.1843174575036089,-0.3319790396752813,0.1843174575036089,-0.10470337972563536
2328,0.09148694749322733,-0.20606291721510495,-0.03752515897126543,0.20606291721510495,-0.09682053518981787
2329,0.08966757677528742,-0.19573316295865847,-0.007212102948678931,0.19573316295865847,-0.08340333878373472
2330,0.16961496173090063,-0.1509010093724269,-0.30869812291052884,0.1509010093724269,-0.0725714696585017
2331,0.18457777768518802,-0.041241007762565084,-0.309929923374419,0.041241007762565084,0.022415738363258008
2332,0.16152905789533434,-0.19351839861592535,-0.294892332422439,0.19351839861592535,-0.10891097074471101
2333,0.14454314558926074,-0.09101385043916214,-0.26112400285165055,0.09101385043916214,-0.011578305591145633
2334,0.20787149579347614,0.09715209613061274,-0.33502540873430264,-0.09715209613061274,0.1533393913807656
2335,0.2126747372910106,0.10153567352686146,-0.33006763193367056,-0.10153567352686146,0.1560507469225513
2336,0.2162789065875889,0.09874306838787088,-0.3337175175568939,-0.09874306838787088,0.15563821933756058
2337,0.21165652478689612,0.08905568402050461,-0.34554939003861934,-0.08905568402050461,0.14757098074206865
2338,0.20403712325444112,0.08080540171846307,-0.35131247512697944,-0.08080540171846307,0.13874138529937566
2339,0.20418591850038997,0.09966535079801117,-0.34822631488615763,-0.09966535079801117,0.14768808193880206
2340,0.2027284643828095,0.09081287673713558,-0.3479072450457549,-0.09081287673713558,0.14322093933544236
2341,0.20518800733274883,0.10551573295783738,-0.3488911844526266,-0.10551573295783738,0.15604810049444096
2342,0.20306261115557903,0.08504889752214259,-0.3532804325245931,-0.08504889752214259,0.14074727706264215
2343,0.2001287197454967,0.06126545983519749,-0.33393355532799185,-0.06126545983519749,0.12560598124003486
2344,0.19470446932773564,0.062090054123279566,-0.34960520499500325,-0.062090054123279566,0.12181914517330149
2345,0.18632144009679244,0.03791640676220158,-0.3343336950098426,-0.03791640676220158,0.10399163581519656
2346,0.20064308742766826,0.05068459313509294,-0.3358733825854471,-0.05068459313509294,0.11349627689504248
2347,0.21351747215150432,0.08242760844736484,-0.3575648205959227,-0.08242760844736484,0.13605265008255588
2348,0.20417361190999997,0.06445552926235606,-0.35441819428403243,-0.06445552926235606,0.12006541727708282
2349,0.21500114625047548,0.10329546817819603,-0.3498327430333323,-0.10329546817819603,0.15324996206468008
2350,0.20999108624432267,0.08442710953260389,-0.35691662755152187,-0.08442710953260389,0.1374671298770346
2351,0.21319152169110472,0.10306944558613607,-0.3549372803971485,-0.10306944558613607,0.15258236724265725
2352,0.2114503577633974,0.104325182057534,-0.3587989621844686,-0.104325182057534,0.15395046919784017
2353,0.21841869132689043,0.09589835955417852,-0.35994950651439134,-0.09589835955417852,0.15104252368707227
2354,0.20558795099332947,0.07476668257858736,-0.35046680072704156,-0.07476668257858736,0.13251926047513013
2355,0.20024417468778447,0.04355733569796283,-0.3552913861002986,-0.04355733569796283,0.1065342632596141
2356,0.20709654057507915,0.08736674245735358,-0.3572684599653444,-0.08736674245735358,0.14261997062487664
2357,0.2058162750561472,0.06669359901568452,-0.35980897289630326,-0.06669359901568452,0.12889534870273298
2358,0.18629014619662385,0.0252791717853401,-0.328677771709955,-0.0252791717853401,0.09535846321119008
2359,0.19108209910276508,0.03503895752308772,-0.33559663263410533,-0.03503895752308772,0.10419846572032637
2360,0.18862778520288678,0.016703361459106166,-0.3018467258972687,-0.016703361459106166,0.09546778584265071
2361,0.1815647182715789,0.018061761884377806,-0.2698884792487344,-0.018061761884377806,0.0958694398709501
2362,0.1726895206939844,0.01951280979312082,-0.2702507234839635,-0.01951280979312082,0.09578355401800899
2363,0.17314860192245207,-0.009538006408341664,-0.2715252722868251,0.009538006408341664,0.07454878725690041
2364,0.17559523185900536,0.011825598683365612,-0.2586291625505155,-0.011825598683365612,0.09235731853090257
2365,0.16359844181647668,-0.033127289462485325,-0.2684109189851992,0.033127289462485325,0.05752303167480299
2366,0.1412785556989553,-0.16401216297246615,-0.31355478281174787,0.16401216297246615,-0.06147735811734282
2367,0.1334887147079969,-0.1607361882950396,-0.28093582584584953,0.1607361882950396,-0.056445801809963725
2368,0.14944126504167263,-0.12461430539153298,-0.3251020901673786,0.12461430539153298,-0.031819462344434626
2369,0.1743527408216212,-0.06521706136323137,-0.3280201572081133,0.06521706136323137,0.017717715801967206
2370,0.1572741702371239,-0.053148138216560545,-0.33356255830673964,0.053148138216560545,0.02959784065235708
2371,0.15032519159004543,-0.045763189189038794,-0.3060212592024853,0.045763189189038794,0.040334032048247793
2372,0.16743184690651688,-0.03296150421033172,-0.3115686529225172,0.03296150421033172,0.046838720525701816
2373,0.14972145065516607,-0.07303650010150689,-0.306593384764278,0.07303650010150689,0.01550973746593444
2374,0.15296544559963068,-0.07715586138350745,-0.3367705127245302,0.07715586138350745,0.006673722412867262
2375,0.16116376656728998,-0.09685294781203899,-0.34673425407577374,0.09685294781203899,-0.01360599172138945
2376,0.15087392066135638,-0.07500193400208055,-0.28316104072756704,0.07500193400208055,0.013993717614891365
2377,0.1609772296060161,-0.06758178110430364,-0.3083270701653601,0.06758178110430364,0.017490055966322346
2378,0.15568385949540195,-0.06577843892062885,-0.287700820732226,0.06577843892062885,0.020974261740099257
2379,0.15289288278441787,-0.06780295759034102,-0.27736108645251917,0.06780295759034102,0.017953170238838367
2380,0.1678539383615635,-0.022774649721959046,-0.2804781861207786,0.022774649721959046,0.049041994295331987
2381,0.1561100824773742,-0.013147237318537551,-0.24889046163959655,0.013147237318537551,0.06383599672301091
2382,0.15284138228711852,-0.051064223582578526,-0.2522318070602904,0.051064223582578526,0.03577431010631788
2383,0.1653124810566496,-0.010906250330399228,-0.22752513501311725,0.010906250330399228,0.07045680180288452
2384,0.17205483932893711,0.02908773296639872,-0.21128337728313468,-0.02908773296639872,0.10302142321721047
2385,0.16759330035194828,0.01718182819270951,-0.3203289056604886,-0.01718182819270951,0.08250010109506482
2386,0.17102890656656625,0.04331423526342352,-0.37426100650878474,-0.04331423526342352,0.08575970153679743
2387,0.16401896888950354,0.015896995274355865,-0.375866579794071,-0.015896995274355865,0.07220113782476399
2388,0.15515824147914134,0.011570476108778541,-0.3684337174831872,-0.011570476108778541,0.07189104580742776
2389,0.16038465561749485,-0.03343277829574935,-0.34880264673583705,0.03343277829574935,0.03770041811273463
2390,0.16655506361395783,-0.032039783208617244,-0.3303490389590334,0.032039783208617244,0.04283231401129539
2391,0.15743068292966078,-0.06489249675726448,-0.3326910391056533,0.06489249675726448,0.014645937120250316
2392,0.1513698916211308,-0.11521532010395888,-0.3267162803381388,0.11521532010395888,-0.026759191119725138
2393,0.15911918424570304,-0.08692451607414808,-0.3539544737293781,0.08692451607414808,-0.010051767447929976
2394,0.15376529587724216,-0.10938134804638189,-0.3681065645701728,0.10938134804638189,-0.02911316194735622
2395,0.13886791158499864,-0.1911973270273682,-0.3837437133356262,0.1911973270273682,-0.11585517436940726
2396,0.1489424218308736,-0.1767304880889854,-0.350891792709635,0.1767304880889854,-0.0923434850879592
2397,0.1576384792647959,-0.11170697526191847,-0.33259080165345706,0.11170697526191847,-0.026525631478305424
2398,0.1426129812026932,-0.09162250244752194,-0.32576487747940897,0.09162250244752194,-0.013827253142544824
2399,0.13854015507554426,-0.07603609950161189,-0.32868873117573094,0.07603609950161189,-0.005385933454980023
2400,0.15207762707934147,-0.07023984707980203,-0.32159495032594854,0.07023984707980203,0.0028933911297430765
2401,0.14456832983607484,-0.10469404469186355,-0.3076100410969934,0.10469404469186355,-0.023639109204220122
2402,0.15101469557244282,-0.1254244156758242,-0.328822627147926,0.1254244156758242,-0.04287330455925344
2403,0.15918789545563888,-0.08258246860539525,-0.3041367526710533,0.08258246860539525,-0.0028787794512000974
2404,0.16365538055004128,-0.10123991413114036,-0.3154539473994407,0.10123991413114036,-0.022980126951719186
2405,0.1582592895424282,-0.10032253470617578,-0.3304957944720286,0.10032253470617578,-0.024931791648080678
2406,0.1578509029621336,-0.1444752573381971,-0.3759986409823551,0.1444752573381971,-0.06979873044368708
2407,0.16566171015499592,-0.119380600799452,-0.34094041149359816,0.119380600799452,-0.04212280764053435
2408,0.1802747407423262,-0.0601023301390577,-0.3559696949455165,0.0601023301390577,0.0066079450276207
2409,0.17234206061962334,-0.09893368797657644,-0.3446655069715159,0.09893368797657644,-0.030379617416205453
2410,0.15543943753560893,-0.14503781035691074,-0.3345849735105433,0.14503781035691074,-0.0647771319882357
2411,0.14684449361350616,-0.18239415512331356,-0.30715941680877296,0.18239415512331356,-0.09426194404178584
2412,0.1524338938963401,-0.15524160106004656,-0.32825905537045935,0.15524160106004656,-0.0761298333686571
2413,0.1541230760204933,-0.12245252328976172,-0.3019159511834743,0.12245252328976172,-0.04466552533493442
2414,0.1506553732671257,-0.10434920712745761,-0.2892440545614499,0.10434920712745761,-0.025713466247513802
2415,0.15130036057401022,-0.10631957219171478,-0.28388574238905073,0.10631957219171478,-0.029424104809577478
2416,0.14632523803599104,-0.08865089069338769,-0.26380177501947477,0.08865089069338769,-0.013439821590288514
2417,0.15256068885492685,-0.05759971347052937,-0.26412722214808976,0.05759971347052937,0.01341518381692448
2418,0.1584411358822499,-0.1245824810503013,-0.3266733990714067,0.1245824810503013,-0.047944044453977624
2419,0.16714394487106451,-0.08491151531153981,-0.3113095866130313,0.08491151531153981,-0.00922459543377621
2420,0.16966132090567712,-0.01444107837705814,-0.25664492475447265,0.01444107837705814,0.048876218907915756
2421,0.16657670195913166,-0.14111534224818603,-0.29768802832875246,0.14111534224818603,-0.06029428766810688
2422,0.17164497918643096,-0.16665944115239228,-0.3496635378156747,0.16665944115239228,-0.09095004679067095
2423,0.1229764136018257,-0.16391649100318906,-0.13554433978414565,0.16391649100318906,-0.07169501697900699
2424,0.11205380231563149,-0.1710442220977816,-0.08847748391390892,0.1710442220977816,-0.07849028574478253
2425,0.1400318635146616,-0.17246896562002462,-0.19965711209455103,0.17246896562002462,-0.0795069841454463
2426,0.1749093216681322,-0.16905740755016285,-0.3283055688803155,0.16905740755016285,-0.08815670062631106
2427,0.1780469492572552,-0.15907216717661937,-0.3330516415177866,0.15907216717661937,-0.07832664945220205
2428,0.18193607403397632,-0.08568199690426262,-0.33125693455451066,0.08568199690426262,-0.015629969558631752
2429,0.16455295608673734,-0.038053080747422675,-0.2793235744824885,0.038053080747422675,0.03077717648381481
2430,0.15028247106074205,-0.08678494567203068,-0.2556803924092925,0.08678494567203068,-0.00856753859885773
2431,0.1628406847002486,0.001192140856258188,-0.20078246259559188,-0.001192140856258188,0.06769742105921749
2432,0.20024859602953968,0.09250426788031836,-0.3363227016226748,-0.09250426788031836,0.14687603145562836
2433,0.19525364011661406,0.07188098440406836,-0.3345042843057321,-0.07188098440406836,0.12957158745414854
2434,0.20613461311299672,0.08502544701400414,-0.35278634537281134,-0.08502544701400414,0.14072883788754634
2435,0.1959001956701678,0.07503455314929938,-0.3402869832540805,-0.07503455314929938,0.13177355732603258
2436,0.19610513649823838,0.08233490968067055,-0.33731922037087275,-0.08233490968067055,0.13648596943045183
2437,0.1965942345983249,0.07812769897452876,-0.3463563620780505,-0.07812769897452876,0.138163722473737
2438,0.20344417079422142,0.07869770040266855,-0.3349793275351041,-0.07869770040266855,0.14042121910756095
2439,0.20574579491250028,0.073538564692741,-0.3379635012323702,-0.073538564692741,0.13613999880232683
2440,0.18615905083306292,0.021985168603868507,-0.3450507509710576,-0.021985168603868507,0.09535424736313924
2441,0.1790174524360851,-0.021614332712406044,-0.32052388809172283,0.021614332712406044,0.059099925499512845
2442,0.198691812788077,0.03273244409177464,-0.33342274645385067,-0.03273244409177464,0.1027442728526984
2443,0.21614846845626254,0.0951892846849699,-0.3524984131050933,-0.0951892846849699,0.14789786289792956
2444,0.2022685547090056,0.06411963985842453,-0.3566283221307484,-0.06411963985842453,0.11901638032009154
2445,0.2037174549866444,0.06485448191926284,-0.3588333141276794,-0.06485448191926284,0.11963754194320075
2446,0.18959093065330268,0.045141928840285665,-0.31439182622939815,-0.045141928840285665,0.1109520056624766
2447,0.19767352981473757,0.044356234868986016,-0.35065013960792674,-0.044356234868986016,0.10921947694983088
2448,0.202964838986004,0.06278127546624378,-0.3673701944351922,-0.06278127546624378,0.11856628732220652
2449,0.21550038779396022,0.1035857918276196,-0.3581903736399214,-0.1035857918276196,0.1558642354220042
2450,0.21022851267932977,0.05901662192814878,-0.35454829134284527,-0.05901662192814878,0.12021801271872992
2451,0.1871862596785917,0.03514489087414178,-0.3685852905649883,-0.03514489087414178,0.09708302878932151
2452,0.19899628067488476,0.042754631558689096,-0.35647319641599323,-0.042754631558689096,0.10725445053791813
2453,0.1862752271665161,0.033493630823279046,-0.2996579853308021,-0.033493630823279046,0.10239959735848345
2454,0.18876524455736965,0.026744886649956175,-0.3131522245300618,-0.026744886649956175,0.09729389812063977
2455,0.18251806396490505,0.004959892483612259,-0.3190345366814464,-0.004959892483612259,0.08202778102240338
2456,0.19207686530858156,0.018941985346294033,-0.3377426079181274,-0.018941985346294033,0.09096418621898539
2457,0.1834035976354363,0.007358816948845672,-0.28963342035242806,-0.007358816948845672,0.08626310887148987
2458,0.17576451334672993,0.012623305146674833,-0.2807416403416003,-0.012623305146674833,0.0892853082271786
2459,0.1794063505485474,0.022788934690572568,-0.2828611044682479,-0.022788934690572568,0.09780298658702359
2460,0.17785300372181895,-0.000395655509641193,-0.2689823075668887,0.000395655509641193,0.08105017900424384
2461,0.17400807885746825,-6.697923236827596e-06,-0.26985923450904803,6.697923236827596e-06,0.08204123907752055
2462,0.1702716771308455,-0.0307256076564073,-0.29332184403506706,0.0307256076564073,0.05501907755506447
2463,0.13933269193290684,-0.16368112145199423,-0.29716658140367586,0.16368112145199423,-0.060019154277834566
2464,0.16718028182247124,-0.08274906299807044,-0.34202177883831103,0.08274906299807044,0.0031895308029418518
2465,0.16001944657343636,-0.06282213227652793,-0.32976950839870683,0.06282213227652793,0.022826041122203322
2466,0.16553918123462733,-0.08437943019660839,-0.3301602832299043,0.08437943019660839,0.003600178743255343
2467,0.1595112309512513,-0.07920144426873715,-0.31169603604940727,0.07920144426873715,0.00964928166802633
2468,0.17116362665288773,-0.032104184899075856,-0.2849268623296028,0.032104184899075856,0.053709201218763464
2469,0.16324366636223714,-0.0350072880775857,-0.2826789459612131,0.0350072880775857,0.05020189948794546
2470,0.1596268202367479,-0.0563272805002844,-0.30487677034319904,0.0563272805002844,0.02850025621253194
2471,0.14558174089573842,-0.06546052746307227,-0.25924329241829075,0.06546052746307227,0.026549597830534847
2472,0.1611787461800017,-0.07220675071248256,-0.32440388671890696,0.07220675071248256,0.012360988634552589
2473,0.15238874125613197,-0.09010072278422562,-0.343115254191116,0.09010072278422562,-0.00919862895277452
2474,0.15376760911420603,-0.06560646479009287,-0.2898750182228969,0.06560646479009287,0.019855482174895453
2475,0.1481728396940615,-0.0762114972149484,-0.2709506884599095,0.0762114972149484,0.013618384787505709
2476,0.14838684734762247,-0.07019272712816538,-0.2646491846246092,0.07019272712816538,0.018472917541942097
2477,0.159397065933241,-0.03566110820394766,-0.2448662044404796,0.03566110820394766,0.04557185027434048
2478,0.16917412584392078,0.013837432218697043,-0.21865971953209795,-0.013837432218697043,0.08738262258893897
2479,0.17012202232796683,0.010327682717034862,-0.22148943451123948,-0.010327682717034862,0.0862561675521741
2480,0.16793024375097054,-0.036606634524510684,-0.24778384115879715,0.036606634524510684,0.04460479863173175
2481,0.1724142404465572,0.017605000319777634,-0.2245272785719155,-0.017605000319777634,0.09013854190827941
2482,0.16682636883080962,0.020404225889178156,-0.22547633892511396,-0.020404225889178156,0.09318837553544741
2483,0.1653028336701873,0.012989454724719383,-0.3586532788606349,-0.012989454724719383,0.06985046505014308
2484,0.16310159117084036,0.007575761498645228,-0.3699646529017074,-0.007575761498645228,0.06567319864355757
2485,0.15846531981885115,0.008796611838190452,-0.38482489360067096,-0.008796611838190452,0.0636280156248243
2486,0.16737423130851947,-0.01964119414199569,-0.34270755875802217,0.01964119414199569,0.05171186463433746
2487,0.1639395961269332,-0.043995325736757775,-0.2971079044509853,0.043995325736757775,0.035930774233358595
2488,0.15961833348547927,-0.08668136802972196,-0.33088218028244415,0.08668136802972196,-0.0019050163911265747
2489,0.14877033857995212,-0.11258575168610362,-0.3236059983550684,0.11258575168610362,-0.026593778456155296
2490,0.14982595860056852,-0.09115952825012341,-0.3103454665504183,0.09115952825012341,-0.007933658301608587
2491,0.15148472386628423,-0.13233003595224663,-0.35283795009322083,0.13233003595224663,-0.04924310644007868
2492,0.15008816297689628,-0.14028720102913725,-0.3454877306530177,0.14028720102913725,-0.054618812365196064
2493,0.1533773834262292,-0.1360120317321953,-0.3508721318229631,0.1360120317321953,-0.05443912171575882
2494,0.14983479928512972,-0.1450504339689674,-0.3424816590219742,0.1450504339689674,-0.06011065047080017
2495,0.16767945145868143,-0.13879316838032085,-0.3935431420439133,0.13879316838032085,-0.06826572247511549
2496,0.16249860048755924,-0.1366326409797103,-0.3537801623887213,0.1366326409797103,-0.05961940012589023
2497,0.13203689320417145,-0.07420710799395967,-0.3023351904251276,0.07420710799395967,0.0034188372368032585
2498,0.13777309148734512,-0.10394555380938983,-0.31839422749005014,0.10394555380938983,-0.024107374564995426
2499,0.15440265530606048,-0.10291313294340622,-0.2878639236315707,0.10291313294340622,-0.017148718394054345
2500,0.16397001170703096,-0.07212368260811107,-0.31057362974726016,0.07212368260811107,0.004352778238273318
2501,0.16895104391707752,-0.0795165588050105,-0.29075856402914585,0.0795165588050105,0.0005428849172364736
2502,0.169697512252109,-0.08443815513310583,-0.3028686270077818,0.08443815513310583,-0.005807967938656715
2503,0.1589758692635943,-0.1246061538186765,-0.31849618917704126,0.1246061538186765,-0.04394489653410582
2504,0.15298209598527057,-0.1305559895757409,-0.30345930203577626,0.1305559895757409,-0.04743574932486446
2505,0.1604538140578286,-0.11478417902431282,-0.31540727711726324,0.11478417902431282,-0.03678405510657118
2506,0.15352411239874483,-0.1369020233920451,-0.3067788469008731,0.1369020233920451,-0.060175767403473
2507,0.15084047536294062,-0.1717912927007489,-0.316832389643697,0.1717912927007489,-0.08746834919064696
2508,0.15061126150638013,-0.16078880078627472,-0.310068324469924,0.16078880078627472,-0.07603514919846302
2509,0.14867163638833752,-0.17978874707287676,-0.3352792532395082,0.17978874707287676,-0.09907257539098231
2510,0.15644602391737591,-0.1298765116558339,-0.32121004089463906,0.1298765116558339,-0.0522360957203026
2511,0.15152258538748664,-0.15218452537689972,-0.30068610884351343,0.15218452537689972,-0.0681999488824088
2512,0.16246183637503142,-0.18907824884807334,-0.3737577722477957,0.18907824884807334,-0.117096613665453
2513,0.15543762152968166,-0.17975211296875304,-0.3494030459133844,0.17975211296875304,-0.10475445513060196
2514,0.15173480143396537,-0.1330119940789918,-0.305257262610167,0.1330119940789918,-0.05358588830257534
2515,0.15963463776155723,-0.15696277623545687,-0.3481791290504024,0.15696277623545687,-0.08065147329433679
2516,0.16784212109878566,-0.08556815994168013,-0.3260055173088151,0.08556815994168013,-0.012193202567015102
2517,0.18169610852733462,-0.019898030635408626,-0.30270957743261623,0.019898030635408626,0.046956088903378226
2518,0.1795773801366254,-0.06703426714660995,-0.32119852611154087,0.06703426714660995,-0.0031671553173875044
2519,0.10152806460130227,-0.19558382688765086,-0.09429922363150561,0.19558382688765086,-0.10121339276339916
2520,0.12884087717111345,-0.1934244542229491,-0.17590551240783417,0.1934244542229491,-0.09718861940030507
2521,0.1734990295674648,-0.14804647494549739,-0.31282894326713306,0.14804647494549739,-0.06822138150723775
2522,0.16927629355291746,-0.19466320582957428,-0.31817591307310705,0.19466320582957428,-0.10683470950389455
2523,0.17372055253325921,-0.19400642117791939,-0.3276487023402864,0.19400642117791939,-0.10718286703312946
2524,0.1767652779049596,-0.1819838818750385,-0.32269878790418177,0.1819838818750385,-0.09469211491381269
2525,0.1598349228245054,-0.13219790995577138,-0.2903782941014811,0.13219790995577138,-0.04889242464805076
2526,0.1572847122002527,-0.07993891913918386,-0.2619998994118118,0.07993891913918386,-0.0022508763478448716
2527,0.16482946616325228,-0.01944771484120615,-0.228944383107591,0.01944771484120615,0.04860675874578043
2528,0.1468953303038259,-0.09638774135546159,-0.2415276358790673,0.09638774135546159,-0.014800096466969923
2529,0.16307588349234833,0.00912824439699935,-0.18755282897547568,-0.00912824439699935,0.07628915159053172
2530,0.20914109235113917,0.0923018098718814,-0.33796049272801404,-0.0923018098718814,0.1497523298415431
2531,0.2006255607699467,0.10301249647702279,-0.34306430021240614,-0.10301249647702279,0.15166016272203603
2532,0.1914244545571552,0.09820479913798812,-0.34198073332339624,-0.09820479913798812,0.14815270083499554
2533,0.2005352778588039,0.11151706017724672,-0.34055084293530796,-0.11151706017724672,0.1566321328313598
2534,0.20768280993392732,0.10698872647857668,-0.3402224340030712,-0.10698872647857668,0.1552682390193661
2535,0.2031026944739459,0.09050591598727739,-0.33592951621962847,-0.09050591598727739,0.14759461903861823
2536,0.21033855782714247,0.08730133523694882,-0.3361108771985566,-0.08730133523694882,0.14840940155299068
2537,0.20731423489746212,0.09480936724337409,-0.3376058839411919,-0.09480936724337409,0.15336176721074207
2538,0.20839616955871543,0.08215474613800858,-0.3345213227860412,-0.08215474613800858,0.14534698601237855
2539,0.19301217631301235,0.03399722918330686,-0.3028470514332088,-0.03399722918330686,0.10725130637760664
2540,0.2003968639802828,0.06428141056357058,-0.31689454129980515,-0.06428141056357058,0.12903984745469374
2541,0.21060616467877485,0.08988022901585974,-0.3392282018888199,-0.08988022901585974,0.14586042871226734
2542,0.21835479681443581,0.09446152193540194,-0.34518523556383296,-0.09446152193540194,0.1492024119363843
2543,0.1982724076800572,0.04570396488426432,-0.3592786861091811,-0.04570396488426432,0.10708702826837387
2544,0.20042360528032507,0.07227141158140207,-0.34247503872620977,-0.07227141158140207,0.12943558479643572
2545,0.20254289769988182,0.05129281972199461,-0.3559300622136384,-0.05129281972199461,0.11426054482665293
2546,0.2105073643435501,0.08341490119661717,-0.36209316938900155,-0.08341490119661717,0.14068681599023128
2547,0.2158281515881626,0.08741155764349795,-0.3561554013526622,-0.08741155764349795,0.14264947120253843
2548,0.20700686880037175,0.06295436923942783,-0.3612006219012921,-0.06295436923942783,0.12351037944539879
2549,0.18776628585421343,0.07700270222367382,-0.37678760646457077,-0.07700270222367382,0.12662987537306863
2550,0.19642191949026508,0.04040096107762341,-0.350133946129122,-0.04040096107762341,0.1045058783118143
2551,0.18663357933605537,0.021465900004640708,-0.3237293581892244,-0.021465900004640708,0.09186394710793058
2552,0.1881860768117689,0.012315890302735425,-0.30848034119313633,-0.012315890302735425,0.08670924409777801
2553,0.18709859917321348,0.01676763436001237,-0.29146091014731607,-0.01676763436001237,0.09288909942727964
2554,0.18064459268032054,0.02806499148620257,-0.2666563420237336,-0.02806499148620257,0.10186639356295381
2555,0.17553599044198465,0.034180175257213806,-0.2538958994467527,-0.034180175257213806,0.10653526694452076
2556,0.17058246516258022,0.005079725232684676,-0.26273984073063156,-0.005079725232684676,0.08331765758873852
2557,0.18388124194423616,0.01493575109611534,-0.30020086015179714,-0.01493575109611534,0.08864544997033355
2558,0.18221789900265514,0.002595266623513097,-0.29344544250401045,-0.002595266623513097,0.07817995291882388
2559,0.1782405181643204,-0.033615914840900825,-0.2861514651579824,0.033615914840900825,0.05197200619587665
2560,0.176029122572901,-0.037887235471542886,-0.3115625098790973,0.037887235471542886,0.04586721562499263
2561,0.14541156372041916,-0.1453013355926486,-0.2952160152670079,0.1453013355926486,-0.04487002198764415
2562,0.15208570785205455,-0.10278926500623192,-0.30034752277316434,0.10278926500623192,-0.006678053965963189
2563,0.16643199925331656,-0.051125872065153274,-0.3115799553874696,0.051125872065153274,0.034959608127519616
2564,0.17814242585435028,-0.04116284868925052,-0.31088041892273705,0.04116284868925052,0.04268587077163591
2565,0.1610104589289669,-0.04828073525011427,-0.2721802991328128,0.04828073525011427,0.04038635273503056
2566,0.17549638210402202,-0.03198370257459793,-0.3096643421569657,0.03198370257459793,0.050106497660187405
2567,0.1594472541612738,-0.06646498376944614,-0.2752402617060655,0.06646498376944614,0.025808674726856017
2568,0.15597572446539795,-0.059464444089229775,-0.2907989828512217,0.059464444089229775,0.02815867396542547
2569,0.15249044038456058,-0.07750605730540006,-0.2963217104837319,0.07750605730540006,0.011556484181317403
2570,0.1551940720460929,-0.07717494654396297,-0.28129478329665975,0.07717494654396297,0.01368078823118517
2571,0.1661267797878947,-0.03227440424198882,-0.28202595600221575,0.03227440424198882,0.04622943924021118
2572,0.1545544674685288,-0.014055872900054446,-0.26457116607508624,0.014055872900054446,0.06089154214164959
2573,0.1590631831780094,-0.031002008902684522,-0.28389040004971255,0.031002008902684522,0.04459215216612521
2574,0.1567510441467074,-0.016791867507637705,-0.2516808387815275,0.016791867507637705,0.06116228713118913
2575,0.1705599674457278,0.02191362056051404,-0.20434688472814694,-0.02191362056051404,0.09495209195901705
2576,0.17218234018911743,0.023039156126759816,-0.212537278919576,-0.023039156126759816,0.0934020770146658
2577,0.1717407292861042,-0.020267091414423413,-0.27078700894314006,0.020267091414423413,0.05542351209610694
2578,0.16558674221096287,-0.03985651312075438,-0.2719242319633151,0.03985651312075438,0.03952182739971502
2579,0.16993761559441814,-0.0021610126152737156,-0.23810050621458795,0.0021610126152737156,0.07265616384218601
2580,0.1655005906771339,0.002935578953450704,-0.23951321938637404,-0.002935578953450704,0.07653700770625976
2581,0.15812797452029798,-0.03916398432646349,-0.2953418934926981,0.03916398432646349,0.03858997687359376
2582,0.17049343586719207,-6.708973096654838e-05,-0.3410582541632062,6.708973096654838e-05,0.06628749761361799
2583,0.16680251020744036,-0.02737459760201769,-0.35483695184266417,0.02737459760201769,0.042028609025078406
2584,0.17310012788440504,-0.03163785181746058,-0.33741083890629225,0.03163785181746058,0.04216051702375897
2585,0.1705585428174931,-0.027973391350484877,-0.3490582775464926,0.027973391350484877,0.03980333302668749
2586,0.14987965006453094,-0.09970827646843838,-0.3279303265740991,0.09970827646843838,-0.015628416339038845
2587,0.14665774308646035,-0.12959704418406898,-0.3525421429500306,0.12959704418406898,-0.04730941810163011
2588,0.1394224514928583,-0.13741297549569664,-0.35003105790512856,0.13741297549569664,-0.05521149894744131
2589,0.15596438112226785,-0.10002642795110354,-0.3429737364637291,0.10002642795110354,-0.01934522702919205
2590,0.15603855809738673,-0.10207136492343975,-0.35376761353408015,0.10207136492343975,-0.02513572686671458
2591,0.15592150275312913,-0.09710163649932034,-0.3500741617432231,0.09710163649932034,-0.021698305696239092
2592,0.16479818698108645,-0.050810565374482336,-0.3465898737783706,0.050810565374482336,0.019699598394902224
2593,0.17116252030825863,-0.11308448836768144,-0.3934229806099327,0.11308448836768144,-0.045368893440856546
2594,0.15030061017950974,-0.13015825558698932,-0.35318573694677896,0.13015825558698932,-0.05410656385258217
2595,0.1487978703179521,-0.0717074325246777,-0.3335240681570147,0.0717074325246777,0.0016682843623627144
2596,0.1477700975239125,-0.004073037287495997,-0.37046195290912276,0.004073037287495997,0.04756100627061175
2597,0.12919057111959353,-0.09019610089186518,-0.35067010264415366,0.09019610089186518,-0.025058187522607345
2598,0.143998520506677,-0.1379974453543805,-0.3102333739145891,0.1379974453543805,-0.052103976479052544
2599,0.1595278719471442,-0.09876908811369199,-0.2688724061385729,0.09876908811369199,-0.0107908411074343
2600,0.15176251927161855,-0.11533508742567652,-0.3042413592571578,0.11533508742567652,-0.03223733292019194
2601,0.1575181924715,-0.13548905821561927,-0.3211398024843886,0.13548905821561927,-0.05325642823960103
2602,0.15603002181473072,-0.13068668492557128,-0.3034733663292278,0.13068668492557128,-0.04743092949968327
2603,0.15398190129951317,-0.17078575010209546,-0.3375885467435859,0.17078575010209546,-0.0890334498058019
2604,0.15414888431916327,-0.16154038202386936,-0.3309610564545719,0.16154038202386936,-0.08150697600580897
2605,0.1549813403547874,-0.15982420860305271,-0.3281549944700755,0.15982420860305271,-0.07863469929109031
2606,0.1510274253276531,-0.15775278228185657,-0.2914285804177091,0.15775278228185657,-0.06964049982640712
2607,0.14839571023485007,-0.15349289275648273,-0.2886090738787235,0.15349289275648273,-0.06643233260158124
2608,0.14785798175023288,-0.13700426932416845,-0.2930309257010402,0.13700426932416845,-0.054553228650312514
2609,0.14518917976176338,-0.13553843356529482,-0.289764438891453,0.13553843356529482,-0.053196132885714696
2610,0.15955626017147626,-0.18734648255203593,-0.36439493314464194,0.18734648255203593,-0.114355705302813
2611,0.1519101524081114,-0.1735115615996296,-0.32944839010189086,0.1735115615996296,-0.09395295397145773
2612,0.15202307303478368,-0.1331395095901336,-0.2982455096139903,0.1331395095901336,-0.05050697608505323
2613,0.15058167583127438,-0.14823839571349712,-0.3404631812810699,0.14823839571349712,-0.07273217228212243
2614,0.15603584131144527,-0.11700720864385619,-0.33100408912922635,0.11700720864385619,-0.041596441356447085
2615,0.15784499891671688,-0.0651371503356441,-0.276229295204115,0.0651371503356441,0.007578920715663588
2616,0.13134243662702644,-0.10836491414877619,-0.20804811032974305,0.10836491414877619,-0.025225107234507976
2617,0.12898548250402672,-0.10968041811446283,-0.2059417520352772,0.10968041811446283,-0.03306893854707974
2618,0.17150434542421458,-0.16268266622329988,-0.3532478711636264,0.16268266622329988,-0.08780014596603351
2619,0.1744464713902765,-0.2007495833426852,-0.3303405794880367,0.2007495833426852,-0.1139808745432006
2620,0.17828910268632775,-0.14619236298792107,-0.3163580763780828,0.14619236298792107,-0.06591882857616031
2621,0.17189941458033955,-0.1366209976457544,-0.3062483487638096,0.1366209976457544,-0.0535373536614656
2622,0.17848952751255218,-0.11261447915898858,-0.3017573938824878,0.11261447915898858,-0.034974937272081626
2623,0.1547409801991123,-0.10336186863514706,-0.27231955595518986,0.10336186863514706,-0.021451324688985612
2624,0.1625330923647886,-0.09186968257070581,-0.27974478462115165,0.09186968257070581,-0.013335473497609095
2625,0.1539336536432164,-0.079081010646798,-0.3091715201377313,0.079081010646798,-0.007324880427215954
2626,0.14948179211602408,-0.07026523365914301,-0.23957936207379463,0.07026523365914301,0.009566284296437046
2627,0.14855477701487854,-0.10469544063662559,-0.2473427031424305,0.10469544063662559,-0.021074046741898396
2628,0.16391058973298941,-0.058830725276516053,-0.2578914508036239,0.058830725276516053,0.01694779316404564
2629,0.15948189913171157,-0.05722569493648348,-0.2526115685024361,0.05722569493648348,0.018708874737320334
2630,0.18022330160021643,-0.03584447903163021,-0.30289742781051104,0.03584447903163021,0.02942748460017414
2631,0.17306922594431823,-0.043918030373746274,-0.28748581317837524,0.043918030373746274,0.02232474980888307
2632,0.20236375949278354,0.08010670664044707,-0.3460795993348533,-0.08010670664044707,0.137323206815921
2633,0.18757015234415042,0.11521133416035124,-0.33740296470963405,-0.11521133416035124,0.15887386969404022
2634,0.19770641662146857,0.11051109945414507,-0.342051967124947,-0.11051109945414507,0.159209086797225
2635,0.2014307489969212,0.08858203902765502,-0.33683397434488493,-0.08858203902765502,0.1441644467749339
2636,0.19907284677525966,0.0697303253372063,-0.34091799048553084,-0.0697303253372063,0.1299977528724688
2637,0.20712762589385958,0.09325048350924914,-0.3497623286219846,-0.09325048350924914,0.1480646183646089
2638,0.2148720454460429,0.09340120258439738,-0.33155544629301065,-0.09340120258439738,0.15090777052081325
2639,0.21872524531779114,0.10197059435038999,-0.329403609644482,-0.10197059435038999,0.15499477441846474
2640,0.2170484813496285,0.07711608641611105,-0.32483721087593675,-0.07711608641611105,0.1399941919164801
2641,0.21644505633948097,0.09972147201088287,-0.33306313864517273,-0.09972147201088287,0.15475329188320652
2642,0.20376494428188557,0.07562591464327202,-0.3371580542064887,-0.07562591464327202,0.13261404927968837
2643,0.20022577968882235,0.05871387039645128,-0.3379348367608589,-0.05871387039645128,0.12119461085758243
2644,0.19847691090839512,0.05691761857100531,-0.3431048267814222,-0.05691761857100531,0.12029438303809391
2645,0.18804761299291892,0.03811539392570137,-0.3483926492421951,-0.03811539392570137,0.10471356256342655
2646,0.1902123250351999,0.01776714510699799,-0.3392805307065458,-0.01776714510699799,0.0898901341436918
2647,0.18938709075474067,0.0385338882289543,-0.3123128150429886,-0.0385338882289543,0.10653942293566224
2648,0.19314765128477993,0.038771973424113,-0.3508872635791734,-0.038771973424113,0.10345739118998777
2649,0.19598386230847645,0.014400341842891616,-0.3775530537344189,-0.014400341842891616,0.07587035648909156
2650,0.19481343272601667,0.038770511729970814,-0.3286061002726404,-0.038770511729970814,0.10660296232257645
2651,0.18682043525955178,0.03452886511420433,-0.29194584265215084,-0.03452886511420433,0.10626870808502424
2652,0.1902072035293171,0.014389227542142707,-0.31355863537268835,-0.014389227542142707,0.08837654852474681
2653,0.18501938171860055,0.025841043870602837,-0.29179723596298385,-0.025841043870602837,0.09641325436914329
2654,0.18661202175231095,0.030882068711961207,-0.27061511647597,-0.030882068711961207,0.102696720050684
2655,0.18223286707347403,0.033853113636667834,-0.2642766100364511,-0.033853113636667834,0.1049369915368567
2656,0.17261803039091125,0.03741165376005872,-0.2461703945855995,-0.03741165376005872,0.10904320914140364
2657,0.17512593222252706,0.03829973809585447,-0.2363998866105424,-0.03829973809585447,0.11097352551678001
2658,0.17598212022738713,0.033575565935087044,-0.2433049847753632,-0.033575565935087044,0.10805803099548675
2659,0.17928493274986554,0.013215420971280365,-0.27340896899205447,-0.013215420971280365,0.08962757125353137
2660,0.18011422492815415,-0.05844559578212288,-0.31383385800512553,0.05844559578212288,0.025303071984824295
2661,0.14448589557514016,-0.09650020685679254,-0.2631245768105024,0.09650020685679254,0.0027355728006739086
2662,0.16223907763535356,-0.14192880525199078,-0.32804978844119537,0.14192880525199078,-0.04953062375623429
2663,0.1687101355445809,-0.035882700777307645,-0.3051513358310932,0.035882700777307645,0.04466661987819168
2664,0.16245725397800104,-0.013670387748991606,-0.2964426259942224,0.013670387748991606,0.06554025443741471
2665,0.1854111280592256,-0.00045903905160741545,-0.273108280923622,0.00045903905160741545,0.07799622267766901
2666,0.1713569690638334,-0.034747341820741406,-0.25666358411630247,0.034747341820741406,0.05166270144878489
2667,0.16132572879832047,-0.07179571955304442,-0.28389702274340467,0.07179571955304442,0.01864399313062808
2668,0.15729005826269254,-0.06087740128774666,-0.27211390988295475,0.06087740128774666,0.02997019854468736
2669,0.15667807764086852,-0.06387193463188082,-0.27731217358958254,0.06387193463188082,0.025525735667319333
2670,0.15647711369576262,-0.05680722310822365,-0.2766473691741586,0.05680722310822365,0.03072002796917174
2671,0.15927939969003305,-0.022702293491185226,-0.248125203498352,0.022702293491185226,0.05816688480003006
2672,0.16502058687935717,0.025545064259552393,-0.21194452565231542,-0.025545064259552393,0.09701958840588339
2673,0.16506716388608053,0.027925804911943058,-0.198259088757737,-0.027925804911943058,0.10050628963579984
2674,0.1607025624679638,0.02323595326431417,-0.20396564333706824,-0.02323595326431417,0.09661295985043418
2675,0.15781431440438826,0.020221489258206632,-0.19512388478972117,-0.020221489258206632,0.09489098173615924
2676,0.16385659714876252,0.022952569189518646,-0.19939924826848462,-0.022952569189518646,0.09518822637005554
2677,0.16989032563558784,0.02357091877602678,-0.214284427399289,-0.02357091877602678,0.09181923208233173
2678,0.16364605018733494,0.013004023474154214,-0.21277796657194242,-0.013004023474154214,0.08526840054923543
2679,0.16737327552871178,0.01442281908665621,-0.2116308889634495,-0.01442281908665621,0.08723666209942418
2680,0.17154897675262956,0.018011870917188155,-0.21923131289018727,-0.018011870917188155,0.08847437855077633
2681,0.16912567745633517,0.028853234451818623,-0.1997524568721596,-0.028853234451818623,0.099180011475722
2682,0.16685704735934775,0.01088398996263664,-0.2205086467275665,-0.01088398996263664,0.08287209191562775
2683,0.15993168458609147,0.003385976311666153,-0.24862377964553514,-0.003385976311666153,0.07520877705677265
2684,0.1542938495607936,-0.046894901223587235,-0.3265125002813734,0.046894901223587235,0.02712957036791909
2685,0.1575016849334737,-0.037106575820828235,-0.3214575112281889,0.037106575820828235,0.03452792802033706
2686,0.1635624872335225,-0.03986473858982424,-0.34050603612348934,0.03986473858982424,0.03156961811414415
2687,0.14824007539746895,-0.0664054179049182,-0.3160110266624634,0.0664054179049182,0.011520596129970844
2688,0.143553981023892,-0.12277858345449581,-0.33912508922543133,0.12277858345449581,-0.04033780844722469
2689,0.14752238985407992,-0.11241393456282661,-0.3456256471520642,0.11241393456282661,-0.03490810882858856
2690,0.15135849123932116,-0.1042833041963934,-0.341326883868518,0.1042833041963934,-0.02832813556565633
2691,0.14045553295605406,-0.12773262409337197,-0.33772735542832083,0.12773262409337197,-0.04577324430788939
2692,0.13920518922439273,-0.14547845811599264,-0.3412782908263092,0.14547845811599264,-0.06277023985860938
2693,0.14235742419820815,-0.13355136593751588,-0.34774796762537746,0.13355136593751588,-0.0542168428970836
2694,0.13624093388040048,-0.2011307509971291,-0.3621611039229771,0.2011307509971291,-0.12215326311488935
2695,0.15535083323351528,-0.1123949439549685,-0.374568253948604,0.1123949439549685,-0.04316179330486912
2696,0.1303219728821299,-0.1051051375852679,-0.3829409689133294,0.1051051375852679,-0.04201382934417632
2697,0.12282141885877769,-0.02007296808515588,-0.3725206532040388,0.02007296808515588,0.02906591565877029
2698,0.13201816270167732,-0.017610545732722416,-0.3784221643899586,0.017610545732722416,0.029017312600200663
2699,0.12804818049547775,-0.008083973489909812,-0.37028476663407356,0.008083973489909812,0.0357152841349364
2700,0.12996310499509153,-0.08396127838523856,-0.3279623442296299,0.08396127838523856,-0.014910817112754108
2701,0.1443256872663439,-0.11614114397259652,-0.3056579707204495,0.11614114397259652,-0.03287214519508758
2702,0.1501405262208619,-0.14254899550240327,-0.32231863026756785,0.14254899550240327,-0.05908122915503375
2703,0.14734080660455245,-0.15705657089353514,-0.312458571063061,0.15705657089353514,-0.07219770701459421
2704,0.1535771095089157,-0.14261842653715592,-0.3096341397308803,0.14261842653715592,-0.06133444642738952
2705,0.15466290250425602,-0.1477966193831487,-0.3259983760750102,0.1477966193831487,-0.06804656845318358
2706,0.14977843085272757,-0.17195691655640646,-0.3221594486460379,0.17195691655640646,-0.08963780461023452
2707,0.15434243242284956,-0.1637759849552022,-0.3227823026531068,0.1637759849552022,-0.08211493819107614
2708,0.1548313998973987,-0.14837764700828143,-0.32311123408545644,0.14837764700828143,-0.07055484125765224
2709,0.14230507802144993,-0.15629836509029,-0.28910372105881493,0.15629836509029,-0.07114246030741288
2710,0.15244672146594604,-0.14544716311472553,-0.2912990663983759,0.14544716311472553,-0.05992188170683008
2711,0.15248989418625258,-0.16305529185644774,-0.31546962714318527,0.16305529185644774,-0.08245714944177726
2712,0.14282853871822415,-0.16562515299089003,-0.285792328698455,0.16562515299089003,-0.07768321771883507
2713,0.15088744754452998,-0.1410451023101565,-0.3051535372679599,0.1410451023101565,-0.058908790428109106
2714,0.15205253064083718,-0.15173668086837383,-0.3269417221634602,0.15173668086837383,-0.0728101985737754
2715,0.15094393345737042,-0.09047609729946697,-0.2955031934141337,0.09047609729946697,-0.015674252151160854
2716,0.12598188748400246,-0.08802010086574559,-0.1424861327725909,0.08802010086574559,-0.007666308084272585
2717,0.1324859104894007,-0.14339486712868343,-0.15477736408926973,0.14339486712868343,-0.05561015419161699
2718,0.17715961903390165,-0.049148304728506,-0.335542001187432,0.049148304728506,0.016246506399103047
2719,0.16472321341551266,-0.05003491398650835,-0.2409313723780287,0.05003491398650835,0.024648592905369627
2720,0.1687866465628296,-0.09005480288955922,-0.2919758698181674,0.09005480288955922,-0.015405844190750948
2721,0.17129015768329728,-0.17414085124518378,-0.28945336377848635,0.17414085124518378,-0.08317939554701816
2722,0.1777122416159615,-0.1865871855676051,-0.31854511885837505,0.1865871855676051,-0.09908544844630003
2723,0.16492271078616463,-0.059517144771875315,-0.2775978701544137,0.059517144771875315,0.010936097737301441
2724,0.15945928335304893,-0.07158882837810196,-0.2638865916838206,0.07158882837810196,0.0034104407630451304
2725,0.1593579004578098,-0.0928478931223084,-0.272844296391826,0.0928478931223084,-0.014107912410580488
2726,0.164194951217124,-0.0771425686512907,-0.2499752857097332,0.0771425686512907,0.004020870155811623
2727,0.1532872778995517,-0.046513528151120566,-0.23622091408527784,0.046513528151120566,0.02897841022709909
2728,0.152528655434626,-0.0782878157801068,-0.26099936398259255,0.0782878157801068,0.001986211308128832
2729,0.14967155446631994,-0.05542224579182894,-0.235398819405715,0.05542224579182894,0.01970634202195118
2730,0.1740911323495658,-0.013485870679156974,-0.2421055402700026,0.013485870679156974,0.05339725242768149
2731,0.16445823058883108,-0.04916595722943449,-0.2733548032792275,0.04916595722943449,0.023227439758411843
2732,0.1540265092097356,-0.06450134221631199,-0.2814721460367719,0.06450134221631199,0.01315276137143101
2733,0.16218696132637872,-0.04279622113420581,-0.25248385608702284,0.04279622113420581,0.03338291673924166
2734,0.15043003654804238,-0.16206637834648577,-0.27689120751309015,0.16206637834648577,-0.07155439913551408
2735,0.19119447057884079,0.06034077309903761,-0.346062444707258,-0.06034077309903761,0.11675791685832994
2736,0.18928369774276005,0.10275118568280774,-0.3394514173350592,-0.10275118568280774,0.14936299950747217
2737,0.18868727819187006,0.11206227512324479,-0.34422848804701417,-0.11206227512324479,0.15676008346480957
2738,0.18862095581695362,0.06739903774922135,-0.33306308631634546,-0.06739903774922135,0.12593113797529035
2739,0.19656720701064,0.06159213887023295,-0.3410824362343977,-0.06159213887023295,0.12295786465035623
2740,0.20918418608416575,0.08195850498121515,-0.3533144212163671,-0.08195850498121515,0.14027194928357814
2741,0.2127446995802049,0.0758864602373003,-0.3583634318600624,-0.0758864602373003,0.13771693553482736
2742,0.22221859671440777,0.09814563136601083,-0.3448711131894703,-0.09814563136601083,0.1530392975154902
2743,0.2159147036664163,0.09259341442929721,-0.34467272136191307,-0.09259341442929721,0.14909769164972922
2744,0.21434279422425093,0.09830877323396531,-0.3337178382981169,-0.09830877323396531,0.15363801887667747
2745,0.21237330378399494,0.09444865700262221,-0.332741652005304,-0.09444865700262221,0.15098043559883273
2746,0.21452638317289108,0.0905640857639397,-0.33873196291165425,-0.0905640857639397,0.14535786650256324
2747,0.20978688060111694,0.09025666345444333,-0.3457683175890314,-0.09025666345444333,0.14499769228195153
2748,0.20511443787038888,0.08417546589087098,-0.35333281662063215,-0.08417546589087098,0.13930074595146297
2749,0.1965949245210099,0.05631484768044022,-0.3533840109578708,-0.05631484768044022,0.11986729675258172
2750,0.18595485194429937,0.030944728609022726,-0.3169533853850549,-0.030944728609022726,0.1009397241170997
2751,0.1862534733753931,0.006763251983920788,-0.34009709785082876,-0.006763251983920788,0.0798178042703239
2752,0.18815388098691643,-0.003707233613423172,-0.3479668764767049,0.003707233613423172,0.0680029123098716
2753,0.18450866881006484,0.008682308811751822,-0.3205830899692538,-0.008682308811751822,0.08249029859376153
2754,0.1822481769614225,0.026770665849955428,-0.27878227321368687,-0.026770665849955428,0.09966332724438703
2755,0.1811879929634834,0.033659904056611775,-0.2613668657555933,-0.033659904056611775,0.10362887391227119
2756,0.17634340180201727,0.03075239864533665,-0.25928203291291557,-0.03075239864533665,0.10229435808431862
2757,0.17941012537859596,0.00881779331125119,-0.2953708842149787,-0.00881779331125119,0.08256457699494832
2758,0.17412751899607967,0.030430034530061285,-0.2568544394459821,-0.030430034530061285,0.102180047386207
2759,0.16606080157256767,0.02715359699412478,-0.25514591971195877,-0.02715359699412478,0.0985448421440467
2760,0.17378624122500988,0.043934269671460024,-0.24797652484464325,-0.043934269671460024,0.11158409271819045
2761,0.17471369576800605,0.027839270595066273,-0.2563280640270166,-0.027839270595066273,0.10016559672361217
2762,0.17215740433491605,0.013108345925079609,-0.30316367261046123,-0.013108345925079609,0.08556624563258707
2763,0.163040545591756,0.004971271692568301,-0.2935594252685246,-0.004971271692568301,0.08055197511327133
2764,0.1673181135620207,-0.012159511595091254,-0.2893447499896232,0.012159511595091254,0.06669959542129551
2765,0.14177164300100176,-0.11074248033858511,-0.2769621202255046,0.11074248033858511,-0.012734021956713465
2766,0.16608755107900508,-0.02329254767445625,-0.2750240582885772,0.02329254767445625,0.05736811072086602
2767,0.16500665305799356,-0.013057304453755575,-0.284133624103796,0.013057304453755575,0.06337166968890111
2768,0.17124497262687688,0.02132517015499239,-0.2350055745957793,-0.02132517015499239,0.10014308810019591
2769,0.18516816787919907,0.023793219801460305,-0.24411305151837193,-0.023793219801460305,0.09534869544108056
2770,0.1716478404997193,-0.058636201258871604,-0.32257425358346525,0.058636201258871604,0.01974176903346053
2771,0.18111069746828512,-0.03968649528648594,-0.35443458095483155,0.03968649528648594,0.03515262870442841
2772,0.17286809543055448,0.011727282888381109,-0.26685646378726624,-0.011727282888381109,0.07993747958038176
2773,0.17535280792585917,0.025033549824273665,-0.2557014718161195,-0.025033549824273665,0.0879823777842838
2774,0.1638498736293149,0.027228039104499654,-0.2080489086281476,-0.027228039104499654,0.0994159947337224
2775,0.16827219353843131,0.030859136106594107,-0.19752757847543587,-0.030859136106594107,0.1022813956559636
2776,0.16254580785052555,0.009585432822915642,-0.20883403406630313,-0.009585432822915642,0.08664986267049657
2777,0.16208502413651282,-0.027417441919915728,-0.2385878057083356,0.027417441919915728,0.05409009432038311
2778,0.1654527553516607,0.020536639212031936,-0.20506274356993714,-0.020536639212031936,0.09330813371598419
2779,0.16166342818044258,0.022729337450113338,-0.2005876352476088,-0.022729337450113338,0.09360084436698672
2780,0.16152885338173067,0.015483597868027721,-0.21806885835806236,-0.015483597868027721,0.08456046083388206
2781,0.1657096711409641,0.0216004868003165,-0.2129909157323213,-0.0216004868003165,0.08880003407400446
2782,0.16871260041935374,0.016177599338163633,-0.19895550584662772,-0.016177599338163633,0.08881341936174314
2783,0.15949860772441313,-0.009503504228023011,-0.2279568409397936,0.009503504228023011,0.06552753971586922
2784,0.15735812889751732,-0.03690962721398326,-0.2612008555485232,0.03690962721398326,0.04246447240859346
2785,0.1551566241518224,-0.0538466281229731,-0.2534359227454645,0.0538466281229731,0.028896862149318397
2786,0.15844298618669678,-0.05996495193027142,-0.25861369965501846,0.05996495193027142,0.022374085667382592
2787,0.15889923783151869,-0.01389383213178269,-0.2630875256068856,0.01389383213178269,0.060589898015889446
2788,0.1502227211645308,-0.027962190886254602,-0.29440632457079546,0.027962190886254602,0.04103397919203647
2789,0.14944705808143455,-0.06025237723096741,-0.3479520832115279,0.06025237723096741,0.00797089375218526
2790,0.16121159453016784,-0.04596569306375859,-0.3561717919457274,0.04596569306375859,0.02306616509787535
2791,0.1598960139886051,-0.05782707417077457,-0.3338142359389837,0.05782707417077457,0.01233114716888442
2792,0.14749203430419544,-0.09644836491230614,-0.3338299080783461,0.09644836491230614,-0.02347181891609287
2793,0.14358950862815956,-0.06568980231015606,-0.31693932820270004,0.06568980231015606,0.006627279467339179
2794,0.1540695189618044,-0.08377092891370402,-0.3422887188447299,0.08377092891370402,-0.010503079991932314
2795,0.1394894164484584,-0.053801976828137886,-0.3860928429076806,0.053801976828137886,0.0010929389833854927
2796,0.13587014611284365,-0.16449106963399385,-0.38995898616591057,0.16449106963399385,-0.09683378550659212
2797,0.13403837067022395,-0.19824603011960973,-0.39565029251498723,0.19824603011960973,-0.12905921927399988
2798,0.13948265523364542,-0.1616450631555003,-0.38404456455142144,0.1616450631555003,-0.09281928291669003
2799,0.13700342815421376,-0.0539639896526281,-0.3790971673018033,0.0539639896526281,0.002056399867980758
2800,0.12424046594877537,0.036148550741477666,-0.3717398707716023,-0.036148550741477666,0.07289679069263819
2801,0.1264505686798212,0.03562620170053717,-0.37352691314931447,-0.03562620170053717,0.07066543423593159
2802,0.12487716680778542,0.02478123328886863,-0.3747896002515617,-0.02478123328886863,0.06210520771551886
2803,0.12054177365812734,0.0014928330978346363,-0.37146370380474786,-0.0014928330978346363,0.041432243297186776
2804,0.12944401476281372,-0.06871771260336251,-0.34932554021753953,0.06871771260336251,-0.008172485379243002
2805,0.1551536444947326,-0.11896977034177947,-0.3207338458340174,0.11896977034177947,-0.038793173421942
2806,0.16380712031990152,-0.08923078030123242,-0.30842857512148436,0.08923078030123242,-0.012890694371108619
2807,0.1636648278214677,-0.10456836721131757,-0.29940363710886797,0.10456836721131757,-0.02453752524010681
2808,0.1653441211143599,-0.05748451547169134,-0.2730649888032191,0.05748451547169134,0.019384267887569247
2809,0.15946736587709756,-0.11014079312437292,-0.2983945168996986,0.11014079312437292,-0.0312460569345616
2810,0.16080594681874785,-0.1289749063293835,-0.3027585550667779,0.1289749063293835,-0.04871276839669488
2811,0.15404508385637916,-0.1400220897973142,-0.2991089910271931,0.1400220897973142,-0.06054196640028581
2812,0.1541240128564807,-0.14197817699631235,-0.2929266087149621,0.14197817699631235,-0.05818954507096708
2813,0.15054744176449741,-0.15568640454686944,-0.2935458858711874,0.15568640454686944,-0.06958952169465618
2814,0.1587985494568099,-0.12870140250431036,-0.28161735130501414,0.12870140250431036,-0.044441576101455764
2815,0.15318361636174946,-0.10686463019516007,-0.2916518478232417,0.10686463019516007,-0.02919177936451056
2816,0.1578310136968788,-0.10485279159887408,-0.3359251463951322,0.10485279159887408,-0.030410701190657648
2817,0.1617671620887297,-0.12229472596467264,-0.33443055059151555,0.12229472596467264,-0.04723815482658243
2818,0.15454896542297106,-0.07132693564106506,-0.30348529385647566,0.07132693564106506,-0.00023337565547801499
2819,0.10512826655103674,-0.15187512903669761,-0.08771897571436942,0.15187512903669761,-0.05759774496223423
2820,0.1629107119611414,-0.13875804249472212,-0.33326972471095456,0.13875804249472212,-0.06210213194845375
2821,0.1553823383159863,-0.16479077510600787,-0.34042155691330966,0.16479077510600787,-0.0864032170654703
2822,0.1842190684498694,-0.03575469040974383,-0.31281534104461034,0.03575469040974383,0.02904248406236562
2823,0.17118460880839248,-0.11433843920706577,-0.3008139726709223,0.11433843920706577,-0.03798997912852409
2824,0.14389631951738074,-0.07638310052120319,-0.12438107978204674,0.07638310052120319,0.021569249650257628
2825,0.16599071050443998,-0.15784925195952784,-0.2818205742127007,0.15784925195952784,-0.06759600918086256
2826,0.15193646701111288,-0.08972266017287672,-0.2612713749324451,0.08972266017287672,-0.010985975644532386
2827,0.1653454414454523,-0.01853549094717064,-0.22832910540580148,0.01853549094717064,0.04820403261647401
2828,0.16743345260954812,-0.05246610960246857,-0.24203724061760734,0.05246610960246857,0.021240081016897595
2829,0.16257802917784622,-0.07571334853193838,-0.25704875374309055,0.07571334853193838,0.0032115560604240446
2830,0.1554254859611029,-0.05812099277046772,-0.24232191736010214,0.05812099277046772,0.01943593695012038
2831,0.1511301508204239,-0.04342283399591199,-0.22825181965021504,0.04342283399591199,0.03306838631354383
2832,0.1467936366038769,-0.10273858577873575,-0.2676345445068227,0.10273858577873575,-0.020784570541664125
2833,0.15496197750423676,-0.04813987490909592,-0.25848135020599006,0.04813987490909592,0.021440011037394194
2834,0.16473253137744506,-0.03849938417433376,-0.25510860560403137,0.03849938417433376,0.03436415629608049
2835,0.16449405439535658,-0.058666689843882805,-0.27493105663035383,0.058666689843882805,0.014421435682791441
2836,0.1704522176571429,-0.03936732508505803,-0.2728321959819739,0.03936732508505803,0.03133584432970447
2837,0.1605925957859001,-0.07199707858061533,-0.2642623940673475,0.07199707858061533,0.008584887136843692
2838,0.18793705333955826,0.07417522449986366,-0.3479649228585395,-0.07417522449986366,0.12963468605529435
2839,0.1834316023160067,0.0894816284203919,-0.3288487235967307,-0.0894816284203919,0.1424346600495188
2840,0.19253135134227306,0.0658709510292163,-0.3497788252285181,-0.0658709510292163,0.12322098272404779
2841,0.19560694179135388,0.05742866731963017,-0.3195506831178239,-0.05742866731963017,0.11995063666689444
2842,0.2092573290248086,0.07139044615757735,-0.3497788602375624,-0.07139044615757735,0.13106288754501325
2843,0.207106296736125,0.04623661777146645,-0.35947133325990255,-0.04623661777146645,0.11180670695099794
2844,0.21328966940247604,0.10611081264607544,-0.3506409351279716,-0.10611081264607544,0.15619171285280348
2845,0.2142319775832118,0.09576604558183575,-0.3358796110466926,-0.09576604558183575,0.14929670634931066
2846,0.21430633208334465,0.09971630286690801,-0.33357152414728675,-0.09971630286690801,0.1527080012443818
2847,0.21218872584990464,0.09000276768441555,-0.33691538134432947,-0.09000276768441555,0.14712090917198892
2848,0.2114538164241685,0.07227894246602375,-0.34091874275007755,-0.07227894246602375,0.13195384089642487
2849,0.20464784937572147,0.06111652257578521,-0.344428923282059,-0.06111652257578521,0.12303094337899793
2850,0.18273961530016836,0.01568462319300053,-0.3642369987404184,-0.01568462319300053,0.083440939253329
2851,0.16007034805252068,-0.06324017194036947,-0.3630001595540902,0.06324017194036947,0.01834251139767367
2852,0.20260853414109772,0.029499549173953695,-0.3615670318748797,-0.029499549173953695,0.10012715593805337
2853,0.20182989508193455,0.03711936951963003,-0.3658159529696236,-0.03711936951963003,0.09987293530091469
2854,0.19394611784039775,0.01153703173679248,-0.36751938235136555,-0.01153703173679248,0.07766962055513742
2855,0.18645147703602372,0.024329521087592315,-0.33203213188177283,-0.024329521087592315,0.09298265454449332
2856,0.18326725104232933,0.013629089223583662,-0.29529366941563495,-0.013629089223583662,0.088992374983746
2857,0.18536062839992615,0.03637478122348051,-0.25847958599069754,-0.03637478122348051,0.10833024344333464
2858,0.18191036273072467,0.036861192753984084,-0.25067485783019133,-0.036861192753984084,0.10889590048436133
2859,0.168629585863379,0.014763028884142184,-0.27040067139129487,-0.014763028884142184,0.09002048968469122
2860,0.16725582000520695,0.04454224887935142,-0.26342455013920435,-0.04454224887935142,0.10974162193045466
2861,0.16855729333334862,0.005011959613282629,-0.2677618258032354,-0.005011959613282629,0.08124255009679232
2862,0.17167877705132426,0.03204139157755943,-0.2593053809289519,-0.03204139157755943,0.10142247768805066
2863,0.16135636818338137,-0.012241378411361173,-0.29206703663826067,0.012241378411361173,0.06216903660353265
2864,0.16237475953441774,-0.019766372385360168,-0.28346633584202763,0.019766372385360168,0.058604953246314255
2865,0.17094181148358686,0.019822116733621213,-0.2835789160384034,-0.019822116733621213,0.0862496521253039
2866,0.1695564806742897,-0.016751309465262165,-0.30485340271765443,0.016751309465262165,0.05750422220629939
2867,0.17022178352546438,-0.038965419400963236,-0.30472371984598107,0.038965419400963236,0.03677251393431584
2868,0.14006734504102192,-0.10766265006068436,-0.24629711747271632,0.10766265006068436,-0.004502357112268118
2869,0.1720383867538547,-0.0218512834150119,-0.2710687525562774,0.0218512834150119,0.057257906399145415
2870,0.17548921541283027,0.009417589243576682,-0.2661609565204835,-0.009417589243576682,0.08397888505666555
2871,0.17520671151388317,0.01936859662510446,-0.23486707663295725,-0.01936859662510446,0.09312476621527602
2872,0.16901970495666402,-0.05275026228961135,-0.2941487054064047,0.05275026228961135,0.025223104635764625
2873,0.1715781030015045,-0.015618642868457976,-0.2678873144939468,0.015618642868457976,0.06303195133471808
2874,0.1763871735905866,0.013312088979113892,-0.24426147332740542,-0.013312088979113892,0.08828295796627168
2875,0.16699487568020346,0.02815948228618134,-0.21220997869234595,-0.02815948228618134,0.09989000906789891
2876,0.16764146934942503,0.028756811697544297,-0.19989372146603762,-0.028756811697544297,0.10057546641628747
2877,0.1709153781114694,0.029310108473486474,-0.19261839359342048,-0.029310108473486474,0.10086699453356945
2878,0.16546858670344483,0.027192719168228838,-0.18883494247781407,-0.027192719168228838,0.10047983556191165
2879,0.16707401426631602,0.02518574505466357,-0.1949728035880873,-0.02518574505466357,0.09687323273493721
2880,0.17066210968110385,0.03001741764150658,-0.20559983679012053,-0.03001741764150658,0.09707984490845907
2881,0.16732601843415018,0.021922071500323503,-0.21519953855700044,-0.021922071500323503,0.08910656313820577
2882,0.16492790271301108,0.029994289060658538,-0.20320155978612664,-0.029994289060658538,0.09501911337725202
2883,0.15219309884257548,-0.023037351369792753,-0.22349320526008498,0.023037351369792753,0.05442783707549659
2884,0.1556458836636325,-0.04503410934886533,-0.24577013561759992,0.04503410934886533,0.03462491874947565
2885,0.15615103958226775,-0.06899958130708353,-0.2513819656385917,0.06899958130708353,0.016537329635429445
2886,0.1569157960517621,-0.07392060196124528,-0.2813895710933796,0.07392060196124528,0.00923316587761141
2887,0.16248520764923693,-0.07248046664958008,-0.2913544647323522,0.07248046664958008,0.006771839720274636
2888,0.14915363652100047,-0.05722149257056685,-0.25832203240770446,0.05722149257056685,0.023600150006531675
2889,0.14912495863679112,-0.022621088079941454,-0.2594872581597565,0.022621088079941454,0.05037666213606527
2890,0.1566551692195272,0.004968665585444178,-0.30114303602474013,-0.004968665585444178,0.06011251847171841
2891,0.16884748920786397,-0.005598014658852694,-0.3694481343442621,0.005598014658852694,0.028912916051438965
2892,0.16148233848791815,-0.026144074131641333,-0.33054467798569165,0.026144074131641333,0.029645468156198344
2893,0.15281821475364057,-0.06411994827122379,-0.3521168210899293,0.06411994827122379,0.006583128213287019
2894,0.15270498906209104,-0.05054869801033395,-0.31614926232046864,0.05054869801033395,0.020847569982199585
2895,0.15514286872282448,-0.03596030555093136,-0.32554762377029844,0.03596030555093136,0.03209638108923692
2896,0.1583054865473295,-0.026154628867045202,-0.36407020038362137,0.026154628867045202,0.0327231707752525
2897,0.1509067780386212,-0.050342986993261146,-0.3645429968009523,0.050342986993261146,0.013607931032548853
2898,0.18206891330989558,0.04211453342946395,-0.3987966526093874,-0.04211453342946395,0.09126004474167368
2899,0.14196500755987101,0.040151609146786504,-0.3988245313866493,-0.040151609146786504,0.07643384854918962
2900,0.12266826975792589,-0.09612921441737922,-0.3789291285215881,0.09612921441737922,-0.03794504190533653
2901,0.12901217153235792,-0.05343873207431442,-0.3825493007384906,0.05343873207431442,-0.0021032434281147883
2902,0.14151182679459523,0.0760884270027986,-0.3925564018177206,-0.0760884270027986,0.10781309667083086
2903,0.1419792197102514,0.005274655884810672,-0.3716161008208734,-0.005274655884810672,0.05636114621103544
2904,0.12634823925943603,0.044900165232240836,-0.38314215666064244,-0.044900165232240836,0.07683753669779446
2905,0.13342867471842643,0.04242044450149471,-0.37539028413874725,-0.04242044450149471,0.07408092014877546
2906,0.14522002167587422,-0.08548158187697497,-0.35153804911528463,0.08548158187697497,-0.020150444636068847
2907,0.152017930281391,-0.08992442691766526,-0.3635415650093397,0.08992442691766526,-0.025077097866019884
2908,0.17906417140904093,-0.08937892342469213,-0.3503426111939132,0.08937892342469213,-0.016474626159490496
2909,0.17673116250294182,-0.05655146936654209,-0.33847969479705414,0.05655146936654209,0.015774146921873903
2910,0.178302448944879,-0.04865222608779143,-0.29961780926343096,0.04865222608779143,0.01970142729187813
2911,0.16846752973004264,-0.08044018464650508,-0.2822288062533744,0.08044018464650508,0.0002713392707219219
2912,0.16972000155951913,-0.10325361267537679,-0.29978003053310026,0.10325361267537679,-0.022050378033704177
2913,0.16879880439685835,-0.0743973951446476,-0.26132278702562156,0.0743973951446476,0.00431140413931673
2914,0.16573607672255505,-0.08366748013516699,-0.2641258549435028,0.08366748013516699,-0.0012583337976482306
2915,0.16597020993551148,-0.10552224835302436,-0.29749318734569685,0.10552224835302436,-0.021456104337678
2916,0.16339425901275428,-0.10836317805581346,-0.2975222466946082,0.10836317805581346,-0.028762948105048123
2917,0.16077727591578075,-0.08679446131803942,-0.28185832947419553,0.08679446131803942,-0.016627268355716377
2918,0.17059593239303625,-0.0151319033883535,-0.28545998073407075,0.0151319033883535,0.043522588964154764
2919,0.1700757360396439,-0.014109189801922124,-0.2754434197633794,0.014109189801922124,0.05050986275047856
2920,0.14880499570198577,-0.06506299212150911,-0.26047748307798735,0.06506299212150911,0.010420971648240919
2921,0.11031877106529366,-0.1626676669305516,-0.15928709747013392,0.1626676669305516,-0.0728165757336852
2922,0.1492910401949681,-0.183984940067384,-0.3429708757487754,0.183984940067384,-0.10263625524161898
2923,0.1459617095606035,-0.18743589536142036,-0.34163260785809585,0.18743589536142036,-0.1018554394824343
2924,0.17047438693301709,-0.10913994709617451,-0.33026124956626374,0.10913994709617451,-0.03713600300277316
2925,0.19474705493601985,-0.03366972977349621,-0.30579643113898036,0.03366972977349621,0.031163109388299196
2926,0.19428214073672,-0.03073561799491423,-0.24959800152871536,0.03073561799491423,0.043333121448554904
2927,0.14458743020899098,-0.03626283936954178,-0.21559464403829992,0.03626283936954178,0.03618572454793047
2928,0.1611776656730899,-0.0358967434754831,-0.23065460009954808,0.0358967434754831,0.033996120211466335
2929,0.16331192256792948,-0.052097931130518,-0.26611125643673555,0.052097931130518,0.0194803064624565
2930,0.16412209946265874,-0.09263878048457681,-0.27347992625368867,0.09263878048457681,-0.012879590758617998
2931,0.15309779471152968,-0.06039016976334512,-0.22775433274085036,0.06039016976334512,0.018150026488663994
2932,0.17289126359820542,-0.03563959412826952,-0.2817518538347726,0.03563959412826952,0.0316246724843718
2933,0.165224498487578,-0.02302161401384207,-0.2754035281824063,0.02302161401384207,0.04253425302667651
2934,0.15352626895427224,-0.06353822585592546,-0.24800646000696613,0.06353822585592546,0.015776894150853007
2935,0.14739224715894422,-0.05761478606044249,-0.2678826741385491,0.05761478606044249,0.01623523966496856
2936,0.16023508825963684,-0.027046286167190105,-0.24155172358268973,0.027046286167190105,0.04140993985840792
2937,0.1662005058872426,-0.030813049126058097,-0.25054375651915023,0.030813049126058097,0.041269902669588576
2938,0.16785657641730758,-0.020124591173452822,-0.2448647947979396,0.020124591173452822,0.050659629915959944
2939,0.16725108966056437,-0.04836164425232611,-0.2592320712930146,0.04836164425232611,0.02916269603806725
2940,0.1912864629087035,0.06908453985349275,-0.3561212660505314,-0.06908453985349275,0.12615882008222953
2941,0.1856443041419743,0.06386147771187348,-0.3447473807886422,-0.06386147771187348,0.12206795357062479
2942,0.18996326193975338,0.04186540192251465,-0.320723010994941,-0.04186540192251465,0.10692350085110373
2943,0.1971330325515335,0.037160867586331005,-0.3529511509095379,-0.037160867586331005,0.10297953771376614
2944,0.20322818413790325,0.09630606944959391,-0.35121076881552565,-0.09630606944959391,0.14830574076856434
2945,0.20534551079518137,0.10693317260106487,-0.360179566875204,-0.10693317260106487,0.15629685604653146
2946,0.20348570757920958,0.1092392088420976,-0.3483654112549013,-0.1092392088420976,0.15683798191577306
2947,0.2150161138624645,0.09665423796849505,-0.33696345081647655,-0.09665423796849505,0.1483430552656133
2948,0.2067021325125545,0.0953071064461418,-0.34645614511383566,-0.0953071064461418,0.14630325635761784
2949,0.20984498946899632,0.09226796183496513,-0.33897602050237857,-0.09226796183496513,0.14633343441988758
2950,0.19651644063630236,0.04611365480517224,-0.3405911105019225,-0.04611365480517224,0.11146339281557634
2951,0.1898270117767087,0.032707952596505406,-0.3420974211445284,-0.032707952596505406,0.09847401929317895
2952,0.19934426013200232,0.05294451996506197,-0.3563712075808773,-0.05294451996506197,0.11719777738504175
2953,0.18665629090750974,0.036170751492887926,-0.34497690928210223,-0.036170751492887926,0.10039295612028998
2954,0.2045169459973654,0.08388659327873818,-0.3481814494670646,-0.08388659327873818,0.14104143569654884
2955,0.20688087202600328,0.0599721093808528,-0.3637580909544157,-0.0599721093808528,0.11835248067541279
2956,0.19403816248481467,-0.014760160721324543,-0.3702061292152844,0.014760160721324543,0.05398186342118462
2957,0.1893756287741962,-0.02165166832346576,-0.3440902986021694,0.02165166832346576,0.054118641735175464
2958,0.19655270492613192,0.011963710594551728,-0.3031952285175412,-0.011963710594551728,0.08690136473495556
2959,0.19285717488651116,0.021407355143670398,-0.30586397299191287,-0.021407355143670398,0.09335172377300635
2960,0.18367125192930306,0.026537921359350264,-0.284459260483595,-0.026537921359350264,0.09799840257111725
2961,0.18354088503648525,0.03989993153280813,-0.2726380051772628,-0.03989993153280813,0.10907834733283436
2962,0.184911520577472,0.039960485416512405,-0.2701847383633763,-0.039960485416512405,0.10888361346052111
2963,0.178038591224912,0.028511767195944532,-0.27398643769905756,-0.028511767195944532,0.09794614528478943
2964,0.17914887944808572,0.02019395515873314,-0.2755512274642236,-0.02019395515873314,0.0916860282665565
2965,0.18545988273298303,0.04363804722042296,-0.30779535675681474,-0.04363804722042296,0.08727781607911557
2966,0.18107556776163822,0.041399224710927066,-0.26336092717477166,-0.041399224710927066,0.1020275681479377
2967,0.1806417210119918,0.025861872480231723,-0.27921550050819793,-0.025861872480231723,0.09024524800276433
2968,0.18263752036192044,0.020773422570869195,-0.265244448504382,-0.020773422570869195,0.09365082081792074
2969,0.18025855985616324,0.034162340807785775,-0.2682518575061614,-0.034162340807785775,0.10058814794921882
2970,0.16175001692505908,0.0034184140160637044,-0.24171000862650713,-0.0034184140160637044,0.08256942127974068
2971,0.15811588142867153,-0.06665393010487757,-0.28831419550423354,0.06665393010487757,0.01831282915825847
2972,0.16968359697022814,0.016345691587747173,-0.24426619907233138,-0.016345691587747173,0.0895382174383108
2973,0.1669122619742965,0.018600863549297145,-0.22264199671649085,-0.018600863549297145,0.09333924164309991
2974,0.16782353850868015,0.009514557318958833,-0.22377639107554984,-0.009514557318958833,0.08609823881842268
2975,0.1720897833351811,0.02419284442008849,-0.2153843443640889,-0.02419284442008849,0.09680540155910315
2976,0.1748658782745564,0.012310403806579622,-0.21904499453158535,-0.012310403806579622,0.08573966206417533
2977,0.16864553526148515,0.02369804004233345,-0.20243971793227822,-0.02369804004233345,0.09712398505871199
2978,0.16840546329588943,0.03271101570233345,-0.2024889935873071,-0.03271101570233345,0.10109795181399239
2979,0.167160962011472,0.03157058696477155,-0.19397958635864032,-0.03157058696477155,0.10105327124763899
2980,0.16808138663140773,0.03485830386416132,-0.20114444811333038,-0.03485830386416132,0.10116144741495274
2981,0.16484477491573366,0.03618959626164036,-0.20469513801234862,-0.03618959626164036,0.10090375198936541
2982,0.16544527865620723,0.02781872511209614,-0.20442528919115763,-0.02781872511209614,0.09304831975626297
2983,0.16248947044993678,-0.002679193371030274,-0.22223988518981222,0.002679193371030274,0.06716410469240934
2984,0.15690650530351433,-0.05986610887220087,-0.25107028286619215,0.05986610887220087,0.020644088856781307
2985,0.15869536457001232,-0.08370450543923946,-0.2716575595004331,0.08370450543923946,-0.0013020294695112126
2986,0.15400419500201193,-0.07329928186102448,-0.26200539921694815,0.07329928186102448,0.008788677237425734
2987,0.15995105565422388,-0.07616776561188249,-0.2722644763449684,0.07616776561188249,0.0075947227474922755
2988,0.15469496200924443,-0.10106673578464322,-0.29314429031938355,0.10106673578464322,-0.01718605047586621
2989,0.16269220360362077,-0.07393990893571743,-0.2862426235987585,0.07393990893571743,0.007500253509850895
2990,0.15474870545193573,-0.10501728107732351,-0.28209428918471796,0.10501728107732351,-0.018715656460936463
2991,0.14042825835929082,-0.05805860438241132,-0.27272201761014636,0.05805860438241132,0.017199671507473657
2992,0.13734526001969294,0.007530398249412514,-0.24000890631324553,-0.007530398249412514,0.06710853236677954
2993,0.16299062767300534,-0.003559532421632822,-0.30384765171936257,0.003559532421632822,0.04922596083783836
2994,0.1756558261655357,0.011900465190154572,-0.3872610458302018,-0.011900465190154572,0.04639932437417675
2995,0.1607270031539461,-0.05152937404531382,-0.3540659135557934,0.05152937404531382,0.010635231577123235
2996,0.1630606919889867,-0.04871616096652631,-0.3151357933208819,0.04871616096652631,0.023679272634435946
2997,0.15477032330522442,-0.025632646142020085,-0.2888282835919875,0.025632646142020085,0.04155662588651614
2998,0.1455414715086059,-0.03729404966370597,-0.35359825492608987,0.03729404966370597,0.020813230761395
2999,0.16444433934157984,0.0016702287889884906,-0.36747962990883315,-0.0016702287889884906,0.05826063389672479
3000,0.19493636434095502,0.05095622720020805,-0.40583654891875703,-0.05095622720020805,0.10273641705878865
3001,0.15101639908559034,0.08763339009990223,-0.39851627038120785,-0.08763339009990223,0.11510798161201183
3002,0.1293059439906171,0.05146001030711918,-0.3856917959331634,-0.05146001030711918,0.08129499959474949
3003,0.1376972143158827,0.03294942586637114,-0.38906958778187356,-0.03294942586637114,0.07150965080533918
3004,0.13262891903284726,0.022358800851567672,-0.39136674735729077,-0.022358800851567672,0.06076577693239947
3005,0.12888346667791736,0.016729205248661793,-0.3649435034571253,-0.016729205248661793,0.06092850230797175
3006,0.13394038429191238,0.0002073956665868676,-0.38360457124575814,-0.0002073956665868676,0.04278072711888211
3007,0.12235434718051597,0.0541328363329242,-0.385280172419777,-0.0541328363329242,0.08007673649028611
3008,0.1292684998235972,-0.05149201026511886,-0.37989230841564525,0.05149201026511886,-0.001735208205847018
3009,0.15150399102395792,-0.12562051256053014,-0.3426822664125144,0.12562051256053014,-0.052660214654869995
3010,0.1595477189929137,-0.12061690443806773,-0.3132537033718986,0.12061690443806773,-0.03903525533717626
3011,0.17001028844618338,-0.0822700053575445,-0.30893383703854177,0.0822700053575445,-0.006365502870284793
3012,0.17168117302559344,-0.05784658419140673,-0.28348815505614366,0.05784658419140673,0.018398210687987804
3013,0.17069317586378766,-0.07766244778671284,-0.25679171180021837,0.07766244778671284,0.005154797842172739
3014,0.15451807207925655,-0.1197472933933404,-0.2848411597715483,0.1197472933933404,-0.04046855127803841
3015,0.15120442765889597,-0.13336813538962047,-0.27435344210974794,0.13336813538962047,-0.04853416119558833
3016,0.15674189266812538,-0.10808802729398898,-0.2786037026118169,0.10808802729398898,-0.027375016104154312
3017,0.15742255655455847,-0.1139600891922192,-0.2830007749885979,0.1139600891922192,-0.03367979442847965
3018,0.14898068459786518,-0.14456261477185878,-0.2909305978911986,0.14456261477185878,-0.060688725248679416
3019,0.1585257272431032,-0.12441735206592637,-0.27773436432421944,0.12441735206592637,-0.040616147141767485
3020,0.19029504831927815,-0.007429874178872608,-0.22199607267089513,0.007429874178872608,0.05834802914717017
3021,0.1538105446312215,-0.02682080102428913,-0.2637495800420596,0.02682080102428913,0.03548817058939758
3022,0.1401837310403551,-0.08667044271474098,-0.2587728998583207,0.08667044271474098,-0.008173121807952752
3023,0.10741679425329843,-0.18519215551045218,-0.14421486594888117,0.18519215551045218,-0.08635874701922455
3024,0.14120389523614174,-0.16114463500651935,-0.3236763816095092,0.16114463500651935,-0.07558386830694075
3025,0.1525287786189349,-0.11916159584294382,-0.3464637823012118,0.11916159584294382,-0.04521781717751898
3026,0.16317379053230366,-0.1198656645105831,-0.35684993876868304,0.1198656645105831,-0.04820960727352381
3027,0.16191013839047277,-0.1160327381361949,-0.3299322678132565,0.1160327381361949,-0.04071933392304459
3028,0.1663709948810145,-0.07074289741929081,-0.2609338105354623,0.07074289741929081,0.0032142481628463014
3029,0.159771508489722,-0.010468848595292608,-0.20149206547997806,0.010468848595292608,0.05645969037250488
3030,0.14555457395253163,-0.04615469118427255,-0.23098072418417187,0.04615469118427255,0.023864813336721583
3031,0.1417835676306675,-0.09766130287460287,-0.2544475286997528,0.09766130287460287,-0.015488699937783021
3032,0.15709407100813105,-0.05831233899686632,-0.2468010910623181,0.05831233899686632,0.018468543330136526
3033,0.1635574038701947,-0.058238672233669325,-0.26787412062639915,0.058238672233669325,0.01263365008094684
3034,0.16998720203960177,-0.058031364340923736,-0.2760678395215386,0.058031364340923736,0.014554431535365196
3035,0.16698224030616782,-0.05688358123893281,-0.2885636065245743,0.05688358123893281,0.015012301113683808
3036,0.16052924892151152,-0.03469069577364841,-0.2533119736879413,0.03469069577364841,0.03667552169691459
3037,0.15416000451645023,-0.0519288340249656,-0.24151567993697481,0.0519288340249656,0.024861540030589588
3038,0.15926871912477047,-0.01984185530270419,-0.28186482309603345,0.01984185530270419,0.04064833326276642
3039,0.16201352493369334,0.005674188999917091,-0.22490565267773563,-0.005674188999917091,0.06972950136378189
3040,0.17889461628499442,0.01617611330674697,-0.27067610583303126,-0.01617611330674697,0.07274304426959796
3041,0.17430909379909915,-0.01021468460709434,-0.26680647551815906,0.01021468460709434,0.05547979389544385
3042,0.18442205872932418,0.08784208522584122,-0.3508055397529511,-0.08784208522584122,0.13985430416251246
3043,0.1867438047928394,0.04556083117114387,-0.35446170441512537,-0.04556083117114387,0.10938887945902274
3044,0.20232910406637833,0.09107714096769856,-0.35948120528886324,-0.09107714096769856,0.1427045719130828
3045,0.1964215911614028,0.11052828435876344,-0.34849243789340806,-0.11052828435876344,0.1560040710878305
3046,0.20001754101355448,0.06834404908260108,-0.35461807209662355,-0.06834404908260108,0.12769993146716743
3047,0.2069822022057093,0.09832344970943434,-0.3530826307210163,-0.09832344970943434,0.1481169945800396
3048,0.19587599843582099,0.053033240299553176,-0.33945581933326047,-0.053033240299553176,0.11414277437306988
3049,0.18559532938753473,0.019655093248864823,-0.3187855816621995,-0.019655093248864823,0.09047256139568689
3050,0.19966059432937588,0.05176019637393092,-0.3264472395001149,-0.05176019637393092,0.11705130822921335
3051,0.19159446797504942,0.03917210662724922,-0.34230742650035284,-0.03917210662724922,0.10385494813935535
3052,0.21130349290753964,0.09281838542639814,-0.34396505257750976,-0.09281838542639814,0.14861277891641275
3053,0.2120770921212617,0.097030479942885,-0.34673436545412506,-0.097030479942885,0.1493034318853116
3054,0.20646436717655237,0.0493478701690871,-0.3682586736768611,-0.0493478701690871,0.11020217195457623
3055,0.2088464628282318,0.06812737186878984,-0.3490395259811827,-0.06812737186878984,0.12699871020951425
3056,0.2067181423700591,0.038782700186068914,-0.3488350819624889,-0.038782700186068914,0.10824056718377285
3057,0.191409735989187,0.017308066864174118,-0.34369018908300186,-0.017308066864174118,0.0869306020600225
3058,0.18730977928468454,0.0406978629432148,-0.32043932819158766,-0.0406978629432148,0.1046263845145591
3059,0.18294377843108767,0.029026575865166094,-0.28540760479111327,-0.029026575865166094,0.09777476551614042
3060,0.18603827687333174,0.030883033058775773,-0.3314289935052227,-0.030883033058775773,0.09684488299886122
3061,0.1915218460673427,0.05265291928543356,-0.3358288638162119,-0.05265291928543356,0.1124872072425516
3062,0.18172231157713015,0.02159136863873305,-0.2834704170389205,-0.02159136863873305,0.09111737669328719
3063,0.1862265275915738,0.021823846649218166,-0.32260564854235,-0.021823846649218166,0.0836382449064691
3064,0.19783242456622835,0.053558051549293426,-0.29463527302009135,-0.053558051549293426,0.09294379116327206
3065,0.19093339801792006,0.052219274278659536,-0.272052300947425,-0.052219274278659536,0.10131695512380545
3066,0.1851756054018299,0.04753393741027051,-0.2629930577403325,-0.04753393741027051,0.10409920625920147
3067,0.16340522920993558,-0.02788422323649281,-0.2565900175003348,0.02788422323649281,0.05674443894246942
3068,0.18209314376775923,0.022163689581206313,-0.28427991151542303,-0.022163689581206313,0.09108873651627233
3069,0.17627389693022058,0.04030014852351174,-0.26957899932639,-0.04030014852351174,0.10601107166028702
3070,0.14982701538958967,-0.06064540049616819,-0.29452809680080533,0.06064540049616819,0.024879065172684844
3071,0.1743402285547075,0.027385368986091,-0.21709845005745626,-0.027385368986091,0.10276560157715386
3072,0.17608344781316898,0.03089881505489792,-0.21556439611111355,-0.03089881505489792,0.10365304682499751
3073,0.17265707774465566,0.028835496902083944,-0.20596197856873477,-0.028835496902083944,0.10210493846024078
3074,0.1749305342346645,0.02837710215822124,-0.21559542879712146,-0.02837710215822124,0.09964436889401695
3075,0.17834272622048297,0.02544566528140597,-0.22240574423706633,-0.02544566528140597,0.09404390241703327
3076,0.1729058548316012,0.03081537633169565,-0.2200750352503051,-0.03081537633169565,0.09538471249865188
3077,0.1669404405278033,0.025993650464470632,-0.2064797601870916,-0.025993650464470632,0.0928545902028405
3078,0.16638873083549272,0.036511427213396994,-0.20850930001516954,-0.036511427213396994,0.09823729628992935
3079,0.1608014967602691,0.02874782724085753,-0.21156667837580947,-0.02874782724085753,0.0915436873343509
3080,0.15788572538602455,0.00030171765278139715,-0.21174866286812286,-0.00030171765278139715,0.07159068798064737
3081,0.15620525324133772,-0.05848653293856852,-0.2614602538458772,0.05848653293856852,0.02068034172671577
3082,0.15897664829183705,-0.0767262243230762,-0.279745686934387,0.0767262243230762,0.0023476668255566673
3083,0.16111048800037345,-0.050584574758897244,-0.2603879462409841,0.050584574758897244,0.026201249958873244
3084,0.15919255936980853,-0.05090394580166148,-0.2507641887098852,0.05090394580166148,0.027690997115920307
3085,0.15291331257787283,-0.09570989355853525,-0.29205965084542757,0.09570989355853525,-0.015494383285738657
3086,0.16065039667095152,-0.057857807031469845,-0.27614062030918934,0.057857807031469845,0.01985452538260469
3087,0.15497525845627808,-0.06152385825482286,-0.27393184298947315,0.06152385825482286,0.014672559252159453
3088,0.14885151959875123,-0.08201043842216736,-0.26478303575174295,0.08201043842216736,0.0003512788068580868
3089,0.15871415952790766,-0.0744317379441529,-0.2735484614699579,0.0744317379441529,0.005425923992611979
3090,0.15746417811395988,-0.0441357552103141,-0.2683080306251589,0.0441357552103141,0.029644905032323247
3091,0.15765053539212073,-0.019697074250976436,-0.2540178371533842,0.019697074250976436,0.04651926927037524
3092,0.16720750429612397,-0.014660609173998194,-0.298241471938468,0.014660609173998194,0.043208042246642195
3093,0.16204991613161202,-0.031413144956021065,-0.33329518106883843,0.031413144956021065,0.029243505014396074
3094,0.160257050784682,-0.023104032961436136,-0.3533126209792053,0.023104032961436136,0.039134362578369046
3095,0.1532411352468168,-0.03455564507265227,-0.2580989762836467,0.03455564507265227,0.037874413439611974
3096,0.16167191858289862,0.003157307245254005,-0.24084658241000645,-0.003157307245254005,0.06936191324823301
3097,0.1505913029919679,-0.07165970617143282,-0.3083413323492712,0.07165970617143282,0.001614934496688258
3098,0.14698455335187877,-0.015366972197906194,-0.340058189389573,0.015366972197906194,0.039178279785596674
3099,0.18165784515132483,-0.0011980626665935822,-0.37974747021065997,0.0011980626665935822,0.05842272701021871
3100,0.16796424657629605,-0.015784860874504994,-0.3116734426919061,0.015784860874504994,0.05158651617367734
3101,0.15485492984206928,0.006566632880689431,-0.29738778725488074,-0.006566632880689431,0.0668668540995845
3102,0.13787125238845474,0.08881568302360156,-0.37576112850142224,-0.08881568302360156,0.11207670915652834
3103,0.1320999267993745,0.0562118149127926,-0.3988261593100451,-0.0562118149127926,0.08622190199530079
3104,0.13115261212323184,0.05997894185815332,-0.39479985155339314,-0.05997894185815332,0.08932770077125585
3105,0.12567948908991233,0.03864884400216522,-0.3692901530697106,-0.03864884400216522,0.07793092478730927
3106,0.12248420419753538,0.0752111835682883,-0.3907779326537938,-0.0752111835682883,0.09662030993741824
3107,0.12563858019512578,0.04250060348984757,-0.3849482718885106,-0.04250060348984757,0.0727928842794518
3108,0.17461118473807652,-0.06402754868944696,-0.33394920368113884,0.06402754868944696,-0.00035966933070973793
3109,0.15790687231180225,-0.12088408177783969,-0.31102293971186135,0.12088408177783969,-0.039517750913276764
3110,0.1472149526930015,-0.14990496536473547,-0.2896394518981236,0.14990496536473547,-0.0609007839621241
3111,0.14911731141727472,-0.13082926249712595,-0.29252005648164187,0.13082926249712595,-0.04761720791503334
3112,0.14857125343850533,-0.11976544159919035,-0.2663132045104396,0.11976544159919035,-0.03457523492425183
3113,0.15206731139828072,-0.1256265887792267,-0.26461871761970385,0.1256265887792267,-0.03940762584426037
3114,0.15486238433325814,-0.11719069728677263,-0.26380030831927537,0.11719069728677263,-0.03393552160061716
3115,0.15408979708961007,-0.1277912871460993,-0.2839474608429231,0.1277912871460993,-0.04607685538623367
3116,0.15592879221185574,-0.14988875525354828,-0.29936435909371223,0.14988875525354828,-0.06773560713207231
3117,0.15091505576754666,-0.13974818195862787,-0.287813570254967,0.13974818195862787,-0.05723852974619172
3118,0.15640759845917257,-0.1187860950969851,-0.2733064644409028,0.1187860950969851,-0.036206338807128244
3119,0.1577934383543371,-0.06400653057536662,-0.2664048541830841,0.06400653057536662,0.006620589054736134
3120,0.14230536719637665,-0.08318082475211648,-0.2651488483565848,0.08318082475211648,-0.008132899388059832
3121,0.11356199286824747,-0.15436160966195409,-0.21690700036966284,0.15436160966195409,-0.07331591893510721
3122,0.12238280838336917,-0.1736787002016273,-0.19852720968204132,0.1736787002016273,-0.07874433990615239
3123,0.15821879780301626,-0.1203049972405716,-0.3053629127288174,0.1203049972405716,-0.050501513588931964
3124,0.16056217949318205,-0.05693308950638992,-0.3041656333018438,0.05693308950638992,0.00901830765503307
3125,0.16999303133871152,-0.07514315718559579,-0.3346381618789358,0.07514315718559579,-0.0104926580330638
3126,0.17218971869787025,-0.06568337895760584,-0.31862405271780525,0.06568337895760584,0.0020159337813660913
3127,0.16456642945524547,-0.03924487422300446,-0.24126793491552986,0.03924487422300446,0.03107693680252641
3128,0.16116390673357026,-0.0018527935581574774,-0.20223494625443858,0.0018527935581574774,0.06254779080244127
3129,0.17437264787952045,-0.06073339137318154,-0.2784531513636085,0.06073339137318154,0.006405993036553805
3130,0.15893445905203787,-0.03140689381002795,-0.213655949524785,0.03140689381002795,0.03977901646142091
3131,0.1583609608751011,-0.025463320808515263,-0.214007505304345,0.025463320808515263,0.04482428999608486
3132,0.15303540505825833,-0.03006627126864829,-0.22283015188316704,0.03006627126864829,0.04089798592790124
3133,0.1633935933857382,-0.012789399069174935,-0.22898254923860098,0.012789399069174935,0.05545038035411853
3134,0.1673706522891981,-0.002912855978642613,-0.22491119012178887,0.002912855978642613,0.06297553916978439
3135,0.17205119644127367,-0.008102340705585371,-0.249814012993889,0.008102340705585371,0.05596710834220334
3136,0.16220522490319808,-0.04533990670695167,-0.2518816045228226,0.04533990670695167,0.028030635640888563
3137,0.17430978887697302,0.0407398879252775,-0.28913857704566215,-0.0407398879252775,0.08834144329879953
3138,0.158655923285823,0.031832295031120734,-0.27861419375740043,-0.031832295031120734,0.08388559535334933
3139,0.17068279559052943,0.014923872687084458,-0.27716496851286576,-0.014923872687084458,0.07344374049594565
3140,0.18016971743350849,0.023819568370832912,-0.283484773803916,-0.023819568370832912,0.08004436121887627
3141,0.18601887065020667,0.1131569273484758,-0.3451610173828941,-0.1131569273484758,0.15475355605830624
3142,0.19382376459558467,0.060904416068198616,-0.3569414950271451,-0.060904416068198616,0.11927069207575404
3143,0.1918379105561246,0.05827437111320789,-0.34716830142642285,-0.05827437111320789,0.11844088112330042
3144,0.20700698080651192,0.07592125108863983,-0.35354580576405015,-0.07592125108863983,0.1334029792098055
3145,0.1991787904467838,0.07982164436659193,-0.3537080504180301,-0.07982164436659193,0.133509400320438
3146,0.1908447565439813,0.03946813134358089,-0.33748109988233993,-0.03946813134358089,0.10488910981676243
3147,0.203084618052891,0.05841245513679619,-0.35375056793038756,-0.05841245513679619,0.11755004376636728
3148,0.20365538461600344,0.047154149877751676,-0.3520757551283213,-0.047154149877751676,0.10905376388357899
3149,0.20287545491294412,0.032343303425847444,-0.3613044392811117,-0.032343303425847444,0.09691035731921524
3150,0.21009872964305826,0.06288863405232882,-0.3393586408424295,-0.06288863405232882,0.12573379005808405
3151,0.19853590655182826,0.04819741497544115,-0.33296468921500766,-0.04819741497544115,0.11381079048447575
3152,0.18902838260036917,0.034564007375853516,-0.2953086649230643,-0.034564007375853516,0.10548024490170507
3153,0.1912235508226317,0.0357804247977076,-0.3005154831241085,-0.0357804247977076,0.10459278055146141
3154,0.19741701583275184,0.032261551625924714,-0.3413896818787935,-0.032261551625924714,0.09922988258146571
3155,0.19438576705809266,0.045903688861502076,-0.34908215562459555,-0.045903688861502076,0.11029345691311178
3156,0.1910774265092128,0.04558429238703201,-0.35340317470730087,-0.04558429238703201,0.10608365566597512
3157,0.18726208470892305,0.006990649598902521,-0.34243503437052164,-0.006990649598902521,0.07380111250175596
3158,0.1821524629148584,-0.010985933888569277,-0.3215826334242005,0.010985933888569277,0.061401526331437827
3159,0.18305017736571738,-0.0036154828441398628,-0.295485042274419,0.0036154828441398628,0.06596934261087498
3160,0.19549714744189442,0.021288276477717773,-0.2744221298114588,-0.021288276477717773,0.0850513430213147
3161,0.1728213311134006,0.008337375744923128,-0.242667405702751,-0.008337375744923128,0.08785700553546448
3162,0.17287040794172873,0.022509865719869078,-0.2365001872124927,-0.022509865719869078,0.09973218577779779
3163,0.15216548831015445,-0.005849289989901242,-0.2104336119098003,0.005849289989901242,0.0796277679956511
3164,0.15414352274872384,-0.0006542704263148665,-0.21342130362286216,0.0006542704263148665,0.08363907974992413
3165,0.13942088732909189,-0.07423642486080538,-0.26542560025503054,0.07423642486080538,0.017127146143397182
3166,0.17247741555511523,0.01776292766225358,-0.23205249014422932,-0.01776292766225358,0.09483780869981803
3167,0.1716405171303731,0.025293576481295158,-0.2089345385797271,-0.025293576481295158,0.1010199453046368
3168,0.17153577736267672,0.028191246780108842,-0.20955486591081995,-0.028191246780108842,0.10085339098839521
3169,0.17193067190706604,0.03063559359204489,-0.21137826478727154,-0.03063559359204489,0.10097982051658799
3170,0.17365927713930215,0.02413647373986536,-0.21830899536567164,-0.02413647373986536,0.09524430053470329
3171,0.1647073506393447,0.02674420265447218,-0.19484952820543766,-0.02674420265447218,0.09859022018393382
3172,0.16922322456020528,0.02583744629086668,-0.21149413500098485,-0.02583744629086668,0.09592667366936872
3173,0.17267860170647722,0.016387451419269623,-0.2484605070945377,-0.016387451419269623,0.08389180454972264
3174,0.16140726925220764,-0.0328971919316003,-0.26772626626244517,0.0328971919316003,0.0413039039480507
3175,0.15617157791218778,-0.042293477992751745,-0.2394936717677674,0.042293477992751745,0.03755407554376988
3176,0.1585269123889907,-0.032883432248672656,-0.24544242044074763,0.032883432248672656,0.04070509928068899
3177,0.15765049529671546,-0.04074983438439038,-0.2501410245842618,0.04074983438439038,0.03305442793800222
3178,0.15405685947257294,-0.07433273483432493,-0.2944954831853266,0.07433273483432493,0.0019177969240860811
3179,0.15495800817146005,-0.09087265223540629,-0.2713331308584683,0.09087265223540629,-0.0076969062008575
3180,0.15678872404572314,-0.0737751000747793,-0.2559285314190292,0.0737751000747793,0.009531212585608797
3181,0.16240748786551484,-0.06217738889369744,-0.24661235452372907,0.06217738889369744,0.015564901820840154
3182,0.1651222148329738,0.01845403692440742,-0.21716720103978798,-0.01845403692440742,0.08075894630023014
3183,0.16070405034358884,-0.03758934806799119,-0.2438139977570944,0.03758934806799119,0.03749925296279187
3184,0.16750860890463065,-0.04444761946801063,-0.2827552809779735,0.04444761946801063,0.02900311399433111
3185,0.15516123003573662,-0.05784130910570701,-0.25173559473035534,0.05784130910570701,0.020481560069914487
3186,0.16049507221299567,-0.012280050147918761,-0.23308074545222385,0.012280050147918761,0.05731024102778294
3187,0.15665313626761398,-0.03350033663844912,-0.2694985330942621,0.03350033663844912,0.033365479598166284
3188,0.16795318540923238,0.01069928585361237,-0.28221946929612535,-0.01069928585361237,0.05729875308042994
3189,0.1550982290229202,-0.07134970178692848,-0.3303761584509406,0.07134970178692848,-0.006059378897327956
3190,0.15011818342583158,-0.04925453730306015,-0.25441366259316467,0.04925453730306015,0.023353417700691013
3191,0.16026138532078463,-0.04904697461225601,-0.2516323295739964,0.04904697461225601,0.02934693433839089
3192,0.15397404508531545,-0.0869024506971898,-0.28295151140536556,0.0869024506971898,-0.004395858194902871
3193,0.16859484746821618,-0.011118109613214768,-0.250233878998696,0.011118109613214768,0.059532862040489604
3194,0.16251821144070033,-0.04024220408017046,-0.325858796979133,0.04024220408017046,0.02599860973738287
3195,0.16062793724009367,-0.04310168185901279,-0.34334837007452923,0.04310168185901279,0.023552849979290816
3196,0.16608411382308907,-0.0014145096417061838,-0.324421098256278,0.0014145096417061838,0.0601065988262701
3197,0.13706302551794589,0.08050235501942844,-0.38944156633189975,-0.08050235501942844,0.10652830279934697
3198,0.12300894265685602,0.09392135107318252,-0.39334306192990415,-0.09392135107318252,0.11143513130098413
3199,0.12487846753049911,0.029850411925921052,-0.3624280844124827,-0.029850411925921052,0.06814643323618458
3200,0.1166010355958403,0.06010512421752583,-0.3788028561368834,-0.06010512421752583,0.08514981640143389
3201,0.11732109797453873,0.04842263946836541,-0.3744147335923484,-0.04842263946836541,0.07783656509637431
3202,0.12768327907475172,0.019071585353244568,-0.37732837687284215,-0.019071585353244568,0.06047876303316508
3203,0.13206819789341423,0.010768632153149308,-0.3453288763252489,-0.010768632153149308,0.0554438181523558
3204,0.14722310564273772,-0.12580939826252938,-0.2991234743830304,0.12580939826252938,-0.045153331575115856
3205,0.15299860532296886,-0.1263259117439044,-0.29017057385576983,0.1263259117439044,-0.043352681829302527
3206,0.15320136553186794,-0.09701500651054988,-0.2557692542368562,0.09701500651054988,-0.013146214840728436
3207,0.1531496813511938,-0.11670113490733185,-0.2717806349748341,0.11670113490733185,-0.03224912479450591
3208,0.14868847609510133,-0.12019113338582627,-0.2691986803359275,0.12019113338582627,-0.03614345251135892
3209,0.1450374950504991,-0.11078791978838863,-0.24086831576332432,0.11078791978838863,-0.02433164938929338
3210,0.14417242014287016,-0.09380606003384002,-0.2503737897541492,0.09380606003384002,-0.012655864860117286
3211,0.1663580541992008,-0.10323194177111457,-0.3022980047119105,0.10323194177111457,-0.02533577956408009
3212,0.15037933374865464,-0.11677028596737153,-0.26976939592752053,0.11677028596737153,-0.03483529776992097
3213,0.15368763722133622,-0.09733849332606086,-0.2720417537896455,0.09733849332606086,-0.020780701878860927
3214,0.15011016440335923,-0.10497796276927614,-0.24448068737754342,0.10497796276927614,-0.02119344041153404
3215,0.13952470192066632,-0.09242513650416716,-0.259046927446471,0.09242513650416716,-0.013798390581898662
3216,0.13027171065021587,-0.1533651089011005,-0.25729265568974335,0.1533651089011005,-0.06792026409661903
3217,0.10292615468980207,-0.1279668243522825,-0.0947860877387963,0.1279668243522825,-0.03102590434661049
3218,0.15807955473006421,-0.10094912051690179,-0.3268375639443498,0.10094912051690179,-0.028653410733715273
3219,0.1562130134574882,-0.16066816864763392,-0.33963969515992615,0.16066816864763392,-0.0838327433368878
3220,0.14549216280021807,-0.13290777169453644,-0.3143218276084763,0.13290777169453644,-0.053420631574408815
3221,0.14488129484244425,-0.07021298114518698,-0.26588574857857944,0.07021298114518698,0.0019842949391312248
3222,0.16532841081168365,-0.005227640902014803,-0.20255449600678688,0.005227640902014803,0.0579546605826089
3223,0.16508306940183443,-0.013873834497492377,-0.21354186002614475,0.013873834497492377,0.05212162307371842
3224,0.16603007277960402,-0.017696101154099614,-0.23442672901235836,0.017696101154099614,0.04760476783984712
3225,0.1705032322537772,0.022933266313046145,-0.1887092608025569,-0.022933266313046145,0.08247103326677639
3226,0.17305656689902102,0.01742890966827524,-0.19713772541325755,-0.01742890966827524,0.07837261351787747
3227,0.1659649786983398,0.0009303508240599551,-0.20647799756402543,-0.0009303508240599551,0.06600807938549426
3228,0.16229746256589048,-0.059835816101718224,-0.2396519217165,0.059835816101718224,0.017468164794667645
3229,0.15023121722165927,-0.07416178229512127,-0.2544925427815216,0.07416178229512127,0.005251427738525487
3230,0.153756461618966,-0.011244467325998158,-0.2502313319295373,0.011244467325998158,0.054089879603041756
3231,0.14717943816243198,0.0010860110480457028,-0.22279723589524397,-0.0010860110480457028,0.06502295246360981
3232,0.1712359465815066,0.04479457043339475,-0.2588549060113976,-0.04479457043339475,0.09312089154896225
3233,0.16736588808672392,0.06523064807629034,-0.2890217084036977,-0.06523064807629034,0.1047774844074552
3234,0.15677630349835847,-0.009411929347282999,-0.2646086906294829,0.009411929347282999,0.05608522302026895
3235,0.20972006510057054,0.07407278892606652,-0.34254520804003247,-0.07407278892606652,0.1340477487512462
3236,0.19441850503337893,0.03596007701674307,-0.3453910952753477,-0.03596007701674307,0.10071744116206036
3237,0.18195881662598212,0.006390708654565713,-0.3396766377898966,-0.006390708654565713,0.07685952601466396
3238,0.19350187648931846,0.020780045281963814,-0.3039042085259831,-0.020780045281963814,0.09422929422821862
3239,0.19061361482899605,0.008312804624057262,-0.3039272379338945,-0.008312804624057262,0.08271072660816634
3240,0.19402013725338305,0.026264427528533384,-0.3079245182487429,-0.026264427528533384,0.0969380689560235
3241,0.19542828827811468,0.04744952277288768,-0.3336443356779481,-0.04744952277288768,0.11200563115746422
3242,0.2003125462939234,0.07047031147245189,-0.35083276413431386,-0.07047031147245189,0.12782372834238312
3243,0.19154792058072934,0.04498030831366501,-0.340523368681926,-0.04498030831366501,0.10430785781030455
3244,0.1908428933127977,0.02159344864792572,-0.3494771315944698,-0.02159344864792572,0.08696066502243237
3245,0.1959372984662294,-0.0002538835623934773,-0.3451960410953542,0.0002538835623934773,0.06564287010323176
3246,0.1808902183081932,0.004557210596437697,-0.301801868443249,-0.004557210596437697,0.07728695932538963
3247,0.1762698020654772,0.017640601614887425,-0.2744210950990114,-0.017640601614887425,0.09122972356088001
3248,0.181322922356183,0.02008388151307807,-0.24711850512992076,-0.02008388151307807,0.09635126376729349
3249,0.18787857489856674,0.029863058455954244,-0.2690217862331514,-0.029863058455954244,0.10169368115109907
3250,0.1802246747142463,0.03391573237387763,-0.24446325221428294,-0.03391573237387763,0.10793598049503747
3251,0.17248967787194958,0.029533387482925832,-0.23479734101777883,-0.029533387482925832,0.10351196848817401
3252,0.1452905794403036,-0.03142178207718404,-0.2145856405218024,0.03142178207718404,0.05816296583056591
3253,0.16820028714352264,-0.027715458681072478,-0.25403661500326674,0.027715458681072478,0.05437498954907593
3254,0.1672830650179763,0.016663178247667977,-0.22640599715105067,-0.016663178247667977,0.09224253616641949
3255,0.17021900460239792,0.027929414160964592,-0.20921029636154312,-0.027929414160964592,0.1004945413666949
3256,0.17064310155036727,0.03490273286162639,-0.21495359586086246,-0.03490273286162639,0.10391467891078485
3257,0.17088459947257015,0.03149769590138929,-0.2215821164774716,-0.03149769590138929,0.10147512268466559
3258,0.1746000541302244,0.032025582983973164,-0.2239418141985726,-0.032025582983973164,0.09747501317284847
3259,0.18131696101340816,0.039141681801779966,-0.24098845243378078,-0.039141681801779966,0.09932651509960205
3260,0.17251463743592424,0.005176829194375382,-0.27239222352316234,-0.005176829194375382,0.07067177303383264
3261,0.1607158133332386,-0.03838273732787673,-0.2776930099566921,0.03838273732787673,0.03356417697496005
3262,0.16148220483242745,-0.0513563017404727,-0.265194595007807,0.0513563017404727,0.026479182127217164
3263,0.1657080500438458,-0.04447941202911352,-0.27238163543338884,0.04447941202911352,0.028611306159651354
3264,0.16109407833600733,-0.05536205300323529,-0.26524282665999865,0.05536205300323529,0.021166859916944253
3265,0.15069028723924557,-0.03802112118395164,-0.2309620633809438,0.03802112118395164,0.039150346773994524
3266,0.15815181975032935,-0.04027071833319206,-0.22990698784837912,0.04027071833319206,0.03537597420614218
3267,0.15584591053485147,-0.05618253448736343,-0.25019663289672717,0.05618253448736343,0.02201089955473358
3268,0.15723738953226238,-0.07346723693012329,-0.2663194925937741,0.07346723693012329,0.0055717983466246415
3269,0.16395573984963344,0.014107710281419942,-0.2153314756089192,-0.014107710281419942,0.07798274920287747
3270,0.1666624149786107,-0.04060444304113027,-0.2690612300745734,0.04060444304113027,0.03245665320917248
3271,0.16846362623404504,-0.030784767172816904,-0.30382075100852146,0.030784767172816904,0.03468271341733575
3272,0.16078201009794355,-0.05303102006645909,-0.29006702523799976,0.05303102006645909,0.01568586193238108
3273,0.15757856333773887,-0.06980237015030678,-0.2781335612223255,0.06980237015030678,0.007225345969081304
3274,0.15828586791658567,-0.07445063119115242,-0.26663202259274965,0.07445063119115242,0.005872537172495744
3275,0.15998639402618922,-0.02768500441495734,-0.2834633238959402,0.02768500441495734,0.03104171736319328
3276,0.15848730608209927,-0.02311409677864207,-0.2666876960937208,0.02311409677864207,0.036182461885167376
3277,0.16063443848680195,-0.010572651725043103,-0.2474576407521166,0.010572651725043103,0.053558632549837094
3278,0.153753803317835,-0.04222936030417274,-0.24093574037438029,0.04222936030417274,0.03417447802402284
3279,0.15292920656179246,-0.03595446346752133,-0.23910310338496518,0.03595446346752133,0.04173218271565635
3280,0.1667351202883552,-0.02841235641745237,-0.2686972934139024,0.02841235641745237,0.044934288520895496
3281,0.16522615019579356,-0.04025404614445989,-0.33487982366874985,0.04025404614445989,0.023171233057607023
3282,0.19634407737714696,0.06419795724195755,-0.36274340134067823,-0.06419795724195755,0.12274081254138089
3283,0.17992896656705776,-0.012982641314953892,-0.33473071545128047,0.012982641314953892,0.05763348778426968
3284,0.1573087740671236,-0.056620543292563934,-0.33439408690868705,0.056620543292563934,0.014269850048364825
3285,0.13965524810373303,-0.05547174999686565,-0.3331321379019465,0.05547174999686565,0.011266936120413705
3286,0.13853947855784537,-0.06588675156422077,-0.3040564295119134,0.06588675156422077,0.008196052100587277
3287,0.14863374946262364,-0.05197446509667863,-0.3013218618901437,0.05197446509667863,0.01946511015285926
3288,0.13445615102025735,-0.027059566252326764,-0.3460292895315831,0.027059566252326764,0.02552984813409872
3289,0.12428229072859101,-0.02551484256878588,-0.3435561330646374,0.02551484256878588,0.02816066556562587
3290,0.13460214078257976,0.017932032649483204,-0.3540641224578219,-0.017932032649483204,0.061439681438493356
3291,0.14043907985492157,-0.06125829609207966,-0.3312976910922592,0.06125829609207966,0.0028623917390263754
3292,0.15151519931773605,-0.10846533046622943,-0.29223796584323275,0.10846533046622943,-0.0271398997912971
3293,0.14789090628710927,-0.08905798707415405,-0.26468194012883,0.08905798707415405,-0.008984542222118717
3294,0.1549409619471208,-0.11728891836361158,-0.277860207685358,0.11728891836361158,-0.03467923261400202
3295,0.1535612734680901,-0.07523491157376783,-0.24683506377126438,0.07523491157376783,0.003193540554278154
3296,0.15361531637312006,-0.07160973375058036,-0.2414136087548339,0.07160973375058036,0.007186873047705166
3297,0.1461053899965215,-0.0668529757248393,-0.23976164998959312,0.0668529757248393,0.008713981102539212
3298,0.1558877122460288,-0.0625082596303048,-0.2627410332306044,0.0625082596303048,0.010933447351529563
3299,0.15230252182571927,-0.09043369706341728,-0.2686899283290517,0.09043369706341728,-0.013436896505923487
3300,0.1550854698242658,-0.12837467416189602,-0.282103103395542,0.12837467416189602,-0.04547758111692318
3301,0.15768971141236643,-0.10443828122806716,-0.29084599479445206,0.10443828122806716,-0.028256641644397403
3302,0.16590240618218413,-0.07423245876695982,-0.2735522293941404,0.07423245876695982,0.0003084770794173997
3303,0.17295554470125332,-0.09564639391482113,-0.27507382378430634,0.09564639391482113,-0.0166842389617979
3304,0.10894907032484881,-0.2242707433899256,-0.1463642627761579,0.2242707433899256,-0.12060961065125614
3305,0.13471447686072488,-0.18783693643085406,-0.2542940044724375,0.18783693643085406,-0.10025004299996756
3306,0.1712800194900269,-0.045144060912474866,-0.35313083431867354,0.045144060912474866,0.018830587556993565
3307,0.16283362968405632,-0.05243352944450831,-0.31605561407655575,0.05243352944450831,0.015674526425507148
3308,0.16448801678233332,0.0030014670555758953,-0.19517727906578958,-0.0030014670555758953,0.06513319168746327
3309,0.16780059566607491,0.015462501359668942,-0.19067103239754424,-0.015462501359668942,0.0710834443908735
3310,0.16733915796849558,0.0031089268788166875,-0.201469111639096,-0.0031089268788166875,0.06472219387901688
3311,0.16815207200301738,-0.07234359914979903,-0.24895338517162896,0.07234359914979903,0.004682382116571467
3312,0.16693739810380012,-0.03484873430828198,-0.23032083244500676,0.03484873430828198,0.03433362870296531
3313,0.1744155119622607,-0.01612891183649585,-0.22524254518858894,0.01612891183649585,0.051524802048355425
3314,0.1607828716512217,-0.06468409321130739,-0.23054826583926646,0.06468409321130739,0.014891016618111728
3315,0.16143578064540198,-0.062022711636506814,-0.23729743671133202,0.062022711636506814,0.016225481928649713
3316,0.1637682313608841,-0.04396974261037678,-0.24989601385482166,0.04396974261037678,0.026911680217344504
3317,0.16118830425983938,-0.00922575946555258,-0.26156992562595494,0.00922575946555258,0.052452298053776644
3318,0.17489249428701784,0.017045624591220512,-0.233998127024144,-0.017045624591220512,0.07587897769776593
3319,0.18923469309546506,0.04077941234428681,-0.268560899299255,-0.04077941234428681,0.09157241944774816
3320,0.15205360924573472,-0.019495387128512794,-0.24988978099603032,0.019495387128512794,0.04595206750401743
3321,0.21188848018500434,0.06497148524873571,-0.3509157434348577,-0.06497148524873571,0.13008286331830993
3322,0.20835910100526014,0.06917498522051681,-0.34263672899066067,-0.06917498522051681,0.13078176137857714
3323,0.19606654720943473,0.05190938603773104,-0.3526203339686857,-0.05190938603773104,0.11318107088252687
3324,0.18370990463675801,0.024535110428431987,-0.37789780326681943,-0.024535110428431987,0.08779831347512923
3325,0.17652209979103295,0.0008354457939819429,-0.33656316239038175,-0.0008354457939819429,0.07282586414252185
3326,0.19318591480086206,0.031589411343153594,-0.2917947156782091,-0.031589411343153594,0.10264410252893642
3327,0.19867378806028288,0.044903391684949064,-0.3302937230999215,-0.044903391684949064,0.1112731897091933
3328,0.20225456237354333,0.07767913696736643,-0.3426764393104029,-0.07767913696736643,0.13472913865479566
3329,0.19045924105469303,0.05224474013278365,-0.34648704333267,-0.05224474013278365,0.11259905965720929
3330,0.18264306941139333,0.021107704020989267,-0.32232642886507407,-0.021107704020989267,0.08746144952937301
3331,0.19055937632969988,0.028936200004290456,-0.33225868071703024,-0.028936200004290456,0.09403259874971824
3332,0.19560659285995402,0.03141319278377979,-0.3510809075670126,-0.03141319278377979,0.09551615224798754
3333,0.18169681899379916,-0.02925335396858656,-0.3510001500886271,0.02925335396858656,0.0449295313980466
3334,0.17516674815738867,-0.037246107433290494,-0.3234986082128642,0.037246107433290494,0.04010711003509087
3335,0.16279864702634347,-0.06385751314922956,-0.3330386023848987,0.06385751314922956,0.015582658237764916
3336,0.185075073241445,0.0016102764372199437,-0.3068505090330373,-0.0016102764372199437,0.0766927635350713
3337,0.18666293482345458,0.031404882389096646,-0.2808289452148013,-0.031404882389096646,0.10040804564101544
3338,0.18021556562599653,0.013625788468254237,-0.2744395947620763,-0.013625788468254237,0.08788033509036917
3339,0.15224038503120618,-0.020438873567565057,-0.23596561122578472,0.020438873567565057,0.06471337566722085
3340,0.15674961292023654,-0.02048552597710763,-0.23149029034915847,0.02048552597710763,0.06240371096350948
3341,0.1681035578163116,0.03161734680275003,-0.21495383770036058,-0.03161734680275003,0.10424739152047793
3342,0.1665743588861064,0.035066424074414335,-0.21030725330217062,-0.035066424074414335,0.10555619336676747
3343,0.1712760721900542,0.03680890347295254,-0.22525962388210374,-0.03680890347295254,0.10283124704850102
3344,0.17499579747723515,0.030448912640286947,-0.22567800536551902,-0.030448912640286947,0.09933623429588032
3345,0.17578447581508977,0.027561713733143468,-0.22829032592410187,-0.027561713733143468,0.09558248641559261
3346,0.17065118409919167,-0.012942377333497746,-0.27307007702866126,0.012942377333497746,0.0586156386506158
3347,0.16384439156623257,-0.022580233153811514,-0.23961038902952336,0.022580233153811514,0.054715052150359655
3348,0.15833108901631612,-0.048966912871014526,-0.252622310064078,0.048966912871014526,0.03173042758658913
3349,0.15704919621440777,-0.06590055605449917,-0.25446621914540274,0.06590055605449917,0.016163558382411965
3350,0.16012377584075058,-0.0459023327174055,-0.25052736255376484,0.0459023327174055,0.03139749411350464
3351,0.15988512946202,-0.054854131313165265,-0.27026242487469204,0.054854131313165265,0.024052865535516735
3352,0.15816445604897778,-0.016663759323944417,-0.2284742081561297,0.016663759323944417,0.05455637022071305
3353,0.16422875798744366,0.02951114021386288,-0.19618084088116183,-0.02951114021386288,0.09183899647641985
3354,0.15598385272376836,0.0007275754194774697,-0.21307782141976794,-0.0007275754194774697,0.06947511572529967
3355,0.14912136248948493,-0.027783984551658897,-0.22624864516220966,0.027783984551658897,0.04477782872387166
3356,0.1499923221952799,-0.0336830089443503,-0.2251421208517375,0.0336830089443503,0.04106401491550022
3357,0.15785407924784356,-0.017269353007985985,-0.22889426866989643,0.017269353007985985,0.054774719452497934
3358,0.15660101720574443,-0.021701298124869015,-0.23339045999003918,0.021701298124869015,0.05027697007204251
3359,0.1586780322625094,-0.0217030329183311,-0.239569682831097,0.0217030329183311,0.048794749671941764
3360,0.15103299840092466,-0.07095947509037952,-0.25600910574096075,0.07095947509037952,0.008984998903564767
3361,0.15255377015873545,-0.049882464672651484,-0.24260214180945452,0.049882464672651484,0.027821550701631274
3362,0.15469000680525916,-0.08435400178253885,-0.2884383043577681,0.08435400178253885,-0.0064804489761966936
3363,0.1436142672320823,-0.03975890737927937,-0.2565183019172683,0.03975890737927937,0.02811805524844599
3364,0.1658651977891875,0.012697780385951173,-0.277654931862756,-0.012697780385951173,0.06577703193891364
3365,0.15938337800077207,-0.01975990875707703,-0.259291635288174,0.01975990875707703,0.04505255508641565
3366,0.15571013392883123,-0.009432782136245087,-0.2625888793005705,0.009432782136245087,0.059477258048842734
3367,0.18210848445142766,0.01173486839349439,-0.3221893688189126,-0.01173486839349439,0.07769126127290012
3368,0.19764964900207863,0.029900158944503923,-0.35058394458763287,-0.029900158944503923,0.09674278686385665
3369,0.18822982740254732,0.00945963702743374,-0.3438521334035401,-0.00945963702743374,0.07316814702172796
3370,0.1682351194378749,-0.05422397059932522,-0.3349547501999811,0.05422397059932522,0.016540312178650336
3371,0.15257758301651575,-0.11056943848690327,-0.3305366121967484,0.11056943848690327,-0.03293071268912957
3372,0.15483224685842267,-0.09206564730467347,-0.32832654998412153,0.09206564730467347,-0.016625522661744708
3373,0.14989843687060342,-0.08399895878726367,-0.3171194863713098,0.08399895878726367,-0.005216837618563248
3374,0.15220733782327842,-0.05924841414327158,-0.2545794602839673,0.05924841414327158,0.020731518337617227
3375,0.15061071480336874,-0.03840140060363066,-0.24780073954171758,0.03840140060363066,0.03384176757488599
3376,0.13467187624092494,-0.05907303002905076,-0.3125558273804015,0.05907303002905076,0.00512659009407778
3377,0.13467112388763658,-0.01913756928843402,-0.3525088165981073,0.01913756928843402,0.032223898966117444
3378,0.1423257008126229,0.05145942466980528,-0.3659971951556657,-0.05145942466980528,0.08345248900291484
3379,0.14893661081557708,-0.07748453630302571,-0.2910869001218559,0.07748453630302571,-0.0037059509551071925
3380,0.15020317408903563,-0.1131270910148894,-0.28212229000310385,0.1131270910148894,-0.031580469230600434
3381,0.16098187832705854,-0.07776964006789673,-0.2735554713599246,0.07776964006789673,-0.004001439560210856
3382,0.15931583944314479,-0.08526081913508912,-0.2724492111563474,0.08526081913508912,-0.011239800468615502
3383,0.14745848211100712,-0.07108446977735085,-0.24705788359082,0.07108446977735085,0.0033817304754796117
3384,0.1523636302655273,-0.08916151619225718,-0.25812241486535104,0.08916151619225718,-0.009506345917742352
3385,0.15441985631000846,-0.11693136151154035,-0.2782190755125948,0.11693136151154035,-0.035781570366275425
3386,0.155860670802065,-0.08819243836155556,-0.27471296096020065,0.08819243836155556,-0.012005811611323813
3387,0.16300391814254847,-0.09710267735595751,-0.2846692420908963,0.09710267735595751,-0.021114835956300416
3388,0.16906601358296375,-0.08344537170324613,-0.31375978151004014,0.08344537170324613,-0.012213726847603221
3389,0.1550241896691265,-0.09705342340400358,-0.30727314479275386,0.09705342340400358,-0.022245522849002563
3390,0.15545732099107715,-0.09033013888863418,-0.2794162928521822,0.09033013888863418,-0.012812502392040046
3391,0.14081687787749242,-0.1048516033388543,-0.3069137042526673,0.1048516033388543,-0.035711155513135695
3392,0.112006813382937,-0.19663998993546444,-0.15718977870839201,0.19663998993546444,-0.10361734680809816
3393,0.17659156349307223,-0.0513719564289966,-0.36653130365403835,0.0513719564289966,0.01302801855151348
3394,0.16830106550027757,-0.04083738484686248,-0.2580416114520085,0.04083738484686248,0.0298349759975686
3395,0.17055948084821054,0.019470928261490716,-0.18935571908561957,-0.019470928261490716,0.07790536485424103
3396,0.17182299528983927,0.014115731339463913,-0.19590285812634448,-0.014115731339463913,0.07321404249912147
3397,0.17073748808921063,0.015968182107727002,-0.19746319848223967,-0.015968182107727002,0.07411292369532847
3398,0.17570077772145964,-0.03751251527890993,-0.22602589365232864,0.03751251527890993,0.029617502391706543
3399,0.16752331692444458,-0.06759169176405501,-0.2531210157600289,0.06759169176405501,0.007208066944208637
3400,0.1669224264836822,-0.059144741439299556,-0.24364704316166602,0.059144741439299556,0.01651399207991238
3401,0.16361655231368855,-0.06061428343433507,-0.23966384306433652,0.06061428343433507,0.01707062085189031
3402,0.1528589813013064,-0.040361196664821186,-0.2352879550416859,0.040361196664821186,0.028968081899529426
3403,0.15188964736845123,-0.0443971391271197,-0.2415494272367802,0.0443971391271197,0.028411229862652144
3404,0.14584378427425534,-0.017652800059178277,-0.2470023345715497,0.017652800059178277,0.04125141278499311
3405,0.19002587937416468,0.049704058103765464,-0.28842765131268194,-0.049704058103765464,0.08505546966071095
3406,0.19837650701025147,-0.008314606208637413,-0.3602142468437423,0.008314606208637413,0.06438431750062924
3407,0.19721677498946363,0.028014745347773116,-0.3501053718875897,-0.028014745347773116,0.09494125490120611
3408,0.21343773527661208,0.0799545445897095,-0.33620494928103983,-0.0799545445897095,0.13833864232394197
3409,0.19843523916311806,0.04353710955893232,-0.3499709199747059,-0.04353710955893232,0.1075897007961001
3410,0.1718017619151149,-0.015132797639575283,-0.3668804634462435,0.015132797639575283,0.05404390274513363
3411,0.17226525449304958,-0.017015643447355653,-0.3534342163804316,0.017015643447355653,0.0555214373437901
3412,0.2037023144768773,0.019147506842369034,-0.347957403476188,-0.019147506842369034,0.0872807567371004
3413,0.19390089006129627,0.02224374531880276,-0.35241144981266925,-0.02224374531880276,0.08685993359483829
3414,0.2009941357091826,0.06984715218211572,-0.3497529438773483,-0.06984715218211572,0.12849525897328531
3415,0.18981765134154224,0.049472672460271185,-0.3488703804391604,-0.049472672460271185,0.10837855285340861
3416,0.18218293219003734,0.0421194004110247,-0.28758794099303725,-0.0421194004110247,0.10545520823597074
3417,0.17690443642223586,-0.02715257860939864,-0.31265822207808674,0.02715257860939864,0.05081297815662636
3418,0.1777834991570546,-0.022651058182208892,-0.33137550931207965,0.022651058182208892,0.05157726672013634
3419,0.19236219831494983,-0.015978672372268427,-0.3276925661876324,0.015978672372268427,0.05966320889508943
3420,0.19700949653894928,-0.00047344286962689705,-0.3546593549613917,0.00047344286962689705,0.06989276837255665
3421,0.18647511994318908,-0.03450414447718139,-0.3653065729161437,0.03450414447718139,0.04034435952294392
3422,0.1784327915538792,-0.03818691001243884,-0.31394744903059,0.03818691001243884,0.03673960172473967
3423,0.1792591307204707,0.01256584271861057,-0.2897761126113555,-0.01256584271861057,0.07999359028259578
3424,0.18634277439764824,0.0075345610036204585,-0.3780023198245057,-0.0075345610036204585,0.06569506852473583
3425,0.1609292183530807,-0.06507544457840832,-0.3176153995435602,0.06507544457840832,0.015746618292713545
3426,0.14302174573971674,-0.08825309916750368,-0.2437635459768579,0.08825309916750368,0.005864965607621254
3427,0.16996451509120147,0.013566806747335675,-0.23260822958044117,-0.013566806747335675,0.09043423714880092
3428,0.16524406091159707,0.029917862501692802,-0.21112866835837635,-0.029917862501692802,0.10437128177468069
3429,0.16127986053119184,0.03852923878446755,-0.2184463894066779,-0.03852923878446755,0.10910648024032699
3430,0.16907964854489452,0.016910342739301854,-0.2272740148753235,-0.016910342739301854,0.08933649987865756
3431,0.16774215281281007,0.02380154782546697,-0.2122545232361744,-0.02380154782546697,0.09506678798465591
3432,0.16000914350706077,-0.02786713646266048,-0.28094740170357224,0.02786713646266048,0.046836443459584945
3433,0.12845943023454723,-0.03899675104931403,-0.179440618187728,0.03899675104931403,0.04401683153758855
3434,0.13188315945920384,-0.04283278841176591,-0.21293435737131264,0.04283278841176591,0.03660810551085683
3435,0.15803378468936322,-0.05622993965882141,-0.2616910960562442,0.05622993965882141,0.02280937026857542
3436,0.16044498935031837,-0.05289405054669695,-0.2676168881398002,0.05289405054669695,0.024242014466657975
3437,0.15486379848172743,-0.06802341411362726,-0.2526514975208112,0.06802341411362726,0.012291352357331494
3438,0.15270064441642553,-0.05374258212034759,-0.24954079306437235,0.05374258212034759,0.024951283467173676
3439,0.15716578233350612,-0.0386687607644046,-0.24458886325758647,0.0386687607644046,0.03734627186509027
3440,0.1616841729843709,-0.017711143836096004,-0.24693700774364447,0.017711143836096004,0.05331963091954614
3441,0.1563818261605039,-0.032728752174456664,-0.23258453232670068,0.032728752174456664,0.043308120836340995
3442,0.15795387042889947,-0.019095693203871115,-0.23344591052832975,0.019095693203871115,0.05099199459997706
3443,0.156909056956772,-0.02590289467828019,-0.23739237782725353,0.02590289467828019,0.042738612479658065
3444,0.15553651203727342,-0.031114703595232718,-0.2700637876394033,0.031114703595232718,0.03590959010822492
3445,0.15551179260239117,-0.08225133970970361,-0.27512220889426664,0.08225133970970361,-0.0026758112880764517
3446,0.15952810215254487,-0.027592870032188296,-0.22937147638370511,0.027592870032188296,0.046129084114194155
3447,0.15717115830221168,-0.0260036398570424,-0.2331737343419313,0.0260036398570424,0.04539321614687072
3448,0.15744005856261842,-0.029727968569304326,-0.23802075153373461,0.029727968569304326,0.04257676194345529
3449,0.15519967321184847,-0.008588625442863334,-0.2288275226656195,0.008588625442863334,0.05584766893461592
3450,0.15933086978654418,-0.007512173653068555,-0.2423433888534398,0.007512173653068555,0.055288235633278754
3451,0.1589897808317722,-0.01115658103213341,-0.3123462512234918,0.01115658103213341,0.0434224168144883
3452,0.15492164761051005,-0.0123617270209232,-0.27931484688839786,0.0123617270209232,0.0504235605485889
3453,0.19028874927557488,0.025228239748267774,-0.32799944629725075,-0.025228239748267774,0.0931154669605387
3454,0.1957202517536163,0.038490515249818315,-0.34710248368238594,-0.038490515249818315,0.10318018935610908
3455,0.19596019018644734,0.01600425652196652,-0.3452674776759606,-0.01600425652196652,0.08621948516388116
3456,0.18081602356335055,-0.01777251574069267,-0.33353874748527296,0.01777251574069267,0.05120733470555541
3457,0.16480842773443252,-0.06088082318848608,-0.331157751158289,0.06088082318848608,0.009151063243177472
3458,0.15840398750959142,-0.08966680681690864,-0.31401853130235563,0.08966680681690864,-0.013866497492438066
3459,0.14475402395387554,-0.056784050031559584,-0.26081048082695263,0.056784050031559584,0.02175484943541062
3460,0.15828887793276927,-0.021260566772150224,-0.22627772344338035,0.021260566772150224,0.04978720734619881
3461,0.15934741500255478,-0.03802825981492281,-0.2520630831004343,0.03802825981492281,0.03327435935398941
3462,0.15297457901349162,-0.08875925021235524,-0.2768532293508244,0.08875925021235524,-0.009431586725993561
3463,0.13355394230762993,-0.044464010332954086,-0.33581647226769007,0.044464010332954086,0.013275810495396426
3464,0.13066001168090624,-0.049712883827017953,-0.3400561642143781,0.049712883827017953,0.007716770466141309
3465,0.14677901864854684,-0.06901765846290599,-0.32138899131176984,0.06901765846290599,-0.002464338259513328
3466,0.1533370286826187,-0.05694826949968149,-0.2655963233490307,0.05694826949968149,0.014363919032870789
3467,0.15823805576646485,-0.009585483239173005,-0.24602368660986845,0.009585483239173005,0.050316549499673895
3468,0.15958616555741686,0.005341889767014147,-0.24648703456823892,-0.005341889767014147,0.058855070422076335
3469,0.16095396723269081,0.0009033812885857741,-0.26347949676110644,-0.0009033812885857741,0.04085068961675758
3470,0.14859901786171123,-0.09442484614843197,-0.2554055670835438,0.09442484614843197,-0.01616761982627726
3471,0.16664886117938593,-0.036667941664555295,-0.26478242403513896,0.036667941664555295,0.032679087618605156
3472,0.1540917721245389,-0.03719767415801408,-0.25172354061600793,0.03719767415801408,0.029503421457396147
3473,0.15668939569742465,-0.023590228397371734,-0.2284447277222405,0.023590228397371734,0.041771474927520466
3474,0.15575208602926177,-0.0844505477568648,-0.2660697167067133,0.0844505477568648,-0.010888279143717886
3475,0.16550038338345954,-0.13187461070917553,-0.3239503729158913,0.13187461070917553,-0.05418123477912347
3476,0.1673771951331511,-0.14174717520079333,-0.34406970748820953,0.14174717520079333,-0.06998098290559093
3477,0.1529916025104631,-0.11124989339729689,-0.29688423187889235,0.11124989339729689,-0.038742342376198925
3478,0.15865913716902538,-0.17041154983877518,-0.2965804909613275,0.17041154983877518,-0.08801368451701727
3479,0.14703515239155018,-0.13554594766370953,-0.24459646846026636,0.13554594766370953,-0.0519794305580066
3480,0.15327784323938903,-0.08883292656362307,-0.22002504803641024,0.08883292656362307,-0.002447834096602738
3481,0.1691581787563487,-0.019588729416233405,-0.21051004515960758,0.019588729416233405,0.04765284626377377
3482,0.16832789851243216,-0.0184783336650115,-0.21494117468529927,0.0184783336650115,0.048061643147147275
3483,0.16251901983898492,-0.03121189334422882,-0.21144173707984446,0.03121189334422882,0.038559978778893424
3484,0.16885527541022355,-0.05301970541419162,-0.23938813416372004,0.05301970541419162,0.019857825860574132
3485,0.1649939111099821,-0.044974750424506056,-0.23542084842017075,0.044974750424506056,0.026438876341997233
3486,0.16578601044672286,-0.04776326481864758,-0.234220399201238,0.04776326481864758,0.022815262470171255
3487,0.14993463546116742,-0.07272012349791684,-0.25429191555234837,0.07272012349791684,0.0039640804877403655
3488,0.1625892666385342,-0.04587684539418867,-0.2639341122954521,0.04587684539418867,0.016725394772096287
3489,0.1650179008778872,-0.023040931661388583,-0.270164636205152,0.023040931661388583,0.03304039002549656
3490,0.1495769789460661,-0.02779968693324774,-0.2488159136891368,0.02779968693324774,0.03693432751440583
3491,0.17669597094998796,0.015768677226361747,-0.34797466439346697,-0.015768677226361747,0.0826221996698623
3492,0.19839142738899318,0.009704277196104472,-0.35157347558000157,-0.009704277196104472,0.08008378832097215
3493,0.198726412952527,0.03581996849062934,-0.34696150698411926,-0.03581996849062934,0.10094782513759097
3494,0.19530176407545052,0.01116819307577469,-0.34781625242865316,-0.01116819307577469,0.07860384815329297
3495,0.17877720088085813,-0.01284217480327294,-0.33298738635174324,0.01284217480327294,0.06036176621545984
3496,0.1787898581761661,-0.0099636687388196,-0.33820383190084646,0.0099636687388196,0.06439357283791691
3497,0.17444547557449,-0.0011308514893588184,-0.323053594474464,0.0011308514893588184,0.07175004855175544
3498,0.18874564812288513,-0.015854796610342056,-0.3552611580470341,0.015854796610342056,0.05712401108235797
3499,0.18299575442122615,0.002523577766683718,-0.34819435373675367,-0.002523577766683718,0.07030544287977515
3500,0.1929406184969341,0.037538263518382624,-0.3470473867319762,-0.037538263518382624,0.10265836939837257
3501,0.1946322389432059,0.05594258626474911,-0.3410990571858548,-0.05594258626474911,0.11615205782494928
3502,0.18232440992964563,-0.006251322671496219,-0.3384449454716738,0.006251322671496219,0.06444816054002851
3503,0.1782193512230053,-0.02349561831811999,-0.33545416380678666,0.02349561831811999,0.049793377639224964
3504,0.1788002529761354,-0.07315676971976583,-0.331813120555154,0.07315676971976583,0.011787374286350525
3505,0.19278147560238887,-0.05249777651269125,-0.336181120015045,0.05249777651269125,0.030352767365976342
3506,0.19859032101705318,-0.055497791388592205,-0.3566819886510254,0.055497791388592205,0.021448559366078358
3507,0.18661644723845286,-0.14407527070146373,-0.39266761550027923,0.14407527070146373,-0.06514771771070856
3508,0.1814721994342076,-0.16582796619199344,-0.3578346836352758,0.16582796619199344,-0.08231048167283944
3509,0.18082065181910534,-0.13991578066704352,-0.36822871773200483,0.13991578066704352,-0.05831620548274777
3510,0.1733183110657792,-0.03660791948400107,-0.33021806098254586,0.03660791948400107,0.03557738906130604
3511,0.18417367684488256,0.007714344186289692,-0.2800315173479297,-0.007714344186289692,0.07850686880400029
3512,0.16840052133649713,-0.02505549878706009,-0.2717488667516415,0.02505549878706009,0.05416334380135154
3513,0.14453111776986016,-0.09268269167495241,-0.2402514859307509,0.09268269167495241,0.0017131394032219793
3514,0.159892811637141,0.016946557687826155,-0.21745710913973038,-0.016946557687826155,0.09311136943555987
3515,0.16918884630214223,0.025448797943648634,-0.23162771022530002,-0.025448797943648634,0.09769091486926648
3516,0.16800148849886298,0.025539402103705575,-0.22781249642850687,-0.025539402103705575,0.09563963686211066
3517,0.168027779390771,0.023171128560144385,-0.21817998263836952,-0.023171128560144385,0.09428601497445621
3518,0.15650970011279136,0.0074066687366412445,-0.21864708622005108,-0.0074066687366412445,0.07994112178336364
3519,0.14344377810256315,-0.028114618713647746,-0.21083358363890203,0.028114618713647746,0.04854880096774177
3520,0.16011354530888375,0.003562049031370618,-0.23009894397437378,-0.003562049031370618,0.07193115719636839
3521,0.12403551116980915,-0.06105869721609433,-0.18108566176337607,0.06105869721609433,0.025346142144126702
3522,0.15993891399803484,-0.05449840123286775,-0.2650641662696219,0.05449840123286775,0.02296109148756119
3523,0.15922971177975095,-0.03962750330012387,-0.23631041624289637,0.03962750330012387,0.039437867461320185
3524,0.15566894452435895,-0.049188341183997425,-0.24630077664273745,0.049188341183997425,0.02862437736198523
3525,0.15643337174460187,-0.035050255887400475,-0.24612617343023277,0.035050255887400475,0.03822934398169177
3526,0.15889064480843268,-0.014774099124891372,-0.2248583860635405,0.014774099124891372,0.05771911546425888
3527,0.1573280141527138,-0.02710872421201976,-0.24140671065553168,0.02710872421201976,0.04534708246397814
3528,0.16204673469903663,0.0032264486840199486,-0.2160884872604736,-0.0032264486840199486,0.07018653695985663
3529,0.16197701986682247,0.015476558483808748,-0.20949496865424552,-0.015476558483808748,0.08031396415443712
3530,0.16403582107188874,-0.033817778050705294,-0.29064537595957957,0.033817778050705294,0.035034348834098214
3531,0.15534601639311243,-0.04447596645163599,-0.22929386710087638,0.04447596645163599,0.03221523785121873
3532,0.1537202908145137,-0.04233069735497535,-0.22859383751828688,0.04233069735497535,0.03483201903712417
3533,0.16146270665483622,0.0037267384760278316,-0.22855156439177737,-0.0037267384760278316,0.06642340947917703
3534,0.15429145080261544,-0.03253904436963527,-0.22865059136166646,0.03253904436963527,0.040488521740462136
3535,0.15762073320291406,-0.007342100143790916,-0.22678381864459715,0.007342100143790916,0.059569048500259104
3536,0.16167319046263826,-0.04042615935947293,-0.24681631443560317,0.04042615935947293,0.0318757145499686
3537,0.15566556261475356,-0.02680359002341451,-0.2556785625876312,0.02680359002341451,0.03887649311093209
3538,0.16017095744154497,0.0003611823465728474,-0.28272202196588214,-0.0003611823465728474,0.05591788385754523
3539,0.17404858278506782,-0.017200317428886124,-0.3182910518567884,0.017200317428886124,0.04780993911280156
3540,0.1829238732686149,-0.015443150253136785,-0.34317122420930063,0.015443150253136785,0.05455410617161214
3541,0.17323674223078858,-0.040595995535609476,-0.3202971071454855,0.040595995535609476,0.029907593185025325
3542,0.1711486881017416,0.013418441326107429,-0.25705542906589174,-0.013418441326107429,0.0761477162115387
3543,0.1627628074202713,-0.0028426135626725764,-0.25219480246003967,0.0028426135626725764,0.06203136230166476
3544,0.15985409462986452,-0.023649789814975432,-0.24520474497812653,0.023649789814975432,0.04558753342349733
3545,0.15668411733997564,-0.032232884809268406,-0.23774976405435427,0.032232884809268406,0.041751001079899264
3546,0.150832153913471,-0.07292101329249594,-0.2441374484135997,0.07292101329249594,0.008380112949949637
3547,0.1592481873709276,-0.014333184548897678,-0.22853749470379223,0.014333184548897678,0.05350399559091721
3548,0.15872561593734608,-0.009183635130835182,-0.2396711815923842,0.009183635130835182,0.05249412552176608
3549,0.14919907204260507,-0.04550646724899917,-0.26792047769681915,0.04550646724899917,0.02238084955179686
3550,0.14634036587443522,-0.0581821970267396,-0.26617766262041154,0.0581821970267396,0.01000405445873999
3551,0.14859137866297775,-0.07993993894130913,-0.2588158425534438,0.07993993894130913,-0.0023057934183228143
3552,0.15313230233035968,-0.06495547421955748,-0.26418232799954505,0.06495547421955748,0.010846584225705322
3553,0.15809375991312274,0.02215086232227742,-0.22133757304146187,-0.02215086232227742,0.07678747646088317
3554,0.15582175585696442,0.02058324682017475,-0.22722149747262713,-0.02058324682017475,0.07318719650487346
3555,0.1628660072138055,-0.004671777688743688,-0.2803792116479487,0.004671777688743688,0.035809600411270535
3556,0.1513870353259299,-0.020034611018301982,-0.2383023015096756,0.020034611018301982,0.04112343399883106
3557,0.15499706397411145,0.007844081752236352,-0.2099669159822183,-0.007844081752236352,0.06793754730323956
3558,0.15478552355119846,0.029880372023227384,-0.2035147843529366,-0.029880372023227384,0.08325044007245226
3559,0.1585158489300735,0.02133921936307434,-0.20768437060944403,-0.02133921936307434,0.07714217413745564
3560,0.16042185664423741,-0.027374125651857175,-0.23818531207434174,0.027374125651857175,0.03731702160191505
3561,0.16290810867753217,-0.102774647027467,-0.3250108750723832,0.102774647027467,-0.030727269672486377
3562,0.15553316706040568,-0.09722001135244095,-0.3258337961538142,0.09722001135244095,-0.028554812041652108
3563,0.16194456602340312,-0.07003692613730796,-0.31939835259386756,0.07003692613730796,-0.0017327611879380642
3564,0.17982326254406195,-0.12015325808433396,-0.338189243121539,0.12015325808433396,-0.04896137286589765
3565,0.1072888091359974,-0.16041541123853872,-0.10097986142049928,0.16041541123853872,-0.06885860795964979
3566,0.1526931343821533,-0.08469768582867598,-0.2720956658918051,0.08469768582867598,-0.009930020968182227
3567,0.15867685997429676,-0.016939321979095888,-0.2196849443273574,0.016939321979095888,0.047949559735590216
3568,0.1590742062517985,0.00219505977465751,-0.20442684950980552,-0.00219505977465751,0.06225882546518034
3569,0.16389947412147576,-0.011465652295738477,-0.21550546211186292,0.011465652295738477,0.05218334082669266
3570,0.16369652365858559,-0.013784934711532273,-0.21502292146180021,0.013784934711532273,0.05118873614419297
3571,0.16438455873660512,-0.003735866958059928,-0.22023967698298985,0.003735866958059928,0.05850258530263299
3572,0.1489515637701137,-0.030031092801270958,-0.23214685486765402,0.030031092801270958,0.03770902046058828
3573,0.1589587490203882,-0.04924575594297098,-0.2533848156900418,0.04924575594297098,0.02151101043657612
3574,0.17292532574136218,-0.03169234115538716,-0.2596515556202001,0.03169234115538716,0.03325222457677634
3575,0.15932048998954063,-0.056308858536183316,-0.28854921279679313,0.056308858536183316,0.012469975715712595
3576,0.15616846250346375,-0.0064104090572331286,-0.24978879055028333,0.0064104090572331286,0.049995788486843565
3577,0.1508305384276073,0.007143181289431573,-0.23811046724402515,-0.007143181289431573,0.06428248061597323
3578,0.19438655085937653,0.05511706093583379,-0.3485763725890696,-0.05511706093583379,0.11356633130663006
3579,0.17844228411531887,-0.02723788666609344,-0.35677184259367517,0.02723788666609344,0.04402316550994368
3580,0.17387191015269873,-0.040300571948231244,-0.3480466439172487,0.040300571948231244,0.038522649433410876
3581,0.1875949907701187,0.004401046053152344,-0.35687771420170555,-0.004401046053152344,0.07479527498908133
3582,0.18806550487559734,0.015461622661574402,-0.34846617269944063,-0.015461622661574402,0.08210384786824171
3583,0.1869477752207174,0.039299756021874646,-0.34112530681934666,-0.039299756021874646,0.10190712142235993
3584,0.1879023936725652,0.01966351307210926,-0.3307455797260274,-0.01966351307210926,0.08908159527102451
3585,0.19381174690311684,0.04453292398709901,-0.3429255315043567,-0.04453292398709901,0.10942504679622916
3586,0.18871134420856314,0.02254166902606946,-0.3428633492996885,-0.02254166902606946,0.08877389529708249
3587,0.19144169912520612,-0.009090505028969064,-0.33556103380404717,0.009090505028969064,0.06552640267586746
3588,0.19645145568573816,0.01526886642366057,-0.34012124409032113,-0.01526886642366057,0.0835560638685701
3589,0.18910513733479864,-0.008971116134371194,-0.3334811264813405,0.008971116134371194,0.06448429688952782
3590,0.18094368390271115,-0.04961349077841035,-0.3398706532746492,0.04961349077841035,0.02856969285272838
3591,0.18089479846652373,-0.039772866050345856,-0.33000259207078114,0.039772866050345856,0.037548367270448885
3592,0.17638142842365603,-0.055169328229490645,-0.3402951530046581,0.055169328229490645,0.023199676588295748
3593,0.177122106983515,-0.14753552760825658,-0.3656074305276667,0.14753552760825658,-0.06088744038282088
3594,0.19686102779692757,-0.03289477009265598,-0.3725838877550982,0.03289477009265598,0.04095314591460673
3595,0.1872746786452038,-0.17991157184428247,-0.39693555996821617,0.17991157184428247,-0.09967396685843975
3596,0.14353294207842943,-0.22430861986055414,-0.215263805593102,0.22430861986055414,-0.1035782888723161
3597,0.1902879970891296,-0.128972045080446,-0.3891341043985422,0.128972045080446,-0.05256724894637044
3598,0.1791422533511706,-0.01970303166562915,-0.31248414995322604,0.01970303166562915,0.05319822013602267
3599,0.17505892373833373,0.007637058359184011,-0.25800583231910124,-0.007637058359184011,0.08398665535604168
3600,0.18210141701668367,0.00036249038016985256,-0.279093772761391,-0.00036249038016985256,0.0741221928912087
3601,0.17177623423951652,-0.08064429881620588,-0.29894519322278273,0.08064429881620588,0.0030844751861905917
3602,0.15377028030517423,-0.10242753298168406,-0.28292715381991324,0.10242753298168406,-0.01494768922792797
3603,0.15553114952543745,-0.06722470608272002,-0.24836125178945742,0.06722470608272002,0.01890040815686041
3604,0.14289699857467728,-0.015800611322689413,-0.20300066355448693,0.015800611322689413,0.06299715749163796
3605,0.1451805358338202,-0.04022466003323546,-0.21324117888489427,0.04022466003323546,0.04193085815104132
3606,0.1439231661150494,-0.04101609037868668,-0.21131054446378422,0.04101609037868668,0.040702319454306586
3607,0.17462041183891078,-0.02794187517795991,-0.2943322882442455,0.02794187517795991,0.03982278211093437
3608,0.16367684356391698,0.01174464907953806,-0.2323024590561804,-0.01174464907953806,0.08057425512573453
3609,0.1595895653257495,-0.005698016805375008,-0.22172949448535587,0.005698016805375008,0.06664885952661956
3610,0.12355916275719468,-0.07425323497165556,-0.1891044748744138,0.07425323497165556,0.0144759506669724
3611,0.15726474759354603,-0.07063385573072484,-0.29822442538698246,0.07063385573072484,0.005184123638570574
3612,0.16101846875461764,-0.054732551956786,-0.3268887489849848,0.054732551956786,0.016529323166180773
3613,0.15554638187074657,-0.02645160145653762,-0.2539498038087017,0.02645160145653762,0.04638725074790297
3614,0.16281956971494022,-0.0015413328960476778,-0.24496744274913781,0.0015413328960476778,0.06545778385825234
3615,0.16521989454854366,-0.024700612231365486,-0.2514167144028674,0.024700612231365486,0.04591150579658056
3616,0.15786673346209226,0.008937284607601808,-0.21102353933856682,-0.008937284607601808,0.07543538471642057
3617,0.15790318461954234,0.01699361880476918,-0.20614616230853225,-0.01699361880476918,0.08161443429780137
3618,0.15813996021175625,-0.03060539861780228,-0.24046837493642878,0.03060539861780228,0.043186297589830946
3619,0.15426247271381152,-0.030877982424856742,-0.23089279332718962,0.030877982424856742,0.04334574831011184
3620,0.15355134257312023,-0.04736850929040995,-0.241508320117289,0.04736850929040995,0.02835792642472878
3621,0.16288643377044348,-0.023781752298150986,-0.23277807526756134,0.023781752298150986,0.04439428719533942
3622,0.15267699824986927,-0.0010599971328051259,-0.21278536292291375,0.0010599971328051259,0.064329429548771
3623,0.15216328783008234,-0.03752073348489671,-0.22963350481731953,0.03752073348489671,0.037169581888677874
3624,0.15485796474953334,-0.04250658577431302,-0.23181629597517556,0.04250658577431302,0.03371332116218354
3625,0.15810441587666613,-0.03804866613892244,-0.2327610653120279,0.03804866613892244,0.03717214742833029
3626,0.15843165599041936,-0.03559838449729505,-0.24115550414219364,0.03559838449729505,0.03493255626025029
3627,0.15897794488242264,-0.023099613768321252,-0.27903934715414114,0.023099613768321252,0.0415512021498583
3628,0.16042258714831611,-0.06020878048484866,-0.27733636880270235,0.06020878048484866,0.018052548120579846
3629,0.15694382048418384,-0.05485094384945478,-0.2629897297014393,0.05485094384945478,0.018278882283026942
3630,0.1604755350175437,0.010583791059460406,-0.21479226750997013,-0.010583791059460406,0.07421756179039363
3631,0.16101724828506703,-0.02319753972630569,-0.2352383910236348,0.02319753972630569,0.04807195165857325
3632,0.1596632527615118,-0.06529163367171248,-0.2963169842743479,0.06529163367171248,0.008870782051742047
3633,0.1669777974122427,-0.053077977114641114,-0.31174010674291197,0.053077977114641114,0.017413803191060374
3634,0.1583564412025965,-0.06343585146755074,-0.2658475250576879,0.06343585146755074,0.01191095443410796
3635,0.15000879366646228,-0.012977157942023193,-0.2238399740880082,0.012977157942023193,0.05456932968083571
3636,0.1545658592673721,0.0020861947766547513,-0.2339902228162619,-0.0020861947766547513,0.060113138009254316
3637,0.1575851732284224,0.022557519159323285,-0.2336924077487573,-0.022557519159323285,0.07294683598081572
3638,0.15521116295134346,-0.005066462795907264,-0.23521308992952633,0.005066462795907264,0.05416718679421539
3639,0.15361377739152135,-0.07457608139820131,-0.27028508612585456,0.07457608139820131,-0.001667126859440092
3640,0.15012042494119496,-0.0578424353983241,-0.24579583107941866,0.0578424353983241,0.015787016060643953
3641,0.15518633516584127,0.008065813257973523,-0.22000303982131061,-0.008065813257973523,0.06786345354628162
3642,0.15417222872048367,0.016585551611716872,-0.2205109949246997,-0.016585551611716872,0.07066783546898263
3643,0.15261053333983035,-0.0018358535239311193,-0.24845832032133078,0.0018358535239311193,0.04938042177315354
3644,0.15526403068501354,0.030184029602060205,-0.20742933809968855,-0.030184029602060205,0.081967517201985
3645,0.15867753498011536,0.042280636080414165,-0.21096952723456688,-0.042280636080414165,0.08897133107462357
3646,0.1609754246104519,0.032400034459067154,-0.24491729423031178,-0.032400034459067154,0.08334746419527644
3647,0.1545226453212921,-0.06167866224381659,-0.2805253292813681,0.06167866224381659,0.0074739336556415735
3648,0.1560198491024855,-0.06951406844742793,-0.2814620865075471,0.06951406844742793,0.00046606274952573423
3649,0.15393388494842544,-0.11827819680236044,-0.32424519037568184,0.11827819680236044,-0.045354010036381044
3650,0.144954326695763,-0.07257356460382947,-0.30520245661348044,0.07257356460382947,-0.005897723435500819
3651,0.16755862351191197,-0.05114045399521118,-0.3137675212687895,0.05114045399521118,0.014644892501197666
3652,0.16953527529212598,-0.04675546882666916,-0.29790309949465105,0.04675546882666916,0.01810904288489918
3653,0.12924435662887382,-0.08025732559963403,-0.18546363740241095,0.08025732559963403,-0.006373162414285049
3654,0.15488240096112568,-0.05685986775592785,-0.24829658688814876,0.05685986775592785,0.016558674453536707
3655,0.15949759027050453,-0.027817551405077388,-0.22100414297593518,0.027817551405077388,0.040083542129493326
3656,0.1632672740447495,-0.0148496158730145,-0.2128996140259575,0.0148496158730145,0.050328314269804685
3657,0.16432155295365447,0.017812634034425595,-0.19805232964108846,-0.017812634034425595,0.07496013677058101
3658,0.16516851488437356,0.020361734658361132,-0.1956957824581135,-0.020361734658361132,0.07820712105743391
3659,0.15723135989623102,0.005958943250798812,-0.20533778553215973,-0.005958943250798812,0.06689057087793222
3660,0.159131093240101,-0.05164982636867083,-0.25284112273172427,0.05164982636867083,0.020225935563009705
3661,0.1655047272048529,-0.028225869872467585,-0.23080132900638956,0.028225869872467585,0.0418458172899894
3662,0.1717355337448255,-0.014797506691697548,-0.2453071178234529,0.014797506691697548,0.04777010830220133
3663,0.1727096726145666,0.007297603792033599,-0.24910856746278762,-0.007297603792033599,0.06496182872478021
3664,0.1767164550223308,0.007569810212805383,-0.25456495611640845,-0.007569810212805383,0.05876674293793657
3665,0.1738731525763064,0.024232839343445015,-0.24827482060891487,-0.024232839343445015,0.07909477990471925
3666,0.19112291429490844,0.025134900855109953,-0.3519719706310158,-0.025134900855109953,0.0879168388972047
3667,0.18680406000770308,0.0038290137266983144,-0.35616585700510206,-0.0038290137266983144,0.07041001345958064
3668,0.17477276150777785,-0.06592112818696631,-0.3595356203098211,0.06592112818696631,0.014592189918897751
3669,0.18476725439885813,0.009097192125054011,-0.36397057890923257,-0.009097192125054011,0.07326071569023943
3670,0.18074537755901704,0.02203263254910155,-0.30169040115747714,-0.02203263254910155,0.0922676645874394
3671,0.18638260227016892,0.029146651070004546,-0.3060329419059032,-0.029146651070004546,0.09762772704912932
3672,0.18897449753586062,-0.008518473535208725,-0.35309562657375243,0.008518473535208725,0.06490508471141825
3673,0.18548036084062564,-0.027264946424816177,-0.3517626204371921,0.027264946424816177,0.047799858998009516
3674,0.19557846102540524,0.02766956002642525,-0.3496147758727214,-0.02766956002642525,0.09243859309529852
3675,0.1982044119241919,0.015227868495717207,-0.3424319331494317,-0.015227868495717207,0.08503623244666006
3676,0.1878487545605745,-0.02653897772439802,-0.33980204440466943,0.02653897772439802,0.04985388667471346
3677,0.17578003401388226,-0.06735301804661979,-0.3378606338502324,0.06735301804661979,0.014182542117594355
3678,0.1891124657705642,-0.02354410398491452,-0.3405771593231493,0.02354410398491452,0.051316238920893965
3679,0.18031901073249795,-0.10024652875895541,-0.3665448847450263,0.10024652875895541,-0.019744790558019316
3680,0.1852177204553996,-0.10043297142645483,-0.3745355366337633,0.10043297142645483,-0.02047058034457703
3681,0.1927601933381693,-0.057268794197508945,-0.3692677267603969,0.057268794197508945,0.02038362668111784
3682,0.17787809919025943,-0.11993060538617176,-0.3762893594070155,0.11993060538617176,-0.03962449776921428
3683,0.16237355073026416,-0.12807335918303814,-0.3056247784631944,0.12807335918303814,-0.03632578708631667
3684,0.2020300648026731,-0.01746273759858686,-0.38429247598563165,0.01746273759858686,0.04715154532445429
3685,0.17582169203496964,-0.07474599264725952,-0.34590143808747903,0.07474599264725952,0.002638815851879933
3686,0.18537732286416655,-0.008085806519738418,-0.3100322204968404,0.008085806519738418,0.06344938133066158
3687,0.20033644110289608,-0.04933603412977486,-0.34007332402037277,0.04933603412977486,0.010947633733413065
3688,0.17818481351851112,-0.0956972641595203,-0.3149042873126151,0.0956972641595203,-0.01306878676562079
3689,0.17959368324160996,-0.01884899074216336,-0.29721761607228153,0.01884899074216336,0.04526873721511701
3690,0.17928870762045465,0.004806398401389397,-0.26877902512813767,-0.004806398401389397,0.07253307922176082
3691,0.15469105389695934,-0.03689534288377799,-0.2403267869524752,0.03689534288377799,0.040815185678307275
3692,0.153637766335366,-0.04551689822998976,-0.29585966573723277,0.04551689822998976,0.028840535276175916
3693,0.1470872295876154,-0.09657051427866561,-0.33969690398084723,0.09657051427866561,-0.02488169492457201
3694,0.17854676076702342,0.016154550788537097,-0.2687926712387254,-0.016154550788537097,0.07490523574121323
3695,0.16305365307164243,0.027044931413488474,-0.22765490557205567,-0.027044931413488474,0.09103174947208302
3696,0.1621323219954862,0.012356615693034452,-0.23233169223017358,-0.012356615693034452,0.07813682937320168
3697,0.16461311498784412,-0.0056378030258649355,-0.25903801893211853,0.0056378030258649355,0.05902698631253972
3698,0.1226431755727608,-0.1338186494094969,-0.24837578214404482,0.1338186494094969,-0.043794947606178254
3699,0.1212110488357948,-0.06971616081765172,-0.24969864027723526,0.06971616081765172,0.00753756840274101
3700,0.13699062248750418,-0.04705278201990364,-0.2507234872634661,0.04705278201990364,0.025508232160424922
3701,0.1414345319854749,-0.0328953682753333,-0.22836992049579413,0.0328953682753333,0.04043637070855714
3702,0.1426105820125021,-0.0019568327142326816,-0.19825255914354145,0.0019568327142326816,0.06859363353233473
3703,0.1547092322918379,0.009430958334478146,-0.20649075396036776,-0.009430958334478146,0.07827741570211272
3704,0.15874595886525097,0.017157408344687257,-0.21505556115179822,-0.017157408344687257,0.0808521105107068
3705,0.15101264682735654,-0.06726324466760494,-0.2647747219794367,0.06726324466760494,0.010015791736357414
3706,0.1454768295223064,-0.03749162647024675,-0.2337914937239548,0.03749162647024675,0.038417976076904274
3707,0.15605646160641903,-0.03991920393676541,-0.24264857155832384,0.03991920393676541,0.03522179455089467
3708,0.1846840719350908,0.006021453849261011,-0.29219904352897047,-0.006021453849261011,0.05447387752395552
3709,0.1536696639472084,-0.02819869147709046,-0.24649456981875276,0.02819869147709046,0.04190775583993162
3710,0.15835428327642112,-0.026567698065072278,-0.21743091035094916,0.026567698065072278,0.043560874621680644
3711,0.15497329927595355,-0.019588067403241784,-0.21481880986557236,0.019588067403241784,0.05117168680644765
3712,0.15951077353404686,-0.0061339900711678405,-0.22367584860671536,0.0061339900711678405,0.059785473307576255
3713,0.16373656864531042,-0.00896634267228523,-0.22796417233893299,0.00896634267228523,0.056448272213836734
3714,0.15677288283274549,-0.034007846814335635,-0.25685750375378136,0.034007846814335635,0.0336831356812011
3715,0.15617249585461698,-0.004784617430302752,-0.2481819008749683,0.004784617430302752,0.060509506888230584
3716,0.15785337531604038,-0.011742725063045804,-0.22624589332596542,0.011742725063045804,0.05545709638388996
3717,0.16231664509647906,-0.009832337941634918,-0.21406170026101692,0.009832337941634918,0.06034738088086204
3718,0.16796706075217355,-0.0141217929737822,-0.23348582406778506,0.0141217929737822,0.05645738040549246
3719,0.151165458979986,-0.008441326682895106,-0.31300267771162216,0.008441326682895106,0.04812209482530418
3720,0.15289230259080483,-0.0636948155558218,-0.3449106669718764,0.0636948155558218,-0.0012805293973773256
3721,0.15141737026692284,-0.03244084354374451,-0.2482687132084541,0.03244084354374451,0.03652351646024885
3722,0.15043214244657133,-0.027953026204989274,-0.2304502834333613,0.027953026204989274,0.041988152432035464
3723,0.15418828764906017,-0.0242381300702802,-0.2357503086248017,0.0242381300702802,0.04278794909927384
3724,0.15604907780616384,-0.08945879929517464,-0.2699077797648,0.08945879929517464,-0.01259988579253664
3725,0.16477271847042907,-0.06252012633892652,-0.269890130295291,0.06252012633892652,0.011300435133675905
3726,0.14843566835374222,-0.06365870605985538,-0.25359410934324567,0.06365870605985538,0.0073111496609862625
3727,0.16132087610389495,-0.011889350524870773,-0.25893690375934186,0.011889350524870773,0.04963620190739075
3728,0.15997339300045368,0.012579989590227379,-0.22417553390324785,-0.012579989590227379,0.07100570533351258
3729,0.15756794120983408,0.007543052364305401,-0.2349794151844307,-0.007543052364305401,0.06054553583903948
3730,0.1555563174345631,0.03117481391971062,-0.22519213406522628,-0.03117481391971062,0.07969750455748875
3731,0.15532188941253772,0.03783828337481617,-0.20760056489009124,-0.03783828337481617,0.08722745363473013
3732,0.16028257433466314,0.042831153499665126,-0.22328323876161665,-0.042831153499665126,0.08574463912431456
3733,0.16051778558017135,0.02036201198011079,-0.22860815001362617,-0.02036201198011079,0.07211729497709041
3734,0.1733638365830324,-0.0424396661581234,-0.31505499561281763,0.0424396661581234,0.026017537030724736
3735,0.16986858863104637,-0.06957075460770432,-0.3463567183769068,0.06957075460770432,-0.005250816109079026
3736,0.16320884409445,-0.13510362769511816,-0.32832888754768036,0.13510362769511816,-0.05800655109504834
3737,0.16397656401101096,-0.04324127802193374,-0.33358507378615004,0.04324127802193374,0.020768612223824392
3738,0.1654754210241747,-0.05175171554317065,-0.3600219426210736,0.05175171554317065,0.008982545430157876
3739,0.1274004366672298,-0.10932254380510226,-0.16567393440687628,0.10932254380510226,-0.024876120695756954
3740,0.15371621086847753,-0.03653063601465581,-0.26260921436263984,0.03653063601465581,0.028404895124518274
3741,0.15804089140487554,-0.06093963157147894,-0.24322857529404165,0.06093963157147894,0.013340194488200497
3742,0.16102743731773753,-0.00953602274480874,-0.2130149031643391,0.00953602274480874,0.05385102872518204
3743,0.16580385104929762,0.02136977164851816,-0.19833905974772828,-0.02136977164851816,0.07738911607453187
3744,0.16918323800048768,0.02104059615244839,-0.2009757981040382,-0.02104059615244839,0.07788507646023295
3745,0.1676721310249646,0.01679500982226817,-0.19193733745811986,-0.01679500982226817,0.07647278792389689
3746,0.15356615799451603,-0.021868962181642335,-0.21842924759715338,0.021868962181642335,0.043939878500919384
3747,0.166913751728045,-0.0512657634500983,-0.2373843585330119,0.0512657634500983,0.022026605449896042
3748,0.1659686591596026,-0.03588027639311631,-0.23702107467612837,0.03588027639311631,0.034893045996551096
3749,0.17054465025748936,-0.04432744161924441,-0.2466846861429336,0.04432744161924441,0.027465195502895133
3750,0.1681680820523792,-0.024182645630988417,-0.22662252830562318,0.024182645630988417,0.04690043086574402
3751,0.1667875674985888,-0.04186980636084379,-0.258648355834139,0.04186980636084379,0.030651922544194445
3752,0.15008363324923407,-0.04021428146122913,-0.28234389393111115,0.04021428146122913,0.02693198052188771
3753,0.19415338883441047,0.06028488572868187,-0.34834849476106433,-0.06028488572868187,0.1173296702769031
3754,0.19623421825755213,0.04490774411880804,-0.34567551795598844,-0.04490774411880804,0.10617832453311589
3755,0.18686379973370135,0.00032758279866772384,-0.33912049392171145,-0.00032758279866772384,0.07122447802976009
3756,0.17442229735770093,-0.040390259321667045,-0.33190692417904366,0.040390259321667045,0.03956674343229348
3757,0.18250361365956158,-0.028867145093743354,-0.3405933805770375,0.028867145093743354,0.04539925966002032
3758,0.18557779382528972,-0.023179747291855905,-0.33843386721749674,0.023179747291855905,0.05315643183054782
3759,0.1890295954741537,0.028038786222137013,-0.3441975244547416,-0.028038786222137013,0.09278710869967856
3760,0.18285965148899416,-0.03626748757103477,-0.3305954503228983,0.03626748757103477,0.04405612124566926
3761,0.18342274557960467,-0.04782170821872476,-0.33470202765411966,0.04782170821872476,0.03089417136011831
3762,0.18437626130100906,-0.042437180558798984,-0.34236096131952354,0.042437180558798984,0.0344657404174394
3763,0.17829296043975273,-0.04652407030913243,-0.34027358184981554,0.04652407030913243,0.03176329788430738
3764,0.18128961184506057,-0.07353238543999582,-0.3588409123045973,0.07353238543999582,0.007209430294380522
3765,0.1781989431940842,-0.1323620666677533,-0.3671739044308638,0.1323620666677533,-0.046937474838913855
3766,0.1787255643461384,-0.13905919716320875,-0.3768737009299157,0.13905919716320875,-0.05822565631890985
3767,0.1763796814078164,-0.1389545298256066,-0.37630342623954494,0.1389545298256066,-0.05635424880062672
3768,0.17787606844909137,-0.22095014820537287,-0.3754691942297977,0.22095014820537287,-0.13252259078310172
3769,0.18235722325144932,-0.10380031932337483,-0.35544736332965005,0.10380031932337483,-0.02051526611384264
3770,0.1645822069007639,-0.11579339230573646,-0.34757639443976523,0.11579339230573646,-0.03420631987280058
3771,0.1740560797792403,-0.07044120180784977,-0.33794864944900954,0.07044120180784977,0.005813475496634399
3772,0.18302139146741533,-0.05997702443623272,-0.33280746855468923,0.05997702443623272,0.015713572463087442
3773,0.18345575139962544,-0.16078585961425793,-0.37985857407038,0.16078585961425793,-0.08035580922202452
3774,0.18946989529895983,-0.24101860542006062,-0.40068803668651426,0.24101860542006062,-0.15947829306741332
3775,0.1913025261901989,-0.26169575522912647,-0.3991394346088556,0.26169575522912647,-0.17873747737884765
3776,0.18045752870475346,-0.07507711006688317,-0.3058524223604486,0.07507711006688317,-0.001774618556607861
3777,0.18181228948574363,0.025351885138428745,-0.28092978751496217,-0.025351885138428745,0.08320494564871715
3778,0.16723944785462755,-0.029394951380821717,-0.26212572989951044,0.029394951380821717,0.042707549326446284
3779,0.170406665008839,0.005366908386541391,-0.251487298911684,-0.005366908386541391,0.07485134653577317
3780,0.1516090200261395,-0.07964740347616067,-0.2888132057259344,0.07964740347616067,0.003962477207506083
3781,0.16460294610131246,-0.04447958959485045,-0.2866829559814119,0.04447958959485045,0.027696303733622685
3782,0.16300235578944022,0.012537457860707589,-0.22788357530801684,-0.012537457860707589,0.08230747259966692
3783,0.1683508923804028,0.007246863954376379,-0.2770151830184973,-0.007246863954376379,0.06473562291635862
3784,0.16529081556769926,-0.07352440264809881,-0.3505755556980409,0.07352440264809881,-0.006931104967228913
3785,0.1645744269889399,-0.07987108391123493,-0.3720569497463797,0.07987108391123493,-0.01120820404321758
3786,0.13971503834983912,-0.08678781926937423,-0.2854751972802732,0.08678781926937423,-0.007951131910777492
3787,0.1557958212483901,-0.07372180787978196,-0.27200855901154863,0.07372180787978196,0.0044945002276973855
3788,0.16002388233503065,-0.03621562974698165,-0.23486217644984755,0.03621562974698165,0.04051382996488852
3789,0.15103260245944986,-0.030941979366606243,-0.21442609865221118,0.030941979366606243,0.04314595019212003
3790,0.14285218717531062,-0.005932117972687588,-0.1664659440449022,0.005932117972687588,0.06567055438900404
3791,0.14943477148157167,-0.009313683619945706,-0.202964462090972,0.009313683619945706,0.061279222547154746
3792,0.15169688623121733,-0.05219519472631289,-0.23642033497736084,0.05219519472631289,0.024155898522908816
3793,0.14528551580493332,-0.02641732724817082,-0.2151777935739501,0.02641732724817082,0.045868913800619956
3794,0.15989870906776738,-0.021248260447997016,-0.2276732039872193,0.021248260447997016,0.05133587751973018
3795,0.149401148442781,-0.05489852096253371,-0.21874668156881066,0.05489852096253371,0.023011620087213493
3796,0.1417174682904917,-0.07062192425013432,-0.23558898998594163,0.07062192425013432,0.005524682770947456
3797,0.15225116628909316,-0.026830758465952877,-0.24360829114892482,0.026830758465952877,0.04388839579703021
3798,0.16089097395785754,0.02014696197614267,-0.21934268358742282,-0.02014696197614267,0.08027393532690288
3799,0.15859710569347513,-0.007087135459035147,-0.23173994798928021,0.007087135459035147,0.05885170281148759
3800,0.15714588359751022,-0.01974553350751828,-0.23186236638946414,0.01974553350751828,0.04501778467729945
3801,0.16685586292192137,0.021019364978604793,-0.2418316162886652,-0.021019364978604793,0.07331402587549692
3802,0.16705846636589872,0.01927582923774447,-0.2676714275368787,-0.01927582923774447,0.06552723344686877
3803,0.15904088142766395,-0.038765346960975826,-0.25751113035304973,0.038765346960975826,0.03317423930512556
3804,0.16161267873174606,-0.003358865591927507,-0.18615438434318565,0.003358865591927507,0.06930547720320848
3805,0.17594540876924358,-0.007823018674223893,-0.27049222503298137,0.007823018674223893,0.0589832987324257
3806,0.16786257064259189,0.01762897722323913,-0.2805593497006931,-0.01762897722323913,0.06483656722410104
3807,0.16201552604903827,0.008146023953682024,-0.27831139492346474,-0.008146023953682024,0.06250079322561519
3808,0.15226864801973508,0.002445660401248328,-0.2331385286426154,-0.002445660401248328,0.06378129680353242
3809,0.158244481793432,-0.029929039081629166,-0.27571178184113737,0.029929039081629166,0.03583988196994206
3810,0.1550722632874328,-0.06504145541032724,-0.2515262297936181,0.06504145541032724,0.010908868020265423
3811,0.1585270642133827,-0.03692366655599934,-0.23976304498661646,0.03692366655599934,0.03265413387035312
3812,0.16079670077915983,-0.012448340613508985,-0.22587987851778502,0.012448340613508985,0.05209754438264608
3813,0.15021517784588898,-0.028959095213923237,-0.2415448099705514,0.028959095213923237,0.03691483116811638
3814,0.15555431534751768,0.016978168849529893,-0.22609329094588038,-0.016978168849529893,0.0708624455090231
3815,0.1597509809574268,0.04478159364744952,-0.22834533668619902,-0.04478159364744952,0.08724155190151978
3816,0.16169550955342774,0.027229794400803427,-0.2568110783323035,-0.027229794400803427,0.06894590957653676
3817,0.1553606529946607,0.040583319785703446,-0.23202403939774552,-0.040583319785703446,0.08454989614943277
3818,0.1584647576289042,0.012078105042554618,-0.2525689925385892,-0.012078105042554618,0.05977309553820872
3819,0.16173632279706118,-0.05260137291463997,-0.2605561326874137,0.05260137291463997,0.014844760802350908
3820,0.1501422661051257,-0.015076787653894043,-0.2506308882652438,0.015076787653894043,0.04022356194122148
3821,0.14840238598546215,-0.06325779173832899,-0.28518667597810515,0.06325779173832899,0.007208081653233965
3822,0.15903447081793495,-0.061277719485064656,-0.3266657342545102,0.061277719485064656,0.0052944776403788755
3823,0.15046078148929987,-0.10172946433457869,-0.31634673064830676,0.10172946433457869,-0.029769193327548463
3824,0.14984550804795352,-0.0749754152491835,-0.29803744433521495,0.0749754152491835,-0.0004260301509924114
3825,0.12300561200864499,-0.12272134180803469,-0.19359630516387263,0.12272134180803469,-0.03565773592687294
3826,0.14099578902486526,-0.04919473605462463,-0.21494174679418848,0.04919473605462463,0.02109502278179741
3827,0.16614715197957966,0.025491266829664308,-0.21328863447283206,-0.025491266829664308,0.07891802990010835
3828,0.16135164325598783,-0.03397892785369122,-0.23093349704202076,0.03397892785369122,0.03391144683921387
3829,0.16336931408332006,0.011439351665699038,-0.206890487348152,-0.011439351665699038,0.06747201180052952
3830,0.16825099257262804,0.016908000629412508,-0.21180400050856663,-0.016908000629412508,0.07131626945971002
3831,0.1735494530037682,0.018241254449344813,-0.20591571869511419,-0.018241254449344813,0.07482286493547205
3832,0.16628933594411288,0.012779660848395023,-0.19229816366753547,-0.012779660848395023,0.07296004444453888
3833,0.1581316080175196,-0.014414642920849693,-0.2082387161959282,0.014414642920849693,0.05305290905825634
3834,0.17841920840303382,-0.007303535312720928,-0.24359429688851708,0.007303535312720928,0.05262607172358282
3835,0.19863158327167466,0.019701690357179273,-0.2743327441126946,-0.019701690357179273,0.07446960132451749
3836,0.16389594927483664,-0.049327005050816886,-0.23245577827438157,0.049327005050816886,0.026528503534970715
3837,0.16597822198682138,-0.0532411207187883,-0.26070208648618376,0.0532411207187883,0.01884869355094646
3838,0.16255497587310416,-0.060662939582417495,-0.23989074159095347,0.060662939582417495,0.01728048945732115
3839,0.1573020981962435,-0.04279471740994737,-0.2404112039775726,0.04279471740994737,0.03083055144050743
3840,0.1956676736423353,0.06239468021241039,-0.3170788729929253,-0.06239468021241039,0.12400996082254997
3841,0.19463587585759698,0.05025277344829041,-0.31673388261254937,-0.05025277344829041,0.11378846774602168
3842,0.1772116459859647,-0.00244139795735206,-0.3274780403263702,0.00244139795735206,0.0696561257884513
3843,0.1767452191716443,-0.03220348669472564,-0.32041225283319097,0.03220348669472564,0.04750820384072878
3844,0.17629317041637899,-0.02231579971368239,-0.3033268126760109,0.02231579971368239,0.058959425686485135
3845,0.18349679271016878,-0.018486566238488066,-0.32666775732671793,0.018486566238488066,0.05750476675515817
3846,0.1970680802093266,0.000838904764387441,-0.31604323955514724,-0.000838904764387441,0.07697094064970439
3847,0.1846451079363769,0.011500537293527855,-0.32900711912535174,-0.011500537293527855,0.08310330910413286
3848,0.19032731320422308,0.03189285951662301,-0.3416127263844203,-0.03189285951662301,0.0980741630590326
3849,0.18270370068335381,0.009905608804704563,-0.3416909365742246,-0.009905608804704563,0.0792704910290993
3850,0.18236847184226168,-0.034941102187662595,-0.35002537449462084,0.034941102187662595,0.0366656054021825
3851,0.17711303822237204,-0.09975159933300781,-0.36976425035228094,0.09975159933300781,-0.023785105031625772
3852,0.1543947478988707,-0.10962006586550439,-0.36685225582210235,0.10962006586550439,-0.03521809907052539
3853,0.1667563121486461,-0.1313662300330014,-0.3697021423430781,0.1313662300330014,-0.051340717436037596
3854,0.1747121782346379,-0.14324510784287342,-0.37272400115306087,0.14324510784287342,-0.06388561061668456
3855,0.18357566326275723,0.002453264225977948,-0.3486875940673035,-0.002453264225977948,0.06991928895601356
3856,0.17279693348073813,0.0030382364865275,-0.30948007501217023,-0.0030382364865275,0.07618418818486804
3857,0.16301489994293913,0.007053143911177913,-0.2795189869011453,-0.007053143911177913,0.08135342602157163
3858,0.182625042030185,-0.017466458801205086,-0.3161630042574277,0.017466458801205086,0.054714955867446166
3859,0.19288394928407515,-0.08875456153534424,-0.36933806905652505,0.08875456153534424,-0.017121791851505377
3860,0.1943536363712993,-0.1890692747025265,-0.38678117531885,0.1890692747025265,-0.10900067624422807
3861,0.1919223969692137,-0.245967886668314,-0.39579746981487934,0.245967886668314,-0.16282138165150903
3862,0.18494756894496958,-0.1088363837399474,-0.33665899608352484,0.1088363837399474,-0.0368917559302522
3863,0.17636442205279868,-0.04793534261049436,-0.2819590724595921,0.04793534261049436,0.02834685569178295
3864,0.16821196246488404,0.008301748746235372,-0.28387518621856195,-0.008301748746235372,0.07468292279662883
3865,0.17173277223735953,0.011169774472746734,-0.24690664284914723,-0.011169774472746734,0.07925234480567063
3866,0.16640160093933085,0.00976115812134847,-0.2378880407395194,-0.00976115812134847,0.07916573087975919
3867,0.1655862359289791,0.025903383020767796,-0.22002547198383007,-0.025903383020767796,0.09258277653180766
3868,0.16492759273971402,0.030088991071525375,-0.21723648284851568,-0.030088991071525375,0.09446535462353864
3869,0.16752359441757128,-0.015631987541545656,-0.2602155436462754,0.015631987541545656,0.05391109607912229
3870,0.1701537705372351,-0.03064749812044765,-0.3040801351493681,0.03064749812044765,0.03556635414064674
3871,0.16002901796418065,-0.050345649535054784,-0.3196673551268575,0.050345649535054784,0.017749293837514793
3872,0.15313076142367418,-0.07291544955192879,-0.2846141321645845,0.07291544955192879,0.004789332949628834
3873,0.16088966655619777,-0.056084329170015886,-0.2632488731506839,0.056084329170015886,0.020953116106477317
3874,0.16185952222717095,-0.0531935774609881,-0.25274788575557616,0.0531935774609881,0.024403480247569123
3875,0.16443831686896992,-0.03528495834762145,-0.2574445275404847,0.03528495834762145,0.038315262799560136
3876,0.16082135258903646,-0.06739387502334503,-0.28164910153171696,0.06739387502334503,0.009090671140844423
3877,0.15264792325189117,-0.054498931847679746,-0.23416478313223882,0.054498931847679746,0.021821809049600325
3878,0.15865140730705798,-0.041288258323732105,-0.24491147268925959,0.041288258323732105,0.034153793431541284
3879,0.15070880571452258,-0.07186283670928477,-0.25649286139256555,0.07186283670928477,0.005475914666892691
3880,0.14507822885291044,-0.05670640130580863,-0.22118580299255539,0.05670640130580863,0.0190559236630521
3881,0.1641280912547226,-0.030360594102113742,-0.24504185941817197,0.030360594102113742,0.03859169989767716
3882,0.1663701236230081,-0.02164198083120254,-0.2424208433202586,0.02164198083120254,0.047737668762971905
3883,0.15233563830683267,-0.026605590738778856,-0.23273077825521357,0.026605590738778856,0.044873799440162704
3884,0.14667278568088912,-0.03448002190286374,-0.19922455197399985,0.03448002190286374,0.04098522654592111
3885,0.15485939253512954,-0.05812220268488947,-0.23237771792364836,0.05812220268488947,0.020981905303958014
3886,0.15205170084120143,-0.059754524463621096,-0.22610286858937473,0.059754524463621096,0.02172151988675284
3887,0.1553972365741853,-0.07045489123220468,-0.25926063414598016,0.07045489123220468,0.007717415390347283
3888,0.1631134387894916,-0.059017992859197975,-0.2733585005171691,0.059017992859197975,0.010482488858366739
3889,0.1621202158281109,-0.01524702700247276,-0.25611836022970635,0.01524702700247276,0.04436036954701862
3890,0.1633995748995097,-0.012868169246088927,-0.23037278344144155,0.012868169246088927,0.05583504074934607
3891,0.1582233767785686,0.0021567076463193404,-0.2042581047929936,-0.0021567076463193404,0.07203939379839672
3892,0.15645248944893328,0.025417588824572897,-0.22043121627258364,-0.025417588824572897,0.0800650443284347
3893,0.14830002063600714,0.02917960760474395,-0.22660620983150315,-0.02917960760474395,0.07938919106294604
3894,0.14416168475279176,0.01253107394432493,-0.222401166810983,-0.01253107394432493,0.070746016744846
3895,0.15977477804580884,-0.00938221010266014,-0.25056060980768524,0.00938221010266014,0.053546862544904074
3896,0.16485512935069818,-0.033523226864309495,-0.25274053051529866,0.033523226864309495,0.03481446753445325
3897,0.1502907897135105,-0.07295659665542652,-0.27016591342512,0.07295659665542652,0.002456462856173519
3898,0.15741094194080305,-0.04380292389644164,-0.26206070298017947,0.04380292389644164,0.02568233958026424
3899,0.15307907280507335,-0.08041855394958865,-0.2798365715846376,0.08041855394958865,-0.0082571633091762
3900,0.14930220492241747,0.012758132904751309,-0.224312048962467,-0.012758132904751309,0.06656919830321385
3901,0.15478211642061843,0.031021465863600786,-0.2297781318515271,-0.031021465863600786,0.07796228032098686
3902,0.14664400811273687,-0.022171644454006857,-0.25252926486481386,0.022171644454006857,0.039126488264133494
3903,0.14503652451578666,-0.027314263895556003,-0.24372772828669648,0.027314263895556003,0.03543744798997751
3904,0.16190651260821262,0.02835867139024774,-0.25786233475877196,-0.02835867139024774,0.06195386960492624
3905,0.16399871208439576,0.02863183809649227,-0.2536984046138186,-0.02863183809649227,0.06297121412574519
3906,0.1477615168586562,-0.04432128285812742,-0.26409771331036935,0.04432128285812742,0.014413932716834589
3907,0.1346067724549045,-0.08263283533007072,-0.23140847771717168,0.08263283533007072,-0.007976056910800174
3908,0.13924234944693684,-0.07519008226353832,-0.24008829328657738,0.07519008226353832,-0.0025693239794750563
3909,0.13394701650395693,-0.09160862194906925,-0.2138212993345993,0.09160862194906925,-0.017738813333915315
3910,0.1478178276542741,-0.07025757454122072,-0.2484533957657685,0.07025757454122072,-0.001912827437373172
3911,0.1497057778692002,-0.03669179562510974,-0.27261337190384205,0.03669179562510974,0.026818723624750195
3912,0.16092606358446834,0.03474207314451523,-0.21639664581978385,-0.03474207314451523,0.0842060487626849
3913,0.16852602734797184,0.04869810956637759,-0.2118452268864279,-0.04869810956637759,0.09175155929830113
3914,0.1672657485434478,0.03504609015273035,-0.19116988697102244,-0.03504609015273035,0.08663545849374922
3915,0.17364485083621053,0.010765981237359754,-0.2160257374345163,-0.010765981237359754,0.070887982547126
3916,0.16960094088973407,0.01713558053579281,-0.19937261821753646,-0.01713558053579281,0.0748700874419313
3917,0.1692248363250034,0.012803322069042356,-0.19905021388248897,-0.012803322069042356,0.07158392855838731
3918,0.1610165665046376,0.0019073367063422598,-0.1898132942849603,-0.0019073367063422598,0.06410555509727735
3919,0.170701112674511,0.019452808614912404,-0.196411288197127,-0.019452808614912404,0.07862944026729292
3920,0.17771114681450836,0.008257337040369175,-0.25337220487049583,-0.008257337040369175,0.0666919965137272
3921,0.17644178286726836,-0.023623868863173834,-0.27379674415042854,0.023623868863173834,0.03854454059143193
3922,0.17055988171805875,-0.03342846140317616,-0.2557185766878599,0.03342846140317616,0.03626741460425797
3923,0.18796506333032723,-0.03809774959128605,-0.27496097856849844,0.03809774959128605,0.028905257719330016
3924,0.17357413055930024,-0.047540764150070636,-0.26398160838482176,0.047540764150070636,0.02680465929098111
3925,0.16216222294574703,-0.04468487768051854,-0.23419119855965112,0.04468487768051854,0.031868971274266675
3926,0.1924219913786308,0.03276756731028775,-0.32465789538864487,-0.03276756731028775,0.09862750449049201
3927,0.1793904452963369,-0.019758179716243506,-0.3118618709033753,0.019758179716243506,0.058583174063153144
3928,0.17344859070805135,-0.06303837699552499,-0.3327369758284281,0.06303837699552499,0.019583516326559677
3929,0.17816881132842266,-0.04519951519834263,-0.3266516224504439,0.04519951519834263,0.03576151702563881
3930,0.1873388542386021,0.008602658344768364,-0.3000949329052047,-0.008602658344768364,0.08632258332348988
3931,0.17879125770600313,0.017374103975711822,-0.34647881064463615,-0.017374103975711822,0.08505927723444694
3932,0.17813242907828347,0.009162272703227422,-0.30595251339266816,-0.009162272703227422,0.08220263746261725
3933,0.17159098039510792,0.005397557148997802,-0.3339527322544993,-0.005397557148997802,0.07884605571451798
3934,0.19501709530921466,0.022030315661778887,-0.3457359679270301,-0.022030315661778887,0.0912105680751865
3935,0.18157601112736824,0.016096189867791183,-0.30556558973439124,-0.016096189867791183,0.086777403941763
3936,0.18506152631442283,0.0157558991012604,-0.3360607746678634,-0.0157558991012604,0.08235077075829725
3937,0.1998079348251961,0.0204701263406583,-0.35753480876612964,-0.0204701263406583,0.08704141678656453
3938,0.17919420647000361,-0.010272702722605043,-0.34692197393143065,0.010272702722605043,0.058048704293511166
3939,0.18598042668971915,0.04166647428481031,-0.33307585931369355,-0.04166647428481031,0.09236894288322535
3940,0.17408180687402172,-0.015940386157826923,-0.31984917267269974,0.015940386157826923,0.04770863961812498
3941,0.1787684538990141,-0.09368094595493637,-0.35163533390275514,0.09368094595493637,-0.015141273424378786
3942,0.2031211312831373,0.05524235710072499,-0.3379303445170881,-0.05524235710072499,0.1149067612309053
3943,0.19667001843051576,0.04130343493970735,-0.35366013100540244,-0.04130343493970735,0.09996933548928863
3944,0.1836256526941911,0.02076831199243401,-0.28875491306239387,-0.02076831199243401,0.08790991930992569
3945,0.1908033233733887,0.04781239481477888,-0.32538917593258554,-0.04781239481477888,0.10275412109596861
3946,0.19466872890007866,0.0478557004731609,-0.3597964763190901,-0.0478557004731609,0.09696192361893925
3947,0.18930359160995308,-0.15512052006692695,-0.36663789534139624,0.15512052006692695,-0.07577556625352336
3948,0.20203423839429535,-0.0486947551999006,-0.326857392087223,0.0486947551999006,0.01044319038775544
3949,0.17103736268788225,-0.15672848821807936,-0.35774291349290155,0.15672848821807936,-0.07477066621699609
3950,0.1607737575023809,-0.013706671273849766,-0.335988131227681,0.013706671273849766,0.05176004590333424
3951,0.1633021942930066,-0.016281434995496922,-0.26053064423385897,0.016281434995496922,0.05596477933251338
3952,0.17818265678505815,0.03862071893607648,-0.25100467730279025,-0.03862071893607648,0.09301061928889658
3953,0.16888203650123937,0.032756753532970154,-0.21196529009114662,-0.032756753532970154,0.09779319946801254
3954,0.16385439466312743,0.02503964110019336,-0.2119710043724733,-0.02503964110019336,0.09127471839452078
3955,0.16423863865140995,0.02680128377750729,-0.20623157914256432,-0.02680128377750729,0.09351906784998333
3956,0.16274737043252704,0.0230219465735185,-0.19702476026445045,-0.0230219465735185,0.09187439193069705
3957,0.15459950578180726,0.010339968994784518,-0.19295335324328325,-0.010339968994784518,0.08166701421306237
3958,0.1587737488232253,-0.06161089314423062,-0.2585839618722106,0.06161089314423062,0.020210033986605244
3959,0.1637526784839345,-0.04936120175034158,-0.2653822247647526,0.04936120175034158,0.027802086397747314
3960,0.18619961948863853,-0.01715416130222003,-0.28729841430613257,0.01715416130222003,0.04748062500026118
3961,0.158821759940581,-0.06300543092360321,-0.2589289053653475,0.06300543092360321,0.014690077862760964
3962,0.15518274417994404,-0.09423530420624222,-0.2849354020900842,0.09423530420624222,-0.013206622844864662
3963,0.16235181922534103,-0.03008708485462062,-0.24660298700630776,0.03008708485462062,0.04038983204500669
3964,0.16485410387449315,-0.05201703573298586,-0.26373582284419417,0.05201703573298586,0.022338344397596605
3965,0.15952353505513955,-0.054144556848914976,-0.25766962390774006,0.054144556848914976,0.02018631177892379
3966,0.16126483733530306,-0.04266224548652666,-0.2526329355091698,0.04266224548652666,0.03087350555866018
3967,0.16626170633059867,-0.047569524712731855,-0.2637612825033456,0.047569524712731855,0.024719400789328046
3968,0.164408495561711,-0.016767619264439197,-0.22860389510840926,0.016767619264439197,0.05221258425017647
3969,0.16279500140928369,-0.0754334642901897,-0.27651989763730744,0.0754334642901897,0.0018645748282902937
3970,0.14764122597090146,-0.06939891609110872,-0.23864212011442978,0.06939891609110872,0.010351877059186304
3971,0.152847435141439,-0.043950815154743195,-0.21485868955817566,0.043950815154743195,0.033711509467192105
3972,0.15278215567419187,-0.05222784628434294,-0.21638766844035287,0.05222784628434294,0.026782476044647962
3973,0.14720653609893852,-0.07905638281875492,-0.2367006701173188,0.07905638281875492,0.003563318902297111
3974,0.14762615177556979,-0.10142303125343032,-0.27489209767194284,0.10142303125343032,-0.019519442884514855
3975,0.1875619627527078,-0.06199654476648225,-0.35479780619372264,0.06199654476648225,0.008712872759574351
3976,0.1854629964914585,-0.016635197254171816,-0.30649160979304907,0.016635197254171816,0.041530313715738676
3977,0.14805048119939007,-0.0038799653225100664,-0.23650016411007196,0.0038799653225100664,0.06126223894362989
3978,0.1500154575509092,-0.004284864143314978,-0.24033610259109514,0.004284864143314978,0.058343915745733124
3979,0.1537490174269108,-0.03868910712008813,-0.2545883615146293,0.03868910712008813,0.030015379401187946
3980,0.1574184120573572,-0.05691774417671334,-0.26000080804276315,0.05691774417671334,0.016071259621884177
3981,0.15154600478339358,-0.06216700718293256,-0.2437832737194482,0.06216700718293256,0.014265283788571961
3982,0.1526940398996851,-0.0817922515258632,-0.24304253898412426,0.0817922515258632,-0.0003909116926221092
3983,0.15069320338756612,-0.05813564358290379,-0.22839397427141114,0.05813564358290379,0.01895594064937788
3984,0.15607602254333494,-0.05725829908171357,-0.24931161893661435,0.05725829908171357,0.015135919619280826
3985,0.15399842203374708,-0.0392635187998678,-0.261570538443499,0.0392635187998678,0.02764960654598225
3986,0.15518763818981265,-0.017599235548000705,-0.25155366493223547,0.017599235548000705,0.04214694252479307
3987,0.14438189921272582,-0.05755093823130372,-0.27592506085686286,0.05755093823130372,0.007750225726084863
3988,0.1521596883394522,-0.06535493417944636,-0.2719338087476233,0.06535493417944636,0.0026022942994305665
3989,0.14731299958531077,-0.0896678743677461,-0.26865494920195104,0.0896678743677461,-0.01427574599467853
3990,0.15113264046577451,-0.07975803579605181,-0.2980636914806797,0.07975803579605181,-0.010254031699008532
3991,0.14569153771244736,-0.036410122718095406,-0.23754879207280116,0.036410122718095406,0.02710906349737841
3992,0.14198562403653928,-0.05644768269186972,-0.23039286127060235,0.05644768269186972,0.01752156205475236
3993,0.13370109581579348,-0.08701596136759515,-0.24173034549100025,0.08701596136759515,-0.013027468614596307
3994,0.15737595652201647,-0.09240979032832315,-0.34967568756142436,0.09240979032832315,-0.025366385702030928
3995,0.14966588001434833,-0.09656423621852632,-0.33745422074493286,0.09656423621852632,-0.029149374884695167
3996,0.1596951199166871,-0.04818947802013079,-0.27893103914891704,0.04818947802013079,0.01869986278498715
3997,0.16315364113201972,0.012726178301361113,-0.25009197260525207,-0.012726178301361113,0.06722431049499854
3998,0.15903045290992843,0.018773586657539563,-0.22572791727919367,-0.018773586657539563,0.07361381052486003
3999,0.15670489545262858,0.023940617762710156,-0.1996842955074178,-0.023940617762710156,0.07944985408083273
4000,0.1621557115700688,0.020512648757894325,-0.19182966620423633,-0.020512648757894325,0.07767229225231077
4001,0.16628491813648508,0.017367776556566523,-0.20892128245977318,-0.017367776556566523,0.07402905126287347
4002,0.1661687273343758,-0.03612445544237464,-0.24222564172415859,0.03612445544237464,0.029211980166586222
4003,0.1608520236215522,-0.0012689740448194912,-0.2004064783174028,0.0012689740448194912,0.061104611324983044
4004,0.16908554926352215,0.012723156695823003,-0.1997321305700103,-0.012723156695823003,0.07196876087797177
4005,0.17161040690257437,0.020942598440114188,-0.2024343819471858,-0.020942598440114188,0.07848742266363536
4006,0.16985100567167208,0.027727033643141375,-0.199961469326911,-0.027727033643141375,0.08273014029026592
4007,0.16568361706050394,-0.019866895944797555,-0.22090135808938421,0.019866895944797555,0.04803216920018841
4008,0.16259084849931746,-0.05401978942665542,-0.2444018903283915,0.05401978942665542,0.01907918361157046
4009,0.16006328096917155,-0.0723582450835257,-0.2437052667404449,0.0723582450835257,0.007064411142800171
4010,0.16371857391152356,-0.06769202659564601,-0.27699994333048755,0.06769202659564601,0.006490619456703818
4011,0.1678024339267543,-0.04532037238848662,-0.24057232834505873,0.04532037238848662,0.028815005708631287
4012,0.1941088027332006,0.0391087589024047,-0.3320514662412781,-0.0391087589024047,0.10742464179769827
4013,0.16628975646824062,-0.02537462718673991,-0.3056310496214741,0.02537462718673991,0.055767888161142566
4014,0.1793655903695472,-0.004554136194955591,-0.31718404084698765,0.004554136194955591,0.07348485049826843
4015,0.19581901955882783,0.04244482602066393,-0.32223799209327303,-0.04244482602066393,0.10746969505139332
4016,0.19479483104339462,0.058452170870924226,-0.3398833990209492,-0.058452170870924226,0.12102139794784834
4017,0.19648151431071426,0.04779934841800788,-0.35143470671574956,-0.04779934841800788,0.10863288697745883
4018,0.19194911176558413,0.043075193611763374,-0.3564294247370947,-0.043075193611763374,0.10379438631747963
4019,0.19259847712824085,0.06501776142766176,-0.3504098125313323,-0.06501776142766176,0.12003507268593772
4020,0.18919062861942673,0.0450055730944771,-0.31938187933146756,-0.0450055730944771,0.10229705220063688
4021,0.1839813004509601,0.02382824780951248,-0.28090222076953864,-0.02382824780951248,0.08487469686737754
4022,0.18396701956850575,0.05358061293496785,-0.35382708151868053,-0.05358061293496785,0.10362383282000702
4023,0.20044836492193857,0.07609741096963178,-0.3276285391473791,-0.07609741096963178,0.13008141010235924
4024,0.2096339139958728,0.060494605134052616,-0.33229456295046556,-0.060494605134052616,0.12039750794884127
4025,0.19928619770497816,0.054025322710503865,-0.34373530744250397,-0.054025322710503865,0.10759920356495797
4026,0.20030795860110867,0.06481955202462805,-0.3232693141427109,-0.06481955202462805,0.11064648397708408
4027,0.19290531702779595,0.06279330673474756,-0.33519898813977944,-0.06279330673474756,0.1085010322524705
4028,0.20492317997243975,0.06285681915172976,-0.34979678106172024,-0.06285681915172976,0.08977273609561792
4029,0.19297528248828033,0.02877096490634419,-0.3316884802706264,-0.02877096490634419,0.07288404917677181
4030,0.19188018069646376,-0.006827678896615807,-0.31682942111808604,0.006827678896615807,0.052851242857022876
4031,0.18762885512236507,-0.003415507621403547,-0.2843362709141052,0.003415507621403547,0.05013023534307999
4032,0.17220612469522031,-0.023787055894402494,-0.2797861540422534,0.023787055894402494,0.04456594711199447
4033,0.1927966052818481,0.05085791663946266,-0.26851890927669275,-0.05085791663946266,0.10332760053310365
4034,0.17468002391127416,0.05040895013022909,-0.2550225796127719,-0.05040895013022909,0.10051507434674256
4035,0.17115041068047723,0.0412512141449416,-0.23392908823999692,-0.0412512141449416,0.09517671243808679
4036,0.16758885302572116,0.02572488495568227,-0.2152694606870881,-0.02572488495568227,0.08985156736447673
4037,0.16162807892915387,0.022024689908896722,-0.19480122060620916,-0.022024689908896722,0.091533576165748
4038,0.1522005724315474,0.012636010826385873,-0.19898237482703815,-0.012636010826385873,0.08259260179619844
4039,0.1664779346480107,-0.024555340177910695,-0.26836794346455495,0.024555340177910695,0.04556117114898969
4040,0.17115389717936008,-0.029097032009958078,-0.25466224190184994,0.029097032009958078,0.043971257512072294
4041,0.1637269582024402,-0.037512849921357755,-0.25083355214738134,0.037512849921357755,0.03567359085146661
4042,0.1559237398207352,-0.08755762499275072,-0.2963192486327797,0.08755762499275072,-0.011059589731636009
4043,0.16359685677775482,-0.05618705465179436,-0.26791225171233957,0.05618705465179436,0.01791940411725509
4044,0.15874756588910918,-0.0379292409858957,-0.24010457049403397,0.0379292409858957,0.03520151514027344
4045,0.1670807363618985,-0.03833446857276933,-0.2574946034800372,0.03833446857276933,0.03521244387944239
4046,0.15556906897664413,-0.0397720281343022,-0.24701636121860576,0.0397720281343022,0.034672840733590365
4047,0.16075365976890657,-0.02300575650751751,-0.24736081002185173,0.02300575650751751,0.04739087979203312
4048,0.1674625263417773,0.00496208541367698,-0.23457030592600778,-0.00496208541367698,0.06834592779802746
4049,0.16503772377262496,-0.04664998472416596,-0.2672979627539553,0.04664998472416596,0.0247055200469248
4050,0.16622282698967075,-0.015596176699912336,-0.22429304013046678,0.015596176699912336,0.05279543414732525
4051,0.16463776198207175,-0.01305280905380335,-0.23153293416965398,0.01305280905380335,0.05306907528990278
4052,0.1572345247709204,-0.014049818578318241,-0.23484711074532727,0.014049818578318241,0.05107457669384234
4053,0.15456339813307088,-0.06613905517162531,-0.26404491948550646,0.06613905517162531,0.009081747118985059
4054,0.1568346358529705,-0.05709463975631324,-0.2688676682587167,0.05709463975631324,0.01270855932341365
4055,0.1633592091217762,-0.01224307975249388,-0.24854573039522995,0.01224307975249388,0.0530186041677958
4056,0.15434476166231817,-0.015316258769458671,-0.24079496779667958,0.015316258769458671,0.04907007244404471
4057,0.15047210725149657,-0.019793207535682818,-0.22646965612344172,0.019793207535682818,0.04890638404428617
4058,0.15427650716411986,-0.013289361349229614,-0.22400709268867378,0.013289361349229614,0.05234767428742245
4059,0.15431624710376457,-0.032233839147641136,-0.24014729850741987,0.032233839147641136,0.03274781171492109
4060,0.16109060614883283,0.007277621874150182,-0.21575752543258556,-0.007277621874150182,0.06700713779047385
4061,0.16424384453277874,0.011205880667701295,-0.19289178721695724,-0.011205880667701295,0.07448267012507645
4062,0.1514111709813654,-0.1021563233269239,-0.25608122232355685,0.1021563233269239,-0.022237673176459444
4063,0.14553818939190533,-0.13129100985971873,-0.29470635764988656,0.13129100985971873,-0.04916071423997444
4064,0.1443402508092022,-0.1147549219839201,-0.27589614122616357,0.1147549219839201,-0.03437672717535993
4065,0.14851312853504892,-0.13308588214960468,-0.30233533459581013,0.13308588214960468,-0.052901180758035043
4066,0.15552755282982844,-0.03539781870695369,-0.25021519905681694,0.03539781870695369,0.031965024323916603
4067,0.1488925606706431,-0.01366330173093691,-0.21576186945463552,0.01366330173093691,0.05235242325938364
4068,0.13810916926044733,-0.09725926635725694,-0.3223147880664225,0.09725926635725694,-0.031202266747662088
4069,0.14838508307004492,-0.16981579900723215,-0.29831928380934314,0.16981579900723215,-0.08812502594883852
4070,0.16187017779393137,-0.10136951804269989,-0.2867769987289977,0.10136951804269989,-0.025432684804096873
4071,0.16338223756127376,-0.0781224296885402,-0.2758252933460232,0.0781224296885402,-0.004977462045943535
4072,0.14506790852433138,-0.11901029354926321,-0.2805831620269389,0.11901029354926321,-0.040729415108725193
4073,0.13404685668191196,-0.06714660392173562,-0.18417459595322722,0.06714660392173562,0.007236203474476612
4074,0.161304795626564,-0.049224085063047124,-0.31044757186972016,0.049224085063047124,0.014860642079184113
4075,0.15690062815004072,-0.04265479090298964,-0.2934915163805726,0.04265479090298964,0.01736528337859252
4076,0.1675472881162912,-0.009985511005700687,-0.2650478824715652,0.009985511005700687,0.04892751333773144
4077,0.17853561823274008,-0.03189471392546204,-0.2779488218917698,0.03189471392546204,0.03607489405188605
4078,0.16904621463482314,0.02672124207964222,-0.21729829234347214,-0.02672124207964222,0.0846033745453314
4079,0.1724961593928586,0.02399295154477735,-0.2344831221591225,-0.02399295154477735,0.08253974040442212
4080,0.15164007404139918,-0.0016739341948213895,-0.20910230296635166,0.0016739341948213895,0.06023383947905456
4081,0.1458568496263963,-0.020747385411857753,-0.2307507440110484,0.020747385411857753,0.043591945060620585
4082,0.14757748201370186,-0.03219517252835191,-0.23289441816175704,0.03219517252835191,0.03549148489092506
4083,0.15629508010768167,-0.012227865189391842,-0.24595102936973426,0.012227865189391842,0.046229248768676914
4084,0.15669227586201268,-0.017007984791727014,-0.22442889335036245,0.017007984791727014,0.047399691627359054
4085,0.16185048980647257,0.006202455208123686,-0.22225461911279262,-0.006202455208123686,0.06403319884890155
4086,0.16483007596227833,-0.0067363267325963655,-0.22164333402743394,0.0067363267325963655,0.05347968027377365
4087,0.16461630749160905,-0.014371854804781231,-0.23462926281813784,0.014371854804781231,0.05047981564827012
4088,0.1589730764998698,-0.03330186127298938,-0.2235646284030379,0.03330186127298938,0.03875608200731264
4089,0.155641739016989,-0.040964620565749704,-0.2121388390607124,0.040964620565749704,0.035065087062197145
4090,0.1605388734248067,-0.045352030185512815,-0.23564746988022156,0.045352030185512815,0.029689399545690703
4091,0.1597317197678015,-0.04819382500190024,-0.27198515762076336,0.04819382500190024,0.023426377271293666
4092,0.15698924905030437,-0.05048488179635343,-0.2294790184417575,0.05048488179635343,0.026567248805726064
4093,0.1522952803296742,-0.031060031395714314,-0.2295237159359344,0.031060031395714314,0.04153083393515168
4094,0.21413426915686845,0.06057154402027372,-0.3040516405051446,-0.06057154402027372,0.1252010150628686
4095,0.2022992925802116,0.04318696756874118,-0.30313577045564205,-0.04318696756874118,0.10978668238591423
4096,0.2011030876949613,0.03914866321337036,-0.28990432132813043,-0.03914866321337036,0.10813314823758848
4097,0.1933357929123039,0.02553838043188576,-0.29593022436356914,-0.02553838043188576,0.09661753947986029
4098,0.16294383785110694,-0.011426497257831068,-0.32047970291213096,0.011426497257831068,0.06037968819078814
4099,0.14395187173778898,0.007575157336896832,-0.3033941323804727,-0.007575157336896832,0.07300295469285115
4100,0.1727990989258294,0.022178053792198577,-0.33505453004768215,-0.022178053792198577,0.08242765869606422
4101,0.18952962857969946,0.05477590972811702,-0.3542447320909784,-0.05477590972811702,0.11142122743511673
4102,0.18892545506343153,0.04755284801922308,-0.3525720015688254,-0.04755284801922308,0.10582595371597499
4103,0.18345453954131438,0.036966251134558606,-0.3160111697821013,-0.036966251134558606,0.09509594104013346
4104,0.19837669054936527,0.06783646571011145,-0.3756709598301448,-0.06783646571011145,0.11789271539403351
4105,0.19205580583079354,0.06767296028416439,-0.34934445086939,-0.06767296028416439,0.12003214985748904
4106,0.20995044641362312,0.06686548648822672,-0.3150242943746686,-0.06686548648822672,0.11660756834708934
4107,0.20609478853922852,0.06586501477734955,-0.3071256868273134,-0.06586501477734955,0.10262706540855784
4108,0.20505853419549488,0.0709808390018099,-0.292521823270641,-0.0709808390018099,0.11152148182513805
4109,0.18382977238041504,0.029752356522254234,-0.2602498914843392,-0.029752356522254234,0.08808705700405911
4110,0.19380051548554664,0.04759970570384704,-0.2614033844324478,-0.04759970570384704,0.09865867046477307
4111,0.19626894764723204,0.046272399191933246,-0.2969733690046192,-0.046272399191933246,0.08690444519980027
4112,0.1929466456546447,0.055073801209013014,-0.2618971468036946,-0.055073801209013014,0.09868025209152449
4113,0.20419669330643406,0.07223251628988295,-0.2830140481564361,-0.07223251628988295,0.09671617312309004
4114,0.1766166855510186,0.043186290404249414,-0.22684401413750907,-0.043186290404249414,0.10126566434836509
4115,0.17116738692030833,0.02527922637414211,-0.2327164611703174,-0.02527922637414211,0.09024639736473375
4116,0.1748524776255021,0.039272468593185415,-0.22650076410022102,-0.039272468593185415,0.09852809251198039
4117,0.1662410879534966,0.03885188693772296,-0.2307968856650155,-0.03885188693772296,0.09437799737506235
4118,0.16411831356964177,0.017520627601309405,-0.21724414530051156,-0.017520627601309405,0.08454498865335228
4119,0.16578482448207932,-0.003945541395107899,-0.2430620936372801,0.003945541395107899,0.06416455001860101
4120,0.1534671797478593,-0.019365126438441124,-0.24312485678596255,0.019365126438441124,0.05361831589749314
4121,0.16588050794177567,-0.021260228056673654,-0.2665044262057088,0.021260228056673654,0.05039441795561868
4122,0.16995683983532944,-0.0316995867369706,-0.25966480096310035,0.0316995867369706,0.041897891854128906
4123,0.16581772915247844,-0.021546863233701467,-0.24689331452951938,0.021546863233701467,0.0476950569343291
4124,0.15100729150630224,-0.04678412822210101,-0.24495017134010102,0.04678412822210101,0.029636816890393564
4125,0.15964100013101687,-0.03616208947010089,-0.24766430000021175,0.03616208947010089,0.0373320924149328
4126,0.1577570650781919,-0.06145637430923462,-0.27114327946053796,0.06145637430923462,0.013545748096208439
4127,0.16105697827398646,-0.03671085733655559,-0.23823928171051034,0.03671085733655559,0.03545268758725917
4128,0.15437422571497408,-0.0643967664630922,-0.26195745840351975,0.0643967664630922,0.010572356457616398
4129,0.15465011977396945,-0.05142986196680531,-0.27953510666418135,0.05142986196680531,0.020021464504032156
4130,0.1707675033673551,-0.022819610327012445,-0.2884726899004119,0.022819610327012445,0.042883412296778306
4131,0.17473456364594658,-0.01745263665623623,-0.2707117553942047,0.01745263665623623,0.04860977705990759
4132,0.1597458518554083,-0.055731776338134364,-0.2871892939394737,0.055731776338134364,0.01496238656491481
4133,0.1685216589350627,-0.04103003359094819,-0.29557331097726586,0.04103003359094819,0.02364757139736164
4134,0.15291985486984994,-0.0542037464889868,-0.27411161078834256,0.0542037464889868,0.0162820676754406
4135,0.1472899273845098,-0.07157820162011452,-0.29551721620295873,0.07157820162011452,-0.003913194779617876
4136,0.17092506631181123,0.004570339284175682,-0.2986593701198205,-0.004570339284175682,0.05684382540306888
4137,0.1640431040488606,-0.029858065225755275,-0.2730982162366029,0.029858065225755275,0.03309867275322464
4138,0.1618196273650923,0.03215716388886451,-0.19989580110170505,-0.03215716388886451,0.08800644015496188
4139,0.1618049308582371,0.016250710783041893,-0.20052773117701786,-0.016250710783041893,0.07721753900994854
4140,0.15516857646457555,-0.001147918337116679,-0.2100744688300589,0.001147918337116679,0.06367192259891441
4141,0.15040949372203724,-0.07793608111275646,-0.2619834674297513,0.07793608111275646,-0.0015905821233931142
4142,0.15652282282989266,-0.05622578248822499,-0.2847895894045618,0.05622578248822499,0.014345779429519905
4143,0.15753643803131911,-0.015476389304769566,-0.20514247024168053,0.015476389304769566,0.05370054875704526
4144,0.1656471512524385,-0.061596440610452836,-0.2781476123848245,0.061596440610452836,0.008458380061104786
4145,0.1539426136213625,-0.10988794731886645,-0.30319536398926783,0.10988794731886645,-0.034012213809048966
4146,0.15979472052938554,-0.06538684530879431,-0.2910480626291437,0.06538684530879431,-0.0005900418015019102
4147,0.16041027420827225,-0.06508360391808406,-0.3045490780913856,0.06508360391808406,0.0010817773457165835
4148,0.1580745811936374,-0.020041454093660427,-0.24588652467896654,0.020041454093660427,0.04344524930684095
4149,0.15473704718946463,-0.007975439769841625,-0.21740142080816952,0.007975439769841625,0.05594913880687448
4150,0.15228873031004617,-0.0938413942249169,-0.26366519961044077,0.0938413942249169,-0.01637038656442041
4151,0.13711334681266582,-0.10945849753028339,-0.3125668356189761,0.10945849753028339,-0.038594560538744
4152,0.1599664252988483,-0.11533173551060023,-0.2906767298088254,0.11533173551060023,-0.038866384236601374
4153,0.15697107562492144,-0.08916849742133466,-0.2700620974272994,0.08916849742133466,-0.012197477053975113
4154,0.1540389821851694,-0.07093369250247952,-0.2544184933733139,0.07093369250247952,0.006077971576465367
4155,0.1339290772340577,-0.09706430934776149,-0.21159917699643335,0.09706430934776149,-0.022425254238976153
4156,0.15792048527581942,-0.12336933123555967,-0.373248395739294,0.12336933123555967,-0.05759864468815571
4157,0.1609745339983696,-0.10157637345915234,-0.3750515888796982,0.10157637345915234,-0.03826205266363446
4158,0.19551454795172077,0.008361468179336754,-0.34386364388774016,-0.008361468179336754,0.0703272395776891
4159,0.20200496884480285,-0.01290657154194307,-0.32435031849615076,0.01290657154194307,0.05705235269555307
4160,0.16227771491798018,-0.061291654247905336,-0.26116617082619425,0.061291654247905336,0.012344370627919776
4161,0.17159396563471974,-0.026391310934966977,-0.2656487470853827,0.026391310934966977,0.03963308520720633
4162,0.16276714501985443,0.011315534701677432,-0.22770678681264164,-0.011315534701677432,0.06802122106707613
4163,0.15997999469389884,0.02050303903053369,-0.20247876271932644,-0.02050303903053369,0.07697103115850636
4164,0.15953211597708436,-0.006048899697032422,-0.22187525725369941,0.006048899697032422,0.05707160846493
4165,0.17298964829885666,0.003319776935512088,-0.25071165406551194,-0.003319776935512088,0.06414107485539476
4166,0.17017929762290693,-0.005345955544836384,-0.21161208312921703,0.005345955544836384,0.05827653437725634
4167,0.16954791040400988,0.015752405688872817,-0.20061769082241987,-0.015752405688872817,0.07507209854764131
4168,0.1616073234422948,-0.006985011433290708,-0.21003622148957282,0.006985011433290708,0.057672751614195446
4169,0.166719775540749,0.003526845796559664,-0.21040074247422025,-0.003526845796559664,0.06573418171319881
4170,0.1576285717408937,-0.021834351972818265,-0.21915664078834776,0.021834351972818265,0.04588531000723619
4171,0.14566413916877988,-0.04336879190122608,-0.21511088376183468,0.04336879190122608,0.03169289467422322
4172,0.15728267410510932,-0.051775087227119175,-0.2281414094538645,0.051775087227119175,0.02488865422845734
4173,0.15223567810868502,-0.03330309273472395,-0.22957085025921414,0.03330309273472395,0.03528045494363899
4174,0.1533413677758063,-0.014216200599325025,-0.21817892975724976,0.014216200599325025,0.05327891051220708
4175,0.15007655215671423,-0.011186979748759708,-0.22884048218611272,0.011186979748759708,0.0565837459077187
4176,0.1767433296304353,0.047343633331437464,-0.28898899793038424,-0.047343633331437464,0.11084152624444309
4177,0.1846808053958565,0.032669429235851324,-0.303663277003032,-0.032669429235851324,0.09177600896673475
4178,0.17155594119913162,0.021724238380130694,-0.251838191273843,-0.021724238380130694,0.09688750514113505
4179,0.1765295046802149,0.012703668136231657,-0.2792130551685104,-0.012703668136231657,0.08542984180174154
4180,0.161072552683503,0.0068095294514428,-0.31576572002743086,-0.0068095294514428,0.0755579111604238
4181,0.19964907317796088,0.040971041475132634,-0.29723873511492355,-0.040971041475132634,0.09213141643090723
4182,0.2041028312403442,0.0568855152696321,-0.31187831952689693,-0.0568855152696321,0.09350320069408176
4183,0.18187998408311817,0.00990643002927899,-0.3264519991301434,-0.00990643002927899,0.0690533361647873
4184,0.1641287820761798,-0.035254709038999174,-0.3699278302419698,0.035254709038999174,0.03015231216552273
4185,0.18004657870417098,0.02396701522150846,-0.3387361523439739,-0.02396701522150846,0.0787413274522903
4186,0.19591166089591777,0.07072071456620528,-0.32239716432634447,-0.07072071456620528,0.10196791449579344
4187,0.1905489438382866,0.054666262705017836,-0.3090552158677976,-0.054666262705017836,0.09887296562176313
4188,0.20044189406272653,0.05534694244917681,-0.29188135875485305,-0.05534694244917681,0.10144568768699522
4189,0.1922187518441656,0.05430318270746057,-0.2849074958214137,-0.05430318270746057,0.10244138256550392
4190,0.19211855558742919,0.05410490623238049,-0.2836469769216242,-0.05410490623238049,0.09680405923683164
4191,0.1803753128575922,0.040890390184835874,-0.24947416772944067,-0.040890390184835874,0.10250263871186954
4192,0.18373871665669578,0.048582197748988774,-0.25358335046388797,-0.048582197748988774,0.10282450912536854
4193,0.1846480268012801,0.04880236679847769,-0.2559334987777439,-0.04880236679847769,0.10130081813752664
4194,0.1859141308501331,0.04779960654807049,-0.24183204345856804,-0.04779960654807049,0.10196808739283224
4195,0.20557269271336231,0.07905607119939419,-0.2839071115365196,-0.07905607119939419,0.09977129719780856
4196,0.18236963322182415,0.05842598726244345,-0.2501587164893605,-0.05842598726244345,0.10384628619558711
4197,0.1734940844853316,0.04214680197011624,-0.23010019586137906,-0.04214680197011624,0.09967658572961184
4198,0.1676175138846196,0.033586580920768785,-0.22035395291926066,-0.033586580920768785,0.09617681989475399
4199,0.16095738661443745,0.029819885638438116,-0.21601412789852548,-0.029819885638438116,0.09615964290388013
4200,0.1615702865797917,0.034889077373754185,-0.22839700683147374,-0.034889077373754185,0.0957211406990767
4201,0.1541634419280468,-0.0462711456181468,-0.2716299503547827,0.0462711456181468,0.025062619990373004
4202,0.14689440166828785,-0.052257793222635976,-0.2755212446448187,0.052257793222635976,0.020899006124937093
4203,0.15560689995309343,-0.008022861829729529,-0.23874897286413665,0.008022861829729529,0.05695280678324615
4204,0.16917486864503806,0.02592115582523981,-0.24299778728341867,-0.02592115582523981,0.07746509675841394
4205,0.16322421505734136,0.022810254613976847,-0.2383090642866132,-0.022810254613976847,0.07677634298996626
4206,0.1583649805442073,-0.007233276787097309,-0.2592216215873412,0.007233276787097309,0.05381956579487547
4207,0.15469207084596936,-0.06692255730528851,-0.31080022899093457,0.06692255730528851,0.004254305875279659
4208,0.14828025916463575,-0.07786751044290866,-0.3239180795628496,0.07786751044290866,-0.006745801998681334
4209,0.15745439549503396,-0.05228105274750035,-0.3008756331800286,0.05228105274750035,0.017094232668755475
4210,0.15617295663544148,-0.053164082609617885,-0.3225397485677436,0.053164082609617885,0.011728302464854921
4211,0.16730583515630792,-0.024147925131375328,-0.3306395895747046,0.024147925131375328,0.03465072023240715
4212,0.17251810149527014,0.012620083773570335,-0.323212914914984,-0.012620083773570335,0.0605299262711886
4213,0.16284674200995217,-0.03127975583320088,-0.30736464217007103,0.03127975583320088,0.02529131074735444
4214,0.16083031565023062,-0.07374270677469366,-0.28827343893285196,0.07374270677469366,-0.00043509521452480697
4215,0.16267167791937304,0.009744960275554918,-0.21961368634790931,-0.009744960275554918,0.07047383875634235
4216,0.1650256366796859,0.006461459434188378,-0.2264861294650702,-0.006461459434188378,0.0674664377206468
4217,0.1570209598307702,-0.004670698500887723,-0.2467464217601921,0.004670698500887723,0.05431144909025459
4218,0.1649367050821504,0.02482854895315684,-0.25708797269447575,-0.02482854895315684,0.07183589788610259
4219,0.16837087081081706,0.03977027891282267,-0.2711769469131051,-0.03977027891282267,0.07203271425104787
4220,0.16177974703494072,-0.05456229064996137,-0.26352503960729307,0.05456229064996137,0.014445661834265853
4221,0.15668745434437495,-0.06994978112082019,-0.2480606994131416,0.06994978112082019,0.004682136170498558
4222,0.15409732946212176,-0.030188560556480157,-0.225045738022358,0.030188560556480157,0.04098010506526228
4223,0.15293233162592626,-0.06840924593953981,-0.2474812250207049,0.06840924593953981,0.010598784408762892
4224,0.15497844490129203,-0.09470405414415115,-0.26265972560502004,0.09470405414415115,-0.013883605386220662
4225,0.16234209884100986,-0.08462531883185312,-0.29650223476187015,0.08462531883185312,-0.011608562203312349
4226,0.1496182717266917,-0.09871755621505171,-0.2805529972586637,0.09871755621505171,-0.019918676842500427
4227,0.1486032557896493,-0.09229167151875964,-0.2590809901139182,0.09229167151875964,-0.012603413048395346
4228,0.15460213824576738,-0.04248006004647473,-0.2384736767905824,0.04248006004647473,0.023229475651884334
4229,0.15650392319582823,-0.010356198210016753,-0.22477169893971471,0.010356198210016753,0.052081519881820686
4230,0.15339944119460644,-0.02501997168471779,-0.23653471915002428,0.02501997168471779,0.03843175472207774
4231,0.1545013739434644,-0.03099083541642362,-0.2413200833696221,0.03099083541642362,0.034091804324042844
4232,0.15576142276603266,-0.08530308135451596,-0.31300433462639043,0.08530308135451596,-0.015110631410958902
4233,0.12999480503636604,-0.06082500472854808,-0.3413928010233049,0.06082500472854808,-0.003406150160132823
4234,0.15540648931036294,-0.10036168874178636,-0.2794193623792178,0.10036168874178636,-0.02267851492470779
4235,0.15262552925927764,-0.1077810351786821,-0.28731176323334956,0.1077810351786821,-0.030056720994026374
4236,0.1342970953718375,-0.13699824308049,-0.2513533387923062,0.13699824308049,-0.05062582038504366
4237,0.14146656979656544,-0.07723320560588215,-0.2341809692911846,0.07723320560588215,-0.009083447191137111
4238,0.16021416053301862,-0.04863753255227984,-0.3709587320748926,0.04863753255227984,0.002229672966740609
4239,0.1742896411318621,-0.07257982142579608,-0.35002554054743457,0.07257982142579608,-0.007129490068602974
4240,0.16730150341746108,-0.0427474969009009,-0.345435203915021,0.0427474969009009,0.017074638929088802
4241,0.19364953265076384,-0.0021704839011722683,-0.2959981378239397,0.0021704839011722683,0.058714439781131535
4242,0.16769695313504732,0.0003585871430871727,-0.22765482530175196,-0.0003585871430871727,0.06454545422957565
4243,0.16686798808473646,-0.023240027527976593,-0.24025891599018911,0.023240027527976593,0.04366367041191636
4244,0.1662631643851852,0.02859048479020379,-0.20335167073341118,-0.02859048479020379,0.08374246149270292
4245,0.16456492322735627,0.030727378705851984,-0.18940706744677793,-0.030727378705851984,0.08667501558129355
4246,0.16000625069836477,0.020376534124993385,-0.21524861468880102,-0.020376534124993385,0.0759137021847631
4247,0.16409787771824924,-0.008254165219392847,-0.21589006265171415,0.008254165219392847,0.057756026850405984
4248,0.17117817490467413,0.024268842474596625,-0.19277651211737973,-0.024268842474596625,0.08254281537105622
4249,0.17003040083962143,0.02017113629248492,-0.19399937313301374,-0.02017113629248492,0.08003180140283638
4250,0.16887396264733326,-0.00044734044909714924,-0.21486903979113067,0.00044734044909714924,0.06301713273036778
4251,0.17084436424506402,-0.002463625571011113,-0.21113245165105798,0.002463625571011113,0.06427442651359401
4252,0.16567539576459042,-0.06574278728517405,-0.27891631152180263,0.06574278728517405,0.009275509274467368
4253,0.16298393001655137,-0.07182087944751148,-0.305774039249168,0.07182087944751148,0.0011597617676788463
4254,0.16222854399887573,-0.07046572430888702,-0.274943914067642,0.07046572430888702,0.005529799531346556
4255,0.15897547271627258,-0.09323765847244057,-0.26025457230264604,0.09323765847244057,-0.010876952256270176
4256,0.15549464821753126,-0.05189888117060707,-0.27543123848441176,0.05189888117060707,0.0209282196509375
4257,0.1551076152726384,-0.08421748614828412,-0.2647231150616186,0.08421748614828412,-0.002379513059848459
4258,0.153227808387802,-0.04276155801920516,-0.24143560911214196,0.04276155801920516,0.034054641688126115
4259,0.18383932770069833,0.04047757885211307,-0.2418278165138836,-0.04047757885211307,0.11421518964961073
4260,0.1781365313966946,0.029324332654134564,-0.2781873315184448,-0.029324332654134564,0.09674612293427615
4261,0.1717198269962269,0.032227037100270244,-0.25615984006775677,-0.032227037100270244,0.10289265093725361
4262,0.17891953295940724,0.032282930057009385,-0.2727231397768543,-0.032282930057009385,0.09955724144308835
4263,0.1659301514633524,0.007486802800377318,-0.3175902740340433,-0.007486802800377318,0.0718581554632163
4264,0.17610631823091052,0.03183364599467867,-0.30715339429745425,-0.03183364599467867,0.08921454473163909
4265,0.18299772450291577,0.04374680732901412,-0.294028740878102,-0.04374680732901412,0.0946924177429325
4266,0.17636989899987704,0.02670898070174987,-0.32249837329870884,-0.02670898070174987,0.07792283784494676
4267,0.16967007925682787,0.02864467779893415,-0.32916877345069734,-0.02864467779893415,0.08428870913241308
4268,0.17787157940903936,0.035305054299809485,-0.3048587673525956,-0.035305054299809485,0.08932404020940539
4269,0.19525264883171864,0.04705663327969571,-0.31240372743516776,-0.04705663327969571,0.09679739924606845
4270,0.17895630433306473,0.029339711705541574,-0.3124577865391958,-0.029339711705541574,0.08604923167276032
4271,0.1888473988668261,0.03988748391747443,-0.2942607181724928,-0.03988748391747443,0.08668584893195942
4272,0.19505201186510276,0.05466030959002078,-0.28793707761436627,-0.05466030959002078,0.10427056625835168
4273,0.18938304182243737,0.04622595985793602,-0.28692581668681694,-0.04622595985793602,0.09402622433912682
4274,0.1901133598554959,0.04316266176890094,-0.2686847107553469,-0.04316266176890094,0.10140667611416034
4275,0.18564224323838943,0.01726392045503841,-0.2806553880529907,-0.01726392045503841,0.07918600113226873
4276,0.19298220574948147,0.055192591652073866,-0.2762646518174491,-0.055192591652073866,0.09922175276720592
4277,0.18739446349586517,0.0674851018768097,-0.28010031413178466,-0.0674851018768097,0.10372766417087041
4278,0.19700184923860747,0.08276921498110473,-0.3013120248154148,-0.08276921498110473,0.10178390764090713
4279,0.17260635547477007,0.04457768851578211,-0.2354604164735278,-0.04457768851578211,0.10567007600083952
4280,0.17095906343972098,0.03103721624416063,-0.23120450564241404,-0.03103721624416063,0.09730087323898874
4281,0.16372346492130263,-0.0018030284676380335,-0.2544017906032818,0.0018030284676380335,0.07042059581746793
4282,0.16123109234206875,0.014378906178739262,-0.2790201095382579,-0.014378906178739262,0.07842132229177685
4283,0.17067381998229872,0.016429873130390973,-0.27769654795458976,-0.016429873130390973,0.08132410495560086
4284,0.16168350488017594,-0.0025807010732773897,-0.2449268687856145,0.0025807010732773897,0.06843750210456638
4285,0.15070823605039918,-0.05152998855268637,-0.2737680689722625,0.05152998855268637,0.026609647076042443
4286,0.16942407145173133,0.011848811715620385,-0.2828660730461417,-0.011848811715620385,0.07293332139866213
4287,0.1743087835161392,0.0266886913466361,-0.2901718480492616,-0.0266886913466361,0.07878789039739802
4288,0.1605465815276586,-0.017217892595366227,-0.25979456918316174,0.017217892595366227,0.04714936298583849
4289,0.16439011740898135,-0.0008478494526863573,-0.2678044333930888,0.0008478494526863573,0.06023876739795546
4290,0.15458742562522435,-0.002876655614122453,-0.2505238795614525,0.002876655614122453,0.06005210256567551
4291,0.1354413911248833,-0.06369190977822044,-0.2998352534981027,0.06369190977822044,0.002125040198113596
4292,0.13871610511425553,-0.06554543346412023,-0.33365178321523703,0.06554543346412023,0.0011488889636079192
4293,0.15236578353761143,-0.028350922259457952,-0.34089179754681087,0.028350922259457952,0.030662393653477955
4294,0.15373526488776465,-0.04357523760737111,-0.3290317564726015,0.04357523760737111,0.01913359247480407
4295,0.14741907261564988,-0.08655678704815735,-0.30652260059738085,0.08655678704815735,-0.019109395131025702
4296,0.16167433253538904,-0.016214609605911104,-0.23682769384108568,0.016214609605911104,0.04932141208404873
4297,0.1685250203502701,0.023193580469217087,-0.20831507893291973,-0.023193580469217087,0.08165696829011543
4298,0.16192812343656088,-0.0010105803920316466,-0.21002901113878109,0.0010105803920316466,0.06378273646604302
4299,0.16035467968335826,-0.018920432226148903,-0.22913539022573354,0.018920432226148903,0.049476795561278875
4300,0.14662091007624006,-0.053268921862126305,-0.22815289419071363,0.053268921862126305,0.024005387578815814
4301,0.14815069778886195,-0.028844335754038733,-0.24064516083609402,0.028844335754038733,0.03840258530446166
4302,0.15253307792018503,-0.040574971287574764,-0.2737612199720022,0.040574971287574764,0.021992314247623317
4303,0.16040195853736317,-0.10572865558015093,-0.29600899949945514,0.10572865558015093,-0.027464976844417472
4304,0.1529783641664243,-0.12669862381647548,-0.2861023252780058,0.12669862381647548,-0.04310282927473877
4305,0.15694280559155435,-0.06647128470314412,-0.24911055183081685,0.06647128470314412,0.010541342999715143
4306,0.1585743630727472,-0.07370192416152775,-0.27969441350981544,0.07370192416152775,0.001519407623174463
4307,0.14961361122268094,-0.1265545342366192,-0.3029770377641507,0.1265545342366192,-0.0462271624138761
4308,0.15818927163736404,-0.09332538225015306,-0.3561325123535947,0.09332538225015306,-0.023790950686237114
4309,0.16716536803654114,-0.06445433808498525,-0.27789135730215964,0.06445433808498525,0.008680015455708356
4310,0.16312654389760325,-0.02870899068289335,-0.2529240816970512,0.02870899068289335,0.03817217456068797
4311,0.16153782443200806,-0.015982743085419995,-0.229294563597912,0.015982743085419995,0.05047208974178414
4312,0.1490037277003575,-0.03160187753868877,-0.21504187153083407,0.03160187753868877,0.04101738783122287
4313,0.15324727098276816,-0.07960623685812382,-0.25116307914289066,0.07960623685812382,-0.00021420709752407747
4314,0.1557325667752415,-0.11668539262943976,-0.29351286436983054,0.11668539262943976,-0.035638557920714665
4315,0.15850347841046855,-0.10415291762534018,-0.30528942959560323,0.10415291762534018,-0.028648912573108344
4316,0.1358941682862869,-0.07289287891155001,-0.3368269505621826,0.07289287891155001,-0.012407527957649397
4317,0.1458385996853032,-0.0995066382427096,-0.29803473909368833,0.0995066382427096,-0.025406873460373697
4318,0.15308266366090878,-0.10324167621589857,-0.2887742477622076,0.10324167621589857,-0.03019374863931844
4319,0.12246233211513523,-0.15664256750954703,-0.20620480232407237,0.15664256750954703,-0.06804986542726983
4320,0.17430224459456525,-0.04737613241024495,-0.3344282803687585,0.04737613241024495,0.011494506866346397
4321,0.15706115967932846,-0.14216698305154837,-0.36494708554417976,0.14216698305154837,-0.074562850843052
4322,0.1607391432033581,-0.13117066005263062,-0.3577462483165213,0.13117066005263062,-0.06044019387344146
4323,0.1697521031688777,-0.07273919732710853,-0.2738177766567045,0.07273919732710853,0.007987281487982266
4324,0.18373865047089574,0.012226676033101486,-0.293005049058178,-0.012226676033101486,0.06564089349776951
4325,0.16338895463300157,0.01481911600456486,-0.19912781579742037,-0.01481911600456486,0.07750131538808079
4326,0.16336743128259484,0.025882961576266107,-0.18439178372847922,-0.025882961576266107,0.0860771648805362
4327,0.16901631639667106,0.026805282114657762,-0.19306600100422835,-0.026805282114657762,0.08505484682096373
4328,0.16292524942113124,0.03136150307489536,-0.196698557982136,-0.03136150307489536,0.08739282648903836
4329,0.16434821320219117,0.030816478601940513,-0.20318306716377535,-0.030816478601940513,0.08624165108718897
4330,0.1639715472071755,-0.004524724382432362,-0.2178203834557832,0.004524724382432362,0.060268373288651214
4331,0.16599979050946226,0.009704330239836639,-0.19497148333289266,-0.009704330239836639,0.0726554741769141
4332,0.16982534750975364,0.02154020054918604,-0.1912366956487138,-0.02154020054918604,0.0832665806737477
4333,0.16936049344421955,0.02510936123554388,-0.20038107979887418,-0.02510936123554388,0.08387969151424675
4334,0.16870275057414696,0.01984923315216077,-0.20646643130248973,-0.01984923315216077,0.08050312920848883
4335,0.16742442273813404,-0.006201201966489717,-0.24956302762625868,0.006201201966489717,0.05893009667353393
4336,0.17409172020829908,-0.05555991424694612,-0.3185190022229836,0.05555991424694612,0.014751711102812428
4337,0.1614550295806785,-0.06474689225639968,-0.26521820463414797,0.06474689225639968,0.014039854966958955
4338,0.16986341882374345,-0.05839678943920924,-0.2821134551572166,0.05839678943920924,0.01626839969877594
4339,0.1507828501744243,-0.08118010865219988,-0.2647936400051898,0.08118010865219988,0.0004417862656062669
4340,0.16342601691516945,-0.061210445088602815,-0.2674211121819999,0.061210445088602815,0.017698142402751766
4341,0.15635946719756968,-0.011549067900164474,-0.2374497523748979,0.011549067900164474,0.059494073274629286
4342,0.17583618862690126,0.03757978162674966,-0.24149344475109052,-0.03757978162674966,0.11218589710072982
4343,0.18329849928966302,0.032058133793907526,-0.3109969773900432,-0.032058133793907526,0.1008532623211818
4344,0.19159262470883198,0.049049791380185996,-0.30538251447869036,-0.049049791380185996,0.11336394148878005
4345,0.20091182275069508,0.06800290564118516,-0.3361887045445988,-0.06800290564118516,0.10123051934820317
4346,0.20073067744461337,0.07581259475194885,-0.3286185638131817,-0.07581259475194885,0.12870884292149704
4347,0.17474090230111786,0.027848630199988133,-0.32257210692486177,-0.027848630199988133,0.08887423113014924
4348,0.16334585056152087,0.014435942320334459,-0.3580333637092543,-0.014435942320334459,0.06699087575548301
4349,0.17063477808752603,0.007957992398059483,-0.325132951989286,-0.007957992398059483,0.06686156093426346
4350,0.17782082075351008,0.010452309926221594,-0.3010917617665469,-0.010452309926221594,0.07420656027057641
4351,0.17606361984950036,-2.6482870526552304e-05,-0.3221130425994047,2.6482870526552304e-05,0.06908458352801757
4352,0.17922012808204954,0.042436414617860865,-0.3411103356586125,-0.042436414617860865,0.10085005051553618
4353,0.1865880726090015,0.03713500938836846,-0.3298314607221135,-0.03713500938836846,0.09459607764557346
4354,0.19364293686063425,0.03560032722639326,-0.3313310969502844,-0.03560032722639326,0.09684742376903151
4355,0.1996160106852077,0.028124063598788097,-0.29957617200147973,-0.028124063598788097,0.09475161907141856
4356,0.18146889329869434,0.018283568993473467,-0.2538663678457828,-0.018283568993473467,0.09094594621682356
4357,0.18361112567264135,0.03391817615595401,-0.2532410107925324,-0.03391817615595401,0.09329235222397836
4358,0.20249936641529717,0.07162154232569405,-0.2837252169700256,-0.07162154232569405,0.1268837271991264
4359,0.16196546952078933,0.01973000213061648,-0.1975517340963494,-0.01973000213061648,0.10013493210366499
4360,0.15764032405020023,0.032329646835713696,-0.21154574490259673,-0.032329646835713696,0.10655713869631347
4361,0.15972087356029693,0.02986587333632769,-0.1982412212884803,-0.02986587333632769,0.10551610400158226
4362,0.16345992451080507,0.029583271194560945,-0.20283341066298127,-0.029583271194560945,0.10325651820100852
4363,0.1661345728685096,0.02877023884721975,-0.20481149498107432,-0.02877023884721975,0.10116333175085752
4364,0.17142647538162026,0.03924210630375852,-0.24606309652410926,-0.03924210630375852,0.09840427933993195
4365,0.15390367793178766,-0.01024691599560967,-0.23682859561034225,0.01024691599560967,0.06754027011300621
4366,0.15762345581135856,-0.011732943687392606,-0.23903932551359877,0.011732943687392606,0.06449025293722155
4367,0.16071632121395654,-0.003377806902851866,-0.23936836520302127,0.003377806902851866,0.067556640121366
4368,0.14963097073496018,-0.042668833295584026,-0.24751749994213407,0.042668833295584026,0.036616592558203105
4369,0.150701735705289,-0.053952138258313784,-0.2610819980420697,0.053952138258313784,0.029426701728020737
4370,0.15425907179914763,-0.0497736242925071,-0.25050135769927007,0.0497736242925071,0.03222820602815598
4371,0.1488733753287071,-0.045148724124159434,-0.24395720080996458,0.045148724124159434,0.03461330193787378
4372,0.15477204535531186,-0.06525121492106184,-0.26919136977140823,0.06525121492106184,0.011292756269151525
4373,0.15682522524402548,-0.04950345744345884,-0.2651010074252019,0.04950345744345884,0.023444922826746185
4374,0.15643948216841225,-0.07768144848963393,-0.28450703979196507,0.07768144848963393,-0.0006518256153943368
4375,0.15998193711380465,-0.04948589833760669,-0.26729845945631237,0.04948589833760669,0.02053231835813574
4376,0.15846687366905693,-0.06705383022682429,-0.2586188161304617,0.06705383022682429,0.011414404010857478
4377,0.1690282929493785,-0.04847151170897604,-0.2856859110292498,0.04847151170897604,0.021475931584885487
4378,0.16634941454318364,-0.03971648237402852,-0.25748186382398414,0.03971648237402852,0.03173098459844987
4379,0.16101364042456856,-0.052791408794007164,-0.2651945789625027,0.052791408794007164,0.018055537062876607
4380,0.1534809646144292,-0.07590707379691061,-0.25522863119774036,0.07590707379691061,0.0002517546134008582
4381,0.15729177479322673,-0.05712878520128866,-0.25263489682902995,0.05712878520128866,0.016484040287442252
4382,0.15168086834303066,-0.046830858773391694,-0.24514689849272112,0.046830858773391694,0.026951751129742983
4383,0.15985589954630627,-0.010386970101858161,-0.23450202640041193,0.010386970101858161,0.05723213898986838
4384,0.15133084289561635,-0.03636585487090682,-0.27069239597673017,0.03636585487090682,0.029306413180562773
4385,0.15955719963637363,-0.07475910797795553,-0.2672733942467955,0.07475910797795553,0.00268161795377019
4386,0.1523016712679928,-0.08342388119298111,-0.24489281045828062,0.08342388119298111,-0.0026088491148869943
4387,0.1577830189411919,-0.052804409103771696,-0.23993561088738938,0.052804409103771696,0.022572534715243755
4388,0.15903245672018188,-0.06126487937202747,-0.26024362060636513,0.06126487937202747,0.012473694303505527
4389,0.15490783501826866,-0.055647704735704656,-0.24638719713223903,0.055647704735704656,0.016994865948554646
4390,0.15735182404184253,-0.09223845018123832,-0.31632381656687875,0.09223845018123832,-0.020033760235919518
4391,0.1591463791998559,-0.056578158545869464,-0.2635028551088854,0.056578158545869464,0.016119504300374902
4392,0.1612358281474434,-0.03811210886519324,-0.26844931983073944,0.03811210886519324,0.028599744105877487
4393,0.16095189654525496,-0.02499622734066749,-0.23294081277207015,0.02499622734066749,0.04476199750876318
4394,0.1579240303912022,-0.02507645868271272,-0.22150470775299072,0.02507645868271272,0.04486275756748705
4395,0.1523973056195803,-0.04770246702388904,-0.23976150732482437,0.04770246702388904,0.02561971722717388
4396,0.1558267741622445,-0.08481449775512888,-0.28295084495933165,0.08481449775512888,-0.009675793220665748
4397,0.15979299930489804,-0.0982771284104296,-0.2956000989003528,0.0982771284104296,-0.021433814281270048
4398,0.15771232959851425,-0.1086093958105421,-0.3098757765078339,0.1086093958105421,-0.03371251500528666
4399,0.13801222218194517,-0.10288584067934721,-0.31068505176633965,0.10288584067934721,-0.030977289397884005
4400,0.160433103003634,-0.10196202861948786,-0.28495106116111635,0.10196202861948786,-0.02346095968077502
4401,0.11317729865574166,-0.16524964462133868,-0.17009051551879906,0.16524964462133868,-0.0658394150157083
4402,0.15368000344258442,-0.16983276968180663,-0.3630484317896279,0.16983276968180663,-0.09798212247962546
4403,0.15412132597822586,-0.13897887658142177,-0.36218643141336965,0.13897887658142177,-0.07131572433170519
4404,0.15474885528978807,-0.14902363859572246,-0.35385141369805495,0.14902363859572246,-0.07940862376895168
4405,0.151109436762548,-0.19787840010698626,-0.3494060226362999,0.19787840010698626,-0.11761770860997864
4406,0.19590135268443065,-0.008779786166900654,-0.2472680075381018,0.008779786166900654,0.05848805949842349
4407,0.1633145811225408,0.018868017152383676,-0.19304512788399691,-0.018868017152383676,0.08163170370941572
4408,0.16477892932724567,0.027032946286283558,-0.1865207951693149,-0.027032946286283558,0.0870454294793469
4409,0.16891781447187834,0.02698848841805355,-0.20477833921506453,-0.02698848841805355,0.08418737310425743
4410,0.16758846072209976,0.02264987534095789,-0.20457924896737079,-0.02264987534095789,0.08100894762545474
4411,0.1696290690790936,0.035038409400765816,-0.1979482783392119,-0.035038409400765816,0.08998704959888378
4412,0.1616463822598964,0.034070781189201725,-0.19586474471322046,-0.034070781189201725,0.08885496219883367
4413,0.16245196251432736,0.02576011099811403,-0.19441255154933929,-0.02576011099811403,0.08556820514392584
4414,0.16833791219636768,0.014467471621860973,-0.20329011805463096,-0.014467471621860973,0.07731660480291609
4415,0.16495669888721695,0.0031307051089825098,-0.21423583155810294,-0.0031307051089825098,0.06744903846801625
4416,0.16821624731165347,0.029496372038995983,-0.20070414788213753,-0.029496372038995983,0.08915044497618997
4417,0.1603644571103378,0.02065944024667229,-0.20589894425425614,-0.02065944024667229,0.08414811614845762
4418,0.15321787358454272,-0.07112371665284789,-0.26081488972028605,0.07112371665284789,0.010331247653048657
4419,0.15989436428861867,-0.05315468021157092,-0.25249740308320734,0.05315468021157092,0.026164735733145646
4420,0.16298663161198237,-0.06151406639836992,-0.27045002885935043,0.06151406639836992,0.01750037609240092
4421,0.16685608380974734,-0.04909861265587663,-0.28539586666249034,0.04909861265587663,0.02822183621416894
4422,0.15759237107937915,-0.04791397224249343,-0.2533929804175361,0.04791397224249343,0.032060072103178607
4423,0.14920536799125633,-0.034650772208949535,-0.2409285825196672,0.034650772208949535,0.04427068247858096
4424,0.19079985966698676,0.05473495265221553,-0.32962828324214205,-0.05473495265221553,0.11721328709268472
4425,0.1887615943790513,0.03852720188003178,-0.3362570093008085,-0.03852720188003178,0.09991204674153437
4426,0.18996193153535632,0.04944487687375841,-0.32990068575900533,-0.04944487687375841,0.10497136638444042
4427,0.19519169846465412,0.06932575312506338,-0.32994567775550504,-0.06932575312506338,0.11809339666490207
4428,0.19928759398757362,0.06091874433287486,-0.35868496576699477,-0.06091874433287486,0.08456723232881727
4429,0.1922389725402159,0.054515910753921114,-0.35072054478774717,-0.054515910753921114,0.08921943353852735
4430,0.16848588042281,0.0035679903737584786,-0.31344417269256464,-0.0035679903737584786,0.07470427892565974
4431,0.1720846390477785,0.01312740781687569,-0.27277966258909214,-0.01312740781687569,0.08675873577980817
4432,0.1793118451856018,0.02512398719664891,-0.32941889125973,-0.02512398719664891,0.08730592795377555
4433,0.1888589318281964,0.06390114235913273,-0.3497465381123991,-0.06390114235913273,0.11659782439212125
4434,0.1995453634357041,0.06781577569994823,-0.34802131775351,-0.06781577569994823,0.1292236352049841
4435,0.20572465523364528,0.05526707599588226,-0.35308607016320626,-0.05526707599588226,0.12146900643977387
4436,0.19755963690792636,0.040656986027092834,-0.3356066031467905,-0.040656986027092834,0.10316466217612952
4437,0.17896914230187494,0.01059788909049005,-0.31650199390965184,-0.01059788909049005,0.07918968471910297
4438,0.1812743563432314,0.028364775463555824,-0.2596079823043656,-0.028364775463555824,0.09763796902720587
4439,0.16307586318899725,-0.0022232216738780094,-0.18324617596856282,0.0022232216738780094,0.08294966610365168
4440,0.14559570343833567,-0.07296675490040226,-0.06528477145012422,0.07296675490040226,0.052596642950603394
4441,0.1579072182502774,0.029169915491979337,-0.19879208017594935,-0.029169915491979337,0.10704937062176012
4442,0.16356090710101562,0.03307513136260278,-0.20346719584485776,-0.03307513136260278,0.10833439724795553
4443,0.16173315439611294,0.030873044739412638,-0.20102397127409538,-0.030873044739412638,0.10518553169458353
4444,0.16629872304511578,0.031214457640409417,-0.21634663045072539,-0.031214457640409417,0.10082186062837249
4445,0.1675670076942014,0.02096932009043276,-0.2344246161853787,-0.02096932009043276,0.08926163001362276
4446,0.1629854639103807,0.015108880308563754,-0.21921010298741392,-0.015108880308563754,0.08864497069860731
4447,0.1529471494875299,-0.029040578903478675,-0.25440745811507215,0.029040578903478675,0.05138323580315479
4448,0.1498517900681129,-0.04859994118705371,-0.25724346847648893,0.04859994118705371,0.03495183806819012
4449,0.14318906296283698,-0.05559273885557141,-0.24199883433336006,0.05559273885557141,0.03066845823493741
4450,0.1509525336939112,-0.054407734002945005,-0.2538192578261945,0.054407734002945005,0.029978176307072738
4451,0.15042780862524285,-0.05049519973911578,-0.2553814000161612,0.05049519973911578,0.030393539692854982
4452,0.14432359445938048,-0.049663631821643996,-0.23565449314865908,0.049663631821643996,0.03290118729816592
4453,0.15244496907180405,-0.024673555476594555,-0.23474289994633876,0.024673555476594555,0.05114832350444717
4454,0.16526658812635486,-0.002931077825750763,-0.23733387425202002,0.002931077825750763,0.06242220357085764
4455,0.15008903250057137,-0.06079941878658618,-0.23035505340132942,0.06079941878658618,0.021816666838402006
4456,0.1574800050991941,-0.03205539522006316,-0.22628688420433807,0.03205539522006316,0.04451533653237011
4457,0.1618994343603171,-0.04444824834962,-0.24010468681605418,0.04444824834962,0.031509760583066995
4458,0.15549382197606432,-0.08294765856403351,-0.2526994059267077,0.08294765856403351,-0.002373466730743494
4459,0.16171890942633568,-0.05273028042556338,-0.25003044019754644,0.05273028042556338,0.022478700037064925
4460,0.16006567662139068,-0.07446086120764674,-0.26042898076783333,0.07446086120764674,0.0044868673704660175
4461,0.1598569777177069,-0.05005983352598808,-0.23361418640871237,0.05005983352598808,0.027280106408297422
4462,0.16891867312884082,-0.0437743887321492,-0.23998893806336843,0.0437743887321492,0.030856199229250574
4463,0.16478828632846915,-0.07900272129969918,-0.29042557364059607,0.07900272129969918,-0.0027773101395682357
4464,0.16444972568966956,-0.03782790560885046,-0.26702820914356745,0.03782790560885046,0.031386145812170294
4465,0.172832332997225,0.01793642127732612,-0.24868496179715247,-0.01793642127732612,0.07373630171630176
4466,0.15088991854067357,-0.054375582865056,-0.2569042338377136,0.054375582865056,0.015554465202809736
4467,0.15085174336661267,-0.06822215248966773,-0.279060945117712,0.06822215248966773,9.47550167721897e-06
4468,0.16068817057695808,-0.060407294334833814,-0.2677349218105729,0.060407294334833814,0.013473092926597026
4469,0.1524755313171775,-0.04969616205992828,-0.23236634825421223,0.04969616205992828,0.026103454382458494
4470,0.157101431809684,-0.073033758370793,-0.2495438352186141,0.073033758370793,0.004256773243715775
4471,0.15870674948302477,-0.051969852278739785,-0.244981278136899,0.051969852278739785,0.021829085408289865
4472,0.16283269849529003,-0.02486069854644571,-0.26472268273972965,0.02486069854644571,0.03616487937076302
4473,0.1702303841881169,-0.01217377034806024,-0.2695747764812454,0.01217377034806024,0.040143340605851965
4474,0.15904178689727352,-0.03975521000550943,-0.26044990353311864,0.03975521000550943,0.027944514859471574
4475,0.17252478009124175,-0.02980709564421428,-0.299676955146395,0.02980709564421428,0.03201542630097409
4476,0.1536330317661787,-0.05590606320574236,-0.2837509936961466,0.05590606320574236,0.01680892543739665
4477,0.15382472530862504,-0.07203075080146215,-0.24973756569518507,0.07203075080146215,0.008253358746825215
4478,0.15123810274029423,-0.10233954811115052,-0.2810825051628792,0.10233954811115052,-0.02101279659427532
4479,0.14605223297823736,-0.09547058712392907,-0.2801602200956178,0.09547058712392907,-0.017654109295268096
4480,0.15252176932491027,-0.056910168319121636,-0.26284963430612707,0.056910168319121636,0.017101334416182175
4481,0.15121014232006066,-0.1065508672698113,-0.2644834116689599,0.1065508672698113,-0.026584264397714726
4482,0.136513673039249,-0.11114727398341236,-0.20488661413517859,0.11114727398341236,-0.02458057052603067
4483,0.1446625455724814,-0.20131777982079702,-0.36663838970251256,0.20131777982079702,-0.12454393993113629
4484,0.14216751430182542,-0.13813428313215548,-0.38349392975809243,0.13813428313215548,-0.06551464152315961
4485,0.14536953175344208,-0.22306744308435425,-0.3562061688165473,0.22306744308435425,-0.14513645843130946
4486,0.15705615151314464,-0.16679999306210533,-0.3595311395036632,0.16679999306210533,-0.09320987136536785
4487,0.21082772393933477,0.016736110744316947,-0.2798177924164189,-0.016736110744316947,0.07705882509261681
4488,0.16595041689664608,0.01869502593749859,-0.19869288491270715,-0.01869502593749859,0.08188602205214687
4489,0.16747292035337893,0.027644246780320333,-0.18974670115701214,-0.027644246780320333,0.088001397024878
4490,0.16459851748246448,0.029839524019617175,-0.19452742004804308,-0.029839524019617175,0.08830594070067525
4491,0.16734871743077653,0.028064696489422634,-0.20986012891782546,-0.028064696489422634,0.08481540869678175
4492,0.16574654379503528,0.03385442615510835,-0.20622413489265304,-0.03385442615510835,0.08920033792693653
4493,0.16389658223489925,0.029495680343844696,-0.2018727109435661,-0.029495680343844696,0.0876845519415249
4494,0.15765262521896914,0.01650948902614639,-0.19838737537964538,-0.01650948902614639,0.08000087407226164
4495,0.16808264535586637,-0.021797133409732123,-0.25670204724313705,0.021797133409732123,0.04893215444440594
4496,0.16210009188844704,-0.02921654562075901,-0.2517250036714213,0.02921654562075901,0.04128813363624176
4497,0.1669478027024469,0.009278577548084394,-0.2266370130581452,-0.009278577548084394,0.07463553758316155
4498,0.16084478430017188,0.0020282847571880982,-0.22259248014269675,-0.0020282847571880982,0.07071888750728768
4499,0.15906825482175682,-0.05372430960236065,-0.263635947854275,0.05372430960236065,0.025877435830975324
4500,0.15910490393092655,-0.049960062046388864,-0.2634781081097221,0.049960062046388864,0.030120722071536897
4501,0.15476968369917318,-0.038185315681276824,-0.26167947200052843,0.038185315681276824,0.03942228892887099
4502,0.15850428529972788,-0.019240476807559668,-0.2441307167383417,0.019240476807559668,0.05709884339282073
4503,0.16540942245946078,-0.008720784288840953,-0.2613082351287582,0.008720784288840953,0.06313843781934632
4504,0.19049058385253717,0.05805548557665817,-0.31875006330571615,-0.05805548557665817,0.11842978190817323
4505,0.19395567187456944,0.06898558962409562,-0.3323651100338012,-0.06898558962409562,0.12509396236177875
4506,0.19292554953015864,0.03170514404677051,-0.31550861438829814,-0.03170514404677051,0.0968472525399973
4507,0.1912411828850495,0.037962830794741984,-0.3524887269753095,-0.037962830794741984,0.09679861226069938
4508,0.20090533655782397,0.05312355985751032,-0.38880193794490575,-0.05312355985751032,0.10747937682481717
4509,0.1645219811358502,0.035684860439071736,-0.3353465798367413,-0.035684860439071736,0.09340801936207452
4510,0.1795417673393689,0.039838197323073726,-0.342490804452654,-0.039838197323073726,0.09875140839409555
4511,0.18640049461622196,0.04277842543166234,-0.3368026113667151,-0.04277842543166234,0.10246193130164592
4512,0.18993724002239465,0.06209711330216582,-0.34599709458326583,-0.06209711330216582,0.11222047285270333
4513,0.1779196939184586,0.08047472985637269,-0.3522437226759516,-0.08047472985637269,0.12681971989479685
4514,0.18436974404015283,0.04963224711922472,-0.35423036103891126,-0.04963224711922472,0.10881758353392887
4515,0.18614566973583294,0.03465698638491424,-0.3426986784363491,-0.03465698638491424,0.10266583348193066
4516,0.1824914363516452,0.03951268824504622,-0.3591432617896957,-0.03951268824504622,0.1002297996838129
4517,0.1840276635324584,0.006929572119192158,-0.33844709111222426,-0.006929572119192158,0.07638144914466052
4518,0.1739013618627613,-0.0013139359164216294,-0.24779449588391284,0.0013139359164216294,0.0799498695550765
4519,0.15542382895511064,-0.03156392673000053,-0.12535479536691227,0.03156392673000053,0.07285807270145543
4520,0.15747022829355262,0.00021524640900706866,-0.17725484215801968,-0.00021524640900706866,0.09406108676178444
4521,0.16854688641597795,0.03463863269192899,-0.21867750265241975,-0.03463863269192899,0.10939085510930044
4522,0.16461498478712633,0.036075932274927086,-0.2079689114677172,-0.036075932274927086,0.10931692825031919
4523,0.16823410172373518,0.03393968524482437,-0.20680185159490203,-0.03393968524482437,0.10681222820004337
4524,0.1703407104911516,0.026214508718449533,-0.2229947760801527,-0.026214508718449533,0.09695446077441446
4525,0.16870698140774865,0.028411614763809753,-0.215162302261961,-0.028411614763809753,0.10091586324955003
4526,0.16106687573990186,0.027073129705640228,-0.20180246671785065,-0.027073129705640228,0.101946410506893
4527,0.15646322562287138,0.009165486322939185,-0.22361078719666566,-0.009165486322939185,0.08488339854908035
4528,0.1501242844012135,-0.04608123476403138,-0.26219128279406356,0.04608123476403138,0.03699554580839871
4529,0.14721837945384122,-0.036777026957158176,-0.24325173274324466,0.036777026957158176,0.04603850447056971
4530,0.13823598394378436,-0.046830841978871114,-0.23885097131301214,0.046830841978871114,0.0395660868165864
4531,0.14771932603506388,-0.042670316247052864,-0.24405970997794937,0.042670316247052864,0.040726060188398173
4532,0.16299853812305812,-0.022808352768199865,-0.2670836718868064,0.022808352768199865,0.048140286295838566
4533,0.15408359557577594,-0.029008957407359415,-0.22584041008094036,0.029008957407359415,0.050342271664453556
4534,0.15921195680183017,-0.01930076601672439,-0.22510990296470895,0.01930076601672439,0.056253136978864623
4535,0.1576348244716972,-0.04356203936044452,-0.23727866112977414,0.04356203936044452,0.034932329418488575
4536,0.1627810609046823,-0.015790458664975526,-0.30017435480409194,0.015790458664975526,0.04893950886143322
4537,0.16199097069223004,-0.008839320578895308,-0.24221228478774978,0.008839320578895308,0.059050834090825684
4538,0.1522999813448406,-0.05910495308638644,-0.23690484563777023,0.05910495308638644,0.02005828674440822
4539,0.15558614802623855,-0.0650997930873286,-0.23898696822504029,0.0650997930873286,0.014454591757553899
4540,0.1655951840098437,-0.014018293869072093,-0.22850315065980742,0.014018293869072093,0.054743143092122706
4541,0.15475562139493892,-0.06689148871108037,-0.24599637943305958,0.06689148871108037,0.01307539675630769
4542,0.16184967759193178,-0.05293703969813339,-0.23851207312160747,0.05293703969813339,0.02375941675820617
4543,0.1625739266542563,-0.0464759979156196,-0.24493534333678893,0.0464759979156196,0.027988932636301356
4544,0.16204751465479766,-0.052229583752447406,-0.2580090769357553,0.052229583752447406,0.020856318310646486
4545,0.15810563145758338,-0.09513316023896867,-0.30958314053856034,0.09513316023896867,-0.022481734562972474
4546,0.15197257747102932,-0.04927458356604732,-0.26477766264616176,0.04927458356604732,0.020305754135230756
4547,0.14759357340947574,0.028246962825619278,-0.23157216291853538,-0.028246962825619278,0.07595889658519947
4548,0.15048820181069894,0.011197542363497143,-0.2334578689934017,-0.011197542363497143,0.06296505689396403
4549,0.14337037062909933,-0.008582460846970398,-0.2403597296351209,0.008582460846970398,0.04890101596559157
4550,0.1649485881958764,-0.028038395499985817,-0.26329428334453125,0.028038395499985817,0.03982229767356389
4551,0.1670272263661791,-0.01507704269128324,-0.26605219095350424,0.01507704269128324,0.049347785301215724
4552,0.15662408359734323,-0.024652161198209486,-0.24862938869963308,0.024652161198209486,0.03952301457258713
4553,0.1671067999426719,-0.03756651980987569,-0.2574544011526136,0.03756651980987569,0.03325711084191462
4554,0.15643154656252525,-0.060561122713983825,-0.2905701857188879,0.060561122713983825,0.010136231531856008
4555,0.14355223633550437,-0.13462677974570603,-0.2932210804364595,0.13462677974570603,-0.05511574602783364
4556,0.14521989064266955,-0.12430852566416971,-0.28643993199750417,0.12430852566416971,-0.04341685260761621
4557,0.1526457036096469,-0.0386572640216505,-0.23604438509758718,0.0386572640216505,0.03398589304131675
4558,0.13448878583440502,-0.13571705229483028,-0.29649899186676165,0.13571705229483028,-0.05387111228940892
4559,0.1401352153296384,-0.1495749655086082,-0.30768790076390684,0.1495749655086082,-0.06882059220596275
4560,0.15388953643149866,-0.07181834904968983,-0.25977324240498795,0.07181834904968983,0.0030376831407371153
4561,0.15605906344193998,-0.02236026616192349,-0.2435321131471091,0.02236026616192349,0.04047161832345677
4562,0.12913048807632813,-0.11967087524113734,-0.188284667943357,0.11967087524113734,-0.03516215316791629
4563,0.15118024801344185,-0.1939631009540765,-0.3435317023757088,0.1939631009540765,-0.11874112043181566
4564,0.14086730616165366,-0.20918991815531743,-0.37310013758612876,0.20918991815531743,-0.13288750920623157
4565,0.1485127416550301,-0.2540970177616588,-0.3616441012840445,0.2540970177616588,-0.17791044469408757
4566,0.1630977162385591,-0.16981747441117126,-0.3375754991443008,0.16981747441117126,-0.09453395886173198
4567,0.16872281950752974,-0.05293585863012529,-0.28390602345783983,0.05293585863012529,0.015928869630347477
4568,0.16108023434113677,0.013216936251968228,-0.20852482363999805,-0.013216936251968228,0.07746804107627348
4569,0.1676284266155665,0.030835547390150316,-0.1977420763518751,-0.030835547390150316,0.09026555403557962
4570,0.15825615026423023,-0.005678592727168853,-0.21337186140677103,0.005678592727168853,0.06104471021435866
4571,0.16237597347820157,-0.026045494483570804,-0.2300659349406596,0.026045494483570804,0.04520651734191383
4572,0.17113661343611913,-0.025774623996981466,-0.24534054103212055,0.025774623996981466,0.04424618669011152
4573,0.16352531370709858,-0.02619467946152171,-0.23253628251186761,0.02619467946152171,0.04686697367295647
4574,0.15627560155947293,-0.025879172377345043,-0.24004598993365406,0.025879172377345043,0.04768858039909265
4575,0.1558138601574276,-0.03754264107464612,-0.26667375866569826,0.03754264107464612,0.037557438275601596
4576,0.15252666106961638,-0.05687049602738586,-0.27060577684273135,0.05687049602738586,0.020121778913437163
4577,0.16247340165117735,0.0013162011598273262,-0.2199241546720544,-0.0013162011598273262,0.07086705010950863
4578,0.16322667301403046,0.003119614502971484,-0.2242477860196503,-0.003119614502971484,0.07309798290326608
4579,0.156490555871714,-0.018388061775472798,-0.23706603279692637,0.018388061775472798,0.056260401487450575
4580,0.16801877478909077,0.0040114854230310455,-0.2425443035114518,-0.0040114854230310455,0.07535805846107245
4581,0.177195297663837,-0.005825479369426095,-0.2693243365396451,0.005825479369426095,0.06461163450592644
4582,0.16539938455911102,-0.021963643824352844,-0.26309293766077874,0.021963643824352844,0.055707952678303245
4583,0.15809842546463235,-0.0032281133238753843,-0.2462351645161176,0.0032281133238753843,0.07155380569137064
4584,0.19929795292632016,0.0595111688486534,-0.3065027149402562,-0.0595111688486534,0.12319728876319602
4585,0.18443568764894802,0.014019407718200821,-0.32528574133085525,-0.014019407718200821,0.08368535473997085
4586,0.1733737079035844,-0.03704499134564953,-0.35625509019423407,0.03704499134564953,0.035355406524809535
4587,0.16885791855809026,0.01432517963588807,-0.3190663916129842,-0.01432517963588807,0.08309492568852843
4588,0.17793945735183178,0.01594621961994947,-0.3272288885693864,-0.01594621961994947,0.08321600251784803
4589,0.18019977229249373,0.011175290829882814,-0.31289081336050456,-0.011175290829882814,0.0807728405585271
4590,0.1741423862627805,0.036736426907548955,-0.346451996306725,-0.036736426907548955,0.0959965794458765
4591,0.18228799356936026,0.03442333207773556,-0.34610610967146604,-0.03442333207773556,0.09639173133449921
4592,0.1814252780267304,0.027257973509117902,-0.34769084928976945,-0.027257973509117902,0.08995598302879651
4593,0.1900066082513152,0.056398273040333735,-0.3499843908219318,-0.056398273040333735,0.11082105746142223
4594,0.18490941803434147,0.03486235440652312,-0.3549747584508245,-0.03486235440652312,0.09530734924275165
4595,0.18529954529832782,0.038226959516201954,-0.3445041110820835,-0.038226959516201954,0.10316857881490067
4596,0.1793682084698416,0.009814260563983072,-0.340886853815121,-0.009814260563983072,0.07810404453086892
4597,0.1816989599370466,-0.00977748266930775,-0.31857282105441515,0.00977748266930775,0.0621812188213797
4598,0.18277604107689724,0.015569706405970132,-0.28012227639278864,-0.015569706405970132,0.08711577884620585
4599,0.14757830896741303,-0.09537368560830534,-0.08220628199372274,0.09537368560830534,0.037774034128243
4600,0.11581381543991359,-0.17853729999409995,0.08971111513527856,0.17853729999409995,0.006895160917020311
4601,0.16946425686085512,0.02882809009992338,-0.21545489668438073,-0.02882809009992338,0.10786139289937606
4602,0.1772150649711851,0.04043487840390591,-0.2228559867230359,-0.04043487840390591,0.11266144519300894
4603,0.17735030842498056,0.038058292482944504,-0.22126557233596397,-0.038058292482944504,0.10940412703552693
4604,0.17362128884750389,0.037365024408474175,-0.2228132781148327,-0.037365024408474175,0.10706295486040951
4605,0.17084199229886834,0.02759775371444184,-0.2190514206017217,-0.02759775371444184,0.10025439602984994
4606,0.1658519416505699,0.024540212191519136,-0.19707885374215256,-0.024540212191519136,0.10172576969370631
4607,0.15950896088549218,0.024316250682468135,-0.2011003188510904,-0.024316250682468135,0.1016142545432663
4608,0.16872669577642568,0.012333858781434445,-0.24815172338160565,-0.012333858781434445,0.08736596786842409
4609,0.15868036092055382,0.002172724955404881,-0.24902500065519223,-0.002172724955404881,0.07630731363029561
4610,0.1562964136834728,0.0049505304398512195,-0.2138122277889624,-0.0049505304398512195,0.08249698330731288
4611,0.1548678456572613,0.004006983115692186,-0.22340573132526118,-0.004006983115692186,0.07853391659870493
4612,0.1548802623207241,-0.05510464688275342,-0.27800724642156693,0.05510464688275342,0.023367774353335327
4613,0.17801478775316598,-0.08650543946483956,-0.33896817444208105,0.08650543946483956,-0.009590071950497103
4614,0.15191419427938718,-0.04011151207670504,-0.23836093376656398,0.04011151207670504,0.04112615854974333
4615,0.15859715243671577,-0.02363069247725477,-0.22804050157385342,0.02363069247725477,0.053091414220171114
4616,0.15823671641435844,-0.05133361097872717,-0.2647769305554899,0.05133361097872717,0.023517545357233664
4617,0.15828482132972177,-0.029321984014737127,-0.24775743296032085,0.029321984014737127,0.04467786968956298
4618,0.16227347837965259,-0.007389866447261207,-0.23535568076419486,0.007389866447261207,0.06049621844128167
4619,0.15486550841217853,-0.031940700745381904,-0.24085773634021657,0.031940700745381904,0.03984310356017601
4620,0.15897035978533064,-0.03912001843988422,-0.23381212155447648,0.03912001843988422,0.036073325517683254
4621,0.1550295902459431,-0.017019239180276736,-0.2253006906365477,0.017019239180276736,0.0538138630060215
4622,0.1600463027561455,-0.036732229913911486,-0.24261855267925672,0.036732229913911486,0.036902669504181175
4623,0.15408342993655366,-0.08368059666626837,-0.2593903152906868,0.08368059666626837,-0.003117917618926135
4624,0.15714920549512598,-0.06146881345238399,-0.24315818937183326,0.06146881345238399,0.016475036277764185
4625,0.160084621902127,-0.05563441434825786,-0.24722544372117175,0.05563441434825786,0.021445830479893253
4626,0.15887702205728,-0.09757893049061579,-0.27567308542793767,0.09757893049061579,-0.015071473186539123
4627,0.15637953896665285,-0.06171360264995469,-0.2457204542694505,0.06171360264995469,0.017141413213955556
4628,0.15498562433504126,-0.06067329274148743,-0.24218830015360382,0.06067329274148743,0.017468325871448014
4629,0.15308433279351724,-0.06036155920799463,-0.24066274599811682,0.06036155920799463,0.017398530809254294
4630,0.14860452633531407,-0.004237112597734922,-0.23920809128053813,0.004237112597734922,0.05257302446290466
4631,0.15466728008462324,0.016076400351006357,-0.24397662518436816,-0.016076400351006357,0.07039414038435342
4632,0.15859958678828828,-0.0033776747284928713,-0.24182110673302776,0.0033776747284928713,0.05972042462490493
4633,0.17057262210801552,-0.005077490254731538,-0.24112891663656758,0.005077490254731538,0.05936515871146265
4634,0.1629468934219859,-0.04795984693998523,-0.24178882830192486,0.04795984693998523,0.02808319797728704
4635,0.15702945509504546,-0.03465595229182832,-0.23474819317392204,0.03465595229182832,0.037046086579039704
4636,0.14765457061426432,-0.08415380636501964,-0.27625876188486503,0.08415380636501964,-0.009352578255367705
4637,0.1447869341663105,-0.16170638788301367,-0.30957961548186635,0.16170638788301367,-0.07815552375224169
4638,0.15321230209515413,-0.09131788246606787,-0.2702000723109732,0.09131788246606787,-0.011366139420689715
4639,0.15476176952276227,-0.07585754113625698,-0.2757887913814982,0.07585754113625698,-0.0029477228309932116
4640,0.14620765464135524,-0.10332048333593362,-0.27210810165706695,0.10332048333593362,-0.023520862473979907
4641,0.15059813433620414,-0.10777057167905166,-0.27545530796154694,0.10777057167905166,-0.025357659520791078
4642,0.15314158832297847,-0.05948223030771636,-0.2701416138238005,0.05948223030771636,0.012555504801281415
4643,0.1417713451972901,-0.08419299404549478,-0.2410117873973629,0.08419299404549478,-0.007978518812496461
4644,0.1343258721071083,-0.1227514303354881,-0.23691880987379588,0.1227514303354881,-0.04070206714112506
4645,0.14139579165257163,-0.17030434427030233,-0.3295134012899425,0.17030434427030233,-0.0901084085185345
4646,0.14879763703013832,-0.17986211162165283,-0.3356928974353873,0.17986211162165283,-0.10272552745436299
4647,0.15520457038249935,-0.124875301710851,-0.32262490797612103,0.124875301710851,-0.05097183137707244
4648,0.16781597149506666,-0.02296238387654283,-0.29095025707398603,0.02296238387654283,0.038752642817096734
4649,0.16216284850877535,0.017108341565408254,-0.225521373415808,-0.017108341565408254,0.0787054759167711
4650,0.16292556138624453,0.0342570288759717,-0.20464698532873696,-0.0342570288759717,0.0918365249776572
4651,0.1596550260944475,0.030072630610081905,-0.20789278955894697,-0.030072630610081905,0.08652706064152908
4652,0.16589893871399364,0.020847244359124627,-0.2089222346106291,-0.020847244359124627,0.08132433717108581
4653,0.16445251780792575,-0.004372760988635341,-0.23768796179850185,0.004372760988635341,0.059324602867310394
4654,0.15950505781535718,-0.02879818788133657,-0.29280319313003444,0.02879818788133657,0.035056753077826415
4655,0.15797551239373764,-0.0047978545584897205,-0.21774908572913196,0.0047978545584897205,0.06616383392420176
4656,0.1634325191040662,0.021068872439256446,-0.20815114815208294,-0.021068872439256446,0.08652857194042139
4657,0.16669886902913658,-0.013520995304377495,-0.23747674214985454,0.013520995304377495,0.05831019300431457
4658,0.17234159774632152,0.022469485601505662,-0.20067508869665707,-0.022469485601505662,0.08967867732631131
4659,0.17083499125910512,0.016275716666246515,-0.20661442359712506,-0.016275716666246515,0.08708852241750441
4660,0.17093062790891023,0.016582380326188126,-0.22844058262320213,-0.016582380326188126,0.08465119741481145
4661,0.16721969815465224,0.02028627057840487,-0.21406613443998307,-0.02028627057840487,0.09088533364603646
4662,0.16040623003143012,-0.004933041428649329,-0.22209885008969213,0.004933041428649329,0.07169027665051886
4663,0.14837354971457023,-0.0291247681797224,-0.1799682676040738,0.0291247681797224,0.05708686656232939
4664,0.1591876163832366,0.029563369645544242,-0.20712018738525872,-0.029563369645544242,0.10241393303088085
4665,0.18421168638178237,0.04894430849262776,-0.3280476968527101,-0.04894430849262776,0.11006273478209319
4666,0.18274755206525434,0.01319329955799915,-0.3212472469691202,-0.01319329955799915,0.08302740081450488
4667,0.1922702629943053,0.0627182966818655,-0.31465548104196533,-0.0627182966818655,0.12046448285913633
4668,0.18693297049082472,0.04906202864433154,-0.3258533459955629,-0.04906202864433154,0.11094127552137772
4669,0.19074040231522377,0.0494975886375043,-0.35319872852983064,-0.0494975886375043,0.10424948764596552
4670,0.1867799746755337,0.03557821907441731,-0.3368098600995165,-0.03557821907441731,0.09808853280187037
4671,0.17806222412844505,0.02653597300187232,-0.32871461301477817,-0.02653597300187232,0.09090569369087133
4672,0.18707106846746774,0.06675874829830597,-0.3368634739461553,-0.06675874829830597,0.12151838607944145
4673,0.19680230805674573,0.10430421482460876,-0.33789937403716175,-0.10430421482460876,0.14716391443055046
4674,0.18654646272491401,0.07029887694734095,-0.3376909462477773,-0.07029887694734095,0.12115019401072002
4675,0.19034558286826228,0.04708171773954027,-0.34915849056864423,-0.04708171773954027,0.10618953152132678
4676,0.1887829375404503,0.07228185061213961,-0.3401381352253803,-0.07228185061213961,0.1250533171265922
4677,0.18257359051593905,0.08005493563690712,-0.32837712588084095,-0.08005493563690712,0.1320301581023293
4678,0.17787801313061102,0.05281839361428181,-0.32873346523178965,-0.05281839361428181,0.11161615555596105
4679,0.17851352194571526,0.012028482836400857,-0.30828949163907116,-0.012028482836400857,0.08235233733184141
4680,0.17246893005740255,-0.03703907850810983,-0.29949656577483597,0.03703907850810983,0.046789482947630835
4681,0.17001876265147162,0.0011283232873640196,-0.2183158587813257,-0.0011283232873640196,0.08863309065324673
4682,0.17401111163964,0.008914888869458674,-0.22401881017502356,-0.008914888869458674,0.08973013878625408
4683,0.17646583032424742,0.030361803179981984,-0.23893045571693497,-0.030361803179981984,0.10324023839485613
4684,0.16738602985282358,0.013324038966219465,-0.22538199750236865,-0.013324038966219465,0.09295094354876435
4685,0.17213361484009726,0.005731781531248193,-0.25933121280697136,-0.005731781531248193,0.0799762482200813
4686,0.16965500844498183,-0.014719847205889211,-0.22711006793800048,0.014719847205889211,0.06804030734892562
4687,0.16827736458232828,-0.008056425651070629,-0.22515417622189024,0.008056425651070629,0.07263679257216438
4688,0.16780050864002527,0.02963679486897216,-0.21416777842083368,-0.02963679486897216,0.10461366756299012
4689,0.16996713850415765,0.02192368115373631,-0.23715785313419577,-0.02192368115373631,0.09241506197798063
4690,0.16908980863340048,0.002358487736036137,-0.2631542135782373,-0.002358487736036137,0.07795515511665856
4691,0.16714962218679247,0.024286030297639965,-0.24299380611357796,-0.024286030297639965,0.09272552058093793
4692,0.16732183128283362,0.041042085441976434,-0.2208600998061285,-0.041042085441976434,0.10368039385277791
4693,0.16669109541773083,0.0418577506072788,-0.2106680829614322,-0.0418577506072788,0.10693251706396346
4694,0.1614899112436355,0.01611753076948189,-0.21519136246532866,-0.01611753076948189,0.08738473737477977
4695,0.16085504251308436,-0.013511874196521577,-0.2350423665648249,0.013511874196521577,0.06255271293223859
4696,0.16520020499920812,0.017895609247049915,-0.20513764089796388,-0.017895609247049915,0.08918735021596444
4697,0.15941966655342105,-0.036698738398419986,-0.2457350162097649,0.036698738398419986,0.0417966951952809
4698,0.15657579910332386,-0.03363682593507469,-0.23470853686353077,0.03363682593507469,0.044214776302068506
4699,0.15645018402733366,-0.023936133081363036,-0.22994892212082932,0.023936133081363036,0.05190817413706388
4700,0.16164153934825987,-0.037986516712999366,-0.2554571352004896,0.037986516712999366,0.036487031671287
4701,0.15701591468472526,-0.02429752518464477,-0.23718580223371521,0.02429752518464477,0.04757898006214681
4702,0.15913418117729924,-0.04319818866400531,-0.26812272864611164,0.04319818866400531,0.029439417108305953
4703,0.15672286255304724,-0.07045866948338216,-0.27901215710566635,0.07045866948338216,0.003165572429345582
4704,0.15568596996774825,-0.05067874701845559,-0.24719872120757297,0.05067874701845559,0.027820210185050705
4705,0.16112497669415068,-0.06502980446582482,-0.2705251530252617,0.06502980446582482,0.011171151088204842
4706,0.15567196956224777,-0.10964387757255802,-0.28418602984513347,0.10964387757255802,-0.02883056509517462
4707,0.15521095533709234,-0.12649656039715343,-0.31550061022598846,0.12649656039715343,-0.04681874855460102
4708,0.15751573091163876,-0.0983410022348505,-0.29860485949797316,0.0983410022348505,-0.019848581835882718
4709,0.16159305474423963,-0.05959184612872366,-0.2580944961253857,0.05959184612872366,0.01671643381702709
4710,0.15637240299652042,-0.07482553538288576,-0.2646707690534502,0.07482553538288576,0.0011827430879723625
4711,0.15744703727826465,-0.06704340015686136,-0.2818230246029358,0.06704340015686136,0.00603106758514756
4712,0.15847351943307683,-0.05452952272155458,-0.26041054692896853,0.05452952272155458,0.02025058894862392
4713,0.14962067841265234,0.007751083761897857,-0.22372129198203544,-0.007751083761897857,0.07212238101482017
4714,0.15326978879192837,-0.04013070241500373,-0.24538838865219176,0.04013070241500373,0.032684134589829016
4715,0.16463171090715312,-0.01099921132791891,-0.2357592035041057,0.01099921132791891,0.05582022399333948
4716,0.1676653641301061,-0.02807171034871717,-0.25413815059129347,0.02807171034871717,0.04096361205312862
4717,0.15455319409836696,-0.04775458001257683,-0.21801941560101695,0.04775458001257683,0.03027652271210764
4718,0.14916617956934383,-0.14422195803063953,-0.3185658892514056,0.14422195803063953,-0.06814771052684396
4719,0.15234741082195258,-0.08265638109328756,-0.2638687790861502,0.08265638109328756,-0.002911307357124732
4720,0.15459660363274907,-0.07410520274247744,-0.25921962564025475,0.07410520274247744,0.0035962201224005895
4721,0.15211890038325718,-0.10670244254728871,-0.29439829177557564,0.10670244254728871,-0.028385586881221003
4722,0.14642064734670998,-0.10526478191052643,-0.259613003317989,0.10526478191052643,-0.0205023316493695
4723,0.14614022313510133,-0.08020529938627692,-0.2573546970313433,0.08020529938627692,-0.00046229282060052666
4724,0.1483038610911474,-0.03793494269338356,-0.24752945926991252,0.03793494269338356,0.03493379334108068
4725,0.13971634459438473,-0.06230499275809172,-0.21955978932973338,0.06230499275809172,0.01897638731207171
4726,0.15752879000972383,-0.047023929542532684,-0.20821542664476575,0.047023929542532684,0.028866349631400008
4727,0.1518321722369237,-0.10160358579439854,-0.30112151914627594,0.10160358579439854,-0.022334991979195785
4728,0.14945626181803678,-0.0769599887187296,-0.2887519436084682,0.0769599887187296,0.00019721633678681453
4729,0.15514295779819842,-0.04259270704601394,-0.29963853432341564,0.04259270704601394,0.021675451626096076
4730,0.1647167096075162,0.002677961848268325,-0.2368044853096804,-0.002677961848268325,0.06786613615248598
4731,0.16194430087799755,0.027700258451322426,-0.20642396183223582,-0.027700258451322426,0.09079281855244761
4732,0.16725621282640904,0.03170321093978196,-0.20103746631637878,-0.03170321093978196,0.09178405823897948
4733,0.16150548107953835,0.03484247732751101,-0.19774793487532785,-0.03484247732751101,0.09394890303018932
4734,0.16161656973582608,0.03442932372187446,-0.19591437617210056,-0.03442932372187446,0.09452262136342936
4735,0.16798676093376713,0.030713791143446724,-0.20599978165341215,-0.030713791143446724,0.09126785660239616
4736,0.16467309445222147,-0.002739550754549002,-0.22956300917613182,0.002739550754549002,0.06302528202894479
4737,0.16639445281808748,0.019033159753981416,-0.21127856603225512,-0.019033159753981416,0.0839310729192064
4738,0.16748845233018214,0.02609233778644365,-0.21487897302865808,-0.02609233778644365,0.0896967181421076
4739,0.1679242220506687,0.007821268319847275,-0.22633154826593813,-0.007821268319847275,0.08101504035613348
4740,0.16098267907782998,0.022547283727713172,-0.19536656836920963,-0.022547283727713172,0.09659321162986932
4741,0.15747226979457557,0.03280449275164696,-0.2185946701928022,-0.03280449275164696,0.1008569164896945
4742,0.15393239953485666,0.03586508325359225,-0.2313723015327505,-0.03586508325359225,0.10209010780404329
4743,0.17145747638188072,0.03387557591833849,-0.2691835197920476,-0.03387557591833849,0.0973652063045266
4744,0.1618289511823832,0.021876183708506414,-0.23579309412572202,-0.021876183708506414,0.0959036022175129
4745,0.21169572612375592,0.09554384212355808,-0.3180445551937362,-0.09554384212355808,0.14873770342508433
4746,0.1974966493998233,0.07860875025729591,-0.3193967115317712,-0.07860875025729591,0.13551838276930772
4747,0.18934964789536196,0.06208778790076856,-0.32222269952822574,-0.06208778790076856,0.12040830143018558
4748,0.19004327232893184,0.05224367959034503,-0.3151979088214059,-0.05224367959034503,0.11415022001642684
4749,0.18874007564272624,0.05243075610962743,-0.3282932965663992,-0.05243075610962743,0.11327187279383827
4750,0.18603513901212798,0.041596353702186305,-0.3323947812507377,-0.041596353702186305,0.10457580651769464
4751,0.18438684575702763,0.03275830611004937,-0.33268116116428137,-0.03275830611004937,0.0963569463285076
4752,0.18200866245144992,0.012375127106530218,-0.3396726753816134,-0.012375127106530218,0.07829118496138615
4753,0.18111838481002862,0.07052397582119678,-0.33256781732039115,-0.07052397582119678,0.12433276245531578
4754,0.18312730236196856,0.11148349047219293,-0.33968555590706284,-0.11148349047219293,0.14947421188870125
4755,0.17696311485701335,0.1026495113605193,-0.34681808319174934,-0.1026495113605193,0.14134934671683258
4756,0.19181600171415572,0.11148381357399617,-0.35013368249176924,-0.11148381357399617,0.15026122672722783
4757,0.18732434620117464,0.030716340649770402,-0.3602710893311498,-0.030716340649770402,0.09333676031623826
4758,0.18675310410362847,0.024964453675071354,-0.36312295900021435,-0.024964453675071354,0.08485902465686306
4759,0.18420790741130888,0.06476212580030007,-0.3326358506818417,-0.06476212580030007,0.12074331772242337
4760,0.18863208935028655,0.06718424435637001,-0.3309154970399,-0.06718424435637001,0.12602821154824312
4761,0.18111308952128094,0.038672295141880246,-0.3430031269494595,-0.038672295141880246,0.10064146061625323
4762,0.1802061694531149,0.0028799733146393043,-0.3015015805563144,-0.0028799733146393043,0.07635331207498047
4763,0.17830349184419153,0.02010753719661249,-0.24497220191330546,-0.02010753719661249,0.09676709776409063
4764,0.1773024798156898,-0.08485967596759848,-0.28809512971863716,0.08485967596759848,0.00428782058743777
4765,0.13619754771499656,-0.09632767210973253,-0.06070193723450437,0.09632767210973253,0.0345539167351026
4766,0.13106894387598322,-0.08131057801405693,-0.04169463392960928,0.08131057801405693,0.05312490430008446
4767,0.14770034684467423,-0.029880940022491195,-0.15372464006024325,0.029880940022491195,0.07115595889435956
4768,0.12430715052508655,-0.12102455591993838,-0.013384916518583947,0.12102455591993838,0.026337170893106103
4769,0.16491318388304202,-0.025804802934884397,-0.18782030025141333,0.025804802934884397,0.0704792549653459
4770,0.18724204344144288,-0.002233493994238661,-0.2883759549158384,0.002233493994238661,0.0692474250000824
4771,0.16743662986321714,-0.030600945486692097,-0.25998707601026416,0.030600945486692097,0.05302919213993804
4772,0.16185200560366322,-0.026994393848056082,-0.2564880344475047,0.026994393848056082,0.05564514112719197
4773,0.16949444376846706,0.033143701058570035,-0.24207964814813293,-0.033143701058570035,0.0977658669182321
4774,0.1700928744632533,0.03930937744559167,-0.24572938153810447,-0.03930937744559167,0.10338718911664932
4775,0.1655950491447299,0.039180536517894375,-0.22896273262074462,-0.039180536517894375,0.10095049409433468
4776,0.16229701010922137,0.03103829032993772,-0.2115086345247915,-0.03103829032993772,0.10025407846650702
4777,0.14944783576535797,-0.015144343386523363,-0.23237535481839555,0.015144343386523363,0.0630657644186671
4778,0.1599723562364123,0.02704105160582629,-0.19899158049553284,-0.02704105160582629,0.09749326666066702
4779,0.16681500746271877,-0.012288857952945457,-0.24959600463982193,0.012288857952945457,0.06085954865286866
4780,0.15365457717088,-0.03087922944206979,-0.23644178897225127,0.03087922944206979,0.04627665328949188
4781,0.15262269715487983,-0.0454905591911573,-0.25938884144657137,0.0454905591911573,0.030468205074850617
4782,0.1547395560770818,-0.06207086949513534,-0.2428234092538662,0.06207086949513534,0.018187298801393074
4783,0.15431103222400758,-0.05577842183450548,-0.2408802160324694,0.05577842183450548,0.023855856592799457
4784,0.15504064616118887,-0.06723712988580775,-0.253557270192717,0.06723712988580775,0.01298248737596929
4785,0.16365333456098283,-0.06508039287569437,-0.2661902839487858,0.06508039287569437,0.013168872202163657
4786,0.1604458663075414,-0.0551015198324236,-0.24191327623023234,0.0551015198324236,0.0233251304918563
4787,0.1561791083223841,-0.05321503328827772,-0.23868584326493036,0.05321503328827772,0.025920744109917425
4788,0.16247079779212018,-0.061971164392686545,-0.26364909917337337,0.061971164392686545,0.01504408719528353
4789,0.15013193105982137,-0.1058147109696544,-0.2814528925796036,0.1058147109696544,-0.02209987833117165
4790,0.15483892035065389,-0.06390114026947563,-0.2628652099534852,0.06390114026947563,0.012229224807322027
4791,0.16616549928890592,-0.03231606320881775,-0.25082064787023806,0.03231606320881775,0.04186355901920958
4792,0.15484537794992503,-0.08312556571175908,-0.3021372806735258,0.08312556571175908,-0.008786231490453288
4793,0.16314203902101046,-0.05417862151214756,-0.3043758117880631,0.05417862151214756,0.010242465851982555
4794,0.16591941505149563,0.029434213215625813,-0.25849568799559436,-0.029434213215625813,0.08188822652412987
4795,0.15462417808411222,-0.0008595097714700115,-0.23070498513392707,0.0008595097714700115,0.062245635594752186
4796,0.1594321469799152,-0.007903056339678461,-0.22698592139522147,0.007903056339678461,0.05899040435029188
4797,0.1664966260614162,-0.03254547800412093,-0.24943023567863593,0.03254547800412093,0.038074461509425735
4798,0.1688909695812153,-0.05368968215635024,-0.27562115078165106,0.05368968215635024,0.01695319559134549
4799,0.1556807843930845,-0.14481500374222236,-0.310251813787372,0.14481500374222236,-0.06333769153119344
4800,0.14945348814258705,-0.23625048453194883,-0.3090500900667092,0.23625048453194883,-0.14502157346679415
4801,0.15700319238327357,-0.10829238063765075,-0.29071326739202635,0.10829238063765075,-0.02897711983465083
4802,0.15901205897101237,-0.03434358790337243,-0.242822831287975,0.03434358790337243,0.03713354200907778
4803,0.16120243230410786,-0.03366765031965241,-0.23731919564786821,0.03366765031965241,0.039636787987405366
4804,0.15944619218814018,-0.031993456858914186,-0.2404945112640622,0.031993456858914186,0.03978374596617032
4805,0.15213444958031924,-0.05804404060298817,-0.2505933467668895,0.05804404060298817,0.021059642347922413
4806,0.17211504131712846,-0.040591661075704874,-0.26017782069150486,0.040591661075704874,0.035264072023603724
4807,0.15336765735855207,-0.08825591663225826,-0.2688979950367677,0.08825591663225826,-0.007134031949348195
4808,0.10612764874034887,-0.2040565569465229,-0.05126681046470146,0.2040565569465229,-0.07680132754309835
4809,0.14712864784317586,-0.16196840482125838,-0.2965005088761904,0.16196840482125838,-0.07780223390465199
4810,0.14515877961569204,-0.057179927389008636,-0.3491588494851255,0.057179927389008636,0.005352345560478246
4811,0.15256015556052857,-0.03626168135780971,-0.32203974788854145,0.03626168135780971,0.023953521954682786
4812,0.15902875863167198,0.008686220035617687,-0.23583772181096427,-0.008686220035617687,0.0716407334809143
4813,0.16776270770924775,-0.006355042133498193,-0.26059556581427346,0.006355042133498193,0.0591400077304803
4814,0.1703039700021856,0.03050030259590047,-0.2191435370863713,-0.03050030259590047,0.09092943075387974
4815,0.16792070857088,0.028317384169926706,-0.2025675506243843,-0.028317384169926706,0.09026155972155599
4816,0.16322871417064863,0.031269768336195373,-0.1977972964010557,-0.031269768336195373,0.09341727953887694
4817,0.16098982235542145,0.03797255736468742,-0.19153675260878186,-0.03797255736468742,0.0993332268996422
4818,0.16301625836967437,0.04100471840611458,-0.20128765694080872,-0.04100471840611458,0.10021311205289136
4819,0.15890266493773741,0.026783789742362764,-0.20920239791887293,-0.026783789742362764,0.09025313870952237
4820,0.15316956400765028,0.009011753160376017,-0.26499266505413394,-0.009011753160376017,0.07916474413068364
4821,0.1690928442676326,-0.003979316543774698,-0.2673478222765596,0.003979316543774698,0.07354325509110059
4822,0.19623747689956997,0.058537369622514296,-0.32344390022641367,-0.058537369622514296,0.11804960155458559
4823,0.18261668814082035,0.02628531617581723,-0.28592003155804036,-0.02628531617581723,0.09578059749446748
4824,0.1860044859171333,0.02531869264790342,-0.316304751693253,-0.02531869264790342,0.09251051188412096
4825,0.20392519582917357,0.08052643327028614,-0.3124861812795946,-0.08052643327028614,0.13625913986468155
4826,0.19937874764488048,0.06800604676918885,-0.31466486111102654,-0.06800604676918885,0.12647998002578995
4827,0.19095002493507526,0.07354262654810954,-0.3167281717948093,-0.07354262654810954,0.13000475702918107
4828,0.19190663205909647,0.07397328798535366,-0.33452791526763176,-0.07397328798535366,0.1254460347707185
4829,0.19200658206912669,0.11169090675597294,-0.3511896906749302,-0.11169090675597294,0.15267127637585026
4830,0.1973648588133144,0.11067564327857743,-0.34749053075195685,-0.11067564327857743,0.15337707155572797
4831,0.17924313369369038,0.07517303661801893,-0.3413867297622484,-0.07517303661801893,0.12193083800214542
4832,0.18783019978450533,0.08321347705299807,-0.3593215981810131,-0.08321347705299807,0.12411218670631854
4833,0.1934564726832865,0.055458481973202,-0.34474912682698056,-0.055458481973202,0.11299495663946765
4834,0.212019167596172,0.059309811926967305,-0.3532713907422087,-0.059309811926967305,0.12006407372506128
4835,0.19233204215674565,0.06525110302682162,-0.33824670484161834,-0.06525110302682162,0.12216614827080352
4836,0.1751690313615543,0.021370217079770708,-0.3296605298839042,-0.021370217079770708,0.08961822952314337
4837,0.19361608238519834,0.022993714580726625,-0.33546301462099065,-0.022993714580726625,0.09206285064213952
4838,0.1764666137341034,-0.006123448596241886,-0.2927390874973504,0.006123448596241886,0.07092307119265905
4839,0.1689987503154408,-0.010050112849120328,-0.24344626835175917,0.010050112849120328,0.07697570909253537
4840,0.16601173183612133,-0.09987305560524087,-0.2902916440260542,0.09987305560524087,-0.0028234268744393217
4841,0.11543916161040099,-0.07171492758193285,-0.04180366649233879,0.07171492758193285,0.05667966691466899
4842,0.15117921633646558,0.010771705469546816,-0.2101574366918026,-0.010771705469546816,0.09597452745344219
4843,0.17483183939395777,0.023636109012901214,-0.29427624892788296,-0.023636109012901214,0.09518641258793835
4844,0.19025383989319636,0.01674709626139296,-0.29204162665726474,-0.01674709626139296,0.08703606459069856
4845,0.16618080491049556,-0.04086694859802097,-0.2774609381158419,0.04086694859802097,0.04446293019697148
4846,0.16542203210537088,-0.04126529492752285,-0.2757696812650714,0.04126529492752285,0.044007138551477
4847,0.1666236109083591,-0.04250838459265233,-0.2931432100566705,0.04250838459265233,0.0399794968330392
4848,0.17264430616240398,-0.03159321156497246,-0.30598839998363886,0.03159321156497246,0.04541943869647408
4849,0.15755197128089257,-0.02119043006097813,-0.23764885091111418,0.02119043006097813,0.06072256666075696
4850,0.16567921791647439,0.014982246363373539,-0.25801657049367893,-0.014982246363373539,0.0881593245991526
4851,0.16882748774715373,0.0191471952298962,-0.2417178702565524,-0.0191471952298962,0.09126606628918327
4852,0.16219853543078208,0.027948099503006096,-0.21196902038969453,-0.027948099503006096,0.09936280286429955
4853,0.15950224027875157,0.001385829038734253,-0.23876620453982036,-0.001385829038734253,0.07327794720108316
4854,0.1663581223890502,0.030745229554639524,-0.2315532401155029,-0.030745229554639524,0.09349479344420185
4855,0.1709251271738871,-0.003857401053614949,-0.2575645535683628,0.003857401053614949,0.06555357175497561
4856,0.15023886004086692,-0.06037426538890048,-0.26360445060005994,0.06037426538890048,0.01956110030666964
4857,0.16595989264949956,-0.02525454700661006,-0.26955338351820957,0.02525454700661006,0.04412738573482715
4858,0.16790169108286235,-0.047494449645804904,-0.3019155369556058,0.047494449645804904,0.02494575501765234
4859,0.15509314587909354,-0.08285962641408588,-0.2667569655604941,0.08285962641408588,-0.0006531993615412156
4860,0.15514589122448674,-0.053841301152597394,-0.24869997220672863,0.053841301152597394,0.025084195125497002
4861,0.15305767658858643,-0.0767364607509027,-0.2556015324840383,0.0767364607509027,0.004899070970282734
4862,0.15297233665713908,-0.09561995034252992,-0.2649130178916649,0.09561995034252992,-0.011705208095317034
4863,0.14960272703396624,-0.0857157438035243,-0.2551200128190182,0.0857157438035243,-0.0029177354794477704
4864,0.15824368568002073,-0.07323556041496951,-0.2944511335431297,0.07323556041496951,0.0023833706269649666
4865,0.15858870620890145,-0.08724915409590314,-0.3739123489789224,0.08724915409590314,-0.019144955227547472
4866,0.1574656470644246,-0.11908813915469789,-0.3732888737917496,0.11908813915469789,-0.04630036140384298
4867,0.15371271099811581,-0.073436373879648,-0.26813079404613765,0.073436373879648,0.004500397844927214
4868,0.17102562267156982,-0.024028804146306593,-0.2984792084166176,0.024028804146306593,0.0417941059037244
4869,0.1608453649159209,0.01889937592399292,-0.2844626978122119,-0.01889937592399292,0.06439159838885461
4870,0.15077203088177066,0.00819095641742473,-0.2157701639619721,-0.00819095641742473,0.0722571928962193
4871,0.16021983691809658,0.02063791610867448,-0.21326162467211143,-0.02063791610867448,0.08035428006400823
4872,0.1626610536034952,-0.031506255022554636,-0.24535242235672902,0.031506255022554636,0.03929976613739768
4873,0.16461695181659947,-0.17587301673742947,-0.3328557500335015,0.17587301673742947,-0.09454473992987222
4874,0.15715254624765096,-0.2273217993412638,-0.3499127193552992,0.2273217993412638,-0.14330662010802386
4875,0.14245281182093203,-0.17044078118281278,-0.34021557330839497,0.17044078118281278,-0.08881368975907379
4876,0.14687080763296304,-0.20804283730586004,-0.3419291492427187,0.20804283730586004,-0.12523913980916815
4877,0.15870350745748477,-0.0893098719222455,-0.28178106001092296,0.0893098719222455,-0.011731195780146312
4878,0.16835892218988527,-0.028381366583703722,-0.2704948202614271,0.028381366583703722,0.040354696073453517
4879,0.1534170485374112,-0.17051857732018647,-0.32393825546784233,0.17051857732018647,-0.08824536576877726
4880,0.1532359368265495,-0.12758636095198547,-0.30037448926538163,0.12758636095198547,-0.04532904612100949
4881,0.1552360173338939,-0.07002985591446587,-0.27454477205985955,0.07002985591446587,0.005794099608572764
4882,0.16103070353529808,-0.03868392018017016,-0.2421917151277352,0.03868392018017016,0.03537025097109521
4883,0.16289696336416448,-0.06665886844556788,-0.2545948892953768,0.06665886844556788,0.013853962043196413
4884,0.1647979192347543,-0.13948421523238083,-0.29028770597800635,0.13948421523238083,-0.05429452980557334
4885,0.10881337199879171,-0.18707459658703376,-0.09406576858497119,0.18707459658703376,-0.07080297417814259
4886,0.15335975162881052,-0.08136702839459845,-0.29494069856033633,0.08136702839459845,-0.009539391481154322
4887,0.16639363958928594,0.027173696321026657,-0.23051357938697092,-0.027173696321026657,0.0874136352047714
4888,0.16948584482311554,0.0014001635972008023,-0.26486481454472965,-0.0014001635972008023,0.06527672932628246
4889,0.16760089062355796,-0.020281865649003944,-0.29522638853383976,0.020281865649003944,0.046099023357749624
4890,0.17053121881453787,0.032668341717491584,-0.21380926539945833,-0.032668341717491584,0.09231104426652675
4891,0.17805504405049566,0.02997194186078548,-0.21417752045925623,-0.02997194186078548,0.08977686706179643
4892,0.16963150908275668,0.02678940422698885,-0.20192554883810332,-0.02678940422698885,0.09073654867215827
4893,0.1640515141400873,0.03680855215852226,-0.1956316303608443,-0.03680855215852226,0.09914430309421378
4894,0.1575758671105106,0.036048810463518356,-0.20281695734538224,-0.036048810463518356,0.0978528303917982
4895,0.15951009010888959,0.027833045566416647,-0.20159234433573922,-0.027833045566416647,0.09455719000125365
4896,0.1664741683999068,0.04369528613797041,-0.21667940521184179,-0.04369528613797041,0.10218978047399968
4897,0.18787398909251946,0.04108058586250522,-0.33312950651263373,-0.04108058586250522,0.10697914938985055
4898,0.19665261458390437,0.050710769409429216,-0.32160525291038033,-0.050710769409429216,0.11417365343820196
4899,0.17861273836988703,0.005336922896231277,-0.34218408811698775,-0.005336922896231277,0.07538706264613129
4900,0.2104182155131199,0.08051221805536188,-0.3061412478159138,-0.08051221805536188,0.13611462062617077
4901,0.19394003831141815,0.07612711141978365,-0.3142977153966197,-0.07612711141978365,0.13156543924775066
4902,0.19313150983149846,0.08188352268141025,-0.3200788333185859,-0.08188352268141025,0.13579134783832014
4903,0.19927759557827254,0.10567516350998861,-0.3318335814204475,-0.10567516350998861,0.15251167728985343
4904,0.19985559557672766,0.10687442692113165,-0.3489596326883597,-0.10687442692113165,0.15115582320614865
4905,0.19754472615866342,0.11462519472971176,-0.35381175053214337,-0.11462519472971176,0.15592370734843117
4906,0.18429837599044563,0.06890125467281852,-0.3434253119280212,-0.06890125467281852,0.11994751529491214
4907,0.16596265544596608,-0.06839873453811993,-0.39566599717923645,0.06839873453811993,0.002568351717363855
4908,0.17901794745921606,0.012354301029100992,-0.31883068481935906,-0.012354301029100992,0.07919990741285311
4909,0.19722422121540478,0.046894365789184746,-0.3150270635845271,-0.046894365789184746,0.10143163379378502
4910,0.18686963401354678,0.0776585943693033,-0.34160847372371506,-0.0776585943693033,0.12971378547554724
4911,0.17435180938194497,0.020368222405074684,-0.3331682192789357,-0.020368222405074684,0.08631072588030844
4912,0.19206368227996387,0.04587993711191122,-0.3134000071725029,-0.04587993711191122,0.11392415548390311
4913,0.16520858188797485,-0.005043270263850532,-0.27734847542240254,0.005043270263850532,0.07891059214588005
4914,0.11852699451772412,-0.09742499574747984,-0.07834859175406508,0.09742499574747984,0.03297391874394884
4915,0.14149764903985268,-0.053205425058181884,-0.1728986145784505,0.053205425058181884,0.056057365732099344
4916,0.14618889554924705,-0.01708762256128817,-0.19382124140155513,0.01708762256128817,0.08150456987747905
4917,0.18298786158090805,0.015123826557242646,-0.25604866293515327,-0.015123826557242646,0.09374219301664234
4918,0.18836870172366965,0.004686086996267426,-0.2744815549730337,-0.004686086996267426,0.08179121374876522
4919,0.20002687564560814,0.010575031301416533,-0.34714278993967745,-0.010575031301416533,0.07732022225137947
4920,0.16757356648477428,-0.04449143662949108,-0.2875369085889817,0.04449143662949108,0.042504390322017534
4921,0.17234625286787425,-0.00875778672818848,-0.27766740250615873,0.00875778672818848,0.06978268120840073
4922,0.16459678954798343,-0.043666146018624265,-0.28527907308563955,0.043666146018624265,0.040463411905380636
4923,0.1702446206637346,-0.05157742125952555,-0.32359058969797383,0.05157742125952555,0.0286310780056839
4924,0.17999556321076632,-0.011782022377373726,-0.3143312464769324,0.011782022377373726,0.06202592742643278
4925,0.16546624223293513,-0.03843896776386766,-0.29855118422526467,0.03843896776386766,0.04185059825964283
4926,0.16105518281557368,-0.02519978121508731,-0.26333672566995847,0.02519978121508731,0.05648333488662773
4927,0.16588871892667398,0.015429388702323483,-0.2375670324340623,-0.015429388702323483,0.08839769121498572
4928,0.16591293232506513,0.007334251332650331,-0.2552222863346015,-0.007334251332650331,0.07950739353716076
4929,0.1670925373819018,0.010847919618385025,-0.25827194712547685,-0.010847919618385025,0.07852721326379415
4930,0.1637174278497452,0.0069625271956614354,-0.2481131643883275,-0.0069625271956614354,0.07433929709075522
4931,0.14863038361277583,-0.11339118526126607,-0.2928654084767895,0.11339118526126607,-0.028738497513348078
4932,0.171950847861512,-0.04415480288852738,-0.3007470718412525,0.04415480288852738,0.02962061960143267
4933,0.18357186567552783,-0.0792398682961077,-0.37311759652579646,0.0792398682961077,-0.009761913195310353
4934,0.16684037514272795,-0.11434372733428001,-0.35314340511288195,0.11434372733428001,-0.03880923171447392
4935,0.15343726928205242,-0.06884058088016777,-0.2525465910502477,0.06884058088016777,0.011902537271799848
4936,0.15230042696185936,-0.08397630864249607,-0.2525525485934406,0.08397630864249607,0.001004719968631063
4937,0.15459934971328745,-0.09913205905997749,-0.2734339437355906,0.09913205905997749,-0.015720408620642282
4938,0.1437720052931137,-0.12048920300285691,-0.29821682860704757,0.12048920300285691,-0.03946316175583531
4939,0.1607433240607256,-0.025333510687058365,-0.27043600043592364,0.025333510687058365,0.039911394613705464
4940,0.16903255003971715,-0.0006437622906881072,-0.28987213904503023,0.0006437622906881072,0.057940525897061584
4941,0.16374105869734681,-0.053255555844266694,-0.3007790276845952,0.053255555844266694,0.018262953556583448
4942,0.15706669408685267,0.008698650237828176,-0.22316357723473482,-0.008698650237828176,0.07240493084418737
4943,0.16402906737482584,0.038835846959801315,-0.27909824924466026,-0.038835846959801315,0.07600798116743235
4944,0.15365502511441073,0.008654340416684706,-0.24333393434882133,-0.008654340416684706,0.06275359636024774
4945,0.15476865072769164,0.012389849309092186,-0.22049588380469523,-0.012389849309092186,0.07658970000367608
4946,0.1681668151795604,0.030051108122093443,-0.22939064811679616,-0.030051108122093443,0.08837046190694116
4947,0.18391721660532062,0.048163751994082675,-0.2529761762501055,-0.048163751994082675,0.09269867413393815
4948,0.17697159198669635,0.011012139594145801,-0.2567707740577792,-0.011012139594145801,0.0663049391876957
4949,0.17007551284871925,-0.04376354663133349,-0.2909834467322345,0.04376354663133349,0.022697831537210666
4950,0.15047523546708697,-0.14390836794345707,-0.3269185582547563,0.14390836794345707,-0.06308326101338978
4951,0.17197609381017004,-0.12210734953544229,-0.3284870391117091,0.12210734953544229,-0.046344571043137515
4952,0.18685224263847613,-0.03727366382344063,-0.30113231766468634,0.03727366382344063,0.03755942595622089
4953,0.1767271531305539,-0.06178071226775577,-0.3455270274494009,0.06178071226775577,0.008292569968953853
4954,0.15738938522388882,-0.14264454605546706,-0.3237713423940758,0.14264454605546706,-0.06339923978573385
4955,0.14616528493263076,-0.08882157578469906,-0.2598272570404384,0.08882157578469906,-0.0072361444275832985
4956,0.1578377035052636,-0.03854717985647934,-0.24371057671694868,0.03854717985647934,0.03393767218697933
4957,0.16781557987589163,-0.0060934302615131076,-0.2270638521421621,0.0060934302615131076,0.06185888398849897
4958,0.1567766312019469,-0.07800977076701199,-0.23278040371666292,0.07800977076701199,0.006928851016683048
4959,0.15848911238036317,-0.20905801107711341,-0.22364166090168766,0.20905801107711341,-0.09982308536007228
4960,0.16867013042727808,-0.17227642970723883,-0.30329485878763457,0.17227642970723883,-0.08432706735761436
4961,0.12840395449275696,-0.06811523075514707,-0.14240449458830357,0.06811523075514707,0.019705469106863535
4962,0.16631018068985542,0.021466302675989195,-0.21187568119002018,-0.021466302675989195,0.08645512103449163
4963,0.1813270056725799,-0.015208014591496075,-0.3126754620000334,0.015208014591496075,0.0478033102407713
4964,0.16862912889125695,-0.05107024574237336,-0.3071347871105629,0.05107024574237336,0.017323332157222957
4965,0.16400209227445925,0.019971454322540452,-0.2027046789537131,-0.019971454322540452,0.08722057956203003
4966,0.17453268732266722,0.027864412012038445,-0.21147661073180474,-0.027864412012038445,0.09013337599876489
4967,0.16634073162768315,0.02461101253156265,-0.21082462595713888,-0.02461101253156265,0.08961303829709874
4968,0.16667215996682638,0.027091232839898928,-0.20340387053585457,-0.027091232839898928,0.09227089168554703
4969,0.15964203908977928,0.03052050012019934,-0.206320871170842,-0.03052050012019934,0.09552658685960963
4970,0.1589625399169028,0.029298071602720244,-0.2040641231501867,-0.029298071602720244,0.09687591573997613
4971,0.17085176992945128,0.04094835851080713,-0.2275120434890298,-0.04094835851080713,0.10308669261152618
4972,0.20674247912023255,0.08414133234889346,-0.3338972595006806,-0.08414133234889346,0.14490479571264686
4973,0.19322980119214023,0.0544911863277033,-0.3460974129150742,-0.0544911863277033,0.11231025182847494
4974,0.19754721571937364,0.0765178783622366,-0.32426070904185605,-0.0765178783622366,0.13074102269100005
4975,0.18897377176561117,0.06730728616067239,-0.31850945242348483,-0.06730728616067239,0.12572472408129312
4976,0.19538423521116324,0.09427663167905971,-0.3257876061736994,-0.09427663167905971,0.1439181985992618
4977,0.194007451380336,0.09874097250828666,-0.3395596700655984,-0.09874097250828666,0.14819957508509707
4978,0.1998577575681157,0.10356944638352666,-0.34594096297910054,-0.10356944638352666,0.15198540263985955
4979,0.20162040917873106,0.11443640686806486,-0.35146054109690206,-0.11443640686806486,0.15630307928573098
4980,0.18411474444451403,0.10915777147034603,-0.3513571955176032,-0.10915777147034603,0.15006012444653846
4981,0.17864239945240257,0.041670988090165346,-0.38020592014707066,-0.041670988090165346,0.09523707613037706
4982,0.17019185208498377,0.012902506998050896,-0.3167106221510408,-0.012902506998050896,0.08032360027990491
4983,0.19859647957161544,0.041375922108086945,-0.3183844701907534,-0.041375922108086945,0.09583723002329492
4984,0.18834698874221104,0.05131237316444782,-0.34668467133479486,-0.05131237316444782,0.10912875274551415
4985,0.17843156388198694,0.027440240289831913,-0.34111944200943084,-0.027440240289831913,0.0917111749745023
4986,0.1852662651997085,0.03340636049397356,-0.3238665160994596,-0.03340636049397356,0.10005982981076846
4987,0.16446995186012472,-0.01993641717276855,-0.2524248371977598,0.01993641717276855,0.06917210923987487
4988,0.17851216606269782,-0.027182961665482445,-0.2768914948767716,0.027182961665482445,0.05821045059127868
4989,0.16905257373374186,-0.00576496153371977,-0.24688748966406626,0.00576496153371977,0.07749816281891665
4990,0.16943622627195387,-0.0063468999811783005,-0.251484955485419,0.0063468999811783005,0.07661819405626755
4991,0.17990438974282383,0.016498238735542885,-0.25402155786287794,-0.016498238735542885,0.095299811054969
4992,0.18697634971415295,0.022619448335126913,-0.28425072922964667,-0.022619448335126913,0.09008288780361096
4993,0.18123065686068573,0.022315618441671178,-0.28076754026837997,-0.022315618441671178,0.09086167792717569
4994,0.17527843775849117,0.0286117556514141,-0.24539295480782974,-0.0286117556514141,0.10262578438011884
4995,0.18008743950731962,0.036304866761540405,-0.24663665886572483,-0.036304866761540405,0.1075848327076099
4996,0.17757935542665362,0.026517401041206784,-0.2522510187404241,-0.026517401041206784,0.1001270776758735
4997,0.17688352980471844,0.021905825447502893,-0.285347138639762,-0.021905825447502893,0.09335363188380971
4998,0.19363906491550736,-0.0014726258103273564,-0.36472203518486074,0.0014726258103273564,0.0665521296385442
4999,0.16057975426089166,-0.04563855247027111,-0.31340123196058706,0.04563855247027111,0.03403454411915366
5000,0.1636142155296703,-0.046712396652107906,-0.2812711639477967,0.046712396652107906,0.03824768579106676
5001,0.17290912406272252,-0.02509823860687322,-0.28278857581575956,0.02509823860687322,0.05321433190537408
5002,0.16198399228471175,-0.03520972114605273,-0.2673855648341905,0.03520972114605273,0.04646876445460109
5003,0.15880290800838043,-0.017494961484261332,-0.29058025837021056,0.017494961484261332,0.055122696026492606
5004,0.154780932712115,-0.014320974705890957,-0.30693624823646837,0.014320974705890957,0.05499474010472425
5005,0.14295708839084503,-0.1385991821715853,-0.3356437036933361,0.1385991821715853,-0.05447623243396467
5006,0.14869539218604136,-0.0993414220415672,-0.32201086254881384,0.0993414220415672,-0.0216998637853271
5007,0.1725064786091601,-0.07453123960049624,-0.32402669368420567,0.07453123960049624,0.0018082418146546837
5008,0.20365814303203367,0.003894281482517726,-0.3526231801017823,-0.003894281482517726,0.06352468253142497
5009,0.17513270880167625,-0.02980917752714771,-0.29720969971195077,0.02980917752714771,0.041513326850142016
5010,0.148005111035047,-0.07829556715954314,-0.2783634934669288,0.07829556715954314,0.002011475011863904
5011,0.14146780009627688,-0.12252593383117359,-0.2971299556071847,0.12252593383117359,-0.03971716337112557
5012,0.13871969845315685,-0.11089475396652183,-0.28826946606001946,0.11089475396652183,-0.02860432036733928
5013,0.14855157836438027,-0.05131564884890101,-0.2916306133262662,0.05131564884890101,0.018534343093103322
5014,0.16618308340722504,-0.0004522012075745498,-0.24098171152888867,0.0004522012075745498,0.06742985635041866
5015,0.16767109411551775,-0.002001463368293479,-0.2648760426009832,0.002001463368293479,0.06168711774819699
5016,0.15560584378076375,0.023853215862902743,-0.24977896095954713,-0.023853215862902743,0.07124258110858907
5017,0.15063375830415043,0.01995388402185673,-0.23711458086958498,-0.01995388402185673,0.07168115355466233
5018,0.1496081590755265,-0.029317055766123052,-0.23001344149753086,0.029317055766123052,0.04783350452484388
5019,0.15287680929794611,-0.018912919949054904,-0.22305721683106974,0.018912919949054904,0.0552701331328475
5020,0.1627535326353339,-0.0015902496784384866,-0.23465766323103435,0.0015902496784384866,0.06874335712045636
5021,0.1826770219500554,0.020964939466759112,-0.2595088114339919,-0.020964939466759112,0.08178691712245914
5022,0.14996011614468105,-0.018607533226474595,-0.23562022665152796,0.018607533226474595,0.054132088274941426
5023,0.16356849374961477,-0.007677990917434579,-0.26691918639996637,0.007677990917434579,0.06078276214924147
5024,0.17627246720337994,-0.010938525762976943,-0.2757695579269508,0.010938525762976943,0.058032822653398715
5025,0.18282157529875068,-0.018406148471549238,-0.2888295618605905,0.018406148471549238,0.05422518802468138
5026,0.1695252973504107,-0.03386318643510882,-0.25398896799296233,0.03386318643510882,0.04009911778028461
5027,0.16065442274422903,-0.058383867891507873,-0.2736327350853215,0.058383867891507873,0.01648544527881616
5028,0.16131286972211356,-0.019188406467239662,-0.2522130422857766,0.019188406467239662,0.04942429651900526
5029,0.16344763167358525,0.01158143419023738,-0.21334649715128773,-0.01158143419023738,0.07882746387695884
5030,0.166324367303121,0.024206182595004816,-0.21812636140459654,-0.024206182595004816,0.08518373305102317
5031,0.16993609829226763,0.01216965607346064,-0.22115583836628844,-0.01216965607346064,0.07822976033349527
5032,0.17706713690244066,-0.16999359754683913,-0.3256462602490341,0.16999359754683913,-0.08361461260279779
5033,0.18188421256688733,-0.1284716285061499,-0.3398983413414121,0.1284716285061499,-0.05331610921143939
5034,0.14432267729010265,-0.08671864526625017,-0.20356649624708956,0.08671864526625017,0.0007134688506240647
5035,0.13807458050429441,-0.09398458895499183,-0.15401604312421963,0.09398458895499183,0.0009287348003751223
5036,0.1614179719256019,-0.007607491675413348,-0.23615996958786878,0.007607491675413348,0.0604553053028722
5037,0.2056894623644237,-0.0050889473350823914,-0.31567255603786154,0.0050889473350823914,0.05407281080398343
5038,0.16533417132861247,-0.09402397981695916,-0.3302589733031331,0.09402397981695916,-0.02765625337984751
5039,0.15874238154717743,-0.0182461329958872,-0.20898317376130604,0.0182461329958872,0.05571222384370057
5040,0.17038958498519777,0.03330922796996767,-0.22070082155825885,-0.03330922796996767,0.0920889897178082
5041,0.1696932952044681,0.03584692885312256,-0.22138330382158533,-0.03584692885312256,0.09388573372983235
5042,0.16652642705419207,0.012096476909539508,-0.21532562200786612,-0.012096476909539508,0.08184972857743814
5043,0.1617705323046648,0.027078187489878894,-0.20723073997094552,-0.027078187489878894,0.0953417879630505
5044,0.1663904962944251,0.03172824285492048,-0.21643809521900736,-0.03172824285492048,0.09845815767454515
5045,0.197721239865371,0.062421368065793834,-0.35013875795704563,-0.062421368065793834,0.12265554163934676
5046,0.18547837423644506,0.02766336385281078,-0.3180619466926035,-0.02766336385281078,0.09471260900974666
5047,0.18753707301635605,0.04031392278120436,-0.3222155162540875,-0.04031392278120436,0.10361434122280702
5048,0.1946895177986601,0.07676193819067784,-0.3310448142227658,-0.07676193819067784,0.13130498357889625
5049,0.19421597779139096,0.07294476892635349,-0.3396465435903865,-0.07294476892635349,0.12571156481871124
5050,0.19169029293643042,0.06786273924068899,-0.3406413953152129,-0.06786273924068899,0.12282327515692146
5051,0.20542233086945028,0.08815292616271432,-0.35117588460915244,-0.08815292616271432,0.14316481200903652
5052,0.1895588952660757,0.10753107439995982,-0.3461410567200894,-0.10753107439995982,0.15210317380352656
5053,0.17527152180479186,0.03975831690475554,-0.345851000989844,-0.03975831690475554,0.09664894888235266
5054,0.17898372730124065,0.0004618360447914268,-0.33168600658566694,-0.0004618360447914268,0.07135645391045196
5055,0.18905080611837152,0.022613042233407744,-0.3321361544465456,-0.022613042233407744,0.08895834120742066
5056,0.18594201087247883,0.03337549186810326,-0.3348909733052865,-0.03337549186810326,0.09622075317585443
5057,0.1782811877502892,0.047870704599802374,-0.33346026861531664,-0.047870704599802374,0.10774164226117426
5058,0.1760388015439573,-0.01070734992601115,-0.31101582843775455,0.01070734992601115,0.0674559970288083
5059,0.1812732569424259,0.011640673255352842,-0.2642662653453188,-0.011640673255352842,0.09022035342212074
5060,0.17759218249926195,0.015546628835583911,-0.2802709706710902,-0.015546628835583911,0.08862739512950486
5061,0.1782213501169877,0.009174356112330008,-0.29047334866598,-0.009174356112330008,0.08097407742249503
5062,0.18511980718358073,0.0053041971705221624,-0.2914485949244131,-0.0053041971705221624,0.08048428979381471
5063,0.17515384016616947,0.006413609080796241,-0.29008609797234847,-0.006413609080796241,0.08314584729415919
5064,0.17950379126300245,0.0021038537701646735,-0.27538674643156974,-0.0021038537701646735,0.08174578976757234
5065,0.1795259836947099,0.02911477223084291,-0.24404537207613203,-0.02911477223084291,0.10596216941424116
5066,0.18020630389566666,0.03771461467075254,-0.24073337838741876,-0.03771461467075254,0.11146946286138079
5067,0.1829085360940258,0.04046367560606834,-0.2509449994233458,-0.04046367560606834,0.11116326299863756
5068,0.17298508660623052,0.02586525776029145,-0.24005161408318504,-0.02586525776029145,0.10293746984212615
5069,0.17467152806490618,0.010651673982031349,-0.24720556205068797,-0.010651673982031349,0.08914145920412933
5070,0.17803137533318386,0.003575095822709461,-0.3141205877185402,-0.003575095822709461,0.07572001521668618
5071,0.15471896263130364,-0.004539582092749981,-0.23780097578049086,0.004539582092749981,0.07637756610349428
5072,0.1652200835419502,-0.025438299334222383,-0.27721067854241715,0.025438299334222383,0.05477925661859419
5073,0.1604441591669856,-0.032721700434590884,-0.2708385757022213,0.032721700434590884,0.049143254600409844
5074,0.15744545946856606,-0.030658045553138127,-0.29624085495505775,0.030658045553138127,0.0465998463798898
5075,0.15920445740293154,-0.03021531581423323,-0.28372760152718585,0.03021531581423323,0.046819354448520624
5076,0.1465872262915019,-0.10126572948678439,-0.3594805071749162,0.10126572948678439,-0.029143733367531132
5077,0.14976214775351535,-0.09223230676668848,-0.3215251022100443,0.09223230676668848,-0.015313213625689102
5078,0.16044127651916096,-0.05711722362506997,-0.2649687844949062,0.05711722362506997,0.024471121179392003
5079,0.17018648229591882,-0.02789616699214486,-0.26119694441998664,0.02789616699214486,0.046678605313767656
5080,0.17310472180922828,-0.03612469861607531,-0.2755672333924753,0.03612469861607531,0.03704243242200583
5081,0.14633705727379126,-0.08533592763990394,-0.2443549741718796,0.08533592763990394,0.0017226774637452771
5082,0.15545963531696638,-0.09437738885505727,-0.28451825733081837,0.09437738885505727,-0.01135889257069331
5083,0.14842538261055793,-0.0698204850624458,-0.2535528365256707,0.0698204850624458,0.013560243107657083
5084,0.15585401734467313,-0.07685489840707584,-0.29515404135207196,0.07685489840707584,0.0013713746641410747
5085,0.15558677764086598,-0.01144493757542371,-0.24266288731677071,0.01144493757542371,0.057378165359383476
5086,0.15251108634107438,-0.05939385767557749,-0.2729206123742251,0.05939385767557749,0.015510944122708656
5087,0.1395309621392185,-0.012845396715784113,-0.2815100270808198,0.012845396715784113,0.04958594063456569
5088,0.14391200172870636,0.0016669299571870342,-0.26369115197614745,-0.0016669299571870342,0.059815109863770005
5089,0.14689393810318715,-0.006268367957395854,-0.2221838732106549,0.006268367957395854,0.06452023361556897
5090,0.1492241020897912,-0.0361791436688141,-0.23062509557817973,0.0361791436688141,0.042275737974436095
5091,0.1484397852142542,-0.021259523114077337,-0.23464622424532489,0.021259523114077337,0.052531730523691776
5092,0.14899162647184186,-0.030869980222947804,-0.226568860941378,0.030869980222947804,0.04700929812666872
5093,0.1842347535583798,-8.434888538578673e-05,-0.30269993178492083,8.434888538578673e-05,0.06268997731114544
5094,0.160056833724475,0.018391667199814932,-0.2422155487685499,-0.018391667199814932,0.08045520414083579
5095,0.16429961214200103,-0.010604270629721142,-0.2499505682429295,0.010604270629721142,0.05805678490833611
5096,0.16442101461116082,-0.029608259015807884,-0.2566828214491761,0.029608259015807884,0.04178752687115751
5097,0.16472418204075426,-0.050799085412730656,-0.26046769875119935,0.050799085412730656,0.02495636827800905
5098,0.1837542493570203,-0.007237886717114682,-0.25275688006302355,0.007237886717114682,0.06371776221731104
5099,0.17249626958527348,-0.0007101040925751222,-0.23546454858111948,0.0007101040925751222,0.06586534092724514
5100,0.15852209264228878,-0.022123026254168388,-0.23604564061321875,0.022123026254168388,0.05010132947708869
5101,0.14893453058485692,-0.06152422407594075,-0.25821949177580916,0.06152422407594075,0.01492459240420876
5102,0.16408660046365312,-0.016836828932853928,-0.28037485771195136,0.016836828932853928,0.04554717284868177
5103,0.17491191976084558,-0.02595908343043434,-0.2642971346751568,0.02595908343043434,0.04284483397197861
5104,0.1931292664540613,-0.06804570371252112,-0.32895726296517647,0.06804570371252112,0.006374436413824423
5105,0.17396752027289109,-0.022399860571757982,-0.27645412646000517,0.022399860571757982,0.04316490428075171
5106,0.12400281631989041,-0.06141047316323731,-0.10175696497132405,0.06141047316323731,0.030240098855564966
5107,0.1790593135532749,-0.04908327961374764,-0.30320850362167057,0.04908327961374764,0.0235471741360818
5108,0.1667511016301066,0.0019476310434622967,-0.24382686333888534,-0.0019476310434622967,0.07039085739892138
5109,0.16134985690105805,-0.024508518795060254,-0.2745109936773306,0.024508518795060254,0.04554604547235711
5110,0.16199352495251207,-0.0024628295636861847,-0.3175921582923351,0.0024628295636861847,0.05981699679392038
5111,0.1577996869384581,-0.03353759856394366,-0.22018017423180003,0.03353759856394366,0.04271779711205451
5112,0.16241589352643865,0.025838929260236777,-0.20073116745847133,-0.025838929260236777,0.09346057778977215
5113,0.1682814080196887,0.03054091027966309,-0.21943506459711662,-0.03054091027966309,0.093565606291517
5114,0.16924720288282227,0.030207939221343617,-0.2272553244624104,-0.030207939221343617,0.09131134642460965
5115,0.16259618959553554,0.029305235763029423,-0.21974233741789181,-0.029305235763029423,0.09618719018370077
5116,0.19577817707252745,0.04269428591731452,-0.3389882806618745,-0.04269428591731452,0.1093108919106504
5117,0.20118734123528378,0.0686930330497193,-0.34465175701975076,-0.0686930330497193,0.13256661627660168
5118,0.20499412813143705,0.08197537471397369,-0.3471243898180594,-0.08197537471397369,0.14259367562298728
5119,0.19222298428261378,0.06468664092038642,-0.334641287075573,-0.06468664092038642,0.12109265887709025
5120,0.17966779762547114,0.02910414307782871,-0.3351106656246013,-0.02910414307782871,0.09387494612168659
5121,0.18486648961916988,0.07572565229593652,-0.34567434070894315,-0.07572565229593652,0.12674146266164732
5122,0.19046502644637386,0.07046797996381027,-0.3507509846333205,-0.07046797996381027,0.125545100073609
5123,0.18484262065003249,0.017465026649142994,-0.3413299056315027,-0.017465026649142994,0.0824094663011007
5124,0.17989042131153782,0.02764370161590364,-0.3162876786888291,-0.02764370161590364,0.09442238460945475
5125,0.17094836838351257,-0.0024264366437628223,-0.32515772916649793,0.0024264366437628223,0.07167859616818832
5126,0.17662583084587027,0.025173540676342174,-0.2623994780239503,-0.025173540676342174,0.09736345301457223
5127,0.17749223367583997,0.007715994598843503,-0.2877701027409485,-0.007715994598843503,0.08272397421670233
5128,0.18300324368781778,0.014594414436980627,-0.3313106896480487,-0.014594414436980627,0.08400526470536845
5129,0.17730138853555763,0.006123034882435447,-0.3274351001738062,-0.006123034882435447,0.07965386230572048
5130,0.182045519360571,-0.0044046229634720395,-0.27900553957602275,0.0044046229634720395,0.07609878167097237
5131,0.17658175898196535,0.01527924171896682,-0.2593938836367232,-0.01527924171896682,0.09263236449998058
5132,0.1817434085087174,0.03056283719741342,-0.2830822609906093,-0.03056283719741342,0.09895510753703671
5133,0.17902713422165703,0.027626875707976242,-0.27536577442804283,-0.027626875707976242,0.09901820375665037
5134,0.18962975188997108,0.005958465581267048,-0.30324595732493137,-0.005958465581267048,0.07939552782554841
5135,0.17823406841026937,-0.0006657244852464651,-0.311672994664446,0.0006657244852464651,0.07630406518605025
5136,0.18178963937696566,-0.012017033277318801,-0.3328065067076359,0.012017033277318801,0.061591997155608716
5137,0.18062162186231626,0.012925984112924534,-0.278632470522629,-0.012925984112924534,0.08908579394529398
5138,0.1812385979108678,0.03650515917077118,-0.2560637597708588,-0.03650515917077118,0.10937457997958773
5139,0.18256518595435403,0.05093837631620844,-0.2590845550415904,-0.05093837631620844,0.11550813789631621
5140,0.18143705322526427,0.04542232176802766,-0.26672871822614963,-0.04542232176802766,0.11433767766546851
5141,0.18975582504876937,0.040087175062706246,-0.30328333649253636,-0.040087175062706246,0.1099859076783063
5142,0.17576008752264832,0.013412554551795729,-0.3091442017469844,-0.013412554551795729,0.0864762225574991
5143,0.16602938264756767,0.032259962768850896,-0.326165742436118,-0.032259962768850896,0.09358199509020276
5144,0.1711217723126251,0.021319081426388175,-0.3059714180698812,-0.021319081426388175,0.08477600430172444
5145,0.16881913791768402,-0.019738593293271593,-0.30719177705000406,0.019738593293271593,0.054255369521983794
5146,0.1720126477569582,-0.016203820273461487,-0.3039348424740612,0.016203820273461487,0.058722221365182715
5147,0.15982772059980846,-0.04979373429507744,-0.3087263611922801,0.04979373429507744,0.028110928261440047
5148,0.15392610116154873,-0.06269423278732408,-0.31521951765469647,0.06269423278732408,0.013571027132728704
5149,0.162373448239422,-0.06342359724199277,-0.2886224630908979,0.06342359724199277,0.0177320477252088
5150,0.15449615053540652,-0.049614704821714796,-0.2539409008574259,0.049614704821714796,0.0329907043327814
5151,0.14674862887155446,-0.06937528932075594,-0.263423497534733,0.06937528932075594,0.014139488623182372
5152,0.1515788293717761,-0.04325438456027168,-0.2359408890862712,0.04325438456027168,0.03792073578944242
5153,0.16386716179042823,-0.039106458830863,-0.2581212884166266,0.039106458830863,0.03917150003332907
5154,0.1524176022098414,-0.077377904312018,-0.2603298304794344,0.077377904312018,0.007838222253627356
5155,0.14609831696712483,-0.09185729960183522,-0.26166505714292926,0.09185729960183522,-0.004879250674537023
5156,0.15198492750028914,-0.07160183704470534,-0.2880923431996434,0.07160183704470534,0.0056527486596998295
5157,0.1658956914917453,0.01666884306120288,-0.24302628904852402,-0.01666884306120288,0.07947345539871664
5158,0.15078045074591523,-0.04388261294447449,-0.2828761979797242,0.04388261294447449,0.026154337001986667
5159,0.14726187007562597,0.012401789239871076,-0.29385048824530574,-0.012401789239871076,0.06810143266557687
5160,0.13852093945402047,-0.02943597531449552,-0.2583134098880889,0.02943597531449552,0.04237653629031899
5161,0.17064488669113206,0.00996266898275825,-0.27911263862723074,-0.00996266898275825,0.07307381784472779
5162,0.16248295119693554,0.020298846470002397,-0.23198075481015387,-0.020298846470002397,0.08232133617750355
5163,0.1497101232103415,-0.02121242342027157,-0.24472257575795875,0.02121242342027157,0.05043231267900827
5164,0.15259579637066956,-0.043241029255085564,-0.28437271497106115,0.043241029255085564,0.028159666437000515
5165,0.165780922226967,-0.032242768481982036,-0.3017763718594086,0.032242768481982036,0.03517522165672774
5166,0.16914349051068422,0.023236147167997476,-0.2425683426588001,-0.023236147167997476,0.08100119220041375
5167,0.16646080856299206,0.03365182272364082,-0.21144904849948845,-0.03365182272364082,0.09406127859962712
5168,0.16868973612417834,-0.0013474394596041516,-0.23309829317736858,0.0013474394596041516,0.06600528518706902
5169,0.17141624914222559,-0.01884464586711324,-0.2610701076223972,0.01884464586711324,0.05162469016833102
5170,0.18782511125891382,-0.0033396917814059214,-0.308960565083125,0.0033396917814059214,0.06102933310665134
5171,0.1669328179034899,-0.0246833220337772,-0.24902072969665462,0.0246833220337772,0.04711537131292207
5172,0.14495848042267256,-0.11121672559788993,-0.3137281111465804,0.11121672559788993,-0.03182928713452475
5173,0.15017666211630973,-0.07111270534386226,-0.27829987388282407,0.07111270534386226,0.0008790516998242725
5174,0.1833204657797777,0.03541552440925704,-0.2693567332595578,-0.03541552440925704,0.08474448793747295
5175,0.17209147587507295,-0.03515368474133007,-0.29581997882772537,0.03515368474133007,0.034736755194738594
5176,0.1789148394085281,-0.041478710520724334,-0.30190877923514264,0.041478710520724334,0.029793409409733972
5177,0.12247051161356708,-0.06212627839993779,-0.09623238813461,0.06212627839993779,0.03554205299740884
5178,0.18021011745033247,0.005164706985302509,-0.2785176726083407,-0.005164706985302509,0.07412643217743907
5179,0.17205945034888326,-0.092670077371959,-0.299171044883077,0.092670077371959,-0.010182123740465938
5180,0.17255405732351334,-0.022460765575945098,-0.288525792314201,0.022460765575945098,0.046672741393612126
5181,0.16983692601477654,-0.012983838049856622,-0.2631903071450189,0.012983838049856622,0.057181154619974306
5182,0.163168250397765,-0.000769003701874922,-0.26284030609546244,0.000769003701874922,0.06638678048738372
5183,0.15425808818920692,0.0029348860190614766,-0.21430089975301633,-0.0029348860190614766,0.0764060165135903
5184,0.1695492247967875,0.02780930224911112,-0.22707452891677213,-0.02780930224911112,0.09205458884065512
5185,0.17014720292084023,0.03052247731325958,-0.22659948820536385,-0.03052247731325958,0.09500338521081007
5186,0.16827394383703595,0.03757912055165299,-0.2524919771101541,-0.03757912055165299,0.09336270537578119
5187,0.1992135777956787,0.08226361096635912,-0.30315221527712793,-0.08226361096635912,0.14079920190184303
5188,0.20149488301255833,0.0643849984534559,-0.3246560624710439,-0.0643849984534559,0.12432790417695545
5189,0.2001530616741568,0.08386846598562965,-0.34531323978393336,-0.08386846598562965,0.14400804045845722
5190,0.19719271338610192,0.05558007814619437,-0.34041548311403086,-0.05558007814619437,0.11601736201142668
5191,0.1948101082268191,0.06257657009672897,-0.3264861669634382,-0.06257657009672897,0.11974413915244207
5192,0.19504472243093732,0.08460253500068068,-0.33129807185544247,-0.08460253500068068,0.13595933367589172
5193,0.19028204317577843,0.047935310262605876,-0.33079968940634613,-0.047935310262605876,0.11024311241322003
5194,0.18436235148114635,0.027785527172935042,-0.33626405509713214,-0.027785527172935042,0.0908958065425989
5195,0.1713263256811812,-0.00756381786183637,-0.3019064798729601,0.00756381786183637,0.06747497626161462
5196,0.17291570393740863,0.0018429220840212978,-0.31292451180294034,-0.0018429220840212978,0.07500215009437178
5197,0.17399118634586636,0.015687292686728097,-0.3172648383817919,-0.015687292686728097,0.08552161784390452
5198,0.17442998453506955,-8.713105157499099e-05,-0.3085840259032145,8.713105157499099e-05,0.0743746500913664
5199,0.1728530366308054,0.009189562770398717,-0.2544720429243312,-0.009189562770398717,0.09031748961603461
5200,0.17110233203761743,0.0417980838103926,-0.34395234668783675,-0.0417980838103926,0.103704346781321
5201,0.18684716256279646,0.03133633956165901,-0.3390873820521566,-0.03133633956165901,0.09744729579362932
5202,0.18274149635001774,0.029407998673864174,-0.3188553088695527,-0.029407998673864174,0.0970662474829307
5203,0.19224860067644822,0.05458024012246882,-0.3258112078083816,-0.05458024012246882,0.11607173684337155
5204,0.15417095047561516,-0.01732611467852777,-0.2478518959757026,0.01732611467852777,0.07204112977828676
5205,0.18973887775273207,0.031880576632976436,-0.3478191940985894,-0.031880576632976436,0.09437661930500972
5206,0.17358186078571686,-0.02529083044443544,-0.35199116638648204,0.02529083044443544,0.05010149245099971
5207,0.18080186528351985,0.00964723948111887,-0.33805911562554497,-0.00964723948111887,0.07999048304393502
5208,0.18403194228804715,0.018662231370400763,-0.3401386703790597,-0.018662231370400763,0.08732352607480506
5209,0.1854694202056778,0.018878879229388048,-0.3082676668013218,-0.018878879229388048,0.09121793500174187
5210,0.18204475893316005,0.04333875467265317,-0.2881873074360732,-0.04333875467265317,0.11109547557593981
5211,0.19823753722073859,0.04832914007370038,-0.3519033861943384,-0.04832914007370038,0.10815143595844962
5212,0.18889449853010062,0.02370333246592571,-0.36051596001743624,-0.02370333246592571,0.08743392081405779
5213,0.1801965772436328,0.006181784369165624,-0.3480641878195801,-0.006181784369165624,0.0762014907341444
5214,0.173811416414539,-0.012460779020921757,-0.3448122608560232,0.012460779020921757,0.05809728995401302
5215,0.18569722165034003,0.021781975927053065,-0.28518509466289343,-0.021781975927053065,0.09331985963089448
5216,0.17965617675530007,0.0019776088278698313,-0.28584184116365674,-0.0019776088278698313,0.07643971745238312
5217,0.1755757508960186,0.019670297137373456,-0.27659552752811056,-0.019670297137373456,0.08956382527675454
5218,0.17509283183069344,-0.0030775358255753665,-0.25812292953619653,0.0030775358255753665,0.07194005744085508
5219,0.17062483809542137,-0.0053934374239930465,-0.2659657648756857,0.0053934374239930465,0.06724030725721625
5220,0.15510420786791018,-0.04117945213676655,-0.28242845415609696,0.04117945213676655,0.037029005842437554
5221,0.1609748426766858,-0.04576704180275378,-0.2805570130765858,0.04576704180275378,0.032600889450185105
5222,0.1501508575528413,-0.06135690870456647,-0.25539887791964844,0.06135690870456647,0.02312827913134275
5223,0.15357614969319072,-0.03035857592784317,-0.23285185400360134,0.03035857592784317,0.048492735896301736
5224,0.1582539825221921,-0.05186789864055345,-0.2715513590455199,0.05186789864055345,0.026461597643263914
5225,0.15079732769821658,-0.05979665214733629,-0.24896448721494222,0.05979665214733629,0.023225760783877294
5226,0.16038583908618936,-0.04194585750748253,-0.26522821071413094,0.04194585750748253,0.0352023008830027
5227,0.15349844054212192,-0.028341301801765733,-0.2786398084075982,0.028341301801765733,0.04281520234657779
5228,0.16044901724061328,0.005355011041889139,-0.27909515480158514,-0.005355011041889139,0.0671059785493962
5229,0.15657914977226087,0.034436468095719826,-0.2508812688275138,-0.034436468095719826,0.08705720521720896
5230,0.14172899052054402,0.01999850257727217,-0.23587373007670287,-0.01999850257727217,0.07953612669089573
5231,0.15683647725766622,0.06919494415922667,-0.2918892956487119,-0.06919494415922667,0.11148260847175456
5232,0.1535529286677721,0.017643448012641238,-0.25559438427959,-0.017643448012641238,0.07903187384758678
5233,0.14686682479891355,-0.031911436108578196,-0.2099943039616216,0.031911436108578196,0.04963059511153016
5234,0.14912000925981733,-0.12936515695473444,-0.20234139024619602,0.12936515695473444,-0.019520555284263497
5235,0.17732755163457853,-0.07060394154624161,-0.34277076620225694,0.07060394154624161,-0.0005889692655432459
5236,0.16872271450432297,0.01623979580793772,-0.23594389785477402,-0.01623979580793772,0.08097489109455382
5237,0.1731468272211627,0.022450115606857012,-0.2280283685533825,-0.022450115606857012,0.08589263276091981
5238,0.17126441338042797,0.032917164120467406,-0.23907668438837654,-0.032917164120467406,0.09229738784231403
5239,0.1650140872716953,0.021171304181870333,-0.21081019275305268,-0.021171304181870333,0.08814872967537994
5240,0.17069365723305105,0.028541530642918218,-0.21853973918366612,-0.028541530642918218,0.09406225163473575
5241,0.16386064039663048,0.02660763962929463,-0.20392567962269129,-0.02660763962929463,0.09234914767267172
5242,0.16551069652927064,0.00027947212887761546,-0.23465753201795983,-0.00027947212887761546,0.06630261683042683
5243,0.15910183870438485,-0.09600123306417689,-0.3118183962595926,0.09600123306417689,-0.021334958863239013
5244,0.16958807271710818,-0.031745142767556155,-0.30087723249367165,0.031745142767556155,0.03387343520117694
5245,0.1784461886254912,0.02161449112358171,-0.2625729610347467,-0.02161449112358171,0.07860950747531609
5246,0.18215493107746092,-0.0670729369745299,-0.3348520437363159,0.0670729369745299,0.002806559560942384
5247,0.12234247228261334,-0.12034344003448828,-0.11107109450932,0.12034344003448828,-0.015327691048188161
5248,0.16846416088258656,-0.02846244304944517,-0.25856191070069406,0.02846244304944517,0.04507179091907447
5249,0.19609014682102321,0.03187970749856625,-0.3089994473416229,-0.03187970749856625,0.09061570117509393
5250,0.1814801649283555,-0.050999666753144435,-0.31499509426144795,0.050999666753144435,0.02328558832700577
5251,0.16911973272198086,-0.05020162019661571,-0.3061697239217607,0.05020162019661571,0.02303063328495947
5252,0.17504519547955097,-0.029970519397261964,-0.29299629191268073,0.029970519397261964,0.04270465449639284
5253,0.2115305700435632,0.08834537233084319,-0.3167981497872015,-0.08834537233084319,0.1456982310275006
5254,0.2092144668309398,0.07359607317246597,-0.32214949650650426,-0.07359607317246597,0.13334342934830365
5255,0.1941683801063421,0.05884267276952445,-0.34133728077942777,-0.05884267276952445,0.12175639356583326
5256,0.19296395358494986,0.0476183272824751,-0.3384433188771012,-0.0476183272824751,0.1093209728873581
5257,0.19773361360034458,0.07524037089141054,-0.32707926562700657,-0.07524037089141054,0.12954768801874986
5258,0.19324073267416414,0.04960287348818303,-0.32540966260606013,-0.04960287348818303,0.10896764002842281
5259,0.19353683673381575,0.06602020198167494,-0.3377558037837999,-0.06602020198167494,0.12320457101530462
5260,0.195057974794003,0.07108411150368756,-0.3404366193443252,-0.07108411150368756,0.12660125813080877
5261,0.18896597082692068,0.055463417262719715,-0.3474730661180999,-0.055463417262719715,0.11318561128381072
5262,0.19108808398871124,0.08894081313821951,-0.3535591038311319,-0.08894081313821951,0.13682960293011615
5263,0.18732026946184058,0.08456426395195457,-0.36748911731380807,-0.08456426395195457,0.13058469245349286
5264,0.1769536153188143,0.03133472672538817,-0.35738342377194515,-0.03133472672538817,0.09247765991122035
5265,0.17326172822153682,0.010415569588003423,-0.36545384620504145,-0.010415569588003423,0.07574641509748115
5266,0.18506342516036473,0.06049798383615569,-0.36159160786455996,-0.06049798383615569,0.11723226236417454
5267,0.19059823080748475,0.07801237919175531,-0.34610490379048264,-0.07801237919175531,0.13041159714004352
5268,0.1932635949492299,0.09701905529555617,-0.3396884614180963,-0.09701905529555617,0.14414189286589413
5269,0.18929542053627194,0.10299338954055005,-0.3321793211968004,-0.10299338954055005,0.14733173592842072
5270,0.1903013254802134,0.06914256435842248,-0.33705129491579555,-0.06914256435842248,0.12328902357396326
5271,0.19374025605725073,0.0794631049252032,-0.34583616790992483,-0.0794631049252032,0.13495173433564173
5272,0.19332200052996149,0.06269278348496946,-0.3400361460257598,-0.06269278348496946,0.12185039003344939
5273,0.18930419986853989,0.02836370495810897,-0.3134217630695002,-0.02836370495810897,0.10263724587096143
5274,0.19902597999687843,0.04578918539570008,-0.36408640193692393,-0.04578918539570008,0.1069392831698086
5275,0.21035433215678503,0.06385027989963435,-0.37058145829799305,-0.06385027989963435,0.12274487803613184
5276,0.20028473392747168,0.0650850899006334,-0.3683284114079153,-0.0650850899006334,0.12033575253650276
5277,0.1834581259407153,0.005592776348458816,-0.3710672131223721,-0.005592776348458816,0.07008296716005794
5278,0.17552317212539162,0.03174121969446503,-0.38211584170556573,-0.03174121969446503,0.08725968012574299
5279,0.1737879615924082,-0.002628506471338403,-0.35507899472346055,0.002628506471338403,0.0665790600613598
5280,0.17274511274910717,-0.01374572738762996,-0.3167030644026734,0.01374572738762996,0.0624480331459075
5281,0.17735611899241183,0.01442291082061112,-0.2811664520072372,-0.01442291082061112,0.08564139792893792
5282,0.1752824324092148,0.0062897262090072,-0.2856159932121791,-0.0062897262090072,0.08009292889473517
5283,0.16045570434017067,0.012859687862562289,-0.2548706157213531,-0.012859687862562289,0.08727961407169037
5284,0.1644064169431329,0.013700694587043328,-0.2623544086073343,-0.013700694587043328,0.08698456847575566
5285,0.1654333413980427,-0.009560415259195671,-0.3299114367675448,0.009560415259195671,0.05722695070989341
5286,0.16869357510964325,0.013780423199639983,-0.2897481743917847,-0.013780423199639983,0.07591133042541047
5287,0.16477686211331558,0.0236203317316356,-0.25295150732133653,-0.0236203317316356,0.08649666699509494
5288,0.15622793137461496,-0.046501512082277596,-0.26774915332099813,0.046501512082277596,0.030989124879658273
5289,0.17017398627263985,-0.015694838362959877,-0.29862671180975975,0.015694838362959877,0.0544746105014635
5290,0.15926577605628855,-0.0316114906974064,-0.31937008712102755,0.0316114906974064,0.036366982764676085
5291,0.14702851080436655,-0.033736582724783144,-0.25933488885200207,0.033736582724783144,0.03891772946378391
5292,0.16015777986561955,-0.019291213770851752,-0.2500543945293771,0.019291213770851752,0.05227966104131872
5293,0.15780484562147806,0.006846587190718771,-0.2548846807487453,-0.006846587190718771,0.07217384127458161
5294,0.15432685727573847,0.017336365843397157,-0.22504995698507266,-0.017336365843397157,0.08216386635109757
5295,0.1556482966837606,0.03478553823723717,-0.238992522225867,-0.03478553823723717,0.09219212674612332
5296,0.14497132901394147,0.0304812730407832,-0.23685572686928358,-0.0304812730407832,0.08909195097299483
5297,0.17458212989826105,0.05378684911582572,-0.26461162291459556,-0.05378684911582572,0.1069011134542746
5298,0.16913802401544903,0.030908905896777392,-0.23323722476885564,-0.030908905896777392,0.09237516848709665
5299,0.1700228964621809,0.04506346644529701,-0.2458971939542067,-0.04506346644529701,0.10108193750053181
5300,0.12208324675397575,-0.21937455682314044,-0.028585481508909202,0.21937455682314044,-0.05495201277715802
5301,0.14700086229122222,-0.10272540189221713,-0.2019651531367675,0.10272540189221713,-0.0009706929023749384
5302,0.16900344345185614,0.023004218909533334,-0.22839295725968922,-0.023004218909533334,0.08931807996060742
5303,0.16557802803818641,0.03167648057836745,-0.21082613844318787,-0.03167648057836745,0.0959842309088215
5304,0.18738423117039324,0.03928208003586444,-0.23706055302922635,-0.03928208003586444,0.1018218064721624
5305,0.16910521518345903,0.028319487203884827,-0.2070334648698441,-0.028319487203884827,0.094439560605741
5306,0.1740405769698594,0.026720373757579796,-0.22508153065728412,-0.026720373757579796,0.09076858141961844
5307,0.16211268171788668,0.02296551248384474,-0.20081270854479916,-0.02296551248384474,0.09078469697123955
5308,0.16717793425406832,-0.04957042063964479,-0.29401427700206434,0.04957042063964479,0.01767047878594158
5309,0.13976746072499496,-0.17532525057621473,-0.26392824078551336,0.17532525057621473,-0.07670505764698977
5310,0.13163334001855131,-0.15200773104985565,-0.13093385453355327,0.15200773104985565,-0.03177926969500468
5311,0.16542367521866944,-0.088395088786564,-0.251822694383696,0.088395088786564,-0.00258490721999491
5312,0.17549568468550694,-0.07774037617234421,-0.29363172209339605,0.07774037617234421,-0.0020717341665249874
5313,0.13899696286622848,-0.06794672071997343,-0.15148870189502842,0.06794672071997343,0.02074171411081515
5314,0.19880669752860708,0.028693921451786054,-0.3168101137162214,-0.028693921451786054,0.08420083921226715
5315,0.19821557016359415,0.030860120867252143,-0.3150103030733437,-0.030860120867252143,0.08958547308205968
5316,0.1830195374313866,-0.05267360230655135,-0.32651193679858925,0.05267360230655135,0.020536290185478232
5317,0.17298782442810778,-0.04676118329811628,-0.3020129539048383,0.04676118329811628,0.02690221293913713
5318,0.17471696310400317,-0.020268175508629235,-0.29830392813844914,0.020268175508629235,0.04945431385386326
5319,0.17532324872601537,0.01262307505316825,-0.2723029623748212,-0.01262307505316825,0.07852029413311365
5320,0.2096129426798018,0.10014815758598823,-0.3228042843181166,-0.10014815758598823,0.151994644737889
5321,0.2080242781695625,0.09416331645321854,-0.32354433650907805,-0.09416331645321854,0.1452611512343028
5322,0.19010882230041964,0.02960659611736518,-0.32372811062099066,-0.02960659611736518,0.09607966689572958
5323,0.1793126117129793,0.025154502555275134,-0.2992661434890425,-0.025154502555275134,0.09425019981653282
5324,0.17773690322664157,-0.005872946530561341,-0.3329602100973017,0.005872946530561341,0.06622749556447584
5325,0.1904357800549002,0.033033294397133824,-0.33075016254593276,-0.033033294397133824,0.09831475824191352
5326,0.19837131493771962,0.06395258971179196,-0.3311641440733714,-0.06395258971179196,0.12274233914670994
5327,0.18877569022643254,0.07774960589083126,-0.34353227921000185,-0.07774960589083126,0.1303290193171309
5328,0.19932965090588492,0.09854427295454428,-0.33443078172340057,-0.09854427295454428,0.14628250900835565
5329,0.19128732877526305,0.05508852693066921,-0.34448489852929887,-0.05508852693066921,0.11171500366919944
5330,0.18582793628587163,0.0838265595064818,-0.3519069837932066,-0.0838265595064818,0.1347040194433269
5331,0.18804657762488478,0.067728582943419,-0.35884768654097776,-0.067728582943419,0.12308522779178852
5332,0.1810870722185749,0.03754982863374908,-0.3721577148853122,-0.03754982863374908,0.09708986345014091
5333,0.16332608409231494,-0.0007969426962184491,-0.36593705479892347,0.0007969426962184491,0.066787552579788
5334,0.16288777296816292,0.03463467805999831,-0.3744720449920641,-0.03463467805999831,0.09186115772255257
5335,0.1844649249232289,0.06846567716303832,-0.36764223897132164,-0.06846567716303832,0.1237293972671088
5336,0.17899532036392982,0.08745269510691973,-0.3521532308464118,-0.08745269510691973,0.13546805985965232
5337,0.1843241677432161,0.08914641722539286,-0.3322521167726014,-0.08914641722539286,0.13814238451515418
5338,0.18419188412116055,0.05059421929170174,-0.33823825135380986,-0.05059421929170174,0.11049176970139621
5339,0.18646103164189182,0.06971212075185285,-0.35386243437842685,-0.06971212075185285,0.12323051275135748
5340,0.20602813739958034,0.08376579445682258,-0.3360778852022258,-0.08376579445682258,0.13836831720573955
5341,0.2065767463955408,0.07529659878031629,-0.3414795757424107,-0.07529659878031629,0.13352739589977586
5342,0.1934853948679715,0.04555662023641878,-0.3064792683598474,-0.04555662023641878,0.1132134234621873
5343,0.20487591950714337,0.05863304074996238,-0.3578408058442734,-0.05863304074996238,0.12178097172473541
5344,0.18011598044669774,-2.960391787510904e-05,-0.3704663996066851,2.960391787510904e-05,0.06906487878972001
5345,0.1820621782992577,0.034479984482965034,-0.37102970142671354,-0.034479984482965034,0.09535724299886021
5346,0.17173468309241516,-0.031014780564325693,-0.3501333206066346,0.031014780564325693,0.04290754072742467
5347,0.16983260412086307,-0.018478402404998026,-0.3122425442381289,0.018478402404998026,0.05379118981078747
5348,0.16938511340308274,0.027199952436298285,-0.25985590316843166,-0.027199952436298285,0.09663815290953716
5349,0.18605608216250907,0.055991727734324495,-0.27958812308191583,-0.055991727734324495,0.10673689358376276
5350,0.18172414857719615,0.0129636272761126,-0.33791619676045753,-0.0129636272761126,0.07793314560972164
5351,0.1813684206012009,0.02818919006590834,-0.32314552513380274,-0.02818919006590834,0.09166378062479985
5352,0.18702960505838143,0.03402184804191695,-0.29368419101274107,-0.03402184804191695,0.09689193068678832
5353,0.1872622032080939,0.04314566089256866,-0.31858314586798125,-0.04314566089256866,0.0953148714538996
5354,0.18102461487411775,0.040265088925039216,-0.2846051087227183,-0.040265088925039216,0.09497671365392579
5355,0.172878510718745,0.011406668587876322,-0.2749312946518071,-0.011406668587876322,0.07543472555393331
5356,0.16418342380939788,-0.07286455141480927,-0.2953445554404052,0.07286455141480927,0.006312277103843408
5357,0.1730426060043602,-0.05180146030042566,-0.3216959469679503,0.05180146030042566,0.026023187189896605
5358,0.16629055733404358,-0.039397589388371505,-0.3179445772286423,0.039397589388371505,0.031992850962109964
5359,0.16759077520081173,0.018871551682430758,-0.25822413202088873,-0.018871551682430758,0.07785493307237334
5360,0.16099210911799477,0.023930193053861164,-0.24350983115976726,-0.023930193053861164,0.08383273597290129
5361,0.1656094497652792,0.028266021304254006,-0.22132294307990494,-0.028266021304254006,0.09223336993119548
5362,0.16067699614767764,0.03646596639685228,-0.22003797695290017,-0.03646596639685228,0.09596181968427742
5363,0.15837521415978156,0.03312930680413966,-0.2482952360501458,-0.03312930680413966,0.09184604593628416
5364,0.15296945637434473,0.029296195486234165,-0.23992206196881305,-0.029296195486234165,0.08707567757872417
5365,0.17636676513353322,0.045770435703245065,-0.2480867734382497,-0.045770435703245065,0.10183481182296887
5366,0.17205698446206433,0.06522588804275305,-0.2847822039637521,-0.06522588804275305,0.1091127448714396
5367,0.16879241255710647,0.0422463341747786,-0.27018255318072704,-0.0422463341747786,0.09672254465573196
5368,0.17466105011997474,0.01682882817737207,-0.2761777729830017,-0.01682882817737207,0.07885749046463453
5369,0.13521265303875032,-0.16552072279341895,-0.10565924076044884,0.16552072279341895,-0.03094927494974371
5370,0.16484881585753233,-0.009575122339047573,-0.2303810662241479,0.009575122339047573,0.06683581731509981
5371,0.1722080888890666,0.032497857701609185,-0.23280061261700438,-0.032497857701609185,0.09608738960581481
5372,0.1775510166774986,0.02583780328815305,-0.2333256182110899,-0.02583780328815305,0.0908070712457727
5373,0.1694800968445325,0.023383256018046458,-0.20465622264830194,-0.023383256018046458,0.09221352240173106
5374,0.1740055657651685,0.03394536841036522,-0.2276100547684508,-0.03394536841036522,0.0925856621819339
5375,0.165996616123505,0.02434108972846695,-0.20099512873745476,-0.02434108972846695,0.09206632332302625
5376,0.16379644143227456,-0.060997930036493106,-0.28057657627358,0.060997930036493106,0.01422499857510856
5377,0.14774108536540217,-0.14069704048349693,-0.2259171463143333,0.14069704048349693,-0.03640113425747754
5378,0.16493111860574983,-0.11262275770236475,-0.3493001785077269,0.11262275770236475,-0.03746665108495323
5379,0.17730649132309206,-0.08916424308089643,-0.35319092259651474,0.08916424308089643,-0.015477339177035018
5380,0.13393276958550845,-0.08999469323762141,-0.165981652985231,0.08999469323762141,0.005848833639538538
5381,0.18560550500976988,-0.08064507722469955,-0.3254068003760931,0.08064507722469955,-0.01091116002474402
5382,0.1956473525239592,-0.10710711740829497,-0.3625195107690164,0.10710711740829497,-0.03585527346498998
5383,0.1856771676530122,-0.027360386707641553,-0.3161269269549105,0.027360386707641553,0.04029829276713182
5384,0.18353567969903395,-0.023781053435255446,-0.32263701292577296,0.023781053435255446,0.043409903188700256
5385,0.1764913055115067,-0.034687353755698896,-0.2847534786482392,0.034687353755698896,0.03797542240915857
5386,0.17638724484100932,-0.012894123462386425,-0.27594149736695506,0.012894123462386425,0.05816657127381194
5387,0.17782259542530393,0.014957858190157719,-0.27109839814396375,-0.014957858190157719,0.07949572590302784
5388,0.2075559606637689,0.0913603198314536,-0.30897995654538857,-0.0913603198314536,0.14754093457438294
5389,0.2060271239336525,0.0819611557502648,-0.3213426695549766,-0.0819611557502648,0.1395073187676533
5390,0.19272298987913133,0.05826102716677251,-0.326571572243576,-0.05826102716677251,0.11756035119495341
5391,0.17056567058578606,-0.03095773118568854,-0.3126572264796793,0.03095773118568854,0.04915867789665809
5392,0.18148437609780238,-0.012210068412448477,-0.3155759413688851,0.012210068412448477,0.06152341085473074
5393,0.1866661080205567,-0.006689924411637222,-0.34681928691354075,0.006689924411637222,0.06531220623176481
5394,0.18611102775698238,-0.001434740540297573,-0.3438070724609712,0.001434740540297573,0.06749892132271522
5395,0.1841956874327341,0.046505081341484136,-0.3319598780842464,-0.046505081341484136,0.1068405510035832
5396,0.1961262193307762,0.07245877551598592,-0.3320528765640341,-0.07245877551598592,0.1274521996430487
5397,0.19394373720385244,0.10945445510355205,-0.32445569074245506,-0.10945445510355205,0.15051853780024904
5398,0.18750582124637186,0.08956408850958184,-0.34233474588446466,-0.08956408850958184,0.13690569380265308
5399,0.18671136829376528,0.08216887940624247,-0.34594394112143095,-0.08216887940624247,0.13151816692941493
5400,0.18323985210179305,0.05114718607887616,-0.33565900189129166,-0.05114718607887616,0.11087660193836191
5401,0.174903876117675,0.02246973395873467,-0.3167329914842585,-0.02246973395873467,0.08948101435091481
5402,0.1698318763095341,0.054353669425174674,-0.34712062694041496,-0.054353669425174674,0.11081797813855646
5403,0.13757483259180142,-0.06160398802694916,-0.3626593317738311,0.06160398802694916,0.00783015690773441
5404,0.14680990783740233,0.030548913011243926,-0.3700049638078109,-0.030548913011243926,0.08490223283000496
5405,0.16298644708296642,0.040912547326207485,-0.3834784346216793,-0.040912547326207485,0.0938224979706579
5406,0.18810575819909375,0.07722443540063166,-0.3240093618280958,-0.07722443540063166,0.13254807945519964
5407,0.18834361773980915,0.043092118676667054,-0.3365669475539416,-0.043092118676667054,0.10521621959600601
5408,0.19065177112050238,0.08057623983999038,-0.35708039465659563,-0.08057623983999038,0.13043331553645907
5409,0.20084353822417064,0.08350835392161854,-0.35511790830271583,-0.08350835392161854,0.1343190309294212
5410,0.2017129068098737,0.061782557210945985,-0.35342599362218907,-0.061782557210945985,0.12409139418069912
5411,0.18850092797833298,0.008102279401089933,-0.3237586214495655,-0.008102279401089933,0.082750143117796
5412,0.19754860788104983,0.05333907032438569,-0.3394953782846006,-0.05333907032438569,0.1135311980665737
5413,0.18254150968498814,0.024380102921736847,-0.362216384736285,-0.024380102921736847,0.09026322639046382
5414,0.17005150271563754,-0.027145966075249207,-0.3595058112649743,0.027145966075249207,0.04595705179849851
5415,0.16275745622190557,-0.008574535479004225,-0.35044599940311566,0.008574535479004225,0.06185783308010713
5416,0.16961807572737542,-0.018175825960502167,-0.318548047232608,0.018175825960502167,0.058893674997533965
5417,0.17834857197455536,0.020541442594959193,-0.3172030862917094,-0.020541442594959193,0.0868896522064761
5418,0.19161969324275605,0.03453245872376136,-0.3569074348808612,-0.03453245872376136,0.09260635383529386
5419,0.1899203157923211,0.0351425268435669,-0.3538272556539117,-0.0351425268435669,0.09536398220900973
5420,0.18209316403643114,-0.009763903418550065,-0.35915183451547766,0.009763903418550065,0.05633757913283513
5421,0.18835848807365227,0.023077303685386137,-0.3374170696495654,-0.023077303685386137,0.08588070064153659
5422,0.1882510403039503,0.037499096007297776,-0.31831148096676554,-0.037499096007297776,0.09667552982387227
5423,0.17892496136571567,0.03073239048053137,-0.3003062027303499,-0.03073239048053137,0.08771629455941313
5424,0.17220142639291075,0.011018385105034594,-0.28924871146040204,-0.011018385105034594,0.07834891920890459
5425,0.16980695168354032,-0.04642834415213467,-0.29894814707855377,0.04642834415213467,0.03221088868688313
5426,0.1527360066971227,-0.058256933586851314,-0.30563643027923076,0.058256933586851314,0.019625826679461073
5427,0.17333719411558118,-0.03193762275928303,-0.3251268704539651,0.03193762275928303,0.03264874434825133
5428,0.17075364651378022,0.01842672593474393,-0.3061698738546755,-0.01842672593474393,0.07712735289139076
5429,0.17872111062471557,0.04513041491148571,-0.27669582966138423,-0.04513041491148571,0.09054890601745243
5430,0.1711224170198513,0.05430177894096811,-0.24058734590692868,-0.05430177894096811,0.10349637059046143
5431,0.1693128684599935,0.047125462730197756,-0.21522371860097,-0.047125462730197756,0.10240224485333185
5432,0.1528131171767828,0.020055158928191305,-0.21595124194835072,-0.020055158928191305,0.08488807432237165
5433,0.17279032217664136,0.025878638370640226,-0.2436198930925275,-0.025878638370640226,0.08843913077315078
5434,0.1957951534281097,0.060216656828513064,-0.26431326352350215,-0.060216656828513064,0.10570259337294363
5435,0.16969396260055047,0.05148820462283917,-0.27187820848715877,-0.05148820462283917,0.10194086312001442
5436,0.16116726449270516,0.05716061969414038,-0.28429732990901957,-0.05716061969414038,0.10476026423516052
5437,0.16916149558323632,0.030891282983969395,-0.2792217145347339,-0.030891282983969395,0.0874599947214323
5438,0.17978198768596038,-0.01058103897406006,-0.30115398158646317,0.01058103897406006,0.05632454530297673
5439,0.18240585656289487,-0.03606112587927663,-0.28493647246644177,0.03606112587927663,0.03538700139349835
5440,0.17552821384590955,0.011425129540023511,-0.25264609630564494,-0.011425129540023511,0.07980520471852783
5441,0.18091722680124278,0.0042153922042078296,-0.2616078655959394,-0.0042153922042078296,0.07273386460912107
5442,0.1719629277814706,0.004530286893190174,-0.2357945930625779,-0.004530286893190174,0.0743174168746563
5443,0.17396952978026367,0.02327286955118267,-0.2331639699300932,-0.02327286955118267,0.08656014085684978
5444,0.17420352256013752,0.0075710041033927224,-0.24067830074013677,-0.0075710041033927224,0.07378733055833735
5445,0.17377325718030565,-0.04712347265219121,-0.2940940392840237,0.04712347265219121,0.026527788387769837
5446,0.17872193309338263,-0.09321635989259429,-0.3302970654813108,0.09321635989259429,-0.015013552945997382
5447,0.1848275910654223,-0.04631318819952076,-0.31312869732239496,0.04631318819952076,0.027347734877218068
5448,0.19074060601661372,-0.10348037766168902,-0.3372817033864401,0.10348037766168902,-0.025383621143470515
5449,0.15284960162969538,-0.09187621308225566,-0.2291671493877087,0.09187621308225566,-0.00018388609733081655
5450,0.1704797722907742,-0.01701674967309749,-0.2449954081631643,0.01701674967309749,0.051755756686366304
5451,0.19222439884460998,-0.069668945061104,-0.33698698522637327,0.069668945061104,-0.0027087190350806555
5452,0.18395261060856685,-0.03449472100023283,-0.32194708071937567,0.03449472100023283,0.03432681079905129
5453,0.16924951359492343,-0.09736923101583889,-0.322488200788115,0.09736923101583889,-0.017115254771436415
5454,0.1729267249269698,-0.005120311085052699,-0.27473618171588254,0.005120311085052699,0.06464678377585473
5455,0.18015116768518488,0.002254677063273565,-0.2906114143993343,-0.002254677063273565,0.07198832400286316
5456,0.19221353289115137,0.01569987063733592,-0.3212574145797204,-0.01569987063733592,0.07942672146609099
5457,0.1998592873425802,0.0860921411186067,-0.32547513302268777,-0.0860921411186067,0.14413904461257845
5458,0.19207672063785144,0.07022930373644296,-0.33467255800598134,-0.07022930373644296,0.13191810181558283
5459,0.1974855005140468,0.0821020524361221,-0.34389868369570725,-0.0821020524361221,0.1372649395838391
5460,0.190833203912224,0.04037967099651743,-0.3263981072426924,-0.04037967099651743,0.1066712101161684
5461,0.1859916233765927,0.0045402260892614486,-0.3264131066562579,-0.0045402260892614486,0.07519653416051128
5462,0.19537971355956504,0.05633339684087619,-0.3462519988759367,-0.05633339684087619,0.11842625698168667
5463,0.18225906756758414,0.03856474197142021,-0.3385524986712568,-0.03856474197142021,0.10065065612846039
5464,0.1890522219249336,0.05710862068267381,-0.3328954208270169,-0.05710862068267381,0.11715990536334128
5465,0.1945886735138594,0.07247346060431148,-0.3316408974345571,-0.07247346060431148,0.12837129025477548
5466,0.20567177454785213,0.09801948732795808,-0.33006531517951815,-0.09801948732795808,0.1465772447993578
5467,0.19015308355080984,0.06691084106971718,-0.3445956066707726,-0.06691084106971718,0.11865728967724176
5468,0.18206271164194643,0.04771684186967476,-0.3546483971416725,-0.04771684186967476,0.1031889981152337
5469,0.1921683011354393,0.07967768149005092,-0.349869920582318,-0.07967768149005092,0.13263969325002165
5470,0.18330279025990248,-0.014360764622814742,-0.374777469639788,0.014360764622814742,0.05154691819895131
5471,0.17665988375133754,0.011316336889561721,-0.35300471404120326,-0.011316336889561721,0.07447588545082219
5472,0.1388651158161077,-0.04335949438260506,-0.3744236446079628,0.04335949438260506,0.022089751207441825
5473,0.148622014522873,-0.08234497897157692,-0.4007104558295087,0.08234497897157692,-0.014423334536047454
5474,0.17921776358735325,-0.02777106901559002,-0.407639579295908,0.02777106901559002,0.03496631321977648
5475,0.17458188035689398,0.0026921224032241476,-0.3500099516090231,-0.0026921224032241476,0.07009679200072069
5476,0.1795948871694577,0.016838143203853212,-0.3617624174346617,-0.016838143203853212,0.08254265104108327
5477,0.19493159728644768,0.04626697944641485,-0.3522339875262887,-0.04626697944641485,0.10662642094362201
5478,0.20094393413372413,0.0695802549329818,-0.3552734144668385,-0.0695802549329818,0.1273862406144688
5479,0.19864254815432617,0.0383925004849677,-0.344987244572688,-0.0383925004849677,0.10419652253173338
5480,0.19981179244691247,0.06499978342964369,-0.3154300202061706,-0.06499978342964369,0.11051103034913844
5481,0.1961843964573405,0.050375558074248046,-0.32202456078700065,-0.050375558074248046,0.11175792245586068
5482,0.18011287139537885,0.018351665136796574,-0.34802243572963487,-0.018351665136796574,0.08706032114123027
5483,0.16319913294956623,-0.027773150181351885,-0.34297817861909513,0.027773150181351885,0.04983276397410532
5484,0.16935191232437563,0.0005974537699028099,-0.3341938805928641,-0.0005974537699028099,0.0739349500635363
5485,0.18232150732263333,-0.0072006882408464255,-0.3338428921034875,0.0072006882408464255,0.06765300529014492
5486,0.18236523455950623,0.012900803205951229,-0.36918672382180556,-0.012900803205951229,0.07698163561165035
5487,0.1875352708116383,-0.0068682539965771935,-0.38030751772037985,0.0068682539965771935,0.059869789498851154
5488,0.17245652119115637,0.007559162020343156,-0.34258252822320145,-0.007559162020343156,0.07367985425380232
5489,0.17558041877226563,0.004242338170984468,-0.3440962911074536,-0.004242338170984468,0.06911109469278158
5490,0.18048567650252556,0.011169726015973665,-0.3454236474310162,-0.011169726015973665,0.07561192527018265
5491,0.1807692093191083,0.03987202515986529,-0.3475817563521909,-0.03987202515986529,0.09714038396469363
5492,0.18242152552823748,0.0567581467337791,-0.3565948275531398,-0.0567581467337791,0.10711400911507436
5493,0.1621771293246566,-0.01591859104310561,-0.31535373807808603,0.01591859104310561,0.055846541768120615
5494,0.14429479205768056,-0.04769990783054683,-0.24307699959434081,0.04769990783054683,0.04290550062519226
5495,0.16290836497795283,-0.005289127647297765,-0.3019922557127002,0.005289127647297765,0.06392203654650176
5496,0.17533675903696275,0.0016167071982495706,-0.2977817226658914,-0.0016167071982495706,0.06589927869322912
5497,0.17306504217565968,0.03563146337838626,-0.2549311514603317,-0.03563146337838626,0.09255707960063678
5498,0.18103102853377218,0.049180381591820276,-0.27376410482983765,-0.049180381591820276,0.09509736049923623
5499,0.16313214385806435,0.03651388470590976,-0.21525000643022277,-0.03651388470590976,0.10146863967783666
5500,0.17725327168831087,0.03957307616122888,-0.23311596354389422,-0.03957307616122888,0.10049015876575922
5501,0.15119880756623924,0.020252299670090436,-0.2179667145659393,-0.020252299670090436,0.08733595717383363
5502,0.1694239521208704,0.03596270957333859,-0.22138806831937133,-0.03596270957333859,0.099872826388177
5503,0.1800335655501439,0.04371445782243974,-0.24398742189135747,-0.04371445782243974,0.10114548564906128
5504,0.1937076024238629,0.054882077896670975,-0.2722841189471543,-0.054882077896670975,0.10229996391293622
5505,0.18241011632931697,0.02763444150839353,-0.2666710118600607,-0.02763444150839353,0.08833182902449813
5506,0.1856699169403497,0.004496121433794208,-0.2846163563344266,-0.004496121433794208,0.06844176894479292
5507,0.1829625665353871,-0.0029247332878091325,-0.2800620550603036,0.0029247332878091325,0.06465045464801074
5508,0.17875292077792565,0.0005439805719332258,-0.2768010809719066,-0.0005439805719332258,0.0660735310147583
5509,0.1808622775377914,0.008087572056315287,-0.2592303174592643,-0.008087572056315287,0.07483924115051821
5510,0.17858578474291772,0.003811803140604773,-0.25824005875211115,-0.003811803140604773,0.07095846456009905
5511,0.17347324190129187,0.029988948015897403,-0.24016953395542906,-0.029988948015897403,0.0867031736019798
5512,0.1710778696371494,0.01972901993689019,-0.2294448168592769,-0.01972901993689019,0.08511074438492881
5513,0.1820830556264672,-0.003022484086135358,-0.2626900393915113,0.003022484086135358,0.06119175611996991
5514,0.17667744084498413,-0.05292709222924875,-0.3048182270022016,0.05292709222924875,0.020568700020058582
5515,0.17360189187963948,-0.0706936992115726,-0.30539652565120984,0.0706936992115726,0.012108241279736365
5516,0.1779894872134628,-0.06285921413743606,-0.31744259229689875,0.06285921413743606,0.012766620374742734
5517,0.18889123101413868,-0.09229214942763603,-0.3401195169238766,0.09229214942763603,-0.01720663854152973
5518,0.1961319826076455,-0.1451018836536344,-0.3659093430434385,0.1451018836536344,-0.06756256813672966
5519,0.14761070628471445,-0.11537378196001428,-0.19012037632043627,0.11537378196001428,-0.021914175570673673
5520,0.16234909260114413,-0.028100335896872684,-0.26143555909168426,0.028100335896872684,0.04413870275866007
5521,0.16743700841700795,-0.057767687513515374,-0.32783612441962195,0.057767687513515374,0.011815165340345192
5522,0.18550013227231538,0.0663838921255886,-0.34139505781422325,-0.0663838921255886,0.12225604611503679
5523,0.18989484017675845,0.013178769173026414,-0.334920493494372,-0.013178769173026414,0.08687905107687013
5524,0.20187071336621806,0.044619991081407566,-0.3437732792336933,-0.044619991081407566,0.11360631289865805
5525,0.1928252350572428,0.03264645147363864,-0.3435049551517965,-0.03264645147363864,0.09933564131128192
5526,0.20027084110217516,0.06735667440004878,-0.3367840500852013,-0.06735667440004878,0.12673167826653037
5527,0.18616120690463595,0.030272622102645447,-0.33269128313776664,-0.030272622102645447,0.0961269030890889
5528,0.19508964303769635,0.04864615160360566,-0.3271405150397948,-0.04864615160360566,0.1105262794360364
5529,0.20802137785381017,0.0993454118255097,-0.32821638250878976,-0.0993454118255097,0.1469415320996374
5530,0.20800805575347842,0.09271927221151974,-0.3173049981772021,-0.09271927221151974,0.1436225744380902
5531,0.20320968356000196,0.09501357664800648,-0.3308397142275458,-0.09501357664800648,0.14311157198285437
5532,0.19203070073436682,0.0464302364371374,-0.36170925693527,-0.0464302364371374,0.1041334117346271
5533,0.1958176477169089,0.06632740894786379,-0.35661322682983937,-0.06632740894786379,0.12276545970580742
5534,0.183388054869763,-0.008293387538481228,-0.35242802057631495,0.008293387538481228,0.059548381972553466
5535,0.18181038205852956,0.02983462435396971,-0.3444908561414344,-0.02983462435396971,0.09341210513903984
5536,0.15493593312124554,-0.04969051798765601,-0.3552475979318583,0.04969051798765601,0.02342000597959593
5537,0.16869298674548225,-0.05149681250880044,-0.3640876733897679,0.05149681250880044,0.02044985854187138
5538,0.18217542158065303,-0.024440209987533136,-0.37642084735534104,0.024440209987533136,0.041773251107305565
5539,0.18192906003161746,0.007648817228967077,-0.3514757496221346,-0.007648817228967077,0.0707744745588863
5540,0.16924804086964243,-0.005870910085135508,-0.38075586725231797,0.005870910085135508,0.05858227126637315
5541,0.17472028973547096,-0.033418446544513376,-0.3372103202569369,0.033418446544513376,0.04166997887982304
5542,0.20160649893142518,0.046847305659945715,-0.33964869126109704,-0.046847305659945715,0.09274521346614285
5543,0.20018301544184067,0.05502838997513099,-0.32275046123245454,-0.05502838997513099,0.09816933559470013
5544,0.20137476467287552,0.0698898647748981,-0.3372804485298483,-0.0698898647748981,0.10965364937904859
5545,0.17447309558458804,0.0019782659108998754,-0.3146089142235581,-0.0019782659108998754,0.07951842127800099
5546,0.1670139488669783,0.010331031844892714,-0.2653769983041305,-0.010331031844892714,0.0879927738863203
5547,0.190595426754488,0.03603060593887899,-0.3635632194318526,-0.03603060593887899,0.09865333832818715
5548,0.18951518366951528,0.05736778702930113,-0.3707691913425278,-0.05736778702930113,0.11367995946979238
5549,0.16197330569862636,0.009053285090651361,-0.343691187156737,-0.009053285090651361,0.07727476799146869
5550,0.17710473153127296,0.011948010152078274,-0.36696690317619374,-0.011948010152078274,0.08057888310936318
5551,0.19279204227937702,0.034792821800029704,-0.3736479187366867,-0.034792821800029704,0.09639104369896744
5552,0.17647033810607607,0.008307578520475542,-0.3427211313624589,-0.008307578520475542,0.07661048370042704
5553,0.18685792482246072,0.012094859818393611,-0.35837732827980356,-0.012094859818393611,0.07429454030463305
5554,0.17718592154263382,0.04683681254495341,-0.3564635115106546,-0.04683681254495341,0.10124540113973987
5555,0.17906081671058696,0.06278677047701545,-0.3662120788596087,-0.06278677047701545,0.11279092406626695
5556,0.1595152916499519,-0.012291691083178406,-0.32339774112533376,0.012291691083178406,0.05686975271131958
5557,0.14509406631102642,-0.04055070290723617,-0.2665325536341989,0.04055070290723617,0.03952572333966067
5558,0.15809668163029744,-0.004102257590541014,-0.29701683963826675,0.004102257590541014,0.06560673090064438
5559,0.15905935073796365,-0.08910190320922301,-0.31186042435681266,0.08910190320922301,-0.0073560116284240055
5560,0.16046998344284644,-0.05429187067933046,-0.26450154707156603,0.05429187067933046,0.03012404540568335
5561,0.18870466824661952,0.05607783877521295,-0.2977868380113477,-0.05607783877521295,0.09492931414374116
5562,0.1787523202243686,0.04757486859727985,-0.266472792915485,-0.04757486859727985,0.09642329454704414
5563,0.16357012536857352,0.022574647802687833,-0.24387052917977153,-0.022574647802687833,0.08789116015500131
5564,0.17166274490628836,0.038133331334937126,-0.2798776813568043,-0.038133331334937126,0.09018371282223249
5565,0.14732118872823843,0.016350331743717507,-0.2336658484784945,-0.016350331743717507,0.08391368985070136
5566,0.16797284738605633,0.03672472710919,-0.23279875304474032,-0.03672472710919,0.10174285437820348
5567,0.19163375596023224,0.04609778088306861,-0.28108248935211005,-0.04609778088306861,0.10301102301724918
5568,0.1888405696671128,0.024049164949817903,-0.30528588438413623,-0.024049164949817903,0.08487615865605229
5569,0.1787039650922092,0.014782230852035992,-0.2599396098211372,-0.014782230852035992,0.08390247916036893
5570,0.18857941065096928,0.028111364209089724,-0.2709454881924639,-0.028111364209089724,0.09217658232352881
5571,0.17083500601151916,0.02049879113811817,-0.23496142996070984,-0.02049879113811817,0.08816941593005062
5572,0.17509737249331933,0.014424951934587612,-0.22676950967267126,-0.014424951934587612,0.08437169436452932
5573,0.17539398530033604,0.009117752925629736,-0.24338199419631734,-0.009117752925629736,0.07735994584223871
5574,0.17110523574749126,0.023746372060619293,-0.23059307830464465,-0.023746372060619293,0.08885448083009331
5575,0.1805207041317179,-0.0019360232848052634,-0.2659880329796109,0.0019360232848052634,0.06575218915116521
5576,0.1857011912419917,-0.04006010341070241,-0.2983659131534955,0.04006010341070241,0.029723201110411924
5577,0.1846034772732046,-0.045462581994784194,-0.28070166431377946,0.045462581994784194,0.02986750133304594
5578,0.17174222931335234,-0.03626333240318986,-0.27943539929649663,0.03626333240318986,0.039148104446876456
5579,0.17709982852245998,-0.047255300976601286,-0.33756598357682505,0.047255300976601286,0.02635366465256055
5580,0.18589676704634667,-0.08091695829360343,-0.350462974564258,0.08091695829360343,-0.006139596005395872
5581,0.18935618314191624,-0.1184358222674284,-0.34398832763397585,0.1184358222674284,-0.0414896729958022
5582,0.19976003413879573,-0.16937897823086923,-0.3610219123418947,0.16937897823086923,-0.09166777038369608
5583,0.196643761308807,-0.11002401739316452,-0.3439733577097234,0.11002401739316452,-0.03898489953231576
5584,0.1322924969443755,-0.12099996428949623,-0.17333011294790335,0.12099996428949623,-0.0171197167410344
5585,0.18634515190277398,0.017951737739102056,-0.34903767435520355,-0.017951737739102056,0.08726626228767044
5586,0.1977270846959095,0.05232646702749614,-0.3429636244238822,-0.05232646702749614,0.11819829069656758
5587,0.1941242022466651,0.06219997065346711,-0.32593480531802166,-0.06219997065346711,0.12133554913761394
5588,0.19345469139262597,0.046351276571880734,-0.3350072376859048,-0.046351276571880734,0.11038318169519994
5589,0.19121825482580454,0.053644465613878485,-0.3299420510749329,-0.053644465613878485,0.11556428376976788
5590,0.20651073900896721,0.06639628396842595,-0.32958195412525654,-0.06639628396842595,0.12567613722951965
5591,0.20758749156028627,0.10433508113037046,-0.32751161906584136,-0.10433508113037046,0.14996413580335566
5592,0.21046571969111222,0.09661421531983529,-0.3191168110710632,-0.09661421531983529,0.14569024299587136
5593,0.19050649142094966,0.040767404825597035,-0.3362140620642473,-0.040767404825597035,0.10093269454591952
5594,0.1834201575738618,0.03763342137025896,-0.327481260111841,-0.03763342137025896,0.10239829633610037
5595,0.18856958037374086,0.05770059689686326,-0.33511410000483366,-0.05770059689686326,0.11692169618240113
5596,0.18888512371747132,-0.015871796600097576,-0.3624328471841598,0.015871796600097576,0.05258464422914581
5597,0.16170875459140618,-0.052386596076359836,-0.33927400404819663,0.052386596076359836,0.024847774902134266
5598,0.18245916277712385,0.033759092124395255,-0.35530081442174616,-0.033759092124395255,0.09490224386932944
5599,0.19638691196416422,0.0807462274442224,-0.3502325953101216,-0.0807462274442224,0.13640098154735278
5600,0.18239008507095492,0.058253903576805786,-0.35425633552953356,-0.058253903576805786,0.11404340248693026
5601,0.18156036044954355,0.04687912983204211,-0.35338690675369094,-0.04687912983204211,0.10600844756712015
5602,0.17368802485233112,0.01762841165337545,-0.33394480227911844,-0.01762841165337545,0.08384759156539952
5603,0.17096520311744673,0.006027316841596049,-0.29984164439460365,-0.006027316841596049,0.08131157751017717
5604,0.18683371562693887,0.018059362756634095,-0.3243876156620048,-0.018059362756634095,0.08086002182474211
5605,0.18167963572910042,0.03506796317180199,-0.2885114555748386,-0.03506796317180199,0.10059339373953084
5606,0.19756072396147337,0.06411578639586067,-0.3201124399542886,-0.06411578639586067,0.103348412634798
5607,0.18776104898302998,0.000693326793917926,-0.33947696726879795,-0.000693326793917926,0.07533899360284606
5608,0.17846700836972093,0.010859281717365318,-0.33740286970549843,-0.010859281717365318,0.08228209891112463
5609,0.18882860249199213,0.04343349500844215,-0.3609069500171758,-0.04343349500844215,0.10344213127625233
5610,0.18250078979366252,0.030495590246887264,-0.36489026398153135,-0.030495590246887264,0.09430980752367775
5611,0.17093683333133028,0.01011346491186915,-0.3806809929400191,-0.01011346491186915,0.07405095193295234
5612,0.1812450375162309,0.02304181236662797,-0.3854791339669076,-0.02304181236662797,0.08397107315504841
5613,0.17959970128274177,0.024347847397223343,-0.38437718615767685,-0.024347847397223343,0.08157786332410116
5614,0.1915967000789899,0.06602703717382691,-0.3634521842228674,-0.06602703717382691,0.1167653288218168
5615,0.17693604627383133,0.02920349403292674,-0.33385920167820116,-0.02920349403292674,0.09237658068231094
5616,0.16006748800590367,0.006034622669422955,-0.3449075327765999,-0.006034622669422955,0.07041497512594418
5617,0.1536306075792643,-0.02214893374513687,-0.3229475601502519,0.02214893374513687,0.04903146025364245
5618,0.17886604905941783,0.0403255611557287,-0.32516107566817887,-0.0403255611557287,0.09436498031320475
5619,0.16131445399554512,0.014906647918841933,-0.31512707594812994,-0.014906647918841933,0.07477423411434327
5620,0.154951952627209,-0.041314482931844435,-0.26767454675986596,0.041314482931844435,0.041356715603595745
5621,0.1751168775468755,0.0032935542028996734,-0.2960677258557066,-0.0032935542028996734,0.07341268843324435
5622,0.18559881592829794,0.010948237230888573,-0.33015469744976994,-0.010948237230888573,0.07378512276560946
5623,0.1943755863002925,0.06491610752394426,-0.3088186479020791,-0.06491610752394426,0.10531420642141624
5624,0.18088042578129437,0.0715166323283181,-0.3167922226304285,-0.0715166323283181,0.10534091081621084
5625,0.16658526842300905,0.05046400054536983,-0.33001917889859145,-0.05046400054536983,0.09268116299282564
5626,0.16413042559920193,0.009899964397476157,-0.299368831362623,-0.009899964397476157,0.0739580713266012
5627,0.16752566535925903,0.02513895748264668,-0.2739481050869763,-0.02513895748264668,0.0874140867962691
5628,0.19111944092327185,0.045837802062908925,-0.304033284394056,-0.045837802062908925,0.10175337616003623
5629,0.18939404082289527,0.03730247802445875,-0.3208099350855681,-0.03730247802445875,0.09396797255386931
5630,0.18183424676007579,0.016436054199922234,-0.2924585972003822,-0.016436054199922234,0.0799120954511031
5631,0.1918364320430937,0.03116614934787041,-0.2901648557800138,-0.03116614934787041,0.09366254781745639
5632,0.1711293682810332,0.028232580968217177,-0.23776980586664564,-0.028232580968217177,0.09425111105378793
5633,0.17172614092529123,0.01735543099087781,-0.23816957043503653,-0.01735543099087781,0.08449661291753738
5634,0.17243744715302414,-0.044557464961606175,-0.26859644891000933,0.044557464961606175,0.031140076576249655
5635,0.17403832725657717,0.006988171090042914,-0.2455316361082119,-0.006988171090042914,0.07547838010011368
5636,0.17714863151772764,-0.011784608338357906,-0.2479135617428004,0.011784608338357906,0.06356152127642303
5637,0.18156756837852026,-0.03880946274459337,-0.27497951553579536,0.03880946274459337,0.038351609312812306
5638,0.18116869271223432,-0.049075032710244645,-0.30201015450621677,0.049075032710244645,0.025722441428031192
5639,0.18423640900208532,-0.011656075482587128,-0.2982831378435959,0.011656075482587128,0.05688245022717572
5640,0.17535640034390315,-0.03120207041745741,-0.2969993824248221,0.03120207041745741,0.04276537783821989
5641,0.17588515615692035,-0.0870982912707465,-0.3249989464313292,0.0870982912707465,-0.006915199479107642
5642,0.17527723589908512,-0.08331055242888313,-0.3215344783454992,0.08331055242888313,-0.007120498100405594
5643,0.15802051914582835,-0.08565041636732114,-0.25102138303830906,0.08565041636732114,0.000857946359480583
5644,0.15501114047227407,-0.10152559646404337,-0.24355695646090988,0.10152559646404337,-0.016465328822532887
5645,0.14917623564126561,-0.11079691351870787,-0.21400010133287606,0.11079691351870787,-0.016865613021334845
5646,0.16052386292767534,-0.14336330671404318,-0.2759028827432892,0.14336330671404318,-0.050162420359484275
5647,0.19088177927093808,0.054981480827335054,-0.3337978061696757,-0.054981480827335054,0.1199557741055874
5648,0.1825560852957831,2.4140858265084388e-05,-0.33983270704622476,-2.4140858265084388e-05,0.07119068198334162
5649,0.19016198196908246,0.04902756063142976,-0.349660096339787,-0.04902756063142976,0.10807600660723618
5650,0.19940152478274537,0.05839832093813192,-0.32334123685512295,-0.05839832093813192,0.12028192238881687
5651,0.19592108366793753,0.07691647282169438,-0.3435765852045726,-0.07691647282169438,0.1321042334866472
5652,0.1964502575969334,0.08661760095120828,-0.33735223133485875,-0.08661760095120828,0.13840425292261266
5653,0.2095562305020616,0.09721248899237978,-0.3173633405341679,-0.09721248899237978,0.14699627742833865
5654,0.21200503656817443,0.09517166441057488,-0.3180544916411273,-0.09517166441057488,0.1456857916843787
5655,0.19953452310660194,0.028205457054380798,-0.3268404960187591,-0.028205457054380798,0.09396183872164145
5656,0.1832554264912015,0.03030789235197857,-0.3152375846829002,-0.03030789235197857,0.09435233282791076
5657,0.17968376745074915,0.03389833690476827,-0.3139527901295972,-0.03389833690476827,0.09671391098590501
5658,0.19340875991370943,0.07778090474305742,-0.3490306036162916,-0.07778090474305742,0.13081960275885185
5659,0.19409443287695902,0.08237157810331185,-0.3358425777691879,-0.08237157810331185,0.13578815162635727
5660,0.14408996933342327,-0.08715318844506802,-0.3089150497067477,0.08715318844506802,-0.0051352868347776665
5661,0.1696471416133133,-0.004182718818096132,-0.35166242265271164,0.004182718818096132,0.06394419254301836
5662,0.20220934650514136,0.09542223587248014,-0.36162316817733103,-0.09542223587248014,0.1466090406747446
5663,0.18887057010122477,0.027516099276245667,-0.35928368124343024,-0.027516099276245667,0.08590221937134164
5664,0.19339561507727526,0.06915558066914657,-0.3545072115789268,-0.06915558066914657,0.1279795853018272
5665,0.17727121792282988,0.04559167888261622,-0.35537014747606316,-0.04559167888261622,0.105665799047386
5666,0.17956061579823382,0.0111145416134754,-0.3609699504167942,-0.0111145416134754,0.08063666285291793
5667,0.19317217385333094,0.04486904923388275,-0.3133933938309852,-0.04486904923388275,0.10193932131716232
5668,0.17207549112482942,0.022330181536754028,-0.2588495693463022,-0.022330181536754028,0.09867309679440697
5669,0.18681423817432302,0.03196723258038823,-0.30428052250125387,-0.03196723258038823,0.09148850338364008
5670,0.1747224354264524,-0.024663951587061715,-0.3442179609064921,0.024663951587061715,0.052481675947488766
5671,0.17758485435766097,0.021211670303110025,-0.34424138430010437,-0.021211670303110025,0.08934585211264962
5672,0.18346748249488834,0.05465663954439786,-0.3474402220052041,-0.05465663954439786,0.1155127395996926
5673,0.1666041434365342,0.014213807248214366,-0.34073837895292847,-0.014213807248214366,0.08490006011624683
5674,0.1655932881422942,0.023376490168721488,-0.36335809788811974,-0.023376490168721488,0.08756574349905234
5675,0.1770309807028339,0.03711139831541426,-0.379267450570035,-0.03711139831541426,0.09465004867396173
5676,0.19189528299527756,0.04644777137495648,-0.3692471819416021,-0.04644777137495648,0.09878241402842926
5677,0.19223573539665312,0.04523477266681001,-0.35991126807159496,-0.04523477266681001,0.10353736226302653
5678,0.1674187738355506,-0.02755148139233947,-0.3243147407517298,0.02755148139233947,0.048392006902022895
5679,0.16860171721063152,-0.04752879226586867,-0.31814214190046547,0.04752879226586867,0.031174992570361403
5680,0.16726432554732057,-0.08033986719330119,-0.3403842454474427,0.08033986719330119,-0.001876053358343496
5681,0.17459351067493745,0.018380361668268855,-0.3342068226384505,-0.018380361668268855,0.07247196658292812
5682,0.17505804283342014,0.01801866564569611,-0.29377196456367377,-0.01801866564569611,0.07793140896717303
5683,0.16778397976508783,4.9078975372895e-05,-0.2807816872012108,-4.9078975372895e-05,0.06855733876757188
5684,0.1828058891433739,0.025809149893488093,-0.293232340182099,-0.025809149893488093,0.08170419979990746
5685,0.18592504786328992,0.024247235305691377,-0.31311202888712486,-0.024247235305691377,0.07763482694002383
5686,0.1897727157524645,0.0521311852494514,-0.30601427645629914,-0.0521311852494514,0.10217603827879723
5687,0.17159026562034363,0.029229891980883785,-0.3260563315640588,-0.029229891980883785,0.08050258396061603
5688,0.1632244176049007,0.015566231397545371,-0.3265541274429346,-0.015566231397545371,0.06982896209449002
5689,0.1545352123203871,0.005711964698380531,-0.27534837942530505,-0.005711964698380531,0.07083731970081204
5690,0.1697821091689669,0.026528976865896368,-0.2660091239145209,-0.026528976865896368,0.08854466073352277
5691,0.18758134646621719,0.041582953065522094,-0.316634536486025,-0.041582953065522094,0.0956228476840405
5692,0.18670131193388795,0.031859653764008906,-0.31580161091756764,-0.031859653764008906,0.08989512319712045
5693,0.17423413583031214,-0.023862016560898185,-0.3235846111279686,0.023862016560898185,0.04608188303536817
5694,0.1897434677249721,-0.006000470812085854,-0.3457919452956674,0.006000470812085854,0.05774812212925533
5695,0.17865000695541888,0.012080742237821867,-0.2781991312992036,-0.012080742237821867,0.07694140878723232
5696,0.17075999416312215,0.028176710035523862,-0.2232782443519054,-0.028176710035523862,0.0942202205343275
5697,0.1729608572583872,-0.020678349431991417,-0.26935096145158843,0.020678349431991417,0.05197489482822654
5698,0.17594159710857168,-0.017650481562813933,-0.2718196572183287,0.017650481562813933,0.0555577329053192
5699,0.1744881068764099,-0.011435625139958966,-0.25960543371251427,0.011435625139958966,0.06281182665877719
5700,0.18670915158844598,-0.00627562700756304,-0.3144233618065062,0.00627562700756304,0.0629018132608179
5701,0.19099248295898105,0.004427204964775097,-0.31148878982483535,-0.004427204964775097,0.07209930872041549
5702,0.19387768244000664,0.039193757664852134,-0.3022247109606376,-0.039193757664852134,0.10095061846007689
5703,0.17960579005331287,-0.04792810197307936,-0.3209716161602604,0.04792810197307936,0.026028489475668305
5704,0.17808913923814212,-0.10570845655614378,-0.3112392225344657,0.10570845655614378,-0.02054447025087948
5705,0.14019086584541424,-0.0686576403234017,-0.19913963445672805,0.0686576403234017,0.024133686393466226
5706,0.1797748866792345,-0.05431221349265284,-0.3025840237336613,0.05431221349265284,0.019365158073730262
5707,0.1803055570932729,-0.08558136829592326,-0.32173628288138234,0.08558136829592326,-0.008670261962564653
5708,0.17904600868934006,-0.07732369544851707,-0.3321947835144672,0.07732369544851707,-0.005386969540403836
5709,0.15860816644842782,-0.02199718544235005,-0.2288235535595931,0.02199718544235005,0.055646420085779205
5710,0.18098030750779542,0.03053158227507727,-0.32404337089652957,-0.03053158227507727,0.09896709990109867
5711,0.18786451991688566,0.021744701754042205,-0.32670762118898417,-0.021744701754042205,0.09144347955613952
5712,0.1795917107154643,0.033516445352907216,-0.30273333287387205,-0.033516445352907216,0.09911876934023474
5713,0.20323458785790519,0.06908830333827148,-0.3306283301105172,-0.06908830333827148,0.12772055161297105
5714,0.20107530399062312,0.07325414127776574,-0.33582999187262147,-0.07325414127776574,0.12886944665798758
5715,0.20530914700720276,0.08109532312952805,-0.3290657420492189,-0.08109532312952805,0.13468380785131434
5716,0.21219750975055682,0.09523548720071322,-0.3334955120324055,-0.09523548720071322,0.14728551685284905
5717,0.2134806857157198,0.0879517714040237,-0.3298901356333243,-0.0879517714040237,0.14302957868261562
5718,0.20230678451013823,0.04480255810738837,-0.33652372476850717,-0.04480255810738837,0.10837099717894083
5719,0.2051990247629565,0.07586093380620366,-0.3403526649902672,-0.07586093380620366,0.13148347797850946
5720,0.19657647213296633,0.07197662548651763,-0.33897891423520776,-0.07197662548651763,0.1262573205534074
5721,0.19194000892635193,0.04647769375677789,-0.3490465018445005,-0.04647769375677789,0.10635279718235482
5722,0.1810161323560389,-0.0005409651966219412,-0.37948297053239316,0.0005409651966219412,0.05849982892379798
5723,0.15940985262992716,-0.05418299279339852,-0.36859297904758753,0.05418299279339852,0.013038350431329001
5724,0.15102875653939843,-0.05521916049991427,-0.3636792011355938,0.05521916049991427,0.011704002477673689
5725,0.20355575647166038,0.09650897946759086,-0.3437636637402212,-0.09650897946759086,0.14873210495122713
5726,0.19744992249206159,0.06841311118587044,-0.35799907654228125,-0.06841311118587044,0.1262620611819597
5727,0.1954586993956342,0.0544484690792023,-0.35737261879386295,-0.0544484690792023,0.1133812065300564
5728,0.1704653604661833,0.013319673931858619,-0.35570060902625866,-0.013319673931858619,0.08258420531016253
5729,0.17472649898713796,0.016423114096162955,-0.38237856146056803,-0.016423114096162955,0.08349416925901287
5730,0.19383193848477473,0.05527770338970314,-0.322890035888318,-0.05527770338970314,0.10284103488837087
5731,0.1682188263249717,-0.032272474661843006,-0.3109687805843741,0.032272474661843006,0.04915305837814222
5732,0.18833146929681988,0.03377055551153496,-0.2875516465527858,-0.03377055551153496,0.10099304511584227
5733,0.17471356492992882,-0.01197711238213705,-0.3347041635862699,0.01197711238213705,0.06433098580653944
5734,0.1711673794883066,0.022728788935755768,-0.3593164427647971,-0.022728788935755768,0.0897355960296692
5735,0.16201884829856797,0.0016208475978571168,-0.34336719851248665,-0.0016208475978571168,0.07343274735682408
5736,0.1683628888707588,-0.0016472480433107576,-0.37328998792467843,0.0016472480433107576,0.06554764698458758
5737,0.16476553579322378,0.0029527756020959355,-0.35261096965551664,-0.0029527756020959355,0.07432281153675617
5738,0.17303194428307295,0.03325730682312224,-0.3472152760226606,-0.03325730682312224,0.09606910082550368
5739,0.15658570342525932,-0.04785823257248304,-0.34165473989308937,0.04785823257248304,0.03056331502438191
5740,0.1614234017447094,-0.03139743149163492,-0.3272178516673512,0.03139743149163492,0.04675828207073781
5741,0.17343321812142704,0.007483932082340315,-0.3032141419551751,-0.007483932082340315,0.07724450624803694
5742,0.17552061866150756,0.03198873542583097,-0.2687688254739554,-0.03198873542583097,0.09955685947416959
5743,0.17403215155179882,-0.009203766414420146,-0.33977710028960034,0.009203766414420146,0.05858254009422931
5744,0.17952191151152908,-0.04409173332614052,-0.34165280521975594,0.04409173332614052,0.029883064609130632
5745,0.18088482767750125,-0.007064258056429518,-0.31845137668574247,0.007064258056429518,0.061226072546015
5746,0.1823149371654726,0.04825735613003153,-0.28115712011372757,-0.04825735613003153,0.10216021951720347
5747,0.20347723459829234,0.04028931863681674,-0.3192806346818674,-0.04028931863681674,0.08129988469884317
5748,0.19769169029449335,0.04644014737463628,-0.31088215231391847,-0.04644014737463628,0.09828556630909144
5749,0.20032704541559657,0.05816977760018285,-0.30784358416916263,-0.05816977760018285,0.10725591931453157
5750,0.1837066170047722,0.02336707736311124,-0.3094566373686205,-0.02336707736311124,0.08092024961068371
5751,0.181808536271533,0.009103440678911829,-0.33033319501030345,-0.009103440678911829,0.0653208300461871
5752,0.17632070659135216,0.03893186541132382,-0.2797912786519108,-0.03893186541132382,0.0884702749795139
5753,0.17581743661095692,0.03979091918719525,-0.29056723969224196,-0.03979091918719525,0.0912827746932377
5754,0.1839374032622781,0.024236717667153507,-0.3325286040425269,-0.024236717667153507,0.08032709738816618
5755,0.18016611118575346,0.024090940721645488,-0.3246557388788868,-0.024090940721645488,0.0824483632751829
5756,0.1788806534506983,-0.01337464932024572,-0.33222689470610095,0.01337464932024572,0.05260574589282476
5757,0.1751400082277391,-0.0043427673758251765,-0.3283731389335347,0.0043427673758251765,0.06176243980749596
5758,0.181528873803919,0.013599841994370879,-0.31202778037958906,-0.013599841994370879,0.07676514050650851
5759,0.17380459569642395,0.016961257890330622,-0.2537877705858823,-0.016961257890330622,0.08365347385803637
5760,0.1744464389449252,-0.056755873919891744,-0.31185354230571793,0.056755873919891744,0.012111692896982834
5761,0.1799971259442355,-0.04195186546526053,-0.34168084078550076,0.04195186546526053,0.02845887165105849
5762,0.17143716398376996,-0.03821251814554419,-0.31262555020896754,0.03821251814554419,0.03902283405265304
5763,0.18620572354341142,-0.0059585437413861905,-0.3353617538848856,0.0059585437413861905,0.058857706186684164
5764,0.18018888108563438,-0.013203057837471137,-0.3216975035315599,0.013203057837471137,0.05525055207962999
5765,0.18527384006683,0.028782540961576317,-0.2937736825166126,-0.028782540961576317,0.09496656309053074
5766,0.179816288388416,-0.10467612154345751,-0.33751883535607524,0.10467612154345751,-0.023257131726842885
5767,0.1446065855961079,-0.13048888858425006,-0.2135817158666805,0.13048888858425006,-0.02938484915543791
5768,0.1761477587185827,-0.07308191001235617,-0.29938523854867044,0.07308191001235617,0.006182352923024037
5769,0.17678415275000567,-0.09945162450330883,-0.3134633723053432,0.09945162450330883,-0.014134720738385028
5770,0.17723179275127665,-0.06320939251657266,-0.3093575332005852,0.06320939251657266,0.01591309605736356
5771,0.18366135076841586,-0.012003166998922603,-0.32581240011414203,0.012003166998922603,0.05649918652262512
5772,0.19042557626322462,0.05287728029236346,-0.3233450059038189,-0.05287728029236346,0.12153098429437142
5773,0.18453185759258356,0.050964152664962355,-0.32802975621727826,-0.050964152664962355,0.11575997598209964
5774,0.19428616877599583,0.06780047594055431,-0.3315159244543892,-0.06780047594055431,0.12733489673669696
5775,0.18549464389466466,0.03048809174264064,-0.32824270862464106,-0.03048809174264064,0.09597999306636457
5776,0.19747485128392298,0.04623330904477148,-0.3388699487217225,-0.04623330904477148,0.10889262282708749
5777,0.20645100528968838,0.0701067208705989,-0.3290724076143073,-0.0701067208705989,0.13037376270716475
5778,0.20181357612761644,0.08031376633087296,-0.32428268299395646,-0.08031376633087296,0.1357221590373493
5779,0.2044765257960856,0.08507216736727523,-0.3235200154680663,-0.08507216736727523,0.14034363568430844
5780,0.20547389629997787,0.08197682767256767,-0.3266932731751978,-0.08197682767256767,0.13814536618970125
5781,0.19495768030362978,0.0644888354058845,-0.33920219883472136,-0.0644888354058845,0.12121349497527784
5782,0.2028902229193976,0.07834768482116282,-0.343034487597977,-0.07834768482116282,0.13086466515891462
5783,0.19904652861295852,0.06823294066512425,-0.33087009231078013,-0.06823294066512425,0.12380433403230337
5784,0.20458002199799372,0.0826531033696731,-0.34258080247261713,-0.0826531033696731,0.13864421242936534
5785,0.1959186935377196,0.0848472480952367,-0.35786287980591763,-0.0848472480952367,0.13327390664139885
5786,0.19122586560545599,0.11114365764651658,-0.3648269532842563,-0.11114365764651658,0.15103594547379562
5787,0.19280387697269075,0.08643712173373201,-0.36736973450027705,-0.08643712173373201,0.12920161672179797
5788,0.18460114120533194,0.06914852303413238,-0.3507945622914391,-0.06914852303413238,0.12087932312383072
5789,0.18630855692980405,0.04565379166183138,-0.35651196937253876,-0.04565379166183138,0.10776023839464265
5790,0.18857822959376067,0.07959700048914359,-0.3638500919192061,-0.07959700048914359,0.13093093366392736
5791,0.18204833909356066,0.05891131433197548,-0.3536999277180671,-0.05891131433197548,0.11438531108474702
5792,0.1757755197680557,-0.0033440158040423033,-0.3639415469710311,0.0033440158040423033,0.06780356532311618
5793,0.1509057457227288,0.004105581330986902,-0.33770917940002426,-0.004105581330986902,0.0770582080549446
5794,0.15803562842802804,0.01932551942028399,-0.2835104819849556,-0.01932551942028399,0.09241675163604642
5795,0.15860372738253525,0.02350840674684865,-0.26338020313092514,-0.02350840674684865,0.09852013644892102
5796,0.15166879138619965,0.008929231467136792,-0.2693127406522011,-0.008929231467136792,0.08719850798835505
5797,0.13920836243234183,-0.018267418964894654,-0.3215551034270138,0.018267418964894654,0.05871917106017871
5798,0.14393918809040607,-0.0032368441521844404,-0.3191164117608288,0.0032368441521844404,0.07135793761212257
5799,0.17359743677456146,0.0018073207686707619,-0.351419311892972,-0.0018073207686707619,0.07404740921366468
5800,0.16547888338356695,-0.003965756721617892,-0.34695216630429454,0.003965756721617892,0.07035917683037361
5801,0.15457169151013914,-0.04990366993273404,-0.30954771221012983,0.04990366993273404,0.03663294974848562
5802,0.15655965343531852,0.03712317112068825,-0.30353820477157517,-0.03712317112068825,0.10147273239814947
5803,0.16730987616544865,0.028607608352581165,-0.3429089525662605,-0.028607608352581165,0.08689740268064182
5804,0.16922060770613004,-0.03485687942543013,-0.33958780439144565,0.03485687942543013,0.041199634395345755
5805,0.17382628557641033,-0.07442241418983389,-0.34232270033984785,0.07442241418983389,0.006550607414443027
5806,0.1744477546409878,-0.07764524130286368,-0.3371445958315789,0.07764524130286368,0.003926727221365356
5807,0.15892059444706347,-0.034928844470866804,-0.2523553676459362,0.034928844470866804,0.04898941529879333
5808,0.1685968944539415,-0.03539219236347961,-0.31851371318850924,0.03539219236347961,0.0404168632355718
5809,0.20138248419756516,0.06265371910222278,-0.31867888571308867,-0.06265371910222278,0.10228437112490714
5810,0.19798363064841154,0.05343229153362008,-0.3287601455565981,-0.05343229153362008,0.08916319317411461
5811,0.19881623997821987,0.05307596235621661,-0.31883257391209835,-0.05307596235621661,0.10481756018559575
5812,0.20151211956694354,0.05997372325087546,-0.31387273707123586,-0.05997372325087546,0.09755776880104318
5813,0.18413520553891066,0.035562208136609395,-0.2835020684626999,-0.035562208136609395,0.08997763901517468
5814,0.179151605338178,0.04378247005324135,-0.28170995345309746,-0.04378247005324135,0.09413192847486002
5815,0.16337675528474058,0.01071874937388977,-0.28957951157891154,-0.01071874937388977,0.07337052887543241
5816,0.16662891605445973,0.004559935119570329,-0.3199933432692683,-0.004559935119570329,0.06909400201245842
5817,0.17782259932981995,0.028529374644982147,-0.3465796298659142,-0.028529374644982147,0.0868505446202421
5818,0.15791826003763754,-0.06301924454134424,-0.2656876469489512,0.06301924454134424,0.02547937994140685
5819,0.18283731295882327,-0.005493176140095022,-0.3558102958442777,0.005493176140095022,0.05638995244811419
5820,0.17978130116987467,0.006635380072400291,-0.32864858412070014,-0.006635380072400291,0.07020949116798976
5821,0.18183047599120045,0.01969246042735578,-0.35462911687437215,-0.01969246042735578,0.07835913826231435
5822,0.1797371254458975,0.018072719243729513,-0.28203143591421426,-0.018072719243729513,0.08286786160815104
5823,0.176288876528282,-0.0083377275278567,-0.3112803615819435,0.0083377275278567,0.053278515590266556
5824,0.1700858514668065,-0.01551527252519375,-0.3253287878811245,0.01551527252519375,0.04951525696299105
5825,0.18366530071048096,0.006633114257531114,-0.343412075176457,-0.006633114257531114,0.06969264573573603
5826,0.18512218416092738,-0.015577700111684979,-0.3318783838502802,0.015577700111684979,0.05633900804411524
5827,0.1851444555821097,-0.008232740425381647,-0.3167285359904072,0.008232740425381647,0.05925493949012743
5828,0.18026461475685843,-0.06403780054563694,-0.322945485853709,0.06403780054563694,0.012850978049024488
5829,0.15317795121139882,-0.14413305416495126,-0.25943331615626153,0.14413305416495126,-0.04584794038351706
5830,0.16294689065002543,-0.08203395889093927,-0.26947686466465837,0.08203395889093927,0.0033942980960934978
5831,0.17668426421634612,-0.09777732837145804,-0.3175373745619859,0.09777732837145804,-0.01336666670200114
5832,0.17934330128660542,-0.056319128795891855,-0.32022750625451696,0.056319128795891855,0.02205811155538804
5833,0.18290992293750374,0.05139130393424325,-0.322349469834733,-0.05139130393424325,0.11750900048892325
5834,0.19029201306930557,0.055461852004008064,-0.325536946083956,-0.055461852004008064,0.11822937131412094
5835,0.19146901824558013,0.04974044073971119,-0.327126420479987,-0.04974044073971119,0.11433674486561808
5836,0.20093253941559894,0.06365181772569305,-0.34094435925612027,-0.06365181772569305,0.12728977534478622
5837,0.18551221385569683,0.017533504492522747,-0.3350970017029439,-0.017533504492522747,0.08559443448885111
5838,0.18464789279094398,0.03073342700967403,-0.31552173327437955,-0.03073342700967403,0.09894124182732185
5839,0.1990883131423535,0.059137534131671304,-0.33221041105048127,-0.059137534131671304,0.12262973371923952
5840,0.2038323094103031,0.07610707406414857,-0.33327226008290944,-0.07610707406414857,0.13450741688558218
5841,0.19635082927509376,0.0747081370811376,-0.33026368561115277,-0.0747081370811376,0.13165187578433687
5842,0.20566685167193108,0.08802654027480589,-0.33876146275242813,-0.08802654027480589,0.14223692662667364
5843,0.20322542192654744,0.08393887085506238,-0.33327328438403087,-0.08393887085506238,0.1393394826564413
5844,0.204360225947555,0.10249474162496162,-0.35267425027253424,-0.10249474162496162,0.15257628748454702
5845,0.1982343846015959,0.10741983735357534,-0.36141452360692977,-0.10741983735357534,0.15234543636401063
5846,0.190811923355138,0.11790236100539651,-0.36556189339920225,-0.11790236100539651,0.1579658902183297
5847,0.1870732198589477,0.0825686123731635,-0.35917296755689954,-0.0825686123731635,0.13234965723956887
5848,0.1834274363547514,0.084443346902126,-0.3523439934273366,-0.084443346902126,0.1349631457860157
5849,0.18406290111180051,0.05870512775284693,-0.3462328911367545,-0.05870512775284693,0.11953996296161223
5850,0.19030529561397008,0.08677658814248049,-0.3568945005358342,-0.08677658814248049,0.1346796264993774
5851,0.18441504857288016,0.05847302998566271,-0.3609689477485165,-0.05847302998566271,0.11434274381769616
5852,0.17998475601167205,0.03713542085362744,-0.3493100004645068,-0.03713542085362744,0.10107301628488556
5853,0.15747809666122484,0.04041279568091269,-0.26527337198424594,-0.04041279568091269,0.10657401943230338
5854,0.15147461711023052,0.01872156804033339,-0.2706620889023265,-0.01872156804033339,0.09250378670726447
5855,0.1539140534666525,0.03390136429238994,-0.25300970488565905,-0.03390136429238994,0.1063108923701586
5856,0.15269533203814548,0.011542414799264157,-0.2701323294735867,-0.011542414799264157,0.08580969335735324
5857,0.145315330529238,-0.012854884937497823,-0.29662750938106924,0.012854884937497823,0.06559613022758203
5858,0.14508034099154432,-0.02390503427215934,-0.3698958535029754,0.02390503427215934,0.045604864990683856
5859,0.16179883966002226,0.003400975847153731,-0.31761222195355304,-0.003400975847153731,0.08082310925731821
5860,0.18243789306988803,0.013980226350927816,-0.3113824557977909,-0.013980226350927816,0.08917273875778876
5861,0.18075625943772122,0.011435730134015236,-0.3105854041662225,-0.011435730134015236,0.0830730171648622
5862,0.17202267935784585,0.08419591738375251,-0.33574972255879054,-0.08419591738375251,0.13469688567171567
5863,0.17105070706171177,0.018089395992533605,-0.32331164512993005,-0.018089395992533605,0.0833792687936407
5864,0.16765888292447542,-0.02072144710481199,-0.31669979964602163,0.02072144710481199,0.052864600563277325
5865,0.17244187511840173,0.012530498335030433,-0.331086523663485,-0.012530498335030433,0.07585363412506144
5866,0.1698781308109628,0.01955073815746981,-0.3023224905784195,-0.01955073815746981,0.08327482183801296
5867,0.1562306577204805,-0.01164815542489925,-0.25790638654068127,0.01164815542489925,0.0683450641001293
5868,0.1787013040650209,0.053208764185794025,-0.30804083802875803,-0.053208764185794025,0.10987126484194372
5869,0.17748041270746837,0.08033819884567318,-0.3163010794420608,-0.08033819884567318,0.12359040441600755
5870,0.17191734603732767,0.03252213048373031,-0.296940143953564,-0.03252213048373031,0.09123338485969967
5871,0.18422441293138087,0.05247522399602864,-0.30572524365611586,-0.05247522399602864,0.10556421956642377
5872,0.1843215492403674,0.04401802326884868,-0.2988922610842784,-0.04401802326884868,0.09797673587518992
5873,0.19288803395849238,0.057472804546825476,-0.2972898761364355,-0.057472804546825476,0.0993826052931266
5874,0.16935113131834256,0.028771549452090695,-0.2711708699696182,-0.028771549452090695,0.08655772616143824
5875,0.1430749514900579,-0.0787592652979221,-0.32965170931763677,0.0787592652979221,-0.0035034381858586663
5876,0.15588924147715205,-0.08132887164895368,-0.35032581789529793,0.08132887164895368,-0.00845395338715409
5877,0.1651349491746505,-0.02390402484168271,-0.35388782532067903,0.02390402484168271,0.0392344521228874
5878,0.17903659852890455,-0.012685423811545589,-0.3423715967640746,0.012685423811545589,0.052429084208662484
5879,0.16424311666519575,-0.06580167529550678,-0.3552279641328353,0.06580167529550678,0.00599908840447272
5880,0.16339290532127426,-0.12448701306779852,-0.36229806154444794,0.12448701306779852,-0.048409676348767985
5881,0.1653673399071945,-0.0669200775355041,-0.34771087302168596,0.0669200775355041,0.004982583939105767
5882,0.17317585378660535,-0.014222882178000227,-0.32199451327290984,0.014222882178000227,0.05296158822335092
5883,0.16310534927312748,-0.023198343973615664,-0.30788618502986254,0.023198343973615664,0.047766992987698
5884,0.17005361904996702,-0.010966566817470994,-0.3316830584801165,0.010966566817470994,0.055431362035270534
5885,0.17614887674341329,-0.012200729953035718,-0.3320591637340088,0.012200729953035718,0.059666352241285074
5886,0.17152756781920422,-0.03742870296542959,-0.3376199227851366,0.03742870296542959,0.03476019309159695
5887,0.16444570340310513,-0.04506019160737667,-0.3036649589943266,0.04506019160737667,0.03497054924464116
5888,0.1793928647387231,-0.043658417792001206,-0.3032076806999935,0.043658417792001206,0.03340882992388631
5889,0.14564974788171722,-0.05502240246956953,-0.2114430086084083,0.05502240246956953,0.032697749761627745
5890,0.17429546136627141,-0.09114932400061691,-0.3181117049415246,0.09114932400061691,-0.011356365691549911
5891,0.18021423080050053,-0.04787558768217257,-0.3234978649516397,0.04787558768217257,0.029984078937821512
5892,0.17922636732288125,-0.04568168507375529,-0.31546839947530664,0.04568168507375529,0.03353544397681668
5893,0.1789194349459789,0.05398093638422952,-0.3065787848677906,-0.05398093638422952,0.12189828129772817
5894,0.18378140863613565,0.04509216667180829,-0.32262288785888626,-0.04509216667180829,0.11067222504802343
5895,0.19534166375319068,0.06118795659645296,-0.31886197960668616,-0.06118795659645296,0.12359782638687655
5896,0.19399026199360234,0.06632783456233253,-0.33138819712253037,-0.06632783456233253,0.12814814110587414
5897,0.18141044550380744,0.03569709680099953,-0.31815130033556577,-0.03569709680099953,0.10016287134148448
5898,0.18073415736051895,-0.0026500741159649183,-0.3349422114293916,0.0026500741159649183,0.06788822150875869
5899,0.1949030143004263,0.049878181562346365,-0.3365248715950183,-0.049878181562346365,0.1120090760654534
5900,0.19973599368246767,0.08419437319043567,-0.3404007578450434,-0.08419437319043567,0.13812632318727178
5901,0.19586118453610776,0.062465500354220875,-0.34583973798803286,-0.062465500354220875,0.12056298182978487
5902,0.21422645057157527,0.08353721197675136,-0.34184342059632505,-0.08353721197675136,0.13772148649626997
5903,0.2036974085797161,0.08657235271231617,-0.3367177384918526,-0.08657235271231617,0.13991691282141794
5904,0.2109489255596255,0.10418199038078689,-0.35496643389192306,-0.10418199038078689,0.1542572105563776
5905,0.19709560427340542,0.11357055035215805,-0.353889860462059,-0.11357055035215805,0.1576614120689508
5906,0.18389913923294884,0.10896576049734209,-0.3630121305797102,-0.10896576049734209,0.14862260181469103
5907,0.1784555282652723,0.10185732746019587,-0.3544486106316291,-0.10185732746019587,0.14081866392159867
5908,0.17403464083399964,0.06553485910190712,-0.3289688112790901,-0.06553485910190712,0.11899494160458754
5909,0.1692521460999585,0.00224782862719731,-0.33128030581913703,-0.00224782862719731,0.07328411659312715
5910,0.18041016186200287,0.030894054310061387,-0.3480009059761182,-0.030894054310061387,0.0931663180834736
5911,0.1815058192998289,0.014779603155701175,-0.3577108770567971,-0.014779603155701175,0.08589391842653485
5912,0.16575098442656566,0.015457863027124123,-0.29911385595518225,-0.015457863027124123,0.08691543582892178
5913,0.1550743974956102,0.04203107946341521,-0.25017758332055,-0.04203107946341521,0.10992876134492625
5914,0.1529411302291405,0.023786308501752916,-0.25459216462787376,-0.023786308501752916,0.09735850876578532
5915,0.15443829720208085,0.0017380413387651113,-0.28655115083639404,-0.0017380413387651113,0.08042118023259869
5916,0.1505673987265344,-0.00011107217100310913,-0.2661194483272347,0.00011107217100310913,0.07885777447266333
5917,0.14546840834951982,-0.006167156876012206,-0.2894624028655942,0.006167156876012206,0.06663954460614424
5918,0.14228057070185962,-0.04249297559062495,-0.3080905658655517,0.04249297559062495,0.04318327226252134
5919,0.14625449492391296,-0.057656482864388896,-0.31964432019067107,0.057656482864388896,0.031017686255632212
5920,0.16645237513701067,0.032009843753582956,-0.3101517790890698,-0.032009843753582956,0.10025100530234339
5921,0.17772738397267782,0.09257819280593228,-0.344156871634605,-0.09257819280593228,0.1373920735550643
5922,0.17991814717525897,0.0772809852534127,-0.348932267948712,-0.0772809852534127,0.1275157849166211
5923,0.16277861125135387,0.0356659917937624,-0.31658805304754833,-0.0356659917937624,0.09944667030956561
5924,0.1681920905875869,0.025704573958299642,-0.33467125632631994,-0.025704573958299642,0.08704794025808545
5925,0.181092206402009,0.03944209279086941,-0.30259581096706867,-0.03944209279086941,0.10158793552020579
5926,0.1812186529678535,0.07355827526586024,-0.30831149144189746,-0.07355827526586024,0.12474938906308317
5927,0.1708290963203338,0.022394464384964227,-0.3187394964257688,-0.022394464384964227,0.08471636163282782
5928,0.17170202430392262,-0.0007151033213563878,-0.3266419373874779,0.0007151033213563878,0.06416763741590713
5929,0.17771118799973964,0.06314209437266254,-0.34236268740419734,-0.06314209437266254,0.10774301495887935
5930,0.18227310061189023,0.03477682808926609,-0.32960096204440303,-0.03477682808926609,0.093993611917714
5931,0.17595000604807934,0.0357291597293107,-0.35064173568210416,-0.0357291597293107,0.08535948525807134
5932,0.18939184722883431,0.03716180743384978,-0.34533666669911023,-0.03716180743384978,0.07848958846156807
5933,0.2130193751528481,0.09895190702424932,-0.3327050066024564,-0.09895190702424932,0.11137334471564082
5934,0.1980100552843986,0.07924928000778696,-0.3045886152360701,-0.07924928000778696,0.11243632310917019
5935,0.1643903446451174,0.008452336806025385,-0.3123696555342864,-0.008452336806025385,0.06785446618851947
5936,0.17727252803659693,0.00669931261263974,-0.3393418299820331,-0.00669931261263974,0.06072905907831461
5937,0.18726950806555023,0.028414489587015996,-0.3482128828110974,-0.028414489587015996,0.08124483961145637
5938,0.18290062631001666,0.026966734349428378,-0.3323787645363012,-0.026966734349428378,0.08530533386035659
5939,0.1766934440538506,0.01826290478949483,-0.3077434072654357,-0.01826290478949483,0.07892750119355027
5940,0.1709264485938158,-0.030338381161347554,-0.3513221237359713,0.030338381161347554,0.035920435282805814
5941,0.18500416482842727,-0.001998103081185434,-0.3570683122810246,0.001998103081185434,0.061007836042856894
5942,0.18425778663788497,-0.015163585020917768,-0.3462033021764709,0.015163585020917768,0.05098879950554786
5943,0.18457524271627612,0.004678271294930172,-0.3443326127928902,-0.004678271294930172,0.06626140417614157
5944,0.19686533213991614,0.016452733262178828,-0.35775565770987544,-0.016452733262178828,0.08186598260184075
5945,0.19078596788374624,0.03270363579290809,-0.32940067619471697,-0.03270363579290809,0.09570417944577231
5946,0.17008190125410388,-0.02993933119922045,-0.3262268772355038,0.02993933119922045,0.04075893894042658
5947,0.16887831203587853,-0.06990862769153014,-0.3117913647083009,0.06990862769153014,0.01368199361591286
5948,0.15076687112196596,-0.057370151510738675,-0.21849715931427327,0.057370151510738675,0.02999499070250997
5949,0.1884819797212794,0.07037569561746124,-0.3329675676505704,-0.07037569561746124,0.13001852044572312
5950,0.19164552408372454,0.07371781943535374,-0.33724798589574473,-0.07371781943535374,0.13092214040200997
5951,0.19557825417782995,0.06706606569774615,-0.3309384481937099,-0.06706606569774615,0.12915611957538428
5952,0.20465783064014198,0.07743736972661797,-0.3335550476622291,-0.07743736972661797,0.14137931708226983
5953,0.19313520702899012,0.0606239045202734,-0.33829536151278383,-0.0606239045202734,0.12311541073067347
5954,0.19076728824339226,0.025098284982969926,-0.3362420471797681,-0.025098284982969926,0.09147452838261674
5955,0.1889714938744504,0.052728352145682604,-0.34087072053656603,-0.052728352145682604,0.11412170212414416
5956,0.1936752751478931,0.09799990485778924,-0.3403153724830121,-0.09799990485778924,0.1453198666307215
5957,0.1948227126156942,0.08245275523310733,-0.3461056763259166,-0.08245275523310733,0.13403783638559075
5958,0.2004037397878286,0.039471678049004706,-0.35416269445959503,-0.039471678049004706,0.09780904203131023
5959,0.19418225428636646,0.09078727122812877,-0.3498286298118983,-0.09078727122812877,0.13669202635752992
5960,0.1963000042308371,0.07766680705641806,-0.3435966880691335,-0.07766680705641806,0.12935254509616415
5961,0.19482245667781395,0.11987425782986111,-0.3475149134213287,-0.11987425782986111,0.15572335722828418
5962,0.17669696337067842,0.08226871171034206,-0.33590686285764954,-0.08226871171034206,0.13179813552396985
5963,0.17675970698902632,0.11185011404177418,-0.35105335305241875,-0.11185011404177418,0.15095722929361646
5964,0.17056844925500317,0.07669914252839635,-0.32882029286323555,-0.07669914252839635,0.12560408058870803
5965,0.177769134878297,0.050031429816916995,-0.32657292188123427,-0.050031429816916995,0.10885798819284835
5966,0.17457540151694462,0.008222692901824253,-0.2731067021739731,-0.008222692901824253,0.08433778939753334
5967,0.17473244705726318,-0.003030710288956592,-0.32046893757538303,0.003030710288956592,0.06980939798666287
5968,0.1492063125013871,-0.08034080607739609,-0.3137370651729262,0.08034080607739609,0.005921945105092738
5969,0.15252086507222412,0.0024718180470891466,-0.281205704446364,-0.0024718180470891466,0.07895591826001197
5970,0.14971078815997482,0.004241236259893481,-0.27851700136588486,-0.004241236259893481,0.08150346224135396
5971,0.15313742101959135,0.007787988919554182,-0.2722042402284846,-0.007787988919554182,0.08431789358842998
5972,0.1506525700895111,0.010400552740432507,-0.272243474569329,-0.010400552740432507,0.08713958178737786
5973,0.14561638231274285,-0.03419478239988523,-0.2968740827306051,0.03419478239988523,0.050979265521566286
5974,0.15198947885930422,0.05199393012384547,-0.34667340975337535,-0.05199393012384547,0.11341719204452907
5975,0.14248917766376012,0.020071334054152134,-0.30696359833183495,-0.020071334054152134,0.08835848949290497
5976,0.15360296282356772,0.00875021266022032,-0.2877474562779088,-0.00875021266022032,0.0844832914665789
5977,0.16085665314956812,0.03955463934767179,-0.291309251210709,-0.03955463934767179,0.10783394391081338
5978,0.17670995607679407,0.06367902826610082,-0.31717918456188865,-0.06367902826610082,0.12089476815563603
5979,0.17608095062932944,0.03308097017831742,-0.34009953635843443,-0.03308097017831742,0.09643538747582109
5980,0.1627213190711555,-0.014156087584641595,-0.32539005869578896,0.014156087584641595,0.05847426009415956
5981,0.1803228235536878,0.01965510679578684,-0.3362831842702083,-0.01965510679578684,0.08246735090871693
5982,0.16672250480243656,0.012529379962264154,-0.33549891621660555,-0.012529379962264154,0.07630327926293444
5983,0.1629972748887617,-0.00357045837734525,-0.34868411048608927,0.00357045837734525,0.06149018988589582
5984,0.1668357458713014,-0.050217260641835224,-0.35348128898856135,0.050217260641835224,0.02340719314322807
5985,0.1788867469814906,0.02728850402319585,-0.351619964800808,-0.02728850402319585,0.08614734168572173
5986,0.17375157997085305,0.019313470334963192,-0.3401846098368227,-0.019313470334963192,0.07962843154231557
5987,0.18792759711317436,0.043426033132372775,-0.3461665935065378,-0.043426033132372775,0.08754646197179997
5988,0.17069301154566657,0.002882357595106853,-0.33843926528264984,-0.002882357595106853,0.0595061378513352
5989,0.18780776064503138,0.056833263971744,-0.2811926905203538,-0.056833263971744,0.10597841537914024
5990,0.17065392321121892,0.009016033448688834,-0.29264450073551024,-0.009016033448688834,0.07072679315498424
5991,0.16697444921453958,0.011969016660246082,-0.2896966855407804,-0.011969016660246082,0.07510531639007527
5992,0.18604808852082824,0.07425383102921712,-0.3118179862331849,-0.07425383102921712,0.09901725613728352
5993,0.19918817420079954,0.05245745792312245,-0.31420793592645524,-0.05245745792312245,0.09730297002147277
5994,0.18667950269356198,0.0017961824109596922,-0.30875678855704586,-0.0017961824109596922,0.06463081786269684
5995,0.17143407934189853,-0.01063933544517992,-0.26430446840945593,0.01063933544517992,0.06282896466680728
5996,0.1832308604925598,-0.012023926957406212,-0.33877432042075145,0.012023926957406212,0.05484085544198589
5997,0.19905682755480633,0.049506021997411186,-0.3356543744949243,-0.049506021997411186,0.1076781335432581
5998,0.1959319858122535,0.012414419283581266,-0.3392112306330191,-0.012414419283581266,0.07693915137216711
5999,0.18132645512166481,-0.011813074206533561,-0.33078919145094854,0.011813074206533561,0.05467551067697526
6000,0.18038096353947802,0.019139605028156023,-0.32419839974249287,-0.019139605028156023,0.07944171238311654
6001,0.17089761247196586,-0.0615978222704834,-0.3287008306639366,0.0615978222704834,0.014801681877158452
6002,0.17407811360364864,0.0014915768300166076,-0.29551752535032394,-0.0014915768300166076,0.07037405684444482
6003,0.15633100349740578,-0.0582433516760077,-0.270894442346046,0.0582433516760077,0.028149167212565843
6004,0.1943171752049691,0.0988831074032279,-0.3436129635294685,-0.0988831074032279,0.1512661140305578
6005,0.1872629604822455,0.06157214234902615,-0.3382992462939741,-0.06157214234902615,0.1227308920361783
6006,0.1856639883551508,0.035379010148673166,-0.33267371840533716,-0.035379010148673166,0.1023718490282065
6007,0.1835739415533548,0.03513461385683815,-0.30569901947097733,-0.03513461385683815,0.10183124150512331
6008,0.19540057450304116,0.0597268253014204,-0.33565365750421206,-0.0597268253014204,0.12379923463752952
6009,0.2016305990004102,0.0812695384172088,-0.3454525170323467,-0.0812695384172088,0.1387600998576543
6010,0.19418919260796164,0.05661143257932027,-0.3329273925581582,-0.05661143257932027,0.11790275475695325
6011,0.19279535374818846,0.0577743634327095,-0.3374069843797102,-0.0577743634327095,0.11779108850165729
6012,0.1931646524372872,0.07764155646965852,-0.3390947280460382,-0.07764155646965852,0.1310250691571971
6013,0.18751437445698513,0.08444606227361276,-0.337493430862816,-0.08444606227361276,0.13631477454903324
6014,0.19342771015270477,0.08335531809561725,-0.3432328482034201,-0.08335531809561725,0.13151741941029987
6015,0.18767097837400876,0.02580486673022815,-0.3536088562813375,-0.02580486673022815,0.08415832823883397
6016,0.19021695069703184,0.09258742813255919,-0.34952193894617384,-0.09258742813255919,0.13711746524552607
6017,0.18576795946716915,0.036510062152645115,-0.33847844929959847,-0.036510062152645115,0.09756975087959108
6018,0.1845103604322051,0.09916332461628487,-0.3443113600918396,-0.09916332461628487,0.13825008461005012
6019,0.17602466586222784,0.11692674789001228,-0.37388249643010624,-0.11692674789001228,0.1491098655138179
6020,0.17759956843474212,0.1190644423966387,-0.3475098394284011,-0.1190644423966387,0.15287975708166424
6021,0.17609443449417891,0.11207940545513416,-0.33412244959247045,-0.11207940545513416,0.1493618895681812
6022,0.1807954056469034,0.049607481712849545,-0.334986671560308,-0.049607481712849545,0.10722733330556408
6023,0.1718405786175463,0.03658587581930314,-0.2634019691294837,-0.03658587581930314,0.10700890084614843
6024,0.16750262991750753,0.020479812912838933,-0.2476598811398788,-0.020479812912838933,0.0979826994887725
6025,0.1727977212768558,0.000857713854957019,-0.25915551090326666,-0.000857713854957019,0.08423932494343551
6026,0.16218748221868795,-0.006061444566068897,-0.2973394336899205,0.006061444566068897,0.07077831355446268
6027,0.15689199709697318,0.031243790817303135,-0.25847046011083885,-0.031243790817303135,0.09902812065243126
6028,0.15537322146735022,0.03745449582339813,-0.26084687827562464,-0.03745449582339813,0.10699725544690906
6029,0.15391738821280881,0.01582362710605408,-0.3097088631168249,-0.01582362710605408,0.08919746580436332
6030,0.17507990812915586,0.017507638459155754,-0.33868026259805994,-0.017507638459155754,0.08612545945718147
6031,0.16039056522077547,-0.02124599054794063,-0.3046355694886136,0.02124599054794063,0.05295478434569861
6032,0.15295313772236244,0.0037983796180873428,-0.31362600185170114,-0.0037983796180873428,0.07442543462050613
6033,0.13693915412190918,-0.0016429273608491053,-0.23835665753932628,0.0016429273608491053,0.08060547397913821
6034,0.15465436415277817,0.033820073681648896,-0.2578017043522264,-0.033820073681648896,0.10348494108211864
6035,0.17125001525590555,0.02759107814189974,-0.28376963717546366,-0.02759107814189974,0.10085698902711988
6036,0.1759622665453563,0.023256650963275522,-0.3286158434820057,-0.023256650963275522,0.08887593034441645
6037,0.16961961727576677,-0.009538492373463195,-0.29978501903634713,0.009538492373463195,0.06645166032973701
6038,0.17430894812238526,0.011373762355560152,-0.3080223445908076,-0.011373762355560152,0.08218405296229365
6039,0.16025860962909766,-0.018230078773471787,-0.33898592829119517,0.018230078773471787,0.05023951206128468
6040,0.17492143796237264,0.035028300920144154,-0.34878136716220126,-0.035028300920144154,0.09300491197906956
6041,0.16674030263978198,-0.015720064095509353,-0.3415105240741037,0.015720064095509353,0.05481476899797456
6042,0.1628373702053459,-0.01351892855129477,-0.3496816217609635,0.01351892855129477,0.054886786799216124
6043,0.17822330330561675,0.02198070210816828,-0.34348587679034953,-0.02198070210816828,0.08070273115221228
6044,0.18088975301517551,0.03847787187639564,-0.3025340871550812,-0.03847787187639564,0.09045624628504344
6045,0.17280417351043478,0.04726069903458769,-0.2532724101600118,-0.04726069903458769,0.1075209307092733
6046,0.17463714913939643,0.03315148917870722,-0.2543444081607941,-0.03315148917870722,0.09666093453907226
6047,0.1629768004742582,-0.020948134909923626,-0.30918740573376546,0.020948134909923626,0.048297584657323436
6048,0.16493547434242264,0.018769132852348724,-0.3093044697468238,-0.018769132852348724,0.0776493279205087
6049,0.19683288517493094,0.07074962451138243,-0.31790740499036707,-0.07074962451138243,0.10783789181221973
6050,0.1982055112571413,0.059101357540008656,-0.34265762538833355,-0.059101357540008656,0.11533082587142876
6051,0.17621757765384857,-0.03554300022551481,-0.35437323824193195,0.03554300022551481,0.03134183421709165
6052,0.18020273916826218,-0.024672670173422635,-0.33092398157309527,0.024672670173422635,0.048235196746443214
6053,0.17933459573668034,-0.04174286861285235,-0.34536706851213983,0.04174286861285235,0.03193831643289843
6054,0.19578202823311186,0.051108527715936394,-0.3177791691899322,-0.051108527715936394,0.11108523554881744
6055,0.18876388560785487,0.05592614572187338,-0.31790280106413954,-0.05592614572187338,0.1130550505933768
6056,0.18026856633548047,0.014214610591603302,-0.30112779039338,-0.014214610591603302,0.07883201437237873
6057,0.17621719209783057,-0.006519198688865801,-0.31555519763295115,0.006519198688865801,0.05986504835594982
6058,0.1686895910603103,-0.02793473806562701,-0.28926047866130117,0.02793473806562701,0.05064715838086836
6059,0.17095610055174737,-0.00395273451462438,-0.30927974373483824,0.00395273451462438,0.06288200936099037
6060,0.17171140698817802,0.03153182604847683,-0.276457320238139,-0.03153182604847683,0.09894130834425527
6061,0.18607615633983896,0.053956622910744836,-0.33775267304559703,-0.053956622910744836,0.11676538217940728
6062,0.18626836491273277,0.06616190554865842,-0.34099988508606155,-0.06616190554865842,0.12680737863451938
6063,0.18216335765788094,0.03575595287869769,-0.32532284316169674,-0.03575595287869769,0.10219149910087456
6064,0.1757820900225762,0.029793573171691547,-0.29053071469378944,-0.029793573171691547,0.09937169102929796
6065,0.17679428379891513,0.022266911653190107,-0.3072797688075337,-0.022266911653190107,0.09253836889087295
6066,0.20297865367581527,0.07198586159456706,-0.32868659346309437,-0.07198586159456706,0.13024816903851583
6067,0.2025084561746278,0.07550974543428095,-0.34432561524077854,-0.07550974543428095,0.13078231176732555
6068,0.17583572724060795,0.03173532836905156,-0.29944928369954765,-0.03173532836905156,0.09643328584705674
6069,0.17952952689739685,0.04087471087520837,-0.34492361923921344,-0.04087471087520837,0.09978475966365066
6070,0.17763231033504873,0.017911418569097892,-0.34785920955249333,-0.017911418569097892,0.07987074042314474
6071,0.192914364867132,0.07155731568652156,-0.3496687472649747,-0.07155731568652156,0.1251897935638953
6072,0.1811070348636317,0.007183073142277869,-0.33324495177951585,-0.007183073142277869,0.07675645254170664
6073,0.1785420431030624,0.024066051564299196,-0.32615683330710454,-0.024066051564299196,0.08918599541377738
6074,0.172937794827448,0.014075166756182702,-0.3476007817574161,-0.014075166756182702,0.07122547138896113
6075,0.18466221162209356,0.05582223538879296,-0.3487644486376135,-0.05582223538879296,0.10661660485312398
6076,0.18546563771278143,0.12842396450564014,-0.3500896894291091,-0.12842396450564014,0.15802100062878102
6077,0.1834459460715306,0.11937020448441578,-0.3405283902906693,-0.11937020448441578,0.15168755361576988
6078,0.18735353807672955,0.10600498554683399,-0.33374144433830577,-0.10600498554683399,0.1472452726899359
6079,0.1868361148233801,0.04150379497728625,-0.3117198867317713,-0.04150379497728625,0.10621265394661017
6080,0.1711020585029425,0.009573005125236326,-0.2634935632171829,-0.009573005125236326,0.08833601759973887
6081,0.17324852290821258,0.015849892686765097,-0.26751603903346033,-0.015849892686765097,0.09282375777199976
6082,0.181139440229396,0.019377255481916402,-0.28592891449019536,-0.019377255481916402,0.09409121971780597
6083,0.1645285205971201,0.012685392963880476,-0.30272554876834634,-0.012685392963880476,0.08423413645364367
6084,0.1532579709725169,0.024154606269695,-0.2569725907492571,-0.024154606269695,0.09992334218627891
6085,0.15228092792819803,0.023874543519840127,-0.2661726777324519,-0.023874543519840127,0.10325751686847781
6086,0.17291245492576826,0.022282177634264176,-0.2782034235600601,-0.022282177634264176,0.10053731218466593
6087,0.19414037230519707,0.03345216418601186,-0.29317101614810354,-0.03345216418601186,0.10775258411730948
6088,0.1632902374454579,0.030315656757476533,-0.3126027885071696,-0.030315656757476533,0.10066348351952764
6089,0.15516550737482457,0.016294794360251823,-0.2973788355432494,-0.016294794360251823,0.08889087229970002
6090,0.15041677855074811,0.03386800601000461,-0.25904089244463013,-0.03386800601000461,0.10428556452879786
6091,0.15320692058970936,0.016489722705131223,-0.27064243502528795,-0.016489722705131223,0.09060176649546639
6092,0.18700528831345015,0.03218857558173671,-0.33656117436093386,-0.03218857558173671,0.09930626932341562
6093,0.20021500819166071,0.054285418831175165,-0.3433383653824085,-0.054285418831175165,0.1166028563054155
6094,0.1867786681955737,0.018568901682174694,-0.31475716758516487,-0.018568901682174694,0.09109440492243043
6095,0.17194385347182237,-0.012253388268914025,-0.30403714746122695,0.012253388268914025,0.06672103861475706
6096,0.16710891991439739,-0.012203652438069108,-0.30629249704764655,0.012203652438069108,0.06724327497192335
6097,0.1676677599976133,-0.005168688622268843,-0.3230279870353786,0.005168688622268843,0.06520442657291646
6098,0.17439218385106875,0.011047827719760164,-0.34601498730743374,-0.011047827719760164,0.07733237247922556
6099,0.1783467634072461,0.043318652189629686,-0.34174499589048835,-0.043318652189629686,0.09998950054783905
6100,0.18171306685331737,0.05248474367454287,-0.32909534465352924,-0.05248474367454287,0.10604470700234549
6101,0.19792300803110038,0.07848944582578593,-0.31387201981350543,-0.07848944582578593,0.11272848365475893
6102,0.18736860097092234,0.06159162372297766,-0.29816575167979137,-0.06159162372297766,0.10484186525883708
6103,0.1897409825944886,0.06266012692421441,-0.2978309412452239,-0.06266012692421441,0.10651389444677839
6104,0.17438248786583,0.019884389850657134,-0.31972066901660146,-0.019884389850657134,0.07363701335090907
6105,0.1671483677190362,0.006832806000422718,-0.29326501926080756,-0.006832806000422718,0.06805405450152809
6106,0.1808719981234024,0.029712792394185762,-0.3331442797433679,-0.029712792394185762,0.08081715872711422
6107,0.18165036991031924,0.02602431936684735,-0.33583095964779536,-0.02602431936684735,0.08256933193513911
6108,0.18704827306378877,0.021016269241427587,-0.3476245404519627,-0.021016269241427587,0.08274290331377289
6109,0.171324522451782,-0.04805028128859805,-0.34183259804615235,0.04805028128859805,0.025486406317056075
6110,0.1661421285383979,-0.07792987823980127,-0.3267183127861003,0.07792987823980127,0.001294199886092864
6111,0.20108954919939567,0.057095140706479,-0.3265768306197481,-0.057095140706479,0.11769265021183131
6112,0.19143004318142895,0.040350229409894474,-0.31048303665278254,-0.040350229409894474,0.09938518956888315
6113,0.18666864494153595,0.006889804054966962,-0.31994174461252445,-0.006889804054966962,0.07219132098952763
6114,0.18162209612832297,0.001118580830677603,-0.29488009285919164,-0.001118580830677603,0.06777982532846369
6115,0.16808153160328418,-0.03493489649099598,-0.3013416462760388,0.03493489649099598,0.042378182940176375
6116,0.1701086212206416,0.01680927250441371,-0.2792849093771937,-0.01680927250441371,0.08617254949225474
6117,0.19326611105349187,0.06391914164384167,-0.32826683808060514,-0.06391914164384167,0.11883759594860749
6118,0.18827770192932833,0.06719971154754856,-0.3456354322678381,-0.06719971154754856,0.12647073855922275
6119,0.18611829298297364,0.055694244449321535,-0.3357291824814437,-0.055694244449321535,0.11921295854467635
6120,0.18822075682544134,0.03800664377856375,-0.33874227399908485,-0.03800664377856375,0.10636651378360369
6121,0.1838243411915746,0.03851409110152591,-0.33306860228615587,-0.03851409110152591,0.10464428446428836
6122,0.17470706059593635,-0.0033052627309232857,-0.3316437162552757,0.0033052627309232857,0.06998106393267672
6123,0.18740857720440493,0.04100452788116561,-0.34973651063102207,-0.04100452788116561,0.10180338252733191
6124,0.1710703070744172,-0.012406052620327344,-0.31814530336473523,0.012406052620327344,0.060334003653660304
6125,0.18065017870103314,0.038523257834899786,-0.3476885040079588,-0.038523257834899786,0.09609509250132338
6126,0.17638910370746366,0.0057113404346861105,-0.347210156831471,-0.0057113404346861105,0.07118659337275027
6127,0.18278561325177667,0.05571954005847649,-0.3457401565021724,-0.05571954005847649,0.1119447255390158
6128,0.18238406953313704,0.016485339896856042,-0.3500620964294639,-0.016485339896856042,0.08019020077566584
6129,0.1758048671141168,0.024215147629141908,-0.2853934672351292,-0.024215147629141908,0.0938306072009575
6130,0.17155821744041252,-0.0015001542066311953,-0.3090015780877661,0.0015001542066311953,0.06951959760840512
6131,0.17763219189392793,0.02091584561581479,-0.3125798829238778,-0.02091584561581479,0.08654540053446279
6132,0.1817432043862397,0.06323786934476672,-0.3329297877815903,-0.06323786934476672,0.11466800697069417
6133,0.18252399234026673,0.0826878480991663,-0.33387697305303954,-0.0826878480991663,0.13098349678495255
6134,0.1861459960304926,0.06485159402056875,-0.3357935525024067,-0.06485159402056875,0.11668643613707387
6135,0.18193571338818698,0.037522229314159515,-0.3324688174163263,-0.037522229314159515,0.10050729102568122
6136,0.17885996573977245,-0.008167420485497519,-0.3186688630800358,0.008167420485497519,0.06780436647939427
6137,0.1769035765084598,0.02477331481004276,-0.3318002045057077,-0.02477331481004276,0.08868272862180826
6138,0.16905387420191365,-0.007513001006525558,-0.33660009936807816,0.007513001006525558,0.0634067315546528
6139,0.16682392744651592,-0.01884555715511226,-0.33642007553183706,0.01884555715511226,0.05248254512950911
6140,0.16215437870530755,-0.012657480201604877,-0.30218009741571467,0.012657480201604877,0.0665314986811958
6141,0.16005311069629574,0.03555020851758723,-0.28412390238066154,-0.03555020851758723,0.10784781813369786
6142,0.18578324833293353,0.04291646880453584,-0.30104443825448873,-0.04291646880453584,0.11260042043493697
6143,0.19479284941913938,0.0385537553801093,-0.25666060789372763,-0.0385537553801093,0.11433519733535316
6144,0.176510204831831,0.03961094215477048,-0.33872467257130684,-0.03961094215477048,0.10646350540622043
6145,0.1566718284733515,0.014000818763266028,-0.3439752201251034,-0.014000818763266028,0.08354104080035764
6146,0.15092599399933232,0.007552271455129449,-0.31613431628789024,-0.007552271455129449,0.07966758051145413
6147,0.15257844761865116,-0.011274970202457555,-0.30161881937253954,0.011274970202457555,0.0678198842482878
6148,0.17450241372525976,0.043897920868182144,-0.3169365227243325,-0.043897920868182144,0.10827757838228673
6149,0.20164682833719944,0.06964503156939576,-0.33702450570310966,-0.06964503156939576,0.12857314857428018
6150,0.18817061717337014,0.027612486456628615,-0.3264452684323918,-0.027612486456628615,0.0944173253338403
6151,0.17016653150959254,-0.010440986363888818,-0.31399644080683375,0.010440986363888818,0.06469965549751712
6152,0.19652319545997768,0.05872469467061162,-0.3408799084291208,-0.05872469467061162,0.11528390153062107
6153,0.168964233718025,0.021263679821819446,-0.34728357257825004,-0.021263679821819446,0.08543931033893043
6154,0.1700210736834526,0.030807020199020714,-0.34557659074113944,-0.030807020199020714,0.0912421433277446
6155,0.1678362757510808,0.013058689570781403,-0.34243534530239633,-0.013058689570781403,0.07667688396902785
6156,0.18058796480366737,0.05233000573927024,-0.3312409179368691,-0.05233000573927024,0.10709930408768269
6157,0.1827068790877607,0.05293673379484234,-0.331375864096284,-0.05293673379484234,0.10293348573283209
6158,0.19819914031309563,0.05007797565247379,-0.3236877615077186,-0.05007797565247379,0.10691885548478784
6159,0.18114348953956871,0.04831451929186504,-0.32475139622841626,-0.04831451929186504,0.09245685528555417
6160,0.17201176045663055,0.025292264062793092,-0.29980630061925806,-0.025292264062793092,0.08139074913499231
6161,0.18804002119681038,0.03656351237038255,-0.30274456661957144,-0.03656351237038255,0.08402433614758592
6162,0.16734580264807977,-0.019036406921399508,-0.3442006230222867,0.019036406921399508,0.04610906293835498
6163,0.1796660769349979,0.003815928320211552,-0.32390050497760436,-0.003815928320211552,0.0642710495945947
6164,0.184071899560246,-0.004837887102689914,-0.3499024319127254,0.004837887102689914,0.059927281270462034
6165,0.1955135969375913,0.014963123236870605,-0.3439457094798831,-0.014963123236870605,0.08123897935916219
6166,0.19413006922815676,0.019280844116583522,-0.34166560264194096,-0.019280844116583522,0.08459024961570848
6167,0.18184234442752029,0.008166219691175638,-0.3581295564520291,-0.008166219691175638,0.07043739529909997
6168,0.17966964195367124,-0.0021031521114728215,-0.3326934460735964,0.0021031521114728215,0.0664712622196583
6169,0.18241798053742617,0.009833010320704482,-0.31988406075195774,-0.009833010320704482,0.07302039971064081
6170,0.17494058808731625,-0.010892077008792557,-0.2863196998821904,0.010892077008792557,0.0599799317121114
6171,0.16097073058965897,-0.03895719115541415,-0.28652487127144016,0.03895719115541415,0.040988604092776604
6172,0.16367664544548677,0.00193744618328738,-0.26971498558554685,-0.00193744618328738,0.07509940255809237
6173,0.18109037414694282,0.05440922625410358,-0.3411842059873284,-0.05440922625410358,0.1079655099934332
6174,0.19099568155119787,0.07795455491309577,-0.34805971178071693,-0.07795455491309577,0.13552949743388654
6175,0.18929168031032045,0.06628873361466321,-0.34593096743913776,-0.06628873361466321,0.12573930143588688
6176,0.18805058688453108,0.03031604284321975,-0.34229030289500734,-0.03031604284321975,0.09490732751036313
6177,0.17825846188008268,0.022027361264316696,-0.3353181723640775,-0.022027361264316696,0.08879540517644478
6178,0.17357937498158396,0.030031275763858327,-0.3329650945006747,-0.030031275763858327,0.09340032620892018
6179,0.18711235563913942,0.057516714920301686,-0.3545433814949734,-0.057516714920301686,0.11317686917621352
6180,0.18480245476545898,0.06055686005162262,-0.35260243126784047,-0.06055686005162262,0.11354231208377377
6181,0.18304225914064995,0.04488932349422616,-0.348477266855246,-0.04488932349422616,0.10277191340126068
6182,0.1783525781819567,0.08779086776136949,-0.3501397516616736,-0.08779086776136949,0.12899525594408473
6183,0.18387886448606808,0.08856353542822992,-0.3443714959058767,-0.08856353542822992,0.13454328553823777
6184,0.1935152386463211,0.07394297098723854,-0.34837449997935754,-0.07394297098723854,0.12512429945833237
6185,0.19141947670013,0.08731765055741553,-0.35034713974283266,-0.08731765055741553,0.13186613495167615
6186,0.16833216455547986,0.0021984359321075876,-0.3169480465639566,-0.0021984359321075876,0.0701841354014263
6187,0.17755841835654126,0.04203778397604874,-0.30085142006613275,-0.04203778397604874,0.1044102729980552
6188,0.1802863484490765,0.013248494260893024,-0.32537029165498027,-0.013248494260893024,0.08118464106609946
6189,0.18620594293202902,0.0844231089597288,-0.3446226007552222,-0.0844231089597288,0.1308897346055294
6190,0.18805024719100577,0.10844681495885013,-0.336186287662681,-0.10844681495885013,0.1463520016497772
6191,0.18780138838552352,0.11325156941305448,-0.3377389129556026,-0.11325156941305448,0.14991200276285366
6192,0.18200239176149277,0.05501906237870616,-0.3347859977325222,-0.05501906237870616,0.1102083046815209
6193,0.1609359540418798,-0.0623263836506959,-0.3121025305282622,0.0623263836506959,0.02318365920090475
6194,0.15584596719481644,-0.003904975812127333,-0.33928408982623626,0.003904975812127333,0.0659755903387006
6195,0.1597569628642908,-0.04667813115036492,-0.35003928194525985,0.04667813115036492,0.02687371415885193
6196,0.1637622926914356,-0.018900682617600827,-0.34517895213111477,0.018900682617600827,0.054642645312782144
6197,0.16597775521908542,0.016860613560018205,-0.3380064250385703,-0.016860613560018205,0.0862488054460656
6198,0.15307054151138255,-0.04986759354977627,-0.25745863649371786,0.04986759354977627,0.04627345170017656
6199,0.18872688386429756,0.026679625729937328,-0.2814433046885921,-0.026679625729937328,0.10309212592055542
6200,0.17907269400934606,0.06109677059263241,-0.3599096645431608,-0.06109677059263241,0.11871630891943256
6201,0.1830290477023034,0.04714417870279592,-0.3115962996337338,-0.04714417870279592,0.11330362826289424
6202,0.17341270814435691,0.03014802012156668,-0.34281262659523853,-0.03014802012156668,0.0945958469960547
6203,0.1724591491715609,0.0148308510726226,-0.3678637087419009,-0.0148308510726226,0.08056886885207677
6204,0.16657055997105077,-0.000510834990499052,-0.36787615928068546,0.000510834990499052,0.06685518188053348
6205,0.16421876174358668,-0.011298247128851389,-0.3283779653103607,0.011298247128851389,0.06363598221590967
6206,0.16111344795239047,0.034239901663825775,-0.28814109923412456,-0.034239901663825775,0.10468262389835102
6207,0.19071168342597286,0.042735629048386466,-0.35068544582398864,-0.042735629048386466,0.1021778123146108
6208,0.18829132815146435,0.0210695301082548,-0.3307940131069407,-0.0210695301082548,0.09023556726172763
6209,0.1571527136280355,-0.020684757270039822,-0.3548234239207342,0.020684757270039822,0.04741930488759
6210,0.1712685336305118,0.058481983059964875,-0.369154567594825,-0.058481983059964875,0.10672170839802804
6211,0.16602036815455165,0.036250830653882966,-0.35907836914720526,-0.036250830653882966,0.09048887637422948
6212,0.18174848778691324,0.05166194158409712,-0.3538434516659966,-0.05166194158409712,0.10498486933763539
6213,0.17215486087849602,-0.009909279705923925,-0.364044724538029,0.009909279705923925,0.05002904999519292
6214,0.17544104904331753,0.018183663281975786,-0.3223508932629302,-0.018183663281975786,0.07982800341370315
6215,0.17795823884044654,0.04574316943730534,-0.2830328174379238,-0.04574316943730534,0.10526491898391631
6216,0.1774552732633905,0.03341830650983116,-0.2799978434397373,-0.03341830650983116,0.09389678866053816
6217,0.205548278109728,0.07059363437739469,-0.29761364132098334,-0.07059363437739469,0.104939383438778
6218,0.18983221912806506,0.037731057735880105,-0.34771522316486747,-0.037731057735880105,0.08432313398361586
6219,0.19784595789954884,0.05984798463031018,-0.34670030081538694,-0.05984798463031018,0.07984771307961885
6220,0.1838908846533184,0.00736920531278284,-0.3359897547057645,-0.00736920531278284,0.06602595462719177
6221,0.19159869139063904,0.016920296044513443,-0.3483746989184859,-0.016920296044513443,0.07799107421358445
6222,0.19565180374408658,0.0016908302502733757,-0.33550294703489214,-0.0016908302502733757,0.0707775286838892
6223,0.16950812894202147,-0.012503679388260696,-0.32618572755831243,0.012503679388260696,0.05552748702482773
6224,0.1663736252684283,-0.03234558290401907,-0.32390790925045604,0.03234558290401907,0.04021371859359965
6225,0.17124578770443363,0.011652069664076397,-0.29441711660206543,-0.011652069664076397,0.07730053731944139
6226,0.1760893398373459,0.045998771902797046,-0.2945497603033155,-0.045998771902797046,0.10190806912354565
6227,0.15863124097078585,-0.028621548546390083,-0.23485471744706202,0.028621548546390083,0.05557799622469405
6228,0.1555262386126084,-0.02177237144725869,-0.26895374686052725,0.02177237144725869,0.05854145617161898
6229,0.16755882487334922,0.007247463181707492,-0.29962841422293085,-0.007247463181707492,0.07620427594585134
6230,0.19125179104150813,0.052834798550059056,-0.29146081871135077,-0.052834798550059056,0.10533558634606925
6231,0.19515601972797567,0.08297466703718505,-0.3429129902176712,-0.08297466703718505,0.142252112175927
6232,0.19218646774328205,0.06325320376198297,-0.3452411055016571,-0.06325320376198297,0.12599015902928754
6233,0.19045849377260307,0.05680070662239971,-0.34133464909220784,-0.05680070662239971,0.11649622840499474
6234,0.18311418908953442,0.03503064133765679,-0.32681006239767146,-0.03503064133765679,0.09854139637565264
6235,0.16945679743290207,0.014720412863187532,-0.2971425103398008,-0.014720412863187532,0.0850480729662939
6236,0.18426622524357095,0.04622282694120754,-0.34298964062651865,-0.04622282694120754,0.1034662433843478
6237,0.17773750865276658,0.0756473572306119,-0.3371308395279797,-0.0756473572306119,0.12552859857494453
6238,0.18248689188436862,0.06456304941408138,-0.3459204421781642,-0.06456304941408138,0.1192489216527667
6239,0.1849224746835992,0.0900629432185053,-0.35238118337278046,-0.0900629432185053,0.1351130207453196
6240,0.18546809292217337,0.058274474730584044,-0.3387984091469129,-0.058274474730584044,0.11422546525342206
6241,0.19270551564685692,0.09178097756247304,-0.3435083453786949,-0.09178097756247304,0.13657917188047122
6242,0.1752259991099386,0.05765645122309429,-0.33513076296718675,-0.05765645122309429,0.10970867828909991
6243,0.17512105705797004,0.020863444829642246,-0.3065074904777626,-0.020863444829642246,0.08779879936399579
6244,0.16933937375594224,0.012624772555487536,-0.28515980985960104,-0.012624772555487536,0.08380603847512762
6245,0.17892135911058316,0.05560126346600691,-0.3403778713941572,-0.05560126346600691,0.11104438292868266
6246,0.17538529831690047,0.07099582878669541,-0.33412616742779555,-0.07099582878669541,0.1192918074384436
6247,0.17679712185940905,0.03738822418642015,-0.3519974506917549,-0.03738822418642015,0.0929528909850132
6248,0.1700902401943401,0.006534983665683437,-0.333553723412196,-0.006534983665683437,0.07565982314969076
6249,0.1569392892709188,-0.034690128207502946,-0.3427218311385224,0.034690128207502946,0.04548537995394784
6250,0.16881696523796114,-0.007764682991513924,-0.3311485228366308,0.007764682991513924,0.06527818145395099
6251,0.18276990598535148,0.04866970453826349,-0.34714583103661956,-0.04866970453826349,0.10778213831289371
6252,0.16845124303493814,0.040307586061710456,-0.3084855574032469,-0.040307586061710456,0.1083995150443897
6253,0.16536389805976498,0.015272968232978752,-0.3298026931526396,-0.015272968232978752,0.08426243146106921
6254,0.1586404744840848,-0.042557773708486415,-0.3378984402778147,0.042557773708486415,0.03730831485736638
6255,0.15794284447449491,-0.07357115086709068,-0.3307324272878688,0.07357115086709068,0.011817796913625597
6256,0.18041256391795957,0.004164832358765757,-0.3522065996610803,-0.004164832358765757,0.07063889814863186
6257,0.18274144714329912,0.02751478404853292,-0.3134191227721308,-0.02751478404853292,0.09545818420245117
6258,0.2033645855207793,0.06848846679118069,-0.3326501808938398,-0.06848846679118069,0.1267825396643867
6259,0.18534993059934562,0.02954439148758127,-0.3482082719515844,-0.02954439148758127,0.09663820326262593
6260,0.1729053829114268,0.023278205023032565,-0.3679679132021752,-0.023278205023032565,0.08705631904983206
6261,0.15736854611416515,-0.008709056938943083,-0.3712008118501801,0.008709056938943083,0.06104147199413017
6262,0.16514885019973166,0.03660542923574401,-0.35746053360719254,-0.03660542923574401,0.09753281599820553
6263,0.18289164073635097,0.06388075710193582,-0.35909339293921716,-0.06388075710193582,0.11724084217757894
6264,0.16341773248913838,0.012903233945873963,-0.3595335934607113,-0.012903233945873963,0.073359388640606
6265,0.16831929528776504,-0.009109143805950952,-0.33101356146009014,0.009109143805950952,0.06014204125887822
6266,0.18560283272326292,0.0435577474067196,-0.3137135522111311,-0.0435577474067196,0.10573423085690446
6267,0.17752974504310137,0.04171260863251122,-0.34185197989066946,-0.04171260863251122,0.09799940527024929
6268,0.16267117540583564,0.017977898608535908,-0.36553122216100675,-0.017977898608535908,0.07359170038739851
6269,0.17194905666173133,0.08005991678921519,-0.3762137831675324,-0.08005991678921519,0.1173531220979368
6270,0.16819462133566038,0.07096204835302597,-0.3419449780101393,-0.07096204835302597,0.11282937101747803
6271,0.1881036577882198,0.06243828583039051,-0.31344321979872686,-0.06243828583039051,0.10435923902465001
6272,0.2037190782351991,0.05517720539810109,-0.3068798949023305,-0.05517720539810109,0.09391869967998791
6273,0.20101101848933683,0.058166617932936905,-0.32687796133184727,-0.058166617932936905,0.09571105495898306
6274,0.19982192131514526,0.06737878301310879,-0.3460463193036401,-0.06737878301310879,0.11254009078334257
6275,0.17299246372145022,-0.013267986697277193,-0.3587405742979138,0.013267986697277193,0.05146396152604204
6276,0.18127583311703946,0.0010031340626763395,-0.3435917267666874,-0.0010031340626763395,0.06255725719472102
6277,0.17090741874685464,0.004944079574980496,-0.32822451560749727,-0.004944079574980496,0.06960796941133089
6278,0.16885244792089524,-0.03148614057591975,-0.34303660121786345,0.03148614057591975,0.038498723682809606
6279,0.16740364615106945,-0.02537936257127193,-0.2939840408200037,0.02537936257127193,0.053771600275903955
6280,0.16247889778820437,-0.02849427407604973,-0.3241246592961216,0.02849427407604973,0.04079703149605223
6281,0.16909042999488813,0.03434905901592195,-0.30590650794497476,-0.03434905901592195,0.09312355978187348
6282,0.1597391212379637,-0.016767241083308543,-0.26597538617358707,0.016767241083308543,0.06049402978487676
6283,0.16829719390991243,-0.026360833088762914,-0.27445413215063796,0.026360833088762914,0.05053298014097515
6284,0.1707871877052427,-0.005722177719383035,-0.268319528315324,0.005722177719383035,0.07194916937367454
6285,0.16606964777538116,-0.016843383408049684,-0.3004671092404348,0.016843383408049684,0.05501382873846674
6286,0.1597876041050339,-0.038423203494836,-0.29981226030696184,0.038423203494836,0.038157593848286764
6287,0.1676298652528965,-0.01571053781471941,-0.30774056582116915,0.01571053781471941,0.05595493184847809
6288,0.18034458298167858,-0.0049057591133554014,-0.3031394318528547,0.0049057591133554014,0.06005977206472575
6289,0.16337435914457615,0.03156946622988674,-0.22878549769673093,-0.03156946622988674,0.09335934691243822
6290,0.18416371676562449,0.032174204791388245,-0.3366708081509259,-0.032174204791388245,0.09534546483326915
6291,0.18434757304500599,0.03817414928811767,-0.3153131275218943,-0.03817414928811767,0.10157470553095083
6292,0.17579435541190583,0.02572979629251557,-0.3388788235068734,-0.02572979629251557,0.08948403812178088
6293,0.18321880151000275,0.08993885694900404,-0.34538842524983154,-0.08993885694900404,0.1377536675917808
6294,0.18482539253250801,0.07394741167865844,-0.3420296909745623,-0.07394741167865844,0.12348257712613443
6295,0.17873413136105654,0.038179653038912104,-0.319467520026619,-0.038179653038912104,0.10081678727684518
6296,0.17613737919081968,0.04448294410131505,-0.28013634082368,-0.04448294410131505,0.10939228817198779
6297,0.17642279887527268,0.05172732712819226,-0.3410053312348048,-0.05172732712819226,0.1057408427074245
6298,0.1788182779861992,0.019394401771065998,-0.3510376342970988,-0.019394401771065998,0.07485977820378026
6299,0.18227771390323388,-0.0406399441063613,-0.3567507486744366,0.0406399441063613,0.025594051363239313
6300,0.17424236289602163,0.06945944076294154,-0.3389769057099803,-0.06945944076294154,0.11643265760284541
6301,0.18088826473156927,0.021029950297443072,-0.34971476507790644,-0.021029950297443072,0.0827552517804472
6302,0.1654098550210376,-0.0451353171963534,-0.3389713755109366,0.0451353171963534,0.031132458663365517
6303,0.16891275583774826,-0.03825708394082744,-0.33220019485301294,0.03825708394082744,0.038948484119175765
6304,0.17302006961478783,-0.016353287199091397,-0.3344564073714618,0.016353287199091397,0.058251277761156704
6305,0.15593208535978256,-0.061949776450261236,-0.3770676791960121,0.061949776450261236,0.01272556379470168
6306,0.19269005153088078,0.05281698475030937,-0.3486699934870103,-0.05281698475030937,0.11454307327689442
6307,0.18304652316029021,0.08057981034714083,-0.33814175382957107,-0.08057981034714083,0.13573023250071092
6308,0.17579433933543942,0.06306606642712705,-0.3177105809630675,-0.06306606642712705,0.12469777872349878
6309,0.17676948898806277,-0.010075718635530358,-0.36039438917237604,0.010075718635530358,0.06296157905780478
6310,0.16757655842967653,-0.03038990044084731,-0.3817580787333266,0.03038990044084731,0.04072249926015166
6311,0.1756092470099272,-0.00203878376463478,-0.3287064804940507,0.00203878376463478,0.07341858566370549
6312,0.16292162525464393,-0.05803130373952003,-0.3631894726016139,0.05803130373952003,0.020381061946704578
6313,0.1829433015160549,0.00788583967274573,-0.35753827435134006,-0.00788583967274573,0.07550508827173917
6314,0.19424549255875706,0.04713980884307901,-0.3271229294633306,-0.04713980884307901,0.11496808590743807
6315,0.1946905550165224,0.04117346023180427,-0.2950265069200187,-0.04117346023180427,0.11350418278501503
6316,0.17003153911413724,-0.036172097764498326,-0.32856124332155867,0.036172097764498326,0.04720697844929871
6317,0.15859388949719222,-0.021573218896117238,-0.35785458746106596,0.021573218896117238,0.05437835777383902
6318,0.17094476744380643,0.012495837962310293,-0.3424586832168026,-0.012495837962310293,0.08196565867430652
6319,0.1733746341606607,0.06502581283721967,-0.3645226936909176,-0.06502581283721967,0.11533976428951119
6320,0.15660522902428162,0.016521903927701188,-0.345190542147219,-0.016521903927701188,0.08011575322726004
6321,0.16486778873582938,-0.006899611534733227,-0.306035473475562,0.006899611534733227,0.06675589536352577
6322,0.16727655074987352,0.004206618475942164,-0.3167218947490618,-0.004206618475942164,0.07493798270098097
6323,0.17811345069462292,0.020281350232422186,-0.31833103130074863,-0.020281350232422186,0.08766269601532768
6324,0.16043169162629486,0.02518066771531608,-0.37301573436151275,-0.02518066771531608,0.07500955780073464
6325,0.1765192320106763,0.08538742808304252,-0.3731620749191453,-0.08538742808304252,0.12270781829445264
6326,0.1757754906692928,0.08103126144789445,-0.3602565125024405,-0.08103126144789445,0.12124820106463355
6327,0.17271878133599172,0.03751366167185702,-0.29602696581411553,-0.03751366167185702,0.09447704037245826
6328,0.18992621005709043,0.04687319628892885,-0.32067987521155317,-0.04687319628892885,0.10172191560526078
6329,0.2047357060343229,0.07476754903136752,-0.32473748109481887,-0.07476754903136752,0.12306835153022572
6330,0.19607231798502653,0.06561027316532879,-0.323842404702199,-0.06561027316532879,0.11762283195556156
6331,0.1926352601745052,0.05010974751616086,-0.33518995233450133,-0.05010974751616086,0.10513776280028701
6332,0.19710731774989532,0.04484739084320397,-0.32404249923276096,-0.04484739084320397,0.1057700008558956
6333,0.17815275362496735,-0.027264088445532627,-0.3226913538228454,0.027264088445532627,0.04564386282865469
6334,0.17982288180411454,0.0025614723076433613,-0.3319324521584003,-0.0025614723076433613,0.06769862416613388
6335,0.17103138193372386,-0.014220157460695777,-0.2872432559867748,0.014220157460695777,0.05776625557673251
6336,0.17419491471615142,-0.0022037824402290776,-0.28776946417466526,0.0022037824402290776,0.06620345302495331
6337,0.1672452818574603,-0.010843659785168326,-0.2849486132580643,0.010843659785168326,0.06104455172381627
6338,0.1725731036838273,-0.025168891600047292,-0.2973669781689715,0.025168891600047292,0.046815979096992984
6339,0.17766971539040377,0.0025346690224164778,-0.291096605782282,-0.0025346690224164778,0.06971332944822374
6340,0.1720662426044052,-0.040044888871638075,-0.3046948192121479,0.040044888871638075,0.03597440836970168
6341,0.1651346235040507,-0.010840119108371687,-0.2906635310967374,0.010840119108371687,0.06204020086149038
6342,0.1684294285152745,-0.011626056202133533,-0.2978831351657215,0.011626056202133533,0.05708354793176385
6343,0.16374611233225833,-0.06816702158556236,-0.30981653591236785,0.06816702158556236,0.010682402109878773
6344,0.17920053902169902,0.009850390739288532,-0.309789099401056,-0.009850390739288532,0.07549715305528291
6345,0.1731092783438167,0.030960763544601498,-0.3005639925407112,-0.030960763544601498,0.0899718887165723
6346,0.16205366873120863,0.004088015433089102,-0.2495759056866452,-0.004088015433089102,0.07185134216116683
6347,0.18140517659047026,0.06308097809538556,-0.3352814490326787,-0.06308097809538556,0.12001264714432322
6348,0.1854680897322137,0.05703433380140449,-0.32883103658301166,-0.05703433380140449,0.11956827097009916
6349,0.18942027634737532,0.07669241154317753,-0.3333375632017468,-0.07669241154317753,0.12781315062550752
6350,0.17587829440438432,-0.024657151772957287,-0.3428114386600733,0.024657151772957287,0.045526534509994956
6351,0.18151827157855882,0.05769291975706807,-0.34903484544327007,-0.05769291975706807,0.11228828856236212
6352,0.18388343870417462,0.11775947002867357,-0.33852598184173005,-0.11775947002867357,0.15388107319563082
6353,0.1903431027871888,0.0992070433004429,-0.3414384220246714,-0.0992070433004429,0.13984715781886173
6354,0.1658774120816739,-0.019712243243305488,-0.35860306986741114,0.019712243243305488,0.04257589587732926
6355,0.15931833534389456,-0.017105498788839553,-0.3290591759850387,0.017105498788839553,0.04793484051974308
6356,0.17453338046286468,0.03585409874255169,-0.348347296938861,-0.03585409874255169,0.09123011446742392
6357,0.16733040491939496,0.03385635268010394,-0.30790206736824827,-0.03385635268010394,0.09943995500819386
6358,0.16829810017912758,0.007237845987464482,-0.312265256724366,-0.007237845987464482,0.08076745907509572
6359,0.18273099830486897,0.016752027739963135,-0.3508961676929265,-0.016752027739963135,0.08024263724214874
6360,0.16502444353034293,-0.025554612919727097,-0.3931936722868087,0.025554612919727097,0.03649262995716802
6361,0.18730236118011356,0.01826331316494777,-0.358480594122245,-0.01826331316494777,0.08443777120851059
6362,0.18933471758356732,0.06288622262784327,-0.34771610593741803,-0.06288622262784327,0.12056774213963554
6363,0.16959664002382396,0.03240863142705225,-0.35583239849178655,-0.03240863142705225,0.09338915334626796
6364,0.16185388587241786,-0.028559771395908037,-0.3493727016088979,0.028559771395908037,0.04918228310920966
6365,0.16446722068995834,-0.03994038789404495,-0.36693946731791066,0.03994038789404495,0.031715661653593206
6366,0.19943675095459276,0.030567291678625742,-0.3290518605138586,-0.030567291678625742,0.10170495267716592
6367,0.172750509178136,-0.004537342002938391,-0.3382809779824958,0.004537342002938391,0.071605983844552
6368,0.1719323919253182,-0.016251146124631004,-0.34540771093159595,0.016251146124631004,0.05476902900073858
6369,0.20954686676259487,0.05585763267821683,-0.3158244589482882,-0.05585763267821683,0.12346661459906372
6370,0.1883189464125045,0.01632689712920673,-0.28485525534164713,-0.01632689712920673,0.09593937895607559
6371,0.16805772211644018,-0.03664107640791834,-0.33614796476178904,0.03664107640791834,0.045013817196850825
6372,0.16461401644725931,-0.015777461210745726,-0.3325882359007278,0.015777461210745726,0.06366066187080104
6373,0.17434096786746245,0.03842362826217572,-0.336281910098139,-0.03842362826217572,0.10284389101423447
6374,0.1597018130981375,0.035151656343228546,-0.3204006098082522,-0.035151656343228546,0.09579793926808593
6375,0.15572984935764064,0.03212059797360202,-0.29569746760847426,-0.03212059797360202,0.09175836982484357
6376,0.16109723413340937,0.020886991089403086,-0.3050405616904897,-0.020886991089403086,0.0802280593171689
6377,0.16410724248496014,0.018926082483897894,-0.3179801462041186,-0.018926082483897894,0.08453485488190061
6378,0.18812088619404413,0.03474071376731153,-0.33344242025850707,-0.03474071376731153,0.09890187607115507
6379,0.17430931675066944,0.056597450064586954,-0.3696319457562904,-0.056597450064586954,0.10433369816689833
6380,0.18657183095779625,0.09191415345635505,-0.36413940005947243,-0.09191415345635505,0.1303850072598326
6381,0.16106234616500012,0.048416478303779834,-0.3494686781305833,-0.048416478303779834,0.09861983496999682
6382,0.1831840931035225,0.05136264184860048,-0.3194276827212969,-0.05136264184860048,0.10672140590965222
6383,0.17946365021067182,0.05051626072369217,-0.3211376146048862,-0.05051626072369217,0.10688359181499747
6384,0.20836097986394034,0.09466730611359957,-0.3283738083854298,-0.09466730611359957,0.1297773048287529
6385,0.19711631944419084,0.058055931241713585,-0.3356705505977454,-0.058055931241713585,0.09251915208374147
6386,0.18813506019484838,0.05565508149354148,-0.32810837835137974,-0.05565508149354148,0.10671197575015492
6387,0.19107433245032318,0.06529095877230012,-0.3186302454706847,-0.06529095877230012,0.12053982070672813
6388,0.18500808559423104,0.03885440123431238,-0.319969846513171,-0.03885440123431238,0.10142402145967351
6389,0.1739088229368512,0.004557018332097177,-0.31920419228530267,-0.004557018332097177,0.07212228207569397
6390,0.18374993664341482,0.016089255922434074,-0.28935192543849797,-0.016089255922434074,0.08198211116665895
6391,0.17318094049663144,0.008532461095145716,-0.2709738054874924,-0.008532461095145716,0.07479018600572425
6392,0.16529829187067893,-0.04013848709513437,-0.29541654338276546,0.04013848709513437,0.03976599398324955
6393,0.16755251334497975,-0.04171641687097424,-0.2874367808086376,0.04171641687097424,0.037146278150732966
6394,0.1694314033364468,-0.02368818692382345,-0.2886220068282938,0.02368818692382345,0.05120652212634952
6395,0.16730214409509725,-0.01959327102378457,-0.2907538712710512,0.01959327102378457,0.05380429711459357
6396,0.16846063301179576,-0.04333990898574933,-0.3133863830877396,0.04333990898574933,0.03337826977782245
6397,0.1761742878822827,0.017823225315666248,-0.30354298260171675,-0.017823225315666248,0.08321662583206652
6398,0.17246959257299002,-0.01328200623486405,-0.3037940615811008,0.01328200623486405,0.05561168607723083
6399,0.15717797254196036,-0.08959416151431299,-0.30120332353233265,0.08959416151431299,-0.004417357513671499
6400,0.1701355508202049,-0.059723741109930714,-0.30917978830841564,0.059723741109930714,0.01881176051862963
6401,0.18124972197684214,-0.03945547707854259,-0.3263758247221041,0.03945547707854259,0.029556554065705235
6402,0.18490872219511034,0.07850091623552041,-0.3289227889848825,-0.07850091623552041,0.12859035891374457
6403,0.1720921559378107,0.09331913380319924,-0.3443039466995811,-0.09331913380319924,0.13559071389739535
6404,0.17850303549753788,0.10489217266222463,-0.33802184230199495,-0.10489217266222463,0.1462800250353267
6405,0.18088880004708777,0.04250870897408913,-0.33762232436453593,-0.04250870897408913,0.10123638234406623
6406,0.17356725611328652,0.0066971412423106405,-0.3415539620977384,-0.0066971412423106405,0.0739980567293718
6407,0.17328298785997645,0.018751948350746634,-0.33881161176469554,-0.018751948350746634,0.08001552346746524
6408,0.17979551783214692,0.0052638595731915655,-0.3587098969002693,-0.0052638595731915655,0.062018793089952555
6409,0.177941092187655,-0.003994608842032331,-0.33189755206795646,0.003994608842032331,0.06319088548493451
6410,0.17184487581644042,0.06039855116547514,-0.35163183221329114,-0.06039855116547514,0.11237914657900523
6411,0.17496686973355913,0.07177422318879015,-0.3448211285977288,-0.07177422318879015,0.12340438856020733
6412,0.17967552162644967,0.048950925902845235,-0.37038448282844316,-0.048950925902845235,0.1027706542127633
6413,0.17756843887410553,0.04274624959815821,-0.35469947370786103,-0.04274624959815821,0.09987878606916879
6414,0.17883552376531034,0.024918354373533413,-0.34023151744572355,-0.024918354373533413,0.09024801106933779
6415,0.17807047195534226,0.03613083627893366,-0.3087936778865956,-0.03613083627893366,0.10364265558669497
6416,0.18557493858369692,0.07039271135136428,-0.3489686105911011,-0.07039271135136428,0.12719653822734345
6417,0.19165694678247336,0.08339082523791319,-0.34305581912123057,-0.08339082523791319,0.13857054417548914
6418,0.20816446010127743,0.09911653895624145,-0.3488231851205799,-0.09911653895624145,0.15203740603158616
6419,0.19318933192009818,0.05947370463425965,-0.3222291071301177,-0.05947370463425965,0.12327373340370051
6420,0.19181199820421407,0.03349361292048751,-0.326263865318181,-0.03349361292048751,0.10318411906870772
6421,0.1663335345034973,-0.04721067714169442,-0.358896288928052,0.04721067714169442,0.03184900946014729
6422,0.1869916690072879,0.0017236831353839692,-0.31279800149444226,-0.0017236831353839692,0.08050078853924449
6423,0.16664080744170978,-0.023075230987025977,-0.3486857499732183,0.023075230987025977,0.053502278996321304
6424,0.1655915792502952,-0.026639692497218277,-0.32911087492093455,0.026639692497218277,0.05311255242912444
6425,0.16468411109428233,0.02908085125037808,-0.26422021580397304,-0.02908085125037808,0.09817696510553556
6426,0.15580061294872766,0.041242679953947294,-0.28674401395491816,-0.041242679953947294,0.09832358391574575
6427,0.1569004199083175,0.026155661236094155,-0.2924327093981803,-0.026155661236094155,0.08494369628069988
6428,0.1533221091366291,0.01529365157784618,-0.29462070038021676,-0.01529365157784618,0.07750817284614839
6429,0.17367686896920723,0.021820866821216946,-0.3252828456975178,-0.021820866821216946,0.08767520804386239
6430,0.17276904711172325,-0.04846983096086277,-0.23016517722646437,0.04846983096086277,0.0473699444464663
6431,0.17058947328941454,-0.018546607189783758,-0.23108421691856593,0.018546607189783758,0.06863843840530925
6432,0.17096989535901333,0.026918595747029025,-0.29774155539160313,-0.026918595747029025,0.09228063523205449
6433,0.17470850622169548,0.04875677486321373,-0.33290534302831604,-0.04875677486321373,0.10375360323974202
6434,0.18790985650246916,0.059536461707636004,-0.36317697289814443,-0.059536461707636004,0.11062379615713938
6435,0.1808082486828708,0.03084692926841941,-0.3246434704608335,-0.03084692926841941,0.09165550498949346
6436,0.18503869707220874,0.03505730509194853,-0.3276904800619168,-0.03505730509194853,0.08123899891539939
6437,0.18772264172715022,0.04715458286480983,-0.2831723019183223,-0.04715458286480983,0.09826070037735422
6438,0.19513230759916747,0.06750119084932678,-0.31294790336744016,-0.06750119084932678,0.11300182494464205
6439,0.19009838633655166,0.06819877691829988,-0.32069774260454803,-0.06819877691829988,0.1222410488308956
6440,0.19385398974493026,0.06464805152371011,-0.31022754377190503,-0.06464805152371011,0.12038715358296216
6441,0.18089566826906764,0.02666041178540292,-0.30908531963326175,-0.02666041178540292,0.09090562076104768
6442,0.1786442187633067,0.007004703347998655,-0.3101435082626924,-0.007004703347998655,0.07520932128257724
6443,0.1650293911775183,-0.031241741839312293,-0.28679671080795544,0.031241741839312293,0.04700437239508156
6444,0.16575750318469196,-0.03237198977510639,-0.2808236127351212,0.03237198977510639,0.04618098793989316
6445,0.17257403752425848,-0.021021458148862682,-0.3058682704735655,0.021021458148862682,0.054047438598057745
6446,0.16780339039162726,-0.05631622935731496,-0.3071405317059999,0.05631622935731496,0.023934401227904557
6447,0.16394360878619255,-0.06415155159442566,-0.31181436317551403,0.06415155159442566,0.017823479879669094
6448,0.1628427709592031,-0.0540382236972816,-0.2983042185990233,0.0540382236972816,0.02626414743810175
6449,0.17244109952858952,-0.06747376042500226,-0.2880310552615716,0.06747376042500226,0.01480210138034621
6450,0.16742800388461196,-0.11818614441026995,-0.31760105099460173,0.11818614441026995,-0.029537793703145823
6451,0.16556122618916003,-0.07719486501555946,-0.33111255637341347,0.07719486501555946,0.0023903602537341793
6452,0.16614425368608846,-0.09043252013461055,-0.3205761609988294,0.09043252013461055,-0.008664557690429573
6453,0.1787501982309911,-0.04577910548667774,-0.3363405179640353,0.04577910548667774,0.02650267439187866
6454,0.18983655365923832,0.09546576789817128,-0.33318752342128294,-0.09546576789817128,0.14451207296287596
6455,0.1785918912199121,0.10336959494051282,-0.3442964144112579,-0.10336959494051282,0.14680897506908294
6456,0.1687400738605491,0.06550615458500961,-0.34397372454911035,-0.06550615458500961,0.11879179803549582
6457,0.17555735707145312,0.05973665890815246,-0.33647054428330564,-0.05973665890815246,0.1144053665265232
6458,0.17547976637089138,-0.002282363958922296,-0.302175129383129,0.002282363958922296,0.07076540458451092
6459,0.18649550055450206,0.0008019203077477343,-0.3609987012380984,-0.0008019203077477343,0.061949908271796875
6460,0.1785462095140394,0.0948852507597304,-0.3516288473730545,-0.0948852507597304,0.14109607916130013
6461,0.17140468899621233,0.00905820321050827,-0.33548911088637734,-0.00905820321050827,0.07372955694970697
6462,0.16876138207894567,0.02549563494219339,-0.37060863826087576,-0.02549563494219339,0.0833635818312579
6463,0.18613136124220342,0.11035556163732882,-0.3545615276697814,-0.11035556163732882,0.15369079443640635
6464,0.1765474742523881,0.061434516327026366,-0.33975032822186296,-0.061434516327026366,0.11647927429203453
6465,0.17822988689555824,0.03986270307339454,-0.3321792870170986,-0.03986270307339454,0.10324522937530374
6466,0.18231517442954537,0.08145236107384,-0.3348890906507595,-0.08145236107384,0.13457634502837715
6467,0.18566585883122358,0.09721573340696472,-0.32892233537321747,-0.09721573340696472,0.14711516142565367
6468,0.1839896674923023,0.11637891917569049,-0.3306658902772306,-0.11637891917569049,0.15922412690617405
6469,0.17812426041400253,0.08118665838066728,-0.33944833215593107,-0.08118665838066728,0.13568409099126202
6470,0.19325524230585878,0.0901845940682531,-0.33114366027514874,-0.0901845940682531,0.14150695154280707
6471,0.1886655861194201,0.03608837534550907,-0.3210507852270367,-0.03608837534550907,0.10462101504914648
6472,0.17954587160371568,0.019050469060630806,-0.33804615039653024,-0.019050469060630806,0.0883620879258037
6473,0.17071047513564877,-0.010360988189937768,-0.34537014220498774,0.010360988189937768,0.06316696783720001
6474,0.15288037875784885,-0.041754308299025135,-0.3569321546789349,0.041754308299025135,0.024951534484433668
6475,0.15589199343497256,0.02052243717090986,-0.3080333536754789,-0.02052243717090986,0.08239474297793356
6476,0.15939568033239254,0.0442484604022863,-0.2818506902935364,-0.0442484604022863,0.10042115200350944
6477,0.15574988729525388,0.03101581300220917,-0.2981264708898546,-0.03101581300220917,0.08737743182808393
6478,0.158193855777514,-0.04839003929629372,-0.3389930508927037,0.04839003929629372,0.028812517214014854
6479,0.1866210727120902,0.021610379478874453,-0.34369705417051183,-0.021610379478874453,0.08697971788172301
6480,0.17928231419235924,0.0011978635494606918,-0.2917237523007003,-0.0011978635494606918,0.07797376375524284
6481,0.16492674193565499,-0.027328683386856515,-0.27351188810198823,0.027328683386856515,0.05316221766740171
6482,0.18236318916439836,0.01834085332088788,-0.32195364324629094,-0.01834085332088788,0.08428572721848751
6483,0.1584879384437822,-0.00011190195594907398,-0.3100363565788084,0.00011190195594907398,0.06931749728682207
6484,0.15569762109334095,0.07964165267299494,-0.36618523876845005,-0.07964165267299494,0.11872106186008317
6485,0.17487175347227826,0.019921424969274733,-0.3508838431248625,-0.019921424969274733,0.08142581655495376
6486,0.18416118662089564,0.015504839872583977,-0.33804073062567025,-0.015504839872583977,0.07727111680772789
6487,0.17974160662044186,0.04393068084926549,-0.31461781936040717,-0.04393068084926549,0.10282161192206335
6488,0.18928400509406956,0.061898391113621234,-0.30754115957690026,-0.061898391113621234,0.11755488517067375
6489,0.19218133810103097,0.08539839884566042,-0.3206401608861174,-0.08539839884566042,0.13429694319527194
6490,0.1954755430439584,0.08774667929446323,-0.3089246523637461,-0.08774667929446323,0.13512028670206236
6491,0.1896927734265206,0.05448637769102462,-0.30249196315017635,-0.05448637769102462,0.11137533612955298
6492,0.1897236192079095,0.035159812104337336,-0.31810526518758686,-0.035159812104337336,0.09657309491304267
6493,0.18046628257143896,0.013496121170672302,-0.2943551337954978,-0.013496121170672302,0.08244774259960103
6494,0.16724242684635646,-0.02782831178790126,-0.29160459921312337,0.02782831178790126,0.04880245405845387
6495,0.17861263604721742,0.0178120086759102,-0.295235807638669,-0.0178120086759102,0.08313426425219439
6496,0.16864952996410393,-0.050428021897368024,-0.32436337856737074,0.050428021897368024,0.0262539326662368
6497,0.1737048968720964,-0.03216541878067868,-0.3154143374870684,0.03216541878067868,0.04047883307716542
6498,0.17140006691925658,-0.04214331512635786,-0.3153777876811991,0.04214331512635786,0.03212108930330673
6499,0.1721761387085733,-0.06091501741753882,-0.33414445792290104,0.06091501741753882,0.014100633357019355
6500,0.1731170358167305,-0.010660286059527839,-0.34182938124526147,0.010660286059527839,0.05554127679015454
6501,0.16901779972423694,-0.07240898399318126,-0.33877552593557675,0.07240898399318126,0.003867318303499853
6502,0.17275775817939712,-0.0650444761335788,-0.3348859122055313,0.0650444761335788,0.008540265485070423
6503,0.17962335600626433,-0.03430808489016158,-0.31627480022084664,0.03430808489016158,0.03659872501538121
6504,0.1785992228231711,0.10074869979841097,-0.32909606506465094,-0.10074869979841097,0.14410997112075938
6505,0.17420116423080778,0.06772856838683862,-0.3454755222726998,-0.06772856838683862,0.12191302552863886
6506,0.17375433411188906,0.03192918695331774,-0.34680798804574675,-0.03192918695331774,0.09278663807613748
6507,0.17667328802135993,0.06906576043877989,-0.34576006714186164,-0.06906576043877989,0.12501699583123552
6508,0.171705891651609,0.06337424595231768,-0.34330594021136773,-0.06337424595231768,0.12059516230545006
6509,0.1498687702262509,-0.06593109674537871,-0.3407979213203543,0.06593109674537871,0.016987457446204102
6510,0.18282668965630738,0.10186507868985853,-0.33380994869133696,-0.10186507868985853,0.14744154284165986
6511,0.1744003504267888,0.0458913777560417,-0.3319542203487231,-0.0458913777560417,0.10518481445610797
6512,0.17605289527817317,0.11034954633040772,-0.33051112030337054,-0.11034954633040772,0.15110233625483455
6513,0.16699192604843435,0.09436830612345269,-0.3216918992502302,-0.09436830612345269,0.14175152876272135
6514,0.17108677869160704,0.1020025913721239,-0.33246651440480274,-0.1020025913721239,0.14716651785167323
6515,0.1658258117349357,0.07187436511324496,-0.3366675016278384,-0.07187436511324496,0.1236561935774767
6516,0.18509446859919113,0.0854472408313289,-0.3374357944148688,-0.0854472408313289,0.13573394601511563
6517,0.1908609406014062,0.052936494618192775,-0.2917886265724637,-0.052936494618192775,0.12034869914258166
6518,0.1778807677727606,0.03468408754047783,-0.2805289302937137,-0.03468408754047783,0.10452346171931205
6519,0.17329261760033599,-0.014069221638136035,-0.32479439976408225,0.014069221638136035,0.05390265604412767
6520,0.18877312806776692,0.016876313247315564,-0.3357031119363482,-0.016876313247315564,0.0742650954612258
6521,0.18537286432375832,0.02380016449865787,-0.3355549751484748,-0.02380016449865787,0.08970672192267748
6522,0.16418008550643115,-0.01542660473597318,-0.3157416270888781,0.01542660473597318,0.057617798977697754
6523,0.15498797137337395,-0.014640656635813803,-0.30570496158633376,0.014640656635813803,0.05868460816661532
6524,0.15518833317195554,-0.06532197428783927,-0.3261849521145621,0.06532197428783927,0.014765677476865987
6525,0.18036104615951568,0.01606308819118327,-0.33744065382876337,-0.01606308819118327,0.08246788173503627
6526,0.18165349555288715,0.04116821433742388,-0.3292495082751701,-0.04116821433742388,0.09874160500195348
6527,0.19246635494047185,0.03661266343869743,-0.3325414935135966,-0.03661266343869743,0.0821946583459179
6528,0.19454110166145555,0.04720171088884042,-0.3042997803912842,-0.04720171088884042,0.09761254824274031
6529,0.17620113348352684,-0.013597088680567507,-0.3163060951982905,0.013597088680567507,0.059596942484072914
6530,0.18262766667294644,0.00645461444412628,-0.33538085122068967,-0.00645461444412628,0.07668017463542583
6531,0.17577107281955967,-0.0045433021929899755,-0.3406244850314722,0.0045433021929899755,0.06221053856670531
6532,0.1934689599031052,0.07266767516614034,-0.3122290853265691,-0.07266767516614034,0.12491729521444138
6533,0.18457398188158503,0.0310991910335598,-0.304500969375988,-0.0310991910335598,0.0910877742628814
6534,0.16971864530021583,-0.003923881575026194,-0.27626855035958725,0.003923881575026194,0.06615587475052259
6535,0.1813472268317154,0.026921187796051974,-0.30574294368322663,-0.026921187796051974,0.09214266289737844
6536,0.173858373485717,-0.0231632647845783,-0.2976325084141773,0.0231632647845783,0.05169752615859673
6537,0.17015681970414565,-0.017758693611700842,-0.28964099813700644,0.017758693611700842,0.055716552108730256
6538,0.1696921207352978,-0.09733508386668172,-0.3193092980913572,0.09733508386668172,-0.01147299692652573
6539,0.17388546801447496,-0.058609667709506486,-0.3001383512161064,0.058609667709506486,0.022062542315488067
6540,0.16687424233988593,-0.023308275622811906,-0.28939982559701344,0.023308275622811906,0.051049910264949316
6541,0.16817240766814567,-0.05664828100225469,-0.31308877400924684,0.05664828100225469,0.02138711675744015
6542,0.18004588273699673,-0.02890544196647847,-0.31248981429487094,0.02890544196647847,0.0434493621588294
6543,0.16765937424097463,-0.0698072070747628,-0.31255524422725817,0.0698072070747628,0.011173207995307478
6544,0.16245906950024477,-0.09322242282720919,-0.3111998801595157,0.09322242282720919,-0.010187595943494452
6545,0.1684572996684488,0.06826730752816834,-0.3108283560503842,-0.06826730752816834,0.12589248217732174
6546,0.1670425255267383,0.054743006108811304,-0.3099835238153356,-0.054743006108811304,0.11496451701754488
6547,0.17010351008115707,0.061738266577630485,-0.3146816237582415,-0.061738266577630485,0.12092414850935895
6548,0.17446935193072005,0.10426926792546218,-0.33318330034300403,-0.10426926792546218,0.1468835492713474
6549,0.1699829901535107,0.09842617571337184,-0.335897399636404,-0.09842617571337184,0.14314394836136396
6550,0.17336833645119717,0.08181811294211257,-0.3366091627186662,-0.08181811294211257,0.13163413404297153
6551,0.18076832552082375,0.04877166465234985,-0.28415264342957974,-0.04877166465234985,0.11756819153573281
6552,0.17252293433195476,0.038805177904105634,-0.24707158569922139,-0.038805177904105634,0.11336622969093255
6553,0.16643828031565272,0.01384236706097829,-0.274597853851603,-0.01384236706097829,0.08941001355284049
6554,0.16637530595779065,0.018554634062714313,-0.26557218129419863,-0.018554634062714313,0.09303375564698364
6555,0.17666767286308574,0.016620540870800976,-0.30244595731825813,-0.016620540870800976,0.08625517456198183
6556,0.1551988635123662,-0.06464658059038855,-0.31491861279987676,0.06464658059038855,0.021017541702409295
6557,0.17535610916047975,0.019338860556641534,-0.3624692511020572,-0.019338860556641534,0.08017014137197785
6558,0.167936663058352,-0.03623452369377372,-0.36062831896147673,0.03623452369377372,0.036893852048345124
6559,0.18662153754480476,-0.012927585108438744,-0.29074439098140814,0.012927585108438744,0.06298201073794751
6560,0.19411878325184687,0.013139449364093284,-0.2601691096681619,-0.013139449364093284,0.08726406489824379
6561,0.18732478381298467,-0.005799678211389112,-0.2873764134801166,0.005799678211389112,0.06653635644413816
6562,0.17470237955517615,0.004398488409774396,-0.29083780565049033,-0.004398488409774396,0.06886799804791092
6563,0.18385340473917441,-0.01560731678208247,-0.3283550767308864,0.01560731678208247,0.05813824759806272
6564,0.18092733230133617,-0.0002932145672303329,-0.33319307730596304,0.0002932145672303329,0.06882225320889321
6565,0.18045645045326716,0.0340204255018933,-0.33511633799089546,-0.0340204255018933,0.09380773682712162
6566,0.1952143956807228,0.09086326633839502,-0.31338563560479143,-0.09086326633839502,0.1334193469079343
6567,0.18757157228273624,0.06843497456334628,-0.30995862258142093,-0.06843497456334628,0.11909851322171322
6568,0.17735442375047755,0.025942488061482385,-0.30485997564786366,-0.025942488061482385,0.08985676427804073
6569,0.197968419857366,0.07218342910830519,-0.32181745700212216,-0.07218342910830519,0.12546167470363664
6570,0.1797900880735678,-0.014379861147502886,-0.3171413962606113,0.014379861147502886,0.05527974809219339
6571,0.17250211487524272,-0.008230460952652648,-0.2665460429264634,0.008230460952652648,0.06637392463309408
6572,0.17578544581104005,-0.033864163312656036,-0.2893361486839471,0.033864163312656036,0.04346443855924081
6573,0.17066038205797793,-0.06625059289392267,-0.28253849183417246,0.06625059289392267,0.020247928478220534
6574,0.17889913574606703,-0.05802628632932572,-0.3149567218268877,0.05802628632932572,0.0217871665718054
6575,0.16537638689568004,-0.06014640650683457,-0.3033111900043911,0.06014640650683457,0.019707613628731507
6576,0.16970350482039806,-0.05921440160111937,-0.3366237306467337,0.05921440160111937,0.015760901258804343
6577,0.17426556487963688,-0.06141761039978324,-0.32225043194614883,0.06141761039978324,0.01699945730666066
6578,0.15270867516385261,-0.022110165332784554,-0.21977986444237704,0.022110165332784554,0.055250877529141436
6579,0.17753821462975336,0.07489261533751106,-0.3331989104002462,-0.07489261533751106,0.13074843572868186
6580,0.17506968256941519,0.06649777108264454,-0.3336511192220161,-0.06649777108264454,0.12067375330613374
6581,0.16618217041734704,0.007688137465548503,-0.3222959241969217,-0.007688137465548503,0.07668565957243932
6582,0.1664861471679831,0.025401195027214083,-0.3234619716923616,-0.025401195027214083,0.09184186326526488
6583,0.1801664504813928,0.03061415937482836,-0.34208635248139596,-0.03061415937482836,0.09580306136674618
6584,0.18541467825783386,0.040382053911877346,-0.3345256550817725,-0.040382053911877346,0.10345680846876153
6585,0.17905417037982363,0.026015454998106056,-0.3110306042899678,-0.026015454998106056,0.09714659974414393
6586,0.17275256525009267,0.035899985602436735,-0.2493703440870769,-0.035899985602436735,0.10986418438076558
6587,0.1666306383210363,0.012856277345187562,-0.27437319006837535,-0.012856277345187562,0.08858903089485616
6588,0.17403358534099286,0.024198967684531638,-0.27339919455756223,-0.024198967684531638,0.09602353894144894
6589,0.17889790547978118,0.01940682663008018,-0.32069699433026555,-0.01940682663008018,0.08684299066724555
6590,0.17824763423780102,0.010819362937242906,-0.3283361753637138,-0.010819362937242906,0.07989011661006735
6591,0.17473068508301698,-0.0028344283680354705,-0.3402976491251521,0.0028344283680354705,0.0665662644765252
6592,0.180553084211131,-0.005608551414751076,-0.3396824068510521,0.005608551414751076,0.0641443976941777
6593,0.19705148492597416,0.005830803765411461,-0.2558110813331321,-0.005830803765411461,0.08547463595316915
6594,0.20379860072224631,0.01950504025659094,-0.2591524722717361,-0.01950504025659094,0.0933876590628953
6595,0.1700971686333305,-0.06764908710350352,-0.33452843481639555,0.06764908710350352,0.003028735282538652
6596,0.18335848033823257,0.018382632000757685,-0.3253655286784493,-0.018382632000757685,0.08040407191658228
6597,0.18442117715191264,-0.0029554701681575386,-0.32320240751468293,0.0029554701681575386,0.06897166581990533
6598,0.19131455138711304,0.039073442806704474,-0.32133167981915656,-0.039073442806704474,0.10189393364595
6599,0.1914674678421945,0.07306428541701716,-0.3134100151039012,-0.07306428541701716,0.12360011352302239
6600,0.19018385476918662,0.08642324904497728,-0.31743979997100674,-0.08642324904497728,0.13318755807701302
6601,0.1937722024318178,0.0844722002655466,-0.3172532582055463,-0.0844722002655466,0.1311071943337701
6602,0.1995698115717996,0.06335872746799619,-0.32553698580606166,-0.06335872746799619,0.11669674907595162
6603,0.164560101099814,-0.005795578585886622,-0.29046012939365257,0.005795578585886622,0.06808756442132428
6604,0.16865509673427093,-0.03393598892486136,-0.29904536728210446,0.03393598892486136,0.04445406801513372
6605,0.16702820788316958,-0.06826607824112427,-0.29371752894051195,0.06826607824112427,0.017932969162042928
6606,0.17025024719198903,-0.05745657314431608,-0.3042368488549115,0.05745657314431608,0.025453991121242393
6607,0.17179617300555433,-0.10327361468537342,-0.3157354985400378,0.10327361468537342,-0.01673396690544576
6608,0.1659454709545306,-0.11172197438169335,-0.30878755375410905,0.11172197438169335,-0.020766224353786118
6609,0.17025939159244063,-0.07595329373181732,-0.3136627702775321,0.07595329373181732,0.0046669872889292495
6610,0.1257896091232664,-0.07028523385730544,-0.1385527234259825,0.07028523385730544,0.025390463516691338
6611,0.1570093562352587,-0.03271355153823064,-0.2679976319114497,0.03271355153823064,0.04318282668096927
6612,0.18822577492153436,0.022137018864662857,-0.34959356531599417,-0.022137018864662857,0.08873215544858017
6613,0.19185666562189796,0.020442013015960655,-0.33044204054362303,-0.020442013015960655,0.09049480687451636
6614,0.1753180471700508,-0.01857854356514543,-0.32972729949096186,0.01857854356514543,0.056996132662698665
6615,0.18593407012241459,0.022008557974253305,-0.31799682276511854,-0.022008557974253305,0.09403415719525668
6616,0.18289157996380842,-0.0004782488413628392,-0.32186422542678206,0.0004782488413628392,0.07479487388621901
6617,0.1720955279843531,0.0326331700275832,-0.26556230428537514,-0.0326331700275832,0.10265262730255188
6618,0.1713301001444027,0.030915948388963804,-0.2585761151306119,-0.030915948388963804,0.10284796052856297
6619,0.1634209498384863,0.005440321273584288,-0.2805693501694202,-0.005440321273584288,0.08193338040812984
6620,0.1679639695794849,0.03803375688925668,-0.24466692688923677,-0.03803375688925668,0.10831766689160399
6621,0.17501940751951023,0.030946501841792713,-0.2762987784431018,-0.030946501841792713,0.10032855829814201
6622,0.16468660253900225,-0.020497531494098865,-0.29763641133132546,0.020497531494098865,0.05763004003781043
6623,0.17506940864650128,0.016122143237902762,-0.3160456626555582,-0.016122143237902762,0.08599801750600966
6624,0.21132429089098792,0.0427546469729923,-0.27609900197149584,-0.0427546469729923,0.1064955139748895
6625,0.20118543947785777,0.005564841217071283,-0.259484647638574,-0.005564841217071283,0.08113769525072163
6626,0.19831449192522238,0.020755146538099883,-0.22051194661879203,-0.020755146538099883,0.09771258692240771
6627,0.14858306432482457,-0.0777322840270641,-0.3270895156735904,0.0777322840270641,-0.00419970194753637
6628,0.16958891085777855,0.01108963727320376,-0.32620471048927724,-0.01108963727320376,0.07676941600485941
6629,0.17647115869741326,0.022711279728278685,-0.27134727468367537,-0.022711279728278685,0.09082253355946271
6630,0.17957753789674571,0.02464941191381871,-0.31154771493482325,-0.02464941191381871,0.0874248318044787
6631,0.18654077060000884,0.058125368559757966,-0.31199521833208427,-0.058125368559757966,0.11186231013807275
6632,0.1893000902356409,0.08231932602804919,-0.3191228370437967,-0.08231932602804919,0.130427841062275
6633,0.19299918566160315,0.04949729558740644,-0.319055071202029,-0.04949729558740644,0.10748070438384286
6634,0.1665178028696691,-0.05600391606271073,-0.3033233986462887,0.05600391606271073,0.024869872675810666
6635,0.1651487564560007,-0.06768613447402164,-0.3015241697042961,0.06768613447402164,0.018630673099197463
6636,0.16988140715213182,-0.10408221209426066,-0.29532427714327414,0.10408221209426066,-0.013002090336349394
6637,0.16800391429129297,-0.07085438821214778,-0.2931724593888899,0.07085438821214778,0.017252033172995306
6638,0.16862779620370297,-0.08095750898087449,-0.31705277695821593,0.08095750898087449,0.003991573099976812
6639,0.16054451241564188,-0.07135772104323582,-0.3005830019866313,0.07135772104323582,0.012994527784222916
6640,0.1610285184692772,-0.1031782821383491,-0.30555283060221355,0.1031782821383491,-0.015063270277207432
6641,0.14074027387705448,-0.030331673939532455,-0.15533157058929944,0.030331673939532455,0.053041959356645234
6642,0.17170336384034574,-0.00606429811583085,-0.3136989320457032,0.00606429811583085,0.060393765154888444
6643,0.1976105876999067,0.05060884922955984,-0.33561452050815266,-0.05060884922955984,0.11381268558008444
6644,0.20498257144442783,0.04766639658384707,-0.33402140131832153,-0.04766639658384707,0.11353717368247998
6645,0.20596886236094164,0.0783424408733404,-0.33199544749061904,-0.0783424408733404,0.135286107461286
6646,0.18617809995857443,0.06378477059216653,-0.33033460206004983,-0.06378477059216653,0.12313306912486771
6647,0.1840450564670308,0.06194149974019227,-0.3373700025921674,-0.06194149974019227,0.11636838120422441
6648,0.1775836449032786,0.03931696824772099,-0.32577422908114795,-0.03931696824772099,0.10059620611704671
6649,0.16775873181903886,-0.0014998228627612173,-0.3103764238402404,0.0014998228627612173,0.07403858542816259
6650,0.17358545134722095,0.027953868364630596,-0.25696815442513365,-0.027953868364630596,0.10280828366597551
6651,0.17360931260571785,0.041209803421383834,-0.24505459779254227,-0.041209803421383834,0.11004414305716553
6652,0.17279311344316037,0.012515926562662196,-0.27079724735322563,-0.012515926562662196,0.08599331360024744
6653,0.16114318436197014,-0.031154140399558095,-0.29883696634110585,0.031154140399558095,0.049934994701252164
6654,0.16787835411556218,-0.009370136776164096,-0.30840963993101084,0.009370136776164096,0.06562450235906725
6655,0.181780625628485,0.012566231065477978,-0.28833084135686515,-0.012566231065477978,0.0846573115345779
6656,0.18151695856396122,-0.028867371454277136,-0.2844156394798753,0.028867371454277136,0.05141505359150326
6657,0.1571846872866119,-0.06382241862354984,-0.32844961312612164,0.06382241862354984,0.013572012620567498
6658,0.1523693278540543,-0.07538723831187819,-0.32222722367156875,0.07538723831187819,0.0015363805564406472
6659,0.1722364443065073,0.00741115694542733,-0.2960668769171076,-0.00741115694542733,0.07478276590715964
6660,0.18319554934017462,0.019348277564347385,-0.29492986351238815,-0.019348277564347385,0.08604867157819746
6661,0.18142230600129658,0.009243700312893,-0.3297667082142905,-0.009243700312893,0.07288116959273845
6662,0.19652793173178046,0.0473884789977876,-0.3247978588291866,-0.0473884789977876,0.10335059032713682
6663,0.1717988099338085,-0.0028745578493803896,-0.2851709516862298,0.0028745578493803896,0.07036562472394145
6664,0.16733726098537868,-0.03464722912456911,-0.2993553617206506,0.03464722912456911,0.04348523405872967
6665,0.16426854358311563,-0.043845381029555014,-0.29327584055759315,0.043845381029555014,0.038731883488923556
6666,0.17105168140999838,-0.0673332717764055,-0.2965858003046989,0.0673332717764055,0.017179598198573818
6667,0.16481661419593435,-0.0937889070560596,-0.29933078467874613,0.0937889070560596,-0.0044207626482876535
6668,0.17090373738300776,-0.057020202034336526,-0.3170709128791718,0.057020202034336526,0.02183344174569494
6669,0.1664101190073174,-0.08973320332258294,-0.32209083776189784,0.08973320332258294,-0.008600422371939169
6670,0.1492089948455172,-0.08083743881411169,-0.23855730910387768,0.08083743881411169,0.011469644686416175
6671,0.22149126435379,0.086733911283062,-0.31826686674162236,-0.086733911283062,0.1432473821258584
6672,0.21138731341524128,0.09203905599277758,-0.32766535173865213,-0.09203905599277758,0.1461472503948217
6673,0.20521837958565167,0.09377683222313027,-0.3327887549413203,-0.09377683222313027,0.14564487832182135
6674,0.18311737652343896,0.07208624829519165,-0.32990111044188325,-0.07208624829519165,0.1258930307626202
6675,0.1817230205060492,0.07258630563682461,-0.3338789788569347,-0.07258630563682461,0.12360087018175664
6676,0.18669894739268222,0.05140022997035266,-0.3265889431232042,-0.05140022997035266,0.11375315880003843
6677,0.18105819351580701,0.02795608136087374,-0.271944107095195,-0.02795608136087374,0.09809368480772372
6678,0.1845416965103477,0.032946618518982576,-0.275430594003351,-0.032946618518982576,0.1028945477066538
6679,0.18044594251468685,0.02409368650907841,-0.318421169445871,-0.02409368650907841,0.08839922625398945
6680,0.17175914451809687,-0.013361961712602698,-0.33037071910729,0.013361961712602698,0.05780583322018679
6681,0.18285460178380608,0.015748714530305172,-0.32906680724989446,-0.015748714530305172,0.0831097010494556
6682,0.18926153098611434,0.038094240009991766,-0.3270274176188601,-0.038094240009991766,0.10043904770176577
6683,0.19082115132926275,0.0713099926726919,-0.3300941343081027,-0.0713099926726919,0.12477846135262277
6684,0.18526946943825692,0.0530301673397979,-0.31452340174706095,-0.0530301673397979,0.11111932221832185
6685,0.18866889578859125,0.03283675286705744,-0.2948496467624441,-0.03283675286705744,0.09616898031149204
6686,0.18624453406617464,0.0031837135195974158,-0.321062341349081,-0.0031837135195974158,0.072742269519419
6687,0.21994224243662966,0.09699825341040272,-0.32862588506086043,-0.09699825341040272,0.14910582749423545
6688,0.21620847045950456,0.09608722657058723,-0.32778696263774154,-0.09608722657058723,0.14987983918725795
6689,0.20837960892374693,0.09898079196586382,-0.33716416098918955,-0.09898079196586382,0.1505244445978073
6690,0.19835298993751319,0.09378902631435453,-0.3312997313484192,-0.09378902631435453,0.14402270546922993
6691,0.18566448691963433,0.06993588154401789,-0.34010397801926495,-0.06993588154401789,0.12252019996233844
6692,0.17923915880269187,0.03306556406767364,-0.34209353507348256,-0.03306556406767364,0.09683425574540379
6693,0.18858460385133288,0.030810941096004532,-0.32242717798101844,-0.030810941096004532,0.09439627322567128
6694,0.19450628980303053,0.04020705487540302,-0.3438625604087417,-0.04020705487540302,0.10174981888594702
6695,0.1888187464484601,0.03452526999038648,-0.34189088443155985,-0.03452526999038648,0.09469983064810401
6696,0.1630635771671304,-0.02560065193450368,-0.327373513039793,0.02560065193450368,0.04951287638518825
6697,0.1798753255068394,0.0387661761413269,-0.3330739082567196,-0.0387661761413269,0.09981784438897003
6698,0.18897561468188367,0.058706782993501405,-0.3366673579499736,-0.058706782993501405,0.11594008222558694
6699,0.18525365948884467,0.0592488926364599,-0.3314209097094448,-0.0592488926364599,0.11309136146549467
6700,0.19700601599811302,0.048293536612826635,-0.32342196583724225,-0.048293536612826635,0.10867799949952467
6701,0.19581286563400124,0.0801030266275347,-0.3271965045034505,-0.0801030266275347,0.12989287283876666
6702,0.18901944700597204,0.029779700202506008,-0.3329168587393548,-0.029779700202506008,0.09235571473708892
6703,0.18850883189795148,0.0397513400000953,-0.3383902953675242,-0.0397513400000953,0.09990710684825846
6704,0.1781279747564245,0.036130900468769364,-0.3308228556260579,-0.036130900468769364,0.09775358063115337
6705,0.1898255593537504,0.05535746199745072,-0.32189014772618524,-0.05535746199745072,0.11162070637550864
6706,0.19348313660192387,0.05902416640500451,-0.3318379767640845,-0.05902416640500451,0.11374269593611969
6707,0.18414051534268977,0.03217074360002262,-0.3150350139122459,-0.03217074360002262,0.09815099484201693
6708,0.1888460949674499,0.07035022497953076,-0.3228277633614899,-0.07035022497953076,0.12476055317897959
