cell_id,lst,ndvi,building_density,road_density
0,45.46600100953621,0.1350493485208098,0.0044881665183445,0.0121887792523063
1,45.53524399886566,0.1247157864667358,0.0,0.0
2,45.35942861636098,0.1337597149231732,0.0,0.0
3,45.69862502909655,0.1329272893861723,0.0,0.0
4,48.00502663844425,0.1276495918306169,0.0,0.0
5,48.65616238729326,0.1106112891724373,0.0,0.0
6,47.51846016806434,0.1214574759043325,0.0,0.0045437193672972
7,46.20989627789219,0.1154837275912265,0.0,0.0
8,43.892520210454414,0.1203048684126483,0.0,0.0
9,44.86566204194414,0.1311322073762321,0.0,0.0
10,45.98553284659338,0.1307907873587175,0.0,0.0
11,45.74718014079927,0.132092079938399,0.0,0.0
12,46.70616161833703,0.1204358562818859,0.0,0.0
13,48.40762668797678,0.1161190037510174,0.0,0.0002707932656971
14,46.02796575963088,0.1269475405696417,0.0,0.0059812004106688
15,46.87297917789477,0.1163203430636592,0.0,0.0
16,47.47828292823903,0.1151447129779442,0.0,0.0
17,47.58106311290083,0.1193114999641459,0.0,0.0
18,46.230103231988736,0.1320966644797946,0.0,0.0
19,44.8539651353284,0.137706715469856,0.0,0.0
20,41.74595005890183,0.1872609283376483,0.0,0.0
21,45.05318434635037,0.125747559906643,0.0,0.0
22,46.05983901596353,0.1277674242734185,0.0,0.0
23,45.749815682722414,0.1263941585863125,0.0,0.0
24,45.426456953718166,0.1362490445172813,0.0,0.0
25,45.9294734437604,0.1377243400299668,0.0,0.0
26,46.14176253360577,0.1312212800825164,0.0,0.0035425995862641
27,47.31620848517981,0.1294665715286155,0.0001725696349878,0.0017877754411565
28,46.81979447004046,0.1321302864295668,0.0,0.0
29,47.953593699096174,0.1197728191801446,0.0009685101334066,0.0
30,47.896607312791815,0.1121876684863158,0.0005276086468136,0.0
31,46.46778777430471,0.1163579149254925,0.0,0.0
32,45.866168789249,0.1448508246476278,0.0,0.0
33,43.46132991082273,0.1698170925024223,0.0,0.0
34,45.16384518865434,0.1434553361950774,0.0,0.0
35,45.79703639594222,0.123907828454536,0.0,0.0
36,44.55541655399207,0.1481353617056782,0.0,0.0014419329934335
37,44.83328673604164,0.140922751814483,0.0,0.0002205962315601
38,45.233708838961135,0.1537296049403061,0.0,0.0
39,45.43477329205035,0.1388017188931842,0.0,0.0
40,45.87228815770909,0.1400787798705682,0.0076174081648407,0.0148504753218187
41,47.18164356880585,0.1332556615796412,0.0106202382133862,0.0143341575697776
42,46.9857498096522,0.1377837462536932,0.0028011281580857,0.0028826400206139
43,45.88352078848596,0.1703736221388113,0.0038351739480448,0.0094735407019628
44,46.74766206078847,0.1487221477978356,0.0004925856555342,0.0027618101071563
45,46.16447244234749,0.1130291505470637,0.0,0.0
46,45.06328660225663,0.1321402398717969,0.0,0.0
47,45.09192626948546,0.123415493791917,0.0,0.0
48,45.293574736949004,0.1526187236633514,0.0012457150289857,0.0036374924007754
49,45.26691279088907,0.1533905548754343,0.0,0.0
50,43.94513246337501,0.1636083916973818,0.0,0.0
51,44.85641089571103,0.165916497700376,0.0,0.0099031953900358
52,46.016988909757096,0.1280940619841567,0.0,0.0013761243361812
53,44.41681025967462,0.1741590470005347,0.0,0.0081870478145805
54,44.611914093335926,0.1639109062258964,0.0,0.0066549144105637
55,44.2843602898817,0.1666696359190887,0.0,0.0
56,45.049627166900194,0.1694687462063486,0.0,0.0051817208437918
57,45.651306449781536,0.1508088776908844,0.0121975291164252,0.0177541399585813
58,46.60088666459065,0.1343125662869464,0.0072304363627747,0.0195129728886193
59,46.89010550915162,0.1655238454233493,0.0023669013853637,0.0120180334818701
60,45.79885190656787,0.178607213373912,0.0064795479493344,0.0085727768174104
61,47.35968084720317,0.1533873336046542,0.0067605543161639,0.0023735097956689
62,46.5561703432957,0.1371315659930495,0.0,0.0
63,45.53712194582397,0.1380200735135426,0.0,0.0053601328582599
64,46.54213864268938,0.1367364616535719,0.0,0.0042749204273156
65,46.30718008097555,0.1254656741306666,0.0162853750720909,0.0308740611708507
66,44.397104632785776,0.1468723733166723,0.0,0.015822376276916
67,42.75914349895895,0.1943582545288895,0.0,0.0
68,45.14525112245915,0.1610816261726088,0.0,0.0
69,42.81397949238942,0.200762654601819,0.0009997575882817,0.0046732755330867
70,43.00177068460268,0.1941927140466036,0.0,0.0053527803773489
71,44.69154258482424,0.1699769554465889,0.0,0.0095578380287263
72,43.0809129885288,0.1927402491080987,0.0,0.0090172075751761
73,43.79574472001456,0.1397800125361703,0.0,0.0271479378919232
74,43.75818567845173,0.1553515798072715,0.0,0.0167580421562621
75,44.891628700818565,0.1707981883854134,0.0,0.008483379973308
76,46.25922513522912,0.1609534521090353,0.0,0.0129572056918849
77,45.65053159147655,0.1343822063432274,0.0083503763111525,0.0239988780803769
78,46.176748712942526,0.1646419993460406,0.0006473599173265,0.0165601646299825
79,45.80446668389484,0.1668365117452265,0.0042189161724743,0.0018308234265633
80,46.76957461331431,0.170741364304386,0.0125001171947764,0.0088529887346537
81,48.447062395567016,0.1421435179468654,0.0057742982765375,0.0058583231718547
82,47.943481205959806,0.1313305215790691,0.0,2.54572495956657e-05
83,47.66195140311875,0.1413905095969312,0.0,0.0
84,46.086100974018855,0.1025449524194808,0.0003336038985144,0.0479805807403862
85,45.12936953752256,0.0992333494445307,0.0,0.0418842064668248
86,44.32286165056976,0.1513408096552938,0.0,0.0064256084339475
87,44.77350640305219,0.1479370968772477,0.0,0.0
88,45.319610440933886,0.1454797050551509,0.0,0.0
89,44.34739289394084,0.1001238339107166,0.2232676742213214,0.0442055907618503
90,42.81287605251451,0.1784035058807652,0.0289950866225287,0.0137115199002046
91,42.46011304181457,0.1949587786604932,0.0105913784242477,0.0110242772465984
92,43.17270785025203,0.1888314750454933,0.0020907017232556,0.0084582553078
93,40.74189271000203,0.2181912905976371,0.0,0.0040114289588467
94,41.925097374997605,0.2088248340667021,0.0,0.0095501531132729
95,43.2351707914412,0.1856223243227552,0.0,0.0182226213376257
96,44.62737200529857,0.1214342545774701,0.0,0.0316968240889328
97,45.670978083487455,0.1405410061554823,0.0,0.0114006756488322
98,44.74375745080894,0.1631748319271945,0.0,0.0027862167706237
99,44.16103904257193,0.1786227094018455,0.0079962245645225,0.014697830451034
100,45.00967072732654,0.1617914871852961,0.0056731247912443,0.0103703062506114
101,45.90492059327309,0.1530708599214006,0.0745554075415619,0.0059583193405461
102,46.69591362112049,0.1495019928022702,0.0761756467873027,0.0052086761107281
103,48.28951139635171,0.1483701689816242,0.0046531511806635,0.0059206583973177
104,49.76886189120072,0.137612345350786,0.0,0.0036595217000437
105,48.09378741963754,0.135125468271634,0.0,0.0015941657012681
106,47.46418384709302,0.1370932814383805,0.0,0.0
107,46.2132206860353,0.155850151154878,0.0,0.0
108,45.99119107707389,0.1400278371889039,0.0,0.0
109,45.752842547864255,0.1453257829386899,0.0001777411543941,0.0
110,43.426246222833775,0.1432237294844833,0.0,0.0
111,45.82771262547656,0.1283537438058837,0.0,0.0
112,47.1105558328601,0.161822904066092,0.0,0.0147563202102394
113,44.925519810516384,0.1951558984520325,0.0004298278759576,0.0271527212099354
114,43.24473619625753,0.2066619171800302,0.0054418455005285,0.0156839979236742
115,44.38213364077093,0.1452446187244664,0.075518417648514,0.0302481776181137
116,42.535706903833606,0.1890301521267567,0.0275702318984795,0.0135856861959184
117,45.04190798606726,0.1763129641946939,0.0086236594236261,0.0011161073527176
118,44.66459694866088,0.176841527107519,0.0,0.0047768308766285
119,44.63914903814699,0.1840927369832212,0.0,0.0
120,42.351847093714206,0.1988526529296048,0.0,0.0186900527539
121,42.60297853821272,0.1863246417825526,0.0068884194056437,0.0158820211088985
122,44.78910333590765,0.1690278805088464,0.0058597287958102,0.0087043886663906
123,44.849394839137794,0.1496027537225402,0.0083360592244899,0.0081198814767262
124,46.66830231882867,0.1370525123152243,0.0147861681744168,0.0004198365496051
125,45.42723914212083,0.1640093607586441,0.0041301415745883,0.0142642777425446
126,45.017506184577925,0.1670066495896888,0.0037047960224675,0.009320762299152
127,47.92035028449192,0.1094797660508418,0.4464235060548112,0.0
128,48.5314404515313,0.1333893131539008,0.3111371653744286,0.0029928741547203
129,47.05406964033374,0.1569291497114395,0.0059943931119898,0.0136519411041459
130,46.87474038338628,0.1939824500965649,0.0,0.0080779806729114
131,47.29928528693772,0.1630720812091103,0.0,0.0032043702193972
132,47.5894959817716,0.1360257870853858,0.0,0.002837398913919
133,46.30829664118277,0.1411879606851801,0.0,0.0
134,44.46677561869832,0.1376880024773779,0.0,0.0
135,44.501459184808674,0.1435246881918851,0.0002517347934272,0.0
136,43.19603001825004,0.1369559316362663,0.0001525419152454,0.0
137,43.69026461701991,0.1408308653763512,0.0001274621464833,0.0
138,46.58947144021936,0.1292120948998572,0.0,0.0077275999638135
139,45.84709892796229,0.1585822355529061,0.0,0.0169153165017587
140,44.0383746625051,0.1710330933544734,0.0,0.0301303699825459
141,45.17088111052448,0.1571323020628902,0.0017739112259636,0.0244113527281381
142,44.48059441341591,0.1771715479190135,0.0,0.0003201322967392
143,46.2062141603509,0.1408474939076924,0.0,0.0
144,45.853707205079466,0.1546064829398299,0.0,0.0070375126812015
145,43.54297548141584,0.2060536889519238,0.0,0.0020814109799792
146,42.4177320222726,0.2191727373289169,0.0,0.0128416574489324
147,42.5597506624976,0.2021530235400321,0.0091121938610676,0.0159237861441541
148,45.23546703240434,0.1620411908429532,0.0200624632049693,0.0066560725665849
149,44.07596116505286,0.1695654404570058,0.0201364079333609,0.0146794645428286
150,45.54110809947172,0.1351460239411135,0.0556548430891617,0.0197881488149669
151,44.93483274613731,0.1605823197265455,0.0303812445136978,0.0151084448322195
152,45.2599441440477,0.1550917116215886,0.0,0.0213146137320769
153,45.47911668947096,0.1656861140644857,0.0,0.0088918126327861
154,47.60837281640764,0.1368006503560997,0.0,0.0037575595224539
155,47.84215655237263,0.1476990561021935,0.0,0.0082724181980619
156,48.08374100398111,0.1791080716166157,0.0,0.008039304208661
157,47.38544445926945,0.1663395443481786,0.0,0.0041266519930218
158,47.37040875308321,0.1566889228627884,0.0,0.0012696693696458
159,47.4785395860256,0.143648827541074,0.0,0.0010479691521147
160,45.334712928941286,0.1286451608773419,0.0,0.0
161,44.24820911023689,0.1288524676204188,0.0,0.0
162,43.04726363342162,0.1308391033458242,0.0,0.0
163,43.164639651353255,0.1331234890566294,0.0006396658219696,0.0
164,48.12415651264352,0.099330113933895,0.0,0.0
165,44.76043446068909,0.1375896114461805,0.0,0.0
166,41.33766392975221,0.1936114948510136,0.0,0.0
167,45.56280555429255,0.1439714991692352,0.0,0.009336638745039
168,45.40100268299901,0.136050785934894,0.0059843045103336,0.0225665724824005
169,46.308359604441264,0.1341204146270572,0.0021110843118998,0.0088422961048474
170,46.115182916677306,0.1280145093645608,0.0,0.0
171,47.51001474321141,0.1325176255372845,0.0,0.0016806753147184
172,46.80428486521063,0.1715105339076885,0.0,0.0086316279252101
173,41.97907111660509,0.2190600253956399,0.0,0.0132032679956687
174,41.51814502296214,0.2316641186614241,0.0,0.0080226344793367
175,43.3918256776922,0.1903820958182848,0.027279372624256,0.0140726849670703
176,45.81254388141314,0.1262464028695257,0.0002123976283174,0.017732629713143
177,44.87804133357989,0.1431554379985471,0.0035390396498757,0.0130227932312127
178,45.15839632690276,0.1441059340548917,0.008731227955868,0.0192219082048582
179,45.76246596085915,0.1606526293560597,0.0,0.0221696147383368
180,44.91969549886118,0.1947269808569519,0.0,0.0122732793411993
181,44.84183499412676,0.1890084662485344,0.0,0.0093629186623175
182,44.9882653755451,0.1925724982997284,0.0,0.0066307665467398
183,47.750534716281486,0.1765748160078045,0.0,0.0090475673701215
184,48.07493392002682,0.1589804896559253,0.0,0.0064251471963671
185,47.34371614402319,0.1487612972470215,0.0,0.0050023808434405
186,46.7020108248328,0.1252629910790402,0.0,0.0
187,45.13964984707349,0.1364008066606393,0.0,0.0
188,43.194662991035926,0.1328181395308947,0.0,0.0
189,43.754631148477344,0.1328352626184893,0.0,0.0
190,43.888191884344906,0.1261898360630408,0.0,0.0
191,47.52247310558617,0.1015105118371807,0.0,0.0
192,45.99495842974994,0.1131024603233846,0.0,0.0
193,42.18577080673915,0.1728933982641174,0.0,0.0
194,44.59391827328314,0.1598967377046577,0.0,0.0008661844638859
195,46.229723532092216,0.1274134974696015,0.0,0.0251681590058519
196,45.761997388220266,0.1502033872563291,0.0145492720313565,0.0091267993342015
197,45.58770960484968,0.1557795025520947,0.0030161383149307,0.0053166655578926
198,47.45784345035121,0.1415979218177885,0.0,0.0074391592575618
199,48.93749831089302,0.133638004570673,0.0,0.0202904652687489
200,44.33018338550058,0.1840032512495061,0.0086074770180618,0.0119557216151596
201,40.89978942873547,0.2494118530468939,0.0019282442377565,0.0152634847583915
202,41.33691361455849,0.2295744760882594,0.0243156655151331,0.0225212581285191
203,43.89542526645081,0.1006382129197273,0.039276914515595,0.0320286041482741
204,44.388755520327095,0.0907478333515915,0.0148812407310939,0.0329061401319621
205,45.12723442791562,0.1039057268472714,0.0059957586080834,0.0368628909586045
206,46.15274987385696,0.1455300655333349,0.0,0.028639367345113
207,45.10228154914713,0.1814467135171724,0.0007575298539078,0.0141155231370498
208,45.589057252431125,0.1752014183376794,0.0,0.0098405875797883
209,45.47916294501885,0.1779195045109937,0.0,0.0082745156929677
210,47.75550746575223,0.1599770616084062,0.0,0.0028940237578537
211,48.61521562290892,0.1458631959501211,0.0,0.0
212,48.41891222791829,0.1411039156527639,0.0,0.0
213,47.03999272885154,0.1419880031919265,0.0,0.0
214,46.06332503493731,0.1471737787031266,0.0,0.0
215,45.94601586919239,0.1083784295475355,0.0,0.0
216,46.18198462205075,0.1068742639725047,0.0,0.0
217,43.72722644291333,0.1422402638143032,0.0,0.0
218,45.02687583195459,0.1431319064435972,0.0,0.0
219,45.5288741931911,0.1519416059115856,0.0033576460131122,0.0097287557476221
220,45.83998667073869,0.1467994683195059,0.0204771956340434,0.0181544003468714
221,45.03115482866144,0.1391595053714233,0.0400680930195638,0.0156434624199809
222,47.07717593041267,0.1421294264267607,0.0111193251737533,0.0156154365886839
223,46.87826717120186,0.1544586460525602,0.0201294442681148,0.0228802621173049
224,44.40205412561415,0.1783082425232148,0.0529881915503241,0.0099809652321199
225,42.051481618094336,0.2139285494248764,0.0197316566578465,0.0185317805696597
226,42.66329790022868,0.1893437392667775,0.0808811556468718,0.0253296452065252
227,45.50561422410217,0.123660678403253,0.0580711066006194,0.022357637039416
228,44.89161044374556,0.1446905447440492,0.0540074010730498,0.0204692245005499
229,44.36591228670196,0.1526470555526577,0.0524511322003114,0.0209157793436284
230,45.88003150504099,0.1629636114265772,0.0261348858560873,0.0152821981905152
231,45.41370035796184,0.1876567540732277,0.0462737223781593,0.0091803032899255
232,46.41706135829302,0.1703280696909973,0.026185930424976,0.0034187187955951
233,46.0308474908547,0.1586262368223201,0.0017600429803733,0.0
234,46.0391045121074,0.1556839554966176,0.0,0.0
235,48.13846057247783,0.139623100918193,0.0,0.0
236,46.87837268308506,0.1414587607005036,0.0,0.0
237,45.572331725263226,0.1303335913593219,0.0,0.0
238,45.41942987654216,0.132571053396713,0.0004125886199247,0.0
239,46.55127885105816,0.0993193886581502,0.0,0.0
240,45.54906618956631,0.110225672819892,0.0,0.0014246819718323
241,43.91827584480169,0.136780063017066,0.0005489864619261,0.0123325556072055
242,43.54147844721693,0.1274650355660622,0.0078271313629661,0.0344827334292514
243,44.335646864359546,0.1457155226994977,0.0013845633748116,0.0122402378258035
244,45.74564456029627,0.1483645206149399,0.0114110176372928,0.0079341528611843
245,46.139395313598754,0.1365069873829774,0.0311538382685474,0.0115621390068276
246,43.934183544060005,0.1053181404388225,0.1286087116775977,0.0357047187038131
247,44.54129471291559,0.1119736860118827,0.1248085651985203,0.0262490654275977
248,44.523832070124186,0.1512200887372956,0.078478766659241,0.0158205032295609
249,40.99144003837469,0.2207232477104369,0.0466102703546161,0.0200876139339831
250,40.66510101818234,0.2282945528703546,0.0680622284948534,0.0089963359847904
251,40.78512606796028,0.2254957894923507,0.0525391593692455,0.0025542496909518
252,45.70395311828707,0.1354212066977436,0.059380155712043,0.0089767857033285
253,45.46682213486849,0.1236953000958795,0.1128038760967259,0.0211942707398642
254,44.39964423888723,0.1645495146650419,0.047690045452437,0.0149560539266481
255,44.968148794352274,0.1791320213649797,0.0452824343131954,0.0053741410891994
256,44.070315396085874,0.1895773678148662,0.0662397998353445,0.0143712803287928
257,44.45924175850108,0.1860473358709255,0.0548071590267657,0.0154059342325257
258,46.13531247181666,0.1682226127468288,0.0165379329452039,0.0097199686618662
259,45.08912092924606,0.1715744864797241,0.0,0.0046418264135341
260,48.0455304924454,0.1448652903058787,0.0,0.0
261,46.74044085106844,0.1370782266729671,0.0,0.0
262,45.33027465625845,0.1245006056094485,0.0,0.0
263,45.3360851193702,0.1497747540158595,0.0,0.0
264,46.687160382988495,0.0956568119414681,0.0,0.0
265,46.19283035893812,0.1205512238564498,0.0120422330924061,0.0040667282422896
266,44.857428617174925,0.1038162541376877,0.0412581525283703,0.0411059563852392
267,43.47091570512758,0.1049739408303326,0.1179256967801466,0.0529152876503027
268,44.22631603889932,0.0886403569075591,0.0798392139124062,0.0625157642209267
269,44.90450667842017,0.1095551078218182,0.0454502121343847,0.0472264242644651
270,44.04047920302977,0.1642487837405446,0.0279979309979935,0.0229111215247039
271,44.2560486590101,0.1704239436422976,0.027958985581729,0.0143228891085975
272,42.8773604507749,0.169210207316384,0.1072370705565212,0.0150137802596552
273,44.61151844953081,0.1529227922880591,0.0825693915147844,0.0113209503463754
274,44.2027961163724,0.1750481324121447,0.0618222912479267,0.0132071286140136
275,40.41411362233402,0.2361730412029411,0.0488365493592115,0.0101751779965246
276,42.535923971317686,0.2016565854363857,0.0345086669792258,0.0
277,40.87884957194207,0.2215074629865821,0.026919014601935,0.0
278,41.49453874475782,0.1842720555948638,0.0413107110226977,0.0094959180782536
279,42.49025077072834,0.145411959392629,0.0516031382747859,0.0248623134197745
280,43.47954033814721,0.1718177963917864,0.107592309177913,0.006016856779562
281,44.627782040156895,0.1775020229643171,0.0185087764602202,0.0
282,44.33991013461053,0.1859436664903022,0.0480994334268758,0.0
283,44.55067381622501,0.1736541260642546,0.047258027270993,0.007701419435162
284,46.73977820409898,0.1368150103857638,0.0109805165740928,0.0176271630669464
285,47.04209187243799,0.1514190277200225,0.0,0.0082345442062017
286,48.37556812670756,0.1456867988782598,0.0024951597090665,0.0
287,47.92056116967669,0.1510235837089226,0.0,0.0
288,45.7196525770354,0.130375624976133,0.0,0.0
289,43.99347154305666,0.1232855358828389,0.0,0.0
290,44.17034905472431,0.1382166562784413,0.0,0.0
291,45.17466545588052,0.1169201679388215,0.0,0.0
292,44.66809511959516,0.1417392141326205,0.0304559298623694,0.0046289245068543
293,44.41583238940419,0.1270865290216921,0.0513111676942593,0.0341469847099233
294,43.4718349052644,0.0938225470457837,0.1968162910809249,0.0492754157095813
295,44.23314828670448,0.0972806637872352,0.1652392233221186,0.0491773445783447
296,45.88256965164183,0.1154602271358777,0.0833988588685025,0.0396480379123313
297,45.2753377441103,0.1477463947268754,0.0538293854552293,0.0230174617787066
298,44.17722892663654,0.1667587530289472,0.0293989081594211,0.0158003256860557
299,42.35264929458532,0.1848548360101469,0.0408848195625829,0.0164069000781055
300,41.077014654476784,0.2048794424679628,0.0354454088817252,0.0180851493356759
301,42.45597223604624,0.1855538040858353,0.0326895510014344,0.0134465333333356
302,41.45184119760605,0.2092739035343122,0.0543699541092775,0.0046286047064267
303,40.790882249467664,0.2190623556937176,0.0366409243616777,0.0049065593155588
304,41.46390274089045,0.2056237650703656,0.0711451522316391,0.004096390478222
305,42.698934460354415,0.1937099216319708,0.0120249015744215,0.0096723297734795
306,44.111073878661806,0.1762295533759387,0.007622243231036,0.0043767247061811
307,42.610438198222646,0.1777087931059204,0.0419593175131646,0.0045851445371274
308,41.83509017829668,0.1932126960057265,0.0766158105700934,0.0
309,42.89681163159789,0.1925231903515764,0.0970573755777452,0.0
310,43.33083562412472,0.1999927044760893,0.0565455614867768,0.0
311,46.113767676630815,0.1587646436927769,0.0371020992758143,0.0
312,45.57954744435756,0.1615882294731002,0.0149993884955236,0.0026147468398436
313,46.6832146070111,0.1047295182383534,0.0011199873283424,0.0
314,48.548030799830094,0.1348904968733382,0.0,0.0
315,45.25015063530974,0.1273480133016452,0.0,0.0
316,44.60274804055782,0.1272607110810819,0.0,0.0
317,43.86871982378685,0.138776046810153,0.0,0.0
318,45.705638336157705,0.1387618430112695,0.0,0.0
319,45.03277894571357,0.1331875062878441,0.0002868168384643,0.0024662408807783
320,43.8021196429565,0.1623399567786162,0.0,0.0045757931027014
321,44.11303378554021,0.1553096417713086,0.0456488826672308,0.0110591001334031
322,43.51363408874289,0.1193900298862071,0.221483149071623,0.0278067853122913
323,43.73619862767263,0.15124574890262,0.1771735508474098,0.0212063217366187
324,45.19543369686501,0.1691658572828293,0.0345135335024346,0.0121144712227935
325,45.940239600595376,0.1592250033003979,0.0227290911589394,0.0124784362950723
326,42.71607934865564,0.187845018195718,0.0500732952963214,0.0216293776369632
327,42.40625671525879,0.1823306535483707,0.0442068196987251,0.0239203038082256
328,42.35330425663443,0.1720593246097159,0.0642056723356731,0.0229465954632156
329,40.8883453416826,0.2110639664907464,0.0582034183198934,0.0073681849672922
330,41.45352865076519,0.1986325798143862,0.0634049515791432,0.0
331,40.59929917151703,0.2144573565330805,0.074869622685606,0.0
332,40.19466862994576,0.2162090207968601,0.0661410001980997,0.0
333,41.02320405848649,0.2063811047643367,0.0758745892117202,0.0045386460006777
334,43.78660958193695,0.180807532801857,0.0866078956673592,0.0
335,42.89474667071912,0.1932181191165214,0.0182544118516248,0.0075527200573748
336,42.14832231559582,0.2003161958072231,0.0322594598706982,0.0
337,42.19243837560785,0.1998726644714408,0.0406415193691759,0.0
338,44.070887507243086,0.1903478842784335,0.0333810809747415,0.0019508160087408
339,45.16639690562892,0.1748521500935581,0.0180464013396244,0.0062921270353168
340,45.71920006731547,0.1433785456570216,0.0,0.0043679547381986
341,45.96656204385307,0.1246384631588981,0.0,0.0
342,46.74023883500639,0.12183310816291,0.0,0.0
343,44.47624084331043,0.1225670364554494,0.0,0.0
344,43.83215667948139,0.128666111331101,0.000215018043116,0.0
345,44.56148147750276,0.1415770040734471,0.0,0.0
346,44.76530983981563,0.1253484825358172,0.0,0.0
347,45.761372576173294,0.1258531150115014,0.0,0.0
348,45.70889029089959,0.1134896151264335,0.0001158995156861,0.002764995003583
349,45.86164115270121,0.1226628310035433,0.0002548273089489,0.0
350,45.72085267832002,0.1230863532769928,0.0208304335102835,0.0021903044227824
351,43.60683046645015,0.1561860885354744,0.0676949120936678,0.0107561718991172
352,43.77223332056451,0.1873129723352972,0.0219550725435922,0.0272606142306071
353,43.89623791272846,0.1730341564446959,0.0412411848261491,0.0149222819038189
354,45.00560577451188,0.1577956063146643,0.0088037102446522,0.0075838773390782
355,43.56293237810217,0.1729817807848906,0.0279905710314867,0.0120588278803565
356,41.97061643213325,0.1933447574717025,0.0426901537641882,0.0172027338399796
357,41.238805247118094,0.1958273499274714,0.076008821088525,0.022994576553911
358,41.11153320757863,0.2045230011510646,0.0626659339552166,0.0087139269871641
359,41.760598737287495,0.1974017139884369,0.0586667013428727,0.0
360,41.92969867788328,0.2070863174892415,0.0512909240692528,0.0
361,39.70169631883076,0.2272133825118802,0.0647570790246509,0.0
362,40.9124091434684,0.2013831961831094,0.0672220758708055,0.0037833216761717
363,44.63529999258048,0.1541704481816768,0.0393172146492659,0.0012944579338768
364,43.07991491206754,0.1669226720646857,0.0994442526536912,0.0239774407047946
365,42.51117763741317,0.1798794517941969,0.0352850241100805,0.0115033473951727
366,43.31714286567306,0.1581913584434874,0.0042726485570583,0.0089215669741654
367,43.85930600260638,0.1641214451825794,0.0,0.0029426575077737
368,45.486538735848505,0.1652697043829883,0.0,0.0027544454762167
369,44.93195508993213,0.1444570631693173,0.0,0.0006313633427952
370,46.03604843788524,0.1418033915462426,0.0,0.0
371,46.59731508256044,0.130400599425777,0.0,0.0
372,46.28708488393741,0.1345961830649248,0.0,0.0
373,44.89833150653145,0.1587180585262268,0.0,0.0
374,44.540277889447154,0.1526977698425991,0.0,0.0
375,45.17555380184968,0.1225403718305296,0.0,0.0
376,46.15348673472901,0.1252242568570439,0.0,0.0
377,47.71955927618376,0.1277960478989686,0.0,0.0
378,43.87828928127815,0.1976531235853069,0.0,0.0
379,45.37334546596972,0.1119250685786422,0.0,0.0002444317432842
380,45.43939814671129,0.1376408148368929,0.0704587336668119,0.0211825409436369
381,45.15827496922526,0.1749129076618453,0.0216050561340303,0.0228825303218193
382,43.414663949861385,0.1751126225733189,0.0252529220781348,0.0243804641413088
383,42.87523510140217,0.1686888082783449,7.12603386270717e-05,0.0033953053446627
384,43.74563231092864,0.1664534190561759,0.0063715834717583,0.0038873968167706
385,42.87782910629208,0.1893537367685904,0.0667859402482833,0.0191538547266185
386,41.00742185682701,0.2067083088738078,0.063027879464851,0.016333681531739
387,40.68319069454953,0.2199837013208676,0.0529606109053783,0.0176288757334969
388,41.24174056842679,0.2001835316640656,0.0773189586197118,0.0075385621921854
389,40.773007904546944,0.2215144989179074,0.0436012389323592,0.0
390,40.91549803693403,0.2123140381367254,0.0561834457160696,0.0
391,40.225726819758826,0.2194813891807315,0.0577634757884411,0.0
392,40.01903955444666,0.2153216549006538,0.0702693366425008,0.0005080437102809
393,41.32975643047005,0.1942564113575385,0.0482492686656091,0.003006660179763
394,42.15812137368284,0.1428636700118013,0.0502720500813334,0.028817765704299
395,42.71023154555603,0.1235249162611932,0.0550679236103909,0.0425811833993201
396,42.4748737967658,0.1619387047127921,0.0060385754945905,0.004834304195047
397,45.18369685110128,0.1558392968630885,0.0,0.0
398,44.2290244289981,0.1644170650328007,0.0414984726175427,0.0
399,44.84400501958779,0.1387495965744616,0.0,0.0
400,45.460011605403736,0.1434221854189486,0.0027157996196331,0.0
401,47.27616588164626,0.1568956420510755,0.0052758173778877,0.0003012708848321
402,46.72886430317816,0.1751846968746633,0.0122967634198865,0.0092110955116945
403,43.51100609623837,0.1720784642703703,0.1086127699103823,0.0185491288483783
404,45.92010494199632,0.1243483621509257,0.0457572780787536,0.0078458301662358
405,46.23758354199794,0.137203386371778,0.0,0.0
406,45.51560702888476,0.1326428872219451,0.0,0.0
407,44.818152459927845,0.1538911180320788,0.0,0.0058411842125225
408,44.50497754419313,0.1711877639272544,0.0,0.0001351537308366
409,47.27682509742133,0.1327719365321219,0.0,0.0
410,47.74468301174421,0.1244754617019567,0.0,0.0
411,44.34966130726088,0.0718421542205267,0.0954628149121743,0.0556845650126196
412,46.70048198442187,0.0693232408026951,0.0614319425171849,0.0676994301565474
413,46.44179895343665,0.1140656970205807,0.0,0.0
414,45.919982591816144,0.1361364981318326,0.0141493887126528,0.0104529675557862
415,45.05491535116103,0.1634384563243535,0.054017517234728,0.0143104675158211
416,43.98413025939453,0.155587771253713,0.0607313966405421,0.031161797590996
417,45.0086319579966,0.1127783452359301,0.0914387838543167,0.0257562879913572
418,44.08719045759191,0.107383759266376,0.1173656920371094,0.0262537071986531
419,43.29581449020333,0.1697240166085713,0.0446819374181391,0.0117805516144909
420,42.44895876738864,0.1811953802102479,0.0520209115026108,0.0106823498907734
421,41.860366579038846,0.1744762424710473,0.0791866227400181,0.0296518496802051
422,42.415245967406406,0.1498583524436152,0.1786484448268005,0.0350025382989353
423,41.35308899009088,0.2122702330128468,0.0842822264582299,0.005817522271215
424,42.53575740053494,0.192717433541866,0.0513946340636925,0.0011162903192511
425,43.10926022196282,0.1601173178048987,0.0444613274901951,0.0024492361284691
426,42.54642114176822,0.0993125076049202,0.0814614202467853,0.0295211602544076
427,42.9168170259428,0.1592167031266458,0.0644897464152467,0.0175670561390631
428,43.32042665931674,0.1365124789999438,0.0192827066704435,0.0253551513401051
429,42.520603510687806,0.1733449709583705,0.0228114922419923,0.0247616663380974
430,43.51178392214887,0.1754458778944007,0.0,0.0
431,44.77413725594224,0.1625881658793276,0.0342762634338713,0.0
432,44.10661939271842,0.1773249388735091,0.0371459712035359,0.0
433,45.2567747448812,0.1618259353046678,0.007026305176543,0.0045794387259848
434,46.753601509242,0.1532451445108882,0.032670118053314,0.0132580974027115
435,47.33571061751498,0.162382640801691,0.067566091955187,0.0109164091946511
436,45.62161526308754,0.180030726584758,0.0180939457761783,0.0249614389527954
437,46.17223173498558,0.0859153634278019,0.1200267246354361,0.0563101321661424
438,45.72762496994782,0.0948548419511659,0.2526607347502545,0.0423733477112133
439,45.07518618895471,0.097506576710236,0.1220458123693304,0.0495720037862643
440,44.50972699869055,0.089795493657704,0.0,0.0543924817054109
441,45.08571241019877,0.075086854417194,0.0065807979361019,0.0784212116410457
442,46.19364328161593,0.1305299705359872,0.0,0.0057205860359478
443,47.35867234732964,0.1367814083209906,0.0,0.0
444,47.33695974636853,0.1295821383650275,0.0,0.0
445,45.59186009139238,0.1425539093816027,0.0046026229352467,0.0001277061742192
446,47.3759384573494,0.1234399152432303,3.375164559326387e-06,0.0050317185723987
447,47.84277286411452,0.0965297170960618,0.3181211046827485,0.0219000915945827
448,46.9561218889895,0.0673262998743023,0.127084071475644,0.0533400319513034
449,45.90423362790543,0.064441538431466,0.1343601523968613,0.0814307525185701
450,44.4244732181898,0.0690094924178856,0.0761993163395285,0.0670925370151372
451,45.996011636963175,0.0874707240886793,0.09221965993263,0.0687844610341885
452,45.31767542025565,0.065607946417479,0.0116559529505203,0.0743283002596057
453,49.64457533848197,0.1086799914586948,0.0,0.0
454,47.632274471494185,0.1060703123326652,0.0,0.0
455,45.32152455017419,0.1600841167806048,0.0220607316079035,0.0150439879695136
456,43.20782347202639,0.1953352098557425,0.0461974389607625,0.0119778155130962
457,44.917567005863845,0.170049174870971,0.052482372372817,0.0113368045871353
458,45.129599596473305,0.1196413449042973,0.0870159581604308,0.0308003640823679
459,44.594707245107735,0.0950226348166377,0.1604009597318356,0.0273636550511295
460,41.98000719087576,0.2014667312609469,0.0471095449781044,0.0193453899014721
461,41.212266868292986,0.1971667002098536,0.028240756879828,0.0213493452158611
462,42.11431588101993,0.1692202452323631,0.0543314452789986,0.0248159377324947
463,44.517152121185006,0.1001591656232979,0.2320597928537257,0.0308446376519576
464,42.80487001554311,0.1743199854001545,0.1095082745219747,0.0193916461461203
465,45.56347116376393,0.1571142107250392,0.053026460461685,0.0020327302951946
466,45.150292795591625,0.1507561768164742,0.0038659242943892,0.0
467,43.14406085425922,0.1169772279577969,0.0823342609371844,0.0343671059136161
468,43.985932737607705,0.0914244030785983,0.1297621072471431,0.0314404373329453
469,43.18763321811643,0.1079673530582325,0.0953229763797944,0.0337688951533164
470,44.70812086767387,0.1017087474472061,0.0971174181686561,0.0390136793920214
471,44.74622897180594,0.1491765347058604,0.0636852337036297,0.023910660722931
472,44.18260124853808,0.1673165152391741,0.0524082990816165,0.0034863714938424
473,44.57238421071587,0.1793346334132846,0.0304693610668232,0.0164672428849639
474,45.009755035048585,0.1595552593469185,0.0466051830582863,0.0145703854267137
475,43.98313749871133,0.1724030414550084,0.1266922320711372,0.0255835836523261
476,44.98014161734546,0.1709623173645577,0.0644798853955937,0.0177130673072234
477,46.63012003003941,0.1046465450915151,0.1161429032215448,0.0558566147108234
478,46.72144954580406,0.0713559570636901,0.312475442369682,0.060344647444514
479,45.81075032693936,0.0635669321711909,0.4088084245619537,0.0570024686596543
480,44.193912062872975,0.0632216885895577,0.1141300451329997,0.0730001474683886
481,44.25823169291814,0.058866660373804,0.0027698038601892,0.0776917323228185
482,44.42885980437645,0.0622898326122034,0.0317403636037019,0.0793741363357008
483,45.73403981529209,0.0720963590885345,0.0005639124356271,0.0716555846618029
484,46.76381880637959,0.1194427322303009,0.0024576871375467,0.008631213270679
485,47.49509772790605,0.1424373992877583,0.0,0.0
486,46.13105665871711,0.1491231781870649,0.0283777263139773,0.0065239059385042
487,47.03318965334989,0.1460359543476575,0.0037682838837614,0.0
488,45.640177189468766,0.1426748825871852,0.0,0.0
489,44.332942666995294,0.1673173779096332,0.0036829311224103,0.018588804942821
490,44.79812620308426,0.1407321665605727,0.0136646627406912,0.0389546079681994
491,45.60616289912273,0.0748345596616556,0.1208406214651335,0.0795303331148786
492,47.14882691105545,0.1036757780874723,0.0744322138199676,0.026732197215882
493,45.95159812004805,0.103595764768642,0.0434862472960377,0.0395586477985056
494,46.24994013764937,0.0752928421490736,0.0555935411505323,0.0416137449952952
495,44.18886250297901,0.0738106076326586,0.049924859428952,0.0491118751733648
496,46.50382374185422,0.0692512040525408,0.0742025097938801,0.0589237196617983
497,45.84849725025094,0.0657405933560612,0.0362409522805934,0.0713421068690371
498,46.53582740021732,0.0727248892829978,0.0148315020333324,0.0591017766700381
499,48.50077982009487,0.1485885800179049,0.0,0.0008680764529689
500,47.27562273012051,0.1595772584804682,0.0,0.0
501,49.53931643466181,0.1197802937607439,0.0,0.002985464842047
502,47.74161056502889,0.1074625882808317,0.0,0.0104659231754261
503,47.63593700773384,0.1352805903761888,0.0062117002774213,0.0038887397880139
504,46.38642727978167,0.1645431665684981,0.0104001420197287,0.0042830257663194
505,45.50610233257125,0.1807151343127405,0.0249452363036457,0.0112539570562691
506,44.726205244367605,0.1733911448625489,0.0017394300875866,0.0088367558559602
507,42.78501532403642,0.1745690595217326,0.007030613153775,0.0042682278302032
508,41.56874734029168,0.1968212990370403,0.0074706937059578,0.0042612921651224
509,40.05382235971194,0.216814265431342,0.0211684877248851,0.0123699860347383
510,42.71907253683374,0.1783189917527804,0.012974882785745,0.0079256111751399
511,43.29390116679614,0.1747416453960993,0.0327046847715305,0.0125475556992146
512,42.987434643799695,0.1567433141396175,0.082615049954176,0.0259390723970899
513,42.93373882978297,0.1515393766079412,0.1106804405870113,0.0205548421659883
514,43.74741716559392,0.1779976270252938,0.0027046760938531,0.0006068914658659
515,44.615532164236846,0.1141580519806716,0.2021952305134384,0.012491409855284
516,44.156894063679104,0.0958237482473069,0.2642960093517905,0.0271080925547782
517,43.79456156170372,0.0998399136155595,0.2769995945982562,0.0500319858529825
518,43.76874809174904,0.1251231634212603,0.1644298040474544,0.0337917767546815
519,44.0435223848506,0.1194257840685985,0.1747938306593021,0.0329852319711847
520,43.03893107081567,0.1496383693350649,0.1795952980810035,0.0248187721427848
521,42.49803345693966,0.178426127794087,0.0864538722726009,0.0179843686561244
522,42.072843536169,0.1888380660308787,0.1656054891432547,0.0217009133361147
523,42.207194051424494,0.181486128771618,0.281260304922845,0.0266816092535224
524,43.318803726096064,0.1780355946081042,0.1508219625452546,0.0228986878518238
525,46.15533627452984,0.1120691421580958,0.266712928005238,0.0452917872587821
526,47.00641376835059,0.0845394599892648,0.1172720743993253,0.0475577514186141
527,46.025063121687566,0.0769294834332189,0.2108225523779925,0.0426068006992837
528,44.59824981158371,0.0656996582315037,0.0037373116322113,0.0634229379551185
529,44.16410935887431,0.059713841285456,0.0124492440955513,0.0695316239139273
530,44.205640591669535,0.0640833481039312,0.0522738137298318,0.064290703791832
531,45.35394296468081,0.0653156159828437,0.0086480527412573,0.0698485808387064
532,45.42337938810974,0.1076618165762565,0.0,0.022786561300664
533,44.97067410880008,0.1636333728707002,0.0,0.0027257949965261
534,45.43877610650555,0.1719581658742602,0.0436614518532693,0.0031747982233894
535,44.42593596191186,0.1656286737311183,0.0104342986416107,0.0
536,46.55177986537498,0.1446320894374949,0.0,0.0
537,44.6623481313491,0.1515525312164984,0.0027676444925138,0.0171343003320907
538,45.80445788087858,0.1140313773977195,0.0426982278378736,0.0452786483916922
539,46.068437393512895,0.1084488916660768,0.0990418588201443,0.051378004883991
540,45.48146188435652,0.1177727401447542,0.053927639520882,0.0575289952956433
541,46.19637644671755,0.1036852736882757,0.003551709381445,0.01860343898168
542,46.15323890116,0.0816926551705516,0.0213716815097021,0.0448160341562506
543,46.55729555330597,0.1422548304515654,0.0,0.0114525336530595
544,47.82293132121401,0.1050025999159757,0.0,0.0161133056655929
545,44.72871379930013,0.0823968279072305,0.0020949188415492,0.0418727386210591
546,46.73081711358696,0.0829627949890142,0.0243062270696538,0.0378563214854902
547,46.57281395456834,0.067711629494278,0.0163125234770605,0.056087305684352
548,45.82515430942843,0.057792332289133,0.07964464483883,0.0695399193677297
549,45.45159016717575,0.0570440595797353,0.1140830544928585,0.0764625153604291
550,51.96089752484016,0.0913143981408476,0.0,0.0042959133600283
551,52.23835598424025,0.0961148981113146,0.0,0.0019505067762952
552,50.8810916680674,0.1061285064817548,0.0,0.0
553,47.86373867339512,0.0827358771973337,0.0,0.0
554,47.1006334606685,0.1063916912509933,0.0,0.0069139905420856
555,45.36902135474945,0.1729508326018048,0.0004212202134567,0.0
556,46.94676465213981,0.1594998489608895,0.0,0.0012441922592001
557,47.78876880632953,0.1664264649133968,0.0,0.007975621075728
558,50.66203759018978,0.1255323902810617,0.0,0.0065660288997642
559,51.3887446977827,0.1238467376361967,0.0,0.0140586046402349
560,48.46536363243952,0.1122813249600259,0.0,0.0059278640322496
561,46.68919944580591,0.1195130099400059,0.0015785863879156,0.0110570641248514
562,49.14791334061211,0.1255798449934936,0.0,0.0009851652096913
563,44.94814368067363,0.1672704864291706,0.0108336665445002,0.0011695267137612
564,43.41638999479242,0.1762273199526695,0.0,0.0045417734805424
565,43.13490445415628,0.1681998634256705,0.0,0.0
566,42.60860140865102,0.1925708879803618,0.0044470401219576,0.0076999599679544
567,41.91454961460016,0.1945397193372066,0.0152815293034821,0.0130868463839979
568,41.65284710964322,0.212812058538222,0.0302730416318933,0.0224670313063968
569,42.74611451620219,0.1899589740949301,0.030340088931228,0.0159695717182068
570,43.00162788506148,0.1646141589214299,0.0774597012926492,0.0111883366988708
571,42.07615731463469,0.1859003403540085,0.0269342277744713,0.0060735924214663
572,42.95066545030091,0.1508484946993669,0.0734457192828494,0.0124566723857397
573,43.38675248780764,0.1348765883574928,0.1905454851312864,0.0218942916985325
574,43.55526663666775,0.1150239903382932,0.2858616307609963,0.0396726359924079
575,42.427122385133295,0.154598390509888,0.0244419952751154,0.0148737586033969
576,42.06627691261871,0.1685997860532997,0.0075270682117989,0.0027456062779303
577,43.8776999365463,0.1075201009846175,0.2930720840885477,0.0413048828772502
578,43.16825390903698,0.1388260305492824,0.2355267211457417,0.0281794188374759
579,42.01912312154449,0.1831097407700663,0.1440473571384076,0.0306564099114999
580,41.695078590260685,0.1879147573230974,0.1939644206830232,0.0249456393456651
581,41.58490087204245,0.1918907784962963,0.2682714633255663,0.0246535912888565
582,41.5671874596254,0.1946611439896925,0.2166634646851434,0.0165920394652995
583,43.77439536819034,0.1781762102575332,0.2522575910603276,0.0200309090559622
584,46.07644167998358,0.0895700944787645,0.3990329393196656,0.0466199953693491
585,45.6943582894526,0.065525939467704,0.205154550791512,0.0457377635404718
586,44.07677436816894,0.0631211160506916,0.0127352596361707,0.0663783140049733
587,44.09266154493691,0.0627557403630697,0.0494549384290469,0.0595480826052946
588,43.905063433428666,0.0624442051466633,0.050088080149102,0.067317212971184
589,44.421279274230166,0.0844263831275413,0.0614551261987782,0.0492664976324968
590,44.98948385071135,0.1053546398908251,0.0335837117036412,0.0401952201594634
591,44.58917660580255,0.1772970458519595,0.0311139255304188,0.0068578193936892
592,45.19168715984858,0.1713576543997147,0.0179627754921645,0.0
593,44.03336065805991,0.1831653207221411,0.0240951079997733,0.0063176164488302
594,44.7404778508268,0.1732480587038611,0.0,0.0136258402442098
595,45.96456838830901,0.1302904335604991,0.0193468368593592,0.0094272475957605
596,47.955239020172094,0.1423146461841374,0.0,0.0008081891982109
597,46.25039923566706,0.1253277926854225,0.0579893080988878,0.0367742113442751
598,45.43508451423042,0.1559431272564516,0.119650215172025,0.0232966880417093
599,46.27136363681472,0.1108627470890375,0.1055778952773855,0.0063043469062588
600,45.08380252360747,0.1351257063907571,0.0353125307901226,0.0270911263352399
601,47.38810436773424,0.1273672862329267,0.0,0.0045920837285089
602,48.20280597199466,0.1092987867746267,0.0,0.0089420007993549
603,44.52148480498642,0.0911083594007154,0.0,0.0340882595582586
604,45.60558048195173,0.0800692959148459,0.0237682337300157,0.0513716241780817
605,45.69253282687962,0.0636048227996744,0.00174357690683,0.0800296766549798
606,45.59592532365312,0.0666009309329841,0.0367123222117086,0.0657729433569561
607,45.73690334378051,0.0641593845636629,0.055424392166859,0.0874521183942134
608,52.17906744609913,0.0820274446743112,0.0,0.0
609,51.21923915537637,0.0914324809273066,0.0,0.0029245050806401
610,49.06058351301604,0.1081614242430903,0.0,0.0143507474901876
611,47.400971209917415,0.1247998627826581,0.0,0.0110291366586977
612,46.14049846470496,0.1673025312805422,0.0,0.0
613,42.732264335171294,0.1494565068598589,0.0,0.0
614,33.59277190578417,0.1067990461857273,0.0,0.0
615,49.19523517881918,0.0750317792338271,0.0,0.0
616,48.676141606495385,0.072671279636034,0.0,0.0018444887151191
617,49.06645102265319,0.0718961374955523,0.0,0.0030992518910997
618,50.52638124570711,0.0719706501091431,0.0,0.0005453976669417
619,50.05277486952619,0.0784367500071553,0.0,0.0052282778754672
620,47.9051186948596,0.0972727479060066,0.0,0.0076692383829598
621,45.17180192241586,0.1901436275266244,0.0148403070078153,0.0
622,46.0049447974854,0.172684679636041,0.0379247019377752,0.0003476400114278
623,45.8730188205883,0.1488330533616582,0.0221673852901872,0.0228454666035355
624,47.38075499455137,0.1420794963850377,0.0103680359125716,0.0174315549737952
625,48.48861617920959,0.1248365014347687,0.0309114039458777,0.0314633931612808
626,46.43166396969985,0.1350468624812739,0.0,0.023474469743087
627,47.72499606576623,0.1044058165403654,0.0,0.0
628,46.190545958717934,0.136968170154448,0.00329749539181,0.0130228800131955
629,45.58150529197718,0.1649352679216857,0.0028648572747866,0.0044410093911924
630,42.47131923607345,0.1967951036668999,0.0288826850800449,0.0102628826330331
631,43.08351270799165,0.1936773774719019,0.0077313818869941,0.007301346733584
632,42.96104226062871,0.1952811911348604,0.0146384096679854,0.0177671000121503
633,42.68109160404246,0.1987288925492753,0.0234009875415195,0.0218190484149894
634,40.515605221755415,0.2294169280141927,0.0421170695326857,0.0205885616050123
635,42.24024872638069,0.1719568916319022,0.0786954108679701,0.0288540557847784
636,41.07344367697401,0.1799443714350523,0.1626141031716796,0.015511862793261
637,40.70403826006034,0.1939993176905662,0.0430589615075349,0.0156623664286653
638,41.20090430046155,0.1785485386731884,0.0732826025653478,0.0169086181387819
639,42.12842629182562,0.1696486930843992,0.0393388790012064,0.0194665436097959
640,41.22695186767504,0.201673411569099,0.0360087677244634,0.0178550168754276
641,41.09846003644478,0.2002520426226989,0.0,0.0078550213562766
642,43.02076066218903,0.1623511423690085,0.0004999255052253,0.0012271082017882
643,43.1756376997028,0.1367057780314033,0.2170108878539608,0.0351675786981358
644,43.25067302280877,0.1140685276294656,0.2973881996752244,0.0404098032562912
645,41.896568614624805,0.177990953786387,0.1732675369621059,0.0329307926140839
646,41.524264631751535,0.1874598142951029,0.1893868850410118,0.023135480687819
647,41.67380494213885,0.190483308800919,0.2585769881945571,0.0116990204306203
648,41.26346353446474,0.1920395594822581,0.2615438177508153,0.0098594891274925
649,42.78185628558059,0.1900693113142159,0.2502823859645946,0.0153495908966179
650,46.59786481351276,0.0780862918092844,0.3671163820508472,0.0485202639562027
651,45.62927931043722,0.072617079336775,0.2932585068910499,0.050512274557745
652,43.66045574979528,0.1010066296985026,0.0494613735787749,0.0432683754808546
653,43.12379866814237,0.1357369706474165,0.0490814334562267,0.0273705399602861
654,43.1778783224164,0.1221834556807269,0.018037114103195,0.0283039094017813
655,44.25306470344327,0.1192503702722237,0.0245514455344752,0.0228617460784405
656,44.39959042377471,0.1538929780426711,0.012142868431393,0.0041177319838099
657,44.18173463030143,0.1846191516168721,0.0091379534336889,0.0086487952703152
658,44.932049364004,0.1623703657563958,0.0570298691458437,0.014580617729981
659,45.11622747497269,0.1361552036143813,0.1353973136732234,0.0209080822238881
660,45.20471646170647,0.1506289731308073,0.0107269522277893,0.0107558186735516
661,46.3074901871512,0.1371220336727284,0.010594168389294,0.0072898683078132
662,51.84258223615299,0.0778380696894773,0.025491316673229,0.0055592589020471
663,50.19859220517112,0.0603160080203218,0.0583940023306664,0.0
664,47.592694776956655,0.1009280671744156,0.0939996102967918,0.0
665,46.18306609153752,0.1017780199413012,0.1786855706050244,0.0320696398974276
666,44.90976545205309,0.133218280788883,0.0136160890582912,0.0380138026681604
667,43.80465367375866,0.1925793820938619,0.0,0.0139721510482636
668,44.047227367299264,0.1868430674352558,0.0,0.0040660169663768
669,44.837448380576646,0.0830381230234622,0.0,0.0522927689990583
670,45.688192266774784,0.0878321715992258,0.0,0.0555323392779131
671,46.451355084998255,0.1139801410474858,0.0,0.0409352075883451
672,47.06935254023545,0.1183837315042584,0.0040307474017389,0.0219848285007423
673,48.02744364360726,0.1017723450389053,0.0,0.0391313565627407
674,46.12013237534454,0.0666213410561339,0.0133592647643397,0.0907591102186306
675,50.80756328413643,0.079345237951331,0.0,0.0
676,50.11232698349627,0.0885005892625312,0.0,0.0050411502844878
677,50.01937663994316,0.0866618350574555,0.0,0.006778806109242
678,47.87641688561703,0.1223871202910206,0.0,0.0
679,49.04439784618573,0.107290446569494,0.0,0.0
680,48.989691783355454,0.1093585594369914,0.0,0.0
681,42.97968140487502,0.130977972592941,0.0,0.0
682,36.34313048988709,0.1634574893809739,0.0,0.0
683,37.11668491182255,0.0876434186748678,0.0,0.0043767647254793
684,47.23141246396521,0.0917478447278704,0.0,0.0045326694528867
685,47.99849007260127,0.0799575436259903,0.0,0.0080408395977622
686,49.193615851631925,0.080030775118823,0.0,0.0051455212502814
687,49.25288529647115,0.0889946847243431,0.0,0.0024825099130169
688,49.67870022151132,0.0847850557062699,0.0,0.00494645731738
689,50.88827929046971,0.0712110159225605,0.0,0.0
690,51.29882854765528,0.0736589794432108,0.0,0.0013553184476531
691,50.35331673209812,0.0881166268453367,0.0,0.0043781991230518
692,48.35496018911867,0.1158416700706237,0.0,0.0029031973192368
693,48.27708370051064,0.1275100209267995,0.0,0.0060125752672149
694,45.33577413788516,0.1935560259616495,0.0089818361614427,0.0023384790364175
695,43.9821478398652,0.200067881221041,0.0171790366215,0.0077612385394633
696,45.06839850296408,0.1121590940948162,0.1541446309356916,0.0451312228911603
697,45.13502634994865,0.1570760244615545,0.0587871704397386,0.010948439472113
698,45.04139719801809,0.1791096268725355,0.0970619618542706,0.0
699,44.22045312257392,0.1752010004956422,0.050521739448327,0.0147345781145397
700,45.615239598372106,0.1071156852590447,0.0143156611924398,0.0381150683082247
701,46.334879639122114,0.1113244194041865,0.0212941122047333,0.0357736508976611
702,47.38963556803666,0.126990598939372,0.0465519279587746,0.0195829647855153
703,47.34525074915529,0.1269124515768757,0.0,0.0199170351951103
704,47.28160811504956,0.1165225659197025,0.0,0.0049390878231102
705,45.929634629852224,0.1318902437997679,0.0289454654502239,0.0164417121854349
706,44.75261578449404,0.1846397769448858,0.0237545757167595,0.0117065787511419
707,44.45335728135768,0.1777881430469427,0.0206287499888742,0.0171828518428188
708,44.53521695341324,0.1786467407135996,0.0309272957480329,0.0203637905776857
709,43.67030030896969,0.1891158753177245,0.0294650061752466,0.0120834670630512
710,42.63596585634336,0.1777666646822403,0.0320477391652457,0.0140473221338237
711,41.47863872945091,0.1902509652572757,0.10162169746346,0.0152164442450827
712,43.59117087182682,0.1391057424782916,0.0835460218802646,0.0157848433107277
713,42.09801668214719,0.1495524158338251,0.1780203536397243,0.0371174555686
714,40.42883719102026,0.1942079481910723,0.0849639884899341,0.0098242786630455
715,41.54448228350562,0.1441689198812006,0.0554613495659696,0.023394391368702
716,40.68196507373559,0.1497723087394223,0.13520067975133,0.0231491391077466
717,39.15668469769705,0.2370175490901609,0.0178360921846608,0.0080100203508715
718,39.086496835765104,0.2484567029376553,0.0072677624722503,0.0039156471914107
719,41.61314652567232,0.1805388394602158,0.0064767512628487,0.0012358417350697
720,42.2758870418278,0.1644814621339459,0.0890354789414872,0.0197477688016997
721,43.04925354681119,0.1102779686097533,0.3037736206435313,0.0442549468391055
722,42.61787197063823,0.153519975080905,0.2108074036059449,0.039349175178714
723,41.58259325203639,0.1759900248518847,0.0324637398351439,0.0054776074753779
724,41.65959295076157,0.1779350561436463,0.1392990389637543,0.0087118223336424
725,43.20244798832702,0.1768963522025345,0.0428957461387118,0.0038122401789846
726,43.20582108470404,0.1517476049286792,0.0471432624316317,0.0137029510392679
727,45.6348640856514,0.1073048943744239,0.0928037977704916,0.037175061362768
728,45.16292260995875,0.103673355634524,0.0535456162669905,0.0649024328292264
729,43.92705102745853,0.1502367292213444,0.0068921035269313,0.0291896198580865
730,42.37225170235725,0.1791129241672338,0.0654207206294473,0.0121084835276493
731,42.11415687294898,0.1825221626727398,0.115898512079581,0.0018338618746832
732,42.73957584015592,0.1805873166322409,0.1192723064863825,0.0047493305698466
733,41.58006682810957,0.1833398799942949,0.0004518312827973,0.0028616011981102
734,44.90116833344004,0.150209041062833,0.0093167326134564,0.0008258861342842
735,46.77160756882004,0.0871021543773708,0.2507203285055623,0.0345000614819457
736,46.48321996152146,0.0796780309031492,0.2260367225380733,0.0325929594270882
737,46.62054454729616,0.1382359690940308,0.0233759382018982,0.0108052044238271
738,45.431353529991895,0.1686388915996224,0.0034506863453142,0.0046527270365627
739,49.070722078526565,0.1047474232594666,0.101761944296559,0.010703844802627
740,48.517010493080505,0.1004981608938809,0.0661220626136731,0.0
741,46.70938608457325,0.1303585142599667,0.0351186335508126,8.405386365326262e-05
742,46.834904729846365,0.1231027886082285,0.1744502584062594,0.0282327714805637
743,45.52332955049296,0.1231462583417898,0.0092941485313387,0.0378114743940757
744,44.75977531265745,0.1572285319364923,0.0,0.032989389584795
745,44.056110448748434,0.1217371126428257,0.0,0.0249555719796022
746,50.44151155596109,0.0908435195477005,0.0,0.003846766410707
747,50.54968039231333,0.1139010787143979,0.0,0.0
748,50.47611249264161,0.1348278542689104,0.0,0.0
749,47.8710203840458,0.1149738327041679,0.0,0.0
750,47.45891056169118,0.1170765407324049,0.0007110074770927,0.0323738416906594
751,45.05514913976066,0.1136793881815272,0.0,0.0702819844847869
752,44.06250634524825,0.17906118925454,0.0,0.0096711625443471
753,49.51916751678144,0.0805440042642292,0.0,0.0034447354858894
754,50.0090538342814,0.079075217841245,0.0,0.0052921803104951
755,48.72138263176901,0.1023270503036486,0.0,0.0016092264590939
756,48.44508106136786,0.1038492336057475,0.0006111407146153,0.0196999974987034
757,47.3971051581722,0.1109211960839757,0.0,0.0128586973003715
758,49.107808035590665,0.0798083511103769,0.0,0.0
759,46.610151577356696,0.0894662935540852,0.0,0.0
760,38.81462445171896,0.1593023340808209,0.0,0.0031445711273419
761,46.297904996753246,0.1066930434843745,0.0,0.0051346283449485
762,48.93824667298486,0.0758829339222485,0.0,0.0022386129173363
763,49.14137898104504,0.0945945169359665,0.0,0.0048165335279463
764,46.01427270676484,0.1541515079867346,0.0,0.001386180481002
765,48.620670077499696,0.1182877029319357,0.0,0.0043720924360494
766,51.06771363945941,0.076859013804971,0.0,0.0027557260989865
767,51.09696217352357,0.0795922522868051,0.0,0.0028310730226978
768,51.993885367665264,0.0928947063793366,0.0,0.0
769,50.17696880511141,0.108696298484458,0.0,0.009268392265674
770,46.51060603009399,0.1253585264539448,0.0,0.0369505266256974
771,48.27559178190385,0.1280453216506132,0.0,0.0073283762679965
772,46.16406565599716,0.1168155600918645,0.0,0.0076108423943841
773,48.365931332932014,0.12154649641247,0.0176905986332401,0.0178736755386476
774,47.97850310388657,0.132576666523346,0.0407899808623161,0.0304759538406446
775,48.79093377919608,0.1379110545975903,0.0024751580146129,0.008764076476812
776,46.61513526733269,0.1657616844149674,0.0,0.0093525111299979
777,46.57707460037906,0.1664526626176549,0.0,0.0091259325645432
778,44.45622300472651,0.1894015651393002,0.0,0.0231511676087918
779,45.70769487089588,0.1713278690674763,0.0,0.0109566472115622
780,44.90068379443086,0.1883773650505742,0.0,0.0074679951060511
781,44.08309824481574,0.1951316166490795,0.0130537825753622,0.000702955443287
782,48.95831110853019,0.1492914476860647,0.0007122637166436,0.0045406311888782
783,46.1965450979219,0.1860152950246903,0.0018226773121284,0.0045733073390157
784,43.82171888092691,0.2042236821254662,0.0097288653568187,0.0131818384333361
785,45.51385917061487,0.1768509976758008,0.0010296884308625,0.0062192898068709
786,44.79927445258146,0.1631451965998386,0.0068230193843385,0.0092468709585802
787,46.42698997258518,0.1104822075791018,0.0177750931330728,0.0254064118391817
788,47.01556090633167,0.101523607883734,0.1271535899172227,0.0252961603447289
789,44.64525226164304,0.1684473362579479,0.0686479047129936,0.0136928961338429
790,42.02568327306757,0.2134617533718844,0.0392342997562558,0.0082308586076982
791,45.59723142096794,0.148743872712199,0.0138158556593502,0.0125878910713081
792,43.41654154718128,0.1866254581745942,0.1028197007699256,0.0101422020160039
793,42.2235608135541,0.1964441292116835,0.0747099487048408,0.0033267234094222
794,42.93212742249842,0.2079681496291809,0.059048977680412,0.0085550031064739
795,45.70256911970367,0.1697487941425298,0.0388278321641505,0.0093329559603207
796,46.86268824485446,0.15956564506101,0.0120032174008691,0.0
797,49.281004812483765,0.1032603266963943,0.0,0.0008773588585491
798,47.83836878194756,0.1142686201301843,0.0,0.0
799,46.96912754601169,0.11326409088242,0.0,0.0008121258413586
800,48.769661278052965,0.1263094729835512,0.000933628320235,0.0032243368159692
801,48.59389173171028,0.1410011058685742,0.0032844454799848,0.0044511943679531
802,47.37240258394961,0.1685907888015945,0.0122743537328843,0.0051757891150765
803,46.395202820218735,0.1564792850480009,0.0294944052599762,0.004323956490451
804,44.17122419223623,0.1831213565974896,0.021494005268425,0.0066536572357498
805,42.84362500337897,0.1786049125912115,0.0971631462582229,0.0071125795012859
806,42.478335856072434,0.1512175296129472,0.093944450827317,0.0199540783924135
807,42.90681662852125,0.1073079732727939,0.0689412962651529,0.0341722998363445
808,42.394065508083344,0.1300156962798188,0.1519616330046876,0.0311312675985006
809,42.93420258166764,0.0733162498250141,0.1873357075875094,0.048336771447867
810,41.80984067150785,0.0948332774054044,0.2101937659116712,0.0352574022399904
811,38.476251722989154,0.2468844612468095,0.0238384881573442,0.0010501941303278
812,40.31379338495122,0.2297392704779723,0.005583448567093,0.0084662799265473
813,38.81751173953641,0.2476362450162845,0.0049031379967492,0.0
814,40.65084172328316,0.2120326458034872,0.0806037228260533,0.0088350816939284
815,43.11041080100172,0.1243456336277914,0.2381873268058776,0.0237211242115904
816,42.47951348089487,0.1409629242561498,0.2228420518598177,0.0228548824421624
817,41.9432317460744,0.1619447502037427,0.1836938527784405,0.0324449340761494
818,42.47379036704775,0.1540604690144757,0.139579485582709,0.030726868167913
819,43.02131536714182,0.1806902597457662,0.084499339040242,0.0185618297600665
820,41.97796524189246,0.1986697549383208,0.1401184770557098,0.0305397577666316
821,43.91844952779788,0.1256195946732387,0.0300564964745697,0.0641267965847665
822,44.41480574134555,0.1311425524522404,0.0367685535712148,0.0584858681093591
823,43.12864906232101,0.129483610024387,0.0211235860844036,0.0787332260837899
824,41.5047497299195,0.161189054138593,0.0236004763258418,0.0463830883867686
825,41.695735330614994,0.171306137870817,0.0,0.0
826,42.06172273586089,0.1770463983184402,0.0246338682048845,0.0017378021317351
827,42.646366116205606,0.1112155476531172,0.0080322286465951,0.0519186081441508
828,44.36765562715609,0.1301564889201848,0.0,0.017606518290213
829,47.1680849492301,0.0861295291303126,0.007221276377307,0.0627931465036913
830,46.60806173337662,0.1107517746395161,0.0054155319960435,0.0429381526306005
831,45.40168506856526,0.1549516398035065,0.0,0.0109034761669824
832,45.09468998393741,0.1487012333513163,0.1596184562333254,0.0326350879363364
833,46.38773093912247,0.1095924203767625,0.2927682192171742,0.0321671379386415
834,47.3833885691564,0.095991717789058,0.0,0.0116768332801683
835,46.82791781191068,0.1263160014653603,0.1087031879637751,0.0033790459977774
836,47.86479158457743,0.1124068002313268,0.0719429647210776,0.0155568578825263
837,50.73320154680253,0.1114643432608968,7.86162668537081e-06,0.003908958314193
838,47.42970525489259,0.0881056336498826,0.0,0.0293225183329068
839,46.288557993457054,0.0971856010003894,0.0,0.0144143870671132
840,54.09962444422498,0.0522600240062115,0.0,0.0
841,48.2047499939332,0.1197332113790072,0.0,0.0
842,48.36217723567911,0.1305689099083513,0.0,0.0
843,47.53344434575485,0.120695402606445,0.0,0.0
844,47.87505061831489,0.1505016795325776,0.0,0.0200183570073605
845,42.53821521276199,0.2100501201265415,0.0,0.0226438496668387
846,43.40363979527272,0.1327656065590786,0.0,0.0029073702312545
847,48.64240802537943,0.0911204026935406,0.0,0.0
848,49.26888941502644,0.0843157601047121,0.0,0.0071494459980788
849,49.79586885628954,0.0839512562695809,0.0,0.0040108278711776
850,48.91156367568019,0.1177473854092364,0.0,0.0108989023277994
851,45.81142453294523,0.114753323334157,0.0002320687921825,0.0444917206063242
852,46.0418992635867,0.1193814518089905,0.0034544960738659,0.0296022421002853
853,48.838155667638105,0.0865341041139989,0.0,0.0088147624625824
854,42.66183053198842,0.1128116067918979,0.0,0.0043989648400031
855,43.78764581886626,0.1406833000904173,0.0,0.0038870574435937
856,47.806443588523145,0.1276658194255345,0.0,0.0055687677717862
857,49.266489283120855,0.0808918691904431,0.0,0.0
858,48.77420536700582,0.0995029214019383,0.0,0.0046019229279305
859,47.18771612489803,0.135278589005799,0.0,0.0
860,50.29122055478691,0.0860092652673591,0.0,0.0
861,50.91505363182538,0.0746883195506978,0.0,0.0049921022690795
862,50.94153003140446,0.094917474416431,0.0,0.0071955695726471
863,49.39786010857051,0.1283121830943791,0.0,0.0153844320351452
864,53.04514862753194,0.0965801330984814,0.0,0.0083499962328888
865,46.800990238303086,0.1442932664476904,0.0070846082573997,0.0111605845670208
866,49.487539579780034,0.1178102356130372,0.0010451913376765,0.0045931800971998
867,44.29070375346112,0.1049731330790662,0.0,0.0061601268812155
868,45.744034486591936,0.099742199002706,0.0,0.0
869,45.37570048454669,0.1250259905717966,0.0,0.0016978903123911
870,45.98453683096479,0.1419804722773147,0.0069610688087361,0.0114931767293891
871,48.17629854424136,0.1280379462662468,0.0,0.008908508006047
872,47.83660893679899,0.1181202506830922,0.0,0.0040952064990056
873,46.0703919795037,0.1747148975404978,0.0,0.0062138446356466
874,45.20763146779411,0.1972217769677326,0.0,0.0097453835077358
875,43.60454991472539,0.2194884008717769,0.0,0.0019937456880643
876,44.55642866953674,0.2010432964344342,0.0,0.0018437503442137
877,43.93954905445371,0.179082561840869,0.0150275594638302,0.0104092464463117
878,44.60984943521778,0.1863025283405374,0.0110135257667546,0.0050793067263639
879,46.44024096116257,0.1648374332527369,0.0086494531992415,0.0055091505231986
880,45.28104833221994,0.1858960777752439,0.0436180587701829,0.0053866652373995
881,43.47141934736756,0.2130397865719603,0.0061219347815046,0.0069415199335279
882,44.6206197419432,0.2041997855083986,0.0276254424711625,0.0026801491323824
883,44.980913434176976,0.1675891741894234,0.0068037602065597,0.0134007752274853
884,45.69495314911587,0.0924392112423675,0.2622311949553759,0.0411918879493027
885,45.99537688989196,0.0661870809733074,0.4482579910905238,0.0429863945320252
886,45.5405650545677,0.1211449643077071,0.1355597472524637,0.0162704403395713
887,43.91655982800062,0.1769467162683765,0.0469338476180455,0.0064707908742602
888,43.33786382371694,0.1846323967229639,0.025875504972381,0.0115258451576095
889,44.82075840262758,0.1402075905883775,0.0353577245458681,0.0134044310894632
890,41.87044335653987,0.2079923240535093,0.0257877767505894,0.0009994982265303
891,41.10971797080069,0.2349141608730545,0.0574161087404809,0.0035830022439557
892,43.25754458958306,0.1999468108016199,0.035586212227437,0.0085134179382954
893,45.87494746010363,0.1711879254325744,0.0397258641400691,0.0068942350737864
894,47.90079496772669,0.1310753025548013,0.0,0.0
895,46.791253548057405,0.1265552661502926,0.0,0.0064017925012534
896,46.78074114016271,0.1216987923862836,0.0020714646514618,7.537622550303303e-05
897,46.63811368402631,0.114592888099474,0.0375894751418224,0.0291662911219757
898,46.69095430517389,0.1420970470763247,0.0495164434262376,0.0340293628005472
899,45.475932889414864,0.1680311511205623,0.0801505719339494,0.0028052737851464
900,43.46385108675624,0.1707879953442644,0.1149021225094627,0.0007313837374656
901,44.9060182880858,0.1468928124751871,0.071970105647601,0.0074351405510882
902,42.68691095617238,0.1551912278352348,0.1107336545992562,0.0119149793526201
903,42.077356157179565,0.1771186796025919,0.1377011036493256,0.0145663790980869
904,42.393683036090565,0.1802179859135984,0.0934577484398277,0.0119038867930027
905,42.16876892047662,0.1328136840141768,0.0539106314509759,0.0208678706946951
906,41.95858867992766,0.1003357061378542,0.1172120913370461,0.0272879176541798
907,41.06881858545349,0.1417772634869757,0.1510454358418909,0.0139716868173442
908,40.56014089355859,0.1854040265476282,0.0787430506169899,0.0153404224041556
909,39.22836565785341,0.2216123165799432,0.0185765680312049,0.0156330073351743
910,41.45100270384209,0.1493165569824494,0.1508526230688552,0.0317501501736586
911,41.04057754129214,0.2267930415169259,0.0525088591891855,0.0126988519575258
912,40.53985943341112,0.2311980208164224,0.0898002738077888,0.0017455080991465
913,41.20129606482721,0.1926324409465145,0.1586456554198448,0.0093437677970448
914,41.15286470789943,0.1951622518826157,0.1294095320698706,0.0243264653278633
915,41.38967854879154,0.1717311413085583,0.1968682717595948,0.0458302370037932
916,41.72376606896186,0.182679722613005,0.195563362418449,0.0304401431779276
917,41.58658356962933,0.2024368623215114,0.1053909855533801,0.0417080834633983
918,42.92392083488628,0.1783850316766732,0.0857509435707204,0.0700177218864453
919,44.04135113849751,0.1251800412752482,0.0182419848581666,0.0691043427706324
920,43.11278628206844,0.1395868908853847,0.0467895290165406,0.0744633163322511
921,40.86537746794283,0.1606882224976187,0.0082208600081612,0.0328239616271674
922,41.013794777982966,0.174782048067542,0.0,0.0
923,40.56078619699823,0.1732461328919155,0.1200654530642653,0.0102906131176779
924,42.2121230225094,0.1240998793101559,0.0204359146619474,0.052273795197666
925,43.73164976855303,0.0941411601156936,0.0479842501985532,0.0507573414979592
926,44.19041490602031,0.1948955766006933,0.0173491622777063,0.0084674147592557
927,44.74048296640047,0.1877054991606071,0.0009484482730191,0.0
928,45.2362530708229,0.1598273874812936,0.0484706227329162,0.0156014243701792
929,46.02136260297349,0.1188583746367307,0.1225002235648485,0.0363112850228799
930,46.16923067642817,0.1293259214761254,0.1093241750379012,0.0293004101097844
931,46.35833371571377,0.1197265289376249,0.0092598902799672,0.0126603636809842
932,46.625898991844096,0.1174750527424502,0.1629537175188032,0.0119178453772958
933,48.10209859539603,0.1549170423554199,0.010721102317663,0.004441778173899
934,50.54313736568008,0.1030860274028372,0.0,0.0184907103340971
935,45.65634009428808,0.0898621250551673,0.0,0.0372643167645645
936,48.44789684825867,0.1151587630319862,0.0,0.0031105943410495
937,49.38745607136564,0.1165939646384837,0.0,0.0
938,49.90065894067206,0.1209252842079861,0.0,0.0004301333973679
939,49.99956858037935,0.1166864766196548,0.0,0.001445198762938
940,46.84120064827056,0.1425622623126387,0.0,0.0194056014193047
941,43.43132565445767,0.2219121935109422,0.0,0.0192519428654158
942,48.30893457308976,0.108123117178915,0.0,0.0290050507471529
943,49.93578364901645,0.0947104616626892,0.0,0.0121711378752198
944,49.45577385334953,0.0906699444279882,0.0,0.0043137240695413
945,48.71463801600309,0.0954595764148902,0.0,0.0
946,48.25901142168071,0.0957371728834545,0.0,0.0035577934074813
947,46.35851872923027,0.1154719067206571,0.0,0.0082326278843362
948,44.38383660653897,0.1145108712075919,0.0,0.011570390766488
949,44.36184057315918,0.1172917780352527,0.0,0.0052813961148121
950,45.59952296490108,0.1445631685436519,0.0,0.005910385998071
951,47.698971913621605,0.1002262312314065,0.0,0.0083379450643176
952,48.36853302259115,0.1060155150966512,0.0,0.0117550293172245
953,49.755972594002166,0.0952150124530969,0.0,0.0093450466386578
954,46.99428835830515,0.1478018004537391,0.0,0.0079994994166594
955,47.5017842243286,0.1266765747136334,0.0,0.0035966573309685
956,49.02261644674045,0.1168484112368921,0.0,0.004144284185251
957,49.736698749404944,0.0988611487289611,0.0,0.0060927684670927
958,49.25732401017589,0.12104287881179,0.0,0.020318870014451
959,47.99891408402826,0.102348692410266,0.000675527119333,0.0424105192775578
960,53.44166684112866,0.0896680445303173,0.0,0.0
961,53.62650767814155,0.0961029531596217,0.0,0.0
962,50.7944265025756,0.1195839494479715,0.0,0.0071661564910845
963,49.15410151755882,0.1176913378594435,0.0,0.0049459083569644
964,48.51020191303615,0.1418963679627038,0.0,0.0088836281927744
965,46.87424023686021,0.1330622302182152,0.0,0.0232048983606097
966,44.74020679617535,0.110259358584695,0.0003501365596927,0.034868787257385
967,43.21349611186888,0.140718062175939,0.0,0.0167775505209442
968,43.53632048619544,0.1372372036749645,0.0,0.0127467080869816
969,45.35239910765248,0.1285646513511344,0.0,0.0031703144462899
970,47.27520083914251,0.1704997121163132,0.0,0.0049096060587244
971,43.0603514026274,0.2000802815479747,0.0032024839495833,0.0051492737453786
972,42.19692651097244,0.217697680303975,0.0006397837742351,0.0014291950107105
973,43.673948175271896,0.2012119260856472,0.0080834389066356,0.0063718565907002
974,44.66872114722834,0.1656789880198044,0.027047258416575,0.0092493568491659
975,44.33010334662639,0.1838608671351035,0.0139730663833268,0.0092646277088563
976,44.85297885697204,0.1845443796592503,0.0129419974833533,0.0057578043043294
977,44.09743538747133,0.1975559856366835,0.0142346132714441,0.0063666850582029
978,45.198090374167926,0.1874612588791633,0.01452491044025,0.0041865550839502
979,45.328487351101245,0.1500866073398418,0.0978703059206911,0.0163931078634643
980,44.50233934124742,0.1046646174306547,0.3626121796300034,0.0379194850905893
981,44.71410815861743,0.1106147167338764,0.3477881475855763,0.0328903688442491
982,44.85644203095595,0.1591943675093481,0.0875646641953165,0.0055555345964374
983,44.86128552702735,0.1611204080829301,0.085681824497954,0.0137578145814271
984,43.24519259942398,0.1831172661448447,0.038479882210666,0.0040226183856847
985,44.772477539008015,0.1470873101437239,0.0382955499541237,0.0156070452202792
986,42.19229371858786,0.2037218462440311,0.0522821237178347,0.0123185566385333
987,42.1928255111596,0.2089240132010201,0.048391980937002,0.0109189000644625
988,43.30664161504263,0.2005034552730047,0.0384524037329755,0.0066039996099184
989,45.97442850217194,0.1629244951557925,0.0878338745593935,0.000658876356357
990,46.40337361741111,0.1412377687810291,0.0079901875641859,0.0181985818358012
991,47.028286626873445,0.1355202974929044,0.0,0.0035257001871362
992,45.103084746591726,0.1234749459043583,0.0465076519398055,0.0335070698324316
993,44.8579246373888,0.1485121362184156,0.0390803940098913,0.0249783720185254
994,43.72044278745958,0.1758732233400493,0.1456337852444131,0.0035096094975995
995,44.10788752017023,0.1533486978902901,0.2040874676927602,0.0191713561792477
996,44.51816026628214,0.1284164472795294,0.1060695355804115,0.0150073721650414
997,42.736512864425386,0.1706480197555211,0.1112650271077866,0.0176748270736577
998,42.08561506218935,0.181610344004014,0.0658168226652488,0.0064416825117932
999,42.899526476944494,0.1685243145644057,0.11487197940351,0.0004408703288712
1000,39.90409228087131,0.1935754089560737,0.0148206948175804,0.0047390684252881
1001,39.50781188175415,0.1978167897306362,0.0,0.0005803875225746
1002,40.64313551495554,0.1652799665119945,0.0,0.0008534913427426
1003,39.97077471186534,0.2099030222050801,0.022940158787452,0.0022832314307192
1004,39.26223512222699,0.2208843243397538,0.086006429022416,0.0127258123063689
1005,40.25271627237193,0.1947504731135118,0.0817346434716276,0.025077608033892
1006,38.60492094616986,0.29732270194222,0.016137552096889,0.0034687400348802
1007,40.741716167174886,0.2155111663181543,0.1087852230201829,0.0195798693153579
1008,41.17289150367151,0.1447322225957206,0.1640522822374061,0.0278337371556011
1009,41.85892386471359,0.1488042803358534,0.1361797030796411,0.0216075078969212
1010,43.18904175580244,0.122775186606628,0.1683588322939798,0.0169911164733205
1011,42.290895308802845,0.1467675706452864,0.2512410834978412,0.0134813262987862
1012,42.152306435090274,0.1676408831220079,0.1250538148838642,0.029299906702627
1013,42.511792822966896,0.1858679580274855,0.1533350337057089,0.0482514767455689
1014,43.93559383369628,0.1884245914573571,0.0673999484796307,0.0145936110236783
1015,40.78756378526155,0.2084284043164311,0.0,0.0187356155197824
1016,40.20439903304862,0.1720366834273836,0.1048866335677829,0.0086556625294419
1017,40.60010405288173,0.1638421386647415,0.1627136695359431,0.0288590083639293
1018,41.77832518459041,0.1662441718848067,0.1350903853831688,0.0170472004412711
1019,42.47717176514943,0.1264373934475055,0.048606536880955,0.0501761926938373
1020,42.9166336112761,0.1310669954060322,0.1538103702058109,0.0457034282326381
1021,42.30084802468206,0.2023591666897258,0.1598041291913997,0.0334280756039904
1022,43.95030877867845,0.1879684569352703,0.0654566331106682,0.0192848905152447
1023,45.29302573585221,0.1263492805939546,0.1393279144594282,0.0343475523491473
1024,46.238294603642906,0.1021145350507453,0.2109529613193484,0.0450387357258845
1025,47.993968615211365,0.1044190164760382,0.1816574556405542,0.0227953690089004
1026,46.30612861360994,0.1158688178865606,0.1471641037118978,0.0090886112601835
1027,44.25853166839303,0.1890502580478572,0.089862785766606,0.0071604555124241
1028,44.763893349878295,0.211265531361034,0.0096997682711169,0.0016954899651166
1029,46.44891730994275,0.1654048293081824,0.00449437686095,0.0154717707350339
1030,45.85475829523499,0.119494429920266,0.0,0.0184582509161016
1031,47.78405782041215,0.1203029846022492,0.0,0.024164180607702
1032,46.68317226910074,0.108806186815351,0.0,0.0456246833385045
1033,45.91799820728989,0.1072932958114586,0.0218931563621224,0.0789072157203333
1034,43.71317803917259,0.1770413557659225,0.0,0.0445114076113432
1035,39.902745480615096,0.2643321939552843,0.0,0.0171508174934728
1036,46.92642823880523,0.1098566179721705,0.0,0.0053683537409012
1037,48.30807386100874,0.0937506518365463,0.0,0.0006616591295938
1038,50.22473821894504,0.0908344979319873,0.0,0.0084049403838056
1039,48.85574477064594,0.0963600826906746,0.0,0.0035328923611821
1040,44.69799013920998,0.1085017441200546,0.0,0.0029873126749841
1041,44.36770081709072,0.1156316038213902,0.0,0.0041581608810768
1042,45.67880694487305,0.1031026096370041,0.0,0.008518757085559
1043,49.07355528595004,0.0916696272611421,0.0,0.0099488343565676
1044,49.82337119396504,0.0930751303825555,0.0,0.0035496023524362
1045,48.10211544824129,0.1105831281573405,0.0,0.0043316536264016
1046,48.55698800580526,0.1024413795061336,0.0,0.0103859305565118
1047,46.11789088676372,0.1052626707608785,0.0,0.0473857670820288
1048,46.02128697443851,0.1022738235671423,0.0014539916896373,0.0466736128132317
1049,46.61686578493285,0.1326097744913301,0.0,0.0110091664051054
1050,48.79659619402335,0.07388558241778,0.0,0.0008697917834185
1051,47.96438843021618,0.1250574711283168,0.0,0.0027875162369528
1052,49.69565431386845,0.1081344994044618,0.0,0.004438704854664
1053,51.14301770600367,0.1156147438102728,0.0,0.016244804202409
1054,52.28815883934422,0.107295706427938,0.0,0.0068950257229041
1055,53.72693356162476,0.1003370922233624,0.0,0.0022065990123118
1056,51.087008106772025,0.1324594804570571,0.0,0.0
1057,49.45479989335802,0.1445757286532605,0.0,0.0046262935635708
1058,52.851388365735744,0.1037078275975123,0.0,0.0059728205858854
1059,51.48146860608836,0.1287727558789911,0.0,0.0090680276995343
1060,50.26702027786774,0.1334333789021189,0.0,0.0178694734021481
1061,49.015769247372496,0.1200091806654625,0.0,0.0213884011303387
1062,49.80390382497473,0.1108809816075598,0.0,0.0015994302762296
1063,47.56300525829157,0.1512159168144209,0.0,0.0
1064,43.69458588296708,0.1574927787826845,0.0,0.00554122984984
1065,46.95081340681104,0.1546511599400832,0.0,0.0075504784835113
1066,43.599297993441056,0.1984964608376076,0.0,0.0112048526026059
1067,44.80101295030187,0.1197648198940681,0.0005891030656325,0.0084243978802139
1068,43.55903250533887,0.1943501766746701,0.006586414829518,0.0045425241424687
1069,44.09963666838637,0.1696295104756816,0.0442668915923827,0.0110616719286027
1070,45.59704973468374,0.1043275089410977,0.1405851099157394,0.0378674674265664
1071,46.1110766180501,0.0749405109284777,0.2097035933939749,0.0375072211481085
1072,45.06403585708762,0.1231022352010201,0.1863787547499743,0.0284393232394317
1073,44.04056697581569,0.184599767849459,0.0236907516724968,0.0116224433960711
1074,44.32522288102582,0.1756791896429854,0.0185353861082092,0.0072382507492351
1075,41.69591889595718,0.2327218975465594,0.013673819024648,0.0150512887187458
1076,42.62707613273179,0.2012244396658631,0.0201251428874993,0.0100956977722082
1077,43.49931007067987,0.1916547447920837,0.0191363591355919,0.0070755792378838
1078,44.18831124931647,0.15967779236728,0.1545706839785427,0.0193764412699993
1079,46.518719490593945,0.0893970688863582,0.3536786605988929,0.0215989040104936
1080,45.75864767260533,0.120095743556127,0.1820812195690869,0.0180447793093611
1081,44.30587964667183,0.1693564731898074,0.0659422004420621,0.0052673958186253
1082,44.57140629908002,0.1403528608277143,0.0623352260250665,0.0105999231040019
1083,45.64278296107399,0.103509507498208,0.0154885613352049,0.0268956504241353
1084,43.45434774833212,0.1874723576241068,0.0664775668715708,0.0098014713884304
1085,44.37535735805376,0.181435051886246,0.0232333629999572,0.0110441080979649
1086,46.35501129581967,0.1586179598528057,0.0112402088710175,0.0079334616419736
1087,47.42431794104214,0.1412774513442029,0.0005252907640076,0.0154606308543742
1088,46.11993594893408,0.155900642612921,0.0,0.0235738764454176
1089,45.12328009051892,0.1432846954885156,0.0,0.0150727368303986
1090,43.33771381714609,0.1871560492118396,0.012399379491225,0.0095022760752171
1091,42.8544966760232,0.1893361241909609,0.0680526679212508,0.0110802865779763
1092,42.088423617765486,0.1793126353005363,0.2069374416863237,0.0099819318307059
1093,42.78997814075926,0.1584543885458043,0.1675306453793751,0.0124994520033475
1094,43.688232845259606,0.1653515189475834,0.0354155390794688,0.0
1095,43.64821729226723,0.1453419659486714,0.0,0.0
1096,42.32480318805054,0.1702075987689661,0.026478152309825,0.0
1097,40.60718049315145,0.1915979294174863,0.0,0.0047322853007195
1098,39.22937507625492,0.2181508622812732,0.0,0.0
1099,39.638440080461166,0.2069085441250191,0.0,0.0
1100,40.04152070983629,0.2081287459889591,0.0,0.0
1101,38.28637939129283,0.2553409758523089,0.0216458470663821,0.0
1102,39.656956242868624,0.2383802066184607,0.0192779339439153,0.0049770008696367
1103,40.28066657908947,0.2061093655191135,0.0776997760883045,0.0083729312588811
1104,39.61797610698273,0.1996277525096521,0.1636068477408623,0.0236901690750662
1105,40.95426072029603,0.1607085046454297,0.2295184285433502,0.0298130168850262
1106,41.77148096129613,0.1290179595658627,0.1923962698296811,0.0578276884641873
1107,43.25008744972583,0.0790375863434622,0.1420270063131728,0.0723293192996551
1108,42.45206810758755,0.1290904880352548,0.1143469088621359,0.049579994800071
1109,41.221462536096965,0.1963881779904631,0.0607061427923145,0.0159151936497912
1110,41.10010605381818,0.1953744835189864,0.1219216000142574,0.063465316429473
1111,42.10944203178519,0.2093134735240622,0.0149106562405245,0.0104993083451195
1112,41.89653435794863,0.1620791402526644,0.2287190870712029,0.0202412085886266
1113,41.866189928747694,0.1586484209110156,0.2216121504254645,0.047835456017928
1114,42.01287992386545,0.1423826610485976,0.2321345480581424,0.0464900500101269
1115,40.87773141004612,0.1824467444002036,0.1830979953726073,0.0410882608008809
1116,41.95123729042399,0.1372755569848713,0.0640731547938787,0.0577310739753473
1117,44.24768440994444,0.0861977368747184,0.0051287939698067,0.0462355216004994
1118,43.51307975845758,0.0977179345352078,0.0035704593210797,0.0486981612689571
1119,44.97497694236169,0.1304953605806009,0.1210054570621675,0.0209520130002845
1120,45.996886139439255,0.1175823270212887,0.2086954756588746,0.0297070646533671
1121,47.56638080836818,0.1030558731106155,0.2112280657164336,0.0310345349443032
1122,47.59038219227775,0.1152567961466002,0.1173256912422228,0.0142971610005084
1123,44.68796577466675,0.1488574612546741,0.1937895518003129,0.0104156218441193
1124,42.91265835488876,0.1780210691935475,0.245340587637918,0.0202856324519931
1125,43.8712907944439,0.1535578348116778,0.1910460125981206,0.0483001237753406
1126,44.59740172045433,0.0934819763893985,0.0202923075936774,0.0442383656277704
1127,45.3792323623824,0.1152267038450019,0.0,0.0339159088829909
1128,47.25014046294633,0.0872907384220998,0.0,0.0426422018431263
1129,46.35457753313199,0.097428223083233,0.0007268751267291,0.0722481696450566
1130,44.92227766792999,0.1764840974447935,0.0118625198300202,0.0358633511844999
1131,40.83163847981529,0.2335534762409461,0.0,0.0112050713547418
1132,48.53104606030498,0.1017612314328998,0.0,0.0050827244837912
1133,45.05281971290495,0.0973562565250907,0.0,0.0044929059774648
1134,44.490942003233926,0.1162122428042886,0.0,0.0043801942014794
1135,44.05030280757745,0.117667219623528,0.0,0.0060220337642372
1136,45.804940523133546,0.1145458792823101,0.0,0.0104620172703833
1137,49.45664246091121,0.1079171497015545,0.0,0.0049428736940666
1138,51.15398695005315,0.0843190628751856,0.0,0.0034043744972887
1139,48.59657192152362,0.090955482766913,0.0,0.0200878356589121
1140,48.18645754452015,0.112863970228144,0.0,0.020863490689957
1141,49.13030462321632,0.0935390771906465,0.0,0.0086895610281507
1142,47.48492817028592,0.0949785448098715,0.0,0.0
1143,48.45208836230216,0.1069611587705164,0.0,0.0096618032381177
1144,47.79235123108495,0.1466978495516637,0.0,0.0147254294226737
1145,47.91698790998275,0.1273841256167627,0.0,0.0129583625576151
1146,48.36399508779071,0.1171356641158464,0.0,0.0047716730434596
1147,47.22647908959987,0.132775014925695,0.0,0.0
1148,48.8655685642088,0.1277133493914898,0.0,0.0
1149,51.60412384221073,0.0998661112957019,0.0,0.0
1150,53.35597218344889,0.0883549771207946,0.0,0.0070460270332619
1151,53.75987282640841,0.0992315142365161,0.0,0.0030535191544386
1152,54.532532786337256,0.0995595813519295,0.0,0.0073096561898808
1153,53.37372830333496,0.0894429296940488,0.0,0.0
1154,52.30184602805031,0.1064573591793554,0.0,0.0046257474881619
1155,53.15727223517015,0.1074893892716755,0.0,0.0
1156,53.30499114883376,0.1060865815686918,0.0,0.0
1157,49.84719592598949,0.1333340528868743,0.0,0.005184455027348
1158,51.28529300299157,0.1205270893116774,0.0,0.0046842160911807
1159,46.8080116713835,0.1737667637729773,0.0,0.0
1160,46.913593045572426,0.1487739494679884,0.0,0.0
1161,44.86504150527058,0.1619459892456952,0.0,0.0009137740610758
1162,46.142413393235046,0.1606861323475255,0.0192846300615148,0.0128646007106171
1163,45.1006021151316,0.1450376203534513,0.0046615945513259,0.0086143994044157
1164,44.220100661329575,0.150233835219151,0.0079316005360623,0.0105801919090943
1165,44.76174085268606,0.1283863625470804,0.0060303785747812,0.023518520298322
1166,43.22909779947211,0.1896351469987564,0.002236891781567,0.0092332976794656
1167,42.444285689627385,0.2050542665991135,0.0030363139881977,0.0122973055086727
1168,45.07920183137965,0.1364655222976489,0.062894865833924,0.032119390890135
1169,45.208869409534806,0.0881315863667766,0.1478433551297807,0.0504290475711137
1170,45.591763943674856,0.1167253813124687,0.0658262343073037,0.0254951270160224
1171,43.97903847589284,0.1749008074500762,0.0262576817111273,0.0170040551320022
1172,42.22239179614204,0.2009205811086545,0.0460543209339708,0.0112958755802849
1173,43.14453925388168,0.1897076175692694,0.0324635805614527,0.007478777570504
1174,41.05720879968824,0.2171399975660361,0.0433680861114715,0.0069307568307815
1175,42.4483807326537,0.1983687584088776,0.0531932681328203,0.0040106874932771
1176,43.608610266083694,0.1822222459797006,0.0189034216811594,0.0132294478588608
1177,45.295787836376,0.128233114423044,0.1637195691866819,0.0357733714940536
1178,46.23346587217596,0.1184757570078206,0.0683749718258159,0.0223036386532307
1179,47.17889035558157,0.1080232021200116,0.0146162760471816,0.0236271716729171
1180,48.53894202524423,0.0826810118943286,0.0053026254685334,0.0191742002404256
1181,49.038213851024445,0.0833662131861647,0.0455445177864434,0.0101596467832421
1182,49.36207142296935,0.089868380812391,0.0003499345806752,0.0137484364983277
1183,47.020491828357386,0.0953692902144279,0.1607982358352958,0.0175777382420193
1184,46.086131974904085,0.0864253022825183,0.0658100212222537,0.0219356427163214
1185,45.76646148453273,0.1153010350156244,0.0072585011141719,0.0177318845592083
1186,44.4736859794676,0.1371447516552998,0.0816439842202985,0.0120875533719515
1187,43.95316554177933,0.1289712451118923,0.0014231094970977,0.0207600203054537
1188,42.83125228192303,0.1766820581629167,0.0861626111024401,0.0147847408797612
1189,41.82189071721096,0.1809750689415415,0.2630378759448334,0.0099157703492404
1190,42.076487556608,0.1916823503921557,0.1404744693237865,0.008792628101667
1191,44.53448759173479,0.1567204205807125,0.1055777511304417,0.0070918481324412
1192,44.20670435914639,0.1570731926097171,0.0079632040105999,0.0011534889640414
1193,42.90656294197921,0.1540814009043571,0.0455763850488768,0.0
1194,42.1161910843085,0.156663104146884,0.0890441568011547,0.0
1195,39.91691909382798,0.2040468294429223,0.037819099541243,0.0015612756314986
1196,40.98415935429102,0.1842788876911817,0.0129501332826269,0.0036345677793634
1197,38.40880105271298,0.2229772379146192,0.0330071472861513,0.002458978287065
1198,39.07178298743879,0.2272754912226537,0.1000216039994952,0.009849403314041
1199,39.893093313263776,0.2115797062949734,0.1250963363023238,0.0108327745315049
1200,39.34666575704487,0.2414496929512708,0.0401737835980604,0.005766997061057
1201,40.693264342589615,0.1849774597593611,0.0703304252938454,0.0168143234799226
1202,39.47028967420168,0.20017854322734,0.0666329372021414,0.0052844727965245
1203,40.56980287176494,0.1906799977524793,0.1433962040631779,0.0215469881363951
1204,42.01802631612005,0.1405587271963831,0.2099736058112665,0.0467989637015265
1205,42.14662224337567,0.1286356501607524,0.229759841454768,0.0366794076834483
1206,41.5066798855409,0.156718497512642,0.1079062637448882,0.0376742048304033
1207,41.55528565966049,0.1694511951094073,0.0304118143741494,0.0199623812987811
1208,41.92125602422258,0.1250058192597455,0.0372109750290386,0.0347213006658097
1209,41.952214015395455,0.1990448897785454,0.0502020520867099,0.0153989037352628
1210,43.05699451584425,0.1496181043772805,0.2977413404310516,0.0479974622558229
1211,42.49158072496069,0.1320219164879311,0.3444238991409072,0.0631754522156277
1212,41.352261451529735,0.1557572625590773,0.2634042108409281,0.035701155100174
1213,41.44869730176104,0.1621954476900698,0.2621126032122295,0.0514288276503673
1214,42.178564809274384,0.1354276585773983,0.1312730227866238,0.0563289882654926
1215,42.89457517845708,0.1081018119057728,0.0817184526795224,0.0597110240727583
1216,43.19159279776372,0.0982851410674387,0.0442248043593478,0.0597072098330632
1217,45.958938305518174,0.1071993392409405,0.1816108302434225,0.0315898067907763
1218,47.08474092061548,0.0925081944536146,0.194752161145208,0.0277070732001054
1219,47.09246368230328,0.1044456046591713,0.2362638734269292,0.0343171312476938
1220,46.6817367136774,0.1124115818825634,0.0602487558016034,0.0226313104556377
1221,46.268838518764966,0.1199082243496378,0.1540856384347493,0.0216128374758253
1222,44.296131374134376,0.1710015654953313,0.100333743138507,0.015333747167746
1223,43.96357694018473,0.1340559633141866,0.1010289138507039,0.0340361899186343
1224,44.51375552670768,0.0991981110772227,0.0194123984996723,0.0286412080420341
1225,43.84683622289554,0.1297502375302416,0.0,0.0141005278951559
1226,46.66657899897791,0.1373484887795608,0.0390544870563188,0.0076782827918369
1227,45.34428431782824,0.1523691262812256,0.0252549143696662,0.0464473175763946
1228,44.31916920851738,0.2196177264387073,0.0,0.0
1229,50.25364067646027,0.0819020705664787,0.0,0.0
1230,51.36950706418602,0.0708558855050304,0.0,0.0
1231,50.09750479805808,0.0928063563880498,0.0,0.0074281637435803
1232,49.12125430555541,0.1077567580699661,0.0,0.0072193102628921
1233,47.96012038595411,0.106453396882878,0.0,0.0316457490455117
1234,50.52560713484367,0.1016908381501241,0.0,0.0078676586700688
1235,50.53283569425749,0.0840725669062586,0.0,0.0051319615391291
1236,49.37246285868168,0.1065859971281319,0.0,0.0045414842329584
1237,49.44949156338363,0.1069883469900024,0.0,0.0046991823595708
1238,49.83997172198527,0.0949283588938127,0.0,0.0061521562096719
1239,47.63252321578946,0.1285423591883866,0.0,0.0008595658537514
1240,50.18013492703799,0.1107347387872116,0.0,0.0052184059333402
1241,50.55448869556464,0.1027954988201388,0.0,0.0026263069144666
1242,50.06980427679371,0.1067986445630328,0.0,0.0067982926338725
1243,51.08360852136983,0.0773123072456302,0.0,0.0033340022152358
1244,50.76132467011188,0.0822850492840276,0.0,0.0016975961731719
1245,51.173927274278284,0.0953915902397399,0.0,0.0011277777826467
1246,51.34294706230273,0.0995782513584866,0.0,0.0057297975114065
1247,51.22977765165859,0.1048108157560606,0.0,0.0183833688000668
1248,52.70378153813382,0.1074798273791047,0.0,0.0071951165876366
1249,53.60110426232643,0.1076023654645017,0.0,0.0021200569702222
1250,50.68987725216173,0.1284117282712948,0.0,0.0077517327109357
1251,52.070021007217136,0.122804406231014,0.0,0.0066969861752164
1252,53.703499491115394,0.1047454807968445,0.0,0.0051116859248927
1253,52.53015359433514,0.1163340396565507,0.0,0.0037718588974816
1254,52.61456934250531,0.1045991637208677,0.0,0.0012025291113777
1255,49.39224934412059,0.1352370906099514,0.0,0.0066015127458066
1256,48.25751916997437,0.1447423673545083,0.0,0.0026377268974287
1257,47.58746870680545,0.1369601745862036,0.0,0.0
1258,44.1568243455856,0.174291107763271,0.0,0.0023334984823307
1259,43.57041561759503,0.1829732754297609,0.0,0.0117651526591381
1260,40.59168346422592,0.1726674739195693,0.0,0.0050053796516615
1261,44.92324158149526,0.1447953687573979,0.0010148146856232,0.0184966017010645
1262,43.49072841402412,0.1845399042242028,0.0056864524045913,0.0137173149751001
1263,44.52831202673228,0.1804117885136104,0.0107298731534747,0.0055619999477252
1264,45.35802272999336,0.1765206807368827,0.0115064924234898,0.0082692718993949
1265,46.26918713050204,0.1293616229507642,0.032979244201345,0.0213411431210518
1266,46.69043173238082,0.1323265976136916,0.0189256029338276,0.0096275331504187
1267,45.992149895058304,0.1452415925252081,0.0,0.0198650821684168
1268,43.93729570439398,0.1603794339688357,0.0580698412163739,0.0306441670217072
1269,45.79951889541866,0.1097156045814184,0.0867380089804208,0.0365484940578379
1270,42.99554771810793,0.0989890505574922,0.0311429181308762,0.0201773761801495
1271,46.10320454847608,0.1016176907540905,0.0807496055937967,0.0047704083509938
1272,44.95177774481196,0.1584275584049797,0.0598267030805622,0.0045479312444601
1273,44.67256581773267,0.1628457847914284,0.0281477949316963,0.0131236362520868
1274,45.642584525404445,0.1481706636555557,0.0347633737045976,0.0161298629395891
1275,46.198148498911976,0.1381971751423186,0.0216308779917519,0.0164743051096043
1276,47.88193735542767,0.1209764898287024,0.0055883889881254,0.0128214565338571
1277,49.90350463512527,0.0925412398550308,0.0129198482460551,0.003346257527713
1278,50.554512518129215,0.0896375407610786,0.0039400182586207,0.0
1279,50.12085528761045,0.081722497572306,0.0,0.0
1280,49.30037882643566,0.0723185189025166,0.0,0.0
1281,49.71587479850858,0.0772378618533225,0.0,0.0
1282,49.69020372119821,0.0731710963957997,0.0,0.0
1283,48.84212860995589,0.0932910356300091,0.0056254490095252,0.0062870911441698
1284,46.40217945022937,0.0972070992985953,0.0444431937445556,0.0317665545844197
1285,45.19056896320108,0.0750714581795485,0.1993413959589129,0.0366501641659911
1286,45.09534116886049,0.0821147898397956,0.0551947645440124,0.0532958675927573
1287,45.92342143258331,0.0840805274543927,0.0008431906321783,0.0585749326033609
1288,43.806720817689374,0.1645707841501649,0.0260255566148133,0.0151078362722905
1289,41.96540390330924,0.1926951217997568,0.0043300449510599,0.0034600208884125
1290,40.93966489617032,0.2081621948103712,0.0932633618106553,0.0027328867463362
1291,43.23637387831364,0.1616887574401122,0.0913533943136064,0.0140479143408619
1292,44.77419045624509,0.1366409394759658,0.0727989576526763,0.0028576912039888
1293,43.60787047870104,0.1346911186728993,0.134087413300551,0.0082875099242378
1294,40.72093193119231,0.1937891254272256,0.0982434563244764,0.0
1295,41.309018595225936,0.1903532987862092,0.1599743257770099,0.0
1296,40.8890787023729,0.1913943831239899,0.0156789640189684,0.0
1297,39.8429454240472,0.2082072487772651,0.0726664303675915,0.0058871469367693
1298,39.35954800650139,0.2123599286127471,0.1122941444916807,0.0126893759085737
1299,41.31415828949738,0.1656394528618066,0.0733345047618926,0.0253094483215748
1300,40.91175662742046,0.1850239396852588,0.1607902410976433,0.0225460869855199
1301,39.64209283563093,0.2041793238868961,0.1778282930724406,0.0
1302,39.37763894080108,0.2209030479341058,0.1088933723716098,0.0023840968272756
1303,39.99454460439641,0.1819347598722148,0.1513514550577552,0.0254582501929212
1304,40.8287241235873,0.1694379616620226,0.1345982631256551,0.0438930311517172
1305,40.912139014069766,0.1651151909919518,0.1606840309510868,0.0417350663561408
1306,41.14610513371999,0.1704482267402529,0.2447568985754014,0.035026747731156
1307,40.99774430937146,0.1775013371455144,0.0987048679829777,0.0271544365131559
1308,41.18391795283736,0.1749129250153371,0.154782848919041,0.0283488951297447
1309,41.096286301523705,0.1739250576427574,0.1235295116465904,0.0437131219450225
1310,41.90218309139075,0.1887704668844932,0.0418667482221885,0.0231075989629775
1311,43.12387896659544,0.1806272387851119,0.1316129782215105,0.0270294093884817
1312,42.87654887415018,0.1503532597995456,0.2568939763318395,0.0474115911827466
1313,41.98795085200141,0.1431748976811059,0.2564780658347472,0.0287348584674821
1314,42.17730739160427,0.1347260297549369,0.2980332869998224,0.0361811612969387
1315,42.56455244122321,0.1413354422053006,0.2675731371805013,0.0371668140874615
1316,42.1979916489639,0.1615573884989723,0.2217650625117455,0.0414994948894891
1317,40.96007391642541,0.1984555957752324,0.0809886000685147,0.0284682984354874
1318,43.51103832914668,0.1979212660793877,0.0323305955076951,0.0045307927970779
1319,47.36171769155425,0.1135821250350171,0.1153851619347265,0.0157850157458675
1320,45.58279505135668,0.1325354572867025,0.1181625135121608,0.0222958724407408
1321,43.54611761644095,0.1991017988317405,0.071186893014743,0.0027678917984892
1322,44.17224127609216,0.1804391446911877,0.0077977949753278,0.0024614172663817
1323,44.83273325080869,0.1649403302027927,0.0970706148509214,0.0189190121680766
1324,44.79873853583848,0.1409103231620915,0.1782439234280017,0.0324454369168222
1325,45.771572783281655,0.1037472986683624,0.0866160449159997,0.0172141601135537
1326,46.8491105934335,0.091343579931956,0.0575232114618458,0.0056839444548442
1327,44.910049135631816,0.1375770724988825,0.0064293731492322,0.0218748277202994
1328,42.72077610989713,0.2184931400783702,0.0028415679747077,0.007949513235967
1329,50.401245723567065,0.0805989413320361,0.0,0.0062331990403596
1330,49.55972623943784,0.0938875137895618,0.0,0.0055002337642445
1331,51.034046988664485,0.0815758202578282,0.0,0.0
1332,52.36343669525155,0.0816774900959523,0.0,0.0027883999371025
1333,51.8278408165101,0.0909000312454244,0.0,0.007332864863413
1334,51.59485861796812,0.0875133870949787,0.0,0.0025832038492617
1335,51.09467691639723,0.0889462759501262,0.0,0.0042691323666411
1336,51.651556448190064,0.0777725129686889,0.0,0.0
1337,50.91946155327153,0.0774372202089515,0.0,0.006228104575013
1338,49.77339380637383,0.0990521136195473,0.0061408837427592,0.0048325348530484
1339,49.76559222616717,0.1133118008239528,0.0,0.0
1340,50.6964045703949,0.0935445240379514,0.0,0.0045822202333633
1341,50.496969809799694,0.0943688257757086,0.0,0.0059841533772451
1342,50.69956359111967,0.0850941123019617,0.0,0.0
1343,51.39962440980224,0.0784291244808968,0.0,0.0
1344,50.966382043948805,0.0958184306143796,0.0,0.0047004422946637
1345,51.17575892927678,0.0900318797458651,0.0,0.0040023956919593
1346,51.53172280515329,0.0848621344930643,0.0005725898150444,0.009930238024477
1347,49.62579261593849,0.1116255600579694,0.0,0.0033027385801448
1348,51.41467616149417,0.1111197056988728,0.0,0.0083484514128742
1349,51.69031912097741,0.1100592138875086,0.0,0.0040103475445741
1350,52.62075316033248,0.1002409818319088,0.0,0.0061087688561061
1351,49.18326118198644,0.1096756620078266,0.0,0.0466557462643086
1352,49.09741167051078,0.1500788502026452,0.0,0.0191874025699235
1353,53.35352111899046,0.1091314865951179,0.0,0.0014048879676224
1354,51.22231406338031,0.1296694047862167,0.0,0.0047518702342984
1355,51.22709929617411,0.1242447366803314,0.0,0.0043357466873588
1356,50.07918166067897,0.1372066439362985,0.0,0.0095041005037367
1357,47.05778808806283,0.1264664058136126,0.0017663907628665,0.0368886980524294
1358,45.3857524717659,0.1287586256048078,0.0037671370284508,0.043989115622207
1359,44.83021440866879,0.1768313981120379,0.0,0.0042734916345313
1360,45.21491124886144,0.1726320349953661,0.0,0.002106924717319
1361,42.995166393099,0.2215430578136488,0.0,0.0
1362,42.444326791367445,0.1731373440264567,0.0,0.0049660135664257
1363,39.25831334003534,0.1887909849450138,0.0,0.0114349029120679
1364,43.69822611768443,0.1746721228062735,0.0001515959595622,0.0046179719734645
1365,47.643180262881096,0.1491431002214528,0.0041181485323335,0.0061622882044638
1366,50.21628323145888,0.10273378423626,0.0119489237017443,0.0058074168918356
1367,47.59431015018169,0.0805704892646741,0.0397137545464414,0.0275485447967651
1368,47.494176814696985,0.1069220105592396,0.0150933120955548,0.0089029427736662
1369,48.99495452491538,0.0949913054746826,0.0,0.0080141297749875
1370,46.56525038730347,0.1034473681636165,0.037386799844066,0.0266049311705566
1371,45.59293059204051,0.1264904826537528,0.0901252834246646,0.0310874751856102
1372,44.35817859529216,0.1692860580726605,0.0095201415587468,0.0138662681430107
1373,46.855441699847695,0.0946435569388214,0.0125323812791987,0.0263045747391396
1374,49.152439927016864,0.0983494576832591,0.011138638912548,0.0171143876245727
1375,50.04627904414372,0.0794642709340433,0.0009000987149663,0.0037136550757536
1376,50.975523247540494,0.0800480143337545,0.0,0.0
1377,50.73687001376825,0.0756049961418108,0.0001129005325615,0.0
1378,50.6949615729203,0.0797649781353837,0.0,0.0
1379,50.10510222064333,0.076076049389136,0.0,0.0
1380,50.00623411897002,0.0798277512096962,0.0,0.0
1381,49.72700664384405,0.0702751026302129,0.0143711377003442,0.0
1382,48.42755077050532,0.0763501510436117,0.0324776865222475,0.0
1383,47.55780872284787,0.0941747440734612,0.0144684217707179,0.0012467790702004
1384,47.1500211127437,0.1004649125680313,0.0463859739745908,0.0048705229744974
1385,48.06570739784031,0.1009351279511013,0.0104507111144852,0.0087204751542368
1386,46.78167097336952,0.1201494266081714,0.0029648456402911,0.0088402823023911
1387,45.912862651922055,0.1177848199613862,0.0514254688238083,0.0240754899419627
1388,45.76087622034706,0.0744349307885145,0.0871115398859343,0.0462194593721734
1389,45.38849151389704,0.076932702577383,0.027320268057174,0.0471165848866195
1390,44.68853012662176,0.1463586971770233,0.0306066035127928,0.0166840953599426
1391,42.10964211855118,0.2195813398009675,0.0800910783008965,0.0173149684792603
1392,41.89333240110987,0.1804090503218841,0.0046399746253032,0.0
1393,44.73253944403521,0.1525962015803181,0.0530447733016198,0.0056699808716631
1394,46.19537433897111,0.1501156789297784,0.0,0.0
1395,44.8159824677572,0.166352182089568,0.0335744327566935,0.0007958522387989
1396,40.33034715344295,0.2181957619919959,0.0599884290473798,0.0048111634300309
1397,40.03622239170624,0.2112267490332066,0.1193621371612196,0.0
1398,41.05630954513305,0.1864484752173517,0.0387094227059306,0.0
1399,40.728870494887786,0.1931883921599782,0.0154948708142997,0.0014369175514499
1400,41.05193579437937,0.1867990721332582,0.0843797068364364,0.0111378523508786
1401,40.9444501593494,0.1994064028391132,0.1184756637194017,0.0005664369125709
1402,40.37758500748,0.1854294870337893,0.1443409863265313,0.0063703909624968
1403,39.46605383994497,0.2071891802770009,0.1772327468425902,0.0042735148886466
1404,39.4158897557799,0.1869078287919084,0.1346818719127605,0.0292943557501916
1405,39.73337572847809,0.1757382680736697,0.179214230966976,0.0355103573834778
1406,40.39963533187713,0.1869512476363297,0.1342432077813262,0.0251552472160981
1407,40.10974091427138,0.1811621936398771,0.1469573131744403,0.0311086227280996
1408,39.59491193813424,0.2036326923096407,0.0783727620845215,0.0185305278202065
1409,38.24450545735429,0.237086286125125,0.0763837618986447,0.0003622703176787
1410,38.6908957351719,0.2240683772023827,0.0543299821283398,0.0121465317226254
1411,39.79646006092127,0.2016521424138018,0.1299307269378334,0.0223198774080999
1412,40.18914120984515,0.1940690072783099,0.1785501943996261,0.0222924528785464
1413,42.09958661292717,0.1866050904374775,0.182580948340257,0.0194323937674685
1414,42.13922529989148,0.1689823483646049,0.262053007965191,0.0153260344034893
1415,42.00076978083475,0.1513244227189407,0.2483705769609505,0.0224618087271252
1416,42.46500673303013,0.124954288799308,0.2437638783910168,0.0415077057695994
1417,41.79650042698037,0.1412584139390685,0.1987168922761175,0.0571930299628958
1418,40.94608206691043,0.2037571637130935,0.0872120848890841,0.0256658489731082
1419,41.29229390102473,0.2050857058213703,0.0505211254278596,0.0114462645380838
1420,42.554047177237344,0.1879187115836896,0.0888364539662597,0.0052340926196127
1421,44.486607243702366,0.1236587342627525,0.0597073177947015,0.0243894243701349
1422,42.97844881463198,0.1435269895016392,0.0072874862105892,0.0139462623293695
1423,41.99242549474776,0.2066752618590826,0.0,0.0
1424,42.984256389653616,0.1787271597758812,0.0055788672730884,0.0053618177386134
1425,45.09713894776366,0.1105655827065963,0.0670853720230744,0.0418362097177432
1426,44.54195232245104,0.1212118270516155,0.1237827470156394,0.0262370658420908
1427,45.68494564058174,0.0627080905104435,0.0609738552548897,0.0669726203741814
1428,45.52554500614923,0.1445925817081222,0.126923133961582,0.0232949726058809
1429,40.71110886230363,0.2101285779799528,0.0005188605641997,0.0075299596760436
1430,50.329845458516935,0.0792421380066024,0.0,0.00466299094928
1431,51.027035178300856,0.0836269819752334,0.0,0.0
1432,50.90326133154491,0.0830420660725049,0.0,0.0
1433,50.59698722124692,0.099730052847548,0.0,0.0156384633735227
1434,49.068590501717175,0.117830408240247,0.0,0.0121929733932394
1435,51.53849076082082,0.1009616570364483,0.0,0.0107502491281158
1436,52.71175141703447,0.0866290340074345,0.0,0.0040293053312357
1437,51.67121643118681,0.0843517296300791,0.0,0.0040105810713894
1438,51.56575321631782,0.0863853505908724,0.0,0.0040119597511676
1439,50.45944493365475,0.1034718950503442,0.0,0.005405717640586
1440,49.894662478472185,0.1015179538014327,0.0,0.009852999935819
1441,47.05222171050451,0.0966471872165058,0.0002905845672196,0.04788994839649
1442,50.07952783126662,0.1031279231667628,0.0084378887867125,0.0055351358322666
1443,48.54108725534758,0.118016589809803,0.0,0.0228593029994659
1444,51.01249501280891,0.0858637477807177,0.0,0.0123117558918414
1445,51.523279333215335,0.0879638497369333,0.0,0.004011016373177
1446,51.19771174772176,0.0956164798180282,0.0,0.0001838512358432
1447,50.015404882554975,0.1044145292188389,0.0,0.0032664468294627
1448,51.60422531716405,0.0877534387825643,0.0,0.0075014459134326
1449,49.8826454459952,0.1166617910074607,0.0,0.0002882403787184
1450,50.49875387830223,0.098434188250328,0.0,0.0201115961567798
1451,51.545438502016175,0.1160167546175726,0.0,0.0075741772700831
1452,51.27107357462508,0.1287544148799641,0.0,0.0042686808985921
1453,51.60056102472576,0.1163939067025737,0.0,0.0025973470120682
1454,51.510446243394966,0.1107492615273557,0.0,0.0
1455,52.48040680698032,0.1127643434647054,0.0,0.0095976514044961
1456,52.1226078934437,0.1185767997929799,0.0,0.0021806952617125
1457,48.65878957126927,0.1557796624599479,0.0,0.0046295646296087
1458,50.78039928510137,0.1221714819776827,0.0,0.0029354891262117
1459,45.78831055274357,0.1681793863451742,0.0,0.0049235850786246
1460,45.9730059869121,0.1562227124177176,0.0,0.0075478827879354
1461,45.01630990592297,0.1829521367513953,0.0067355165287584,0.0055166055425641
1462,46.90403907734953,0.1545776691694587,0.004922010526139,0.0
1463,48.31857846699817,0.1283666931732975,0.0,0.0045420771904809
1464,45.57185361945453,0.1692689103833202,0.0,0.0
1465,44.88214858817249,0.1784847398507887,0.0,0.0049259085599848
1466,43.67665717146283,0.1435025056462454,0.0,0.0168896518426734
1467,41.198387337892015,0.1884921183177683,7.944154348762436e-05,0.0130070605388817
1468,48.45122891476896,0.1263119532595979,1.8433955087497907e-05,0.008002370602462
1469,49.01729956260209,0.1312414054841362,0.0087011994183049,0.0163540095073932
1470,47.59214088433148,0.1262437427270157,0.0240035304837472,0.0218860895715709
1471,45.74535864282424,0.1580529410733619,0.0100616475613805,0.0100977449617493
1472,48.02593802302871,0.0799962732419153,0.0443095649347204,0.0003062168449446
1473,46.42004605505153,0.1045287294495705,0.0,0.0064517683102618
1474,48.49647956790192,0.092106994674998,0.0,0.0137395219291764
1475,48.33772701827263,0.088661054133355,0.0,0.0284176487798292
1476,45.8579975845032,0.1173867082828899,0.0715416986409782,0.0092620260340237
1477,46.25923165420541,0.0843571763526625,0.0,0.0078198966563433
1478,50.44253806517767,0.076075028890772,0.0,0.0008041679526587
1479,50.49782741392395,0.0679332329671627,0.0,0.0
1480,50.95104734623938,0.0638482837330593,0.0072592979929258,0.0002560643192495
1481,50.15656109448593,0.0520513127952538,0.0454508462904572,0.0
1482,48.987275182331246,0.0408835722577569,0.0605169632048813,0.0
1483,48.642141799291664,0.0513877946366566,0.0846550312465075,0.0002429579131425
1484,46.92428719633937,0.1277710326830231,0.0418794621223417,0.0
1485,45.719082103405306,0.1173491254918781,0.0552442058746897,0.0
1486,45.20497230290141,0.1481911294740567,0.055550433176623,0.0079171523495883
1487,45.214762260077,0.140503213050325,0.1261437236998564,0.0061852274104883
1488,47.91129365819376,0.0866801608722948,0.0738853912749766,0.0103345043293478
1489,46.91700078529113,0.1119458667942549,0.0033422626136253,0.0115579050151725
1490,45.10666892966172,0.0867344076784299,0.1954520739789609,0.0193760688198024
1491,45.72008911664584,0.0718219613660334,0.0968592148449972,0.0091676837811778
1492,45.79823658287915,0.0777162396963542,0.0959890622583427,0.0409129624694157
1493,44.91731408957526,0.1411847687440351,0.0800115884767784,0.0307043561886134
1494,46.0185839309034,0.1487822800333154,0.1006597848691114,0.0070152432774327
1495,44.42362185465565,0.1548015848121773,0.0667681567947153,0.0
1496,43.07720654004366,0.1675639056560118,0.0,0.0
1497,44.16180246672268,0.1704217320344162,0.0,0.0049731498499086
1498,45.13453927888959,0.1691231292814506,0.0109405902861806,0.0
1499,41.07089787704822,0.2168730173956538,0.0180419931726256,0.0021752309126656
1500,40.279050728264906,0.2071625953603213,0.0192780961116097,0.0064836707525549
1501,41.31775161487736,0.1741425312395371,0.0256051083273643,0.0199426235203953
1502,41.0640126549936,0.1974567109140062,0.0743857273713737,0.02972006500412
1503,41.98430768925836,0.1824381356258562,0.0708330669210105,0.0164609740832432
1504,40.93110591487646,0.1926591130019623,0.1209565531696388,0.0213453035450254
1505,37.78888436625533,0.2374950572588459,0.0044808673593972,0.0023972242863656
1506,36.88792173628011,0.2501737637330998,0.0,0.0
1507,38.31397573909853,0.2082232123154035,0.0834796251951447,0.0172825531793817
1508,40.14755557771471,0.1654258503084777,0.2180241537961056,0.0376120151684289
1509,40.49398444589457,0.1697353751058566,0.2462729658058249,0.0183153465261679
1510,40.22579927697326,0.1866203461485943,0.1278141926540682,0.0258797069223313
1511,39.65921785527432,0.2098816259964897,0.1025985934360693,0.0164743382943197
1512,39.54692621194378,0.23098223773356,0.0685006766394289,0.0
1513,38.75465139131629,0.2034966510373407,0.0039881165223337,0.0
1514,39.04812198494027,0.2086208599744011,0.1163091643376422,0.0229498719632179
1515,42.11842103595373,0.1163789862461773,0.4119811558382151,0.0259422677098959
1516,44.76740326404428,0.1230376129659286,0.3790524305785381,0.0204951798400575
1517,43.55937109298005,0.1248492389258992,0.3960634640331156,0.0235858077646007
1518,42.077900719424775,0.1773634375059742,0.1243536346242756,0.0210228722786734
1519,42.304683855528125,0.1511626427781267,0.1677435996567641,0.0049406032507638
1520,42.96552237558557,0.1616219606929306,0.050988718824923,0.0074126135915353
1521,43.19205441619001,0.1548827377700631,0.0162628378732729,0.0144106756325998
1522,41.96541417557856,0.188140332760291,0.1086015889754217,0.0053088090861773
1523,41.95110289486328,0.184790272865772,0.1956527292422261,0.0019504973495599
1524,43.4361210055339,0.1869555842247442,0.0250880941811398,0.0097464580439733
1525,43.28135026296188,0.1662972722513254,0.0,0.0020074769345997
1526,46.3760609995841,0.0970128079381067,0.0,0.0092245644375645
1527,46.41838731283857,0.0932830576078799,2.345944578820488e-06,0.0208997684068693
1528,45.51676781712169,0.1084574214274274,0.0503694273527426,0.0451546178629608
1529,45.91550312769598,0.0902851169641254,0.0227258604380016,0.0493788584742098
1530,42.445445390390695,0.1269242520049681,0.0374586446934144,0.0385723718756784
1531,49.43476943631073,0.0940873168192569,0.0,0.0
1532,49.25151069481591,0.0943923037723303,0.0,0.0045384269102483
1533,49.99093665663146,0.0853292793715656,0.0,0.0019237165734555
1534,48.88510681529799,0.1030912658178138,0.0011378452803981,0.0095647646769265
1535,45.84767225690543,0.0992448935124086,0.0,0.0561873378325953
1536,46.06132701429124,0.0991021766785002,0.0006892089776931,0.0535083921674029
1537,51.48384005471552,0.0936555332068335,0.0,0.0017293478315507
1538,52.33503014851614,0.0936573989559554,0.0,0.0
1539,51.81829620952107,0.0802429141947497,0.0,0.0
1540,51.33408150551151,0.0803186817493822,0.0,0.0
1541,51.56044893571805,0.0854012818617551,0.0,0.0
1542,50.49646402408635,0.0973926398911223,0.0,0.0
1543,50.14981109471681,0.1099233535718076,0.0,0.0045423909254061
1544,51.06476541606424,0.0945676968526451,0.0,0.0037492235334256
1545,50.49015884884085,0.0947385355871836,0.0,0.0140334628245128
1546,51.46963493651424,0.0885957750183982,0.0,0.0062031022919877
1547,52.10536012921303,0.0792598881904712,0.0,0.0025987206736282
1548,52.04649441256699,0.0751639036849478,0.0,0.0
1549,51.97648849097047,0.0781114477429063,0.0,0.0045420021180737
1550,52.97262190948556,0.080569634896491,0.0,0.00449695297558
1551,50.090228745035546,0.1160469039898666,0.0,0.0141796529138507
1552,51.03396472347541,0.1045115600059554,0.0013273429982786,0.0173595018079138
1553,53.67518804513258,0.0927846214718885,0.0,0.0054222785147052
1554,54.25528433884109,0.0892586103682006,0.0,0.0021244966865075
1555,54.1623060515901,0.0965273920363178,0.0,0.0
1556,54.36095912521707,0.0880852371493282,0.0,0.0
1557,52.35730046041489,0.1107442139620752,0.0,0.0125974821771345
1558,51.92532921698767,0.1214033297982688,0.0,0.0024296262481797
1559,48.27382098142721,0.15192456981461,0.0,0.0115452221238035
1560,47.27469961488559,0.1632822359227756,0.0,0.005296187873081
1561,44.79368399839221,0.2002510460984177,0.0,0.0027143720153407
1562,44.86005750715403,0.1929976811390665,0.0,0.0
1563,48.518203227438455,0.1296520513689853,0.0,0.0068975446210177
1564,47.41039945513481,0.1465325245037115,0.0110294251905737,0.0126144161878245
1565,47.44612001188624,0.1369586390100695,0.0133610351438958,0.0082454569513507
1566,45.68219531842173,0.1516944501828536,0.0172963355639446,0.0105469032017897
1567,45.048186820704025,0.1781480081771274,0.0,0.0010324927134662
1568,47.59631006706444,0.1329818226776469,0.0,0.006301794785138
1569,45.145830819582606,0.1295489178712584,0.0,0.0071797210408743
1570,40.95083467473352,0.188710190812118,0.0,0.0085000269891889
1571,44.068919465799695,0.1637439376953012,0.0045697471746717,0.0173412380982874
1572,45.01462726015611,0.1259708203762564,0.0305049489229343,0.0295345591907894
1573,44.60372457227126,0.1833696734739189,0.006526350430392,0.0126548633250191
1574,44.67006453606805,0.1307925492324886,0.1538767825840936,0.0061398993617119
1575,44.94579363752627,0.0814122890546718,0.4479126603871724,0.0053105079906713
1576,47.07139187986812,0.1051807369289341,0.0032586943171798,0.0294134895469968
1577,47.01107064201214,0.0978919345456737,0.0416127969358678,0.0202924442951767
1578,44.90677092653299,0.1357771481667865,0.0752502828951711,0.0194130984170659
1579,43.35814252311437,0.1595529001646703,0.005614288922772,0.0085484120698286
1580,45.85465691688946,0.1312113979169293,0.043292690237751,0.0274700201655565
1581,46.173450975173104,0.0892181479041301,0.1143838974135804,0.0425276262746633
1582,49.10360462362145,0.0811777687753802,0.0476946101572483,0.0195026594557068
1583,49.12775885598945,0.0345007202414076,0.1360642606570144,0.0
1584,49.86230973911309,0.059380088984655,0.5610819989808191,0.0095266054035475
1585,46.60310664989186,0.1195778317326044,0.1035733945242502,0.0136902830201362
1586,46.165252135436695,0.1355833094559925,0.114569864204399,0.0115364795602702
1587,46.25016606114686,0.1339426240277902,0.1305073826103829,0.0089859819030941
1588,46.99337227460245,0.1000356162666324,0.237225682619617,0.0055677548554196
1589,47.24842148003408,0.1175439201469247,0.216381698661722,0.00354987406043
1590,47.6181188212376,0.1012253239132705,0.0477823097408473,0.0
1591,48.188186299225165,0.0933691490545442,0.0619243807367759,0.0
1592,47.84872671746079,0.0938366580178563,0.0698785048908897,0.0172871530503546
1593,48.84622605417636,0.1073196585545829,0.0303361098866706,0.0150631158015284
1594,47.567479743175205,0.118077205233046,0.0693686925461048,0.0204818572389621
1595,46.09430018598056,0.1221281884645439,0.0351136405962682,0.0075011622627015
1596,45.27295567500271,0.1349869219273285,0.0,0.005444371847924
1597,44.4670760933148,0.1395495702246225,9.972815963207809e-06,0.0062710647294154
1598,41.76264332439499,0.1598474562709736,0.0,0.0
1599,44.019508810945865,0.1626513567505599,0.0044070100061264,0.0070336441778275
1600,43.28218680801064,0.1569391198753003,0.065075530485845,0.0120676358149514
1601,42.28116488543316,0.1641172402711788,0.1731225219433909,0.039433219109395
1602,40.50638774036358,0.2118029213682605,0.0956824289287073,0.0132280014876664
1603,42.34574589984805,0.1003197074748774,0.0198431900940026,0.0343171233528081
1604,42.0526533926936,0.1466413056946606,0.0457378644992616,0.0529405182905635
1605,41.08661677351695,0.1962404938905452,0.0902875879464599,0.0369699660763802
1606,40.494599935909335,0.2083604453815809,0.1422976201216175,0.0658576940342327
1607,37.473227646437394,0.2540725688826044,2.027176536509396e-05,0.0013118394430256
1608,36.96546403327093,0.2187743795160217,0.0518022439866696,0.0
1609,37.03016674402928,0.2538240968701881,0.0052563671726593,0.0031982989576094
1610,40.63118129384437,0.150500040248249,0.430806297583517,0.0399330753001491
1611,41.1366092973867,0.1408289284266183,0.3333429676759704,0.0314584916574736
1612,40.10066500737267,0.1833614594073805,0.1618883610231129,0.0191836429151309
1613,39.92616247691832,0.2025816460474346,0.1571347377225598,0.0100726630876995
1614,41.50039664765429,0.1802140614901465,0.2145895713717342,0.0040787015296049
1615,40.86969091863932,0.1840753781596161,0.1360959483957178,0.0153576650783798
1616,40.680873143307714,0.1804063344099351,0.1262554843265058,0.0156694168795829
1617,41.49721596012401,0.1467588958262633,0.2942561842238567,0.0201057176888089
1618,44.60365876435646,0.1226764014786673,0.2509021052140223,0.0363617984444009
1619,43.98564024547582,0.1323503567355071,0.3230454502669411,0.0249990884022503
1620,42.739906765269616,0.1543811720386184,0.1859863774584208,0.0318457168319882
1621,42.17962976530671,0.1344985788727447,0.1447046298925976,0.0356332439376614
1622,42.856763486421,0.1655806953030953,0.0582918165284455,0.0018154238387304
1623,41.93255247843572,0.1930670054055335,0.0767483079327839,0.0025925223446195
1624,43.11708177989406,0.1553176356781829,0.1209149992206811,0.0129381346108688
1625,43.61833805039509,0.1519742024865649,0.0646176037657886,0.0226817881600712
1626,43.14324499121092,0.1627148029654229,0.1353468640356427,0.0339369650473733
1627,43.37384654167042,0.1818292748426059,0.0871319342816087,0.0268177708565344
1628,45.20091390855843,0.1240497461243843,0.011537035637023,0.0269122389132752
1629,45.19484667218955,0.0957092690337997,0.0562496746327634,0.0483223698810311
1630,45.58481162335853,0.1118303295791454,0.0337747591591532,0.0390901295837191
1631,43.3180571110181,0.1434673999704356,0.0332248344956571,0.0591687136148833
1632,49.50033356264432,0.0902724421355991,0.0,0.0042864800291406
1633,49.52816212695418,0.0893392306083529,0.0,0.0043123497763107
1634,49.23247341167178,0.1011723618991895,0.0,0.004627153176442
1635,48.60193300372256,0.0976743989270969,0.0,0.0080463635104993
1636,45.77174060093641,0.1354039134435672,0.0,0.0256695997659224
1637,46.05517583545216,0.130384291562109,0.0,0.0186692858207143
1638,50.730775088077785,0.0904311282365946,0.0,0.0
1639,50.15320020890391,0.1132828995410639,0.0,0.0
1640,50.59858802106808,0.1028317967236598,0.0,0.0
1641,50.32671939679145,0.0957002621014165,0.0,0.0
1642,49.32198899818985,0.1132031529645791,0.0,0.0
1643,50.18253027498779,0.10269486009107,0.0,0.0022336571735598
1644,50.94356388315858,0.0923003561539983,0.0,0.0089152676465724
1645,50.756330127859535,0.1056798154584397,0.0,0.0081658330333398
1646,51.96126437184334,0.0859587754077772,0.0,0.0
1647,51.75712328776619,0.0811246976149499,0.0,0.0
1648,51.44426031927704,0.0791012749976459,0.0,0.0068352278784926
1649,51.51979497000183,0.0813871988672118,0.0,0.0048279830211869
1650,51.998298921192834,0.0859873900088472,0.0,0.0085533238122189
1651,51.694297825673445,0.099049378101976,0.0,0.0004461404807529
1652,49.33377123463999,0.1312231139532792,0.0,0.0094122701392264
1653,49.24121551052553,0.1342440175837766,0.0015928679393566,0.0165955718259067
1654,53.50881513973895,0.0960966858964997,0.0,0.0040110748321884
1655,53.913683324112256,0.0952335148398759,0.0,0.0076656533282092
1656,53.75040981498234,0.1036626098610308,0.0,0.0029781436094307
1657,52.764518291692426,0.1174852546413989,0.0,0.0
1658,49.62982419299481,0.1260537941134015,0.0,0.0295302172457932
1659,50.19969972135187,0.1288681381203771,0.0,0.0054309270134922
1660,45.54947172277252,0.1852450838199341,0.0,0.0087858364056885
1661,46.21965997257646,0.1675236475659029,0.0,0.0
1662,45.95737179241822,0.1666344064514667,0.0,0.0070642650876577
1663,47.94644131348554,0.1434244167713225,0.0,0.003430717119287
1664,50.40801480987644,0.1162892201463167,0.0,0.0033921581118973
1665,47.137656724818505,0.1489744794758178,0.0117764706107397,0.019816421006346
1666,45.64597474746393,0.1061098502521819,0.0431433671597317,0.0459755257798306
1667,45.59763406943952,0.0980033526519312,0.0337803850981448,0.0415046249743229
1668,46.57319296240885,0.1358941637321468,0.0289480942348056,0.00349650271312
1669,46.9557669656922,0.1538337816903195,0.0,0.0061768216073074
1670,46.68075326523172,0.1583112132640488,0.0,0.0085431844995222
1671,42.62847288845762,0.1661054283278013,0.0043901977408765,0.0169704880020522
1672,43.25120740492854,0.1604559532413363,0.0,0.0187967567400162
1673,43.911429945773406,0.1669273798450376,0.0,0.0116017381428839
1674,44.86910239599242,0.1671469670260423,0.0,0.0101140820740866
1675,45.08152121749906,0.1475770145017333,0.0257330881925152,0.0376375546752456
1676,45.60176480876461,0.1029965301286289,0.0925470463789265,0.0469550704455352
1677,45.75942011427345,0.0919026336440852,0.1327239794440076,0.0542943856306008
1678,44.71884040501778,0.1361683600888056,0.1687608898844358,0.0242849506061668
1679,43.37230098836941,0.1558756331352257,0.1228594933903544,0.0257078990914916
1680,44.084419262303015,0.152404354163782,0.2219012809851044,0.0219525528721174
1681,43.15033517271198,0.1680169410296207,0.1544292925413304,0.0066439115152885
1682,44.04479204910662,0.1309791964191944,0.0670362310974894,0.0281569026095554
1683,47.59711510100392,0.0935457298523131,0.0635701870578358,0.0046920940233007
1684,48.91748444525323,0.0453511593801127,0.0594049053236089,0.0
1685,48.875669113463104,0.0583355784803454,0.1347737587331546,0.004684519064289
1686,48.5264492857996,0.0604987240993548,0.1084754914636009,0.0009831421659854
1687,48.20294824371626,0.089982845196234,0.0653043634383328,0.0
1688,48.52085772157187,0.0574287548417755,0.0458620760563909,0.0
1689,48.511642820903575,0.0684401193957945,0.0139253043412116,0.0
1690,48.9676853708929,0.0842443951426336,0.0705287791489996,0.0
1691,49.75317107110912,0.0732523055370851,1.6794272476457275e-06,0.0
1692,49.787360566407614,0.058551595246619,0.0005227333892726,0.0
1693,49.299230266524575,0.0955623760939345,0.0301273437793387,0.0060979895067991
1694,48.67771118143017,0.1178612835348947,0.0086873864057986,0.0119989766710354
1695,47.44877552874887,0.1340485724741459,0.0334587692624358,0.0108317102561825
1696,46.59527460420423,0.1285796233025183,0.0580125736871714,0.0263991249588507
1697,45.32391133278308,0.1479147633821556,0.0742395854320472,0.0212854606533589
1698,44.77502826944279,0.1469410048846995,0.045803456586887,0.014492401165789
1699,43.494191066427234,0.1534407255772976,0.0,0.0
1700,41.21642437475063,0.1782117537248692,0.1209795382835923,0.0139712433941192
1701,41.86397542095545,0.159460866552735,0.2615320009393104,0.0212957120775917
1702,41.55639117187135,0.1622835894600551,0.2773202841282974,0.0350148795004857
1703,40.93672930708305,0.1977845149843279,0.158054275082946,0.0178345841365179
1704,42.68005569738831,0.1648005768962686,0.0987060389382779,0.0503232595673099
1705,41.48579918827645,0.19678691436746,0.1523687703774176,0.0718081449776934
1706,41.2117343189442,0.194886286750711,0.2922960608594994,0.0380011234737056
1707,41.41873799724713,0.1896016718666303,0.1677095099949551,0.0624046552788039
1708,40.554518764613256,0.1930963949220609,0.1060061490497622,0.0289024937678519
1709,39.7056842710525,0.1687596700201415,0.1181604578574876,0.0338173631390315
1710,39.68368525086628,0.1626342355446663,0.0899316308471051,0.0530581403267581
1711,40.973997314404045,0.1342383208416302,0.4092359322616045,0.0476625401633812
1712,41.93604419051248,0.1212397504293737,0.3008437479527002,0.0392997257238863
1713,40.71052511114295,0.1398536755001831,0.0856118169557576,0.0427289018161306
1714,40.18938528063002,0.1711153385570389,0.1707187215998015,0.0105345150631058
1715,41.31096989646418,0.1529341782565165,0.0869335879819486,0.0143740887987345
1716,42.097256495563606,0.1621943808608808,0.1818132494837413,0.0234566181516602
1717,41.09600508083911,0.1524066527376799,0.2048930629121906,0.0365969625768771
1718,41.78225435034712,0.1675541090350678,0.1336920815348534,0.0137961593968979
1719,42.90993173650792,0.172644867604377,0.1434648368053092,0.0176313712777714
1720,43.37817702046809,0.1567401342412102,0.3194505522715855,0.0201048545038944
1721,43.34025784805228,0.1280105628611446,0.2712070516923623,0.0512911478353056
1722,42.37964520691168,0.1097879359515179,0.0608479476335236,0.044931882896752
1723,41.56278326748741,0.1437987387736984,0.1993728305150245,0.0416471721675648
1724,42.715004054975246,0.1413487924695624,0.1295828398415481,0.0333235837915781
1725,44.00449040042826,0.1349225147034966,0.1266877875943094,0.012081546524057
1726,42.7274249366281,0.1467739789322296,0.1438219225815457,0.0190432364770904
1727,43.62614267749798,0.1338457522540896,0.1042544558502083,0.0257323908281821
1728,43.72508556161477,0.1629778708636276,0.0677779559423339,0.0066732329948621
1729,43.96883816610052,0.1756395374582528,0.0593248372988965,0.0102288211287177
1730,44.48379149991936,0.164816225358354,0.0286400569693029,0.0274246766199974
1731,44.15683607183704,0.1279504214492885,0.018969502501406,0.0340870267713563
1732,41.71076893575007,0.1744176233998802,0.0078821685886741,0.023585516911042
1733,49.68058145072605,0.0932706253865458,0.0,0.003351353426793
1734,49.87252971939967,0.0894365924748051,0.0,0.004268515580872
1735,49.37658742365971,0.0844796523502876,0.0,0.0069203500764622
1736,47.66348405095157,0.1084907795415523,0.0,0.0101363830562677
1737,44.5999597050408,0.1678547490737715,0.0,0.0031407641709986
1738,44.83676428546139,0.1664214796788324,0.0,0.0007722911727478
1739,49.08854972822192,0.1119651044801335,0.0,0.0042369527891739
1740,51.34248779064977,0.0877710352732056,0.0,0.0019748398201131
1741,51.70651515742584,0.0810635892171882,0.0,0.0056156418360787
1742,51.00774321025629,0.0878757293164124,0.0,0.0040389266004591
1743,49.72636216906592,0.0980133446604399,0.0,0.0054121770087855
1744,49.89427539763364,0.0991659830588435,0.0,0.0034787617761982
1745,49.076465839860994,0.1330436718892621,0.0,0.0045426299551523
1746,47.03381557405408,0.1712268202734267,0.0,0.0045998654313748
1747,49.770952964559285,0.1028888096146311,0.0,0.0070178820542012
1748,51.60986425581472,0.0860589540125908,0.0,0.0054394675865423
1749,51.85740106163912,0.085880428536014,0.0,0.0085533796895255
1750,49.55108686948155,0.1250057402080675,0.0,0.005547025403958
1751,48.70542648764973,0.1362621799842312,0.0,0.0076519315898415
1752,51.54844815911009,0.1047901356401835,0.0,0.0095563572455505
1753,50.99175288459044,0.1130657875017632,0.0,0.0140547674960232
1754,48.78426266710671,0.1467756272443274,0.0,0.0125504940417859
1755,49.26339256004041,0.1522485501018156,0.0,0.0052742286827961
1756,51.50691719612672,0.1125780448401289,0.0,0.0
1757,50.61770812546247,0.1260028440106571,0.0,0.0038578349249901
1758,50.56341454155007,0.1251727527402585,0.0,0.0142883285520035
1759,49.942174316389966,0.1284780899277701,0.0,0.0123639161056776
1760,49.47564492371138,0.1308338815395405,0.0,0.0021972630223512
1761,46.00849418922421,0.1861545721371224,0.0,0.0007165751342779
1762,45.02663670683056,0.1883265688209118,0.0,0.0082265126696314
1763,46.319578349063214,0.1324701675045671,0.0,0.0306234216271613
1764,48.43982891680277,0.1403507871069191,0.0,0.0017074877015507
1765,48.33178194076022,0.1331174397037715,0.0,0.0
1766,46.856903112124,0.161960311159117,1.0108656241254636e-05,0.0021097470506295
1767,45.60540426156511,0.1376988938152829,0.0283608028456198,0.0262133168440219
1768,45.05950364545095,0.1050097729537646,0.0277002642933828,0.0410403344913076
1769,48.17275889032173,0.1240461579183142,0.0060731442656068,0.0095272917902579
1770,46.71526536217158,0.1512907115658512,0.0,0.0042815363399365
1771,46.90998722047011,0.1319286253098694,0.0068956492978287,0.014456046549591
1772,47.25752713914516,0.1302940021803116,0.0,0.0145079496333528
1773,40.83586922422051,0.1826513414547761,0.0,0.0063234626041538
1774,41.374208804894295,0.2149997892452435,0.0,0.0045830153637187
1775,39.551898266176025,0.2527153118384347,0.0,0.0011714170259423
1776,44.7461559336817,0.1572611800070302,0.0435373292328668,0.0283973484474298
1777,45.631673187483216,0.1192340694318396,0.1431961755042761,0.0301002190985836
1778,44.95883690797267,0.1191312275857804,0.1274609776147215,0.0345208817601592
1779,43.8333174435739,0.1586113904943787,0.1157569453359567,0.0220376083962274
1780,43.76387588926379,0.1432657545524925,0.1637663333728408,0.0282226578969676
1781,44.24006979121162,0.1545639631412613,0.1513350950386097,0.0187060693379251
1782,43.11422461944099,0.1604988772221057,0.1808784779875744,0.0048599358123128
1783,43.62440752591839,0.1845509562787031,0.135820133730786,0.0072460389015028
1784,46.46786534021624,0.1231630848033259,0.0452432760920137,0.0020835997663044
1785,48.30649455866703,0.0730941536034901,0.0060333246381535,0.0
1786,48.48990463391532,0.0653767933834089,0.0024668697341513,0.0
1787,49.13275339323158,0.0646396007792196,0.009192977323456,0.0
1788,49.666798475695785,0.080450664935858,0.0,0.0
1789,49.57403693259195,0.0730064561565861,0.0015316989436794,0.0
1790,49.3906928115223,0.0732696966847079,0.003248497091836,0.0
1791,48.46292219572727,0.0598851960294638,0.000408203983891,0.0
1792,47.30915721772463,0.0379388893255149,0.0102606787674947,0.0
1793,47.81412119940824,0.0343240034420618,0.1353377986168877,0.0
1794,48.6105416448404,0.0621467666231825,0.3447682024512333,0.0190273524196408
1795,44.20501610601436,0.1524240695050673,0.0645469257787341,0.0273813024196348
1796,45.73505171957701,0.1316552785965619,0.0215800032722541,0.0180015158457664
1797,44.95036441630303,0.1540164893875257,0.0740279276532429,0.011304210318795
1798,43.72315341177182,0.1813059858256915,0.1028348393186932,0.0054031994914122
1799,43.92677126664272,0.1571180642035428,0.1034407186962053,0.0010104727535541
1800,43.657159468646185,0.1463703680503195,0.0131477922515649,0.0
1801,41.36041999029577,0.1554657945977961,0.1586498847524374,0.0149803262991852
1802,41.57365439200814,0.1570706758277047,0.3322574889431562,0.0129707748770941
1803,41.36714814378721,0.1548076048333484,0.337662280017113,0.0188725342200553
1804,41.9368606476355,0.1706766466382589,0.2090785253486517,0.0401368236834077
1805,42.23906803367353,0.1892721343989249,0.12104137794498,0.0295790186168623
1806,41.95110176814988,0.1856455915795588,0.1225422539397221,0.0630207683825723
1807,42.45208220902964,0.1819916836565328,0.1996966435281217,0.0475114971332233
1808,42.02788591690185,0.1726727240294028,0.1257791513096083,0.0487487786436085
1809,42.435269615322746,0.1297394230023019,0.2309214175640465,0.0523799423449207
1810,41.78371471429003,0.1188303048415091,0.1597660748610089,0.0461571695563067
1811,41.416957565340994,0.1378298315788,0.1691487202573375,0.0497169083207199
1812,42.74204590409565,0.1589156694798522,0.0610559026651743,0.0151066067632459
1813,41.77204733881059,0.1796179858119877,0.0898920891363694,0.0160090182917552
1814,41.87236530671546,0.15111913852551,0.1309641737860158,0.0264213010955055
1815,42.62411400103274,0.1211272074462757,0.1203457059343368,0.016244140438946
1816,42.20370205015289,0.1185976712735528,0.1167880213051411,0.0349652247448357
1817,42.66766016348218,0.1645317668523216,0.158640508956999,0.028097070468923
1818,42.33485012120284,0.1752299857668318,0.1656101158720762,0.0222185736115916
1819,43.166267748105874,0.1457113705618289,0.125049142193083,0.028747403674756
1820,42.61120663686121,0.1436414560550631,0.1774793202245668,0.024061916770551
1821,45.16275775433425,0.1150615604548441,0.2606178408901817,0.0519819426477452
1822,44.283445261860784,0.1178994988154901,0.2021073794037608,0.0515665020072279
1823,43.07259436430586,0.1682487186694002,0.0262898751653122,0.0300439353619633
1824,42.40229936146984,0.1901393272527853,0.0374148891679685,0.0399350946101758
1825,42.47350489771924,0.1372300257008604,0.0869032582019547,0.03148355231927
1826,41.37925784246545,0.1613922561037056,0.245666135521141,0.027933717088463
1827,42.627959508836334,0.1416158165028568,0.1962328362993192,0.0393664931852678
1828,42.81337090039499,0.1696418413958241,0.1235347418000359,0.010752340988551
1829,43.662314264656366,0.1696556607545296,0.0796149447267145,0.0149423026064894
1830,45.02150426687908,0.1354728224968394,0.0561938694598192,0.0177087602920178
1831,44.84387964617562,0.1187662243953317,0.0146936547042623,0.0366634368934245
1832,43.25173967219885,0.1581620168574502,0.0044765416695291,0.0097301671944008
1833,50.44377181669323,0.0866772919334478,0.0,0.0063772801454258
1834,49.93108143705178,0.0852825844385742,0.0,0.0010612081589478
1835,49.39066812319462,0.0896751285305391,0.0,0.0
1836,49.71892668921175,0.0760927845865552,0.0,0.004543056720838
1837,46.64236853120686,0.1307600739030186,0.0,0.0049907831879007
1838,46.80502592825573,0.1290953257879996,0.0,0.0
1839,48.32822112002245,0.1029732541731651,0.0,0.0
1840,47.81237757279392,0.1313867945466875,0.0,0.0085868134550657
1841,52.27871345480216,0.0809871838969869,0.0,0.0034011863618292
1842,52.35899888709218,0.0766378325720107,0.0,0.0062608221870573
1843,51.605614711823016,0.0796582493988427,0.0,0.0
1844,50.73529722961608,0.0862299334365811,0.0,0.0026394839845141
1845,49.39259012594244,0.1155847322573868,0.0,0.0057002200977804
1846,50.29584707516602,0.1067210498089778,0.0,0.0079448915768852
1847,47.14935502132149,0.132880251925157,0.0026198007960859,0.0237362892591501
1848,46.75931027085624,0.1013352928985308,0.0,0.0481253106215436
1849,51.25675435050042,0.0948588687859467,0.0,0.0148141232433561
1850,53.74556700268286,0.0909860593675727,0.0,0.0052803524753222
1851,49.52618195272899,0.1277565487610691,0.0,0.0001654080398063
1852,48.22741259330032,0.1502358090497088,0.0,0.0020829179395875
1853,50.33189636687359,0.118884678747471,0.0,0.0111841339537989
1854,49.33423045575452,0.142158155794187,0.0,0.004165009446651
1855,48.89058732872814,0.1351212263562087,0.0,0.0041067855064423
1856,48.470810645093216,0.1528157895162583,0.0,0.0086135867443266
1857,49.61161215453994,0.1261420378870013,0.0,0.0068639903964139
1858,48.95707614680567,0.1436255396444644,0.0,0.0043574862634348
1859,47.37637717116455,0.1228998332689549,0.0,0.0413791135313031
1860,47.82489606975172,0.1258993327127236,0.0,0.0191929072467095
1861,48.18992615161872,0.1135061976605523,0.0,0.0
1862,47.11482771397697,0.1581648722646714,0.0,0.0
1863,47.343237124586594,0.1281463814037874,0.0,0.013830309741416
1864,46.75886913351368,0.1562904972790439,0.0,0.0213657397962673
1865,48.97946975071825,0.1367823914000452,0.0011640134248052,0.0051905055767158
1866,50.10619202251233,0.1254882980081347,0.0,0.0
1867,50.382043853749735,0.1161092406402621,0.0,0.0
1868,46.06657710436738,0.1715234359559747,0.009554627392117,0.0048897740599706
1869,46.31751886564388,0.1450593839759638,0.0091488067001654,0.0114819575467642
1870,48.63360179750788,0.1154062454797746,0.0030534344255353,0.0030037509105847
1871,48.3726523140458,0.1080762601067205,0.0098044982246664,0.0183995649369103
1872,46.40864301518176,0.1173585693547651,0.0242882658691907,0.0338730733902446
1873,48.10193024109667,0.118160448681601,0.0014583145405673,0.004932867951759
1874,42.89499676332764,0.1588278574364462,0.0288653861005412,0.0359047629479007
1875,40.80717196907916,0.1578663632048358,0.0024352768233542,0.007388260287691
1876,42.586942581930415,0.1741325853353838,0.0,0.0042197815990904
1877,44.21742853648419,0.1045685820240243,0.0,0.0245532771290413
1878,45.48079385308272,0.1405939353633106,0.0038788212930462,0.0239827244376921
1879,44.093708162446674,0.1702018797843615,0.0045028012722593,0.0177644536187165
1880,43.754059867502335,0.1520487022499939,0.0065462645600361,0.0170978492777291
1881,46.256404668043885,0.0957386843450403,0.0023072215741744,0.0058632043104022
1882,45.48056594332907,0.1212295598351316,0.0215654374327639,0.0170301590996039
1883,43.31618894140376,0.163034738437849,0.0595167502663207,0.0141403798929743
1884,42.952115088919065,0.1637689335798484,0.1328642078453129,0.0228631940911228
1885,44.35626683910497,0.150728374584572,0.0245378878038908,0.0279556690602452
1886,47.91141671163937,0.1215011916612739,0.0013397893113851,0.0043391455932135
1887,49.45909466694113,0.0948645340383848,0.0,0.0
1888,48.85776528125931,0.0768309596184785,0.0,0.0
1889,49.21775982911592,0.0881544580041019,0.0,0.0
1890,49.76326822209706,0.0901178060284395,0.0119867638027648,0.0
1891,48.67915748074461,0.0935305745595043,0.0385431698724897,0.0
1892,48.96136361309228,0.0842702124748138,0.0,0.0
1893,48.706477280876015,0.0754180212016204,0.0007174296721008,0.0
1894,48.91912772317768,0.0685387276088393,0.0006395811716242,0.0
1895,47.26417950269704,0.1166815934112581,0.0346000798937959,0.0092862873577245
1896,46.15325624917532,0.1080381547589312,0.0042459342729632,0.0109338720364427
1897,44.94943782381437,0.1212448794252283,0.0429732067590154,0.0104078067708378
1898,44.39862910843909,0.1381913054608409,0.0971156792797549,0.0182246795746807
1899,43.70460439228499,0.1728150244540799,0.128580767501023,0.0013348469029328
1900,43.68645158814476,0.1712060785894365,0.050911806866004,0.0054138637240866
1901,42.69053230510912,0.1873798730880227,0.1050284588317898,0.0003286403414737
1902,42.31141761861932,0.1598563253235268,0.0629840958987325,0.0
1903,40.96649463181964,0.1658083600700709,0.1332552817309187,0.0240821254101097
1904,41.40948390119856,0.1518876673144338,0.3036933835752539,0.025072943760688
1905,42.3101481118018,0.1725532155542397,0.1395021645809797,0.0120001000806347
1906,41.86103497096392,0.1952874568537626,0.1208678950400565,0.0102893709029912
1907,42.02512720150781,0.1766394673166917,0.1233983102881969,0.0382325964861649
1908,43.59145886789938,0.177757258528355,0.1727372210814144,0.0069222289265544
1909,42.79109025892762,0.1628657606775466,0.1061079650596713,0.0191526961444923
1910,43.1440247496805,0.1368509738461724,0.1582391768435872,0.0321416010462337
1911,42.41605581866312,0.135590058081937,0.1487795838649002,0.0146886115665129
1912,42.34238922572981,0.1361027152518824,0.1707001363519427,0.041878750805358
1913,42.5083643788135,0.151996394844038,0.1633786893236561,0.0171407894538185
1914,43.28519109478877,0.1499312778153345,0.1267026459284072,0.0282674853053177
1915,43.52199097528537,0.1245180256763381,0.2106577367997,0.0254284043386152
1916,42.65103653169575,0.1432001190927804,0.2183425649792064,0.0347990570340305
1917,43.53499921975511,0.0991448267942677,0.2072734860282219,0.0585353827252369
1918,44.546936487321126,0.0912235291892656,0.1397589620007895,0.057045182471207
1919,42.75338024699556,0.1345460029928367,0.2373269929089953,0.005197531922237
1920,42.87983314979046,0.1441778335788312,0.1557203192367552,0.0085475785140137
1921,43.00903788675142,0.1287817572131777,0.2245066472534531,0.0244422141077776
1922,44.93216950673612,0.1256465306862056,0.2044719810788657,0.0370699770604663
1923,43.593139806389125,0.1621206050231893,0.1562643783909703,0.0295221930132202
1924,43.76854879375036,0.1542474269117061,0.094207799098338,0.0294419053424488
1925,42.91310511670687,0.1662804466644363,0.0553530928335087,0.0175359812997755
1926,41.17939911973413,0.1735817944401174,0.1846495549006534,0.0238305480049472
1927,41.10709141962691,0.1550884051469208,0.3086875519552982,0.0323020512155137
1928,42.29192100624776,0.1263245519497474,0.2840578950960364,0.0479526384135503
1929,42.08900801599077,0.1473740246308397,0.2847792463065018,0.0374202367574566
1930,44.66435709336852,0.1004467094991735,0.0249531640268049,0.0465476505947044
1931,45.3015928183009,0.0627727726955156,0.0078758097665272,0.0626860762860143
1932,45.31950319048622,0.0618761034550915,0.0085579587562858,0.0704821165583726
1933,41.32013552259425,0.1953803217011735,0.0,0.0132639368637685
1934,47.91107663256197,0.1226684388815178,0.0,0.0
1935,51.12155697940808,0.0934031615925821,0.0,0.0
1936,50.40577155796516,0.0819206780099366,0.0,0.0
1937,48.67507536166092,0.1030442292899413,0.0,0.0045430739772184
1938,48.513833710586816,0.0938977946910547,0.0,0.0129423035824207
1939,47.29820243668423,0.1064210719707462,0.0,0.0388464154835015
1940,48.21210306261734,0.1156901454332558,0.0,0.0220290696462344
1941,50.33804353482336,0.0817670022404105,0.0,0.0017781540277547
1942,50.7700339302265,0.0921071693128318,0.0,0.0049438244144809
1943,51.1622576688625,0.0900444587437196,0.0,0.0045432113797194
1944,51.47959349998427,0.0819809455216645,0.0,0.0
1945,51.3178472432795,0.0801731872035287,0.0,0.0
1946,51.15295817709729,0.0905062273155491,0.0,0.0067034594126848
1947,51.70239211865987,0.0852952156093247,0.0,0.0035825240582945
1948,49.88589310861067,0.1078145825449601,0.0035428339275319,0.010246222981843
1949,49.87389283159099,0.1169002675070727,0.0,0.023501576823923
1950,53.88328751428244,0.1013403625725159,0.0,0.0084229976390486
1951,54.327520643769176,0.09180523967868,0.0,0.0
1952,50.59968706657638,0.1184285217555811,0.0,0.0035290595058848
1953,50.79547278520665,0.1081734953464655,0.0,0.0068052885713734
1954,49.46557711327894,0.1240027399334786,0.0365876378269038,0.0252534741572294
1955,48.58553814415381,0.1498609115962024,0.0,0.0066314446824431
1956,50.016835179533246,0.1431499278820748,0.0,0.0
1957,48.23150524892901,0.1411263603094164,0.0,0.0148198537366257
1958,48.54952888372407,0.124134424339128,0.0,0.0239638214077049
1959,49.18183252143132,0.1462035669494739,0.0010444642983666,0.0064265329551207
1960,49.19861605177093,0.1119563273036668,0.0,0.0
1961,47.81195336452971,0.1198065579467311,0.0,0.0056300721907359
1962,48.10443135079117,0.1391511608869455,0.0,0.0002046385837762
1963,49.41721001610294,0.1221692562567445,0.0,0.0
1964,48.00623577359169,0.1504817807011028,0.0,0.0002879440457117
1965,48.13715016531343,0.1457126869461078,0.0,0.0105860197124089
1966,47.02235749506426,0.1641744289144238,0.0015398696517878,0.0013751673070584
1967,49.08476023679546,0.1413801007849676,0.0,0.005236000777515
1968,49.76017590601999,0.1182286667585205,0.0001638072069086,0.0028596344954975
1969,46.157860824143,0.1669840820920103,0.0027734644112253,0.0020432786863923
1970,48.86927883267325,0.1318722183356667,0.0004279946942805,0.0009823592066314
1971,48.73794160529295,0.1171979485481982,0.0070535565600647,0.0078472748083086
1972,47.5194488388123,0.1279351980420858,0.004877207209369,0.0107961754664128
1973,45.06318247747424,0.0947878077605894,0.0529695653221596,0.0704453522905559
1974,44.82721937992572,0.1097922455195546,0.0476698141592129,0.0496611073205201
1975,44.16218502195967,0.0875510797944027,0.0874576606017193,0.0666375005685592
1976,43.28582488960352,0.0945947877880432,0.0853056884527254,0.0716090944693104
1977,41.034328544664405,0.1714905413780301,0.0026238806438981,0.0096200449175958
1978,43.42891243443852,0.1776481971265411,0.0253611683628076,0.013377009158966
1979,44.53124241798025,0.1655361142921558,0.0469243102804327,0.0228935864594884
1980,46.507656972356216,0.1464855017060353,0.0345799985381767,0.0120180727050192
1981,45.54943935699357,0.1521355792818433,4.928562713955253e-06,0.0200090684571105
1982,46.95053596764337,0.0873469412799518,0.0,0.0025326387764688
1983,46.05554124158417,0.1072076770605128,0.0024524817603548,0.0169031478454185
1984,43.52405126801679,0.1476921466764445,0.0260778246133908,0.0283303808740328
1985,43.33693313917556,0.1204574133307994,0.101256461549162,0.0496132544749889
1986,44.074867333998505,0.1238716740678166,0.0685213357331116,0.048292823826428
1987,45.21264310988983,0.0792797951466916,0.1530501977464805,0.0737503242855943
1988,46.65581727658935,0.1462165670747081,0.0155567719529574,0.0168622613414413
1989,45.67433966325369,0.1568542827969878,0.0243172373312362,0.0072020752865423
1990,45.829536107473146,0.1493449853823008,0.0267289883301875,0.0218512216110901
1991,46.023891231237,0.1379205534258472,0.0395083941791767,0.021222851140788
1992,47.22689813941669,0.0901838034123429,0.0,0.0
1993,48.11747405984519,0.0948149874892497,0.0114518295073638,0.0
1994,47.6044485755385,0.087716004642863,0.0408400034169581,0.0004885560410409
1995,46.88268696721685,0.1239410296364013,0.0557335888545123,0.0099301794310718
1996,45.31698218497103,0.1690289678605248,0.0183906027418496,0.0182827510336511
1997,44.73910044738589,0.1784857590266198,0.0440862016955114,0.0
1998,45.55992389902253,0.1288812467112463,0.0482202075906256,0.0
1999,45.00822928229687,0.1453540146149115,0.0925616050305826,0.0048929696495634
2000,43.820874099316505,0.1525156215613333,0.0726399418674623,0.0122295731220487
2001,42.49303139120835,0.1882655652112137,0.0733363423089252,0.0089946580313049
2002,41.835566240777766,0.1852997518614133,0.0935107166203395,0.0093753054607195
2003,43.22385193405188,0.1622545093502553,0.0551577785702964,0.0075155118024945
2004,42.96138309121795,0.1380360253945204,0.0513915992941902,0.0266311178543569
2005,41.46436580647703,0.1649699295170909,0.1777506003810719,0.0417414759990582
2006,40.930004521483376,0.1931459437169272,0.1684027234674961,0.0144200856111225
2007,41.17231211866397,0.1957063111045256,0.1343415465809141,0.0483473323507407
2008,41.92582199893605,0.1756464395448991,0.123894740542037,0.0386217249663653
2009,42.19966870622997,0.1701824728838759,0.1117823978254312,0.0299506532995655
2010,42.29064079002982,0.1840713717843413,0.0955727478743426,0.0201570812810884
2011,42.68371772574629,0.1492547186179173,0.1801125138845799,0.012791479598693
2012,41.992507053351126,0.1703992863729403,0.0994001649891157,0.0348474535087728
2013,42.20122820109607,0.133377533181743,0.0909805268601607,0.0180258020704118
2014,41.57879636736493,0.1744280200013033,0.112915017586859,0.0145834492314275
2015,41.60994076837719,0.1863411610135811,0.184904164283517,0.0401868263663624
2016,42.95493898656022,0.1312467329531612,0.1582379641718797,0.0467574213958508
2017,42.67989676057743,0.1509676792735219,0.1355757506586251,0.0337442732537264
2018,43.06557154388519,0.0993718166067727,0.053917951918708,0.0659164742323408
2019,43.72087144006105,0.0750574021986076,0.0318417609770283,0.0640784551514687
2020,43.4337373943919,0.1225097726383897,0.1203229918118826,0.0339014669816839
2021,42.462042798573,0.1491387567190894,0.16307694377175,0.0088456508827781
2022,43.412192925037054,0.1152328245648485,0.1750545913365317,0.0291799187786568
2023,44.53356103402234,0.1104158025671972,0.1553063985212316,0.0437622991652456
2024,42.98665175345211,0.2086912308841172,0.0470523208717542,0.0173753193240029
2025,43.888358705780114,0.1607519238143347,0.022132856032061,0.016900156310938
2026,43.74445454360223,0.1122613609578995,0.0358127253284365,0.0412693208935654
2027,41.58001096678659,0.1539287708769216,0.169945225309212,0.0220301415561049
2028,40.70609953622449,0.189141293166928,0.1278394843216774,0.0127318580905128
2029,42.46047039478321,0.1543737033184722,0.0627512990088257,0.0206829149489488
2030,40.45062325447656,0.1804530557700935,0.0243824431686403,0.030024867502724
2031,37.84252800822986,0.3299036724533638,0.0004274850597948,0.0054739752896892
2032,42.63480305942896,0.2174770101690758,0.0,0.0139892895032395
2033,43.98110270453516,0.1515370834563774,0.0,0.0361288845791552
2034,37.85704501382019,0.1763543863544699,0.0,0.0011220470929089
2035,44.86086862440396,0.1614571695983903,0.0,0.0
2036,46.06684810148964,0.1656066437236349,0.0,0.0
2037,49.18825194303678,0.108223855988146,0.0,0.0
2038,48.80526900280483,0.1041252501733462,0.0,0.0071751992616185
2039,46.2857735480323,0.1231106884257577,0.0,0.0288313488509992
2040,45.86981898903876,0.0952877327268425,0.0,0.0406049447176612
2041,48.089802721339424,0.1051432341179853,0.0009166528611741,0.0204099899375622
2042,49.44581587355673,0.0847303894357958,0.0,0.0040106265557961
2043,49.24126859836611,0.1032926594055481,0.0,0.0128300408654657
2044,48.23002396233577,0.1059094896061029,0.0,0.0308133895020698
2045,51.35487174746768,0.0799074477315705,0.0,0.0040103390052818
2046,51.78435790642413,0.0743581492879655,0.0,0.0040105717993906
2047,52.71521370836548,0.0745789565320336,0.0,0.0040103515569002
2048,53.41563800806399,0.0780225330904525,0.0,0.0088519282475826
2049,52.79301933794017,0.0928682276938936,0.0,0.0104960298557488
2050,50.82844984209341,0.1135950572180697,0.0,0.0279634258578384
2051,53.062755917775526,0.1060421088173357,0.0,0.0047550006875251
2052,51.08761335437229,0.1106221767806208,0.0,0.0040493026498849
2053,49.99323715889612,0.1324149332879884,0.0,0.0069224281683409
2054,52.55453661951224,0.0959387080215816,0.0,0.0013123928852394
2055,51.77818618048486,0.1036774780507648,0.0,0.0045431564128875
2056,50.43796385699962,0.1191203417327281,0.0,0.0106536159719809
2057,50.966973517230905,0.1257654631652248,0.0,0.0038507980146956
2058,47.11703472252099,0.148019162170031,0.0,0.0207300446925821
2059,48.45469920419489,0.1340430620731118,0.0,0.0102424645107682
2060,47.94909354846108,0.1532555932702783,0.0,0.010006497437412
2061,50.74991161695508,0.1094812024140049,0.0,0.0
2062,50.3538161642552,0.1100071117093404,0.0,0.0
2063,48.77397633963455,0.1459653653318089,0.0,0.0058097806031194
2064,50.07896534276746,0.1219330460130315,0.0,0.0
2065,48.52580520677344,0.1474027391175295,0.0,0.0
2066,47.06876344720797,0.1612589340430156,0.0,0.0090189952219458
2067,46.794164645326994,0.1569031833845994,0.0,0.0063621565278904
2068,48.69894203605602,0.1492056160636546,0.0,0.0021995975774345
2069,47.46383027131866,0.1470804030901354,0.0,0.0094064953573074
2070,49.20408637760256,0.1291139504660815,0.0008356087523973,0.004708305826391
2071,50.08705006990022,0.1175179504550661,0.0015514966344593,0.0075044420751895
2072,46.76534859408445,0.1277475224598591,0.0125879046688233,0.0324008259317577
2073,45.81808539973004,0.139680629578901,0.0045677537576384,0.0271202531502892
2074,45.75083025952837,0.1116100897930538,0.080550062734952,0.0456829561806283
2075,45.4508984580747,0.0834864108984772,0.0615847121341783,0.0698645052274632
2076,46.07013963912204,0.0883745835761064,0.1493786331847919,0.0467563207722885
2077,44.41395220554597,0.1183938903148311,0.0459415928757665,0.0554121647252182
2078,40.69642801213251,0.1783042582251779,0.020936276531736,0.0239416601444707
2079,43.18022659517826,0.1897256926587268,0.022248178962246,0.0175048805508567
2080,44.12676181337512,0.1461575502060722,0.1675598671739266,0.018303398629985
2081,43.94399735839051,0.1248551040077781,0.1306836483599785,0.051571843154934
2082,43.47586423279944,0.160960554375333,0.0890337523715029,0.0161694627992376
2083,44.97235599388599,0.1415486114609886,0.0465242392426571,0.0395207344656861
2084,43.92563836005101,0.1503713528841016,0.0381013883585382,0.0158700029990808
2085,44.49206376894074,0.1549322367675907,0.0796529498037576,0.0219595665201535
2086,44.47017794362268,0.1386147076300699,0.0623413100090897,0.0243883501802555
2087,44.98647002221448,0.1295237898172987,0.0712004051758713,0.0272291423329528
2088,44.315839992311126,0.0564340603641732,0.240948669844811,0.077999945946958
2089,44.692320689797,0.0919464334542198,0.0860448656572465,0.0645728331804666
2090,43.87998462826992,0.1764634252716179,0.0226118615637993,0.0217493124228804
2091,44.77496175352066,0.1725897418485818,0.0262139057735221,0.0191603361842636
2092,44.83512865716976,0.1624467490749033,0.0173193695000276,0.0216416450567638
2093,46.309899370542105,0.1358318804478742,0.044754892919475,0.0149694237233896
2094,46.22811947177937,0.1295131560691259,0.0506705305314901,0.0221345946898808
2095,45.66023328607529,0.1472121380361441,0.0473783599548037,0.0158407739680167
2096,44.99819414399081,0.1645100207827394,0.0181785522257694,0.0122333903224859
2097,44.41173470127011,0.178034452745706,0.033281720398852,0.0060832352482853
2098,45.23452516205262,0.1710955056069804,0.0014439521083478,0.0003460882255462
2099,45.36663128648729,0.1543276869809247,0.0,0.0
2100,44.90081689403336,0.1428807215269631,0.0,0.0011931656716026
2101,44.51620318634826,0.1607311115352586,0.0318479278087274,0.0067870195986675
2102,44.80672656454517,0.1498717827597037,0.0194212685984553,0.0177471045610402
2103,42.83410487598053,0.1756531613753747,0.0714370003838509,0.0048640235687869
2104,41.85496507945207,0.1941671539190269,0.0356339439999306,0.0
2105,43.25864242728749,0.1753506317463615,0.0223754152963208,0.0101100461205163
2106,41.769437186344014,0.1729158358115111,0.1985983486471581,0.0260048884965021
2107,40.70400990261196,0.1740384299024308,0.2744780753112328,0.0215280398968211
2108,41.356161479313215,0.1744018103715225,0.2392494769386684,0.0321571986536195
2109,41.7398307009272,0.1770157676038921,0.1241360562121274,0.054003004513444
2110,40.87133355917875,0.2060170848477739,0.194662720146156,0.0063600600323539
2111,42.00446321269322,0.1937385594033372,0.108551918500385,0.0085692125497863
2112,42.77860756737541,0.1676659112044732,0.0796235280637322,0.0209399196522597
2113,41.36083208755596,0.1524296800861724,0.0845385686149173,0.0346212375186961
2114,41.64156291355051,0.142079846944106,0.1062856738287721,0.0243246554038035
2115,41.91860869776287,0.1681934478510271,0.223965675094324,0.023740692573123
2116,42.301767815697765,0.1788890342223804,0.2470649778954747,0.0231209553828455
2117,42.29266303036328,0.1753302000770489,0.107064435947511,0.0262780187460545
2118,43.0341388614597,0.172962372944891,0.1249207497923299,0.0108617998041552
2119,43.51246685487932,0.1110149729028558,0.0898647691172139,0.0343981429095998
2120,43.3645349519704,0.1041926325621973,0.0134823780917462,0.0284996467251976
2121,43.74862862362517,0.1420274222325455,0.0668639275923576,0.0253830666046522
2122,43.1770634771215,0.1386459462746193,0.1809725005727526,0.0188045575011122
2123,43.57514505799975,0.1364079848523529,0.1803116169763612,0.0299281221278279
2124,43.54217040287524,0.133694250443588,0.2464314435565049,0.0241029009789331
2125,44.00607048617843,0.1729466450046979,0.0846060403067436,0.0190808484127114
2126,44.981134460159936,0.1382629867538686,0.0544460555846931,0.0267000966983239
2127,42.95716931939019,0.1188209673192438,0.0510886112145738,0.0379665053054109
2128,41.76428913345336,0.1443797610470553,0.0836506156566714,0.0289644244909134
2129,42.32101602925844,0.1339369137121032,0.1090474047943991,0.0446989123753859
2130,41.41783818774473,0.1473178706819787,0.0201440880760431,0.0169239532536855
2131,37.49917213702966,0.2851787781012992,0.0,0.0029580612558499
2132,40.9187329371465,0.2410531331551321,0.0,0.0123906002591095
2133,41.67548205373619,0.2293826508333504,0.0,0.0061396560454919
2134,42.52949474077901,0.2216589458174299,0.0,0.0044193874295661
2135,38.60015863276971,0.1124718906441726,0.0,0.0104983617858982
2136,46.8305240393457,0.137764738064778,0.0,0.0050303025528673
2137,46.796411180348926,0.1421440396321064,0.0,0.008377792786298
2138,48.88301994817021,0.1171644303344907,0.0,0.0093510036551099
2139,50.646222236228,0.0891557671984539,0.0,0.0045661445332676
2140,50.93518875884126,0.0789671456400554,0.0,0.0061649890301048
2141,50.6602163179924,0.0837504066034815,0.0,0.0045436892890355
2142,50.73646505913635,0.0734053343985865,0.0,0.0060954301864445
2143,50.71621995048284,0.0779567009220785,0.0,0.0040103102906909
2144,50.87659552700374,0.0944427042374186,0.0,0.0047174819840789
2145,50.1136055593296,0.1026808495469098,0.0,0.0085207420530361
2146,52.22555303900044,0.076133370256362,0.0,0.0
2147,51.96830702681845,0.0722872088014089,0.0,0.0
2148,51.69693758579889,0.0963150838218921,0.0,0.0003074624395451
2149,51.46745612152071,0.1016811449756139,0.0,0.0063406975389417
2150,49.68738239106517,0.1125630331592416,0.0,0.0311959284851691
2151,49.62630402793226,0.1214892129202131,0.0,0.0266317698412419
2152,52.01859204062918,0.086596960340642,0.0,0.0044135138477638
2153,48.05866142541352,0.1468207207534383,0.0,0.0024846293612535
2154,50.01368026711322,0.1366432270420826,0.0,0.007011044869058
2155,53.58701895526321,0.0829531187957015,0.0,0.0046260121517316
2156,52.1446082175654,0.0948485142514048,0.0,0.0070123003397573
2157,48.69459284160693,0.098543961982963,0.0009091349119368,0.0393038054624573
2158,50.30697210885557,0.1244091472483973,0.0,0.0071511138337231
2159,47.76442975003592,0.142192357483135,0.0,0.0185798429555654
2160,49.23495299691655,0.1423266598064087,0.0,0.004012550340052
2161,48.83724508099197,0.1569248175506138,0.0,0.0044622197003823
2162,49.28526274065131,0.1344631203484948,0.0,0.0310446419843851
2163,51.44166674297731,0.1168749664754958,0.0,0.0083985733704842
2164,48.60204141491823,0.1400628326901483,0.0,0.0004059573564673
2165,49.52122028682431,0.1335312266962914,0.0,0.0054278449483206
2166,49.61307216052789,0.1238420573114964,0.0,0.0
2167,48.636089096370014,0.1439151813016553,0.0,0.0069721402833476
2168,48.48619959971771,0.1554635521845839,0.0,0.0040103674479547
2169,47.63978162978484,0.1530668090249071,0.0,0.0080456356819203
2170,45.95760622803427,0.1615248085042861,0.0030573609855751,0.0068943448931027
2171,48.19220976012647,0.1398022185768723,0.0003244308695168,0.0031789406594602
2172,46.94843689175024,0.1385364720037182,0.0048653368379667,0.0259994259920201
2173,47.37801297245484,0.1260335303585095,0.0170786322333791,0.0220099096887958
2174,44.283022054638046,0.1504638461994217,0.0324686376236941,0.0351995459116692
2175,43.08926287775696,0.1375958398121585,0.0474016444733622,0.040802590405788
2176,42.54903273965186,0.1396607515782978,0.0928642548667514,0.0315750685651773
2177,41.15634578420831,0.18525990659976,0.0180742053365108,0.0232266665423538
2178,40.21547048289966,0.2036841821473164,0.001905943811379,0.014189586738225
2179,40.93438572308753,0.2005338764563195,0.0126662214415262,0.0097787192136822
2180,43.883218938678745,0.1801064663294986,0.0053673288901126,0.011320058816742
2181,44.44363228380587,0.1464716125097278,0.0691262076743345,0.0218750180917979
2182,43.943931556671416,0.1785670567927172,0.0106809761531561,0.0284052566689766
2183,46.25413227156302,0.1108804643776543,0.033105789109487,0.0240993559932594
2184,44.80695826791893,0.1372520750091784,0.1095556723220408,0.0284161405223611
2185,43.39381523958594,0.1534001590355675,0.1102940154962236,0.0270686355198492
2186,43.25752492117716,0.1458096818658751,0.156553920519772,0.0265460021040484
2187,43.5185956386607,0.1353475350604702,0.1348568823405798,0.0322219143605474
2188,44.336915502747146,0.1226277123315474,0.1036857955426413,0.0330682749007642
2189,44.16074949074238,0.0618150538525979,0.1865994427385169,0.0617741761185041
2190,44.379021470595774,0.0586951021682837,0.1546527672926301,0.0904127332952789
2191,45.02292185874838,0.0991363861020956,0.1396793410088963,0.0543800194306009
2192,45.477578491805765,0.1391528298071939,0.0708337928172166,0.0359797490590769
2193,44.932531168169945,0.1567829050707178,0.0,0.0182382193420457
2194,45.181357959844966,0.1574817593382744,0.0,0.0081183589287152
2195,45.1381571767401,0.1531686733729404,0.0,0.0298977973884341
2196,44.973978142257394,0.1699653559997242,0.0141726333658646,0.0221597312355563
2197,44.2446372064532,0.1792792427380392,0.0150938304976785,0.0226851460047747
2198,44.02798357608571,0.1802519692214774,0.0337940412715526,0.0165314099004996
2199,45.61863728498605,0.1557294105322358,0.0108509666553627,0.0098748828453608
2200,43.39769635559746,0.1987112319650687,0.0,0.0041484977099415
2201,43.44331877756348,0.1543937499683043,0.0168241169382274,0.0066744242624385
2202,43.30552045024501,0.1262052037233185,0.0172119538843401,0.0213222830195989
2203,43.25903261321641,0.1386326553918284,0.0006656827475276,0.009417122580418
2204,42.50512258691536,0.183490220439349,0.0713002079639737,0.0051058958298681
2205,42.87727691781768,0.1806703950080541,0.0226841660504188,0.0013090356740771
2206,43.86976253081863,0.1466972266321762,0.0491241057558153,0.0019348319752385
2207,42.89415601871532,0.1729980584235876,0.0685713801995961,0.0093764328192109
2208,41.69024621047182,0.1752301926215143,0.2087658639620242,0.0269830414461518
2209,41.46530729161414,0.1900799035019616,0.1464505240400513,0.0367195625663002
2210,41.262899683277936,0.1862744132228125,0.1962923905934123,0.0442536602978318
2211,40.64515957602464,0.2030487709320343,0.1712285925963688,0.0411502218504468
2212,41.63131310916451,0.1829514203572626,0.1085529955444427,0.0142130572313931
2213,42.30959678899996,0.1481793681618521,0.1231567303629615,0.0136448727586748
2214,41.936123241213465,0.1538842005905393,0.1121461559776199,0.0171026919745611
2215,41.13611518632516,0.1924994286367763,0.1442961982080187,0.0428638048483551
2216,44.23880444928436,0.16801064876821,0.1620159988111821,0.0111959499007765
2217,48.059705879170885,0.1371300728529665,0.0113550754036603,0.0040443060757021
2218,46.1943181676688,0.144970200879013,0.0578377252962623,0.0157260207772292
2219,42.30784754416415,0.1676561471351915,0.1019625675599883,0.0406776403370709
2220,41.69780031542689,0.1818510009349328,0.1817604130515338,0.0360045090419863
2221,42.92047422780792,0.1562782882081768,0.191960335101506,0.036766622948234
2222,44.44491725705659,0.1500410973127325,0.139420537973384,0.029532404651481
2223,45.141768292949145,0.1298742806758748,0.2479616846777438,0.0016405454454093
2224,43.56223942496735,0.1561144754540187,0.0578269736690384,0.0328941097553658
2225,42.56949305232755,0.1568747763355187,0.241022994698461,0.0542175032889798
2226,44.5099643934797,0.1146263564823942,0.2670033660701781,0.0547739401944002
2227,44.05235998212661,0.1240380685326631,0.1316263627383274,0.0630570285709914
2228,42.83531655639582,0.1417063936853757,0.088159855331328,0.0314709661772385
2229,43.151080515484,0.1287918881674329,0.0925123639853001,0.0300834080175773
2230,43.70536181722397,0.1377415095641913,0.0702143709260632,0.0304143329499467
2231,43.56724933914922,0.1674695597365895,0.0,0.0134744443950203
2232,41.78929425197285,0.1982811979346945,0.0,0.0085764974917203
2233,40.3339883701442,0.2227279066728552,0.0,0.0
2234,39.121573709514905,0.1895009648844203,0.0,0.0
2235,38.15213950711401,0.0861299904956338,0.0,0.0008937018350766
2236,47.86493467043984,0.1336487150491792,0.0,0.0131916361303319
2237,50.90359947488508,0.0794480851716983,0.0,0.0046976026050499
2238,52.564715689111246,0.0730482428273966,0.0,0.008609051432291
2239,52.21965589355027,0.0823158573599143,0.0,0.0034028250826504
2240,51.64504404433235,0.0929963675533499,0.0,0.006697022322862
2241,52.85635747419906,0.0808490104199289,0.0,0.0040106921487704
2242,53.05270966834541,0.0767379458711866,0.0,0.0040103535822641
2243,52.65561761729315,0.0858784547659345,0.0,0.0088452679805307
2244,51.894003994591024,0.0940774836961928,0.0,0.0098182740886661
2245,53.12839959485191,0.0928363795231908,0.0,0.0005986287504257
2246,52.64876481961362,0.0970073997842494,0.0,0.0001297014400497
2247,53.11645280675831,0.095435188402689,0.0,0.0062141787301417
2248,52.20299449825977,0.1001203232024258,0.0,0.0037213817941534
2249,50.71234588189528,0.1220857514137592,0.0,0.0088441882410095
2250,51.53043203901328,0.1110693187135432,0.017268178482137,0.0098023634546901
2251,52.50459018070509,0.0955384639384218,0.0076784483473866,0.0074378202097018
2252,52.191206191175695,0.0992667530534426,0.0,0.0102597119051977
2253,51.65389024853111,0.1000692509046582,0.0028562157828626,0.0012840287742912
2254,50.97804771319951,0.1125031032720589,0.0,0.0044787497213353
2255,52.95472221495338,0.0967564253028239,0.0,0.0
2256,53.56993077739936,0.0916569389249463,0.0,0.0015000823919258
2257,49.25411752133599,0.1247605089923557,0.0,0.0210637608371135
2258,48.90661972012492,0.134477481597007,0.0,0.010256548821348
2259,50.9293826743821,0.0993014382348454,0.0,0.0002910954833932
2260,49.13808526196752,0.1199987393209866,0.0,0.0072370234250268
2261,46.49312761972191,0.1203653574017521,0.0,0.0370743896795841
2262,48.03780386256463,0.1410803960645806,0.0,0.0170823363472329
2263,49.45825921841923,0.1292354154896616,0.0,0.0
2264,48.67566537032908,0.1327594687627291,0.0008367151778209,0.0104025961850702
2265,46.471696343349166,0.1449512174421688,0.0195537932550759,0.0283629011567316
2266,45.218744016405,0.1315702608443207,0.0462832682168246,0.0402038772736034
2267,44.97349563907986,0.130215013502057,0.0402274304822951,0.0476512307694714
2268,45.16801984786558,0.1215273006119243,0.0172505425964705,0.0324564632772629
2269,43.40117095729855,0.171867846730796,0.0422372447250586,0.0207291386619711
2270,39.97908214407256,0.1763859700599552,0.0064743424730207,0.0119543385436226
2271,42.49464160250074,0.1671292627993032,0.0,0.0021002330010083
2272,42.92423690595688,0.1850562507781038,0.0117372818750907,0.0193630894162232
2273,43.17253359710927,0.15822849900913,0.1621605260062942,0.0259051383694249
2274,43.93738420836065,0.1522180555453196,0.1457971326585228,0.0163940595041944
2275,44.428783459374415,0.1450757205871005,0.1329638796068964,0.0198350382859974
2276,43.57877240716258,0.154727262798391,0.1523720237201092,0.0425958126655275
2277,43.10771413737695,0.164437815364634,0.1005863923892589,0.015981546945169
2278,44.11813060097924,0.1447362263025056,0.081798161665835,0.0263066095907626
2279,43.50955404089632,0.1610339843238235,0.118999714341177,0.0140076591321075
2280,43.74497056071696,0.1387245732896601,0.1431791260630477,0.0275671578903658
2281,43.52558081301344,0.1307999329561155,0.1739132284507954,0.0374207452194506
2282,44.33456172536156,0.0970121951546749,0.2601973868395877,0.059274434269064
2283,45.46036947598903,0.0832313982466231,0.108409046779597,0.0393925400889268
2284,45.12495770072479,0.0753135598578368,0.1185368072549417,0.0476810526487185
2285,44.164502151797045,0.0881332176853529,0.1625193470339084,0.0619861743902148
2286,44.6343056367277,0.0742179036622127,0.2106591645564877,0.0648025843044535
2287,45.26255142812925,0.1169565192033901,0.0866135287068856,0.0356257110107261
2288,46.12900512705056,0.1454757538662579,0.0,0.0090758977588374
2289,45.83140393695096,0.143700479588776,0.0,0.0001945531139758
2290,46.18203162077349,0.1303536058205613,0.0,0.0044563918141475
2291,45.9738493531156,0.1465306317973969,8.75297352558254e-06,0.0288221907927513
2292,43.986219290015256,0.1743574661089245,0.0039154196294651,0.005163933287498
2293,44.01706301159228,0.1657976880803097,0.0030526480532698,0.0285518220597309
2294,43.91607930190382,0.1676363595231546,0.0095095663755747,0.0136992014879856
2295,43.42341365174584,0.1564940415059863,0.0,0.005609712617762
2296,42.3529444626717,0.1936502829101423,0.003589525017847,0.0066066121678055
2297,41.742671450264496,0.1960853438721942,0.0059696895921518,0.020661067555639
2298,41.76775555949104,0.2057429721661802,0.0221738083908658,0.0134379022706533
2299,42.64886149102765,0.1700835530652265,0.0557901780363864,0.0112909669653582
2300,43.11767026671576,0.175169581272434,0.0338254871664316,0.0128365856225897
2301,44.03430284319274,0.1507043625343593,0.0271053543656982,0.0051511790108593
2302,43.219406502344896,0.1719585989293977,0.0581664203391068,0.0001662290237249
2303,41.57260175035197,0.1752336467070092,0.1423973808663796,0.0187433315462167
2304,42.16716741908424,0.1485344452089865,0.1626452808932068,0.0316014473349342
2305,41.8069143016973,0.1867207680686387,0.1544014225285845,0.0117985596370944
2306,42.14166053327556,0.1902096109970198,0.0777535572099357,0.0103176015653823
2307,41.2708873606009,0.2016281047508846,0.0951566059353314,0.0211067771375398
2308,41.30857448976343,0.1927865691183106,0.1023634153526823,0.0173415231442385
2309,40.94538920847568,0.2066058191638489,0.0783158471103267,0.0227678782501868
2310,40.98977515855773,0.2112188037916614,0.0871167529284217,0.0269266961052381
2311,48.36863152925537,0.1229793214713365,0.0026895371298015,0.0
2312,45.61674827704832,0.1738414747380244,0.1009197316105237,0.0
2313,44.238689990437855,0.1628031849172679,0.132869960006033,0.0071246851776682
2314,41.755165267392776,0.168088570085712,0.2327810220483794,0.0105003791248409
2315,41.54267508994051,0.185153755885599,0.1757784160776905,0.0177318356950065
2316,42.30361531392856,0.1696594509380226,0.1940693483267313,0.0271459698522049
2317,43.269966346750046,0.1586259103252407,0.1331668254087427,0.0235808016597018
2318,43.272794089993226,0.1630861776197805,0.1012706921751361,0.0147555749202545
2319,44.465971424027806,0.1352998888491451,0.2068773201858332,0.0090290275697125
2320,42.552791438199165,0.1488191856595276,0.1298649245325287,0.0401215705596016
2321,43.393080418451504,0.1516620951282829,0.1343159493678593,0.0491639237739125
2322,43.53358424184372,0.1585489855197992,0.1127166256719443,0.0418358467126525
2323,44.79544245454353,0.0898020591650165,0.0852560652920113,0.0198651933364475
2324,43.52320071493135,0.1560201032738191,0.0239000840559954,0.0163413386699448
2325,46.45041582408201,0.1298978623165496,0.0141596698441179,0.0046905082624617
2326,42.7811655042554,0.1979583697919582,0.0,0.0038724555688346
2327,39.48828408499484,0.2475825689250469,0.0,0.0
2328,35.66595903988358,0.1093170902803301,0.0,0.0
2329,36.24336391156838,0.0914475611485336,0.0,0.0037352036422167
2330,40.55254068382907,0.2229268696980141,0.0,0.0097039592812182
2331,45.977455615428894,0.1601410336237066,0.0,0.0163527340536503
2332,41.706092030153854,0.2295197249237676,0.0,0.0128695268078357
2333,43.09715069780432,0.1459395045114375,0.0751557086916967,0.0133306133263882
2334,51.77020440722605,0.0765338614503139,0.0,0.0099913536495641
2335,52.65194431221875,0.0728974361098031,0.0,0.0081494951904406
2336,52.43298870778791,0.0764256726334152,0.0,0.0
2337,52.23796900168438,0.0868489917461935,0.0,0.0046415873246459
2338,52.235198160695205,0.095002068086305,0.0,0.0086594283517523
2339,52.81483165440779,0.0870736726148351,0.0,0.0040107389294701
2340,52.38427297864148,0.0916353920183567,0.0,0.0011656209412349
2341,53.64559242187601,0.0817281900266905,0.0,0.0060284296024731
2342,52.88861242248164,0.0971653190515885,0.0028611508404489,0.0054285044769931
2343,51.3555385193862,0.1010222832175545,0.0,0.0333543488909517
2344,51.772149429351096,0.1099163144959275,0.0,0.0264881288474985
2345,49.27235433173513,0.1159943270579858,0.0001713141850725,0.0254781142018848
2346,50.2549208828597,0.1099974614898241,0.0,0.0200305530635035
2347,51.649834008908165,0.1032964687904857,9.931269821436662e-07,0.0054953633362716
2348,50.567874613851714,0.1124605997704289,0.0025835785288036,0.0096192192299426
2349,52.93197402213293,0.0854832758574357,0.0,0.0048355203379202
2350,52.48902484021246,0.1008003364264838,0.0,0.0054625649676628
2351,53.385836064316,0.0879553644985096,0.0,0.0008297734451244
2352,54.00784875978077,0.0877995632680398,0.0,0.0047106907538784
2353,53.52987583572487,0.0927163688935106,0.0,0.0031665469237484
2354,51.11957859430715,0.1017219757047174,0.0,0.0027519891217752
2355,49.02722550776239,0.1239621458520679,0.0,0.002620479048029
2356,50.11775458863707,0.097921349588666,0.0,0.0089405970016135
2357,49.26745669142046,0.1101919864114181,0.0,0.0092315891517256
2358,46.41258955828077,0.1214862491597172,0.0,0.0261925504243033
2359,47.38065530202931,0.116797588184894,0.0,0.0280309554868996
2360,46.62295068620359,0.1102071648652332,0.0,0.0458979001271588
2361,45.70520673313351,0.0947234446648298,0.0008066261357567,0.0547566686327359
2362,45.21136909756315,0.0938561913359677,0.0479752193598061,0.059602524819617
2363,44.00582299065339,0.1124847198063796,0.0701680317007683,0.0561035256069124
2364,44.31962577304644,0.0929916776302795,0.0597426822818644,0.0665857605118686
2365,43.200793035761045,0.1208412082781264,0.0170541876796423,0.0274372208118094
2366,39.30282910014065,0.212599596388907,0.0,0.0050534201094121
2367,39.11670439157472,0.19534691865809,0.0007596618022867,0.0062618789688764
2368,41.55605544224027,0.1987838746183542,0.0127970006423477,0.0096119229380013
2369,44.20008693880552,0.1717829282717112,0.0576014268575403,0.0205227909569651
2370,43.79809770186632,0.161859399370022,0.0569343437152467,0.0312125052655267
2371,44.1766671250992,0.1413321846235266,0.1283446853766973,0.0309610572158254
2372,45.3223281000899,0.1437112603868173,0.0551559981906898,0.0207864688362323
2373,43.48393940132735,0.1581075550162367,0.0891755685251527,0.0202338133104942
2374,42.879971046403085,0.1755271153594341,0.0474771558893725,0.0161943772125003
2375,42.54647951700564,0.1980331975032707,0.0198292432990729,0.0097062520281281
2376,43.58229442960916,0.1502032772922075,0.159841175737232,0.0383249205611625
2377,42.80787395883466,0.1611151533468115,0.1312517105416149,0.015062361771065
2378,43.12400076570734,0.1467192436954904,0.140425904131148,0.0204283760743817
2379,43.339621193684586,0.1433903505400079,0.1542544226394889,0.0304735866091244
2380,44.5255221013767,0.1266498887234752,0.034907053323684,0.0301541554676483
2381,44.7687372116242,0.1000688122064255,0.0653243019480659,0.0444835367802276
2382,43.01788369911767,0.1216375496468379,0.1074506888087865,0.0528259888213243
2383,43.47187765990663,0.0885466706924429,0.2294244452532582,0.060491276136027
2384,44.47861987154217,0.0584721359711197,0.252252416046731,0.0710416230347362
2385,46.5752652780233,0.1165871177751871,0.0375624923648817,0.0259319748877046
2386,46.94688697685898,0.1400261430196786,0.0,0.0
2387,46.612520369735726,0.1465300036787648,0.0,0.0
2388,46.29426650823748,0.1404443410988158,0.0,0.0033151591617628
2389,43.96981488860173,0.1596760907352214,0.0499858831984762,0.0165704136796464
2390,44.19321897171503,0.1497082681204334,0.0516425958075956,0.0226870988588684
2391,43.453369221345525,0.1677531936828961,0.0034912572341364,0.0098915635496438
2392,42.03785941061838,0.1906343034864204,0.0,0.0057850257417779
2393,42.205695350451926,0.1928994142780761,0.0039479672526432,0.0049391112341128
2394,41.13612993155438,0.2079314863138144,0.011105106774136,0.0064085720589514
2395,37.89304135694434,0.2583496843982276,0.0077788387581541,0.0
2396,39.5098700889122,0.2369846938815804,0.0,0.0
2397,41.53918606183856,0.1923331857291617,0.0013326271510778,0.0027987129433174
2398,42.51867422600704,0.1754268846390705,0.029068160170666,0.0117046532464134
2399,41.89244699508495,0.1731026994649042,0.0251630787037895,0.0061985455309213
2400,43.03106088567462,0.168192881339464,0.0476759038693563,0.0082468295067113
2401,42.50187077824447,0.1740040022117742,0.1195211649338825,0.010926749200836
2402,41.75262272091916,0.1971703122139079,0.0943575636837744,0.0121104722698304
2403,42.60836970948586,0.1672379236659347,0.1613395950589208,0.0156763315280876
2404,42.1200251716682,0.1881323967828711,0.1274668218343763,0.016537464209759
2405,42.2120893776556,0.1918100156547259,0.0729683653863002,0.0234394845484887
2406,41.10405701518919,0.2365458974883442,0.0049114484437642,0.0053964813787783
2407,41.56023483282123,0.2087965954838463,0.0686778383821206,0.0061523801364924
2408,43.39940390381959,0.1909055670263446,0.0729897837513172,0.0109407649847468
2409,42.45826572904181,0.2073586825263494,0.089617683768813,0.0010474035600005
2410,41.40906030905912,0.2153976904805698,0.053032450731178,0.0174355345642247
2411,39.38700521742969,0.2195809564926236,0.1522853923007043,0.0176473915328831
2412,39.86519662496057,0.2172874735673877,0.1066409656280109,0.0095154972529554
2413,40.83268039328862,0.1873556218233461,0.1705732020112287,0.0208701510292007
2414,42.20126097777767,0.1700364824101307,0.1217037747906213,0.027690905039952
2415,42.75451790204735,0.1700093418199675,0.1452825790373351,0.0160116731871068
2416,44.374043068473554,0.1491279749126993,0.03298759593387,0.0166425646370828
2417,43.760917628104544,0.1324946039555695,0.0748468714238385,0.0324292139519243
2418,42.861376915599365,0.2031989895029403,0.0665525782745989,0.0260146714955073
2419,43.90021351767169,0.1736501397725194,0.1516107886429198,0.0357029672061625
2420,45.62624707304744,0.1075988393919956,0.043783899386703,0.0224734374409403
2421,41.355257809112665,0.2071795674126493,0.0001475889292739,0.0167281854038867
2422,40.399870523225616,0.2486505833451931,0.0,0.0002789226465122
2423,37.99060476891743,0.1373392135784324,0.0,0.0006002599136725
2424,37.183030861227465,0.1181728377331836,0.0,0.0
2425,38.39039914041025,0.1775153480649062,0.0,9.62320772723088e-05
2426,39.9925184120962,0.242667468092475,0.0,0.0073799333766657
2427,40.67913890779657,0.2378407903600823,0.0,0.0051290795908432
2428,43.84076694527993,0.1951554081526833,0.0,0.0031521412210391
2429,45.79024395254192,0.1318499747617425,0.0675976198232372,0.0170214208447762
2430,43.09552238455173,0.1428753025986181,0.0449859246759771,0.0207538322673743
2431,43.93091154940452,0.06994249316122,0.0368441409810506,0.064047803979079
2432,50.78888878954609,0.0812463375066817,0.0,0.0055904526202017
2433,50.1809778789633,0.0953331949176351,0.0,0.0275586531639719
2434,52.8050328327948,0.0959845894790724,0.0,0.0019378919987147
2435,51.98351261400778,0.0955687347842913,0.0,0.0043260898999101
2436,51.87223028407814,0.0907509482659228,0.0,0.0041160856923392
2437,52.74252602575369,0.0940933617178887,0.0,0.0046628146865707
2438,54.19810409113418,0.087838981589954,0.0,0.0075712642925078
2439,53.30391665783111,0.0945025043975035,0.0134759845575342,0.0
2440,49.519830894540846,0.1272995979545487,0.0253647045781222,0.0039902411525616
2441,45.95369580590216,0.1450482013964341,0.0340965904310985,0.0315867145702921
2442,49.58102094038428,0.1193196598314171,0.0042255932171492,0.0318916694043134
2443,53.52842908364264,0.091588263317091,0.0,0.004543834979807
2444,50.254875250909386,0.11584671955142,0.0,0.0
2445,50.74082807131476,0.1142212059197474,0.0,0.0009136232906589
2446,48.519029735989655,0.1030652391323442,0.0,0.0389100000210917
2447,50.22589873242405,0.1194305480459085,0.0,0.0066794452000367
2448,51.577071460542506,0.1207415606547106,0.0,0.0038935730120763
2449,53.09788197807436,0.0871745141694639,0.0,0.0
2450,50.1063726135371,0.1132875551488295,0.0,0.0
2451,47.41627064122071,0.1337738539357661,0.0,0.0
2452,48.57735399409789,0.1247699286723334,0.0,0.0075634711291508
2453,46.24944081625883,0.1027454214601535,0.0,0.0361439987220263
2454,45.7758698588936,0.1135004152548388,0.0,0.0502843028922825
2455,45.75745112396163,0.1275001632663947,0.0010662180427092,0.043668135752365
2456,47.14659076099393,0.1291529364572626,0.0,0.0350328101340577
2457,45.64001956314638,0.1108141086525176,0.0,0.0527146100986789
2458,45.75969696670705,0.1037916281512014,0.0139378150155618,0.0521644920222648
2459,45.705369817634775,0.0986085772422756,0.0525564494125236,0.0628353013859649
2460,43.913464780491815,0.1069299345049975,0.0841439566073953,0.0667106914572979
2461,43.95742576090357,0.1057703758427835,0.0701607076412139,0.0698653928872313
2462,44.435561456340935,0.1324898027390238,0.0198382150551063,0.0386199374888739
2463,39.63640394920984,0.2034802161256699,0.0077477418499662,0.005398766308512
2464,42.6073177384573,0.1872519241933321,0.0584272467325609,0.0008959683401458
2465,44.30530883292232,0.1668410151433046,0.0873646224140866,0.0181125958359095
2466,43.77887360932983,0.180334056895831,0.0507470008860369,0.0379918079634518
2467,43.44417316817705,0.1676327665316061,0.0819296331402741,0.0245800226136223
2468,44.96228687095663,0.1269749273566318,0.1336941020548425,0.0245310649086148
2469,44.52009811658437,0.128573201481671,0.1698790042648425,0.0334974542589161
2470,43.95620330391676,0.1529057860289124,0.1591135586706545,0.0255991719745227
2471,43.55536246654366,0.1307836188640243,0.2025192708335608,0.0395228136173819
2472,42.90448063713157,0.1714126297565854,0.0870833217407784,0.0175912683204784
2473,42.92731415709589,0.188207899669432,0.028498612332708,0.0071893168052956
2474,43.49103979974699,0.1477449856921454,0.1290990569952913,0.0264941953503335
2475,43.16906261030815,0.1429011239524278,0.1673778521217701,0.0369061693107968
2476,43.570802344268046,0.1375330156520959,0.1217070122774314,0.0410790855557985
2477,43.66037356797279,0.1127429618536367,0.1946427094787097,0.0471738200039126
2478,44.72766447294399,0.07327372183262,0.2107435657261492,0.0539176587361894
2479,43.94482412732045,0.0753348436913955,0.0945249616188036,0.0691821381202606
2480,43.257022768359406,0.1172104296451128,0.0424447866421385,0.0535021585078517
2481,44.61966642275462,0.0734374859307224,0.0533394978853677,0.066987516591356
2482,44.19289089186121,0.0706641180826014,0.0860297356926324,0.0791227257060581
2483,45.345971169031294,0.1420058453904322,0.020238852252201,0.0106543415552152
2484,45.39513666059196,0.1472981007042013,0.0,0.0
2485,44.91705524935025,0.1530072322522003,0.0,0.0033028113081108
2486,44.09236442780585,0.1490159033906921,0.0236970907437594,0.0262446917660372
2487,43.670049529687134,0.1415781566282442,0.136310990489761,0.0511307132105053
2488,42.28484635983428,0.1790180309259385,0.0691753635422241,0.0254508128311764
2489,41.71996960820719,0.1872351036735095,0.0310032099236748,0.0121629424079761
2490,42.42686725462674,0.1703422159194288,0.1087650386315231,0.0205802063760528
2491,40.89203307678625,0.2127590171400986,0.0067206012676637,0.0078488835669865
2492,40.76629791229919,0.2138572428455251,0.0053947257319241,0.0062579065078687
2493,41.22761114602221,0.216296328844668,0.0040935803980162,0.0063884376024147
2494,41.17034646017158,0.2139658990244369,0.0,0.0051719974938783
2495,40.52360579236756,0.2537984710601728,0.0099757446983075,0.0018669802560382
2496,41.30564585172924,0.2286950324944643,0.0404429527582596,0.0003437611828391
2497,43.22398608702704,0.1503857755576153,0.0071259366212872,0.0237682777299019
2498,42.31979379694484,0.1762612511864734,0.0749832421604037,0.0085100536670014
2499,41.64639481975632,0.1677056286033957,0.2376258992595677,0.0043105292976598
2500,43.1477295627312,0.1658303897179051,0.1405395053393072,0.0075395394011149
2501,42.76133031566519,0.1641792463341816,0.1327777593850783,0.0209523601590971
2502,42.81618194809394,0.170013226537485,0.1009213781973085,0.0227802394572917
2503,41.37223856274332,0.1974892147436707,0.1000712859829862,0.0118631344391197
2504,42.061780851327455,0.189774765269607,0.1633484702774083,0.0100675935533205
2505,42.06829282577189,0.1931963415598435,0.1049013552156542,0.0125486562238715
2506,41.39710867326361,0.2006470080190259,0.128482978949843,0.0118784360465543
2507,39.647056535961454,0.222440503800053,0.0907577470294139,0.020485512186835
2508,39.78585879680788,0.211918438619925,0.1341592630849764,0.0145555011400219
2509,38.997978144353816,0.2315160673062026,0.0579616126882962,0.0128721524429741
2510,40.85295277203742,0.2011560034303878,0.1303349431514058,0.0188769952614919
2511,40.386536056560566,0.2015759905875287,0.1695611927565512,0.0441519858105492
2512,38.08753791691491,0.26715476375497,0.0525554678669509,0.0141475849372444
2513,39.14667100085465,0.2487472637754387,0.0692932635520953,0.0051926816267537
2514,42.85519940801055,0.1938350690035917,0.0684853490003639,0.0126438110278573
2515,41.052335424990126,0.2329184161659256,0.0227830158357997,0.0
2516,44.79908110879209,0.1811565022779857,0.0348883253244689,0.0
2517,46.73468387149829,0.1340714475578515,0.0001563632435342,0.0153488570486581
2518,43.29999569161727,0.178231897055046,0.0,0.0116399529537617
2519,35.93608906817539,0.1303990956210409,0.0,0.0008537903237951
2520,36.50163141562635,0.172771624009232,0.0,0.0
2521,39.67797415653551,0.2192350324479293,0.0,0.0
2522,38.53139294283208,0.2481482977603534,0.0,0.0052276442776071
2523,38.38060540278141,0.2540088432381202,0.0,0.0079584931463585
2524,39.3684905704844,0.2456237590984579,0.0,0.004202467357005
2525,42.41835613129199,0.191709643377048,0.0536711270095235,0.0167948003038092
2526,43.507401319639385,0.1464319455092845,0.237488587610819,0.0134828212482367
2527,44.69440827863762,0.0951223453666375,0.0540371695185061,0.0329531272980749
2528,42.28357846911885,0.1410343147747463,0.01479356732109,0.0320037582338015
2529,44.207517694511765,0.0587399340564233,0.0093480713418054,0.0563052882754689
2530,51.25652326334244,0.0810595056271213,0.0,0.0003155593095417
2531,51.98173367957828,0.0820536501211231,0.0,0.0045439495123018
2532,52.6192477224105,0.0831596506150846,0.0,0.0057580141979095
2533,53.70404552759611,0.0768871113393348,0.0,0.0
2534,54.223867477549575,0.077435125950214,0.0,0.0
2535,54.14746670748041,0.0813444129457083,0.0,0.0045877792063929
2536,54.32392196379894,0.0821155456001077,0.0,0.0059087131961214
2537,54.787525421375776,0.0789679682769477,0.0,0.0041731134820896
2538,54.299271481473866,0.0844857258992187,0.0,0.0042511141393264
2539,48.85275846084108,0.1011115041047119,0.0,0.0527340185443007
2540,51.07109372303922,0.0902251881391938,0.0,0.0378872595910675
2541,53.984288913252406,0.0863755900314138,0.0,0.0105270239828297
2542,53.07573873669875,0.0866426305013606,0.0,0.0049865712607833
2543,50.4537060125797,0.1237120319099899,0.0,0.0063260234107218
2544,50.63205078170618,0.0999444928238933,0.0,0.0135980141864916
2545,50.56887462558631,0.1174128572514976,0.0,0.0068663729931403
2546,52.16278687766284,0.1013671225733907,0.0,0.0058053737746241
2547,52.47393927233509,0.0967900506473194,0.0,0.0
2548,49.62971387589977,0.1145309950442656,0.0,0.0
2549,47.91493176148411,0.1183651052855371,0.0,0.0056999274100341
2550,48.13446961402344,0.1235371826206464,0.0,0.0233429893758642
2551,46.47081699346927,0.1209817677495983,0.0,0.0221013519035989
2552,45.53826957233474,0.1191681368072588,0.0,0.0419733239872487
2553,44.87821377805326,0.1080903847570822,0.001995000535246,0.0635918591466597
2554,45.36863492460375,0.0887275210531282,0.0,0.0653331385643026
2555,45.545308749173685,0.0783166737377545,0.0002054397454513,0.0687175925120969
2556,45.484579487134695,0.0980106742779347,0.008659844366666,0.0604165209323942
2557,47.0412194111204,0.1126631433609856,0.0237950774323037,0.0437276769520549
2558,45.482852587110855,0.118317196128417,0.048649829756841,0.0577012494639168
2559,43.66551203312027,0.1344326112370211,0.0442401087681827,0.0620314234495906
2560,44.40625083673522,0.1474669814473385,0.0225450584102197,0.0330800374715258
2561,40.58067046065399,0.1947836545262886,0.0,0.0038527024654916
2562,42.07902372387976,0.1713383382505384,0.0994212702088324,0.0201802005049944
2563,44.35675055713173,0.1504522582432819,0.0721045136700427,0.0201395755640564
2564,45.14299621009408,0.1487912531262593,0.0685555219113891,0.0213221160543474
2565,44.1918064559178,0.1304913509885922,0.1449036857507022,0.0207186691475566
2566,44.19342462330188,0.1415977806410813,0.040656643022491,0.0121990559124184
2567,42.903255644374255,0.1416904170721002,0.2089013437950982,0.0360669043342381
2568,43.93343915074111,0.1449928776249997,0.1237982152518997,0.0255146794827533
2569,43.17262390178429,0.1570403848459322,0.140584438174593,0.0204872479486536
2570,43.17796413268688,0.1494483274829333,0.1285871941932783,0.0286971589621394
2571,45.21598872294064,0.1305915648721675,0.1159673829464407,0.0254434507241963
2572,44.89324466430202,0.1073614165728203,0.1998707268345504,0.0322697361144737
2573,44.79399158052372,0.1289728746595833,0.1379750015489019,0.028361846270526
2574,44.6164172199449,0.1023221851400852,0.1044940690152455,0.0477465211017783
2575,44.071051853611365,0.0596921138325302,0.1921268816582837,0.067935876881211
2576,44.344830120985655,0.0645536755766745,0.1573845436091308,0.0546354785827627
2577,44.0204320469058,0.1175536990408448,0.0556588129324692,0.0376431209146413
2578,43.36654237638239,0.1290989048973862,0.0222555075026433,0.0413342613457813
2579,43.89640852849956,0.0908418932285244,0.0158948201657195,0.0582620515782879
2580,43.73056844024197,0.0871156157372511,0.0187598887229048,0.0608582420145291
2581,43.1881402282686,0.1346932430643669,0.0312666763504054,0.0422512484632427
2582,45.626626442515146,0.1372188133291094,0.0013050365351564,0.0107396444690976
2583,44.752437722679296,0.1587724784089815,0.0002903376307719,0.0048293593199877
2584,44.45875455938672,0.1553406892635776,0.0956824920933712,0.0382408462608688
2585,44.03589065248538,0.1596694591008363,0.0298170071167429,0.0321537517719892
2586,42.12375771558124,0.1812027623090734,0.1121579436371611,0.0152850301247431
2587,40.87945815943845,0.2097437854548882,0.0341570665579521,0.0022572026588427
2588,41.05698047148445,0.2087596443392433,0.0109997961254087,0.0103276213980321
2589,42.19813901957923,0.1900448175201297,0.0150747428352639,0.0119809808013176
2590,41.92737216185985,0.1987519545026882,0.0020901773732559,0.0053271697943134
2591,41.98553924866084,0.1962008862461415,0.0,0.0
2592,44.2467122478786,0.1693707060905936,0.0,0.0
2593,41.13897969059245,0.2411174503694115,0.0,0.0014115968171958
2594,41.0055589395861,0.2185592432274309,0.0115135159510504,0.0133928646384109
2595,43.58449800755917,0.1697620568256134,0.0487078572094193,0.0048314487083832
2596,43.99959782855058,0.1525350206754429,0.0292451009462251,0.000838355232242
2597,41.26056222005362,0.1883552531342056,0.0278954338187234,0.003593140488981
2598,41.48662184857505,0.1953279177468294,0.1060086250071495,0.0097952670813593
2599,42.28671587298832,0.1589643474374205,0.2492560717193044,0.031564539538623
2600,42.04295688528434,0.1848139711354148,0.1246944562554078,0.0187690914398876
2601,41.81097398679215,0.2086636713077883,0.074268952269946,0.0190070174639149
2602,41.19524031033623,0.1923295288790816,0.1237168947967075,0.0231266095798364
2603,39.88792712242383,0.232279945176742,0.1018541688674857,0.0189111680810627
2604,40.08291320283246,0.2260849750488196,0.0859174355101321,0.0177848695189317
2605,39.83735621340309,0.2221983313362003,0.0971170789038578,0.011919666940744
2606,39.85197625501993,0.201197969486803,0.1551932949264192,0.0205408299460282
2607,40.28861757152566,0.1969646848385696,0.1129593643491204,0.0199379809057638
2608,41.3225643790218,0.1891578152536659,0.1924394700240763,0.0453709939768945
2609,41.11308312866483,0.1854622088647623,0.1786030002158029,0.0360057200199764
2610,37.45945896705225,0.2622621583581508,0.0314503663075357,0.0108244794250406
2611,39.42830165948588,0.2310069926654102,0.0510797587530216,0.0256393819415514
2612,41.62443420484478,0.1890014888090202,0.1485894549606649,0.0413256985175601
2613,40.05230683855845,0.2191342804986007,0.0274334436328728,0.0034913966202468
2614,43.34240788033826,0.1967218422032072,0.0121653195267011,0.0
2615,46.45204721529156,0.1425514156842267,0.0056405674325571,0.0199473106097973
2616,41.91732529737148,0.1325240495689253,0.0,0.0215752147678844
2617,40.47864424735239,0.1351037566586886,0.0,0.0094580806388111
2618,40.61070305002024,0.2477379102940778,0.0,0.0
2619,38.059984040982,0.2579802562088819,0.0,0.0
2620,39.73230905901288,0.2212688802634252,0.0,0.008248335323071
2621,40.69271515204928,0.2077060764422774,0.0,0.0151532264162764
2622,42.64760956039933,0.1936575968177924,0.0,0.0058038557108809
2623,43.40784351877495,0.1639598878650654,0.1501662341487834,0.0174145635480626
2624,43.3557698273554,0.1640022154876194,0.1427194248205405,0.0073613192228571
2625,43.371774558159615,0.1648270697815379,0.0424925786043444,0.0127476489938435
2626,43.11427665938194,0.1259959152768118,0.0101946176112668,0.0796881830828488
2627,42.5590173262261,0.1474583410166653,0.0498407960660578,0.0291006136234473
2628,44.11295671515948,0.1345160851056076,0.2481400621335624,0.0134745051418391
2629,44.123181623626856,0.1291491850531428,0.2852286321154191,0.0176178847440211
2630,45.37794250944164,0.148082751729037,0.0949486052747303,0.0159670215125591
2631,45.78997264295226,0.1427723410256025,0.0242296412397872,0.0189392565559902
2632,50.34937135739599,0.094586555242025,0.0,0.0062729488063351
2633,51.27533121797988,0.0721348724946198,0.0,0.0001048555439476
2634,53.63655717826035,0.0753426852520451,0.0,0.0072654530359726
2635,54.125022817502526,0.084905188501944,0.1357868028927821,0.0085951491989894
2636,52.80334831693801,0.0984805942497925,0.0,0.0016109083939901
2637,53.99738954290876,0.0889318323735561,0.0,0.0046573351583187
2638,54.19204622375048,0.0785584809297368,0.0,0.0
2639,55.3890629145322,0.0738664472121072,0.0,0.0047074322837131
2640,53.2047821022302,0.0854984738352645,0.0,0.0107637615629923
2641,54.75976882846874,0.0764408727297471,0.0,0.0040103721538033
2642,53.541988235913394,0.0945886640001758,0.0,0.0040103654815632
2643,52.430322154947234,0.1046610257320275,0.0,0.0088151654849998
2644,51.28798695157946,0.107376946648598,0.0,0.0084896210083137
2645,49.81207938100119,0.1194929585686146,0.0,0.0077018669728951
2646,47.913280586025714,0.1282887773054074,0.0013828481865226,0.0236124955945018
2647,47.13783611087228,0.1052168924155236,0.0,0.0483024277545211
2648,48.23840139865467,0.1241512107856671,0.0,0.0229444896970434
2649,48.25031203683437,0.1576777499574212,0.0,0.0057570453801545
2650,46.83908891185259,0.1129518249429295,0.0,0.0584114672942023
2651,46.257398204312,0.0961137448704027,0.0,0.0687642702109012
2652,46.10514176824832,0.1205706142800478,0.0,0.0438947464947998
2653,46.2130609981521,0.1037033915459517,0.0,0.0530814561775284
2654,45.69516975314486,0.0902046970771365,0.0010478455243106,0.0602695833254488
2655,45.584843425791725,0.085631563452968,0.0,0.0650806052422381
2656,45.84495596085213,0.0728241019240883,0.0219866894716704,0.0714626030429066
2657,45.9299100156173,0.0673202462626345,0.0061815496800567,0.0882567816963296
2658,46.05572790160576,0.0721277759371088,0.039168312612257,0.0753699902661351
2659,45.60895362686549,0.1000839766340793,0.0565833469236386,0.0629279777988625
2660,44.1238384391275,0.1649451755602828,0.0302872795439967,0.0295668546071957
2661,41.75331378154385,0.1552258584877179,0.001277589655297,0.0073539199414722
2662,40.9029956061498,0.2126800274584583,0.0502342046174844,0.0269738462158059
2663,43.922104860425485,0.1426657080851899,0.0616609994679841,0.0401623042608142
2664,45.4072731836505,0.121908674554656,0.0792201179242978,0.0311810406778026
2665,45.21918108780643,0.1080154508533827,0.0684330255615224,0.0373718904892473
2666,43.95825143943639,0.117647882835732,0.1391314326642403,0.0258452835995579
2667,42.95998993769228,0.1509944523926146,0.0849981394538938,0.02319896857828
2668,42.41935756677466,0.1368437784012574,0.1561220098304996,0.0241732478350087
2669,43.02268824176311,0.1413114868158395,0.1274308389631516,0.0343143362747872
2670,43.50425028793572,0.1368110304169726,0.1752063733444128,0.0221792714957169
2671,44.05299953283159,0.1054313807696051,0.144964749624416,0.0472410590655767
2672,44.51649496415173,0.0612971508839704,0.2185309230874587,0.0689626204594244
2673,43.775896561860506,0.0530120971763937,0.1317333632561192,0.0745573239803689
2674,43.98861677073116,0.0573273457923209,0.1517083837212107,0.0783852601388098
2675,44.08460696924016,0.0541108020028052,0.1274725711767253,0.080123482432058
2676,43.80610480906908,0.0557680280551987,0.1066315100418209,0.0615425465172787
2677,44.64258198642791,0.0647031720086678,0.0904482711484869,0.057879276454486
2678,44.29606664098648,0.0692548529064667,0.0668710412018371,0.0650170037406192
2679,44.53247600729877,0.0671580414334496,0.0321381793177186,0.0716923111696347
2680,44.26733612727683,0.0697381382100501,0.0171016538264551,0.080331974162196
2681,44.17007821899313,0.0536987401950456,0.0242143164506412,0.087820558268264
2682,43.96472247713759,0.0739010529271307,0.02270936286861,0.0768974982405982
2683,44.05945771364937,0.0897719103107448,0.0074305959664777,0.0509164716976399
2684,43.89283796837094,0.1543999185521533,0.0004153275744179,0.0071511792406089
2685,44.52107910656015,0.1478307284877851,0.002385736333002,0.0131552014144326
2686,44.78751766960072,0.1592227697379884,0.0311432354346392,0.0067972685675098
2687,43.68285230621653,0.1575894890246764,0.0413300505693166,0.0173079531044885
2688,41.1770500017988,0.1990782702460735,0.0503246526832953,0.009255174197842
2689,41.59073903265172,0.1971359707276292,0.0348894656905802,0.006652415925768
2690,42.03932589217085,0.1924961005038799,0.0452328462317906,0.0125281385628887
2691,41.05680551623119,0.1975499581617982,0.0129820797051277,0.0108133414449375
2692,40.47181457787183,0.2090736000791195,0.0009006756926744,0.008040932222926
2693,40.75852139497743,0.205479139003737,0.0,0.0111862362419512
2694,38.66838995427266,0.2491835896388175,0.0,0.0084967014107179
2695,41.11967582753956,0.2179988869821,0.0064977751629102,0.0001632936518457
2696,40.26573961077215,0.2057544640694825,0.009135536593207,0.0
2697,41.89034049054325,0.1539888691339426,0.0,0.0049929958081091
2698,42.05848217688264,0.1644489953038879,0.0,0.0
2699,42.36421636805621,0.1567447249331848,0.0,0.0018665786118091
2700,40.842124930462994,0.175664237957437,0.0560217992846891,0.0203885951022072
2701,41.03075761845349,0.1818372684386515,0.1353537918382561,0.033309200439804
2702,41.665780839689376,0.2065444436783418,0.0691592272839913,0.0125893657109258
2703,41.12144372562556,0.2080206179725637,0.0971439742229855,0.0208470338025816
2704,40.91722790765815,0.2026469781497945,0.1392246520639711,0.016752477881381
2705,40.76846031512744,0.2142989305060759,0.0717423141069297,0.0228558838011528
2706,39.747989773703175,0.2238550699624082,0.0716856387884005,0.0172109890634846
2707,39.7966172082749,0.2214239821182396,0.0783226153056339,0.0163481118412775
2708,40.313425420188345,0.2145674071946028,0.1090208555837635,0.0176653925784086
2709,40.86361341833272,0.1955846048454367,0.1197901579286918,0.0264861214823718
2710,40.49904653346741,0.195871642892431,0.1969142474929309,0.0501971027747857
2711,39.60560904876915,0.2193473066541555,0.0946578438219734,0.033923149358282
2712,40.1360413705227,0.1990009586839471,0.0958619833347024,0.0529267414108437
2713,40.97453999481272,0.1975070593078746,0.1359590479580554,0.027380208053372
2714,40.50890944069469,0.2168658927664035,0.0227350070677157,0.0
2715,44.637008689978416,0.1625846621866079,0.0116824272087633,0.0036070548113274
2716,43.808227738736,0.0907878707366989,0.0233618059299675,0.0058346144105085
2717,40.365411406326686,0.1406376077249611,0.0,0.0
2718,45.1692211852772,0.1698385692158696,0.0,0.0177293232955281
2719,44.82052102493707,0.1219269680914983,0.0,0.0159597693396586
2720,42.52240364517119,0.1730017468490815,0.0,0.013929770266914
2721,38.961829238427725,0.2248161794944196,0.0,0.0058329157917205
2722,39.51061830930307,0.246089642118744,0.0,0.009791358095554
2723,44.35738795651435,0.1438736210971207,0.0461903078774059,0.0281566241264134
2724,43.04384758619233,0.1430254895322991,0.2439692339786232,0.0248771084962833
2725,42.85083825066356,0.1588962639395693,0.1953892466029783,0.0297464820452099
2726,42.53393509746861,0.138389621747597,0.0807145918545778,0.04061490924298
2727,43.09219335269885,0.1124413319678918,0.0509056777612527,0.0901330009598565
2728,43.191897642684665,0.1406643408464045,0.0155781188482555,0.0578194745938823
2729,43.457843364012206,0.1149866842404798,0.0464972592955953,0.0236692059671511
2730,45.57675415745578,0.101731942036809,0.0671838323674791,0.0278208361375679
2731,44.28185051397765,0.1334842548038477,0.0409090931813239,0.0100620108723538
2732,44.36820175010937,0.143396320383998,0.0234856988749024,0.0202148553334658
2733,44.92870108087409,0.1206204868845669,0.0566413815510092,0.0430839421999562
2734,42.31380865593509,0.200088438715437,0.1005475244533545,0.0097017258201184
2735,50.247265213076055,0.1097715460019369,0.0,0.0115968489668463
2736,50.84787778357441,0.081248800068185,0.0,0.0042122557054484
2737,52.9225040291949,0.0764014840114593,0.0,0.0022971414669042
2738,51.25584187691366,0.0971763969202564,0.0,0.0091223539528304
2739,51.72505550412809,0.1040560575267433,0.0,0.0184093898706279
2740,53.37400617740469,0.0964697465553197,0.0,0.0036777163906172
2741,52.877872740713286,0.1017609361907439,0.0,0.0046872244488421
2742,54.555831460341935,0.0843202983635301,0.0,0.0050725358049168
2743,54.274651547812624,0.087100322721924,0.0,0.0109788984436855
2744,54.5202315424219,0.0774099578462409,0.0,0.0
2745,53.87044709378136,0.0802978364213639,0.0,0.0039581403377222
2746,53.17488501336982,0.0869287610040357,0.0,0.001296882383795
2747,52.4647068186026,0.0906869346073085,0.0,0.0
2748,51.48036952348962,0.0963222526422404,0.0,0.0
2749,49.45413676184207,0.1111047501948997,0.0,0.0165742310501449
2750,46.37069106864214,0.1107335556638025,0.0,0.0426816634636123
2751,46.760767969723545,0.1359160696733993,0.0,0.0337893347587309
2752,47.021354516916894,0.1489987764771388,0.0,0.0155420016903125
2753,46.55535533130873,0.1262050203279402,0.0,0.04443793360548
2754,45.734657618201695,0.0954679752837522,0.0,0.0717527259502022
2755,45.55971636213784,0.0838749949406947,0.0013107303036229,0.0662915284234013
2756,45.89776374835329,0.0832589254413052,0.003957665489084,0.0624620559774904
2757,45.93479054861988,0.1136183314527669,0.0026433533380776,0.0406107074358488
2758,45.81557990906109,0.0821354111056727,0.0313230471194772,0.0489068393850299
2759,45.82121248750585,0.082119204085561,0.01029353533913,0.0524173433459226
2760,46.05837139652075,0.0702774017504574,0.0081288172868123,0.0809441973785653
2761,45.56513057302749,0.082534568617827,0.0210908374215138,0.0893687884340141
2762,46.33913172922789,0.1117801817523324,0.042421602958335,0.0332783109468673
2763,46.035105202836704,0.1119685582353877,0.0556498588733236,0.0190933145564208
2764,44.80051316785203,0.1202533774991657,0.0198239404670607,0.0036913648993688
2765,41.82408115535429,0.1620943351105351,0.0264855551870291,0.0161606958220393
2766,44.51320984197195,0.1191029170448928,0.0245070233928283,0.0430393466311087
2767,44.069421996821255,0.1188809726294928,0.0259455798420379,0.0573846011318359
2768,44.27158242092155,0.0725693413225687,0.0578797374142465,0.087750565736701
2769,44.59119864673388,0.0808366178264888,0.0575059906260466,0.059216776272482
2770,43.95935930374429,0.1662991488857449,0.0587767181134202,0.0191922421842343
2771,44.42779066053777,0.1720628322867242,0.0653705615279402,0.0031724827574693
2772,45.57799143532824,0.0988699176967054,0.1252750249211384,0.0255136247621451
2773,46.63152616553642,0.0862537814985398,0.1698305216649072,0.0260099066931009
2774,44.73928856816284,0.0574660225071317,0.1512337703336418,0.0673279119420356
2775,44.35880388050965,0.0509740512556128,0.2172701153734918,0.0698453937999633
2776,43.49957999429578,0.0674725576432497,0.1235506997861528,0.0531408157709656
2777,43.06234534893706,0.1046373375929277,0.0971392466058027,0.0414870130015459
2778,43.54053749077294,0.0594498340495175,0.1809756200411106,0.0607309353407788
2779,43.616288681325805,0.0562099686213131,0.2902981709976862,0.0659960105403847
2780,44.54630429765023,0.0696789246705511,0.0736748915748877,0.0706895717450535
2781,45.262849719135794,0.0647612405573599,0.0318537709877659,0.0664817581987135
2782,44.553457623275165,0.060547545673364,0.0362038033283694,0.08165879605698
2783,43.97317656945613,0.0872775636261206,0.0710355152158419,0.0692055091135352
2784,43.60810747996468,0.1179341338847944,0.032386511469657,0.0508453957914399
2785,42.99307982089305,0.1256529567248898,0.0658179860125483,0.0287251313192814
2786,42.47359184726308,0.1318296288390138,0.0431725768283529,0.0290023654779919
2787,44.054430921810095,0.1062108676823153,0.0290451820235328,0.0315483757155621
2788,45.57471055485743,0.1302779286196196,0.0295866467113697,0.0158059993267542
2789,44.18560662540961,0.1723940250851215,0.0143096789907404,0.0103597794097419
2790,43.86368509452309,0.1693359170052782,0.0325487510555459,0.0143943749268392
2791,43.591850082674185,0.165901828500164,0.0640781313990294,0.0114529571745637
2792,42.75394602690407,0.185120364827842,0.0114426445704594,0.0040674152972169
2793,43.35797200615264,0.1589928313458012,0.0568120738258261,0.0111248645272111
2794,42.375193997543846,0.1823493980176321,0.0134882639766354,0.0212871906856374
2795,42.18286618611861,0.1838006726999026,0.0,0.0065687846749519
2796,39.12607221124182,0.2460695548538846,0.0,0.0005253325011501
2797,37.96593429867257,0.2646683356716899,0.0,0.0
2798,39.25054792085752,0.2409346399987638,0.00355447382693,0.0
2799,41.47523621474801,0.1837948645228304,0.0105038095896447,0.0
2800,43.29735359848426,0.1266861442609354,0.0,0.0032376620679215
2801,43.044036773237416,0.1302929003560963,0.0,0.0023644490845094
2802,42.650683770011234,0.1383873994077883,0.0091599861844883,0.0025035167085105
2803,42.26367192298699,0.1490970413753903,0.0,0.0015466138221985
2804,42.16405619665735,0.1747790484602073,0.0217946879989373,0.0106301081418861
2805,41.21488432423856,0.1949598932367603,0.1066833760434318,0.0150572893590186
2806,42.442357944366016,0.1751232120550845,0.1791053764909778,0.0343977820807275
2807,41.80561583393614,0.1790447765398888,0.168526494426542,0.0277354820448069
2808,42.32423205364306,0.1382765959181775,0.1226059698575413,0.0187232969426814
2809,41.28683986593055,0.1797376515791532,0.1182136323612598,0.0188204712281124
2810,40.59704514093673,0.1950344816078241,0.1511676618310176,0.0106047287966505
2811,40.86369118245749,0.1992068663150502,0.1347329460344802,0.0141823662509078
2812,40.68996469559982,0.1932407665460252,0.1541776887267515,0.0131584727415453
2813,40.709062414456135,0.2004342219588281,0.085782508183334,0.0199909747582354
2814,41.42257776499433,0.1814666761924966,0.1534531577415691,0.0217736763262839
2815,42.24193311690159,0.1720329881565801,0.1387121246877408,0.0245928221501058
2816,42.28167292252272,0.1953302428435386,0.0677032669871998,0.0024094253562544
2817,42.41269965110028,0.2031208535813006,0.0392650901438271,0.0004882906665968
2818,45.14387731992805,0.1554236512164529,0.021515040628242,0.0056519376507446
2819,39.63203524808226,0.0986498539397921,0.0207795846096656,0.0048335199237199
2820,42.84785421008669,0.216787945093717,0.0,0.0047768239931098
2821,41.09131460300608,0.2298656439754751,0.0,0.0028884440051629
2822,45.22254952750456,0.1525430978604613,0.0037996387692678,0.007169785126513
2823,41.98256876389371,0.1884768057138097,0.1345301260966382,0.0052140577886835
2824,41.989550859892056,0.0855856925361105,0.0854192048857442,0.0144773194311072
2825,40.64729603628725,0.2082771606060859,0.0,0.0093520661618791
2826,43.00374423308049,0.1493289353195561,0.1699811226734331,0.0167832106020415
2827,44.13248359594362,0.0968437907646859,0.166363854280422,0.0550627199281064
2828,43.58839069019876,0.1243462449003783,0.1547741739223336,0.0750938304089894
2829,43.15646083935622,0.1426119836913686,0.2372282273292258,0.048732363104914
2830,43.1874468842916,0.1229051502972792,0.3186095565176107,0.0825465425001476
2831,43.40951789674657,0.1061139603806109,0.0330653881490386,0.0983079370638736
2832,43.063493284667096,0.156705387374373,0.0279891402822381,0.0546001984069078
2833,43.48571153283064,0.1253332765909959,0.0301361596031822,0.0270551335737586
2834,43.235207527595655,0.1186051897374107,0.0473612320409245,0.0148204329080609
2835,44.23427911022316,0.1421527734550964,0.1162881538440384,0.0341996920335429
2836,44.920687122008815,0.1311686007677053,0.0307576421971902,0.0465549842631855
2837,44.72682863747973,0.1448209843226301,0.250547388572099,0.0222872793243586
2838,49.49681739038034,0.1005466543053826,0.0,0.0006799317252121
2839,50.4116364437352,0.0813481788552105,0.0,0.0
2840,50.569454819657096,0.1065158758128623,0.0004003710535679,0.006380684013118
2841,50.31553946124357,0.0977974820252831,0.0,0.0331901878981969
2842,52.71383965080802,0.1046314580494358,0.0,0.0056528622650836
2843,50.92019616625591,0.1235214607796218,0.0,0.0043760160496721
2844,52.862624217998565,0.0833054068107994,0.0,0.0009705022494374
2845,54.08648946186404,0.0819366872582978,0.0,0.0045448648653376
2846,53.96285987076946,0.0778664079822398,0.0,0.0
2847,53.22020699582112,0.0847304479918953,0.0,0.0034709297535516
2848,51.83791974957946,0.0998732612319078,0.0096851916864618,0.0063453171428068
2849,50.52945015388384,0.1070429966236669,0.0,0.0063389374583464
2850,47.72766747966703,0.141870692198213,0.0,0.0043772968468114
2851,43.640548588934266,0.1840980877466951,0.0,0.0050993270590563
2852,48.37200606168168,0.1301044048167039,0.0,0.0059516646783616
2853,49.073763522376005,0.1324652913062938,0.0,0.0060026072731104
2854,47.84607783039195,0.1491601250512055,0.0,0.0028895347488294
2855,46.5245390290649,0.1229406955128926,0.0,0.0409479003582946
2856,45.2293629408171,0.1105878887650292,0.0,0.0577459088151869
2857,45.20581855937115,0.07978523998582,0.0010313592756709,0.0804212219144911
2858,45.60191403377119,0.0752699770915501,0.0,0.0747211604170535
2859,45.819671979214014,0.0953601848100892,0.042954168762584,0.0439287913431813
2860,46.3515932894338,0.0766704166617111,0.0253355966013855,0.0429879836902175
2861,45.43683789573908,0.1011490378067301,0.0445065315043241,0.0333267774421615
2862,46.18234372496856,0.0822415465686566,0.029302727894319,0.0582079637765412
2863,45.34887003162029,0.1213994084537037,0.043464299145981,0.0389043331851104
2864,45.549315027002194,0.1207840525617863,0.0438896103584002,0.0282709310855616
2865,46.624677507155376,0.1004040768405598,0.1380468231310515,0.0113131046700586
2866,46.01388817343945,0.1326558173532558,0.0073389730842053,0.0051970477678516
2867,43.59352104031693,0.1478117195016713,0.0,0.0306310071478193
2868,41.507963887295645,0.1444418463805251,0.0,0.0392432389087887
2869,44.70614575115574,0.1175680365247776,0.0501157558603683,0.037436683739541
2870,45.07610767991967,0.0979647038757008,0.0400038283209279,0.0710070461655084
2871,44.66063311171342,0.0766679051335092,0.0251744717793328,0.0751287270832643
2872,43.44758156118799,0.1490140803878937,0.0901407926788882,0.0259296768933492
2873,44.66314626204807,0.11233686706056,0.0790653338343887,0.0383903454475902
2874,45.804386903429496,0.0829069319713999,0.1252475479959721,0.0453818334555401
2875,44.98631120760414,0.0592720274176658,0.1395583521584069,0.0772368249372823
2876,44.58259544964907,0.0531532577964532,0.1966067941846907,0.0870450894632033
2877,44.404433273014746,0.0495114598984366,0.1618077944800466,0.0829897302334431
2878,44.23655365381304,0.0471508615427907,0.0979704821040516,0.0895068942553613
2879,45.027399779736974,0.0515227696583785,0.1071339283970788,0.0772787891773754
2880,44.42869694848201,0.0554000652899,0.2463775615915333,0.0763911747263987
2881,44.171229750737886,0.0644210952049403,0.2921700014111009,0.079407566142239
2882,44.72539099095881,0.0550716943791655,0.1774495814710134,0.0794107425284615
2883,44.20671562298063,0.0939028770150323,0.0743982985664186,0.0640750135666533
2884,43.08586833791142,0.1175948765586927,0.0698153003546994,0.0279020720576063
2885,42.53944069726701,0.1332279734955696,0.1250148503170417,0.0567225561046171
2886,42.57340598615473,0.1495295371270729,0.0626836393541277,0.021087963358266
2887,42.73583347322116,0.1571333226065278,0.0120754048987885,0.0059072073748348
2888,43.17021587849352,0.1266136347009578,0.0087017165219972,0.053267447170603
2889,44.78886496016328,0.1080139454959947,0.0107438996045405,0.0601622559744457
2890,45.71930550363607,0.1180093070851649,0.0450854245840061,0.0244443273515703
2891,45.64930165173476,0.1688104735087529,0.2692241358576456,0.0
2892,45.53761236773466,0.15118314590979,0.2185867904978304,0.0030462596014766
2893,44.05131773452876,0.1746762997910761,0.0230873169216884,0.0113258213130372
2894,44.77943995318351,0.1521173165477654,0.00407645078509,0.0076427671961262
2895,44.41598239346776,0.1485130450168593,0.0281248199068464,0.0032867766979039
2896,44.46222523384495,0.1640543345074865,0.0158070874795323,0.0
2897,44.27099095536232,0.1749465219887291,0.0031846948846303,0.0
2898,46.633713256352046,0.1473244064245733,0.0,0.0
2899,43.941039033822,0.1434933916315597,0.0,0.0
2900,39.59799270605837,0.2002937772813156,0.0,0.0
2901,40.84223290236234,0.1819012008052063,0.0,0.0
2902,44.714306832856046,0.1153693032260759,0.0,0.0
2903,43.636363914342056,0.1435674332970069,0.0,0.0073845276881568
2904,42.88056599347623,0.1289840746514814,0.0,0.0
2905,44.19442118235946,0.1308736565161653,0.0008624397417392,0.0
2906,42.47237440199701,0.1870137674072834,0.0,0.004614747030217
2907,41.19277481632692,0.2033572552784246,0.0036478203642925,0.0
2908,42.38027972530821,0.2003505396822999,0.0921203169195443,0.0002770776956404
2909,43.13673395299174,0.1676099229424492,0.0411607764593651,0.0006997176629342
2910,43.94219101042353,0.1503576341502878,0.2069335665846152,0.0085861345831644
2911,43.05753751779668,0.1564188329885575,0.0693689482235852,0.0155275113658906
2912,41.87275085672801,0.1781671798892984,0.0924564599942624,0.0123374033664766
2913,41.94227514988919,0.1456492217206605,0.1291117148234253,0.0114060008517992
2914,41.33145343137125,0.1493890822865191,0.112536489676914,0.0139742149608804
2915,42.156014333723306,0.1768923465089119,0.0200614825200614,0.0061232016854887
2916,43.66785490196449,0.1802736938212773,0.0476100556079964,0.0057498565625688
2917,44.095026123260034,0.1602049227961609,0.141004000194666,0.0101641118992152
2918,46.32041682721671,0.1192613314570991,0.2609528352743134,0.0099156231954991
2919,47.25878023337947,0.1131768626836678,0.1217997871400307,0.0126114236133629
2920,45.30289441076367,0.1290790989747187,0.1188165958520291,0.0162817234962896
2921,39.386286741641,0.1348860579157541,0.0,0.0
2922,40.63453813198469,0.2352401534891686,0.0,0.0004363673094601
2923,40.27770618510332,0.2297215427812059,0.0,0.0
2924,43.22209391546557,0.1989314913100816,0.0120007121103003,0.0083590065312992
2925,44.103353841338446,0.1502807763963362,0.1014806552700414,0.0018245125081516
2926,44.62240114589149,0.1151851613388495,0.072093625552875,7.571898666277212e-05
2927,44.90996700008948,0.0960157569393679,0.0047372010535776,0.0423194529689071
2928,43.767294090969095,0.1064446513613511,0.0755605392044381,0.0560497192890711
2929,44.251086498379244,0.1325989069924484,0.0511835915510818,0.024697300453628
2930,43.34072642726428,0.1617073195172362,0.0640055018029854,0.0255417904600487
2931,43.61243803427851,0.117551068227599,0.1666863948315085,0.021745179077354
2932,45.633701325254606,0.133050830578162,0.0377507134800691,0.0112962874285409
2933,45.663238091779256,0.1196750208563534,0.0361949426564116,0.0379811036251805
2934,43.7826434172149,0.1269585372697867,0.0253756866131156,0.0840405088142152
2935,44.09266452802857,0.1319596027811683,0.0249895680560062,0.0188367250700212
2936,44.113473294991536,0.1056084030028989,0.0730768215121563,0.0449428168270212
2937,44.9321964405805,0.1131726936152811,0.0321159931234369,0.0539805993068766
2938,44.81546529908158,0.1048197967049238,0.0388330271413103,0.0556064576909204
2939,44.96576291077067,0.1289144843475747,0.2566050180479782,0.0184994713895851
2940,49.53181447824241,0.1094253196122135,0.0,0.0031407805406571
2941,49.002935360473,0.1061897644619519,0.0,0.0075037872357613
2942,49.16857957870016,0.1075610477309018,0.0002453400048248,0.0336126776033385
2943,50.47803981080915,0.1253135171326415,0.0,0.0072032067025082
2944,53.66768765627738,0.0892243285597634,0.0,0.0040499555043126
2945,52.86272407547186,0.0872521464436696,0.0,0.0
2946,53.437038033064965,0.0805454815925792,0.0,0.0
2947,54.01023424409357,0.0824034843978386,0.0,0.0045449146476039
2948,52.7639607393551,0.088212981173189,0.0,0.0012552806959956
2949,53.02557598658909,0.0856305757777947,0.0,0.0003708310171372
2950,50.52005812112306,0.1129848595005375,0.0088310825739796,0.0086857502903248
2951,48.72260335168139,0.1249978429273702,0.0323463215549917,0.0075261063065326
2952,48.57323231699438,0.1168685891368356,0.0,0.0
2953,48.414432318681165,0.11972334046763,0.0,0.0001711280131089
2954,50.46006194269001,0.0923143646312742,0.0,0.0063241026396692
2955,49.51951184350207,0.1171249488459523,0.0,0.0040161279052819
2956,46.037585676421614,0.1689715097253507,0.0,0.0045679205876301
2957,46.165109829219865,0.1573663928872223,0.0,0.0194253090227
2958,45.36020471085081,0.1156562051716907,0.0,0.0458710404494383
2959,46.43097797227766,0.1119271477994787,0.0,0.0543211338014978
2960,46.41804248779489,0.0961254179430803,0.0081276096449854,0.0428107680715786
2961,46.52237534338553,0.0833215858490646,0.0,0.0633276069137421
2962,46.3873234301328,0.0827941833688118,0.0,0.0655551463315503
2963,46.09713384142187,0.0916545671536053,0.0,0.0596813846441827
2964,46.06572360163777,0.097184901149381,0.0001732149151423,0.0555021816745568
2965,47.75263484262568,0.1095976225293339,0.0,0.0165515987445435
2966,46.76150554761934,0.0831383254850708,0.0,0.0414763315312205
2967,46.29003858365132,0.0993862367783487,0.0009394406847578,0.0225081989007265
2968,45.26123592145408,0.0921942258628285,0.0,0.0448114789954357
2969,45.80617233782933,0.0854437115521876,0.0,0.0631937038364442
2970,44.72281352753149,0.0837738066144938,0.0084735626381765,0.061176615888612
2971,42.53969757968568,0.1454110299444799,0.0071679539388867,0.0310602232400619
2972,44.99301795302519,0.0820485049581439,0.0,0.0875828140944374
2973,44.92753435069055,0.0689692364058371,0.0039313624928144,0.0864957005214474
2974,44.18937219535242,0.0759223099423852,0.0500041378584945,0.0730366374460092
2975,44.92753744360313,0.0640923447154329,0.1934868413385827,0.091436294918535
2976,44.929211330793386,0.0733200883048895,0.1690065496463134,0.0729342218840501
2977,44.192767664523245,0.0577491179669614,0.1061258801285267,0.0759523762503197
2978,44.31770937452128,0.053018954314233,0.2214256101020063,0.0831411678347095
2979,44.37753272244564,0.0489379836821133,0.3181092108933877,0.1091497247497032
2980,44.44131930594835,0.0510212774066759,0.259913587690084,0.1080007005159898
2981,44.24571785642909,0.0505279160771484,0.2943304800537199,0.0846600338733461
2982,44.35777777829964,0.0568252223446604,0.4554902717060524,0.0932619381968273
2983,43.94804740294544,0.0833043129123006,0.3077398631116805,0.0746747964065475
2984,42.69422399769632,0.1295881074445331,0.2230452582512095,0.0546494323056435
2985,42.08965851309142,0.1531058013160835,0.1854822223808081,0.0458149812592003
2986,42.72832242805615,0.1410864004366259,0.2463559317121514,0.0272108773006319
2987,42.513796696895845,0.1481113621521056,0.0572178658853241,0.0102489986992805
2988,42.84119429610762,0.1715313833961833,0.0012070236522199,0.000608388183913
2989,42.86027661771701,0.1545881210000677,0.0002370411655857,0.0033405399365785
2990,41.623762237810695,0.168150916047445,0.2227091994499518,0.0160314082169976
2991,43.841299142776926,0.1324710845578023,0.036567318556495,0.033855834105868
2992,46.74880257380839,0.0818320845893481,0.0507717855013712,0.0495897978054937
2993,46.91335488739314,0.1235004885801275,0.1019973022655702,0.0170124650783178
2994,47.0486823682435,0.1658611501997204,0.1878053980339392,0.0
2995,45.13002662619003,0.173836037957777,0.0779710938580854,0.0018696868268174
2996,44.91567622493199,0.1528893182100935,0.0047838236918968,0.0188644764705638
2997,44.16598131393384,0.1272173841855736,0.0275929297627913,0.0108744149857172
2998,44.17394414457866,0.1648329503284261,0.0,0.0055456273749897
2999,44.93193951514901,0.1509998573591066,0.0029883752287356,0.000533280775109
3000,47.35273250267073,0.1474506797763958,0.0,0.0
3001,45.46410467747256,0.1191810944244956,0.0,0.0
3002,43.20249559075716,0.1295806750330941,0.0005200446026526,0.0017542100191334
3003,43.33844609762258,0.1395775137828128,0.0040611586899158,0.0050499992528626
3004,42.46904327264471,0.1458876622126398,0.002886771364819,0.0
3005,42.92863887683245,0.1345014882645681,0.0246840138990341,0.0084776876073233
3006,42.6344931125872,0.152954413629634,0.0,0.0041840632865572
3007,43.29942509054972,0.1272998189994651,0.0,0.0
3008,41.28750402355159,0.1788870837853159,0.0054040599371137,0.0022396150528877
3009,40.18833670944551,0.208635447182111,0.0887778638568994,0.0090819305541414
3010,41.50839002286728,0.193413139914566,0.1399852686411391,0.0254813132264749
3011,42.205233146263,0.1702197838545629,0.1768095326859364,0.0241186289314787
3012,43.05049030934122,0.1415255309441611,0.2339211995342844,0.0094475078445505
3013,42.03918233706905,0.1398067511513063,0.2149214394859701,0.0159427173747655
3014,41.54287410374062,0.1764957098563915,0.1578621418441614,0.0181677475303425
3015,41.00700963779966,0.1783842150140801,0.1401478883866238,0.0212187896528457
3016,41.37927397379883,0.1685179082392537,0.0973015406592734,0.0157656949774011
3017,41.48925907282882,0.1728913056502336,0.1601527710876592,0.013761023356732
3018,41.401324052817145,0.1921222555631168,0.1133271674557423,0.0167094624423083
3019,42.05245705601844,0.1755602702605786,0.1582320345458895,0.0408299232610528
3020,47.62483613089978,0.0891531427309431,0.3208633144011572,0.0033066063767471
3021,47.90051085465959,0.1143437467897536,0.1325948908548635,0.009117920015947
3022,43.87629681292817,0.1378380436425569,0.1019662630428383,0.004509475429331
3023,39.181026546439405,0.1391245064370758,0.0005097676918835,0.0016487362036965
3024,41.48929288287364,0.2041357587566478,0.0,0.0068561990007348
3025,41.99303537298252,0.2011019818712927,0.0,0.0025800619663
3026,41.64643471390948,0.215176640816579,0.0,0.0
3027,42.40387883629881,0.1994457823085825,0.0,0.0044425527318874
3028,43.72287031523109,0.14031558629529,0.0430960652531906,0.0266078985129683
3029,43.209603591152224,0.0768459334895081,0.1517314243822459,0.0913166005733152
3030,44.77443380665901,0.110716543823986,0.0564410898221901,0.0370811521169915
3031,43.40056500398478,0.1481930442627886,0.082946565379084,0.0207349188526552
3032,44.71186310025771,0.1256997378892171,0.1443207697926292,0.0305176366234397
3033,44.51153024434061,0.1407201595268305,0.2294434043694592,0.0228416759431808
3034,44.74193945980577,0.1447131814347084,0.2420623006995252,0.0215255725754462
3035,45.35337776432433,0.1476628524309192,0.0680235259587637,0.0172826811887481
3036,44.44378091870772,0.1153606181305541,0.0034578710936101,0.0660142335406389
3037,43.58134116659514,0.1181781671670683,0.0081668545805667,0.062219070654346
3038,45.59486556374402,0.1211284779503128,0.0,0.0207855027139415
3039,44.96458262750009,0.0776582295693217,0.0037046684649493,0.0521171209914477
3040,46.56851081942645,0.0996290359272587,0.0295891863932263,0.0210742129663216
3041,46.77666168464803,0.1119279513457742,0.14198942097721,0.0311247957091257
3042,49.99333937106787,0.0930305544788016,0.0,0.0081628794219664
3043,49.76295743114781,0.1183798884297568,0.0,0.010835330246733
3044,52.30951840746795,0.0972918101980445,0.0,0.0051055027034463
3045,53.100002638074926,0.0813251969534783,0.0,0.0038311030610601
3046,51.54829687188246,0.108953180170033,0.0,0.0017009433767117
3047,52.78836909320171,0.0903978824424811,0.0,0.0
3048,50.72673411259422,0.1111295909532935,0.0,0.0090841971486557
3049,47.30595254495008,0.1197579935916,0.0,0.0383895816990605
3050,50.231964379391385,0.1033723501224778,0.0,0.009495409736799
3051,49.35159075982066,0.1205368004784724,7.204531230282719e-05,0.0117424338628887
3052,50.92615868046111,0.0861863354497266,0.0,0.002408793715084
3053,51.14497168191707,0.0870100684914118,0.0,0.0063702955163581
3054,48.87561649494094,0.1289556976474504,0.0,0.0116117458098165
3055,49.42615815992396,0.106247058388692,0.0,0.0090847344138353
3056,48.02055551087183,0.1195690690754173,0.0,0.0105499360004534
3057,46.851554658647785,0.1320178914697659,0.0,0.0218213324989904
3058,48.29073162712095,0.1062612308947715,0.0,0.0254454332590199
3059,46.34605858407498,0.0969225732457135,0.0090285156760558,0.0575899557469308
3060,48.170431101125374,0.11719987190281,0.0,0.0075531614483023
3061,49.68303869513647,0.1070069763229081,0.0,0.0168923707900968
3062,46.21785018149779,0.1019397476844612,0.0,0.0574126609536673
3063,47.66471707551155,0.1241679526446329,0.0048761637475293,0.0235317592958904
3064,48.845340605981214,0.1026152917368963,0.0,0.0086507039063157
3065,48.74585657930646,0.0856210540769323,0.0,0.0174287677931331
3066,46.6738487617373,0.0796279467109686,0.0,0.0135981937438002
3067,43.32151892861773,0.1133221606599441,0.0,0.0385429404220056
3068,45.17333957777703,0.0990031349932196,0.0,0.0560161399257986
3069,45.91398147313183,0.081043747671644,0.0066014458397133,0.0518165206495954
3070,42.08970432289544,0.1419966479053254,0.0,0.0228374341988553
3071,44.03873926701142,0.0621329440791659,0.0,0.0946186208123217
3072,44.22387625626708,0.0593124952205171,0.0023779198030938,0.0866396910185898
3073,44.07990250651118,0.0555830096677621,0.1086441099914287,0.0825032184257285
3074,44.52489089283463,0.061249667754928,0.1801555675025009,0.0686329724947401
3075,44.76677123870598,0.0679628753108369,0.1418722597085552,0.0609465587887216
3076,44.52878660727936,0.0646595091940767,0.078613504670041,0.0551225359194337
3077,44.46161581744903,0.0585433886810806,0.1221032825798186,0.0779610068744454
3078,44.65349134678891,0.0538067219656097,0.2595064109289343,0.0947528278796282
3079,44.24583960688704,0.0593076507260373,0.263020267926225,0.1076544175982426
3080,43.86671775835119,0.0739800682416365,0.1675862120410191,0.0844311454926284
3081,43.13159097029109,0.1324609912089949,0.1432897753255831,0.0450800159307213
3082,42.19038083167155,0.1521809137668675,0.0628867402126124,0.0287302177515681
3083,43.16515831003774,0.1299018734340586,0.142147693381355,0.0202419896744635
3084,43.097531626575936,0.1234003051027898,0.1528188166352909,0.0459177526744282
3085,42.17600070378927,0.1680428280175819,0.1046234030661703,0.0149834165643928
3086,43.238894903264175,0.137991284495376,0.0764279705759305,0.0287036912885684
3087,43.44497973204186,0.1398126559768006,0.03619092416321,0.0161945159471999
3088,43.16904787404985,0.1445871731864296,0.1534532665257922,0.0314995456412628
3089,43.05882562140502,0.1489637523294927,0.3298869207999227,0.0555507841987694
3090,43.77224639628916,0.1273253003290394,0.1688892944493306,0.0510725249517812
3091,45.0837766631078,0.1081036722983129,0.1496987815480895,0.0510707300577534
3092,45.38125720584256,0.1304800354600339,0.0891858590246255,0.0275793176798052
3093,45.53501533841128,0.1515279614823405,0.0510430646262126,0.0027669386492294
3094,45.62864584160126,0.1545183055286051,0.0010953258925332,0.0025252866614586
3095,44.09603450502612,0.1154326399005249,0.0978919718788228,0.0332827816048056
3096,44.22532627515096,0.0880904756655133,0.0902918718097658,0.0418802192047594
3097,42.34192847578064,0.1614542900322947,0.077622471424066,0.0169489585579971
3098,43.36567448159295,0.1478667785040237,0.0418122577215812,0.010081921938375
3099,45.62358333598904,0.1613439661240047,0.0,0.0017777008884675
3100,44.04867054170853,0.1332449321765455,0.0235878590642717,0.0146898192002365
3101,44.094827665566505,0.1131329844269154,0.0059821793884836,0.0256758909055491
3102,44.6624190660443,0.1065072699714244,0.0041580785254546,0.0207953972670133
3103,43.47453486165089,0.132038794081969,0.0026377114591648,0.0113463511121358
3104,44.136469750004345,0.1270022934106936,0.0143766414724484,0.0011136351494102
3105,43.93621556741161,0.1231431357790883,0.0,0.0037785220293416
3106,43.58979617948828,0.1148332658092763,0.0,0.0007167573390253
3107,42.95466452749052,0.1313841203869224,0.0,0.0
3108,41.52058122431151,0.1734885034121502,0.1075488954388919,0.0043772598053275
3109,41.77420233823428,0.1894154894711237,0.1333627386388757,0.0291322726497728
3110,40.509013309323066,0.1916818959197564,0.163595234182896,0.0320645982514745
3111,40.76124586159221,0.184979631447616,0.1607248041320435,0.0295108534852256
3112,41.3001524168652,0.1649505472336211,0.2109885866743386,0.0240230410207591
3113,40.794580390640526,0.1679176027888356,0.167065258184871,0.020422121939205
3114,41.694094623652816,0.1641176574655053,0.2036828268066396,0.0212011686683001
3115,41.31156366245098,0.1808258522690686,0.1536134350504519,0.0260732444391005
3116,40.7301871794874,0.2012024650318634,0.1571468695386145,0.0201454285649056
3117,41.43464799443734,0.1889505650360871,0.1455833491068919,0.0173894390581776
3118,42.76069721844623,0.1696374651116364,0.1798918365875239,0.0102596826225002
3119,43.973457467491485,0.1376413007658441,0.1381605110142444,0.0102761133630881
3120,44.72304705164794,0.1411775304776079,0.0804000908001591,0.0047824866975994
3121,39.85795568886007,0.1549576942585979,0.018398355894709,0.0
3122,40.51089630748029,0.1607570923219921,0.0,0.0
3123,44.36811666909447,0.1889138920575709,0.1012414760573495,0.0048370582630911
3124,45.21314283821032,0.1517673366282829,0.0440052391355579,0.0031020715249681
3125,43.88827840685885,0.1830147281488618,0.0319351316212703,0.004847715882046
3126,43.72902487072943,0.1708546272622903,0.0064786917899423,0.0155981615220402
3127,43.07065719959752,0.1132291311400083,0.0168618438413193,0.046905109601366
3128,44.30517399843277,0.0732144683860995,0.0556827283394232,0.0819829475660118
3129,44.552202967502,0.1525005684271901,0.1027831661480705,0.0186449445180131
3130,44.35900237683606,0.0953690457297723,0.2161197594078275,0.0583248185408551
3131,45.16558616310678,0.0915428652480895,0.1030398240980859,0.055000445432971
3132,46.06928254239227,0.0982387171059207,0.1034478513248184,0.035156501673241
3133,45.912655549274646,0.0929185593498774,0.0927597758675852,0.0512029116062882
3134,46.10197923221724,0.0856996772391292,0.0221137107890228,0.0471535585733287
3135,45.67378944852964,0.1016828321648217,0.0313879850514598,0.0351262631873733
3136,44.69390069741189,0.1209068629423403,0.019129593175726,0.0558282341167679
3137,48.75598813572863,0.0911888346585909,0.0422087695319473,0.0218108905324833
3138,49.45842024610497,0.085773440799181,0.0,0.016258078314509
3139,48.07684201000809,0.0998599522680923,0.0,0.0414069107953561
3140,48.81254100105281,0.1003957989691688,0.0,0.0278405399556158
3141,51.02919882075871,0.0810030314844454,0.0,0.0
3142,50.22427588139288,0.1157045186250492,0.0,0.006217261296717
3143,50.59672426348531,0.1108183235114195,0.0,0.0168732060881171
3144,51.17378083692454,0.1023122682615512,0.0,0.0058482685706913
3145,50.988299518365565,0.1016551972969777,0.0,0.0107488094129092
3146,48.82077915472262,0.1173487265775688,0.0,0.0243438316586859
3147,49.07664743721979,0.1146086077142505,0.0,0.0013889241170748
3148,48.41980643490203,0.1230439334970141,0.0,0.0094371353481475
3149,47.61535437582158,0.1378101543950481,0.0,0.0059293488694441
3150,48.97867121122194,0.1031517634168953,0.0009407738838853,0.0224455857684396
3151,47.8167420451832,0.1085909229154138,0.0,0.0213037323988758
3152,46.55241743815859,0.0968168693500371,0.0,0.0518575910501911
3153,47.31518782260927,0.1001041168686999,0.0,0.0447449871581504
3154,47.71162738221366,0.1218211129380594,0.0,0.0272338482011892
3155,49.18927508796824,0.1157648977888002,0.0,0.0
3156,49.92713871999928,0.1194963314398637,0.0,0.0059687811485385
3157,47.545712230077605,0.1400821586638451,0.0,0.0204925602208731
3158,46.44630949773876,0.1397172406481214,0.0,0.03832861686354
3159,45.38639642761247,0.1242741270046853,0.0,0.0542533642874955
3160,46.26816047875514,0.0999372144972877,0.0,0.0320503019154499
3161,43.92734446638304,0.0840586829441278,0.0,0.0811643051899764
3162,44.398101776659686,0.0725612054557141,0.0007337315024207,0.0573806601343569
3163,43.08619673954808,0.0722935663669195,0.0017337875831028,0.0605200499094916
3164,43.01698903310695,0.0712861409430086,0.0,0.064004709888428
3165,40.82338038670912,0.136205116524856,0.0,0.0207413128969497
3166,43.5431338327644,0.0735410788503617,0.0,0.0751682544283552
3167,43.995947953653214,0.0581342393533222,0.0,0.0728736285673436
3168,43.87348288473265,0.057300972883348,0.0786183801804902,0.0846857797228766
3169,44.27728421251757,0.0573911230388669,0.1107255265359472,0.0866654466154184
3170,44.027403824896886,0.0646667738264742,0.0939969939889558,0.0818053202556452
3171,44.002530680607855,0.0510388774051237,0.0756961098277691,0.1034414472669645
3172,44.37789944493723,0.0599625915735771,0.1148926455969242,0.07834415881119
3173,44.75674179665523,0.0849191150363527,0.0974566569313448,0.0654420149605931
3174,42.99749539507385,0.1212545163532765,0.0615691566007174,0.0566494711882719
3175,43.03567682200986,0.1111915336486492,0.1014882987371656,0.0472145368498189
3176,43.32813262881631,0.1121474292482085,0.1761588742302741,0.053948193594936
3177,43.40587614591505,0.1173156626567617,0.17593387158698,0.0213003808221904
3178,42.86707074311376,0.1562197484956489,0.1575212020102033,0.0052080963966497
3179,42.25399668381597,0.1546515377674093,0.0532270020104198,0.0343754553341551
3180,42.479813522443706,0.1376707043801062,0.2095951231274636,0.017940921922182
3181,42.83523802648224,0.1291764603273852,0.0734686596091954,0.0608836470592355
3182,45.082091093956144,0.0695862348514524,0.0074902290758725,0.0821958945423869
3183,43.72504941585594,0.1135726159789119,0.2642022198243638,0.0621774605728656
3184,43.76224565646135,0.1385931009993751,0.2091160232207819,0.0370495119488683
3185,43.51192797716499,0.1260270265284882,0.2658881473308755,0.0491551483896682
3186,44.41336098594709,0.093816549456113,0.309732233301832,0.0733940275848287
3187,44.71752059172504,0.1222828702298742,0.1315821789851029,0.0452178895301846
3188,46.18820254698712,0.1109944123957827,0.2982089881090595,0.0214881228200697
3189,43.08857575544645,0.1733497295389395,0.0269865233665411,0.0084375629137079
3190,43.766234743466896,0.1233729318461651,0.1914365404104513,0.0203751365276056
3191,42.77549331138049,0.1230544074619069,0.2110948576426984,0.0397708228632685
3192,41.84897473683573,0.1557956324614672,0.1020505380271212,0.0125649215126312
3193,43.16340510464719,0.1022362132839274,0.3521805227668286,0.0507520383824424
3194,44.20986608309803,0.1547404462242367,0.0374962519363077,0.0119004466279299
3195,43.57321234116018,0.162309706916018,0.0058642933928061,0.0
3196,45.261901581368136,0.1304690075946417,0.0645825183173526,0.0032974873202767
3197,44.84754255679849,0.1149429268190919,1.4406564959456568e-05,0.0084419293559249
3198,43.62740857502639,0.1089649761036554,0.0,0.0043664252988467
3199,43.31328313038501,0.1283254683110153,0.0,0.0056716821328373
3200,43.0448191162781,0.1174809608230002,0.0,0.0
3201,43.36064989151624,0.1185386273903667,0.0,0.0051441090274179
3202,43.22855020066601,0.1400211746479429,0.0,0.0009251777015726
3203,43.82991792793213,0.1279654829962188,0.0529615163121465,0.0073032811488761
3204,41.35785288033596,0.1841381737088932,0.1939915257912407,0.0175830396016674
3205,40.512560063055865,0.1826228963514297,0.1982186505319486,0.0278103908502644
3206,41.373874630478205,0.150227876358698,0.1431604144562687,0.0227993625810817
3207,40.85736605562722,0.1668901986183446,0.1830464088404004,0.0301347362408639
3208,41.00849328623613,0.1691195182403169,0.1464870455681489,0.0239867122529699
3209,41.68752048570968,0.1468415343189718,0.2378250015837981,0.0238270214152914
3210,42.045606484533934,0.1427185600775053,0.1806208371801252,0.0300921441503806
3211,42.62458554031903,0.1787879268107416,0.1466903855045442,0.0254830469390585
3212,42.48407196790223,0.1676396881318436,0.1402299993183009,0.044338833654016
3213,43.1359250563305,0.1585292750091608,0.1275472038497524,0.0238309884922683
3214,43.34209758513033,0.1479627514246809,0.1407119497078164,0.0110800717533915
3215,44.469325106848174,0.1456251870009544,0.0451521203492294,0.0202248550947771
3216,41.48024328030635,0.1770902599840555,0.0028213989743238,0.0106601447351939
3217,40.21380143577519,0.0885317944965658,0.0,0.0060140281198445
3218,43.991819052601926,0.1896864661599392,0.0,0.0166068473945548
3219,41.82039588272296,0.2280499026293717,0.0,0.0064314334330405
3220,42.610529741680125,0.1932114243242398,0.000136930390805,0.0181678980939935
3221,43.81370072992552,0.135884956873595,0.0420739383828229,0.0299838129288029
3222,43.61797194636664,0.0763986638907013,0.1206312090711693,0.0732526000408147
3223,43.67240826632582,0.0857025409791993,0.0590643994694989,0.0779735066910386
3224,44.82540991360548,0.0990370253228934,0.0428815093728364,0.0430888543634932
3225,44.68853204621721,0.0534352861004637,0.0038548185905976,0.0550411854497722
3226,44.782934163039606,0.0612966853256024,0.030590329943542,0.061368012237578
3227,44.74105740912121,0.0744605729239593,0.0839037611504648,0.0693240499971361
3228,44.45051154542959,0.1263111716935501,0.2502185210572095,0.0221484452800688
3229,44.77469989919896,0.1365802485326133,0.1660690423672257,0.0182294778356654
3230,46.95715410493658,0.0989707441426144,0.0412044260836169,0.0278391817181892
3231,47.47590072499175,0.0784688971814597,0.0921955964550176,0.0403686084676926
3232,48.43973661143581,0.0746773447570294,0.1017282705634793,0.0370319707967751
3233,49.0221499627895,0.0758066091229527,0.0,0.0066128088825325
3234,46.24888168348139,0.1035115793291354,0.0,0.0208995242885997
3235,49.87218120038212,0.0973477528896233,0.0,0.0001927056717824
3236,48.11230082866288,0.1230344590499663,0.0,0.0
3237,45.53141004224833,0.1375836624080531,0.0,0.0233696211935934
3238,45.608788461251095,0.1102243358368616,0.0,0.0423786155936839
3239,45.42702270718683,0.1200463338566806,0.0,0.0488494248473383
3240,46.54034561623338,0.110095446853132,0.0,0.0569394524370921
3241,48.74715848291334,0.1082043231009575,0.0,0.0357323805841217
3242,50.47996485502583,0.1023483329972586,0.0,0.0
3243,49.699580879187614,0.1151831097291441,0.0,0.0060070352153921
3244,48.780879917238245,0.1334151654335353,0.0,0.0070601848296254
3245,46.87656391292202,0.1489700856506682,0.0,0.0049334319276393
3246,45.74000375060915,0.1193809996974644,0.0,0.045801602506276
3247,44.37459916541199,0.0957009326292595,0.0007268631931915,0.070263541669808
3248,44.410710972496624,0.0814305120214278,0.0018465315068764,0.0807253068776751
3249,45.58900830661391,0.0869508481660636,0.0,0.073729395763414
3250,45.21880021395652,0.0696061732680368,0.0,0.0777464928143492
3251,44.47978956417448,0.0679791868942744,0.0004670919508345,0.0885780987157338
3252,42.19513661288151,0.0883813918135836,0.0,0.0622283811757371
3253,42.65907169265921,0.1081788912999311,0.0,0.0574548297403817
3254,43.78349490140722,0.0720094910420861,0.0059416733508556,0.0796321970459381
3255,43.5912843632995,0.0569795152939819,0.0361252310103884,0.0942348810459525
3256,44.13017528099406,0.0565521913064425,0.095918846290356,0.0886963969594683
3257,44.371306066691645,0.0608422595739475,0.0557861348604186,0.0816556635182402
3258,44.912406841276834,0.063871643950649,0.0919256237335879,0.0929390822709129
3259,46.38587049396965,0.0701748482420709,0.1224161769604621,0.0485832460030608
3260,45.30322749487293,0.1044429187042004,0.0273097686729006,0.0393659555466352
3261,43.4798020943763,0.130038564090137,0.0452591671936411,0.0279697025933302
3262,42.9518784383428,0.1318468689106376,0.1321344984883507,0.018159778463205
3263,42.86952647357515,0.1336767290100364,0.1331547091805958,0.0370070658007612
3264,42.89315814394985,0.1334223373580138,0.1313545332019487,0.0467718404592926
3265,43.75214831739938,0.1048341309141617,0.1004043738296176,0.0311403310381166
3266,43.413319193630265,0.1075918910117197,0.0527790092755625,0.0626339404024109
3267,42.751146333869656,0.1255046635627102,0.1789227010696908,0.043117052959518
3268,42.4285185507126,0.1438154464055347,0.1385741542519563,0.0290515765117707
3269,44.714062833335696,0.0708850364265763,0.0459464591673475,0.099853028147715
3270,43.859996273271925,0.1278398892609822,0.0135820501397842,0.0490539265388907
3271,44.76812982830367,0.1428128487880424,0.0238286652671399,0.0180496604177668
3272,44.08392895549501,0.1455928424453473,0.1246471263152961,0.0381704911574414
3273,43.0202773957287,0.1479781679125574,0.2367252768118498,0.0293918067974348
3274,42.92706631184964,0.1442092676333253,0.2821460300692075,0.0518420234860909
3275,44.649392069460575,0.1298849290256226,0.200015670470303,0.0186316641690129
3276,44.01967681037664,0.1176833271032817,0.2701139581832806,0.0102479905512216
3277,44.89282170037519,0.1002691933845157,0.3137515448920819,0.0028833419131939
3278,42.937173164153606,0.1132124709459821,0.2244835649644805,0.0336641775250101
3279,42.63336943683079,0.1068293714817014,0.0811625387676115,0.0434864002508747
3280,43.57543088262699,0.1183524624499894,0.1888791544399261,0.0397381636265771
3281,44.87727281179367,0.1587456847154785,0.1998255396171668,6.071835221233383e-05
3282,49.39853894861256,0.1081952232553639,0.0019187624461112,0.0
3283,45.45693848109122,0.1415406774616364,0.0273056507002923,0.0
3284,43.01277456977834,0.1641879287856431,0.0647705076573557,0.0177479618528643
3285,42.0868284845532,0.1597240430696642,0.1144553903665771,0.014654668605045
3286,41.76440064836888,0.1509018074333081,0.1252533217210347,0.0375190773902966
3287,41.61953885861816,0.1468988599912008,0.2120425955098004,0.0403978167638642
3288,41.94260053416264,0.1524922048647638,0.0542607231931573,0.003939585153184
3289,43.54630747219554,0.1451955269507221,0.0001548985657297,0.0102092486856091
3290,44.47050201764192,0.1291484687157779,0.0,0.00283591896333
3291,41.99151771636671,0.1616271413972693,0.1196665495329905,0.0092167359428262
3292,41.55529143566655,0.1730042725590017,0.2036211106067685,0.0326673644232943
3293,41.997218383232045,0.1490798975007388,0.2458998650373843,0.0400950134359201
3294,41.133721917181845,0.1724813543841299,0.1950205843913338,0.0257444208597441
3295,43.08693559138291,0.1329970460760764,0.2570139351920284,0.0261252189650679
3296,43.62728031872745,0.1284919578309214,0.3305839404278087,0.015784823968936
3297,43.391988195657845,0.1235776426484973,0.2106698161592988,0.0256140271327293
3298,43.8920871853621,0.1349009790231802,0.162098071871848,0.0348366560325037
3299,42.971504119254,0.1527199510303985,0.1483574015816733,0.0263236954084552
3300,42.075200484835705,0.1812624573999373,0.156118699902042,0.0105847831541961
3301,42.59301866520018,0.1738674480691008,0.0497325081486885,0.014129304015222
3302,44.83138064964616,0.1497128252206957,0.1579458316319032,0.0100609620757125
3303,44.10078482373087,0.1606975433735029,0.1358485733431565,0.0051035538813145
3304,36.216924497504245,0.1639504044514665,8.376861831387364e-05,0.0
3305,38.99666715631336,0.2015583618203523,0.0,0.0004235143803048
3306,45.541318403771605,0.1723007303101232,0.0,0.0008127568579706
3307,44.92030873248333,0.1541234351049719,0.0052107799490169,0.0271098620293814
3308,43.66485339494784,0.0676001779191499,0.0592650717699635,0.0939524526143144
3309,44.37202093646479,0.0598540888712871,0.13816256067073,0.0829714089180793
3310,43.53945250604291,0.0718959663341295,0.1546408927822807,0.0827818507696589
3311,42.689629177821146,0.1384509894118494,0.2388872112436909,0.0450144929242303
3312,43.41325755579777,0.1050181386174482,0.0731155657396585,0.0504666231781322
3313,44.5139384520733,0.0955094835017502,0.0384235705598514,0.0457645089784464
3314,44.03068026443151,0.1234119469374143,0.2487008000462308,0.0266010956657
3315,44.253834089550594,0.1260977480759151,0.276862559173502,0.0172539788763344
3316,45.35072213649784,0.1227834682748729,0.2307653206652989,0.0167293129241878
3317,46.74054172380585,0.1066570246428895,0.0480357488155052,0.0238513071708197
3318,47.198923116975685,0.0791371561502553,0.1379430582299226,0.0309130591189078
3319,47.76336700754967,0.0819964815587727,0.0850487728637759,0.0110227035322284
3320,47.37371702223954,0.1060594510403225,0.0,0.0267878521831851
3321,48.19316377887524,0.1052258953014743,0.0,0.000774510063275
3322,49.77486302167216,0.1005110225524249,0.0,0.0
3323,48.21689909098832,0.1166201353621,0.0,0.0
3324,47.309808838902,0.144711751429416,0.0,0.0
3325,46.24105941542909,0.1380369245189454,0.0,0.0145522335354348
3326,46.40530093659444,0.1002811297417188,0.0,0.0576861835427157
3327,48.523699858466685,0.1095407407162423,0.0,0.0374992314097953
3328,51.2670711851172,0.0945429576193894,0.0,0.0078742212742351
3329,49.12301717092143,0.1106306729576702,0.0,0.0144181677727872
3330,47.08244422421006,0.1199577801843121,0.0,0.0250813941208987
3331,48.76145771045189,0.1202381021719131,0.0010446110339006,0.0078806693577455
3332,49.50645252288148,0.1266416874960287,0.0,0.0040341428038696
3333,44.90114979023754,0.1637881460004671,0.0,0.0165540391409399
3334,44.854878434950045,0.1540371819615531,0.0,0.0156416966909589
3335,43.4040990968854,0.1711032475268994,0.0,0.0171800869845894
3336,45.11263005451858,0.1226071218032262,0.0052376956095789,0.0330091796872181
3337,45.24166751057169,0.0923548859095289,0.0,0.0644569609542156
3338,44.26337098838258,0.099194358760557,0.0583843248259313,0.0589472816001136
3339,42.42978157469089,0.0953971219815421,0.0835744125516621,0.044728794399808
3340,42.6584238536488,0.092034915699122,0.0,0.0606948418821624
3341,44.1756477969898,0.0567101733389286,0.0,0.0884707981330152
3342,44.080413128341085,0.052447749618214,0.0219511279163974,0.0953320628560577
3343,44.70765282014207,0.0606603927131792,0.076866615880433,0.0913801948314008
3344,44.916898518692406,0.064709021986636,0.060557296443702,0.0747625792856616
3345,45.18932508040071,0.0680784374701833,0.1179415702036094,0.0675202347947089
3346,44.40031498845956,0.1103092303630407,0.0723899803545255,0.0366952078907023
3347,43.282690259468325,0.102773598213274,0.0038613157210434,0.0397527986373126
3348,43.42303919795717,0.1228270800274601,0.1506700897279341,0.0255827556974783
3349,42.72650562920764,0.13430175788989,0.1907201081784538,0.0246958716531618
3350,42.91338925788903,0.1207374335025154,0.1131358428121677,0.0483436107570287
3351,42.34622016639919,0.1345203334005157,0.0791732702782437,0.0501035010532964
3352,43.84842111602723,0.0936727699169271,0.0160172722847531,0.061295632057917
3353,44.70959614786805,0.052376139613094,0.0152487126263954,0.114398474263661
3354,44.02618186209576,0.0759212003547091,0.0122387942939821,0.1005585158857128
3355,43.96193644260604,0.0969126373344384,0.0029066987722458,0.0882875536580174
3356,43.876516056180826,0.0995608366502129,0.0380189821782948,0.0844538686425201
3357,43.870111488340974,0.0941006025725596,0.070415349809714,0.0696222989393997
3358,44.14349490479032,0.0978086006541365,0.1226495620868935,0.0588222242577144
3359,43.7925836055678,0.1028870257878704,0.3915354477941239,0.0843584218147331
3360,42.7288772443829,0.1345399740656871,0.2346593269022514,0.0667354023357748
3361,43.32267553330123,0.117435211603356,0.2364160974885835,0.0691411401952103
3362,42.570390596552365,0.1610489204697169,0.1267210676941429,0.0264005401781797
3363,43.97755091709746,0.1176325851932171,0.1050325320012719,0.017781880497703
3364,45.05502050315435,0.1024884744452464,0.1645632977502042,0.0003100418331432
3365,44.58718442371443,0.110319677630212,0.2474742730389433,0.0066030757129616
3366,44.19519340984226,0.1021380189015112,0.089189692813973,0.0375643920945674
3367,46.73330053035059,0.1198745667608991,0.0409099666909052,0.0120307210947709
3368,47.38638177805975,0.122677419628403,0.0,0.0
3369,45.89569296323897,0.1350147342163195,0.0182001458597688,0.0
3370,42.72806687982823,0.1676943142369631,0.1003900783594705,0.0
3371,41.32569455521893,0.1941391938511787,0.0600407733502005,0.0
3372,41.91022125503977,0.1818990252817726,0.0520052073307127,0.0
3373,42.47704729836116,0.1688962831548967,0.0560354472186523,0.0137045152561456
3374,41.768336368528985,0.1291428676111322,0.3013475197693017,0.072868291241676
3375,42.41182181273216,0.1145824195602114,0.2963458303053833,0.0718754543080925
3376,42.11507031992654,0.1536194089849706,0.0785203850790333,0.0111367121357592
3377,43.3990919852168,0.1496844887107846,0.023301806919807,0.0037949913469814
3378,44.9027065117432,0.1226451587410644,0.0135285598497082,0.0
3379,42.67641186865781,0.1558287578232787,0.1698786497857873,0.0198931929376372
3380,41.88744217525595,0.1713437205827983,0.1780825653869648,0.0434763869946397
3381,42.06223812228957,0.1509606709251602,0.1902499411899825,0.0224351671098628
3382,42.37928826952019,0.1552794750703952,0.1874647166642025,0.0190685102770902
3383,43.56402199670207,0.1288506070236462,0.2209342007290183,0.0148791012922344
3384,42.449502892984,0.1447868182250903,0.1163690033851992,0.0121508548516443
3385,42.03966674452931,0.17106442198675,0.0600626542834436,0.0183009240170386
3386,43.17402663399712,0.1529264852516269,0.0700764996071827,0.0146046609083949
3387,42.76228096510123,0.1658105071995934,0.1929783868568539,0.0
3388,43.9650361021,0.1772839633750823,0.0951089809847704,0.0086925044289255
3389,44.26988962189503,0.175505131472443,0.0542628849804777,0.0120096888966442
3390,44.50468519763886,0.154722034956343,0.0871753018552404,0.013273094127897
3391,43.43417945477992,0.1759537788058268,0.0499209872461754,0.0028225674997406
3392,37.56847603914044,0.1547945244397547,0.0,0.0
3393,44.92943344538115,0.1840656255091465,0.0,0.0149685232551529
3394,44.21815698484668,0.12531076538538,0.0317554850183322,0.0367800059607033
3395,44.04795511967806,0.0561598375877576,0.0171076939712398,0.0844770224423547
3396,44.38568525226778,0.0631041232233056,0.0955796245126496,0.0853415896205515
3397,44.24895387188419,0.063136734044813,0.0654184961533745,0.0821047872686465
3398,44.02352063908791,0.1087451178012361,0.2971722067145266,0.0412754654496948
3399,42.394159798144365,0.1373667935374022,0.2183191910049776,0.0418645947301897
3400,43.36725080626234,0.1275720600902269,0.1661193274295135,0.0463326428350337
3401,44.17819651866533,0.1254808966031657,0.2396067805247302,0.0201838308727107
3402,45.13836029196868,0.1093924866244314,0.1917537153801735,0.0220376118429546
3403,45.437365438818254,0.1146136532777228,0.118423560108347,0.0352753839944496
3404,46.447824215627456,0.1035596218531901,0.127737446419116,0.0253568827265188
3405,48.224214533689135,0.094427767914802,0.1101951628772848,0.0170316568607393
3406,46.4478353839737,0.1572673189976704,0.0,0.0009095507831846
3407,47.7283290059659,0.1306933599081242,0.0,0.0
3408,50.51897730628809,0.0921157328468766,0.0,0.0
3409,47.60409173282082,0.1214872417246993,0.0,0.0
3410,45.18643416925296,0.1632319677589261,0.0043642016889026,0.0
3411,45.86647814267658,0.1563945978922844,0.0128040093640551,0.0031951016287646
3412,47.327982868746986,0.1360797866610705,0.0,0.000554061861591
3413,49.79377030184204,0.1334909195768265,0.0,0.0
3414,51.2798428834567,0.1023016850619154,0.0,0.0
3415,49.55927389340621,0.1150356414594119,0.0,0.0026441560109378
3416,46.63661751223839,0.0911374498792741,0.0,0.035844688298674
3417,44.92496409910977,0.1441547594662288,0.0,0.0267391587497113
3418,45.67284298465879,0.1492733341992142,0.0,0.0059800222290435
3419,45.15467122981223,0.1438498884074482,0.0,0.0083939015926882
3420,47.178529580637466,0.1516071036492596,0.0,0.0045691152511376
3421,45.16331451933672,0.1746976131384645,0.0,0.0040106740866095
3422,43.956701480399694,0.1544848680911681,0.004003130295867,0.0498043770873576
3423,44.87835594433396,0.1109686936605123,0.0,0.040641007894724
3424,46.09143632355515,0.1610246969050945,0.0169277357464996,0.0023301425025081
3425,42.72044894604171,0.1636740384843846,0.1006158887588865,0.0090246666949142
3426,40.93716489290061,0.1334350824646018,0.0,0.0267741827029614
3427,43.79100617823688,0.076057585834764,0.0,0.0641849167373222
3428,44.45611322933785,0.054072296588855,0.0257628703671115,0.0882968404405719
3429,44.882311779879416,0.0512409027655037,0.0429311520254574,0.0884300477355353
3430,44.58553579500319,0.072097539998585,0.0791848944915121,0.0709427518831549
3431,44.86250073160157,0.0604853252444365,0.0907870119992668,0.0893757391681287
3432,43.438063242203626,0.119710226227586,0.0384469052368602,0.0717178208590511
3433,41.08557669026227,0.0789364221422489,0.017717731366134,0.0198727997686275
3434,41.79228265252917,0.0965806240307351,0.1047476028489709,0.0132060440099014
3435,43.00370614452412,0.1332434303535252,0.2449942332113163,0.015331425926872
3436,43.10746059569208,0.1330883187840102,0.1120877999031212,0.018553237288364
3437,42.21672051005729,0.1336782187607488,0.1469524881974175,0.0161577983016417
3438,43.05225491046032,0.1237313797989852,0.0523457053354981,0.0324980829228231
3439,43.70820456127914,0.1137049411927051,0.0300395861686375,0.0560068112191556
3440,43.90770180332442,0.1030592269812172,0.0505733051376949,0.0559423283713781
3441,43.13246176156989,0.103548397537503,0.0127235329757759,0.0629767501696218
3442,43.83337943693851,0.0971499962333046,0.1259064011599132,0.0726285680782849
3443,43.4901067893712,0.1051669994362539,0.2558712533144834,0.065336984413077
3444,43.890573540052856,0.1238165676229917,0.1705030145056598,0.0315983750404016
3445,42.13604091794464,0.1528171842699171,0.2396815056418893,0.0163610153539114
3446,42.959372551752594,0.1007048579849589,0.4276357070041262,0.0551417651036521
3447,43.25368610908816,0.1011605310170091,0.2323284627857299,0.040258815295441
3448,42.7002687364477,0.1058770023326194,0.3290543055663346,0.0356415359550557
3449,43.76310072108632,0.0914572636215059,0.2051569796902297,0.0445577619405647
3450,44.17323252748191,0.0971783694270713,0.2332466923881026,0.0322040697338235
3451,44.84695238840882,0.1318076013611773,0.07287126283224,3.164901345042342e-05
3452,45.10046106465229,0.1128099856687234,0.1678647193300232,0.0187742402549242
3453,46.89155178507696,0.1159359800642174,0.0,0.0007865088198886
3454,46.496223112477935,0.1168690787053741,0.0,0.0
3455,46.22198649713344,0.1296962223186553,0.0,0.0
3456,44.23652269548072,0.1456902637553668,0.0252440898233265,0.0
3457,42.63077359198063,0.1701082177829645,0.1298428709394317,0.0
3458,42.05149349625959,0.174536504889553,0.1849324705221101,0.0091422340069093
3459,42.77339566116018,0.1279304259223122,0.18336535880641,0.0286182127996188
3460,42.92827544586947,0.0968429929530845,0.4138314634861821,0.0626260485090227
3461,42.95353132227616,0.1194509986161167,0.4551986770841404,0.0642439172567364
3462,41.99170581569234,0.1578973216644498,0.2478609376100406,0.0228647687983201
3463,41.93466451617782,0.1584777669651156,0.0323595995192668,0.002235571045046
3464,42.16060894260882,0.1578886821790896,0.0,0.0008843196389303
3465,42.54467416619911,0.1644133584143198,0.0789883198573893,0.0086877441548118
3466,43.30860222153449,0.1328018388846253,0.2029013909552432,0.0199884008094467
3467,43.50413188401045,0.0987904307626577,0.1067207149552379,0.0415411456673939
3468,43.96133603795624,0.0918719013515672,0.0698879494263022,0.0449240615068251
3469,45.010537502161554,0.1092951594584689,0.981870501230893,0.0029094761405973
3470,43.19350662816864,0.146351809423271,0.1374132466272198,0.0154627401289765
3471,44.45711608379252,0.121279147239708,0.0883391370313498,0.0096594454521886
3472,44.59613436852287,0.1130119122459252,0.0853507371775953,0.0176239963919798
3473,44.70523557710676,0.0955107176907733,0.1142577205736939,0.0197359524057051
3474,43.99878901969229,0.1493028158307269,0.0823299287607312,0.0322285487321944
3475,43.10661410755617,0.2086821802293652,0.0174393141973309,0.0106162624028408
3476,42.12802876358145,0.2274621179668584,0.0063296166331121,0.0035401559065225
3477,43.24877148570844,0.1792015676298304,0.0281544054456374,0.007155167902044
3478,41.13666726557437,0.2180978478213284,0.0,0.0034537027245214
3479,40.98872452187888,0.1729165371191386,0.0,0.006058516444606
3480,43.07042120044896,0.1335088081690952,0.0056506034997312,0.0227879118691675
3481,43.61200150014088,0.0893806258787665,0.0131871607409266,0.0758367277681004
3482,43.74638155860562,0.092193333557343,0.0965357712908037,0.0729889003489366
3483,43.441069623877645,0.0952264024077747,0.0496924384587951,0.0585460572682434
3484,43.06213407138831,0.1238215442016354,0.2528468130703478,0.0462181087424549
3485,43.18048998946614,0.1159962882834813,0.2636269509027253,0.0446742507675626
3486,43.37369395265421,0.1165293591946668,0.3057270410370963,0.054518185041683
3487,43.29166608096008,0.1350257271103294,0.1533480795982085,0.0228418764907194
3488,44.57994874148952,0.1288206249248284,0.0893142832693826,0.0038703448494004
3489,45.54463772048866,0.1236255574173167,0.2802058519480175,0.0099418324328742
3490,46.03454329077088,0.1090997454876678,0.1348201704848738,0.0123454832467914
3491,46.617390952379736,0.1343435843276299,0.0,0.0157342564068989
3492,47.41241074307275,0.142647892564029,0.0,0.0076175101693306
3493,47.81931887892924,0.1247879789129248,0.0,0.0127533153903968
3494,47.3128501697211,0.1415983336917922,0.0,0.0040102743342545
3495,46.04445256651736,0.1448982612201239,0.0,0.0032442034146547
3496,45.01415793485111,0.1451232046261255,0.0,0.0080825209488026
3497,46.10644655259088,0.1310872407739734,0.0,0.0366861775440126
3498,47.79399131236761,0.1582502058189352,0.0,0.0073799502982276
3499,47.88819573355505,0.144184559021183,0.0,0.0072671806552741
3500,50.08746582036819,0.1197526259112799,0.0,0.0040103765169116
3501,50.723491310825125,0.1068148430349239,0.0,0.0031397551231037
3502,46.67253941224762,0.1441093218727955,0.0,0.0171677636713176
3503,45.49579765015192,0.1527589394626567,0.0,0.0158929242125377
3504,43.41428916903986,0.1792127500881968,0.0,0.0087530150852958
3505,43.478681980878655,0.1697481690268885,0.0,0.0127437563317891
3506,44.56094341604378,0.1876346797337426,0.0,0.0017800672909666
3507,41.49344407062648,0.2632332528940372,0.0,0.0044689491918921
3508,39.49566549866685,0.2602599249101601,1.8471492126697524e-05,0.003318196140757
3509,40.73730408596792,0.2440913450290535,0.0,0.0006745685226903
3510,43.693216206727385,0.159075402490037,0.0,0.0225893962685408
3511,44.12308610617182,0.1081782311784135,0.0,0.0384985331575195
3512,43.06384095093361,0.1196553280599469,0.0,0.0453099657418355
3513,40.42518890799046,0.1361074770240177,0.0,0.0342541832818872
3514,44.030458090071846,0.0639773710391247,0.0358098333844034,0.0859210158242998
3515,45.51835862498184,0.0676130094157901,0.0573743416319498,0.0850221721924993
3516,45.01662175245389,0.067151410378617,0.0923749381220644,0.0850852964203559
3517,44.55478385817033,0.0639031969634127,0.0930287811964301,0.0866053829431663
3518,43.76457382344796,0.0728663261933193,0.0476596443550144,0.081658291330244
3519,42.75296828555521,0.0904874260030845,0.0740016403029544,0.0338519410514417
3520,44.240194795494965,0.081570175171385,0.0962991416886883,0.0704078215343893
3521,40.79177227969042,0.0910984510640928,0.07552814858694,0.0241642119410211
3522,43.084374497162464,0.1331579240030791,0.1644929500363271,0.0176228406468626
3523,42.92914691245893,0.1097233551639819,0.2602240273765333,0.0399184565076414
3524,43.20233812431856,0.1196957179561617,0.0912946872686013,0.0678585219206121
3525,43.55167760013251,0.1121748609315269,0.0985431352304695,0.0684054957519312
3526,43.95816580001052,0.0892629440070254,0.0619352750874761,0.0888201210522031
3527,43.06776494571055,0.1048507318211606,0.0038514418976708,0.0931639757233693
3528,43.91128452060492,0.0765107554967462,0.0430841583213349,0.091239365397502
3529,44.15279621399929,0.0656491165502678,0.0828492476997412,0.1024460877447759
3530,43.47559776637178,0.1345501180094272,0.0476270983792325,0.0288946668228213
3531,42.91891242142499,0.1094729714269525,0.2255561775261349,0.0608857588633453
3532,43.01241951141346,0.1069230604211038,0.2954733361479958,0.0619407071666496
3533,43.93724421564821,0.0834013326867203,0.4777030362956193,0.0530828517769146
3534,43.48415225433076,0.1030865878985332,0.2352376190556512,0.0403784707488765
3535,43.68027203526506,0.0884660684701349,0.2040615473888718,0.0621653401430783
3536,43.13595639349352,0.1174737800643751,0.2570876200424491,0.0499198258488591
3537,43.940142397092174,0.1132766086222366,0.1975320592271693,0.0244093806659781
3538,45.04651495371847,0.1109367211566857,0.2120673467388918,0.0175809889193547
3539,46.02871881137693,0.1376610725594938,0.1434546232811159,0.0122428692548362
3540,45.903732903391294,0.1473856642320853,0.0,0.0
3541,44.37765685024596,0.1535334749131623,0.0055689209759513,0.0161715442248104
3542,44.34305130282312,0.0912086658144827,0.0280925149924093,0.0442294939078986
3543,43.55912786606766,0.0988664489500522,0.0636307426761789,0.0591079445702909
3544,43.00939525868888,0.1078543722508248,0.3466044444589764,0.0668143643763747
3545,42.87547317284126,0.1070542342888196,0.3511270468910722,0.0636881542891654
3546,43.08821632907584,0.1307105063267176,0.3539668000505445,0.0151511054712892
3547,43.44552175201692,0.094001139063088,0.3825809769191217,0.0570619520712054
3548,43.58203725898192,0.0974828891404199,0.4040120925500343,0.0565368177675298
3549,42.75723058779867,0.1280057963150101,0.2046784696560441,0.0328943322439927
3550,42.63093789613663,0.1334848135012747,0.3050901391179621,0.0256348430565621
3551,42.528495449547535,0.1401526635799944,0.2222592933099967,0.0375338650008582
3552,43.2039727432061,0.1351350762118304,0.1988055395769407,0.022692817183987
3553,44.22568503268601,0.0677870482560804,0.106187388827414,0.082752564424576
3554,44.51317325805046,0.0723680248005372,0.0349828760057292,0.0502478785552269
3555,45.560104157916,0.1188310030354524,0.3780844134979541,0.0054962957277183
3556,45.49119798495772,0.0973875168026082,0.1047200828055249,0.03068127297317
3557,45.13360257907623,0.0686079593757333,0.0161705767677258,0.0494642880069517
3558,45.21918606962607,0.0539628536156934,0.0055109733202974,0.0266007799301863
3559,45.206817819725295,0.0617837070074426,0.0228848590601993,0.0325143690605499
3560,44.88305549683872,0.104844430424969,0.1031034773313787,0.0444419345798695
3561,43.83515885031176,0.1886760192672235,0.0105376674929516,0.0094049200446672
3562,43.99243904556416,0.1924440586340896,0.0,0.0003423292991718
3563,44.604288924966,0.1737083452559911,0.0,0.0137492315479534
3564,43.11603307063042,0.2168702340537609,0.0,0.0048133568768958
3565,38.56980409057171,0.113172899405044,0.0,0.0070533731727524
3566,43.22312805575045,0.1515259375687651,0.0075073648179859,0.0331557266196468
3567,43.77887065851049,0.0899297047813973,0.0166023501084202,0.0652977265230207
3568,43.99163503723676,0.0718780989473592,0.0023405993196892,0.0711687622953309
3569,43.741566270123485,0.0865954332120404,0.0216581908599436,0.0825760721780567
3570,43.66152448693398,0.0880492047880821,0.1339300958221726,0.0828415143366457
3571,44.07549540884603,0.0848317419020168,0.222343092835722,0.0641516683503665
3572,44.06522284922851,0.1021044584382392,0.1609523214700367,0.0513129834996015
3573,43.91902702378084,0.1262548698685763,0.1514921031115504,0.0262907312971427
3574,44.237913231919016,0.1218916062927067,0.154345405580466,0.0325286291801086
3575,44.51543601048686,0.1447957513886452,0.016360213818408,0.0003803820059008
3576,46.80770796101547,0.0989085713256675,0.1680074203128169,0.0028090346792922
3577,47.22345091188746,0.0853197561448508,0.1411959540371017,0.0259485888704402
3578,49.43825726959136,0.1143378098252227,0.0,0.0043044933070736
3579,45.1722811578119,0.1685072941456904,0.0,0.0115149057715037
3580,44.68330383129752,0.1649516542160367,0.0,0.0141291638115326
3581,46.99880845443468,0.1462890133478681,0.0,0.0071553369456754
3582,46.914426236164296,0.137347194941563,0.0,0.019712958955227
3583,47.2013106833626,0.1198290170179901,0.0,0.025818458160974
3584,47.34896609150333,0.1244956399578758,0.0,0.0253799580022987
3585,49.76147891740656,0.1140484662094673,0.0,0.0136508982216049
3586,49.60491672385578,0.1276705393111761,0.0,0.0004624292319526
3587,48.204433424076086,0.1423281178179029,0.0,0.0
3588,49.22375890626359,0.1325531642532905,0.0,0.0
3589,49.14316026685297,0.1436630111390623,0.0,0.0
3590,45.14733478934773,0.1718399134478957,0.0,0.0103516898253371
3591,45.481362736999856,0.1594271403576493,0.0,0.011553925548224
3592,44.833235678288304,0.1735840682370754,0.0,0.0100490827694541
3593,41.8632071349215,0.2435936441591324,0.0,0.0065696688255169
3594,44.95173001657926,0.1836479955199404,0.0,0.0099135154538552
3595,40.412437004498976,0.2879713821019084,0.0,0.0010008687952387
3596,38.639344582899874,0.2122685841018725,0.0,0.0
3597,41.339614233287975,0.2533506841020021,0.0,0.0
3598,44.21592382962857,0.1398693756095358,0.0,0.0415844136037598
3599,44.24236611268826,0.09268080626311,0.0,0.0767392103069896
3600,44.58496535934632,0.1109047896478373,0.000504584913118,0.0561396142716105
3601,41.91193614382136,0.1700839480866001,0.0027569416749218,0.0431390594385497
3602,41.27930882528011,0.1641611414024531,0.0021873956133435,0.0323064483352949
3603,42.14143332551052,0.1260777624864553,0.0570670844065172,0.0519473807778377
3604,42.665024689722685,0.0781168390500842,0.0546581803178361,0.0505741071444679
3605,42.19536293324575,0.0976926776604565,0.0411750888625401,0.0482460981004255
3606,42.48831790574985,0.0968115523195084,0.0168141989126066,0.0321052903316467
3607,44.70705507339011,0.1366047940813082,0.1005796959819003,0.0265017128470718
3608,44.653506624722326,0.0781633983298646,0.1346252165770655,0.0736751995041999
3609,43.821053293445885,0.0824352943224149,0.1240390076456547,0.0787332418540404
3610,40.48664728305842,0.1008364639436648,0.0648837635405477,0.0295082790303986
3611,42.47002874689564,0.1543701268896141,0.0648231335055603,0.0258680989180875
3612,43.14003923695014,0.1599473307370115,0.0217118349933302,0.0210413205640202
3613,43.28525735804199,0.1080579506809308,0.0388923884401473,0.0539970992528072
3614,44.54020894730007,0.091389531241042,0.0576962023717476,0.0643273085329038
3615,43.62134403732051,0.109583643542104,0.0692016206058156,0.063338820680377
3616,43.98329779050647,0.069564121702555,0.010997325818992,0.0893339108958385
3617,44.09792643428564,0.0625093936158732,0.0181350716255884,0.0787266410480495
3618,43.440701544348514,0.1063168814198132,0.1513734740303895,0.0355823900892724
3619,43.47192152767361,0.1018858210792821,0.3781788305319842,0.0410005481862495
3620,43.21136318130334,0.1163996651067724,0.3781869795923046,0.0490374840619984
3621,44.39334541794993,0.1001841769056374,0.3005073856139799,0.0232765530927502
3622,44.53387458794634,0.0769112089825501,0.1908768674742161,0.0615050079574854
3623,43.12503615633892,0.1055364124829472,0.1968710113651621,0.0830985927150713
3624,43.05831412509859,0.1092630112092976,0.2727446084261122,0.086587400636306
3625,43.11894606544105,0.107993661699266,0.1781336126666634,0.048047012263448
3626,44.08422815765861,0.1116670598897477,0.2318879358676486,0.0393170910838635
3627,45.18767463386686,0.1217772999500788,0.08620531081689,0.0243732095811867
3628,43.25301115591452,0.1402418628853634,0.0316567922354213,0.0395216145017465
3629,43.01390769054833,0.1328927282859312,0.0969437102380876,0.0474532461336889
3630,43.90765960794528,0.072596075565523,0.0201441601583733,0.0602432793905479
3631,43.21184365902557,0.1026884523879082,0.0323068272832075,0.0568588974782376
3632,42.65152359223944,0.1558083838623829,0.1151985065917901,0.0173310028180752
3633,43.63468114499548,0.1565405123780091,0.0874421051410477,0.0172465815840569
3634,42.70006723333164,0.1390404933668545,0.1263505418078501,0.014303162572141
3635,42.8958181489806,0.0888811072339703,0.4138951791017612,0.089259148568368
3636,43.67334205471108,0.0865964796408257,0.4445582571346035,0.0930272592710575
3637,44.73973147017266,0.0757865458454995,0.4443268354858297,0.0870850879089958
3638,43.76351248671278,0.090966210247238,0.3899156817590695,0.0675915588936505
3639,42.485605432141206,0.1438708434288393,0.0972099415352459,0.0193556170702787
3640,43.128813524267045,0.122403553194332,0.1888826868679893,0.0435206247486261
3641,43.756143580760536,0.0741098327821278,0.08146129228229,0.0634464895700656
3642,44.794879293782536,0.0705340647220064,0.0046640610257,0.0410413574340035
3643,45.364299166941294,0.0953939018616994,0.0106614409411978,0.0199625677067904
3644,45.894801566631024,0.0568546220071961,0.0503404093832122,0.032997738121189
3645,46.76462840224169,0.0521485592084431,0.0082466703509498,0.0422418145605147
3646,46.10516901883531,0.0718469635826067,0.0537430955013814,0.0190488697267702
3647,44.39213333870538,0.1417033120535867,0.0663517499001722,0.019573158396679
3648,44.16123630908412,0.1483219487659772,0.0925283512510217,0.0217845192948932
3649,43.44060213110448,0.1963583640898877,0.0006312921358693,0.0098912735441603
3650,44.21903685648644,0.1600838616104038,0.0010443457079115,0.022010658088606
3651,45.07674951969448,0.1577820208133883,0.0,0.0055293263066865
3652,44.94891691354139,0.1501452797709315,0.0,0.0124314405897087
3653,42.1826517480292,0.1096914627363899,0.0,0.016207235794663
3654,44.08942216220783,0.1238258095100036,0.0366553232815354,0.0292791793491305
3655,43.81270240354301,0.0973716700030821,0.020781235377543,0.0732336396683902
3656,43.81705793358861,0.0869093592687765,0.0069423840330521,0.0603758556993174
3657,44.13476629066009,0.0612079971270763,0.0272367815640951,0.0901425699080451
3658,43.94730138907848,0.058715231362135,0.0103936683990576,0.0930869168628781
3659,44.85529677989423,0.0705451903811729,0.0,0.0737017987477082
3660,43.990086437723214,0.1262843562213846,0.110232239801105,0.041272555115225
3661,44.51174091444487,0.1041131834912013,0.153239068053813,0.032409303951021
3662,45.37864401269843,0.1041931904347408,0.0627364118312769,0.0266608084699376
3663,45.75020837488763,0.0943529477159695,0.1351678109352716,0.0225523618634567
3664,45.41304602680571,0.100615680297717,0.1800266045645868,0.0219891846704846
3665,47.19291989354785,0.0826442649106689,0.0835769146407613,0.0100025200275214
3666,47.75510101937032,0.1343292825843309,0.0,0.004769006934952
3667,47.78464711946987,0.1492030284115107,0.0,0.0044199556970808
3668,45.00445244540878,0.1868392653095004,0.0,0.0141939900430093
3669,47.70001040608786,0.1482638448563384,0.0,0.0045398507884542
3670,46.72742821693524,0.1086617854407208,0.0004036243248452,0.038547834517411
3671,46.81433916916643,0.1071426887482221,0.0033186905194073,0.0338696982052242
3672,47.82650803556415,0.1508907739446622,0.0,0.0032555934830892
3673,47.27951723286916,0.1636308552030666,0.0,0.0
3674,49.10114871046442,0.1297055621020765,0.0,0.0
3675,48.9162521522864,0.1338398275364954,0.0,0.0
3676,46.385463947153625,0.157926045138224,0.0,0.0058853145116764
3677,44.73718470196749,0.1783171872853155,0.0,0.0156085745786773
3678,46.76012893358647,0.1564889358337663,0.0,0.0054126827549101
3679,44.20476318697712,0.2176671444586591,0.0,0.0080215382797258
3680,43.21006842351738,0.2217382181409009,0.0,0.0037393226750774
3681,44.33360129317472,0.1911312105887049,0.0,0.0102977467805956
3682,42.57840577634192,0.2348395501082698,0.0,0.0016846322888609
3683,41.91008243407244,0.2008506511043717,0.0,0.0
3684,45.70665884880683,0.184295394008145,0.0,0.0
3685,43.06130424117405,0.1902995512079219,0.0065721679904121,0.0110770642597478
3686,44.69984683063831,0.1324236613003971,0.0,0.0519453639390747
3687,43.45641055554188,0.1814553320672834,0.0,0.0255478212769233
3688,41.67649081851188,0.1890473626528187,0.0,0.0473852883989923
3689,44.86687747427018,0.1365556128640076,0.0,0.0247343211792984
3690,45.60044650251614,0.1037524256863291,0.0,0.0402113776277295
3691,42.66967271140653,0.1169572426113357,0.0,0.0161779774439454
3692,43.70834925977847,0.1393062029217929,0.0,0.0206106219904374
3693,43.050623064899376,0.1878728274999323,0.0,0.0070372148011297
3694,46.6248254455807,0.0987263613239899,4.25597094734788e-05,0.03869314836023
3695,45.44343533948665,0.0668414675934979,0.0021630189381143,0.0715566651868363
3696,44.58896932821683,0.0784733251725984,0.003927189590189,0.0633574428027283
3697,43.77952194965734,0.1031500169984201,0.004120337583932,0.0414158618897328
3698,38.84515161870158,0.1607235570718194,0.0,0.0101174633601704
3699,41.05822023160147,0.1257386236527809,0.0,0.0046556553305996
3700,42.28981638875209,0.1190396969836124,0.0,0.0062916417451552
3701,43.25511440185932,0.0995237361842119,0.0037232750669823,0.0230376818982748
3702,43.72785031195104,0.0670368070282894,0.0393998850256208,0.0823104453705399
3703,44.5378675959507,0.0646888203253265,0.0666049742897871,0.087663117878493
3704,45.13977490949775,0.0662000657236418,0.053672430260757,0.0742794930508617
3705,43.45160830382097,0.1353772054056502,0.0465111512339054,0.0286911569812109
3706,43.147913111722175,0.1034766758425637,0.0051233260686363,0.0716642412207283
3707,43.470341858479344,0.1124624087464477,0.0744041029226612,0.0479819608540556
3708,45.44368304393952,0.1228102334954251,0.0372380148751407,0.0148484013892918
3709,43.9826878080713,0.1083457742167054,0.124442144896368,0.0476685327999336
3710,43.70973122574328,0.094271916230766,0.1837739296071966,0.0501066970775782
3711,44.135491317133045,0.0881314509976392,0.1522291167287549,0.0734510577002829
3712,44.30346596892466,0.0867928081622365,0.1953100593416759,0.0530664354494782
3713,44.31475586159184,0.092449465881899,0.1172544833758716,0.0333154765881601
3714,44.06656760001346,0.1184568238221055,0.0567943972192169,0.0233103222110575
3715,44.53028028715848,0.0957198282837252,0.0672810816157496,0.0235633424456669
3716,43.805627148038965,0.0895805928349516,0.0214194880478265,0.041242559450176
3717,43.3105024339093,0.0839714702169355,0.0715712428458622,0.0631566753996585
3718,43.44892406785644,0.0963067734302252,0.2056179126577474,0.0577833285242433
3719,43.77346779598962,0.1303155323217157,0.0100954761181048,0.0097826676953961
3720,43.287681877225445,0.1750129690283199,0.0,0.0061546744560605
3721,42.840474360395895,0.1084537724772735,0.0038255955890298,0.016526422501493
3722,43.03443449840769,0.0980695970310617,0.2779958633718714,0.0723187208937285
3723,42.999468508947785,0.0994854800049238,0.2956669874633487,0.0723305721678944
3724,42.18044148914787,0.1538490428387166,0.1708148775527499,0.0216695639436344
3725,42.72569400701813,0.1398208749343284,0.1195913612182784,0.0223595274677604
3726,42.54578962975727,0.1290608418921106,0.1221954570651242,0.0400391603507255
3727,43.83580787042199,0.1050188762952758,0.0524952702517117,0.0292572493257872
3728,44.07661641202702,0.074371790166571,0.1282540966029767,0.0563021968828047
3729,45.18270130971356,0.084040490461386,0.0483516721033729,0.0336072858053984
3730,45.27337916782192,0.0654324423828804,0.0971859512535576,0.0232251456244339
3731,45.38281852512394,0.0531637297733246,0.0865122392064414,0.0288412695334697
3732,46.3568609227108,0.0598271571938325,0.05054579400065,0.0505179659009262
3733,46.58710634607522,0.0723267494134578,0.1009780411908218,0.04037377232355
3734,45.78321197267346,0.1487212324520052,0.0628051146623147,0.0091593496258842
3735,44.60989036843517,0.1859976454160227,0.0623045424488242,0.0055532797162408
3736,42.841844547525575,0.2125960440614827,0.0,0.0116273639617225
3737,45.19748134502276,0.1592209298005096,0.0014506684599615,0.0187952578291538
3738,46.02242747218244,0.1810745215448448,0.0,0.0068374132816752
3739,40.86720771160137,0.1181402665473616,0.0,0.0024268446933827
3740,45.498281914717296,0.1202689459791093,0.0279692259867652,0.0265558190005046
3741,43.73592319238865,0.1262056684101546,0.0642001940635323,0.0405104683006267
3742,44.22630963242159,0.083433456359761,0.0237168631247208,0.0731975799835671
3743,44.55912749312851,0.0594386144002792,0.021574020675782,0.0610128684493167
3744,44.02713318966341,0.0612795580990991,0.0329487024974978,0.0717956034258668
3745,43.80796100261377,0.0592587146672333,0.0032586471454029,0.0800415623579369
3746,44.51272129482632,0.091981800162019,0.0520315719145418,0.0486475833867092
3747,44.46608430337104,0.1213615672452263,0.2004744102013901,0.0395908569015103
3748,44.62390081372989,0.1108420469469813,0.1560663778523372,0.0565551792409675
3749,43.60888421638392,0.1222369700892967,0.2108886312619322,0.0584667341050533
3750,44.01597779354195,0.0999408079762258,0.3064090577986762,0.0754401666999143
3751,44.14153712351749,0.1248779157972465,0.2416815761301244,0.0524110768260055
3752,45.58266437970585,0.12906845851451,0.0520660111847997,0.0172035595103211
3753,50.1267504722785,0.1091176134634588,0.0,0.0046203642229856
3754,49.07934987715525,0.1202857582951403,0.0,0.0
3755,47.79045875354317,0.1413782034521457,0.0,0.0058791970065395
3756,45.30807458985548,0.1596758783780667,0.0,0.0150660162987094
3757,45.644765187967806,0.160191172752218,0.0067501724734352,0.0107819829938532
3758,46.20743423318898,0.155844870588918,0.0,0.004962239411544
3759,49.21443969436938,0.1254369247487207,0.0,0.0014694277906969
3760,46.363739266196056,0.1548920033518258,0.0,0.0118223412564218
3761,46.07822566959558,0.1666279905823092,0.0,0.0147796052305836
3762,46.20545276779858,0.1669108986033199,0.0,0.0123817418741203
3763,45.304105273035645,0.1677034250480442,0.0,0.011745900737143
3764,43.9745664793821,0.1957368919690171,0.0,0.0101366527113432
3765,42.91186353344524,0.2355597703200415,0.0,0.0070500765446061
3766,42.56393327635052,0.2466270717990377,0.0,0.0083893874835053
3767,41.712650314739584,0.2442167970832841,0.0,0.0068700802668891
3768,38.83079939318129,0.2944301431811008,0.0,0.0061209395623075
3769,42.52701440026283,0.2099331516214188,0.0,0.0127220635055275
3770,42.03069460577187,0.2104520653931968,0.04024079290318,0.0010434812713844
3771,43.3869973819506,0.1827893000316022,0.0,0.0060762854350986
3772,43.01410550686387,0.1773389155217657,0.0,0.0106034989668719
3773,40.28505075966705,0.2638581526888971,0.0,0.0102258391314297
3774,37.40926243270936,0.3252942937883589,0.0,0.0040870333047051
3775,36.72717691606295,0.337987176238854,0.0,0.0036034192680852
3776,43.06698403671791,0.1741287689197488,0.0,0.0337933616691745
3777,46.47597638931625,0.1014542244737607,0.0192554701475356,0.0355585092581607
3778,43.56272426918941,0.1246986591862328,0.0,0.0311582021293631
3779,44.363832407038366,0.0940593335234473,0.0,0.0488296383331642
3780,42.83576244190967,0.154424125187908,0.0,0.0224905853495081
3781,43.62442068775389,0.1395996186474409,0.0,0.0340104366862627
3782,44.31592727578816,0.0744520629286793,0.0,0.0643711343692205
3783,44.27422111456099,0.1054789457433868,0.0,0.052950488610228
3784,41.94854919488809,0.189411695006789,0.0,0.0028052582858767
3785,41.89609528460223,0.2032973361783404,0.0,0.0030845300848332
3786,41.53761656073623,0.1524943373293183,0.0632281646632271,0.0234973032652343
3787,42.84432294723512,0.1468728121404793,0.1532038419695628,0.0326685975901239
3788,43.459555365870536,0.1084650156176722,0.284454851807878,0.049483431245032
3789,42.83119197281303,0.0956136166578586,0.1354554736472842,0.0275920550625191
3790,43.64462912845747,0.055676759511706,0.0123560111968148,0.0482396279933947
3791,44.35381799218827,0.0745512162000037,0.0303032878756394,0.0607245761766773
3792,43.09119557565828,0.1170178753479133,0.0392823544974721,0.0365023629609922
3793,42.91884497164779,0.0906243031197702,0.0121546229538816,0.0513452603624613
3794,43.26666180682976,0.0949295039057575,0.054015127501678,0.0727494014660656
3795,42.70925503306372,0.1103656634303641,0.1575757368442854,0.0322897827732153
3796,41.79849658766497,0.1257619293507811,0.0583061760974219,0.016431216240234
3797,43.19926045837121,0.1037573473932701,0.0671624694871036,0.0273903877500493
3798,45.44854642464126,0.0675944357369835,0.0107141903182036,0.067395373520113
3799,44.67944687928661,0.0889895016192717,0.031567962255149,0.0614763161352089
3800,44.74646703371771,0.0986107345739348,0.0802527974143465,0.0432706492794346
3801,45.37155554731141,0.0823196496853921,0.1391106368412438,0.0349500059991663
3802,45.26943296528939,0.0981975748740953,0.0591702599088335,0.0173992525345332
3803,43.99500720248397,0.1187155222246716,0.0178045127878666,0.0304283202735911
3804,43.63337559270797,0.063897612449746,0.006174837662246,0.0464562638505302
3805,45.04314044337562,0.1124585246418811,0.0192953445764838,0.0104483986427198
3806,45.88573320832307,0.1043243762663091,0.0132440804604024,0.0193939503991475
3807,46.10667319442032,0.1058129530001275,0.0347227394105631,0.0360242210834867
3808,44.30302780585943,0.0833696930711573,0.0071434034605503,0.040816736451685
3809,43.83586604325839,0.1224905447341834,0.0702400207002706,0.0365741667303828
3810,42.55402962153158,0.1308684744771105,0.154837087261959,0.0432662259470651
3811,42.48858997924666,0.111387419189895,0.2206966733048224,0.0203396949902301
3812,42.68610885019303,0.08966302581423,0.1198167903814284,0.0449843451707724
3813,43.81074867516298,0.1038616923700967,0.0732318479178916,0.050016549358263
3814,44.522967459404654,0.07305084788567,0.0276662701098398,0.0372981643370236
3815,45.92576324489095,0.0609542596409383,0.0438482608801241,0.0534817833326169
3816,46.16782039542438,0.0847778387592716,0.0531225444630721,0.024103810799645
3817,45.43566291440101,0.0636531928408729,0.0912605005909711,0.0392199403528227
3818,45.51339995481369,0.0898441942295381,0.1216208253804564,0.0337898190548963
3819,44.1639823579995,0.1301882304230968,0.1735450191503249,0.0155821984216432
3820,45.384366966934365,0.1026698202431528,0.0897821542659153,0.0494111155588223
3821,44.816014934995565,0.1422613190196674,0.0628771615780328,0.0253392596398807
3822,44.67017964161017,0.1650055117855928,0.0534284903784455,0.0131146592133257
3823,43.44834232882695,0.1816991370202798,0.0324047606435503,0.0184609566524377
3824,42.84070718091552,0.1577809096059436,0.0,0.0035666899784707
3825,39.47239705738584,0.1337535361422209,0.0,0.0
3826,43.17981656570529,0.1033762771580896,0.0081507298527011,0.0339645927739737
3827,45.77517129793468,0.0637112199427663,0.0227030941768916,0.0825900078834511
3828,44.60357226745772,0.1053610571086911,0.0199825110657291,0.0542860009024057
3829,44.87712830217517,0.0696203763378584,0.0129812737458613,0.0569364994384425
3830,44.57146378679335,0.0698068812682973,0.0253929310931859,0.0603858025604116
3831,43.92080257330938,0.0663562804931544,0.0551737235054819,0.0562382097712658
3832,43.75083123033887,0.0617877168906614,0.0220249121307218,0.0636773013434091
3833,44.607113629641,0.0827105976683303,0.0153549785586544,0.0507904731941268
3834,46.387943685054005,0.1006952529663022,0.1389317028515646,0.0168864537455777
3835,47.820186563554245,0.1024727526690956,0.0838040538210342,0.0140887138016015
3836,44.30677524042626,0.1159453260234566,0.2540518746077683,0.0706027574680427
3837,44.33729535733576,0.1346383582171352,0.1165683489929236,0.0456259842028715
3838,44.0442809719752,0.12555253829275,0.2941913135047154,0.0723622037690363
3839,44.425335156674585,0.1135890342820474,0.2071960495621879,0.0626075675889465
3840,50.14639169512323,0.0920427574690297,0.0024292540036534,0.0173638984747435
3841,48.95155858127153,0.1006331142408485,0.0,0.0234611212468216
3842,47.57786750192622,0.1352017599235651,0.0,0.0216216618911825
3843,45.20606145576725,0.1484658488843473,0.0,0.0413032686694113
3844,45.264639571658265,0.1325674078256129,0.0,0.0414351667366235
3845,46.66628268942139,0.144390327685299,0.0,0.0173331132869104
3846,47.767173693029775,0.1280923679275081,0.0,0.0053585752949224
3847,48.95449177151709,0.1265096678680236,0.0,0.0104833793467792
3848,48.55889482866496,0.1209420260746961,0.0,0.0044246909247264
3849,47.18195338549613,0.1346885264953253,0.0,0.0069975373628762
3850,45.73120284156054,0.1702313214421325,0.0,0.0134920911326225
3851,43.53036505825051,0.2196656335961148,0.0,0.0015943840040754
3852,41.737615174058085,0.2231226168082926,0.0,0.0
3853,41.29597082524393,0.2358338691861707,0.0,0.0047997927878955
3854,39.769719671203234,0.2474576154575159,0.0,0.004546865512879
3855,44.842784510608006,0.1419543913463828,0.0,0.0046163219786406
3856,45.551986170863074,0.1204686365728765,0.0,0.0080927905323942
3857,45.82871799313839,0.1031334530134086,0.0013195773177525,0.0911889482616792
3858,45.6334832267648,0.1425094080269326,0.0,0.0288430747705333
3859,43.5586444457954,0.2167768850381622,0.0,0.0127064628891776
3860,39.40552771592849,0.2914712489764277,0.0,0.0040103605990989
3861,37.18366284015895,0.3293070429844957,0.0,0.0064838216397176
3862,41.69062448130072,0.2123545700876186,0.0107745591473964,0.0349326100013164
3863,43.33184649912352,0.1414903904854803,0.0015454043991273,0.0577129087284202
3864,45.48182603432296,0.1059722519063346,0.0,0.0498486785209519
3865,44.39036080858829,0.0883423201688263,0.0,0.0662660680206005
3866,44.84629446811057,0.0832466922372341,0.0024845588153305,0.0639326911162677
3867,44.89710765855541,0.064674640669155,0.0,0.0821755603571872
3868,44.7650782592329,0.0607388089752095,0.0,0.0910455945981453
3869,43.32543811301336,0.1088462506608413,0.0,0.0591632239488835
3870,43.56789534818788,0.142703829101883,1.6626337631918683e-05,0.0409003896744688
3871,43.35066917989983,0.1568080417455479,0.0,0.0233772425518377
3872,42.908141901678846,0.1498245016558665,0.1375951019995478,0.0341186292962891
3873,43.327882836147616,0.1340581318917535,0.2666180710500216,0.0210929406444044
3874,43.26670277053441,0.1276718326121855,0.3474384436714317,0.010024046268863
3875,43.68618633537631,0.1200099155728476,0.2047757170624873,0.0349550862931294
3876,42.47482528964446,0.1491376731680027,0.1390416266484627,0.0172197004959005
3877,42.44426462986407,0.1188757195887843,0.166736085823272,0.0459504228457517
3878,43.14453208244421,0.1152158772721508,0.17005890804042,0.0223228629021687
3879,42.293444196119424,0.1374970210136878,0.0450937827112354,0.0306902133484898
3880,42.39080199859853,0.113724274674076,0.1083277786167064,0.0345869325560367
3881,43.23022767930815,0.1134538657791796,0.1865302901793116,0.0371457280152712
3882,43.35325698094574,0.1070835393051601,0.3644711904749694,0.0373366169007033
3883,43.17158762519389,0.1003095646221267,0.0923745187182126,0.0328034179437767
3884,42.57885877813441,0.0876854978906193,0.0343702793024363,0.0684394161412228
3885,42.5689779125702,0.1190293739219196,0.096731208530883,0.057513938095807
3886,42.62981959322618,0.114696087776962,0.0149847290475655,0.0634264921562644
3887,42.49986186415219,0.1375850879531275,0.0588675492781473,0.04485297895896
3888,42.98278467557225,0.142478545642284,0.1095951675567751,0.0108042463666153
3889,44.86645549974682,0.1090929270404802,0.0584369734559806,0.0152175498089453
3890,44.90059544094733,0.0914066466525341,0.0074671011432598,0.030645938252189
3891,45.01699420635875,0.0677562435212197,0.001174596933682,0.0253963246480785
3892,46.86954088471361,0.0646547456479453,0.0115554651985125,0.0252287049138915
3893,47.48211544612834,0.0652189642460245,0.0006309987202516,0.048627175360322
3894,45.769898772835845,0.0705253543007594,0.0,0.0386448557855072
3895,44.48543368885413,0.0995612596805709,0.0502784486110969,0.0293118385458663
3896,44.420049588348085,0.1155782999187787,0.108244593191923,0.0433276588276418
3897,43.26185812267752,0.1415106656602842,0.1075139143020161,0.0343166957987935
3898,43.56877768146997,0.1241053578251455,0.1262030263084243,0.0334548513071653
3899,43.78572063349133,0.1526452150262168,0.0107249046939916,0.0081026294631072
3900,44.78592270380881,0.0745880859070111,0.017368180461885,0.0513532484946299
3901,45.21075064572027,0.0679558023191832,0.0154449414298851,0.0388673426795603
3902,44.39634856213503,0.1043895951090059,0.0358125462681407,0.0208156951162466
3903,44.49790151397831,0.1030498641201052,0.0564824323148222,0.0252536685772476
3904,45.82944177057771,0.0905662966725678,0.0470409429322425,0.0178428459348292
3905,46.22040459963964,0.0886780619492852,0.1047149571140242,0.02119675543346
3906,44.56437653550776,0.126554215544985,0.0471600227989873,0.0180565217771231
3907,42.20524092606701,0.1288600083866578,0.047232937874343,0.0252475850409561
3908,41.65190649155047,0.132361027824625,0.0089528620776266,0.0113854439966408
3909,40.3815204011494,0.1304516869782465,0.0,0.0092780214035559
3910,42.13615778322143,0.1352789966245111,0.0,0.0109279183536464
3911,43.69447690481198,0.1228153972636141,0.0175905386686918,0.0345891185151214
3912,45.884715561265615,0.0590894419914407,0.0282547992462739,0.0691493893892322
3913,46.23837914712174,0.0519370749601897,0.0111749484774095,0.0886749456146084
3914,46.05071401928686,0.0483963141823862,0.0051693021458535,0.0911460768211995
3915,44.73327739049245,0.0751650640576458,0.0308907861926623,0.0676050733599625
3916,44.15533971456696,0.0627056034069222,0.0108166788115148,0.0769964073955484
3917,43.70785301293725,0.0654344980907849,0.0175115356027077,0.0664150623453922
3918,43.87303226545763,0.0656604109441408,0.0198068713166664,0.0638815694703083
3919,44.76189582510038,0.0593515791498494,0.0146027400886138,0.0737382055272811
3920,46.716061065411886,0.094413882563368,0.0390609343394057,0.0375324825492823
3921,46.01483984375235,0.124329770821587,0.1347082298992374,0.0115579137976105
3922,44.85499604815698,0.1197040069643261,0.1937688615921234,0.0676557497664832
3923,45.45588101184504,0.1386476122252701,0.1544538084644771,0.0219695121750871
3924,44.291205105554894,0.1325051751111046,0.1463755412566665,0.0428091717409321
3925,44.02414010563329,0.1121633470487966,0.2350564527712394,0.0667814921063851
3926,48.41401660848146,0.1148260660460467,0.0012518010470095,0.0199107464848799
3927,45.38256213420589,0.1382083393861825,0.0,0.0294957797360286
3928,44.46093364677205,0.173636576678597,0.0,0.0071185692957837
3929,44.67640750608816,0.1608545900547387,0.0,0.0169884761802703
3930,46.95751583550233,0.1134349009057438,0.0,0.028201019896307
3931,48.300167949972376,0.1325301318268516,0.0,0.007664708517787
3932,48.6008569117226,0.1177638341771728,0.0,0.0040102661575761
3933,48.11894433974099,0.1297968555221392,0.0,0.0067163858553477
3934,47.82750140972769,0.1284941708036517,0.0,0.0
3935,46.48899520213472,0.1140444975218802,0.0,0.0306061259163389
3936,47.12012533127589,0.1314248260190748,0.0,0.0222951599231401
3937,48.10249664428498,0.1393937780645069,0.0,0.0040103459364734
3938,46.41798579348029,0.1519453146238738,0.0,0.0040103726414675
3939,48.39227870416921,0.1182296597151163,0.0,0.0070295578294506
3940,45.51744546476776,0.1452543508190569,0.0,0.0045828910260399
3941,44.61188734390856,0.1988227749249566,0.0,0.00774596821498
3942,48.99435241453584,0.1078164520501098,0.0,0.0133497247563475
3943,47.8968599738981,0.1279308523849008,0.0,0.0113435690700202
3944,46.53695138833163,0.1047140313758498,0.0,0.0411508279580239
3945,48.64816188145185,0.1091817668210474,0.0,0.0189150246307633
3946,49.06276779853258,0.127047865259666,0.0,0.0
3947,40.56616036179285,0.2584117558879377,0.0,0.0
3948,43.72012685155302,0.1786476959645732,0.0,0.0054475841166
3949,40.06865120074977,0.243339649676138,0.0,0.0088683953821324
3950,44.96219308387519,0.1426796970973549,0.0,0.0244171002400026
3951,44.01420444410007,0.1085933601929888,0.0,0.0622601958170303
3952,46.65922442287875,0.0782534947317908,0.0,0.0376631474504959
3953,45.33202657522416,0.0571902917063806,0.0,0.0885215426835986
3954,45.09222612628161,0.0610141508576317,0.0008856317076907,0.0880407329028517
3955,45.0250169866715,0.0562807231572321,0.0,0.072371111045304
3956,45.207518877002535,0.0539584641277085,0.0012366682292062,0.0839958628078047
3957,44.52443142751245,0.0579318674496359,0.0015388504925956,0.0915479998242004
3958,43.07018768953568,0.1339582532857934,0.1758011506823763,0.0303830051503718
3959,43.703075940317575,0.1320395984505473,0.2284755213546274,0.0435569650565397
3960,45.47739624650119,0.1297497264914012,0.1075882696814156,0.0051657803191904
3961,43.02517409708831,0.1348301628443725,0.1034493817630053,0.0336281025378306
3962,42.08101816536638,0.1638935762310896,0.1222598110058672,0.02317497679286
3963,43.742130325342224,0.1123890668927151,0.1648906100719958,0.0288987180383879
3964,43.05088982956313,0.1337955013990276,0.1294325281414227,0.0057128612852839
3965,43.55119039769206,0.1313076269735358,0.1885898960873596,0.0202989821129103
3966,43.60673700297032,0.1214721453790771,0.0488699583131491,0.053347137776361
3967,43.43573101972856,0.1316298006129081,0.1019659209625894,0.0414667572292201
3968,43.7455397465988,0.0961445435319103,0.4175286801821489,0.0486190547033372
3969,42.77770793385921,0.1528027247293333,0.1388073112783774,0.0185869165898656
3970,42.32671668128068,0.1255649110776764,0.1435488555650954,0.0277129064799769
3971,42.67817959374021,0.1011968267770711,0.2428312749725296,0.0457147345822025
3972,41.97670274186476,0.107345969663358,0.2212314407191572,0.0508120078605063
3973,41.24247312563196,0.1288074247194938,0.1374645403092238,0.0180311948918863
3974,41.630406598111065,0.1589609087157726,0.0785302847907868,0.0024004235248041
3975,44.60654021059708,0.1887329527346343,0.0,0.0
3976,46.036733625302,0.1418191916703145,0.0,0.0094397126581991
3977,47.04420130272858,0.0846915885941659,0.0056645822706474,0.0251824032727167
3978,46.03700998340275,0.087889784020461,0.0126000009421809,0.0263948505868819
3979,44.87174538045002,0.1162054262083699,0.0718910458553917,0.0282425516423651
3980,43.501754161658496,0.1315307717935431,0.0880947603105759,0.0365284928210407
3981,43.23562426626168,0.124090404394962,0.1858244413883439,0.047302781907361
3982,42.16968880481055,0.1344590325381743,0.1113373224272474,0.0530505071375641
3983,42.63525190167135,0.1137110372742574,0.0838926127225177,0.0608439460189327
3984,43.19340671940912,0.1273129840193526,0.0630688145782048,0.0451496230252268
3985,44.37869901549529,0.1202981268390946,0.0366843743757819,0.0293404590667469
3986,44.37566775346976,0.10664585385189,0.085773394402898,0.0297754898249536
3987,43.33112389462582,0.1360184799256498,0.0387229880860277,0.0307209210177325
3988,43.26111745017055,0.144045658373221,0.145662877979386,0.0158893065796172
3989,43.256848068582585,0.1508232818273162,0.0735900441522877,0.0200601891732085
3990,43.23132133124695,0.163088319718845,0.0376160676296034,0.0180985317251304
3991,44.87536097372192,0.1100361920311743,0.1674246864797065,0.0255225847369182
3992,43.71350559076201,0.1144285375508467,0.0369807358866181,0.0172951070447088
3993,41.16726274165854,0.1414969756423026,0.0013939653438514,0.0022648695062626
3994,43.78644299257164,0.1937356557898935,0.0,0.0049551084752999
3995,42.672100242108215,0.1873046215853105,0.0017672693456376,0.0003544338960186
3996,44.40652504047857,0.1346961444619207,0.019359718082485,0.0157047814649477
3997,44.980130031489466,0.0866922558559043,0.0236861200438972,0.0395171080373987
3998,45.28635179414749,0.0710390805288144,0.0013081227761131,0.0454604737896221
3999,44.8455165279214,0.0565985077426396,0.0231121043658549,0.0632724684760583
4000,45.94295266493228,0.0550729247086156,0.0264757990168644,0.0546453441457338
4001,45.00376230120304,0.0660546790718089,0.0313976831139627,0.066792157714127
4002,43.302567857615216,0.1157364793013987,0.0218096226442119,0.0550940369970472
4003,43.62898505828973,0.0732488778541335,0.0193539163567575,0.058422370993913
4004,43.79093018815191,0.0657343007170586,0.0191900530263394,0.0766796384039154
4005,44.22217148899934,0.0626937614446076,0.0093601279035539,0.0544880501592403
4006,44.7348633435946,0.0572548243751972,0.0068254021092511,0.0688840031111483
4007,44.8644466513163,0.0932389749635924,0.0661397852633239,0.059621523088493
4008,45.20668600562677,0.1257483215930334,0.1863431752606366,0.0400206536311915
4009,44.44014912073407,0.1331469070360821,0.1261246673545623,0.0583205470970222
4010,43.95300308717669,0.1474656269737931,0.1546802318517919,0.0496806458029257
4011,43.97989301637324,0.1182847437078255,0.221171593975739,0.0562965301263786
4012,48.35933752131063,0.1097754045341185,0.0,0.00640597640179
4013,47.15795289245425,0.1357274901983663,0.0,0.0130528851823104
4014,47.90393907551351,0.1289579026878824,0.0,0.0151219602594785
4015,47.80518779468743,0.1065509511113642,0.0,0.0090144214779295
4016,49.63031372915903,0.1036380630438887,0.0,0.007705433729008
4017,49.110890718771806,0.1190456440762262,0.0,0.0089894622689245
4018,48.74684716461152,0.1251149619692264,0.0,0.002882042258645
4019,50.04398645105858,0.1078374483731828,0.0,0.0
4020,48.374964594016696,0.1074104263773398,0.0,0.0137283869927514
4021,46.9356105520416,0.102333446033448,0.0010012441411891,0.0364745433793172
4022,50.20472245947599,0.1190530974642093,0.0,0.0069925418497328
4023,50.622187772826415,0.0891565989466057,0.0,0.0
4024,49.324576098301286,0.0996388590398124,0.0,0.0033867688002457
4025,49.06019092531858,0.1145806879908354,0.0,0.00450147557415
4026,48.766959210655536,0.1020022049553109,0.0,0.0107459658899977
4027,49.38933184242404,0.1069849791588737,0.0,0.0
4028,48.6245644425323,0.1273730358676919,0.0,0.0042224122846986
4029,46.45587061087622,0.1320347567894645,0.0,0.0009361648268388
4030,45.5003204640412,0.1404677550203484,0.0,0.0029260505507677
4031,45.77330301505236,0.1267293736394746,0.0,0.0210112192684775
4032,44.43913245498498,0.1277513859523224,0.0012924916297013,0.0
4033,47.6282743597264,0.0784867958928164,0.0,0.0045483497776929
4034,47.28196199937429,0.072162414161911,0.0019557023367261,0.0439384194518794
4035,47.36381103191857,0.0673541641548567,0.0,0.0520460970157965
4036,45.79129151890005,0.0634889299594193,0.0,0.075592205004713
4037,45.487443362314366,0.0532566419621529,0.0,0.0844550838445131
4038,44.87466324515707,0.0587853031295698,0.0,0.0823022756746682
4039,44.71471119271788,0.1186778633257844,0.1088602909276832,0.0441941019393218
4040,43.93655851878541,0.1161121240927197,0.2120285439629827,0.0466798242761275
4041,43.70183420875376,0.1188770217334844,0.1556832068661955,0.0182273892713193
4042,42.40860738853328,0.1673941455828202,0.0489020087579932,0.0153668390989897
4043,43.31482871795763,0.1368035601214848,0.2187030567244336,0.0363390278067166
4044,44.09078962803431,0.1131708940930109,0.1972948152452025,0.0412176535141569
4045,43.67741107900062,0.1233613673976739,0.141661114238091,0.0304781575121586
4046,43.7907571873575,0.1150601335712765,0.1170536938934693,0.040885697768866
4047,43.73367848821727,0.1065704315263547,0.0135741477043414,0.0528859950636613
4048,44.91677984096148,0.0854241378614419,0.0319356166633473,0.03781069968184
4049,43.87723691874231,0.1324013184295449,0.1764273016901722,0.0185353568472976
4050,44.007491331845785,0.0935573378838445,0.4377471932511276,0.0445849220659925
4051,43.72462209962104,0.096559013454293,0.379389500486736,0.0394045683526914
4052,44.40279852485885,0.0966167118716615,0.2275655073601542,0.0266357334053743
4053,43.15302259666959,0.1389391941821706,0.1680594216959672,0.0379504973291194
4054,43.2985143412708,0.1368960694952937,0.1368656542378638,0.0217377759375545
4055,45.328793499768544,0.1003716291486627,0.0837140625405885,0.0278107225812259
4056,44.96659202705472,0.0969815833331834,0.0305785061540027,0.0323099256887159
4057,44.30746492397525,0.0908425766017292,0.0036452839227357,0.0395710119078832
4058,44.624337652497466,0.0878507586901852,0.1023725820059282,0.0621666330095095
4059,45.01050438264037,0.1076009335069241,0.0958002355486945,0.0510203779599063
4060,44.59072844827912,0.0745458477030138,0.1601760478042919,0.0805012815913412
4061,43.97966420510858,0.0610332049766307,0.0995305903442201,0.0641359052111426
4062,41.926946256761255,0.152662243683403,0.1088236403911524,0.0456248808921854
4063,40.92534550596727,0.1841031381460278,0.1285124435300864,0.0037337367119771
4064,41.82926649560604,0.1657143675936218,0.0733012481659978,0.0179940263106468
4065,40.82574588176765,0.1919680418973935,0.0030931335525911,0.0078796162268895
4066,43.2197925354609,0.1140961403970725,0.0321257937222642,0.0281993116534571
4067,43.54957102626101,0.0834231246828059,0.0364905725262538,0.0416160087539314
4068,40.76438934919104,0.178337973364752,0.0014735947777296,0.0091806443890302
4069,39.45280861907861,0.2111107736673965,0.0902204233810876,0.0172258767914372
4070,41.58472860332764,0.1742014211721721,0.1330281530175895,0.0108459508341799
4071,42.543921024404185,0.1573209117304677,0.1552342277764401,0.0161373966688539
4072,41.57299368168713,0.1763435104727354,0.1106094583516051,0.0221206335096088
4073,41.75642800751324,0.1038003783174564,0.0104255511641395,0.0065734212345389
4074,44.834948193665895,0.1538506136489931,0.0,0.0072789814965572
4075,45.06049995718424,0.1405184337928142,0.1610707447835922,0.0042042025070921
4076,46.04735344672384,0.1101390226318873,0.126637871759892,0.0046798814170168
4077,44.64276238599271,0.1307047381138561,0.0654970825183673,0.0161763291123671
4078,44.87155122609476,0.0616634609464889,0.0122130169333826,0.0638116782313016
4079,45.51658576714398,0.0706273890117197,0.0154476373989126,0.0515483444970992
4080,44.4469505666936,0.0747172074475562,0.0381709243887788,0.0610548901566328
4081,45.63451391233752,0.0940561098850271,0.0139979631733456,0.0425337539155256
4082,44.89216974436922,0.102413106229914,0.0196642114702082,0.0502476424330551
4083,45.29801668596946,0.1015372666631224,0.0417020650914132,0.042684431951166
4084,44.55302713812034,0.092502043460889,0.0199163742550152,0.0563564716538043
4085,44.720588749919855,0.0792168671664712,0.0405873207707411,0.0492651604285658
4086,44.299704106825104,0.0872660803739079,0.0236116511065011,0.0320944997580407
4087,44.63953032582797,0.0959642962053104,0.0024885796828787,0.0424493472730273
4088,45.03764998834031,0.0995424698670798,0.0536525652451377,0.0545608763225851
4089,45.53739914577386,0.0996627858627222,0.0953877179794403,0.0540364102339952
4090,45.27600193396723,0.1133893044936839,0.2564857297317061,0.0364914886846003
4091,44.8517672422725,0.1315490462866227,0.1133929923177586,0.0255054157913003
4092,43.59762433805003,0.1125307252378451,0.2548531879932751,0.0533498776670504
4093,44.92399754720866,0.1000137522424071,0.2187762770009294,0.0448717646006448
4094,48.91561190784405,0.0852846475530806,0.0,0.0
4095,48.86301668613332,0.0969222918346366,0.0,0.0066225071022584
4096,48.46352181341732,0.0928875949054773,0.0,0.0176106364839457
4097,47.166064625231655,0.1041352188973193,0.0,0.0333396871276625
4098,46.56709670829806,0.1324860532131151,0.0,0.0165756509198237
4099,47.75914422497667,0.1148407432461811,0.0,0.0
4100,46.23135981103718,0.1237095462848317,0.0,0.0049993160023562
4101,49.13896760209701,0.1161612510716003,0.0,0.0008254180238257
4102,48.62532552292132,0.1199222137857944,0.0,0.0
4103,48.18516990560028,0.1110036213197471,0.0,0.0079153456367698
4104,50.8217282391763,0.1244874898217321,0.0,0.0
4105,51.32899132470694,0.1069057243778575,0.0,0.0
4106,50.14183699275601,0.0938357086983116,0.0193684829306758,0.0041025284540285
4107,49.36187933727107,0.1010499349306871,0.0,0.0191509770275586
4108,48.63631763694756,0.0870012020181971,0.0082339105795171,0.0239072183681474
4109,46.70423572276273,0.0912587172874858,0.0028100363848999,0.0370596510119896
4110,47.409482339369006,0.0824220034720522,0.0,0.0403421055790669
4111,47.61354659933486,0.1054389972260145,0.0,0.0338919369184668
4112,47.33303100107383,0.0803920421276447,0.0,0.035014744354077
4113,48.24897212672733,0.08858758212952,0.0,0.016580885262387
4114,46.30875967065104,0.0619311653053727,0.0006742263165909,0.0703849428878455
4115,46.11583021136059,0.0740643669883234,0.0,0.0476773226792005
4116,46.12854634328136,0.0638495508930476,0.000366515274221,0.0715326391876562
4117,46.83384984198565,0.0658496313214831,0.004761090958292,0.0583517515397454
4118,45.72515328596396,0.0684922383461216,0.0013255004473295,0.0456593402401092
4119,45.61368874427854,0.0917861977683929,0.0,0.0608688179262491
4120,44.15745350314848,0.0973435009363106,0.0113668625124127,0.0609860008408641
4121,44.997623580869806,0.1158024804022843,0.0886819100554986,0.0357372072351335
4122,44.02786469800397,0.1194570546809182,0.2220988333015603,0.0422812049328091
4123,44.45149225407117,0.1082500919736232,0.1103513773981484,0.0352152613172121
4124,44.6715422825994,0.1172929577332947,0.0995341878914012,0.0321557372168407
4125,43.576862709154696,0.1160993703367094,0.2928067712838771,0.0550780943827101
4126,43.55268204570694,0.1410153296831481,0.065374537921405,0.0209726518099007
4127,43.78866074799293,0.1126855720340327,0.2039409629758415,0.0197495909110789
4128,44.00573196267173,0.1373726109742813,0.1266257770416603,0.0235611654260011
4129,43.8643929175884,0.1373435561191239,0.0197274278153053,0.0238607629963609
4130,45.58616629076537,0.1275503637261222,0.0737502404308421,0.0142067740286825
4131,45.99012243488831,0.1164971944658136,0.0685257289892479,0.0105785778949814
4132,44.6639358377522,0.1435343242025982,0.0340147050335961,0.0118718125427901
4133,45.230817820289616,0.1437548066995208,0.0,0.0044869209141854
4134,44.41747908354377,0.1353928651838376,0.0092015203964347,0.0146258532663359
4135,43.6284880949921,0.153756026554485,0.1036106965124278,0.0061287698269437
4136,45.22733980033891,0.1165917233885739,0.0397399909297057,0.0051739800894388
4137,44.125270324600265,0.1237566774369608,0.1065598938410424,0.0238649490995032
4138,44.444989674968376,0.0527155820370361,0.0035055547038524,0.0771105370666957
4139,43.79250486703849,0.06196658553794,0.0086769961250598,0.0699453868629891
4140,43.52471474389624,0.0758945636239799,0.0072972903737201,0.0697222708892811
4141,42.29930546564695,0.1446671746961273,0.0075554076204498,0.0420385718263427
4142,42.87151655473833,0.1423281871050136,0.0161145739531808,0.0235287257891526
4143,42.76507907452663,0.0805011612283237,0.1639267914263076,0.0481956080161267
4144,41.96338339265298,0.1451522772033653,0.0365616731580973,0.0403640399479943
4145,41.70045414645652,0.1804675468557085,0.0320057014813194,0.0190062172220208
4146,42.66910197827054,0.1544036051884511,0.0776896894381398,0.025879999700748
4147,42.33707269446678,0.1591065798175968,0.0969973524484804,0.0241162528671284
4148,43.19520216687889,0.1033707652535714,0.0803962200916825,0.0414454631055678
4149,42.97408248294164,0.0832442524864346,0.0934896874315524,0.05417442428702
4150,41.02377133373823,0.1527411660213884,0.0498913791950897,0.0255383197729258
4151,40.45005379399979,0.1812405256263679,0.0280110938815796,0.0139218691095953
4152,40.61941653465202,0.181576924001905,0.0904097861405754,0.0194935866508546
4153,41.85779704014181,0.1562979286021589,0.1138163417145192,0.0270487948390643
4154,42.06411832804145,0.1359436430186071,0.1219113709994083,0.0342187907434219
4155,40.50165188437243,0.133913627321865,0.0024414183325067,0.0
4156,42.14287391080157,0.225681903180858,0.0,0.0
4157,42.10716548069202,0.2169170445358253,0.0,0.0
4158,45.8828879477574,0.1433960390737785,0.0,0.0
4159,44.98825626885471,0.144101019822483,0.0,0.0
4160,42.351409649993926,0.1344190069897006,0.0189364583396835,0.0383276313468972
4161,44.92059202148611,0.1172027890270454,0.0443136014469373,0.0318807797287118
4162,44.84317445908075,0.0777677459717678,0.0348775744161355,0.0576573719187133
4163,44.54446003952669,0.0594059900447694,0.0278091051162028,0.0760168471438319
4164,44.62604328427459,0.0847307037066571,0.0128317933799602,0.0629329561114829
4165,45.66441068954391,0.095312960380594,0.0169406803276076,0.0500383200612554
4166,43.92615385299752,0.0826054582314728,0.0608544349385017,0.0683214331358946
4167,44.79082415887039,0.0640162723884704,0.0761179955087952,0.0743492472901391
4168,44.79171870500405,0.0803548421527663,0.0474161609549991,0.062072905971642
4169,45.410669499959965,0.0747629930081142,0.0590779692376447,0.0621103554562964
4170,45.522215098600284,0.0922876542504517,0.0337336836307891,0.0522724828204108
4171,45.86493349112249,0.0996815363930661,0.141213488724883,0.050313496970734
4172,45.25244886147582,0.1127976335047164,0.1628660780197138,0.0291335338402919
4173,45.54665000345396,0.1029041743058375,0.0917580565819632,0.0322474273480012
4174,46.15946741902234,0.0869030234382228,0.1244601809911097,0.0224002992206517
4175,46.27232210057742,0.0880182972878979,0.0573981199310004,0.0315628153803444
4176,48.8920754240956,0.0846738375349578,0.0,0.0
4177,47.90717868881701,0.1088486573066596,0.0,0.0135139837336528
4178,45.99244097942263,0.0830847427663366,0.0,0.0429516850535529
4179,45.64782287571028,0.1042664330688646,0.0,0.0416241765551307
4180,45.63472017172554,0.1213897952405234,0.0,0.0181822940780761
4181,48.355298339445966,0.1067436839434756,0.0,0.0041264784692592
4182,48.22233468743863,0.1099938645192877,0.0,0.0040105824202836
4183,45.94692521264365,0.1336819515393999,0.0,0.0061459568890837
4184,45.18969150855921,0.1826769472219912,0.0,0.0006108257963847
4185,47.32419091520014,0.1321272027950647,0.0,0.0047508634999552
4186,49.40310509284164,0.1064142551793399,0.0,0.0
4187,48.9955372639935,0.1037883927747745,0.0,0.0
4188,48.245968732652784,0.0947456387581827,0.0,0.003727076020436
4189,47.89825438475379,0.0886454658836647,0.0,0.0152468275354449
4190,48.460339353169694,0.092241675850073,0.0099575029371896,0.0278244479903838
4191,46.74833216930697,0.0750626633180435,0.0001521705978176,0.0470957882201076
4192,46.824288653416346,0.0756911570538003,0.0169361664260758,0.034727103930934
4193,47.41378589060445,0.0766461275442013,0.0,0.0336940201418112
4194,47.20627197765678,0.0689846982946306,0.0009742840900366,0.0409771366550362
4195,48.399290843382886,0.0860020683415973,0.0,0.0115120092637906
4196,46.670081419896185,0.0696949438071873,0.0017185206942217,0.0483766850330108
4197,45.96513798555077,0.0636037157552729,0.0024157011311121,0.0698873155068616
4198,45.52298280559263,0.0619413584246151,0.0,0.0753696269552134
4199,45.57767985209151,0.0595718091829569,0.0001199213809707,0.0927891580583968
4200,46.35505990574472,0.0643126439626956,0.0019449033069129,0.0514509291885786
4201,43.90029502965449,0.1305582888788298,0.008275402874618,0.0501017384677652
4202,43.17086231208066,0.133939834188698,0.008025370838713,0.0242842435478554
4203,45.684986843614965,0.0942835968929327,0.1219330650008964,0.0243579474890248
4204,46.28464989336152,0.0822806081656566,0.3690030256157058,0.0166723093183682
4205,46.53480788039302,0.0797881107153334,0.3351058648899704,0.0121311348978875
4206,46.77455294067858,0.1046958304442636,0.1548677859136149,0.0180228372563193
4207,45.50947827938096,0.1601767080211453,0.0,0.038253472717749
4208,43.36304766757966,0.1724136997961252,0.0445888335537136,0.0063785714089617
4209,44.06706866677749,0.1483837636537022,0.124221769192529,0.0
4210,45.05998667273815,0.1604425505622739,0.0325260881137971,0.0
4211,45.63391961601971,0.1509685782056499,0.0112087264409586,0.0
4212,46.14050338435205,0.1270088630369319,0.0202079116672558,0.0
4213,44.77501564295468,0.1415076371110384,0.0134007555451797,0.0042865934299105
4214,43.50465597236547,0.1562430539060263,0.0145146751089793,0.0308197977691601
4215,44.83197863929676,0.0758739953010698,0.0051943398837227,0.062091998439808
4216,43.72295482503187,0.0820719395731056,0.0009085717395307,0.0637504896372212
4217,44.997760484144806,0.0974714551274772,0.0384456606208941,0.0312709430967393
4218,46.35877014489388,0.0874676415396927,0.0382006662305719,0.0072400298160121
4219,46.756182575360725,0.0904966461057809,0.0946996782440465,0.0252461452075365
4220,43.57888179827773,0.134949225548455,0.0895523680831365,0.0350532372213774
4221,42.235167536993664,0.1328753520111316,0.033805499143966,0.0487932837861153
4222,43.15139559803896,0.0981310803436936,0.0271966268772664,0.0672091580609817
4223,42.32994575046032,0.1304561763911056,0.0931032971471279,0.0687409104636418
4224,42.04924039318141,0.154566144953348,0.1590089256468971,0.0781928107369323
4225,41.92624277986712,0.1671351021499673,0.3317587500504583,0.0256045086275027
4226,41.51907701532712,0.1617292425118282,0.0867052007819347,0.0242908816696028
4227,41.08939404780472,0.147693135670922,0.114676693154711,0.0173785290731761
4228,41.96015223434964,0.1147905332142922,0.2300324916926479,0.0502630602354055
4229,43.16190250475258,0.0892601916020481,0.2741314304326245,0.0616708176389148
4230,42.72654928334888,0.1024608100346912,0.3845983311762048,0.0780382282742431
4231,42.757468769361225,0.1084552068849491,0.2675393214557424,0.061077074996503
4232,41.43504700026464,0.1749778203055745,0.1337720225846149,0.0151315266277707
4233,41.1763404114238,0.1646982185359085,3.484674197000541e-05,0.0050282939336024
4234,41.334538750197446,0.1656364254347185,0.124096044054864,0.0142464163774589
4235,42.25618162268223,0.1723194083250163,0.1533531562091433,0.0090559525323859
4236,40.64304939774754,0.1639851248771865,0.0876392627875203,0.0133382582953815
4237,41.880926002576224,0.1350541371574263,0.0,0.0
4238,43.186571887872304,0.1908638009404698,0.0,0.0
4239,42.65783400959414,0.1977158473540686,0.0,0.0
4240,42.6512643973651,0.1745973227136278,0.0,0.0
4241,46.02848164697219,0.1306182394293789,0.0,0.0
4242,44.43757977969455,0.0847427494220916,0.0224678818472484,0.0560082770918488
4243,43.91264155584502,0.1039220513320432,0.0353855686739751,0.0757746379177548
4244,44.67104066700893,0.0555796030472355,0.0066238203093663,0.0873233268918993
4245,44.81550399734709,0.0478858417810073,0.0155421513407262,0.096711256415513
4246,45.49191432915324,0.0659205698667826,0.0175575502364378,0.0605494695908254
4247,44.628993149101376,0.083086611194606,0.0730516599514901,0.0700222771941497
4248,44.47633621093219,0.0556413191288238,0.0150660750062757,0.097536943337394
4249,44.30833777038732,0.0582735876463456,0.0125658571305295,0.0922653607281768
4250,44.60810084409764,0.0800644825305322,0.0175712795612641,0.0641152411567385
4251,43.95382755347783,0.0794805563531373,0.0541715576510347,0.0667026917597863
4252,43.494554161122295,0.1469863216284121,0.0364513503192924,0.0299871725433731
4253,44.45170362475272,0.1629522582432458,0.0816189380791184,0.0078775007022175
4254,44.53704962797697,0.1477099007641932,0.1500677912512216,0.0289315981983691
4255,43.46129751932423,0.1533657197414913,0.174119026436204,0.0210591218044536
4256,44.32607602186972,0.1350055414361596,0.0611920881723014,0.0313005861699428
4257,43.74247855091264,0.1488023223335251,0.1473961046906107,0.019910264438339
4258,43.82600900771981,0.1130328130305596,0.1389137030055202,0.0636583906591666
4259,46.14775474420116,0.0645456678870372,0.0,0.0
4260,46.57909088568452,0.0936268049775811,0.0158399085946432,0.0164699281872316
4261,46.21400663768287,0.0796845323148588,0.0,0.0473808066726516
4262,46.42208757873129,0.0901188752705978,0.0035782922666096,0.0418101498646576
4263,45.74170240020673,0.1263311667119776,0.0,0.0102690785282591
4264,48.15483619860555,0.1097661206619191,0.0,0.0041654733979638
4265,47.25487995813486,0.0995007517127871,0.0,0.0040288463540922
4266,46.35279319147828,0.1220619593073097,0.0,0.0041633786385984
4267,47.14308967376721,0.122136857542263,0.0,0.0093590513487856
4268,47.45650385231872,0.1081086032253776,0.0,0.0063566784166146
4269,46.40287070806801,0.1087412443875106,0.0,0.0036996544205317
4270,47.875311757608735,0.114641648699448,0.0260480748302369,0.0
4271,47.596510513224096,0.1061159747876813,0.030385746961402,0.0023865810956338
4272,47.55427168460628,0.0884581142293059,0.0961473610076081,0.0149147700579255
4273,48.08718157370154,0.0972863879460691,0.0359758196100141,0.0030547030200988
4274,46.69992852574946,0.0858007926577479,0.0,0.0373244489737401
4275,46.41543994780815,0.1071358579382991,0.0,0.0211807264793929
4276,48.0519313043977,0.0872253225365558,0.0,0.0040684731030562
4277,48.703724430599344,0.0831275471305634,0.0,0.0031184408921077
4278,48.23038135656372,0.0922611037622461,0.0,0.007649195737556
4279,46.260607060728766,0.0628411475177112,0.0,0.0854948124219026
4280,45.62228723670484,0.0677427132647589,0.0,0.0807212227260358
4281,44.976718258058725,0.0963042759605991,0.0002863571457682,0.0645535655860852
4282,46.43702092818697,0.0987461541673651,0.0011837313310829,0.0405591137185682
4283,46.31805183842143,0.0983590864469591,0.0,0.0365133640996745
4284,45.14952447875593,0.0918648903531554,0.0,0.0746528482756976
4285,44.41892849599196,0.131117870216361,0.0,0.0152639496202206
4286,47.997947848878006,0.103497541946574,0.041278002362603,0.0216180518480291
4287,47.07016391551789,0.1029534738146981,0.0868227667675995,0.0181245355543706
4288,46.267209662053,0.1106863112501064,0.1796000704199781,0.0117001230426482
4289,47.49848287671465,0.1055590690967547,0.1338987892395408,0.0108264419344319
4290,46.181697869761706,0.0963756508973659,0.084517055736958,0.0
4291,42.90886097655677,0.1538224376618102,0.0170492357733065,0.0
4292,43.64628284380024,0.1687255927460465,0.0899386452953795,0.0
4293,45.79825603610457,0.1545653605528195,0.1191888321906473,0.0009109817541637
4294,44.422204824005576,0.1586251928441548,0.0585696519758914,0.0091847110053889
4295,43.235845312627625,0.1715031343828996,0.0612416626159704,0.0103127531969175
4296,44.05904853243355,0.0990683346955728,0.0461107045492537,0.0646679146790436
4297,44.41825888653425,0.0641241263862626,0.0446108942123863,0.0944863700914688
4298,43.81463292895907,0.0776557267294348,0.0713021312582816,0.0701622112030558
4299,42.8474253281973,0.0974728282800253,0.1985684382165273,0.0327851798585254
4300,42.60099561082017,0.1117638820834112,0.0136257607202712,0.0696061165395557
4301,43.43969248998315,0.1065250171640346,0.0198480216630168,0.0660234056068365
4302,44.17007196182707,0.1304951560075773,0.0659492975524466,0.0150173239473708
4303,42.04177558100174,0.1780581083150139,0.0689569071600421,0.0130657734693046
4304,41.247106132292174,0.1813425063387447,0.0322795382049026,0.0129111357316983
4305,42.6219667967346,0.1322508964371363,0.0307967644136662,0.0283055269226548
4306,42.45407212871663,0.1515250399930576,0.1671066068974794,0.023975850345231
4307,41.15182055136922,0.1888281694706502,0.084492906674422,0.0159645952668416
4308,42.42780898142422,0.1974245532464014,0.0015234310204225,0.0057129733770689
4309,42.29813824802588,0.1489410599733366,0.1988039045316813,0.0377437389410059
4310,42.76796823864649,0.1146393053779944,0.2346734109842696,0.0330325174080277
4311,42.5481076177247,0.0948345919626672,0.1753279329985363,0.0533093613319058
4312,42.29490848584043,0.092377600309611,0.1164292877672454,0.0567912603753304
4313,41.8164397716204,0.1382582009921632,0.1846117160986956,0.0492272275423322
4314,41.33480756935846,0.1795229896906249,0.1628919445094901,0.0180537042377509
4315,41.4930715330154,0.182303805578072,0.185727244601285,0.0162299399836766
4316,41.295498671002576,0.1714584660590609,0.0218342197820809,0.0061121137217183
4317,41.266781085382135,0.1698180930848835,0.0767955430349103,0.0123134923293458
4318,42.10194501364999,0.1717078328461005,0.1748602553655508,0.0
4319,39.29724944620978,0.1546786647808014,0.0347365143325935,0.0045696566346382
4320,44.211070939170654,0.1729381516752253,0.0,0.0
4321,41.5004413190429,0.2319633813432493,0.0,0.0
4322,41.40729723724277,0.2263129657939062,0.0,0.0
4323,43.14522265174293,0.1531697783123694,0.0,0.0002320281093699
4324,46.9685202104856,0.1134610606982148,0.0028908947619309,0.0189553424665563
4325,44.50816281587584,0.0594872553360194,0.0201747289115321,0.0946921205119584
4326,44.03889736802792,0.0469292705624823,0.0034133529799647,0.0996316786779065
4327,44.66768460296043,0.0517182824509038,0.0027115166087506,0.1003102757567653
4328,44.43735031077296,0.0508099032433472,0.0221274927394289,0.0815541395528198
4329,45.42805811310945,0.0542448225832646,0.032935454075221,0.0808509652396145
4330,44.98681478816246,0.0829320566096609,0.0482489221032602,0.0677675724240136
4331,44.42810764452557,0.0636766093156474,0.0039419972843981,0.0819439778050789
4332,44.0489164318108,0.0555841344009087,0.00875894428157,0.1033412149091139
4333,44.68319382617512,0.0584943164004325,0.0231696912950816,0.0906377887079746
4334,44.42546051477495,0.0647137054593372,0.0492416056357176,0.0780664125377454
4335,44.45136506057386,0.0992134301540255,0.0251556073008104,0.0513874199017944
4336,44.47401166836245,0.1637056768536896,0.077188091510322,0.0008449022454075
4337,44.253924072760086,0.1392698666704309,0.25393954786843,0.0227840276297633
4338,44.34014729778782,0.1464831045714761,0.0967666811579677,0.0236981908305117
4339,43.48078646780788,0.1439617841605271,0.0370882101771342,0.0368945369989813
4340,43.67621097170812,0.1388827920471785,0.0669437834171791,0.0376020089646064
4341,44.32491137438279,0.0935240748424757,0.1074080377641828,0.0624735038612853
4342,46.853305771014426,0.0643994879681973,0.0055698811597273,0.041550520270433
4343,47.98691262857147,0.1039848619707824,0.0,0.0199037985929666
4344,49.50273188749527,0.0937713994352367,0.0,0.0
4345,50.0392928881966,0.1153119629144443,0.0,0.0
4346,51.046971262760025,0.0911231715930003,0.0,0.0
4347,47.24453232335973,0.1180670411359113,0.0147132360861441,0.0
4348,47.111585793841904,0.1434736351786041,0.0,0.0
4349,46.30619167452611,0.1318939533694287,0.0,0.0060639859366055
4350,46.54204559834951,0.1195023208398154,0.0,0.0098244009108681
4351,46.04420052942732,0.1323756565891149,0.0,0.0048835246053164
4352,48.71516583042202,0.1164068318463482,0.0,0.0
4353,48.47713240244094,0.1157018248285777,0.0,0.0
4354,47.77317493779862,0.1171903070634114,0.0,0.0066924989921115
4355,46.69686868143644,0.1043155488491181,0.0,0.0149324874773233
4356,45.56129525467853,0.0873376872556035,0.0,0.0282370702329283
4357,44.84569615513803,0.083755945254375,0.0,0.0039866013590627
4358,45.1009911990879,0.0724021924905011,0.0,0.0048306988001616
4359,44.465814908252106,0.0558094543323073,0.0159544408498152,0.0692180944233899
4360,45.16996659804767,0.0523179645612515,0.007499819840484,0.0961749648575128
4361,45.18328813735036,0.0475542577660798,0.0184903324986012,0.0973972722140372
4362,45.20641608595276,0.0512951289680353,0.023749587198775,0.0953794667054392
4363,45.398694310252864,0.0535592196948817,0.0338512550682821,0.0882486945139616
4364,47.22720133763762,0.0716513183197934,0.0446586577211497,0.0603233291044755
4365,44.89986000290683,0.0907525549313074,0.1635035412731065,0.0812739556846817
4366,45.040059756604975,0.0926006012877998,0.1325947561389953,0.0663350198664493
4367,45.74416173773975,0.0889384137628124,0.0174602581399353,0.0292328208634623
4368,44.428455721530845,0.1149177328778626,0.0150704076694547,0.084384949761455
4369,43.98670651389069,0.1259474147910458,0.0041656973273764,0.0817092749762523
4370,43.86304541122434,0.1200039097636486,0.0201112476614038,0.0735071022160647
4371,44.20009027874688,0.1136935122453745,0.00237486251986,0.0796247343342839
4372,44.3669330394785,0.1418679889848213,0.1054638488896878,0.0466355994021457
4373,44.56694189464034,0.1319459032152336,0.0733029386625976,0.0154084083320199
4374,43.60763216073196,0.1559131239871359,0.0768913087145721,0.0131276066810897
4375,44.0083499798007,0.1342370693795273,0.0974313055216619,0.0177161711566757
4376,43.48285101799477,0.1378512625892973,0.1406314054920547,0.0207467264322385
4377,44.04562451439518,0.1444993043751819,0.0905828136089034,0.0206701416490895
4378,43.16885123465894,0.1254112748434162,0.2006320733008659,0.0342802539378341
4379,42.90868318434003,0.1343814230819442,0.0872836621047679,0.0448542648018098
4380,42.27518332169819,0.1388134812413015,0.2209020982635735,0.0158894606628257
4381,42.479845544477634,0.1309769226055162,0.1698427868742065,0.0319955653419766
4382,42.25588134798163,0.1186749946076974,0.0665987480592198,0.0727638077009938
4383,43.70297944287503,0.0917021238712474,0.0625839279221783,0.0538052279990776
4384,44.10458685745445,0.1244765891235094,0.0666139632453421,0.0157032159324007
4385,42.178084944901045,0.1467416653543644,0.0983668408152027,0.0668214202510216
4386,41.5610618829899,0.1366879475071546,0.0516593232757141,0.0357813317461584
4387,42.49798302094603,0.1218070026809534,0.0935327426857841,0.0398331342683447
4388,42.69723745791909,0.1356259797438073,0.1503016095871618,0.0409173044280344
4389,43.02613676550803,0.1235506436199203,0.0735219398090915,0.0358817336201001
4390,42.205459130151446,0.1799354808200783,0.0196289264577798,0.0044593469853261
4391,43.01536804710807,0.1333895701207153,0.0724093892320323,0.0577112820952984
4392,43.1044534343856,0.1265399021808459,0.043534527728414,0.0418680865800074
4393,42.93510389127108,0.1015857270395941,0.0745055068584991,0.0316289700106849
4394,42.74135727234822,0.095041544705013,0.057058512970649,0.043254432029895
4395,42.24495576624473,0.1141571833596417,0.0405787911511778,0.0325918613888531
4396,41.605983125759245,0.1585133994574661,0.1532522929306938,0.0288053630086077
4397,42.02351659100313,0.1720983587412747,0.1964049243115275,0.0168450860329374
4398,41.51730549498404,0.184638736599506,0.1261377301423802,0.0117763878306332
4399,41.68388724200026,0.1747737588830386,0.0333039334270408,0.0142464193774935
4400,41.678788974738566,0.1667834392834205,0.000924360293542,0.0089735137356681
4401,38.4926845709894,0.138215391758085,0.0,0.0059638660800417
4402,40.8823281651765,0.2421466935148059,0.0,0.0
4403,41.23345916565492,0.2265472924250799,0.0030973478781394,0.0019398195925538
4404,40.910724396260754,0.2271423036749123,0.0,0.003195044112083
4405,40.66806597716464,0.2487937406683693,0.0,0.0045257435557806
4406,45.290036951771874,0.1049050748077991,0.0,0.0043968627002256
4407,43.777236809212525,0.0548363121102379,0.0106294414285151,0.1132678744484395
4408,44.00238559506442,0.0475468569110202,0.0041910338448939,0.1083517815336387
4409,44.907293934476336,0.0576054608420073,0.0125045039020546,0.0776721681438414
4410,44.76391803058274,0.0598846016965648,0.0074623074962422,0.0647188457654037
4411,45.65225548907729,0.0509928577767093,0.0191658432158377,0.0826964324942419
4412,45.785793983886414,0.0504314896351321,0.0449094378312445,0.0696094801453485
4413,44.98409295098802,0.0535513316468182,0.0061590817471998,0.074725120854087
4414,44.63254825040684,0.0659800884502963,0.0128685097333958,0.0857064013925547
4415,44.84525981968548,0.077262008603378,0.0410773835731508,0.0676678916685769
4416,44.585943947688975,0.0560755158689071,0.029100307398374,0.0719759096214793
4417,44.288163092853566,0.0614159710230627,0.0131235883256954,0.0812387144882835
4418,42.93342772971019,0.1374132254624566,0.0512931866256759,0.0621409085023441
4419,43.78327904549287,0.1239562803436417,0.040070489833043,0.0552044464193894
4420,43.71153424974116,0.1416271988996343,0.0528160480943681,0.0297859596629063
4421,44.84086896423067,0.140185445094039,0.0624186828119304,0.0230114149142524
4422,43.78774418697657,0.1220080867673432,0.0607883486246029,0.0402587343914254
4423,44.02671725409222,0.105237105351241,0.0505100665606185,0.0763998158537056
4424,49.67147760061968,0.1000578914701626,0.0,0.0067322961329701
4425,48.51320574064732,0.1173283905029307,0.0,0.0
4426,49.76783174998701,0.1084925358643769,0.0,0.0
4427,51.31904832653475,0.0983428956004949,0.0,0.0032741361173085
4428,49.352410938926624,0.1338829993351337,0.0,0.0050456803408873
4429,48.6009110821724,0.1283679085500073,0.0,0.008689155370176
4430,45.713592395606696,0.1235159519495975,0.0,0.0230398706046138
4431,45.065993812395504,0.0993083441270363,0.0,0.0471705194968634
4432,47.367742476515794,0.1234057069607917,0.0,0.0242858866474291
4433,49.705238150670944,0.1078703258912484,0.0,0.0
4434,48.912434247361965,0.0999314883375532,0.0,0.0
4435,48.777430937066754,0.1091526777767189,0.0,0.0103668164813622
4436,47.88033813585384,0.1155124316299517,0.0,0.0106686219590601
4437,45.5148463850715,0.124044560888508,0.0,0.0048044248002529
4438,43.8539887610622,0.0801493775397749,0.0,0.0
4439,42.01323137888351,0.0679605809755668,0.0,0.0
4440,41.489508290878575,0.0516497258806885,0.0179728589505109,0.0207563007818391
4441,44.67689416640372,0.0483664969765155,0.0396251605999971,0.0754078827661365
4442,44.83368535937063,0.0481869925489683,0.0465128128474272,0.0877632652739954
4443,44.54341816079821,0.0492486148116594,0.0430293181218516,0.0891904379257433
4444,45.220729937735776,0.0589730259354553,0.0524604565998713,0.0693094972547818
4445,46.06549385929083,0.0756957235717084,0.0921411975457254,0.0552486897418293
4446,45.56985717709948,0.06829948178041,0.1864159118106182,0.065990340261312
4447,44.39113260228066,0.1092800409522418,0.3030673632917096,0.0710319062733612
4448,43.496449497997,0.1224303601972199,0.0002215318329279,0.0761611573058444
4449,43.21126838921973,0.1154926353142034,0.0454075277998732,0.052221501263544
4450,43.20620425874306,0.1231064498059391,0.0026564000445073,0.0830131270568376
4451,43.97502057347835,0.1204775119253436,0.0185313566842326,0.0823633766941639
4452,43.45433269984744,0.1102443834044386,0.0048220231840468,0.0961239991494842
4453,44.63897409026636,0.0988491560821665,0.0003129119329115,0.0672771054571676
4454,45.418548211917646,0.092821214257134,0.0357328818126519,0.0400867595757561
4455,43.521618168759446,0.1190837807228203,0.0969804621686391,0.0305737334129662
4456,43.51057795924667,0.1024076228320097,0.0331609322924829,0.0171553658882931
4457,43.12813128929518,0.1176988875698866,0.107793513929525,0.003843645823032
4458,42.413194232784,0.1439753687347107,0.0686229432439901,0.0087861721911867
4459,42.68677771017367,0.1279806653607371,0.2459109654832534,0.0040945495694683
4460,42.28115342298047,0.144912467732193,0.20569534343886,0.008732716706557
4461,42.20018247484167,0.115867274084474,0.2933630108828468,0.0089359954078747
4462,42.180932990005545,0.1175148381499476,0.2858780622748099,0.0146825916733039
4463,42.10620371519111,0.162520962170566,0.1227067027664721,0.0212220726239846
4464,43.781382425289685,0.1280116204170064,0.1163745262471826,0.0152087119789146
4465,45.647255604344096,0.0867718421514409,0.1525185867439536,0.0154840245012639
4466,44.22024915762417,0.1271947226227125,0.1127345192945468,0.0394639150240443
4467,43.930525569242754,0.1463104888063465,0.0281889576188347,0.0161724634409357
4468,43.44158828723063,0.1387840146687165,0.0165296617453625,0.0377522837671829
4469,43.01746770351006,0.1136643698102053,0.0637661860780166,0.049904315756961
4470,41.93977734052886,0.1370911633416802,0.063707647315182,0.0348317102210345
4471,43.04924484500571,0.1230225105284105,0.0085784469667562,0.0307633163016589
4472,44.13241717900149,0.1187837060242111,0.0910759440321988,0.0408793799120234
4473,43.718195219299695,0.1177339510259261,0.0948054471110717,0.0311443638291111
4474,43.1261439282041,0.1246284360351557,0.0270066038939457,0.0176156992344083
4475,44.15211390375037,0.1427323002886283,0.0101194379810351,0.030976494952188
4476,43.87903415522415,0.1372975785042128,0.0467739585253404,0.0238301505536543
4477,42.38853704764193,0.1320323374559573,0.1515539268452098,0.0191649805734884
4478,42.38376335252482,0.1647654810657551,0.1585088851769333,0.023093376356808
4479,42.321437955202704,0.1570282037660138,0.1184182265002627,0.0138735166912564
4480,42.42538022646844,0.1284065675101515,0.0756414496256184,0.0183516912973377
4481,41.788592168695146,0.1582050178337586,0.0004109785054081,0.0198008567410014
4482,40.033223434052765,0.1332746742920177,0.021541330695294,0.0081735703860281
4483,40.0424506825005,0.2513856217547162,0.0,0.0047055259818094
4484,41.10519264518378,0.2252581628445146,0.0,0.0027134734033101
4485,38.84568523296736,0.2642804007938757,0.0,0.0033779924496157
4486,40.84686376525407,0.2410228677019791,0.0,0.002088619722939
4487,46.97737472287491,0.1087740889519326,0.0,0.0
4488,44.64004836714522,0.058625209472997,0.0035358744608066,0.0913823281099011
4489,44.18062606565128,0.0488118107344579,0.0,0.0834500376854157
4490,43.932480991439824,0.0520910728546155,0.0,0.0884907059705051
4491,44.1933810084281,0.0609577178993202,0.0,0.0828085884799251
4492,44.60520116865382,0.0559646585504445,0.0,0.0806125794591242
4493,45.41697173029162,0.055227007982931,0.0135928345043829,0.0772954281766963
4494,44.55237386145878,0.0589420545357594,0.0,0.074581086880397
4495,44.284259088960006,0.109991446959689,0.0,0.0373509220217404
4496,44.44670644310303,0.1128404704456883,0.0242194275721427,0.033836994752957
4497,44.11479474422508,0.0786714068925868,0.0113667528282841,0.0624818976668775
4498,43.96245560929908,0.079002016547689,0.0075610702840909,0.0774480695125322
4499,42.79107874656064,0.1305525822706028,0.0071290437303358,0.0721991605518658
4500,43.87472559477175,0.1272203504706916,0.0198966289325947,0.0668727324507665
4501,44.621471891721086,0.1185242944451675,0.0568829079402372,0.0499340768083746
4502,44.08212397697258,0.0994360000327362,0.0188501894852234,0.0629261132899372
4503,44.68633391238468,0.1039068184098535,0.0123680564819002,0.0603217417476679
4504,49.585397317859474,0.0939618022698065,0.0,0.0053861663922019
4505,48.93251321429421,0.0954681688066811,0.0,0.0004570781866764
4506,47.96080547290571,0.1121734892950272,0.0,0.021308433356391
4507,49.33753353098185,0.130688155601326,0.0,0.0240273245645701
4508,50.72818462557458,0.1394126032576836,0.0,0.0048202206604669
4509,48.61832283502395,0.1158419119214071,0.0,0.0335037774067945
4510,48.30700746314388,0.119928975328149,0.0,0.005783312550282
4511,48.7442373637156,0.1165512458026094,0.0,0.0120156182517974
4512,50.02487104675975,0.1097919676567206,0.0,0.001216557872011
4513,50.19661247052375,0.0977131714349397,0.0,0.0
4514,49.50774774776056,0.1149610270540011,0.0,0.0006555170222583
4515,48.14080918984894,0.1164763353884544,0.0,0.0176862492850592
4516,47.74707724893242,0.1257495460222973,0.0,0.0057000840967186
4517,46.0764649895185,0.1377450244826937,0.0,0.0101056973169165
4518,43.39265250894759,0.097792372932171,0.0,0.049785154166155
4519,42.57896990182609,0.0628664143442159,0.0014221835317136,0.0202933371385423
4520,43.239729693097615,0.0568254738531176,0.0296076898909602,0.0791135919239848
4521,44.67481199215096,0.0553441282600479,0.0306367459334632,0.0753525498889094
4522,44.93740533134896,0.0500662955610137,0.0437727035095674,0.0737969218086759
4523,44.94059459509925,0.0514032076839151,0.0892838683735962,0.0718026944959525
4524,45.20710841006312,0.0653179201722067,0.0803497919814311,0.0638329659017361
4525,45.09577959022955,0.0587685038865141,0.0526152053937592,0.0812498814221295
4526,45.29470596266516,0.0516419776113437,0.0417232651357268,0.0808316612154413
4527,44.92988927476172,0.0723842175030668,0.2723183652368739,0.0929663493692033
4528,43.77407761183958,0.1227386761626223,0.1945793006115704,0.0714822377463046
4529,43.70181062723496,0.1075778302756476,0.0190355001953784,0.0672067694016687
4530,43.27488530890903,0.1070541527032891,3.47455643608073e-05,0.0731500976924343
4531,43.297140166033984,0.1113768383400139,0.0,0.0997909455499574
4532,44.65058525244078,0.1164074360207321,0.0021031159189854,0.0375818128111229
4533,43.91968504332522,0.098193204221804,0.0033939628593639,0.0501386649107608
4534,44.094413820791566,0.094206425935933,0.0,0.0565089611968626
4535,43.24786254571119,0.1141721364391896,0.0524190241616843,0.0435236618056966
4536,45.6474837028636,0.1270661274709924,0.0574407277823614,0.0224782411513659
4537,45.91757921232712,0.0962505953929126,0.1221082480759065,0.0325385585374132
4538,43.25323137729289,0.1215371559947949,0.0548757895757923,0.0330106928333444
4539,42.95499289333021,0.1278192321657955,0.2165533482533692,0.022067654189487
4540,44.067162438037656,0.0942336284309269,0.0437884567676933,0.0436117739578015
4541,42.62284834223208,0.1303079864480908,0.2158539138151395,0.0240885979462652
4542,42.52856205626016,0.1214441741459367,0.2455673987463219,0.0221956478130461
4543,42.969036858483946,0.1210780101743253,0.2420917349033982,0.0449803404559504
4544,43.413461342006414,0.1309740222052494,0.1249556510155875,0.0340546490168941
4545,43.08179589427544,0.177844758132116,0.074139735615256,0.0129117192494541
4546,45.51467910825191,0.128223190583594,0.0470133284745106,0.0276260459956258
4547,47.259941342390455,0.0704553103312769,0.0168150273559496,0.0421796800261261
4548,46.38342130357945,0.0818303577392174,0.0383271409757792,0.0400346239664388
4549,46.36057888572493,0.0937821287604797,0.0697695659517362,0.036219285250672
4550,44.64072944361008,0.1176439180401403,0.0515856828313683,0.0247154477943892
4551,44.74898289189282,0.111057830658801,0.0361158829069954,0.0214866759941311
4552,43.689772172264696,0.1083585575263225,0.0792442156591983,0.0305198993719918
4553,43.142329926114506,0.1206005657170577,0.0983505212214493,0.0278310695145513
4554,43.02096304813942,0.1474043580240542,0.0557083300571149,0.0089865105101492
4555,42.0138054685611,0.1867861166161517,0.0297271389743146,0.0086281312801744
4556,42.43809659837196,0.1772360809586728,0.0284507832420008,0.0054129580873946
4557,43.66583376266179,0.1077053037150276,0.2514324348300309,0.0533906190724726
4558,41.00320576834473,0.1811116157784278,0.0430190551714525,0.016719722911993
4559,40.76469524288154,0.1960085301363491,0.0763721969026781,0.0203779977658903
4560,42.573955543065054,0.1386186323417216,0.199391548164816,0.0397304102228203
4561,44.757197640759536,0.1042925476933678,0.1291877285820305,0.0301717538978994
4562,39.470560988962674,0.1312297294785568,0.0144652416789293,0.0144089423017256
4563,39.93719510671139,0.2448411564808915,0.0,0.0045917525234119
4564,39.43139343812726,0.258928410579236,0.0,0.0
4565,38.18051595510856,0.2898047310565415,0.0,0.0
4566,41.015982136288976,0.2375570241579351,0.0,0.0
4567,44.26154523927188,0.1455467582437757,0.0,0.0
4568,44.63308702944264,0.0653798376602186,0.0126760008536482,0.0631225822805764
4569,43.661097360270944,0.0512636405875826,0.0,0.0771251877670694
4570,43.23341063691576,0.0802660512036633,0.0007952955828648,0.0702012659637029
4571,43.75793752111506,0.1000386064333453,0.0048620970573573,0.0567913723243396
4572,43.934582080838034,0.1092008861761823,0.0131454559357461,0.0549038946793788
4573,44.66310499677863,0.1018880365754929,0.0,0.0667855198238376
4574,44.59467735964825,0.102534140473716,0.0,0.0455674920707429
4575,44.60040981212454,0.1204050345583463,0.0016592279005024,0.0161383424779254
4576,43.558310225869306,0.1345557390163438,0.0186849016755804,0.0177141228496775
4577,44.19413151211621,0.078519679710432,0.0,0.0565774317711634
4578,44.66424785527,0.0791736669960683,0.0107467340249447,0.0717912282085839
4579,44.56605981875709,0.0969803141176219,0.0269350470964909,0.0619938183923107
4580,45.13152693588869,0.0877231491435996,0.0529217095610179,0.0584397966531874
4581,45.20212918057585,0.1103638454068158,0.1204910717972995,0.0167709549281071
4582,44.61557883701767,0.1123323746722762,0.0554091786332941,0.0357370108726115
4583,45.16421490311667,0.0911459217271493,0.0022495122564381,0.0606876302107531
4584,50.43767661478997,0.0886781204467825,0.0,0.0077175931297119
4585,48.4047356398949,0.1256348045873032,0.0,0.0064118009889401
4586,46.00590868581713,0.1674658887791325,0.0,0.0055243994480135
4587,46.83561140280008,0.1190481440223315,0.0,0.0447681556170029
4588,46.89252916827836,0.1286612014114737,0.0,0.054186364436197
4589,46.97753664481625,0.1195908185813961,0.0,0.0622981519561259
4590,48.97512497276571,0.1216581131292959,0.0,0.0264703819295836
4591,49.00583558059935,0.1230935339989799,0.0,0.0
4592,48.32515328701221,0.1287074526343429,0.0,0.0047129952568458
4593,49.347794592350574,0.1154172689059956,0.0,0.0
4594,48.97922849952053,0.1270900329305561,0.0,0.0
4595,47.90643984929633,0.115668059263544,0.0,0.0123572988314473
4596,46.64868293385188,0.1341982135483048,0.0,0.0172802148017286
4597,45.38962868093202,0.1399070648582913,0.0,0.0291147012824815
4598,45.43125471630838,0.1051499510536528,0.0008793285248235,0.0506988828483717
4599,40.295042872282096,0.0745016803859085,0.0,0.0508432690231373
4600,38.31348157655003,0.0442334161204533,0.0088866006301015,0.0249026830579514
4601,44.20892125321574,0.0568063367380053,0.0767445273128741,0.0896901619805346
4602,45.26246574448922,0.0553533069930515,0.0809470491503403,0.072510691084884
4603,45.25370966952041,0.0571160348254942,0.0763353484839699,0.0932743041834488
4604,46.0182028148622,0.0588369244654576,0.0530302037738992,0.0697286742231835
4605,44.95089063341069,0.0626271833731218,0.0905354974209182,0.0684003873030368
4606,45.00231940256528,0.0510824172882806,0.0921238532805352,0.0830357805284654
4607,45.23322267304127,0.0521566968122447,0.0382665882977355,0.0861033276213579
4608,45.74523054083908,0.0841156555423209,0.014318203317811,0.0663374030680164
4609,45.76872143534568,0.0900538456002412,0.131856301408808,0.0603024853050791
4610,44.84570365104352,0.0708103853196079,0.0252854281335567,0.0905384078242928
4611,44.76893419330407,0.076006039912946,0.0,0.0835859575994398
4612,43.48468513267967,0.1381287940706668,0.0,0.0322631636019662
4613,42.30626550224723,0.196868881603631,0.0088431375342195,0.0109573469194147
4614,43.18971863716914,0.1106068495596761,0.0025865311334372,0.0520958919984725
4615,43.71580268262444,0.0986583938032757,0.020645003508537,0.0275561996304899
4616,43.07772775980166,0.1327630649393197,0.0127461401327166,0.0270130822418131
4617,44.109736661225455,0.1101457728383672,0.0644845358090258,0.0363073078582576
4618,44.85370848757483,0.0932289291383475,0.0615129796546043,0.0390898838675904
4619,43.56078011486839,0.1086035171888235,0.0706962740892087,0.035595647490023
4620,43.36503600637032,0.1114868977587298,0.1674702918064448,0.029168813458269
4621,43.68311344185856,0.0934813510255764,0.1620537543465171,0.0424232510196803
4622,42.98883332753648,0.1148201136813404,0.2653640433618556,0.0404159248792899
4623,42.16940757161064,0.1484401268874689,0.1736681943821188,0.0339799240779017
4624,42.23409316140941,0.1263485607245028,0.2322416667913001,0.0348775591350153
4625,42.59192299706211,0.1248890487407543,0.2555628522826645,0.0239692952731003
4626,41.89209653687872,0.1622835787306206,0.126907512903829,0.007654978093836
4627,42.58854728720517,0.1257921861533143,0.2060361047470683,0.0271679810979691
4628,42.63498785678541,0.1240031851853992,0.0857431843873145,0.0452987379060128
4629,43.03062603110936,0.1230793149345005,0.0189807069221462,0.0546790788735567
4630,45.32317537123437,0.0922344537258521,0.057131227754858,0.0375284193397051
4631,46.35209797264278,0.0816889756060199,0.0503389743545486,0.0234551453240582
4632,44.6210817868717,0.091425006153666,0.0364766280970771,0.0214679305103452
4633,44.25576104080956,0.0949412035842695,0.1005157777931748,0.0454050888436081
4634,43.90234222383711,0.1181686923671365,0.1677885172886604,0.0425514366846938
4635,43.76936384335798,0.1066081448342483,0.2311780912724969,0.0366239126751562
4636,42.54909957749463,0.1494841577334264,0.0312160340974966,0.0338222822578515
4637,40.92032376950681,0.2064111238038866,0.0152019142143288,0.0035594603549466
4638,42.09882354591822,0.1529176952597994,0.1059573797646108,0.0407782722633975
4639,43.174225516230514,0.1493700519585629,0.0897471645772022,0.0351329633189304
4640,41.92815690309467,0.1574796765059001,0.0650962342135633,0.0398218682811462
4641,41.82277841410834,0.1631251419498363,0.1117887030446833,0.0324012966675344
4642,43.36489284626352,0.1337677276823003,0.1087460821061754,0.0197650645963371
4643,41.98099800860604,0.1370557235176233,0.0602397200741635,0.026720645633728
4644,40.71698702310614,0.1543589163426667,0.0,0.010219152893173
4645,40.32990510192929,0.217985507151603,0.0,0.006347640942484
4646,40.51337247602868,0.2332404311285712,0.0,0.0054175498039475
4647,41.79364325432582,0.2001905362910992,0.0,0.0120457180609611
4648,44.259307556507615,0.1308492447124976,0.0013771881798412,0.0300200609779867
4649,44.71434553329405,0.0713830959846805,0.0,0.055859808486331
4650,44.294617607425,0.0523793225120987,0.0,0.0658473359780079
4651,44.47780799323221,0.0570144866868407,0.0006827605694006,0.0674383293657364
4652,45.01327929853492,0.0630789726311123,0.0011640599419289,0.0757449712084312
4653,44.52350054996709,0.0913282552027218,0.0005672116944373,0.0497258478966643
4654,45.232221696301416,0.1349352765078081,0.004216065858113,0.0208945838353412
4655,44.79902064550809,0.0796650572725802,0.0012006625473132,0.0789302681211146
4656,45.51125507887121,0.0602869316886608,0.0,0.0471430395608644
4657,44.98592962164312,0.0959738809315195,0.0,0.0252407050559356
4658,44.341446818908736,0.0580152996447713,0.0002528620143108,0.0641764205986723
4659,44.33658509795341,0.0630852605605257,0.0119188540147612,0.0729265407469595
4660,45.59972488111693,0.0745206974596115,0.0173149389916622,0.0536141913069584
4661,45.56978119894679,0.0640721919017879,0.0686319642863815,0.0585572223853382
4662,44.56441652653968,0.0835977502287519,0.0079353851152692,0.0770209647534741
4663,43.25094385005783,0.0771270973593547,0.0010273146383298,0.0767695691456658
4664,44.96766406311618,0.0538887459839983,0.0014907946804593,0.0926223522403429
4665,49.1490841242204,0.1068323601976778,0.0,0.0076291429580287
4666,47.73420515736586,0.1262237295720878,0.0,0.0027476748014094
4667,49.63987310165825,0.0919187994024793,0.0,0.0096502819341197
4668,49.08743661215655,0.1038446416848393,0.0,9.679971598684168e-05
4669,48.87448570930995,0.1212291158287017,0.0,0.0013121574516571
4670,48.58928134050705,0.1188145078688026,0.0,0.0122019081844882
4671,48.463867754329975,0.1179736748020825,0.0,0.0096231477323576
4672,50.18620219128346,0.1008431093326087,0.0,0.0031620443013227
4673,51.12177928396485,0.0810585308881753,0.0,0.0
4674,50.24881548063798,0.0991936569213769,0.0,0.0047162427082874
4675,49.29301388047292,0.1176896549365993,0.0,0.0
4676,50.675182119305234,0.0986775471581122,0.0,0.0
4677,51.011005831369154,0.0854965907192577,0.0,0.0118122947319338
4678,48.45859907202468,0.1025454049786103,0.0,0.0077398142594944
4679,46.07128351428498,0.1170540109370278,0.0,0.0254672867271409
4680,43.561717630007294,0.1384108351120484,0.0,0.0341435569044117
4681,43.56163680642712,0.0775965963934416,0.0,0.0794582359167115
4682,44.72118258049334,0.0798107149289403,0.01945167605718,0.0577925168255218
4683,45.356330514355896,0.071873475334372,0.0683049856585749,0.0614696883400929
4684,44.49857281727871,0.0709644323657708,0.1042969114795585,0.0852818059940308
4685,46.10009158487977,0.0925716634097771,0.0692222931669983,0.0600827574567611
4686,43.5891501916211,0.0945491424932375,0.113880685496843,0.050447167433727
4687,43.30240454072789,0.0885513309901816,0.0470459943309556,0.0373141698154108
4688,45.44332148856039,0.0569104919366628,0.072427572047213,0.0831653111936741
4689,45.59663979339293,0.0758206145631677,0.0693932792366243,0.0544007077942717
4690,45.37294847908301,0.1001444825294092,0.0552341368794336,0.0642787679577267
4691,47.2389765368082,0.0778248888004621,0.0429356388499381,0.0539077043394844
4692,46.849516277687705,0.0587047369519292,0.0233642797041201,0.0764216585809101
4693,45.72569486416471,0.0523532343870484,0.0125240063480582,0.0691173356921264
4694,44.93209677397595,0.0680754219745384,0.0,0.0588309440787106
4695,43.59852426136322,0.0943394237138246,0.0117810615923001,0.0542600993363743
4696,44.16576835568421,0.0631069197404468,0.0010744051061407,0.0807944235084114
4697,43.81117442718524,0.1150520998725138,0.0688330650101318,0.0350885479616269
4698,44.1016673541272,0.106687600057071,0.0405624082430778,0.0387609591542287
4699,44.06286214705673,0.098585128832511,0.0616369162920117,0.0464633215539014
4700,43.523879822223485,0.121100916839275,0.0838927419551573,0.0386665981527846
4701,43.85041643037577,0.103370514943786,0.0986243546065971,0.0476921063164148
4702,43.5361444452957,0.1290204995243969,0.1782758055161363,0.0222292654269592
4703,42.72824751722721,0.150805898229227,0.2160555553205556,0.0271219014383036
4704,43.42450248182735,0.122785308452189,0.2105238719541532,0.0318321958615273
4705,42.57536353942398,0.1438335470464622,0.1830042633578341,0.0309081958386798
4706,41.68381353115964,0.172740723403265,0.1371248262446821,0.0230626375138435
4707,41.03643696300213,0.1965290053838785,0.0770462199944429,0.0047224921740579
4708,42.10563150592524,0.1729232705702987,0.0852700170363312,0.0054661413797481
4709,42.09809701837207,0.1319047732694386,0.2679975888060033,0.0185378101023976
4710,42.109393733350544,0.1426377497622703,0.1829692529097805,0.0325467013444751
4711,42.43150618639498,0.1478911409088732,0.0450315127935146,0.0093827218553102
4712,44.19254962886089,0.1274608012150857,0.0692681053116508,0.0076399554022681
4713,45.66936985472836,0.0732837428308034,0.0199982669216472,0.0403534154006954
4714,44.73314141640615,0.1130439595230609,0.0662981232961653,0.029567754866342
4715,44.533942139357926,0.0954129824773731,0.2659782239058365,0.0435713837466402
4716,43.54650888601065,0.1157108713811745,0.3692416221667776,0.0423515811339687
4717,42.28502825110655,0.1098526310748211,0.2830256803771172,0.0499936754243855
4718,40.66826767797793,0.2081253986111754,0.0226770180396015,0.0195749223064046
4719,42.041168224292285,0.146167804441849,0.0256210047820885,0.0474232967240017
4720,42.64988184778455,0.1390235319289378,0.0177064257070169,0.0387085291061134
4721,41.920211979356985,0.1714547514576179,0.0164569820262672,0.0262766869344774
4722,41.41123030627641,0.1549677669670027,0.2354829263914109,0.0272152044418002
4723,41.34957368999985,0.1385370501904279,0.0951845674298956,0.0513349003562017
4724,43.73200012267392,0.1092918330550956,0.0387543348387721,0.0275716196579551
4725,41.91328164270469,0.113322309269805,0.0011812263660151,0.0221990610230637
4726,44.44214846341829,0.1065622222096683,0.0,0.0013940894915622
4727,41.78392202249762,0.1713454858575577,0.0,0.0084146448854746
4728,42.0146275388676,0.1487520273866843,0.0121967571623373,0.0063671561609101
4729,42.69327722357057,0.144351009718666,0.0273274652932459,0.0048032858477997
4730,43.606503363704654,0.0846594501988348,0.0036292928420266,0.0631485162304444
4731,44.15289415448768,0.0543831814979437,0.0019888740674429,0.0809767011145485
4732,44.08676211223068,0.0518197992978827,0.0,0.0652226174105567
4733,43.94806294821935,0.0492738614585329,0.0,0.0657956481636964
4734,44.06330671933103,0.0475244397613764,0.0,0.0701111825780731
4735,44.30581357431464,0.055265428170915,0.0,0.0652797389929949
4736,44.22246596669184,0.0896100766059881,0.0,0.0385112963313249
4737,44.88864234786855,0.0651180063506805,0.0,0.0768543434315688
4738,45.17258700479995,0.0617586196159299,0.0,0.0748386492090298
4739,44.30539974824704,0.0760993037715,0.0109908346988122,0.0569312796053438
4740,45.226355076202935,0.0512804449621483,0.0095577230873102,0.0784352295175284
4741,46.71538069170133,0.0579963741494061,0.0722135479660009,0.0323905624481345
4742,47.6879263250871,0.0614496361406772,0.0835062870556955,0.0374326433598617
4743,47.20054221565688,0.084708137211999,0.0469304637846081,0.0406682355365347
4744,45.18527931313082,0.0715501684679626,0.0073821027410008,0.0716102132313263
4745,51.066465028982094,0.0749680466700143,0.0,0.0001474652640133
4746,50.4186071687394,0.0847092493106466,0.0,0.0077993614863122
4747,49.042171678497375,0.0966726786424024,0.0,0.0126043172005637
4748,48.7815889001512,0.0979743226352461,0.0,0.0073199354834073
4749,50.09086363087964,0.1038797369982226,0.0,0.0059619445500012
4750,49.03554531401254,0.1123928489910728,0.0,0.0044731622960022
4751,48.41400972307877,0.1185738400261254,0.0,0.013499046351088
4752,47.70803577324687,0.1340759141262232,0.0,0.0171296718841151
4753,49.243729523817926,0.0936122355468349,0.0,0.0099856734994096
4754,51.9999467296977,0.0764204848963099,0.0,0.0043309710287111
4755,50.93528046675449,0.0857493501757279,0.0,0.0037978153268601
4756,52.158855668608346,0.0817404622889103,0.0,0.0004560841614314
4757,49.11495614391758,0.1337322211820028,0.0032409146567723,0.0098151859283261
4758,48.61175513298549,0.1412181984547493,0.0,0.000231644621147
4759,50.1642818631533,0.098271882609064,0.0,0.0044977357906849
4760,50.1937648303174,0.0921820873079063,0.0,0.005713009809884
4761,47.24347466480543,0.1201105574170567,0.0,0.002409752846456
4762,45.29477004261325,0.1212947309916918,0.0009183369197877,0.0346466280409045
4763,44.47608739076039,0.0801573590928034,0.0,0.0785392656404579
4764,41.80082989966562,0.1680678742194617,0.0117211390884504,0.0392704125995959
4765,39.27529674934919,0.0776658111531766,0.0363689150034216,0.0329797162421698
4766,40.33348162082788,0.0467210208951373,0.0279484245058367,0.0403090660695821
4767,47.21203364207259,0.0646067629823909,0.0092366706103727,0.0181457047189685
4768,40.8833266956999,0.0642531764369521,0.0088271354719412,0.0184122799993905
4769,43.20640364243807,0.0856392731203295,0.0508958806932577,0.0489166307720429
4770,45.06604306688319,0.1193989592756621,0.0240021937576147,0.0226092803993653
4771,43.98368086745877,0.1199705017380431,0.0960294789368897,0.041860280365524
4772,44.92466571243013,0.113267421767805,0.0747662062206928,0.0609907556735814
4773,47.17798827686764,0.0739172331704792,0.0924404152733289,0.0514941454114698
4774,47.72346191711412,0.0694689991023966,0.0380032292416159,0.0545994856601397
4775,45.90842092705876,0.0648127659297377,0.0058230339138126,0.0857104244471837
4776,45.37378552390943,0.0583596166497317,0.0,0.0778048926831657
4777,43.85320797507396,0.091659378548434,0.0,0.05724277597268
4778,44.47517026591244,0.0536873223752142,0.0003556223881431,0.0858921228083331
4779,44.5272921449611,0.1031497980864218,0.0500461316795713,0.0341072635247271
4780,43.74553602323412,0.1052804480607326,0.0527452701212673,0.0436567441164066
4781,43.83437092162817,0.1255464723406018,0.1369120268453152,0.0287241968162836
4782,43.491272478912485,0.1265667917175588,0.1473019542892556,0.0257545285113686
4783,43.471212989002936,0.1217358031380825,0.3242590650403004,0.0288800415690003
4784,43.19138485309115,0.1339401993945258,0.1895254056108309,0.0303485026544006
4785,42.82949559048997,0.142609994468584,0.2125078704342282,0.0218072334687103
4786,42.66100587499431,0.1239573926916614,0.272944221206334,0.0486757920781522
4787,43.16177376616754,0.1206180823599962,0.2336553793107569,0.0344808938617533
4788,42.749730135346354,0.1388927320886483,0.229678399171883,0.0244970276618131
4789,41.65622166950892,0.1636499635270648,0.1206469345473062,0.0230595748266975
4790,42.38866025270429,0.1357865985544697,0.202501819869615,0.0166681492077989
4791,43.39493565064365,0.1140350918510629,0.2106683350999704,0.0430369298162207
4792,42.52723617016347,0.1643066526473603,0.0734779252709356,0.023863301250144
4793,44.02896967254344,0.1518939253890577,0.0140496645768112,0.0185167914172661
4794,45.92886079988303,0.0806539990630075,0.1804539650925148,0.0123172398930109
4795,44.90572009586127,0.0858643433538803,0.0879952399402811,0.061823461624995
4796,44.32556228290547,0.0889227314903588,0.0582905404737775,0.0659202424386517
4797,43.80265988107146,0.1143680252606907,0.1367193962416394,0.0524286983088664
4798,42.65933165989563,0.139863109857764,0.0835536611623618,0.0342267362083053
4799,40.36988423272763,0.2017730450869297,0.0072170199851867,0.0227489146856775
4800,36.835419229487215,0.2580653001318539,0.0,0.0
4801,41.772060570722935,0.1740761110506569,0.0272033339047899,0.0128687017629598
4802,43.56001209867084,0.1102409794300551,0.0431351888379872,0.0372258182982142
4803,43.151642384519,0.1077004280524111,0.0688940185311526,0.0367934285729165
4804,42.993192967288095,0.1084757847907303,0.3777065772146213,0.0627745078405375
4805,42.142259414283664,0.1231571953862452,0.0229077845557151,0.0526549292132647
4806,43.16709498914798,0.1246732764937677,0.0016564496121312,0.0184521458682719
4807,41.42995080260816,0.1511131988946746,0.040355201675201,0.0141612239102912
4808,35.76503766660289,0.1186060691158493,0.0043489392137978,0.004224821937388
4809,39.49728976042984,0.2115731881046005,0.0041608114897346,0.0002896679745665
4810,42.98470885764437,0.1682444484047798,0.0,0.0046354347970442
4811,42.962663595849286,0.1486492500143706,0.0025221412444356,0.0157587113934319
4812,43.6350479943511,0.0794133842406123,0.0087217440066182,0.0668180508786903
4813,44.25635037922029,0.1029973100653618,0.0007703754392062,0.037712350966986
4814,44.32101657858603,0.0607918704299978,0.0007063606816514,0.0449196252943811
4815,44.10935859402628,0.05555035534047,0.0034122929698463,0.0569587423041632
4816,44.14670361695661,0.0506186114180156,0.0,0.0732582876235291
4817,44.38132925276618,0.043508288326214,0.0,0.0804235003510656
4818,45.56145810388005,0.0462996269885871,0.0,0.0731761867499831
4819,45.85162848245071,0.0585639217775227,0.0,0.0606204342617186
4820,48.63477450401725,0.0937563289410908,0.0787331332148336,0.0130676739102859
4821,46.57769405930368,0.10364737155871,0.0313909102021182,0.0532657146842504
4822,48.72950814923355,0.0999390916541356,0.0,0.0128980634217894
4823,46.12705791125426,0.1016269392255576,0.0012236408372049,0.0460008963385226
4824,48.189058270405575,0.1163610813721368,0.0,0.0270487946843292
4825,50.576118393835856,0.0808470441361422,0.0,0.0032154384817606
4826,50.07598208140112,0.0896474975155036,0.0,0.0
4827,50.706156490733775,0.0861276485195939,0.0,0.0059056085103487
4828,49.943711964397565,0.0956594676985321,0.0,0.0052304328641009
4829,51.88875799801955,0.0797610752197801,0.0,0.0005340036080229
4830,52.11715264181077,0.0795208645357733,0.0,0.0
4831,50.381311191527,0.0984603372420032,0.0,0.0050633194425385
4832,50.44070823405184,0.1052820900470982,0.0,0.0
4833,50.23700887608691,0.1114339333924238,0.0,0.0046928911082204
4834,50.8026538195864,0.1114303024468211,0.0,0.0
4835,50.08194357053604,0.1007837042255488,0.0,0.0032012731777099
4836,48.44359612146028,0.1196916032639826,0.0,0.0151706963976295
4837,48.44339619993916,0.124574948591321,0.0,0.0067355766824015
4838,44.84997616776261,0.1208563829737651,0.0,0.0272742028576959
4839,42.80126465933196,0.094285197495098,0.0,0.0504113930523891
4840,40.72148463471246,0.1768004058829944,0.0094635019836826,0.0093705949442062
4841,38.4561432935721,0.0443385193811828,0.0064100231912066,0.007847607505878
4842,41.99790140717975,0.067357859818301,0.0108573580445562,0.0100303208481369
4843,44.21543360864192,0.1022709219547241,0.010966131945231,0.0316231815762643
4844,45.47547398702838,0.1093153814617494,0.038942346915569,0.0345358630756914
4845,43.06828800387572,0.1350686858184894,0.0686508401265438,0.0475472677849093
4846,43.76916271107756,0.1347413088066503,0.0883283473221786,0.0350153033294198
4847,44.712538728689694,0.1423276213302433,0.095270431167442,0.0326811253606617
4848,45.232084452672034,0.1454553905363121,0.0305923737624082,0.0413260245084036
4849,44.5161877218987,0.1037305917775308,0.0616652122397548,0.0593374287712049
4850,46.495542461019845,0.0885061509846254,0.0498635667570189,0.0730214162841651
4851,46.070320667132144,0.0803244486233851,0.0334241462254392,0.0638936873189744
4852,45.51892246026424,0.0595097754049393,0.0071643116897887,0.081389189921814
4853,44.82489075756788,0.0879336404729674,0.0,0.0688705527077825
4854,46.32493818148774,0.070288539609225,0.0,0.0326093432145129
4855,44.89946117323658,0.1042439312039155,0.0121202229222343,0.0347498888875081
4856,43.57943950559574,0.1353802697786353,0.0699520873826616,0.0373162262269015
4857,45.90003252917742,0.1208136615804552,0.107357385682554,0.0165308633650094
4858,44.93430849509238,0.151869699273492,0.1251474557177254,0.0105335044595555
4859,42.65180101043087,0.1503230571345652,0.2904541601356891,0.0219708688017053
4860,43.62828322255523,0.1236483491638549,0.1741866021898017,0.0290661319835925
4861,42.884296399095625,0.1414257850686464,0.284085289562142,0.0230256863757558
4862,42.09937692832767,0.1548103176037621,0.2318260701147912,0.0305938030981437
4863,42.144105539619375,0.142482678509201,0.1942754854037844,0.0523376357795062
4864,42.20834447058227,0.15659956742555,0.132052055095635,0.0416977486424051
4865,42.50960757972479,0.2005141053474723,0.0,0.003800355981876
4866,41.76512940817376,0.2171930632011704,0.0052939562352177,0.001603288510846
4867,42.446226215903366,0.143067903346632,0.1313632090972792,0.04444732728654
4868,45.12521472283535,0.1333253471055348,0.0360646011241741,0.0275843360191876
4869,45.45875583780282,0.1040817848865616,0.0779534732288769,0.0338775947993261
4870,44.4790576056378,0.0717005341329235,0.1639460855413043,0.0641989858692099
4871,44.11103936300224,0.0674205504089273,0.2057606954157286,0.072245819765464
4872,43.77332156410323,0.1111311291067469,0.0530153316635477,0.0397146429748488
4873,39.79406478404768,0.2369157587339003,0.0046937957845508,0.0092324480009039
4874,35.92188527374431,0.271600680475498,0.0,0.0
4875,36.32368130924783,0.2260808755414125,0.0,0.0
4876,36.50740040741737,0.251690935723925,0.0,0.0
4877,41.66751708067086,0.159488888648002,0.0,0.0182871411186013
4878,43.968268369757226,0.1229620331966426,0.0334788090824365,0.0122076864659887
4879,39.702774108171454,0.2213126243472343,0.0096931591032156,0.0074602264745387
4880,40.64777336099488,0.1864780472654054,0.0401728965341641,0.0234497538677492
4881,42.368424463560295,0.1418742469246784,0.0481835766880106,0.031945365618562
4882,43.27990198586991,0.1114085665901297,0.0097969840199977,0.0275673812890987
4883,42.13999538138777,0.133517704016438,0.0291233002880227,0.0208024801495179
4884,39.37513666204146,0.1999678901338974,0.0146682583329916,0.0
4885,35.951319052768135,0.1315118852536094,0.0,0.0
4886,41.74442713167651,0.159931975467761,0.0,0.0221944164697058
4887,43.66906885730126,0.068707647340076,0.0179468055676447,0.0604370314183717
4888,44.05330898746922,0.0997474513947241,0.0002656451202324,0.0454241307442634
4889,45.49913973886482,0.1276695184241299,0.0,0.0143030205705577
4890,44.33864356806115,0.0585911330665453,0.0,0.0589828091690309
4891,44.92008405477858,0.0623388304079992,0.0,0.0466597319581657
4892,44.806889561529054,0.0556829070066124,0.000306793248104,0.0678193500906614
4893,45.12931995558361,0.045121156421697,0.0,0.0751242964495848
4894,45.178436057657386,0.0496813066099114,0.0039833206757475,0.0748347759765254
4895,46.64294959126026,0.0526674969592493,0.0,0.0584423012613799
4896,48.01508075272507,0.0533072339573453,0.0008855868687528,0.0363550021199445
4897,47.52237820006769,0.1117871609102528,0.0002366585400923,0.0055756081947595
4898,48.21293839290772,0.1020273971225373,0.0022771621438974,0.0201903550503306
4899,46.36961785955189,0.1393292636633052,0.005605835249221,0.0172003387009026
4900,50.32621299860697,0.0784553596538667,0.0,0.0078479817807371
4901,50.60193844783903,0.0844561549525711,0.0,0.0040102938072568
4902,51.45146361115198,0.0828787075478836,0.0,0.0047195895817954
4903,50.78810980108841,0.0744768064468806,0.0,0.00025007059878
4904,51.86243630542644,0.081019677628569,0.0,0.0049807429745135
4905,52.44042223804176,0.0785618112151707,0.0,0.0022784602955732
4906,50.05046516848802,0.1006456403378198,0.0,0.0042960941119309
4907,44.50173241883272,0.213177176155486,0.0,0.0005103454818227
4908,47.52448236993423,0.1254144389137475,0.0,0.0067496912030364
4909,48.05956703272884,0.1085403559904431,0.0,0.0068438325775116
4910,50.64050096373708,0.0944665728333813,0.0,0.0049037535985012
4911,48.15896024229818,0.1243276647476589,0.0,0.0013142745478241
4912,48.87810062767997,0.0980899266556097,0.0,0.0098181479520273
4913,44.53124414929936,0.1090016936499062,0.0,0.0133739750255043
4914,39.58726119242101,0.0677892528603944,0.0,0.0145457151204516
4915,40.59137018388351,0.0844900002688678,0.0,0.0132627608536849
4916,41.955884846237126,0.0767473954283829,0.035021485402782,0.0381703483177
4917,44.40205333445021,0.0903210140910362,0.1127336563663247,0.0918251483785869
4918,44.71763002407052,0.1079728036907387,0.1092011082268991,0.089902341809592
4919,45.76682811678844,0.1486165449456966,0.0110224986675581,0.0178378486989401
4920,43.509274496538126,0.1388271947591642,0.0863912328520169,0.0493339583584306
4921,44.421657759102615,0.1162874440736628,0.0531571150468808,0.0443685229398609
4922,43.79147193848205,0.1387201134875017,0.0628223715722615,0.0362374548315113
4923,44.70725730907879,0.1663518595002247,0.0111982070516417,0.0296776747178784
4924,45.71854660477605,0.1404564190925157,0.0815786035181839,0.027847305575696
4925,45.07861652115556,0.1435428096459048,0.1071934502977608,0.026593810258813
4926,45.04029532343126,0.1163905703844889,0.1009379289312485,0.0703363764794113
4927,44.9221514652472,0.0797931331955277,0.0137686652136686,0.0819434009596127
4928,45.53415413473832,0.0937391477627311,0.0179506735391053,0.0695213966465402
4929,45.88555391802792,0.0935406868133068,0.0094714795033569,0.029033707719628
4930,45.82052295505789,0.0912084809153447,0.0350726448566958,0.0374700094174808
4931,42.73036441117088,0.1777120984188757,0.1140819316927921,0.0107753389621969
4932,45.00895184849118,0.1459116513555288,0.04015950367592,0.0116689855558964
4933,43.04889325451975,0.2114565105139246,0.0004487390907395,0.0001127541042871
4934,42.20716869774976,0.2150432220491944,0.0442716184858839,0.0045186573519421
4935,43.134208386014215,0.1355749706861913,0.1762832943527298,0.0289223958511833
4936,42.30816566057043,0.1424621023244665,0.2911392818221318,0.0218331174597949
4937,42.50709079076132,0.1605382219860806,0.2358728584428168,0.0185806025829639
4938,41.73774502771401,0.1807320279085986,0.0727692720528369,0.0131900901562937
4939,44.518723929750735,0.119252221436985,0.0125012943672297,0.0306698217797894
4940,45.59886733078903,0.1162182472437057,0.0,0.0323080072892656
4941,43.85336057761697,0.1506975715009457,0.081173914793199,0.0168556399177054
4942,45.04648235481949,0.0760293262355037,0.0100852182269926,0.0507539037260627
4943,47.28829016583989,0.0923933930747394,0.1019540322975182,0.008796648507496
4944,45.4084142683648,0.087523734560245,0.1226039222338572,0.0472323499661746
4945,45.29198247884631,0.0712200695917928,0.0930933865263923,0.0781826944793555
4946,46.75375528347773,0.0681990050350188,0.1782805691192663,0.0519393054095713
4947,46.624724457951125,0.0755605075576007,0.0145632309685343,0.0171795633742414
4948,45.88013424502317,0.0967776063199017,0.0969803626523393,0.0194293932224551
4949,44.14476660358137,0.1389146031272378,0.0730836664295427,0.0
4950,40.59162026600378,0.206221244772299,0.0,0.0
4951,40.48025515997391,0.2076954006799641,0.0063397839591917,0.0036876742496357
4952,44.44228181539789,0.1429703022039825,0.0033847249460669,0.0167567532896315
4953,43.91841824987643,0.1767104149259891,0.0,0.0182246160337078
4954,40.728559278440265,0.2079011807454701,0.0,0.0286311058090286
4955,42.68696058472808,0.1410703900632376,0.009410008334851,0.0431905576336325
4956,43.685794184506165,0.1113577958414457,0.0237174461922008,0.0312579772972834
4957,43.44346913477768,0.0863863089858831,0.0769250182218417,0.0506829595960654
4958,41.04656540596244,0.132238475613641,0.0199250618847464,0.0304128259423
4959,37.31882896564398,0.212255637916954,0.0,0.0
4960,37.87967165730599,0.231824638182128,0.0,0.0
4961,38.97683697031833,0.0874569543643067,0.0014387843311966,0.0210191478013383
4962,42.91782103298689,0.0623959336463073,0.0168748917396742,0.0683449679993318
4963,44.11628021996496,0.139027698636073,0.0201855765995473,0.0156394188329292
4964,43.727911202137264,0.155396604916399,0.0030143532250087,0.0046261483245957
4965,43.326962811189055,0.0589433946456357,0.0,0.0723133518747156
4966,44.84026135152379,0.0609270566907955,0.0015422669137297,0.0613502211862196
4967,45.11769731416925,0.0609380975713324,0.0,0.066865025931456
4968,45.32400117057824,0.0556133633525732,0.0006006126799212,0.0786941898012218
4969,44.76710828523135,0.0542066027228418,0.0,0.0807680017622329
4970,45.62405811629382,0.0527872246197214,0.0,0.0898354584595167
4971,47.425606705155865,0.0589006911307813,0.0,0.0481513986619095
4972,49.95671703702629,0.0834651309035666,0.0,0.0
4973,50.09258494675522,0.1117322368289747,0.0,0.0035746648292141
4974,50.93935946266336,0.0891545721817077,0.0,0.0113303633804058
4975,50.54680066091697,0.088967652071203,0.0,0.0043256783839247
4976,51.95498913579869,0.0780906931051819,0.0,0.0046653537174728
4977,51.35361020243834,0.0793232408659517,0.0,0.0024993210272268
4978,51.04881456613888,0.0806523122647848,0.0,0.0
4979,51.64815323020305,0.0786959001125598,0.0,0.00284945063074
4980,51.19976100948859,0.0819204107263703,0.0,0.0052789334334355
4981,47.55712968080095,0.1405545583213582,0.0,0.0035969192367128
4982,47.1839157117825,0.1227993978671338,0.0,0.0057179723198137
4983,47.86092124419909,0.1145080982513279,0.0,0.0045520381217489
4984,49.67067299304783,0.1143997959735478,0.0,0.0046126062453108
4985,48.86122783395515,0.124392960174429,0.0,0.0022871626021503
4986,47.360253047082765,0.1161496212844616,0.0,0.0116421191172832
4987,42.75005818472079,0.1089349953445368,0.0,0.0387516450066863
4988,43.439475937575125,0.1275419337719663,0.0,0.051656492473565
4989,43.85521823421247,0.1002796009654152,0.0073357077443599,0.0339262677028587
4990,44.8039451375565,0.1008012958848778,0.0276563559878,0.03208486038143
4991,44.655091948523406,0.0883875331808751,0.1920637994916209,0.0800145688971096
4992,45.74241199310004,0.1045292500865515,0.111873184143452,0.0682509457123327
4993,45.76169992974573,0.0998773414204687,0.0485476477663602,0.0621163096603807
4994,45.14129894676041,0.0760640552355017,0.1220180879846843,0.0812257234002594
4995,45.5940488567344,0.0732505202627789,0.1021784124574422,0.0748572470898519
4996,45.77126889362444,0.0815166899383811,0.0676265430116257,0.0611265863453281
4997,47.507418051176366,0.0986168769964891,0.0228889317023987,0.0312403794435113
4998,47.309884958004616,0.1626564472701422,0.0,0.014184749691888
4999,45.09789345020644,0.1530274933943743,0.0267083413466118,0.0177019839030345
5000,44.08134580927718,0.138216480924132,0.1181569942223614,0.0229820846683099
5001,44.43019591135955,0.1303167168761152,0.1279200093991152,0.0328330362353201
5002,44.18065992153796,0.1253750784955151,0.1721078616357052,0.0460489798533484
5003,45.22383886985632,0.1251320328648431,0.0221374994337957,0.0328014382321875
5004,44.33621368192604,0.1276065447889536,0.0,0.0043818292972081
5005,40.030012157351095,0.2081732706004082,0.0,0.0
5006,42.222934583018,0.1841536243238205,0.029033687063928,0.0088916630095653
5007,42.94162011435432,0.1821942327804352,0.0092294692769427,0.0042819656438253
5008,46.86444834720849,0.1522699672685143,0.0006278327694702,0.0050756991155291
5009,45.09356268411395,0.1363933054752921,0.1113679034853816,0.0165916546371468
5010,42.46016585835259,0.1485015231063295,0.1479656640967528,0.0192794462492858
5011,41.18723280482512,0.1794946002208554,0.1072700821655296,0.0206521444104585
5012,41.640209724676815,0.1682725627099938,0.0397505928110777,0.0051321769209498
5013,44.113675363559885,0.1413937885311603,0.0238705603259076,0.0179201144272888
5014,45.43885272255766,0.0894105035600063,0.0082330991567401,0.0546875576576206
5015,46.79106380611392,0.1018341451734439,0.0317161363776338,0.0273781432123263
5016,47.40147818405696,0.0845289005751352,0.0589066613101136,0.0080712712623071
5017,46.68218619312564,0.0781867294406544,0.0207757013026446,0.0305758891154558
5018,43.89993400668492,0.0977092079976501,0.1371464502674422,0.0893685633531174
5019,44.9971810195841,0.0880169594537098,0.0848925240104428,0.0799181123765599
5020,45.81337665170199,0.08459111314103,0.023587651608012,0.0550049776869262
5021,47.55664427124404,0.0875867356846559,0.0142096292686738,0.0160061590149921
5022,44.60147903697458,0.0938265185589027,0.0071671099472608,0.0127849752819303
5023,44.45294372720131,0.1030499286205128,0.0051220635245871,0.0040505118506501
5024,45.73866208457706,0.1105853616836549,0.0,0.0040405425251576
5025,46.59796978362946,0.1246146378654997,0.0,0.0105133112848982
5026,44.9490001348895,0.1159611891842305,0.0308678434561586,0.008361898200748
5027,44.33592207954708,0.1368159357204816,0.0004567470433388,0.031983401186486
5028,45.63216499732986,0.1033968560197965,0.0027033286623915,0.0335364332478355
5029,44.42060014012645,0.0682664080707135,0.056643554684429,0.0645677522603681
5030,44.448384940542056,0.0647967258049702,0.0682635399534616,0.0693880483234392
5031,43.63180486742339,0.0727417877582956,0.0915757954681136,0.0674612699075854
5032,39.22881753477009,0.2359479639299874,0.0001133404689881,0.0048482243620968
5033,40.67077065058134,0.226010006941547,0.0,0.0
5034,39.11675510284241,0.1355735602849577,0.0,0.0
5035,39.92363468105113,0.1078513974802743,0.0,0.0049933311551547
5036,42.87121494554134,0.0904622121216823,0.0192281832780524,0.0590572517401392
5037,45.04164806762047,0.1387154263850131,0.0024188610265087,0.0
5038,42.25328123699573,0.1928796271399336,0.011820093281041,0.0
5039,42.66191217737231,0.0826428581868085,0.0,0.0757566669112444
5040,45.04673492141092,0.0622674649928372,0.0,0.065487791400641
5041,46.43871240732801,0.0613329911312548,0.002539900614154,0.0427736427448507
5042,44.96678998577673,0.06982717410559,0.0076549448984771,0.0692416689448478
5043,44.96987293125301,0.0562940197730265,0.0,0.0904688482327121
5044,45.56791088068879,0.0587944821967865,0.0,0.0784483548188754
5045,51.7975273810534,0.1076463916686611,0.0,0.006379950414883
5046,49.42638679891342,0.1138088647635579,0.0,0.0201374992242386
5047,50.04113087470662,0.1078638750423501,0.0,0.0040105521088455
5048,51.28082075924547,0.0899115197628503,0.0,0.0019709399592983
5049,50.84116636964166,0.0981969198627445,0.0,0.0015777481275341
5050,50.41554379965668,0.1011807107460559,0.0,0.0057422757853429
5051,51.73442900795828,0.0909112514459701,0.0,0.0010809545372514
5052,52.9356915657873,0.0789501353120274,0.0,0.0012484051169627
5053,48.15481755494725,0.1214700689754041,0.0,0.0143415907588468
5054,46.551008509823696,0.1375134883092918,0.0,0.0312047755417147
5055,47.514864062390906,0.1264060198299723,0.0,0.0207872431388776
5056,48.16988103177589,0.1212226028231728,0.0,0.0022310769784592
5057,48.03888174812119,0.1105761340813561,0.0,0.0028033547325405
5058,45.36553796538825,0.1336786270005448,0.0,0.0304505802006687
5059,44.54782967582576,0.0970483899149737,0.0049581552261401,0.0842046752926337
5060,45.59603232258179,0.1036748481301255,0.0,0.0571632865578903
5061,45.9066921225551,0.1137397741331531,0.0302728823999747,0.0392030688386157
5062,44.85101725662973,0.1159929756132219,0.0555764899764317,0.045680139304488
5063,45.42596755888725,0.111627623805554,0.0429456576979707,0.0425875055286732
5064,45.26968080536747,0.108263917068608,0.1277787777115585,0.0800872643669614
5065,45.38772741746362,0.0745146835022062,0.1724668931886014,0.0869009361831004
5066,45.17465347123814,0.0677956607521674,0.1050515376145944,0.0804629572104866
5067,45.40681198152252,0.0720952882914636,0.1049301807250039,0.072514633256036
5068,44.95143319848902,0.0736942622045048,0.1135044799118381,0.0730769581839621
5069,45.33723822627261,0.0861931854802398,0.0744275108354158,0.0573403996082576
5070,47.31454916945557,0.1246752021714852,0.0090265258787296,0.0393163094061787
5071,44.17455792346192,0.0932454224356941,0.0217504789610948,0.0472883797158966
5072,43.75364842865486,0.1240877481982414,0.0405256100449826,0.0313458350864891
5073,44.26447276052366,0.1244201837811285,0.0686775089509854,0.0508506141425322
5074,44.88870152981355,0.1362483684213215,0.0270525383212619,0.0547861148379709
5075,44.53308640063803,0.1298076224877391,0.0078421338197879,0.0290979974532556
5076,42.27248006903405,0.2030993857173908,0.0103463524520193,0.0
5077,42.18920050083053,0.1796367091426792,0.0397817610954556,0.0209008652522372
5078,42.41741368513641,0.1353351807285203,0.073882439041098,0.0527180376398485
5079,44.30845277141301,0.1183108138810162,0.1693339833209901,0.0268022825799376
5080,44.27389609305412,0.131227645522002,0.0492505536341672,0.0129275475132544
5081,42.24901830151714,0.1374722382713169,0.1363508803007757,0.0401300967040824
5082,42.47193704286088,0.1623908172903491,0.1622010913829998,0.0374604870861772
5083,42.82630015707915,0.1321345801099515,0.1618917073667791,0.0233280960121656
5084,42.985640250546005,0.1564477210285409,0.0314117714786425,0.0149488861793468
5085,44.87743186970685,0.0951315720743865,0.0336850930693836,0.0427984816133929
5086,44.04564713884558,0.1359607588631635,0.035039121567548,0.0146918053430521
5087,46.08135024641963,0.1114072479887238,0.0658570389006091,0.0082953704349734
5088,46.87847098137406,0.0970962183195192,0.0554768164061603,0.0100842505949362
5089,44.35044063836675,0.0806557479994547,0.0211176339777916,0.0893984069386558
5090,43.69767655812635,0.1003986829988932,0.0323138381529543,0.0816644938685315
5091,44.05769355414588,0.0948074234163647,0.0203073114913852,0.0818768447242711
5092,43.48828840752149,0.0966316066073044,0.0368128725996156,0.1015682233944038
5093,46.5895049802101,0.1250502686040679,0.0018684894929552,0.0121394959495617
5094,47.64283420495087,0.0777793934394401,0.0009984177381219,0.0170761876401637
5095,46.03106384735189,0.0983628856723371,0.0038249714513251,0.0186714000991461
5096,45.56180607699269,0.1162726138684612,0.0226563849521744,0.0128823431232799
5097,45.4602529736833,0.1275356879908573,0.0207548021781472,0.0141543867366044
5098,45.15528854200956,0.1005945964581701,0.0423924210117655,0.0235334240229865
5099,44.115817437941786,0.0884235639381619,0.0429033727511532,0.0687521123741053
5100,43.2107561300808,0.0972855934519777,0.0358346621643464,0.0726911270146075
5101,41.4781755136216,0.1278145078239001,0.0171857047416705,0.0269083468390416
5102,43.63306457668004,0.1184380836112747,0.0615717163514903,0.0410139885326696
5103,43.372013264918216,0.1184824147526878,0.0674703813645378,0.0502874755045465
5104,43.681672533160686,0.1814050712449036,0.0,0.0
5105,42.91992360385193,0.133163932668642,0.0,0.0
5106,38.32817077296748,0.0688625826295306,0.0,0.0
5107,43.32654868075233,0.1522157681710534,0.0,0.0
5108,43.38574470998418,0.0886688683883034,0.0481962607147669,0.0524250940477211
5109,42.59437418856295,0.1179330742266174,0.0143068356954571,0.0380323919625604
5110,45.310281948071726,0.1269856622234346,0.0011489372885982,0.0
5111,43.26599349073031,0.0960270673978934,0.0007970610948195,0.0593832236542947
5112,44.23820075900129,0.054452702967766,0.0,0.0796102741245165
5113,45.42680250445663,0.0619167770297758,0.0,0.0586009409075025
5114,45.58420600320719,0.0666909231658176,0.0,0.064175589424154
5115,45.860806482015846,0.060268309760259,0.0,0.0801480112395467
5116,50.346647358868864,0.1127724891306583,0.0,0.0
5117,51.69825925114109,0.0981705436080152,0.0,0.0053627653902537
5118,52.737209534218486,0.0919328023425031,0.0,0.0
5119,50.99233906318585,0.099982898829673,0.0,0.0
5120,48.52611774581904,0.1193965653379013,0.0,0.0033533413479329
5121,50.71650510317157,0.0987073877833154,0.0,0.0040103300289857
5122,50.38663910806056,0.1034101206493381,0.0,0.0040103226866043
5123,48.203113044557256,0.1334132833070757,0.0,0.0137061572529681
5124,47.84811145575409,0.1119725720339469,0.0,0.0194640305167775
5125,46.359347223253046,0.1329374837198459,0.0,0.0219971222797405
5126,46.42674282330338,0.0887266271457589,0.0,0.0532229073794409
5127,46.457390981017376,0.1128392879892513,0.0,0.0367632448977687
5128,46.9694966532582,0.1296436808982182,0.0017486342734188,0.0134944923699899
5129,46.39583516275853,0.1292876529630319,0.0,0.030251145342446
5130,44.60659341533172,0.114590653918076,0.0,0.0714906972620926
5131,45.21350664825372,0.0931740573220553,0.0,0.0743596278320602
5132,46.61001777434976,0.0975707175331942,0.0,0.0562516662706514
5133,46.52468284836738,0.093849786959819,0.0205998805932472,0.0517061923574555
5134,45.90665593521621,0.1247182959764964,0.0626751523331492,0.047400644106459
5135,47.226417276818,0.1284173115665551,0.0132369357332721,0.0349825249577148
5136,45.945793506534265,0.1493990498397249,0.0637068901976782,0.060168704146028
5137,45.13998781514333,0.1035135692724788,0.1210345293982671,0.0748421547663617
5138,45.29772238657887,0.07622574507033,0.0733786624206401,0.0772230999661035
5139,46.12193313017438,0.0710151873134377,0.1252266272798768,0.0686333968124376
5140,46.0680703277382,0.0755433964013302,0.0813995046789393,0.0411865892936124
5141,46.63718130089888,0.0983749709291908,0.0177127426610321,0.0304451928361793
5142,46.77609470891379,0.1162672759390851,0.0200488523867261,0.0500405081532917
5143,49.035041982054366,0.1150923046620093,0.0130512559365035,0.0345447369054839
5144,47.10590361305608,0.1121162239613816,0.003542920860223,0.0382599471904545
5145,45.45249699371872,0.137580653643364,0.0343823245980719,0.0485700778593933
5146,44.93424498624358,0.1332353370711823,0.0517460734879177,0.0404028464460052
5147,43.9503499488606,0.1529100272668752,0.0208317243117714,0.0172285623003391
5148,43.50947556792831,0.1613555073606322,0.0350017095750801,0.0109286943188899
5149,43.01684562461859,0.151006944508478,0.1697887060100957,0.0397494419098184
5150,43.40579909855919,0.1238416937450211,0.1330915264936353,0.0503352299575745
5151,42.96838364270959,0.1377996400517341,0.0359015341943438,0.0230907886986796
5152,43.15912371461654,0.1115321697654697,0.0779977619764008,0.0408429580729564
5153,44.1236175041422,0.1217850928039612,0.1319435824621241,0.0333660351661034
5154,43.18788919905909,0.139756159386146,0.1292877926632464,0.0448187855341822
5155,42.99666280446233,0.1472413649099694,0.1853737183212268,0.0227579918743075
5156,43.77595241670067,0.1494278089691165,0.084237316879264,0.0229506874609428
5157,46.21076415185245,0.0818750217633661,0.0102674025410757,0.0447916889897009
5158,45.506782967514695,0.1308754404855737,0.0534786704545327,0.0039004431555159
5159,47.79381577562624,0.1058023776416391,0.0428902406641077,0.0094008782022255
5160,46.08241564898031,0.1084069835505286,0.0054202807724893,0.0254488715380156
5161,46.949661982285285,0.1031177902589073,0.029036080544431,0.029970184048431
5162,46.73110054466877,0.0730077740054244,0.0278182749354507,0.0401434362286238
5163,45.25705486734939,0.1013682648656552,0.034234938611377,0.0438626615705535
5164,44.48012947607707,0.1349224829826107,0.014247703461714,0.0231124858441936
5165,44.507767184535176,0.1417170833242351,0.0013475588707299,0.0188097255121657
5166,45.84987698622136,0.0790644234217556,0.0372451408113762,0.0626893589050681
5167,44.626386934806526,0.0549465337334383,0.0594013406887906,0.0914963623485781
5168,44.47346690704912,0.0878950459670758,0.04530567609232,0.0486775913725222
5169,44.70869328480631,0.1096279835668885,0.0586968230081204,0.0369927123866489
5170,45.40766516728147,0.1267042866600979,0.0401977922455982,0.0245890166084879
5171,43.62018743090889,0.107497719729634,0.0278231550541302,0.0526094535520505
5172,41.1840970850314,0.1814554467011763,0.0048584532849597,0.0086991353330671
5173,41.86684984230496,0.1482133013859884,0.0066752481960722,0.0
5174,45.776755648444286,0.0877783334961044,0.0816191431353726,0.0456219641595097
5175,43.02342925762942,0.1377836440454445,0.0197672046403433,0.0233247061479896
5176,43.51966306099648,0.1499559859328149,0.0,0.0
5177,39.09922928433856,0.0643315564026703,0.0,0.0
5178,44.66838392450592,0.1075658621927868,0.0,0.0
5179,40.90010399207001,0.1745531972560075,0.0,0.0011842407789722
5180,43.36516332013032,0.1270594718073763,0.0284832240628828,0.0329852685762871
5181,42.67420773518058,0.1078156993078701,0.0327867640289844,0.039852175463097
5182,43.63540281502317,0.1002964135516672,0.0127808374209056,0.0529495731481938
5183,43.58018585713759,0.0708607572358253,0.0,0.0555763088613792
5184,44.90826045709034,0.0663491301512474,0.0,0.0594661749103674
5185,45.09485320069771,0.0647189136638629,0.0,0.0636703526748983
5186,45.80207902185817,0.0747621393934491,0.0,0.0640306842884715
5187,52.53016833998734,0.0719874378366362,0.0,0.0037301809416216
5188,50.81141327595152,0.0949301803282032,0.0,0.0048310290999894
5189,52.60100248174659,0.0895730034882863,0.0,0.0062414366646117
5190,50.83734614426141,0.1086403558898934,0.0,0.0
5191,50.01549826139519,0.0993440247740864,0.0,0.0
5192,51.51908817489283,0.0865798966482005,0.0,0.0
5193,49.78315835069682,0.1067812555823437,0.0,0.0009398392028393
5194,48.70083546773535,0.1248076714961491,0.0,0.009709224491706
5195,46.19959878019591,0.1261384369098377,0.0,0.0339283356811942
5196,46.42622502788088,0.1248399150998615,0.0006819339403979,0.0155376580281505
5197,46.82446803884865,0.1192448951641287,0.0,0.0206289426854015
5198,46.50016666340751,0.1254045341287693,0.0952190223456466,0.0212636607694039
5199,45.98593562629641,0.0930696881812237,0.0,0.0507125312419328
5200,47.37257182673405,0.1156153977810384,0.0,0.0083867625192056
5201,47.633364688305086,0.1220885570226616,0.0,0.0414245891500798
5202,47.25316113751116,0.1140267580500162,0.0,0.0528026947728844
5203,48.80297024002733,0.1011499316033616,0.0,0.0166525828846268
5204,45.05215237537702,0.1004804582548485,0.0001973432571497,0.0107753019794137
5205,47.40976098980622,0.1294043126685287,0.0149834969184108,0.0139067044974982
5206,45.91515556041252,0.1625638996485009,0.0002135852870604,0.0058407234442781
5207,48.100971003309205,0.1362010271000352,0.000972935876482,0.0317666531889036
5208,47.32469385901659,0.1312740571695081,0.009129328197603,0.0584537518694823
5209,45.56568044820433,0.1171790714466046,0.0342007611310286,0.0599786739422818
5210,46.94519632295443,0.089711812443687,0.0731203122391441,0.0715288815498497
5211,49.04668621951333,0.1233925941848255,0.0052360958925232,0.0225973931435849
5212,47.85115129012314,0.1411851452755513,0.0009545718493457,0.0245446444877423
5213,47.01601011487818,0.1423372378012383,0.0023449388259661,0.0146404067238999
5214,46.84396368812344,0.1543415663319339,0.0,0.0190603929850817
5215,47.00091207419155,0.1001245691076132,0.0027940323008301,0.0403882785128161
5216,45.62622032129512,0.1132024336153019,0.0091220687314638,0.0301844421293889
5217,46.08426855565117,0.0963815544498385,0.0009589840493387,0.0588897813699136
5218,44.43330591024068,0.1061828667542264,0.0,0.0178038897865666
5219,44.15239626912895,0.1116523982033127,0.0,0.017911741792396
5220,43.96261899643003,0.1333493117468477,0.0078730339523036,0.0105658038469592
5221,44.14755043070983,0.135102311434843,0.0228944759811898,0.0265266702924933
5222,43.559091829030805,0.1300824745361423,0.0544747014675374,0.0514783593975846
5223,43.75666534520222,0.1025152624682503,0.1418873989767089,0.0519975457402768
5224,43.65624487060761,0.1336864464726766,0.0565961307998497,0.0327240428498367
5225,43.40680184632385,0.124189760277538,0.0992621676836555,0.0324570210883863
5226,44.593185556259975,0.1238477367179484,0.1741306458323456,0.0164190214309979
5227,45.39784495193409,0.1207127351621833,0.1359062823269634,0.022912932292037
5228,46.5488247424492,0.1043505450828724,0.0266949451534357,0.0268474703680912
5229,46.941982927888056,0.0752819364780762,0.1279191808670932,0.0025645564187276
5230,47.098622101867456,0.0732532459799177,0.0311020243417634,0.018693686579789
5231,50.726555246988816,0.0707259521493993,0.0,0.0058368883161259
5232,47.63339586491107,0.0821347106677319,0.0083836353018539,0.0439028687789134
5233,44.49062504810097,0.0870310470111711,0.006617334040444,0.0416174242533367
5234,41.8326610963138,0.1422852324546853,0.0023897187674198,0.0069518356345739
5235,43.66800677954347,0.191534148065338,0.0006567314601516,0.0037521109933616
5236,44.824199998053786,0.0771322726471493,0.030270927687032,0.0740834285267896
5237,44.89484267417884,0.0696442202194383,0.0075907968985666,0.0705373775029509
5238,44.40230966819068,0.0704437991207667,0.0337065717337742,0.0761928732870658
5239,43.82478477989133,0.0622380971381571,0.1176402418457045,0.0840201836154096
5240,44.65748328678048,0.0603615487668474,0.0559970940790787,0.0677510302827066
5241,44.841243258849545,0.0553373915326004,0.0318892254495331,0.0801630717692837
5242,43.69679694908345,0.0865523534246982,0.0328612419806923,0.0687979883328695
5243,41.53473193777009,0.1771930811528864,0.0286891014341677,0.0240411812994264
5244,43.660512915553234,0.1389101381145572,0.0532982620397843,0.021532186287448
5245,45.10361728410855,0.0922575319088706,0.1119915492638481,0.0554796152453404
5246,42.270975956284765,0.1854478208535213,0.0007563532396659,0.0043788116985058
5247,37.70318871443468,0.1070173145423923,0.0,0.0
5248,43.550598326317605,0.1227475979918766,0.0,0.0
5249,47.20188207219972,0.1082726703107495,0.0,0.0
5250,43.04464296254167,0.1589325996854968,0.0,0.0
5251,43.09786041033914,0.1529791806111397,0.0406332900309063,0.02047159491389
5252,42.723494016251934,0.1331288972328745,0.0119300192993671,0.0363356984363837
5253,52.643664289565855,0.0764604118804874,0.0,0.0030254846476252
5254,52.04527849177642,0.0881372385810961,0.0,0.0061662796010737
5255,51.98769039662424,0.1036425700727879,0.0,0.0104841769051322
5256,50.340920481185314,0.1120007476945524,0.0,0.0030706960438259
5257,50.65400144890522,0.0908735114289541,0.0,0.0040342981598451
5258,50.30202912628219,0.1054094907489166,0.0,0.0043821800926836
5259,50.173157280207896,0.0986185965743558,0.0,0.0033932416578473
5260,50.84501447118234,0.097724404910276,0.0,0.0
5261,50.05305908127795,0.1112067545456496,0.0,0.007240470179086
5262,50.81694974323277,0.0952126669364301,0.0,0.0
5263,49.945691438964765,0.108587427168156,0.0,0.0
5264,48.18563441981648,0.1332042577021391,0.0,0.0027393942540604
5265,47.54213649942267,0.1501213243353802,0.0,0.0091006983659488
5266,49.89331874362225,0.1147713439106389,0.0,0.0
5267,50.71533866619209,0.0961764428800574,0.0,0.0042681408163074
5268,51.216626619099536,0.0833686734468412,0.0,0.0091727663444292
5269,51.53862227784175,0.0776300235277844,0.0,0.0
5270,49.42943331167074,0.1023905259191742,0.0,0.0050521838459149
5271,49.37596361115177,0.0956419767456929,0.0,0.0
5272,49.27678436792675,0.1045833538169267,0.0,0.0
5273,48.85333679312508,0.1061928491083884,0.0,0.0110289466849654
5274,49.31900253814172,0.1300968560569685,0.0,0.0409590160340121
5275,49.88606396021836,0.1254033392919396,0.0,0.0462464684410055
5276,50.32720863705893,0.1230515649357593,0.0046769703198889,0.041340484350985
5277,49.17105020407663,0.1560642149191875,0.0,0.0151225912161753
5278,49.187124603613576,0.1478405346310809,0.0,0.0048188907874183
5279,46.46126598660753,0.1539609586538059,0.015779378746899,0.0275091432363703
5280,45.95150616175674,0.1391087982515954,0.0095533887034994,0.0401366961306804
5281,46.95239633369587,0.1040788127282783,0.016162711270412,0.0437889016408481
5282,45.77996429999074,0.111391803068277,0.0046184062511633,0.0500110119824572
5283,44.91612511352728,0.0881143331032165,0.0192709205142414,0.0809185853580929
5284,45.72244620592585,0.0906274628250264,0.0248229874632766,0.0682990907433473
5285,46.73876860989444,0.1419014746869207,0.0191348557027551,0.0107630678039075
5286,46.71485984348351,0.1086336433398678,0.1393272193487281,0.0097904586377645
5287,47.13608483964995,0.0832705178177179,0.1033924918737675,0.0319911484658907
5288,44.51316307680718,0.1295642610099886,0.1252810248695204,0.0304750596648743
5289,45.45545464997856,0.1250659227762243,0.0459685047757576,0.0155181423456676
5290,45.06937826286534,0.1436172856555113,0.0226128496039342,0.0139740439036315
5291,45.17686768797583,0.1148183777227186,0.0765330054681196,0.0255624508370854
5292,45.84343678422142,0.1042310971972563,0.0298630261278559,0.045333273365534
5293,46.91394657714463,0.0902443674160392,0.0336189852580843,0.0338206282835732
5294,46.96169500201971,0.0709253529565642,0.0486263893084539,0.036078674212892
5295,47.77010207109623,0.067021998224972,0.0260799418463725,0.0258355199368351
5296,46.86879017053478,0.067356572103267,0.021604095792403,0.0306192433362673
5297,48.72911680566049,0.0679711038869095,0.0134743216242988,0.0542734320482701
5298,46.61106731463862,0.0660816888290906,0.0130371791093315,0.0897139278162044
5299,46.673367470343,0.064162363374672,0.0461774633472909,0.0819532346692214
5300,39.66147339285192,0.0944629208927032,0.0151000558762039,0.0140381094924023
5301,41.60097208892649,0.1256065280917857,0.0075731178631043,0.0288379969827896
5302,44.43218342241484,0.0681474359802434,0.0106252211600682,0.0777462786313685
5303,44.713718335476976,0.0545578959852972,0.0056304405958357,0.0958437347345753
5304,45.35705641885168,0.0644346515600041,0.0180324553433804,0.061367492686108
5305,44.722367929670106,0.0563091060664848,0.1064176018929275,0.0805392712627011
5306,45.39121840653756,0.0669013655926164,0.1381556547161064,0.0523237348392884
5307,44.5558677045884,0.0555976849798773,0.0699656612777272,0.0790251027810035
5308,42.50178927606916,0.147294499046238,0.0203836303873584,0.0301221820426536
5309,38.09719255471358,0.2016675826451696,0.0,0.0
5310,37.83619224173848,0.1295205908132431,0.0074679051387729,0.0076375173541586
5311,40.72151665110692,0.1564881900272359,0.0197597452703478,0.0143382779368767
5312,40.94414448901715,0.1760936108038875,0.0,0.0
5313,40.42787095878599,0.0994496641554197,0.0,0.0
5314,47.19912434879413,0.1189484042524599,0.0,0.0
5315,47.76633875398492,0.1129026557455541,0.0,0.0
5316,43.29987585132134,0.1685334149372332,0.0,0.0
5317,43.07874330429885,0.1500082285022046,0.0341857714610482,0.0317671332890533
5318,43.61221197491294,0.1297457020062912,0.0181617892368885,0.0432753144049617
5319,44.58038490130424,0.0977442167021356,0.0306710783207183,0.0511975707058641
5320,52.7741285943224,0.0728792908230706,0.0,0.0037651910902948
5321,51.71973876158601,0.0778595849810219,0.0,0.0
5322,48.00565906784596,0.1172048938732012,0.0,0.0159503451981237
5323,47.39824647944143,0.1057065954198016,0.0,0.0491597677690518
5324,46.56262928904873,0.1411277403854673,0.0,0.0277097756386017
5325,48.64958634044614,0.1149297508203208,0.0,0.0069059568062192
5326,49.94007133161568,0.0982640406481408,0.0,0.0
5327,50.230497461058135,0.0958446161235141,0.0,0.0
5328,51.8643523896141,0.07982613181626,0.0,0.0
5329,50.804275915635294,0.1080400172873316,0.0,0.0047130664603699
5330,51.92143164459699,0.093074601167527,0.0,0.0
5331,50.10689910697553,0.1099163941659141,0.0,0.0
5332,48.22414080968274,0.1371648576179072,0.0,0.0023669351147922
5333,47.2565678156468,0.1529313540351722,0.0,0.0048984054061825
5334,48.53519559657955,0.135366286408427,0.0,0.0
5335,50.5490848417068,0.1081946798182539,0.0,0.0
5336,50.40785028445752,0.0963381795634586,0.0,0.0058972374080834
5337,50.359715500652825,0.0865452810162781,0.0,0.0005724247233259
5338,48.323826218781655,0.112585903755357,0.0,0.0046334038106944
5339,50.656416020096295,0.1101577112241753,0.0,0.0
5340,52.59958324448473,0.0898995324196907,0.0,0.0
5341,51.43617155362079,0.0965725857557724,0.0,0.0
5342,49.40909571262888,0.0980109829344388,0.0,0.0197681912460724
5343,50.90953246806987,0.1172368440782544,0.0195833843781294,0.0214245367377385
5344,49.00003173635161,0.156593875486513,0.0,0.0220327438691047
5345,49.28096429166782,0.1387820353271037,0.0,0.046532164358953
5346,46.79028129273149,0.1659350962643549,0.0012098782023867,0.0088022685499467
5347,46.24745336979343,0.140989163222112,0.0481972724808558,0.0174970671287944
5348,46.869597813972646,0.0864689470136704,0.0175640310043299,0.0496896337127233
5349,48.73088952191401,0.0857206866011987,0.1992665108765771,0.0068156667081978
5350,47.68345063085718,0.1356131104529711,0.0040777224576691,0.0201237163804581
5351,47.62447577880146,0.1195793647805623,0.0166117691039957,0.0343111757407917
5352,47.86260868078537,0.1015144372291413,0.0585100933338011,0.0249387916986042
5353,48.96448009265322,0.1118662931049692,0.0442893500283603,0.0271950746051135
5354,48.452367840974446,0.0943630312838597,0.0718482923244495,0.0260135758286354
5355,45.99216072654781,0.1034930713473502,0.1476503439023745,0.0224962069956123
5356,43.771357121224085,0.1603188310741695,0.1876016729435574,0.0064215413353482
5357,44.44611022928781,0.1587729326759276,0.0706530450994596,0.0040290671190405
5358,44.274097830624434,0.1486670465285035,0.0079182974020244,0.0132382193118672
5359,45.471604865522586,0.0914549608494105,0.0176281831464264,0.0472161676993656
5360,46.32961166855477,0.078558353589249,0.0176225353032851,0.033028838004033
5361,46.24783165097743,0.0647154987800136,0.0142845474916199,0.0622347455708872
5362,46.78985411285792,0.0598460438246874,0.0184000993745078,0.040224796763487
5363,47.57518685259083,0.0722376019704257,0.0137479460654929,0.0424209326314274
5364,46.28940918892307,0.0715352979103938,0.0583275556834025,0.0526187349884341
5365,47.33794139192633,0.0663979501374064,0.1024332033726826,0.0837387202126787
5366,50.19331428794984,0.0740995494540286,0.0194556624537451,0.0454036205114854
5367,48.20315295420855,0.0778926443515985,0.0997125700624981,0.0594086386206171
5368,47.3762485385277,0.0977654889749498,0.0389033017213553,0.0317408241391883
5369,40.90609487235269,0.1092210808081753,0.0131338670154702,0.0251566124377568
5370,44.09568035777527,0.0878440224081521,0.0048402541220331,0.0373755355409614
5371,44.68493354536184,0.0654014178178158,0.0039648824640267,0.0883605769983252
5372,44.96562420051651,0.0707011970696725,0.0232289614629963,0.0849897861413736
5373,44.3887122696688,0.0586661895923788,0.0216884030013875,0.0747704789522867
5374,45.32107567409402,0.0666037260070642,0.1182156223978873,0.0471487212168878
5375,44.26754056421815,0.0552157098318169,0.0838215439409178,0.0816770123497859
5376,42.28117700915181,0.14562884988328,0.0274808274766049,0.0333105355387778
5377,39.07939103071249,0.1682139021318356,0.0,0.0
5378,40.49297447478084,0.211419396443574,0.0,0.0
5379,41.06693219034592,0.2043113012765354,0.0,0.0
5380,38.59953183695917,0.1160618523187392,0.0,0.0
5381,42.3571613662737,0.1984040392849969,0.0,0.0
5382,42.243779114702974,0.2294425979460102,0.0,0.0
5383,44.19028063095256,0.1511834991693475,0.0,0.0
5384,43.60246471863441,0.1525088571651426,0.0,0.0090655504869917
5385,42.347837407160334,0.1376498950345779,0.0396102391616171,0.0428975837245338
5386,43.71092656432398,0.1173338880263626,0.0343067797545765,0.0301264382930785
5387,44.93031403583643,0.0984318936308396,0.0361364528962177,0.0372924339669971
5388,51.97963069634648,0.0699361522238956,0.0,0.0
5389,51.08656287244576,0.0822537623639497,0.0,0.0071458995282658
5390,48.83063976865028,0.1004321684612462,0.0,0.0043711280362144
5391,45.59293281484237,0.145437246442739,0.0,0.0195987998440539
5392,46.01281918249633,0.1365177130535711,0.0,0.0375542619367512
5393,46.8226966368006,0.148307010586305,0.0022469545942594,0.0213471573615366
5394,47.59841473820081,0.1462742958067527,0.0,0.0039310979328563
5395,49.46930577042225,0.1090498132865223,0.0,0.0
5396,50.74001672923969,0.0936713219471735,0.0,0.0
5397,52.847786785837656,0.071422275001757,0.0,0.0
5398,52.22942456958346,0.0901724708469224,0.0,0.0055416216002248
5399,52.32521269055583,0.0961067860418861,0.0,0.0
5400,49.98815096547448,0.1081032360415492,0.0,0.0054357869916941
5401,47.87286090733825,0.1185204326105165,0.0,0.0277182537589088
5402,49.97558679696726,0.1120403732882883,0.0,0.004750107687471
5403,44.909692755462935,0.1839413459142685,0.0,0.0
5404,48.78681423128331,0.1374790001548063,0.0,0.0
5405,49.65279974685213,0.1398278862641325,0.0,0.0
5406,50.38051427896493,0.0913989416243325,0.0,0.0
5407,49.87679292527199,0.1170679606539108,0.0,0.0045511332710051
5408,50.74310980910192,0.1071642824455819,0.0,0.0
5409,51.44254344935074,0.1038542063576055,0.0,0.0
5410,50.53466572927899,0.1128309493526996,0.0,0.0
5411,48.033546236979184,0.1271506970040293,0.0,0.0106596766159997
5412,49.70753634130072,0.1120336103916797,0.0119164998527976,0.0178798347085552
5413,48.95933859548016,0.1396992187721121,0.0043347802526306,0.0488365537150039
5414,47.14749091908929,0.1672297498270235,0.0,0.0498068255499333
5415,46.68235440945063,0.149497474581342,0.0296086086614699,0.0371799326775117
5416,45.92442580001557,0.1397023161514745,0.044381539785432,0.0230690973464671
5417,47.3205465077303,0.120939725222295,0.0363103923003736,0.0331822410849224
5418,48.165659867483,0.137661878195277,0.0144694595707218,0.0065272234740318
5419,48.17425513875039,0.1340246815046722,0.0006659710879818,0.0118074800801313
5420,47.33871932979968,0.1618421309397086,0.0241621423158562,0.0182735965132007
5421,47.69154055050671,0.1327798251162783,0.094940467637475,0.0088961401598442
5422,47.94313611648683,0.1138117001503585,0.1428630687930052,0.0105803671435009
5423,47.3173904574895,0.1075277136800921,0.0510652859748647,0.029363540938601
5424,46.50324714607229,0.1086832841174175,0.0508170592305963,0.0484216795466247
5425,44.29286398914228,0.1456684254743996,0.0576125601490522,0.0095832178157044
5426,42.066609438505495,0.1490567662874681,0.0030742671972388,0.0088868895307327
5427,43.73384022158488,0.1559074796214778,0.0117638628129384,0.0096821403299864
5428,45.75276535868885,0.1142573717074864,0.0271991901035572,0.0122177196276555
5429,48.306245863418674,0.090029755614619,0.1106600180107815,0.0069165231760109
5430,48.00907831900402,0.0636427698291976,0.1165355969919424,0.0171677256263931
5431,47.4908879583452,0.0533102227107377,0.0669212029562256,0.0287397497924309
5432,46.72074795650157,0.0645912276665834,0.0421698545317239,0.0422947009175951
5433,46.526779541880686,0.0764449808693286,0.1158708385689863,0.0410231504511557
5434,49.04309570972854,0.0726651207283442,0.1729990227867553,0.0226920819903531
5435,49.15474845763859,0.074720651866296,0.0513858178442572,0.0686534395857385
5436,48.50096114878527,0.0776433225746948,0.1698986470993074,0.051123726619008
5437,47.71776263637176,0.0914970997496954,0.033697359429796,0.0436104718904933
5438,44.76225882527535,0.1308969707731017,0.0174024321530068,0.0416832574940843
5439,43.39896885014041,0.1370075269156352,0.0041207164065546,0.0517694120078703
5440,43.72104503992839,0.0881539188924107,0.0161807745847292,0.0720842098970236
5441,43.980357790299664,0.0991589579475725,0.0162858883144067,0.0711656396009286
5442,44.03577927433778,0.0839688769561355,0.0268703786308375,0.0719111920450374
5443,45.41591691639766,0.0738372596650239,0.0440818391216319,0.0449466529407882
5444,44.94098409898383,0.0878437491289101,0.0507015212892041,0.0411197686587348
5445,43.47994994629666,0.144840328504032,0.022930854573911,0.0328603844898044
5446,41.95922416986962,0.1928117919086623,0.0,0.0
5447,43.773787949299496,0.1566266365125666,0.0,0.0
5448,41.60484166725705,0.2064512368279401,0.0,0.0
5449,39.6652464845782,0.1443632553347549,0.0,0.0
5450,42.52176782718147,0.11634272907366,0.0,0.0
5451,42.84646371494634,0.1963672904525518,0.0,0.0
5452,43.37954953975935,0.1575804539816258,0.0,0.0
5453,42.52172941357705,0.1878987197503634,0.0024786114358365,0.0152661668631876
5454,43.23469314400923,0.1112074187004714,0.0370616622687761,0.0483230691303459
5455,43.841709651491946,0.1144056364307356,0.0196693700639199,0.0419205699136492
5456,46.35334783547658,0.1250913771921561,0.0017250621015283,0.0084120008155279
5457,50.56988990264538,0.0786419222774147,0.0,0.0040976029179448
5458,49.45430500647883,0.0932015288062032,0.0,0.0022457230813208
5459,48.90230542414016,0.0919353959952473,0.0,0.0044833900991308
5460,47.36752643218203,0.1089807338938758,0.0,0.0315166588305819
5461,47.75535533216069,0.1298960630471346,0.0,0.0288134731989621
5462,49.01586794766883,0.1085281259969049,0.0,0.0040104390057054
5463,48.25276458369345,0.1171961256155323,0.0,0.0076657374028286
5464,49.89198142202826,0.1033906320121062,0.0,0.0055472738769521
5465,51.827586493086656,0.0922767177413257,0.0,0.0
5466,53.02426930536094,0.0777606908227469,0.0,0.0
5467,51.41470725561352,0.104988795383003,0.0,0.0104595126361373
5468,50.65354337282524,0.1216420435618721,0.0,0.0062734398567654
5469,51.41449169612415,0.0997158483144108,0.0,0.0048433646537292
5470,47.36758532604596,0.1719657434761837,0.0,0.0072029740691619
5471,48.11709984646077,0.1400168341898502,0.0,0.001548280736209
5472,46.48177378572887,0.1782369624901904,0.0,0.0031558951346936
5473,44.86881793352049,0.217121347759679,0.0,0.0
5474,46.82213683200955,0.1999378737706489,0.0,0.0033299161907946
5475,47.802207799611175,0.1494273316709234,0.0,0.0025176770535343
5476,47.85238196470029,0.1417556548808796,0.0,0.0029698192584048
5477,49.88298279614332,0.1269918414635262,0.0,0.0021654684405359
5478,50.78734807922146,0.1120963973295435,0.0,0.0
5479,49.31430042910209,0.1201135607285775,0.0055254691753225,0.0
5480,48.70599096762336,0.1016160963260475,0.0239873713695732,0.0
5481,49.477558939668505,0.1054489938307999,0.0116583116083821,0.0222939113318444
5482,48.24766695012536,0.1332473644729486,0.0177693620848432,0.0443193603157058
5483,46.36696232512077,0.1534110127504268,0.0641951846204102,0.0285995426938349
5484,46.84593414584616,0.1364316401623082,0.0290178957223931,0.0587777465248211
5485,45.86882428619355,0.1449158377425892,0.0338215343743386,0.0417768072908379
5486,47.343206419483806,0.1531173014332195,0.0,0.037928070035818
5487,46.80397322416048,0.1730276881480916,0.0,0.0055538159396291
5488,47.20922161976988,0.1401512763092143,0.0,0.0124598506266572
5489,47.61775075212823,0.143248410114459,0.0,0.0117860787698393
5490,47.90570852386834,0.1399602073978321,0.0590418300187435,0.0163762884696533
5491,48.15377534158092,0.1241438743349065,0.0041342086530906,0.0098413912504694
5492,48.73245139587954,0.1180702730121712,0.0041530578694266,0.0115733415753268
5493,44.74828100876354,0.1329687989577583,0.0309810080927601,0.0208461305559564
5494,41.42438719435039,0.1098156732883533,0.0,0.0028167382654344
5495,42.33034833869519,0.1197696484514526,0.0,0.0
5496,45.16709430890103,0.1187018862346084,0.1109898315436293,0.0071789359322391
5497,46.819053376022765,0.0803434416381033,0.0673313654187039,0.0348988006907763
5498,48.18739299545338,0.085077173470567,0.2383087073260551,0.0228127464910632
5499,45.7297816613488,0.0556810311375546,0.0323485536613487,0.0686892931658036
5500,46.47111323299056,0.064944646963999,0.0306180653246783,0.0437940102978635
5501,45.675142362702495,0.0652996705621227,0.041534742419254,0.041016744393716
5502,45.71622584020391,0.060010054798254,0.1109646031448114,0.0749211278793611
5503,46.48449570143203,0.0681038113567041,0.1339945774734546,0.0494830530570717
5504,49.00516248422334,0.080463217663827,0.186142182928917,0.0216118165561047
5505,46.884918096066855,0.0885108831850729,0.0757340231464717,0.047587362914646
5506,46.239432509095394,0.112757095726075,0.0273368896438124,0.0381268540480747
5507,45.0587227635209,0.1140782473972253,0.045087305040933,0.0453677077360687
5508,45.14962473004777,0.1106761924183727,0.0345012169337261,0.0502386299818439
5509,45.07259273066845,0.0966384402457491,0.0655488434806198,0.05167104590872
5510,45.28580567757047,0.0994698520610118,0.02864091900489,0.0456896131894042
5511,45.87471742700493,0.0788093043811017,0.0629344388040272,0.0335033503054189
5512,45.8834817470612,0.0749602380738588,0.016146984848161,0.0381368057697939
5513,45.43026534750042,0.1073777349751522,0.0012766373408052,0.0310138017323984
5514,43.09705204615071,0.1564114335300728,0.0176703254777602,0.0221045634240408
5515,42.15246205719513,0.1616681109903786,0.0,0.0
5516,42.781548582663135,0.1675529183368254,0.0,0.0
5517,41.28440681614111,0.2039707672687057,0.0,0.0
5518,40.1517259995549,0.2536318709941326,0.0,0.0
5519,39.10741997489149,0.1489062168939909,0.0,0.0
5520,42.46191204962382,0.1256039108217936,0.0,0.0
5521,41.890470761812914,0.1718271099240451,0.0,0.0
5522,48.1587052849043,0.1035504767529193,0.0,0.0
5523,46.57545260734551,0.1262363536253804,0.0,0.007414924781543
5524,47.816448693217055,0.1113397234978021,0.0,0.0040809075680948
5525,47.76333741857457,0.1222202233334411,0.0,0.0055256920877808
5526,48.81140780076623,0.0983100056755397,0.0,0.0
5527,48.185552212457615,0.1188341471214573,0.0,0.0091407527530365
5528,49.78213310508115,0.1056208136109954,0.0,0.0098789418148293
5529,52.48864418934071,0.0778828052117878,0.0,0.0
5530,52.76881776168566,0.0746151411626148,0.0,0.0
5531,52.98360509667499,0.0817993707248254,0.0,0.0045874647248036
5532,50.111220700931234,0.1284278152810144,0.0,0.00625488490959
5533,50.53706271000901,0.1119622227786247,0.0,0.0046461109422
5534,47.37831989787346,0.1554604329178833,0.0006787109463305,0.0110288991410387
5535,49.11515396799488,0.125214782295735,0.0,0.0025197253246591
5536,46.620825834856326,0.1744911776318386,0.0,0.004634993653524
5537,46.4896116449181,0.1844047145334923,0.0,0.0
5538,47.58815564175964,0.1798640143773398,0.0,0.0
5539,48.207379511812725,0.1429012674401991,0.0,0.001828317740319
5540,46.35475504300448,0.1632956688048128,0.0025370382940133,0.0054472329311729
5541,45.418232180782894,0.1607203720990596,0.055263179316617,0.0335458108743194
5542,48.1204909874481,0.1268317828413697,0.0617936423643681,0.0094302875897176
5543,48.126703158544615,0.1153999239628915,0.1110186696115697,0.0076764363317282
5544,49.39162907685002,0.1120240988578044,0.04275355639637,0.0019915581694396
5545,46.61616606209258,0.1234521207409001,0.0286325162055523,0.0197801785634353
5546,46.04289673130642,0.0986462879686905,0.0736084450514214,0.042664523260238
5547,48.90136544500837,0.1346973597738073,0.0236037769503019,0.0241331286756659
5548,49.53493014241694,0.1279694880367838,0.0003190759641457,0.0274649176830738
5549,48.016524853139366,0.1347450673752658,0.0,0.0139580127644389
5550,47.4418722709319,0.1458726658153781,0.0,0.0101882393509747
5551,48.44635951602268,0.1409505715781951,0.0,0.0333821982949335
5552,47.03762713431357,0.1386004936012913,0.0685470123476337,0.0205315062433669
5553,47.541964249273605,0.1507490394883994,0.0,0.0098982411337366
5554,48.92879076467875,0.1248142260515891,0.0037983486817758,0.0207030517995356
5555,49.38671378896422,0.1172828064555855,0.0046822354017663,0.0249923291155186
5556,45.25397012041055,0.1350326721916036,0.0133203890998294,0.0131297676561048
5557,42.36942596758869,0.1169747277392239,0.0,0.0007058213157148
5558,43.11444294330204,0.1195249689127304,0.0,0.0
5559,40.81161899804944,0.1750037341225264,0.0,0.0
5560,43.79071378789208,0.1294428189363764,0.0210839159070633,0.0221668407740937
5561,48.91183184621188,0.0969716168818206,0.2177435354895411,0.0038353414924411
5562,47.75496243299599,0.083104042387797,0.1308306318717211,0.0340785555190118
5563,45.540699755554094,0.0779895367762642,0.0476163899039716,0.0575877435158596
5564,47.063920289351245,0.0913594793333315,0.0608519254037583,0.0223275636597259
5565,45.47107293171218,0.0741200794708537,0.0408541559786334,0.0420349745744028
5566,45.4403316596126,0.0635124157252896,0.0164247737412485,0.0600698167096142
5567,47.66912425538539,0.0863812082026543,0.0174363332330246,0.029907995291485
5568,47.45455039780631,0.1097013502827716,0.0155826896656018,0.0308002372705412
5569,45.22970977871933,0.0912082565051662,0.025924160991554,0.050844345138212
5570,46.14079538783983,0.0899331336671259,0.0247166918554205,0.0559280320113498
5571,44.89388032112714,0.0745218248192963,0.0702757025903996,0.0843830269840564
5572,45.02250063542799,0.0753709499517389,0.0826938241969451,0.0742662076415565
5573,44.90426173767045,0.0879075712427969,0.0587037344976881,0.0584370111858365
5574,45.2412147188958,0.0723688680222717,0.0632928379843451,0.0645672836121585
5575,44.87390579843155,0.106049914746047,0.049355744454481,0.0681736302087794
5576,43.57873316020149,0.147808002918682,0.0092231121599061,0.0323885020359224
5577,43.34898951068848,0.1404014787292564,0.0116280448004657,0.0520391604925121
5578,43.5746023505749,0.1309667986890814,0.0369457305149931,0.0391715262730889
5579,43.29013838453045,0.1656139385642778,0.0,0.0
5580,43.15441580941644,0.1982684386378566,0.0,0.0
5581,41.79905411956808,0.219557185124,0.0,0.0
5582,39.75253468386296,0.2698339813872373,0.0,0.0
5583,42.59721078043738,0.2273153864786752,0.0,0.0
5584,38.18479709131528,0.1370248731171231,0.0,0.0
5585,46.9586290573847,0.1325822318058179,0.0,0.0047556800384516
5586,49.18889677576109,0.1071468841211082,0.0,0.008602176922939
5587,49.21983959320417,0.0952806225008965,0.0,0.0051950206262634
5588,48.67138572103288,0.1089099142218685,0.0,0.0043159585834182
5589,49.74980276433893,0.1007248309405644,0.0,0.0083469004864005
5590,51.11920056262759,0.096213309207492,0.0,0.0063273540989775
5591,53.10364533695152,0.0744379167956272,0.0,0.0070896260570061
5592,52.83266766031044,0.0738157419754111,0.0,4.012028748806024e-05
5593,49.4715033939186,0.1184115702525042,0.0,0.0180807192596398
5594,48.96407332826613,0.1118981714196838,0.0,0.012966744812706
5595,49.89145875540759,0.1052943043524639,0.0,0.0125993164908853
5596,47.95883448166087,0.161884204549227,0.0,0.0
5597,45.85812411229704,0.1687307933556855,0.0,0.0085718891619455
5598,49.60614945302936,0.1283500904767656,0.0,0.0087700253556666
5599,52.22717405742765,0.0988452697131052,0.0,0.0040215598086186
5600,49.95812824326199,0.1158745429901888,0.0,0.004446880280939
5601,49.00389400834716,0.1209592174249532,0.0,0.0040100989567577
5602,47.17355852318168,0.1286060028335562,0.0003340501503016,0.0039226785629693
5603,46.565831278720346,0.1172956364176282,0.0272296507887658,0.025652001186949
5604,46.64731895690899,0.1282479822982981,0.0306942573676778,0.0206303987119781
5605,46.81762514508426,0.0985273471603113,0.0630827563788993,0.0244135731378035
5606,48.009741940268434,0.107808377394546,0.0346114030938796,0.0297855053921824
5607,46.94284202959427,0.1393341310770022,0.0,0.0005538007840325
5608,47.77251803424129,0.1321941541680609,0.0,0.0318233361654912
5609,48.92274082133776,0.1292377394704152,0.0324848239922548,0.028632400598448
5610,47.79291033794546,0.1366726348489117,0.0209373714345205,0.0133175646060547
5611,47.29389526850186,0.1551106013860521,0.0,0.0433648545994277
5612,47.879433519241495,0.1518261711312026,0.0,0.0256072947366506
5613,48.31029291383929,0.1528763669817071,0.0,0.0482349032943675
5614,49.31034612747322,0.1207492796673698,0.0286404399058923,0.0154481470374761
5615,47.50152517904173,0.122593681542272,0.0057394930898301,0.0102229591035103
5616,47.00979090734388,0.1370532258214662,0.0,0.0104586031875639
5617,45.2089206054075,0.139801596386159,0.0,0.0123313741834274
5618,45.75491997708633,0.1130682613124904,0.0166688203627304,0.0049840318197381
5619,44.52293555704746,0.1202483063800523,0.0,0.0006045643961627
5620,44.190432011889605,0.1228423006597228,0.0011496177447488,0.0115156969966078
5621,45.506017320402016,0.117447468465137,0.0,0.0119904707297825
5622,46.69369457580196,0.1346092173763104,0.0,0.0023314178327501
5623,49.0071285833335,0.0967044191295368,0.1263254425126245,0.0
5624,49.43617558859979,0.0976039544136818,0.2022260861107626,0.0012792537975651
5625,48.862024064626645,0.1093037963635586,0.1511141463744625,0.0053691416244402
5626,46.4624238721706,0.1129970957815289,0.010369807117489,0.0119275160003705
5627,46.47983919665525,0.0922182576122902,0.0148723680392267,0.0229047174961707
5628,48.5958093879359,0.0980675244412066,0.0035083520736197,0.0092553901914179
5629,48.28870516148998,0.1121927303985427,0.0012301559842508,0.0118966717863364
5630,46.09677603630102,0.108562920625186,0.0367479506842723,0.0269080414649611
5631,46.72288436876454,0.0984546850560434,0.0073161070437841,0.0351608945021442
5632,45.16819460471936,0.0711211421092536,0.0577286431176114,0.0812722454220315
5633,45.26126052455356,0.0800831489063077,0.0435750646569198,0.0667444337865887
5634,43.391730367994185,0.1347327818261244,0.0302045002387327,0.0383184133251435
5635,44.58271215969072,0.0903434721049581,0.0350815439196475,0.0683882639867598
5636,43.87183001036201,0.1013004674427227,0.0268964761188883,0.0658748109738305
5637,42.893461518863006,0.1325693389258704,0.0187500025454073,0.0725121167539366
5638,42.92175838707178,0.1529735979948815,0.0084542309194938,0.0400156203988266
5639,44.82447880228588,0.1272807250614157,0.0176752156043453,0.0226191814421294
5640,44.27102638462798,0.1343009198992462,0.0263859021342106,0.035596107678529
5641,42.22905845942944,0.1827064683983446,0.0,0.0
5642,41.95537092501211,0.1841448063609741,0.0,0.0
5643,40.310783099466384,0.1533523871145622,0.0,0.0
5644,38.72223135062572,0.1647813613823799,0.0,0.0
5645,38.0891405197912,0.1573272203976135,0.0,0.0
5646,39.25322490888828,0.2062063875019224,0.0,0.0
5647,46.69318564597121,0.1040213019793562,0.0,0.0026719759107744
5648,46.099846505087534,0.1428279995533226,0.0,0.0194875161207545
5649,48.65579965086455,0.1172507307036069,0.0,0.0167672743427012
5650,48.683448640379645,0.0977635734386682,0.0,0.0310599217627806
5651,51.2281347754196,0.091883736165651,0.0,0.0049085213150138
5652,51.64962773258825,0.0831891669110746,0.0,0.0018228969455709
5653,52.73352219523815,0.0727044754129321,0.0,0.0
5654,52.87906948173938,0.0736257078996923,0.0,6.137113477214287e-05
5655,49.81317270639421,0.1180322043502352,0.0,0.0039725474310209
5656,47.6016718436336,0.1130489373845656,0.0,0.0387811772011673
5657,48.2299139576884,0.1115646440077218,0.0004672482822218,0.0339069415903473
5658,51.04220608272559,0.1008169174686703,0.0,0.0046490112403308
5659,50.31975225158273,0.0921314493571473,0.0,0.0
5660,43.466707503811406,0.1731274461377212,0.0,0.0
5661,48.956983510172215,0.14275176759372,0.0,0.0048366608120472
5662,53.00617522789081,0.094652036187154,0.0,0.0
5663,49.750043334545786,0.1341307326998422,0.0,0.0
5664,50.3764758721287,0.1056147786729715,0.0,0.0
5665,49.292782227718966,0.1202594701365708,0.0,0.0
5666,47.93559758982488,0.1407441056984363,0.0,0.0058587088851552
5667,46.92526400977183,0.1092502912520104,0.0,0.0144402657782019
5668,45.78883046195104,0.086782639111718,0.0,0.0411606202898248
5669,47.22396740295954,0.1108616139221634,0.0,0.0235597590390233
5670,46.03032666110376,0.1538225102535355,0.0,0.004362244080446
5671,46.45363607100936,0.1299107343403388,0.0004177499450925,0.0109795372555387
5672,48.663253023147874,0.1132601908269458,0.0,0.0606718734689104
5673,47.3535673076992,0.130493164951389,0.0,0.0430064466273581
5674,48.16087408218751,0.1374791238505606,0.0,0.0286564628268464
5675,47.65587335978559,0.1401785130690764,0.0,0.0521359051486346
5676,48.05957390570549,0.1351546606639268,0.0,0.0069489483625546
5677,48.31926322353471,0.1285398836415943,0.0,0.0095399052666295
5678,44.75888533407549,0.1469169270480729,0.0,0.0277105566691512
5679,44.28868572791272,0.1564358037088422,0.0,0.0332822974759962
5680,42.920760805434384,0.1866618655589275,0.0,0.0071883072345794
5681,45.96513290859419,0.1324176751897028,0.0,0.0
5682,46.0849722582512,0.1131493430826977,0.000717993265938,0.0118297711352848
5683,45.64623008942809,0.1121845801792827,0.0,0.0473548737006397
5684,46.98626258606775,0.1083361503755493,0.0,0.02452158047972
5685,46.80692716285017,0.1200043918511996,0.0,0.0061301500212627
5686,47.32431048692114,0.0975879815632834,0.0245034512659078,0.004022053654073
5687,48.4131770461956,0.118933418503495,0.0526041731879318,0.0063694509984274
5688,48.34731035159629,0.125071137730564,0.0095828555721291,0.0040413374916539
5689,47.06246032533564,0.1018652619970807,0.0,0.0327333930697151
5690,46.43361242857144,0.0880082067903824,0.0,0.0461112089291861
5691,48.31075306358915,0.1075724169184919,0.0,0.0072674331186362
5692,48.18102091260167,0.1109761811533673,0.0,0.0142751865135773
5693,45.276651799315474,0.1448236015248111,0.0,0.0221092160968689
5694,45.90862341242509,0.151786471449253,0.0,0.0260995045269013
5695,45.3495641503986,0.1047702286935182,0.0,0.0385200523692632
5696,45.67519510287168,0.0657546032676595,0.0,0.0547938387191755
5697,44.34907663395731,0.1178192756148372,0.0009714571482189,0.0385995158686855
5698,44.08683178441333,0.1172057057671773,0.0,0.0561143476330421
5699,43.64929610254931,0.1060711817846628,0.0,0.0581301645387303
5700,44.605308600010346,0.1325565532935867,0.0,0.0208444395905742
5701,45.57795657564796,0.1245085858207648,0.0,0.0150899526591949
5702,46.94384728468013,0.098537825339091,0.0,0.0004588384718615
5703,43.861303764723225,0.1585109257854529,0.0,0.0162018855946409
5704,41.67220644891928,0.1920485873338219,0.0,0.0
5705,40.011873560777126,0.1151048317578968,0.0001856498385312,0.0
5706,43.17824022559001,0.1595970028871488,0.0,0.0
5707,42.6923329826075,0.1859706934937061,0.0,0.0
5708,41.15286555743777,0.1938932523612586,0.0,0.0
5709,42.95178548754428,0.1056673993756776,0.0,0.0
5710,46.72961043956847,0.1143168281320483,0.0,0.0054169210765861
5711,47.34593773254006,0.1205960879768626,0.0,0.0091271832754295
5712,47.7243221950365,0.1025882522809172,0.0,0.0354503203913907
5713,49.80441805198729,0.0956568687038426,0.0,0.0084721271828981
5714,51.47433266738052,0.0951475490117449,0.0,0.0
5715,51.45362552241519,0.0884864534971875,0.0,0.0
5716,52.03739893878984,0.0802910814029762,0.0,0.0
5717,52.05054902387136,0.0819028213734741,0.0,0.0015488669378736
5718,49.62441746148865,0.1132390169981576,0.0,0.0087261979255098
5719,50.7935445712684,0.0963340226044949,0.0,0.0055207700413567
5720,50.35832387235194,0.099440492247095,0.0,0.0046969757693023
5721,50.20687869421701,0.1186697957377325,0.0,0.0046582954182202
5722,47.36537446523986,0.164378754846386,0.0,0.0
5723,45.32682498402436,0.1855016343739862,0.0,0.0
5724,44.77253116031715,0.1820999566319912,0.0,0.0030986088432312
5725,53.89204392363898,0.085017265270009,0.0,0.0021733559532703
5726,51.45695863956555,0.1101451943979161,0.0,0.0
5727,50.1731075844363,0.1165615331256122,0.0,0.0022652169923669
5728,48.06977826982724,0.1333055655852185,0.0,0.009194713587538
5729,47.77328493657311,0.1451609689924878,0.0,0.0035014548768934
5730,48.32139908538267,0.1095986330477115,0.0,0.024325944741395
5731,45.34318572877434,0.1424398903206388,0.0192678455586975,0.0230355420841189
5732,47.40165552755443,0.097307860559692,0.0,0.0211963990110507
5733,46.39944324416983,0.1407304153870867,0.0014754190271705,0.0
5734,46.663300782451735,0.1288541357380179,0.0219176237777949,0.0
5735,47.34659783306957,0.1362501843678764,0.0,0.031255090710528
5736,47.803207272056405,0.1575809807575149,0.0,0.0662014399051759
5737,47.00546799605461,0.143946011078445,0.0,0.014712271786848
5738,47.52270367278494,0.1221982841220952,0.0,0.01982734433256
5739,43.59434824577427,0.1633834635090423,0.0,0.0063852144758096
5740,44.31112698376594,0.1506498730550888,0.0,0.0060208498264535
5741,45.3013259471082,0.1200810242142301,0.0,0.0348890100059598
5742,45.846941356309074,0.088867797992448,0.0,0.0532706869992116
5743,45.21416665278032,0.1474216044089195,0.0,0.0270621224388961
5744,44.59863537010929,0.1675778664634667,0.0,0.0046210415731619
5745,44.76593554353538,0.1375322175520924,0.0,0.0189540845527817
5746,46.68053262697481,0.0887637985048443,0.0,0.0392986913609221
5747,47.61387001670256,0.1215729992207006,0.0,0.0
5748,47.08352151409182,0.1046862208993594,0.0,0.0
5749,47.088912233139375,0.0967342179386862,0.0,0.0019393318896296
5750,47.02420090381877,0.1152840317429479,0.0,0.0031859389174845
5751,46.72161461105448,0.1352142409271143,0.0,0.0
5752,48.10637955734248,0.0938217944234099,0.003897667681374,0.0113978579293028
5753,47.94383983071566,0.0985606839129878,0.0,0.0143714471074524
5754,47.67458740279408,0.1264173807094074,0.0,0.0011592414318183
5755,47.08594000745251,0.1210941500566099,0.0,0.0079198608638471
5756,45.49033669705839,0.1474012304203117,0.0,0.0155399367482154
5757,46.38475638073379,0.1370300884413219,0.0,0.0180563249141923
5758,45.95174864460583,0.1219540010580411,0.0,0.0243977541328545
5759,45.01489534870231,0.0886257900275099,0.0,0.0481767516089013
5760,43.41337659272742,0.1646668454854283,0.0,0.0236093433272422
5761,44.50519646990228,0.1677581963786696,0.0,0.0274268675065039
5762,44.42040285931319,0.146771257950709,0.0,0.0100458629992865
5763,45.50423012932482,0.1439972698550596,0.0,0.0118855678847883
5764,44.34747684785692,0.1397801100027464,0.0,0.0049751084092698
5765,46.780838887569175,0.099616784719763,0.0,0.0059719474624752
5766,42.443290055523406,0.2043715589904561,0.0,0.0025654779227412
5767,39.21818080464672,0.1601151410771704,0.0,0.0
5768,43.265549889793576,0.1693836554190633,0.0,0.0
5769,42.61333312076045,0.1855543381585697,0.0,0.0
5770,42.76481265923852,0.1627863199661959,0.0,0.0
5771,44.57706972084816,0.1405463968735004,0.0,0.0
5772,48.79817034037116,0.0968593809616333,0.0,0.0009885940655318
5773,48.6093844083572,0.100966153824687,0.0,0.0098757511816548
5774,49.53279221899344,0.0941787516095407,0.0,0.0038146627359912
5775,48.642963739532384,0.1156292929752486,0.0,0.0047427481260046
5776,49.51114130630163,0.1120462156346104,0.0,0.0034086255309356
5777,51.65157845913396,0.0921450886555764,0.0,0.0056301690732208
5778,51.3566055572543,0.084516080162988,0.0,0.0
5779,51.94585330119736,0.080498580380326,0.0,0.0
5780,51.75244465581967,0.0836792557533647,0.0025657233083483,0.0053174250143782
5781,50.60340143310232,0.1016900312126312,0.0,0.0045745714364735
5782,50.906955635418576,0.0969193408778224,0.0,0.0045519959806642
5783,49.73406413452776,0.0990701395801112,0.0,0.0046319881011031
5784,50.15469830493077,0.0939751137137481,0.0,0.0031466609775325
5785,50.93148683299732,0.1022738665607637,0.0,0.0039997629370573
5786,51.70283278972075,0.0927032459559849,0.0,0.0
5787,49.91412287074612,0.1105808329203632,0.0,0.0
5788,50.70878491247024,0.1082399649217859,0.0,0.0063612436089149
5789,49.42867729776353,0.1196706874554631,0.0,0.0040914571266929
5790,50.574927520429775,0.1066961862669692,0.0,0.0047932757546482
5791,49.46765724618569,0.1126745893949379,0.0,0.0012521957934658
5792,48.28909473068518,0.1502604024584974,0.0,0.0063237290379494
5793,48.41762268232464,0.1279916215897833,0.0,0.0190616916301796
5794,48.02137446583075,0.0984147666944679,0.0,0.0435117248059913
5795,47.68438224717831,0.0864091939884849,0.0,0.0536115599650693
5796,46.5121113335209,0.0959216907920499,0.0101622227745295,0.0464272148527718
5797,44.20665679702473,0.1325904815536916,0.0889263077761605,0.0234848464963677
5798,45.647971583327966,0.1243192347595534,0.1062239132948275,0.0196433509637742
5799,47.743857746849415,0.145320938141989,0.0,0.0689490019909776
5800,46.823757657035,0.1429147518910094,0.0,0.0365916366659033
5801,44.40924434316607,0.1444873018008007,0.0,0.0039480375077015
5802,43.70608957943532,0.0971455223374099,0.0,0.0022559785357431
5803,43.56795369684093,0.1261239751273209,0.0,0.0063364149600189
5804,44.33113472465247,0.1604903513439125,0.0,0.0104927798085157
5805,42.994866815708775,0.1847194166812582,0.0,0.0189720967417963
5806,42.70095093365223,0.1861119614029793,0.0,0.0079817780431171
5807,42.80149054182166,0.1185444854173558,0.0,0.0
5808,43.93868329788585,0.1465158287617607,0.0,0.005831374438566
5809,46.458817865036885,0.1059293988190212,0.0,0.0067638164550871
5810,46.19556940746791,0.1182759591446563,0.0,0.0040099784880835
5811,46.4006030806308,0.1018096191685504,0.0,0.005054634145771
5812,47.869250137651136,0.1060100902991997,0.0,0.0092681535377991
5813,47.16570064166617,0.0983734240086241,0.0,0.027701936505203
5814,47.58898324979142,0.0916455596799185,0.0,0.0276495179877572
5815,46.68665055711174,0.1074387674346259,0.0,0.0155399465776251
5816,46.56803317306964,0.1279720424508685,0.0,0.0039246878650499
5817,48.030272110757416,0.1287277888199225,0.0,0.006145610752456
5818,43.78953184586091,0.1408425629291878,0.0,0.0
5819,46.272780690276086,0.1556018155365083,0.0,0.0054037564496334
5820,47.05652203008464,0.1326574117035269,0.0,0.0215615121052828
5821,47.45052109471868,0.1387646153331571,0.0,0.0027953704229398
5822,46.10062677146169,0.1022905860012568,0.0,0.055404170909793
5823,45.77248337819468,0.1361964732260731,0.0,0.019323431738877
5824,45.87607836167512,0.1440662156164427,0.0,0.0070737764633683
5825,45.91542031255249,0.1381103912673536,0.0,0.0046615849428413
5826,44.16122078671425,0.1450728269631153,0.0,0.0095601456549824
5827,44.48773128611551,0.1347865009596155,0.0,0.001009543721549
5828,44.204458241313645,0.1719967023715781,0.0,0.0056051188965595
5829,39.607954463702576,0.1905424021104193,0.0,0.0
5830,42.560602076253154,0.1564735992416027,0.0,0.0
5831,43.11081983054848,0.1858268002970984,0.0,0.0
5832,42.92047976986432,0.1627244055283958,0.0,0.0
5833,48.92830450083897,0.0972380682027341,0.0,0.0064995486562198
5834,48.74230156675419,0.0981126466788822,0.0,0.0050858739051357
5835,49.59179795956915,0.1027780006939718,0.0,0.0054676530136991
5836,50.51338656941196,0.0988533283290721,0.0,0.0
5837,47.94129769697313,0.1273859889986188,0.0,0.0119198234589734
5838,49.22050022690326,0.1090092326527247,0.0,0.0053996272490424
5839,50.78926491534327,0.097352479955152,0.0,0.0033963557700128
5840,51.57102403419486,0.0901974393192953,0.0,0.0038795927919587
5841,50.590508821828735,0.089130926800979,0.0,0.0045689803104088
5842,51.42481924917094,0.0865269828308561,0.0,0.0022489519163348
5843,50.37266216359202,0.0871988876122407,0.0,0.0057133170043872
5844,51.18996430940505,0.0854205702185968,0.0,0.0018251246854121
5845,51.04900306879147,0.0925555951272467,0.0,0.0
5846,51.104899368446944,0.0863483315505082,0.0,0.0
5847,49.26488501402998,0.1050040804898736,0.0,0.0032039788115765
5848,49.74560445114993,0.1002682663189102,0.0,0.0077457537325922
5849,48.35353455766211,0.1080959833252694,0.0,0.013422572168528
5850,49.33343928172447,0.0994705321295652,0.0,0.0040105288931874
5851,47.74151456120984,0.1169318167581288,0.0,0.006030717757086
5852,49.52894786380316,0.119579851062916,0.0,0.0078154617611812
5853,47.84558935434123,0.0800226305736759,0.0,0.0525826713096359
5854,48.18711467356682,0.0917976688152712,0.0,0.0537403911334451
5855,48.29276241415887,0.0758854219734487,0.0,0.0562422436701785
5856,47.22411254893179,0.0962763873391727,0.0,0.0521295388828633
5857,46.09120584478948,0.119304098125407,0.0,0.0383576025492065
5858,46.79036872052343,0.1589434784396328,0.0,0.0047613800700225
5859,47.02724121245448,0.1223753806715619,0.0,0.0303250401007239
5860,46.07989336183197,0.1164352884630403,0.0,0.0023160748823725
5861,46.48506689119769,0.1192942628470522,0.0,7.063920158029744e-05
5862,46.28365854671224,0.090911366031055,0.0,0.0051074137511658
5863,45.41980266066226,0.1229793575767194,0.0,0.0244359206553539
5864,44.752680003948825,0.1405341264912254,0.0,0.0319320064833592
5865,45.30186191534812,0.1321094877923756,0.0,0.0088354911129567
5866,45.32850193076615,0.1142380405961579,0.0,0.0046531260712694
5867,43.49177987586695,0.1067210678917094,0.0,0.0
5868,46.61986768019732,0.0970993993957202,0.0,0.0050668950811833
5869,47.67765660992557,0.085629510855772,0.0,0.0
5870,45.85271188045611,0.099996124810317,0.0,0.0
5871,46.50551913723224,0.0945429785885603,0.0227425387137639,0.0036690204998894
5872,46.762717463916005,0.0982842223432098,0.0458243307936855,0.0138909708882116
5873,47.39881682581395,0.0967569167631535,0.0,0.0316763282280699
5874,46.91464300471191,0.0917665114593711,0.0,0.0427517795573331
5875,44.372382810352015,0.1733533478470466,0.0,0.005026462819935
5876,44.54483238424349,0.1886926764649868,0.0,0.0041412877326028
5877,46.07159975712215,0.1601695239527447,0.0,0.004990029420986
5878,46.48947766459209,0.1520307006360442,0.0,0.0055671710122762
5879,44.14653235931776,0.1852072036967064,0.0,0.0101655139466678
5880,42.69441974392656,0.2221615817806047,0.0,0.0069253327830289
5881,43.533162231306186,0.1805965762504416,0.0,0.0060394920555164
5882,45.04328829835498,0.1380946963509625,0.0,0.0102481757649919
5883,45.292194971357375,0.1332415262919205,0.0,0.0082711533325015
5884,46.1430255815476,0.1416416380190449,0.0,0.00876714909861
5885,44.62163179544137,0.1404453216900149,0.0,0.0040101822255224
5886,43.059343002391024,0.1589195199489411,0.0,0.0108511571278079
5887,43.362850207956605,0.1429284093325143,0.0,0.0046550937883215
5888,44.39479061848719,0.1498439924900189,0.0,0.0
5889,41.64344015020948,0.1157608188705235,0.0,0.0
5890,43.55105324433923,0.1829434299243729,0.0,0.0
5891,43.247405008346576,0.1613129422617877,0.0,0.0
5892,43.45943225343834,0.1569833310698556,0.0,0.0
5893,49.4579802004414,0.0876334557188807,0.0,0.0
5894,47.99436335003691,0.1039133424649828,0.0,0.0053312519703874
5895,49.69000388474594,0.0913868427721907,0.0,0.0083506836140681
5896,50.1998063005531,0.0939675522803941,0.0,0.005137933343085
5897,48.03992289518506,0.1087750593996755,0.0,0.0311009185048395
5898,47.10178073851685,0.1405249449377477,0.0,0.011061091792513
5899,49.46036708326276,0.1088512263203921,0.0,0.0008932871720365
5900,51.02942330266057,0.0887789257260894,0.0,0.0
5901,50.37610235857585,0.1025779409733741,0.0,0.0045985281390608
5902,51.02617988931793,0.0920731455559892,0.0,0.0
5903,51.0234120526994,0.0885381321288224,0.0,0.0045708608850025
5904,51.85618225186886,0.0855719885937471,0.0,0.0
5905,51.30472618578802,0.0833648439483701,0.0,0.0
5906,51.715298677686455,0.0932472034875959,0.0,0.0051755649843671
5907,50.34494382060056,0.0919128623770808,0.0,0.0021213795333335
5908,47.78043598286482,0.0993787235390151,0.0,0.0
5909,46.341302813464814,0.1310125947886367,0.0,0.0219205042955126
5910,47.29938550745196,0.1278668494883426,0.0,0.0005428172262919
5911,47.57522191646992,0.1363082704327842,0.0,0.0109461636210147
5912,47.80411232535045,0.1092035817482561,0.0,0.0313353202778182
5913,48.44300174039178,0.0712088126405531,0.0,0.0505455389681056
5914,47.62710526583081,0.081401624348851,0.0,0.0561291484842342
5915,47.47506660990101,0.1078085892344188,0.0,0.0440721076527371
5916,46.56656153487656,0.1007674705523517,0.1051288866665731,0.0550199059352115
5917,46.0144675621596,0.1148605800714854,0.0,0.0395026195022593
5918,44.54417243050145,0.1384172239484181,0.0,0.0192966893692328
5919,45.2880308312324,0.1543317330530653,0.0,0.0119256437291491
5920,47.78387360597738,0.1051947070281852,0.0,0.0092651801178771
5921,49.33833886306012,0.0921703313589575,0.0,0.0066660202883935
5922,48.25528557026724,0.1003668214679332,0.0,0.0
5923,46.53326992353684,0.1066522174769972,0.0,0.0038755457155413
5924,46.91150079214427,0.1234083121963308,0.0,0.0115672557888617
5925,46.531035154930855,0.1007215155993822,0.0,0.0013110157715329
5926,46.95779037901053,0.0852743248600902,0.0,0.0
5927,45.63077604492225,0.1174588795550177,0.0,0.0
5928,45.56712197482609,0.1355585045579845,0.0,0.0041824470157875
5929,47.78175194997506,0.1098923720127495,0.0,0.0040229504707015
5930,46.484565299945295,0.1148352697995857,0.0,0.008239995263578
5931,45.82308009292103,0.1282775976276007,0.0,0.014495701354008
5932,46.39320452802964,0.1302041226593382,0.0,0.0
5933,49.61893796372632,0.1017246819072421,0.0,0.0
5934,48.21266412414983,0.0878823139030831,0.0,0.0130143489697595
5935,46.35958173329983,0.1203580671230454,0.0,0.009445543770664
5936,47.422407743803085,0.1421225432054865,0.0,0.003909555399063
5937,47.73858361507634,0.1336763720244598,0.0,0.0
5938,47.28923795091976,0.1231495476735929,0.0,0.0011173284815402
5939,46.65917592100819,0.1155582282218307,0.0,0.029269706291073
5940,45.875166591917015,0.1649865706503779,0.0,0.0071322444467175
5941,46.4412211673172,0.1526421694576051,0.0,0.0044076575938009
5942,45.62769802575323,0.1555144793435761,0.0,0.0081301480594626
5943,46.08173420474745,0.1435394365753343,0.0,0.0045516540976593
5944,44.82419921063535,0.1399158964035766,0.0,0.0
5945,44.347342999000645,0.1139672082798401,0.0,0.0
5946,43.34582487713817,0.1513422512026024,0.0,0.0054619286184095
5947,42.56798836747869,0.1655273608871467,0.0,0.0
5948,41.30120167611054,0.1215656057044126,0.0,0.0
5949,49.38554131326671,0.0931811493283776,0.0,0.0044140005005312
5950,49.66823302885034,0.0938122189768931,0.0,0.0022303126352464
5951,50.216522802927344,0.0927878836492402,0.0,0.0045628835402359
5952,51.75596614865475,0.0860024090905074,0.0,0.0049546723635843
5953,49.91289740345862,0.1012532734648468,0.0,0.0
5954,47.50748543004457,0.1238751825073609,0.0,0.0045524729917353
5955,49.17859363594146,0.1081546885331624,0.0,0.0
5956,49.59816008551859,0.0846006456280141,0.0,0.0
5957,49.968846849686095,0.09383461594852,0.0,0.0018622850618481
5958,49.57637298782765,0.1269518775043593,0.0,0.0031504794564232
5959,49.52026434292074,0.0936426646137766,0.0,0.0045826213321121
5960,50.55362481351749,0.0980485573984221,0.0,0.0
5961,51.390819928199726,0.0776145486343701,0.0,0.0
5962,51.342258024919126,0.0940985359831432,0.0,0.0052593017401169
5963,50.15650305553709,0.081019595424943,0.0,0.0040101935736742
5964,47.17405624997732,0.0900797967609358,0.0,0.0040102195419737
5965,46.31876321899143,0.1056993086674853,0.0,0.0231650777334343
5966,45.76986209626083,0.1020081959376823,0.0,0.0596585723136117
5967,46.00448697238692,0.1319084423258728,0.0361829135922687,0.0344110919959853
5968,44.67340024235552,0.1666897234677917,1.2854561434374087e-06,0.0211961624869943
5969,47.02414094216517,0.1057449307580396,0.0,0.0498691642857017
5970,46.90503773598336,0.102631185982306,0.0,0.0409762467832067
5971,47.1133395947792,0.0985445584942395,0.0,0.054188520168915
5972,46.55220127713342,0.0965678279156614,0.0,0.0512860353933183
5973,44.710618309594125,0.1274390119106232,0.0,0.0127960648953733
5974,49.16781087663005,0.1047695594060955,0.0092083697012557,0.0001612707084133
5975,48.102108225046905,0.1061117734981969,0.0446894467612268,0.0127683509098478
5976,47.87202983258135,0.1059439861963146,0.0,0.0293096140866449
5977,48.4921146141128,0.0908769444893913,0.0,0.0334413767809354
5978,49.07578278644587,0.0924851679661873,0.0,0.0056201917266379
5979,45.4325155992174,0.123710528773871,0.0,0.002406745751389
5980,44.8829123124937,0.1399994249674174,0.0,0.0105619543136501
5981,45.53262594379633,0.1294468597970934,0.0,0.0069148522993762
5982,45.74563513534202,0.1298224183427981,0.0,0.0042958941950211
5983,44.53437839567013,0.1425122990831121,0.0,0.0041429365324164
5984,44.0999824128162,0.1735910955950869,0.0,0.0039867821701995
5985,46.73994480262117,0.130050484074715,0.0,0.0013673987546871
5986,46.514642773681175,0.1282250455698031,0.0,0.010169805529773
5987,47.217501653237655,0.1257037212928995,0.0,0.009861448821451
5988,45.70473150174155,0.1415919013877763,0.0,0.0170494190014841
5989,47.40936889175119,0.0848618752524994,0.0,0.0384788403351136
5990,45.97180910356841,0.1130091281026452,0.0159305236225246,0.0223602044688156
5991,47.20810573052994,0.1086900534563432,0.0024682136182454,0.0135013375491917
5992,49.57969829407108,0.0971062116526482,0.0,0.0040297963797843
5993,48.0234263164257,0.1067001985655851,0.0,0.011625180429995
5994,45.08732350435993,0.1270892474507694,0.0,0.0265493328108745
5995,44.46551963326936,0.1102049481207957,0.0016063352667278,0.0399463676582848
5996,45.16945758224769,0.1494141501218589,0.0,0.0195832895203681
5997,48.64191930282442,0.1103401699828223,0.0,0.007828059630712
5998,45.938141329303456,0.1333288939921073,0.0,0.0044178550866277
5999,44.30983919344921,0.14432616656622,0.0,0.008377523394987
6000,44.52752045427256,0.1223410934392799,0.0,0.0031519234622229
6001,42.646558930009554,0.1720684405899369,0.0,0.0067311858552703
6002,45.79910444019064,0.1168654981632431,0.0,0.0013461931184658
6003,42.31341352886888,0.1348449157531802,0.0,0.0
6004,50.94445800562407,0.0805836672680112,0.0,0.0
6005,48.87513547779308,0.1006971576646535,0.0,0.0010492079063723
6006,46.92268715993693,0.112863085526406,0.0,0.0184004797325804
6007,47.75947976289919,0.1012117500422104,0.0,0.0341949819569914
6008,48.961560702426766,0.099153046752708,0.0,0.0130045941252983
6009,50.71857463494248,0.0930446263317118,0.0,0.0013795684733648
6010,49.66779279841106,0.1035414501080338,0.0,0.0004578156103768
6011,49.42202644395024,0.1045504584682408,0.0,0.0086245158751544
6012,50.48333489729839,0.0945313138069535,0.0,0.0064752509985576
6013,48.87207512704212,0.089010905413541,0.0,0.0
6014,49.31753529208052,0.0951863921293477,0.0,0.0
6015,48.48577994508746,0.134090877285415,0.0,0.0051493426513737
6016,49.560402423262936,0.092061843822064,0.0,0.0003673436376268
6017,49.10187343218528,0.1171696502455169,0.0,0.0044850754783541
6018,51.086321490135305,0.088401448322574,0.0,0.0
6019,51.27475014098002,0.0925105969676511,0.0,0.0
6020,48.71887477537922,0.078029619004867,0.0,0.0
6021,48.49336264203575,0.07564850275966,0.0,0.0
6022,47.10639384996401,0.1116286824675855,0.0,0.023044026758651
6023,45.85450176843789,0.08114722709686,0.0015747164062349,0.0448271450808392
6024,45.60522112423956,0.0810765041539609,0.0175732325897164,0.0557975308683327
6025,45.18488427122274,0.0980643146830052,0.0,0.0624751080884302
6026,46.23885616110526,0.119936417200546,0.0,0.0462541991416501
6027,47.18541966862548,0.0821365175731625,0.0,0.0520724823447978
6028,47.07031976101299,0.0775412275249228,0.0,0.042966213317747
6029,46.89618823745607,0.1106017000605173,0.0067876000309792,0.0511135878800335
6030,48.08667833870842,0.1265847678557412,0.0,0.0203766778838373
6031,47.45461130532764,0.1293160232969119,0.1029011311150929,0.0
6032,46.71309532839681,0.1216728654553176,0.1332080581848418,0.0049728445846129
6033,46.00576246143939,0.0882843917293705,0.0,0.0370401250048993
6034,48.032218151905326,0.0796371793196557,0.0,0.0512112945861025
6035,47.23619462412727,0.0949928376887876,0.0004076105530028,0.0356223837658012
6036,46.13165549507859,0.1243629100253312,0.0,0.0162003496807968
6037,45.209727425197954,0.1250263638450682,0.0,0.022289462279287
6038,45.58540951787219,0.1170630135372069,0.0,0.0274651438554882
6039,45.07319991536244,0.1454156781451809,0.0,0.0020188361002915
6040,46.15671989974158,0.123605233331643,0.0,0.0052132129638668
6041,44.42376707200157,0.1490710114026888,0.0,0.0003070919678116
6042,45.51979578598922,0.1488383565772752,0.0,0.0146071978415189
6043,46.23509137183182,0.1313294599637953,0.0,0.0072755548509104
6044,46.422482730926376,0.104356248893778,0.0,0.0244384912957297
6045,46.55364070133283,0.0715848663742233,0.0,0.0451988032993243
6046,46.39795701854378,0.0802881751362736,0.0,0.0492885793028891
6047,45.48299061163744,0.1341794952668221,0.0,0.0155160047726261
6048,48.14934058491849,0.1139238892994604,0.0012489667857952,0.009431841724759
6049,48.61311347141762,0.0978884878163389,0.0,0.0
6050,48.12669559562454,0.1066347693933848,0.0,0.0031659728901637
6051,44.00658678155504,0.1709829065694212,0.0,0.0104206020439765
6052,43.914074241116055,0.149215750803504,0.0,0.004437711034637
6053,44.7806430189853,0.1664409033603237,0.0,0.004463530978713
6054,48.61094138936977,0.098693538798721,0.0,0.0109299098475566
6055,48.24445612034084,0.0970929980311903,0.0,0.0074112926528399
6056,45.48369155093427,0.1124757579814612,0.0,0.0139706260999799
6057,43.97409970370745,0.1348556873672043,0.0,0.0117401534544378
6058,43.678447108381626,0.1317459848258749,0.0,0.0060329246166987
6059,45.18639556840238,0.1278132775465377,0.0,0.0
6060,45.01706140907654,0.0875831712973788,0.0,0.0
6061,49.37254032190097,0.1045272445855724,0.0068860917143489,0.0040439254804374
6062,49.62030235408528,0.0985204487373345,0.0,0.0040102884809906
6063,47.039664472030616,0.1095924838595968,0.0,0.0258364066086545
6064,46.12920171418857,0.0968562654615865,0.0,0.041954813214414
6065,47.39364576867672,0.108325854264142,0.0,0.033609021874088
6066,50.27947480624827,0.091797088506694,0.0,0.000712130206311
6067,50.18829413687276,0.0991103657126931,0.0,0.0125422929804344
6068,47.34165765356457,0.1024244913064508,0.0007408674256161,0.0399194776951064
6069,48.47826260248623,0.1189685377745544,0.0,0.0096880066317831
6070,46.617091977321664,0.1352145653599707,0.0,0.0040103194319182
6071,49.37968545408132,0.1032826662420087,0.0,0.0040127657609522
6072,47.24437534588762,0.1348416943701728,0.0,0.0094667909226483
6073,46.57852280810623,0.1199056503787566,0.0,0.0276422506260737
6074,46.74851603561668,0.138022785525872,0.0,0.0018891830743256
6075,49.35435528910722,0.1156192950594457,0.0,0.0013451803753602
6076,51.52944041772389,0.0754615521171118,0.0,0.0
6077,50.44711292021032,0.0765531633650249,0.0,0.0
6078,49.53797097293112,0.0785676400527801,0.0,0.0
6079,46.971995928571694,0.1032149190396727,0.0,0.0141068756530018
6080,45.105772813695545,0.0959198928035961,0.0,0.0494156656387906
6081,45.32457130136101,0.093776293926769,0.0039705062897901,0.0481913353484994
6082,46.02142299600348,0.1008952411888786,0.0,0.0466542587524534
6083,47.16255852227514,0.1127874716142613,0.0,0.0340958867182046
6084,46.32710795985365,0.0816240408474078,0.0,0.057203153324942
6085,45.39561090404622,0.0824220062687745,0.0,0.1119512467626753
6086,46.49760974393322,0.0944176365540783,0.0,0.0809298542389386
6087,47.119144362352,0.0974080191663345,0.0,0.0280892645882975
6088,50.67865471100677,0.1042048316752304,0.000507978124938,0.0006895318498096
6089,48.86741930626868,0.1058869884789797,0.0,0.0330624600120107
6090,47.93944205710671,0.0794354556531711,0.0,0.0504494093833642
6091,47.90479861767569,0.0948259271990798,0.0,0.053617424075714
6092,48.74706680638059,0.1194404026801616,0.0,0.0114479724540754
6093,48.16531079047312,0.1113113478297471,0.0,0.0041358069112515
6094,46.82297406172235,0.1159678651601996,0.0,0.0277604466130959
6095,45.2714837000089,0.1262566580116684,0.0,0.0220920308756557
6096,45.54493795556422,0.1243218434492391,0.0,0.0149531941268367
6097,45.75919504931598,0.1304336231980223,0.0,0.0193495862647114
6098,45.88288798052255,0.1332520700549443,0.0,0.0119951980461389
6099,46.23314792620236,0.1159970134045617,0.0,0.0083594972042892
6100,46.01225177978127,0.1064078319790271,0.0,0.0
6101,48.36819491936212,0.0939074662734011,0.0,0.0045528803658992
6102,47.96478153187847,0.0922805360810592,0.0,0.0128569374663424
6103,47.60269159478313,0.0906130583611783,0.0,0.0203032438265609
6104,46.77457748418551,0.1211734448124077,0.0,0.0095995713018511
6105,46.71641233983648,0.1149714041321614,0.0,0.0165149655029748
6106,47.51219792633121,0.1237143954765753,0.0,0.0059399412072389
6107,47.118278435169145,0.1257501122986883,0.0,0.0030658297248546
6108,47.11482382629871,0.1324699742129537,0.0,0.0060354475503246
6109,44.5592721180241,0.167922135690242,0.0,0.0116079221313433
6110,43.69039363122178,0.1756720495742259,0.0,0.0037976513862097
6111,48.9590569277085,0.1003835096869749,0.0,0.0080328677331771
6112,47.3671666870452,0.1045123401892458,0.0,0.0214101716710833
6113,45.639854308936776,0.1295001395177972,0.0,0.0079198207048144
6114,45.39562015133479,0.1196971610745819,0.0,0.0174239290348454
6115,43.75993219249145,0.1399856039764875,0.0,0.0062610878558739
6116,45.33430125260819,0.1012015801332452,0.0,0.0
6117,47.29817241796231,0.0992419986865151,0.0,0.0
6118,49.21667116340471,0.1011008735321352,0.0,0.0
6119,47.97392499190504,0.1029600794562196,0.0,0.0027914820266687
6120,47.469965628018734,0.1138322065391575,0.0,0.0070859372919166
6121,47.6949107360437,0.1114804278816039,0.0,0.0078857634118207
6122,46.887896572794034,0.1362833667024193,0.0,0.0153175611915633
6123,47.36922528926078,0.1210670131253007,0.0,0.0091938359268312
6124,45.86358426742161,0.1381457884050715,0.0,0.014023076424887
6125,46.86724435984102,0.1221150124987075,0.0,0.0052800381647096
6126,45.53635517241474,0.1410845598373946,0.0,0.0
6127,47.99629537615681,0.1111567504135309,0.0,0.0
6128,46.41933825700091,0.1376153216418459,0.0,0.0119629561824742
6129,45.47074056164156,0.0995938990880761,0.0,0.0522275159533549
6130,45.542067442939846,0.1256765802789881,0.0,0.0353594549650176
6131,46.351845314311085,0.1150922663112082,0.0,0.0341860052637534
6132,48.43512777484643,0.1016914863606667,0.0,0.0015715448190504
6133,48.64821809393455,0.0907422149466224,0.0210102175187594,0.0044035198375798
6134,47.457506583987694,0.1027984921881007,0.0,0.0044011890593307
6135,46.407656732645634,0.1156840301110041,0.0,0.0096923852925485
6136,44.49453490834775,0.1347645294307735,0.0,0.023519639485295
6137,45.09734944377224,0.1238559793720732,0.0,0.0084623176210991
6138,44.91182997045888,0.141052758189619,0.0,0.0056815722688131
6139,45.22921122556646,0.1457979798359073,0.0,0.0064477413167291
6140,45.77295091200429,0.1237599540719794,0.0,0.056012428929989
6141,46.463437937621215,0.0873336012463413,0.0,0.1100002579057024
6142,47.24306848996167,0.0951226123234795,0.0,0.0380096402130556
6143,47.53939481966447,0.0770681967942977,0.0,0.0339820541673773
6144,48.96843183613264,0.1147141727242389,0.0,0.0051989543122533
6145,47.98447226281024,0.1282058253915368,0.0,0.0074163817214243
6146,47.51661649017731,0.1193795935633375,0.0,0.0295930091027262
6147,47.03219120322099,0.122343241079769,0.0,0.0271491879825867
6148,48.47441512235327,0.1013542458243922,0.0,0.0498223380460141
6149,49.53551062307404,0.0996155149510193,0.0,0.0169808305986311
6150,46.56909871439602,0.1193600899911798,0.0,0.0172400579533276
6151,45.1938207532541,0.1296303997743522,0.0,0.0179485526442361
6152,47.97536944408012,0.1087147127660581,0.0,0.0052009828479102
6153,47.57578101775426,0.1282678396252202,0.0,0.0076601453193799
6154,48.42763521311105,0.1249895602967998,0.0,0.0201275381064361
6155,47.228835021545954,0.1342335914612135,0.0,0.0164838454552349
6156,48.22282186611106,0.1087963506970847,0.0,0.0151606622313424
6157,48.267918939445,0.1108907167502296,0.0,0.0142986860079041
6158,47.60717674664702,0.1058969571360705,0.0,0.0084295561617455
6159,48.19500381756696,0.1119831801246028,0.0,0.0021110910909849
6160,47.84654228430434,0.109012849114848,0.0,0.016372501027438
6161,47.39787474701522,0.109505507121648,0.0,0.0017979120990734
6162,45.658800843501226,0.154351870296273,0.0,0.0033302033188684
6163,46.40077080697293,0.1342004150508023,0.0,0.0046770311819036
6164,45.928395665299306,0.1502546952038682,0.0,0.0
6165,46.3365372536841,0.1366502887209423,0.0,0.0
6166,46.44160807857964,0.1322198154259494,0.0,0.0050615727745462
6167,45.87167228695093,0.1455108442620067,0.0,0.0102834376809095
6168,45.99852067078426,0.1358158964425777,0.0,0.0090553396656371
6169,45.28119858381362,0.1318343342397469,0.0,0.0
6170,43.96699040755912,0.1214008002371792,0.0,0.0184493050467765
6171,43.28297871487112,0.1347749062329034,0.0,0.0108282242942747
6172,45.49485104409398,0.1043425329315639,0.0,0.0018541671136038
6173,47.140500653363205,0.1068863095617397,0.0,0.0
6174,49.91215282170069,0.0959364466417218,0.0,0.0
6175,49.64077573407479,0.1003663977129526,0.0,0.0
6176,47.931956573333046,0.121697016958272,0.0,0.0045533800540723
6177,47.78347984659455,0.1246291121732362,0.0,0.0009718878637038
6178,47.48441996467447,0.1161148542380521,0.0,0.0117243680801126
6179,48.2506155578356,0.1135044926432126,0.0,0.007762420637581
6180,48.74026484225191,0.113694792506404,0.0,0.0016232524834255
6181,48.309180276154336,0.1194213260871263,0.0,0.0
6182,49.41463001667176,0.0977473807514538,0.0,0.0
6183,49.34560412482349,0.0927879022301331,0.0,0.0026336409852247
6184,49.13865825006641,0.1036768274157981,0.0,0.0007821626798772
6185,49.21331168348431,0.0992081118441402,0.0,0.0038870996620654
6186,45.21441763059261,0.1300655768243142,0.0,0.0181245511405414
6187,46.41168793507297,0.0981284811573828,0.0,0.0228130676537411
6188,46.35912890588999,0.1269351781173827,0.0,0.0105704483164457
6189,47.92594298638554,0.0954427221320452,0.0,0.0
6190,47.82640123652291,0.0797116108635525,0.0,0.0
6191,48.14456006838339,0.0779850104343407,0.0,0.0
6192,46.52159525738348,0.109171121796829,0.0,0.0
6193,42.25770948102424,0.1587214974226092,0.0,0.0120845930076153
6194,44.08885368522569,0.1362715762866747,0.0,0.0055331675093258
6195,44.737235527995935,0.1692226186793064,0.0,0.0041923839185933
6196,45.76265986107923,0.149079674248658,0.0,0.0015009868674843
6197,48.12093435661378,0.1260361548736621,0.0,0.0292498096218181
6198,43.472910431241225,0.1228841197527517,0.0,0.0162126717981291
6199,45.737610356595226,0.0944511946384289,0.0,0.0393820248048273
6200,48.98163296357079,0.1123257648773251,0.0,0.0109085213706053
6201,48.19380489790098,0.0994391765489727,0.0,0.026437560883804
6202,47.83661827636909,0.1241048438527179,0.0,0.0230625578495421
6203,47.00161569419027,0.1456883559171447,0.0,0.0104297964660013
6204,46.241178741616906,0.1533001612069912,0.0,0.0071971191936435
6205,44.59166173532318,0.138856894361719,0.0006901215511545,0.0467730280294581
6206,46.62218507644525,0.0902875394472428,0.0,0.105195919753685
6207,47.839913112027936,0.1240176533037733,0.0,0.0074005294291483
6208,47.55204582091071,0.1240134806210715,0.0,0.0063459738247752
6209,47.75949686195351,0.1566470928088541,0.0,0.0129740717688217
6210,50.535201824846666,0.1232112076514585,0.0,0.0120329506620594
6211,49.77937426710233,0.1295914913160133,0.0,0.0151700226798467
6212,49.82038913259658,0.1216644307599432,0.0,0.0
6213,47.09475405717859,0.1615599952502302,0.0,0.0
6214,46.599282729602194,0.1218399528953257,0.0,0.0056945992970269
6215,47.98410958017551,0.0868380959787038,0.0,0.0256662165508957
6216,47.30480378969914,0.092995942737629,0.0,0.0371743716475322
6217,48.92186843744168,0.0932150173159908,0.1208255164668446,0.0057427666707491
6218,47.58314126546616,0.1284327811494089,0.0023228318086187,0.0
6219,47.349571485008255,0.1305755785341366,0.0,0.0003500562803787
6220,45.43839950883814,0.1408657103396703,0.0,0.0085808371847226
6221,46.12110415569561,0.1370251691897422,0.0,0.0007043967181948
6222,45.25530435706393,0.1396835587348913,0.0,0.0011505891539647
6223,43.55061013281527,0.1414379839333212,0.0,0.0068588638474496
6224,43.78112038658647,0.1511020769676985,0.0,0.0047104752218198
6225,45.139388521262426,0.1108333710432987,0.0,0.0
6226,45.58708432046809,0.0940070346075848,0.0,0.0
6227,44.149999534145806,0.1012436103418385,0.0,0.0049429776103253
6228,42.70238146425028,0.1137636475905513,0.0,0.00374134503565
6229,45.16853487113828,0.1141002934038099,0.0,0.002698309655039
6230,46.63310930230397,0.0955448728037791,0.0,0.0
6231,50.39583379681783,0.0882427014276612,0.0,0.0
6232,48.99677879955565,0.1020437450959493,0.0,0.0
6233,49.04820786843561,0.1067921777593533,0.0,0.0035841280952612
6234,47.65014728358688,0.1169135913809326,0.0,0.0201268924165136
6235,46.36039114755702,0.1105835512905925,0.0,0.0551545774697271
6236,48.29533083306453,0.1166488977458084,0.0,0.0149903406827519
6237,47.53803481823247,0.0959021343126665,0.0,0.0040114403109793
6238,48.63070566275783,0.1039845008837918,0.0,0.0040106067930692
6239,49.99429038989199,0.0947096767177618,0.0,0.0083118454677596
6240,49.01957161323653,0.1056479070629808,0.0,0.0173914897430329
6241,49.47770246910071,0.0898933529176164,0.0,0.0
6242,46.56015054457325,0.1073321918091389,0.0,0.0053545903800086
6243,45.38353862779855,0.113057293006377,0.0,0.0389962012379883
6244,45.20730051291099,0.1081677543044004,0.0011294230482078,0.0229371458641225
6245,46.7353086298892,0.1083449368495303,0.0,0.0081642911492756
6246,46.07109243940143,0.0990365929131441,0.0,0.0040102677049493
6247,44.90526701885632,0.126829729814577,0.0,0.004676115633316
6248,44.3311381678494,0.1294901112101757,0.0,0.0084694858276259
6249,44.05583090100271,0.1526837055211641,0.0,0.0074421729177739
6250,46.10516741719308,0.136459291346104,0.0,0.0
6251,47.46243147785021,0.1149641107003059,0.0,0.0045551093826243
6252,47.592977589021466,0.0975987602735499,0.0,0.0
6253,46.187492913479424,0.124756079555638,0.0,0.0249900741879472
6254,45.3911165957177,0.1598712397421275,0.0,0.0099129185660408
6255,44.9175294088877,0.1777508128478707,0.0,0.0165913772041546
6256,46.61661618764444,0.1502466848494086,0.0,0.0154118107271409
6257,46.812843558686055,0.113014507443657,0.0001397637298528,0.0360794717064276
6258,48.73224036199781,0.1013032895199263,0.0,0.0173276881287024
6259,47.74463641493283,0.1286349884745028,0.0,0.0105807831096146
6260,46.84511292995846,0.1407939626781154,0.0,0.012852403656756
6261,45.2637845726883,0.1549761735724709,0.0,0.0191131375985856
6262,46.906698332350565,0.124868105742159,0.0,0.0299331408222782
6263,48.96177331253829,0.1141131945736007,0.0,0.001062542436305
6264,47.578491127478586,0.1399078565288014,0.0,0.0107832034856744
6265,46.84765100859713,0.1423136568150975,0.0,0.0189801447562713
6266,49.88437230606392,0.1053011712987247,0.0,0.0095636629456599
6267,49.41241359884017,0.1199192330819242,0.0,0.0177243677419797
6268,47.815734015451206,0.141601562554766,0.0,0.0
6269,49.43005255344145,0.1169275769375671,0.0,0.0
6270,49.47022606504556,0.102404965793777,0.0,0.0
6271,48.04191750687111,0.0998878047040378,0.0,0.0167645787817292
6272,48.151118238035,0.1053963790473206,0.000388146907001,0.0128165278698344
6273,47.42825931655385,0.112340269524426,0.0,0.0071372379584134
6274,47.37083610597527,0.1106406685778271,0.0,0.0
6275,45.28367710862721,0.1586494268612976,0.0,0.0041381625259789
6276,45.57821037928446,0.1447373169802612,0.0,0.0006060975950814
6277,46.03401949154179,0.1317810498403424,0.0001649506337395,0.0252735027673508
6278,43.67009987181469,0.1621753553462954,0.0,0.0043799946181292
6279,42.49653748263572,0.1298948706981197,0.0,0.0037358958147321
6280,43.20221753338323,0.1486593408738119,0.0,0.0090930761796295
6281,44.44586988809776,0.104576585054095,0.0,0.0
6282,43.075486060059504,0.1078798298270453,0.0,0.0
6283,43.95342265568023,0.1212692208758845,0.0,0.0049417374646935
6284,43.4799079655558,0.1071310498594662,0.0,0.0
6285,42.54820093978458,0.1303370589254042,0.0,0.0028342458947418
6286,42.45530971963144,0.140777654464766,0.0,0.0054228958587396
6287,43.88599850849948,0.132901085944181,0.0,0.0108782037318293
6288,45.64724508825664,0.1345284431345736,0.0,0.0040772372807818
6289,44.26338582958068,0.0782192687934138,0.0,0.0
6290,48.79000765500096,0.1205876122033463,0.0,0.0203505664744012
6291,48.22577366803778,0.1072066705399913,0.0,0.0333053074103146
6292,48.07304615723051,0.1248333563259312,0.0,0.0234254350280903
6293,50.2136890001981,0.0896547812798069,0.0441320086392127,0.0
6294,48.64956574240237,0.0997645234971219,0.2308721454378924,0.0
6295,48.05892124863321,0.1091206223332804,0.0,0.0127742452875101
6296,46.82975577691984,0.0848822289998317,0.0,0.0487848218805449
6297,48.332300791404464,0.1120839765766947,0.0,0.00781893650631
6298,45.85909425304209,0.1420300469241507,0.0,0.0064841360802859
6299,43.99785522251109,0.1721844592415359,0.0,0.0
6300,45.78825625938679,0.1029308622446322,0.0,0.0019911457161524
6301,44.73675577151848,0.1347864576204608,0.0,0.0044220343722358
6302,42.70651412715216,0.1615845861822937,0.0,0.0094914781423447
6303,42.91067409922248,0.1558741273348035,0.0,0.0115409799578973
6304,43.72425623438185,0.1422389352027691,0.0,0.0070746316906225
6305,43.74020441809983,0.1812297916073255,0.0,0.0
6306,48.458362630542666,0.1094044685946747,0.0,0.0
6307,49.38409021718872,0.0904777519136283,0.0,0.004553736974566
6308,47.30026557196396,0.092116814131352,0.0,0.0
6309,45.62739817698745,0.1550446995962593,0.0,0.0209653490432365
6310,45.39978183440164,0.1779363210801977,0.0,0.051141477883459
6311,46.09251508851998,0.1354021576693453,0.0,0.055241936439843
6312,45.70290733469537,0.1823695880883269,0.0,0.0170092715671475
6313,46.93305245567858,0.1463660755393661,0.0,0.0125338427939078
6314,47.1648683341015,0.1092810327479566,0.0,0.0103447914203024
6315,46.67575920681683,0.0952083562036595,0.0,0.050347291591916
6316,45.33663092163933,0.1525423340623214,0.0006820065121591,0.0127728397590884
6317,45.36175570637459,0.1561200404741212,0.0,0.0047954865825592
6318,46.58911546856451,0.1315958226021913,0.0,0.0047933348259539
6319,49.71133342403103,0.1139326963679714,0.0,0.0025163445425053
6320,47.9629200931235,0.1280156767872174,0.0,0.0134447619289813
6321,47.10853033413803,0.124105662759403,0.0,0.0321521331119268
6322,47.45211095585747,0.1263767199701012,0.0,0.039160485158891
6323,47.39378559885875,0.1178057448632606,0.0,0.0284101766645468
6324,47.43561579497163,0.1446726543588558,0.0,0.0
6325,49.60412812463386,0.1135954619607358,0.0,0.0
6326,50.082806683194576,0.1068341701886156,0.0,0.0026708760189637
6327,48.01364026447925,0.09978343585888,0.001676570048145,0.0110674631429708
6328,47.64499623004511,0.1070998808190397,0.0,0.0
6329,47.761871121413535,0.0948873720793938,0.0,0.0049655157473406
6330,47.202910696895,0.0966414278894969,0.0,0.0
6331,47.44393389485692,0.1125275258942104,0.0,0.0008004994749056
6332,47.611652974122926,0.1064350634049193,0.0,0.0003492602711831
6333,43.92603005903652,0.1486204267442792,0.0,0.0196519403071197
6334,45.39661808973516,0.1357859626750088,0.0,0.0193652497252126
6335,44.28914561063156,0.1241701470874112,0.0002514522069642,0.0215584075113294
6336,44.621844729414406,0.1168265318996601,0.0019479674266128,0.0253687917840446
6337,42.563596794991206,0.1178126453284528,0.0001511433756416,0.0050737814868512
6338,42.93061511657237,0.1347510130388105,0.0,0.0149275141966028
6339,44.10095990711662,0.116493167344268,0.0,0.0148068431694486
6340,41.76678688965029,0.1469185101947602,0.0,0.0049164090049057
6341,42.753603831790265,0.120457527830412,0.0,0.0040098543903548
6342,42.981924916739935,0.1273032004040801,0.0,0.0050068810510485
6343,41.6669221616673,0.162887281823369,0.0,0.0089919132153557
6344,44.31966682995173,0.1202979065928073,0.0,1.534061499454604e-05
6345,45.735784487908845,0.10631551225221,0.0,0.0
6346,43.41027621642035,0.1022496077575616,0.0,0.0
6347,50.33611263739039,0.099830925420213,0.0005227649591993,0.0045540377788536
6348,50.12591842884615,0.094807971303385,9.687421444375887e-05,0.004135059950899
6349,48.61964033367621,0.0925689283429992,0.316391573692473,0.0030813091260215
6350,46.2993904401994,0.155538803843737,0.0,0.0074453791601394
6351,48.446011632016,0.1112146373990509,0.0,0.0047956274789153
6352,48.952678201819545,0.0743816825864776,0.0,0.0
6353,47.96661310831026,0.088434031874824,0.0,0.0023963405911658
6354,43.64516817829061,0.1596247651454469,0.0,0.0022201021520413
6355,44.02962975292449,0.1444863392482853,0.0,0.0
6356,44.4413944613349,0.1260294680180809,0.0,0.004584766681059
6357,43.67874243543184,0.1034115360368179,0.0,0.0006426904191122
6358,44.33746487364333,0.1172891604325128,0.0,0.0104066219555749
6359,45.3906678379435,0.1352709475009129,0.0,0.0063718200813463
6360,45.3966715088495,0.1783927005514305,0.0,0.0
6361,46.80303207796165,0.1358940022317065,0.0,0.0
6362,47.72414341260185,0.1066202775583278,0.0,0.0039595251271972
6363,46.20290845387071,0.129664180574905,0.0,0.0073078829287651
6364,45.45258999877184,0.1549067842546723,0.0,0.0054510164969803
6365,44.4742730572672,0.1747914501527828,0.0,0.0247327435736545
6366,46.9040810996754,0.1178308012230219,0.0,0.023581904339283
6367,45.45837986114847,0.1375897791174799,0.0,0.0249149061288539
6368,46.24195507238641,0.1534060681208245,0.0,0.0090864145413706
6369,47.6168159799316,0.0989650422717058,0.0,0.0149164410955243
6370,46.0151303491109,0.1039487352965285,0.0,0.0559872448824611
6371,44.75804932940801,0.1558918320930958,0.0040169048964857,0.0021759644959772
6372,44.94280383037952,0.1397174809900962,0.0,0.0111281298849162
6373,48.31583573859066,0.1124300037599908,0.0,0.0136991436956995
6374,48.66191651276554,0.1069313009591462,0.0,0.0255510077759355
6375,48.0760260041568,0.0999917003880214,0.0,0.0350571458238764
6376,48.01533066389893,0.112533929390928,0.0,0.0295055993088352
6377,49.24236400666384,0.1161371731928499,0.0,0.0209044028142831
6378,48.18544184855917,0.1178442982464496,0.0,0.0075801436606754
6379,48.673396057166656,0.1258623899864309,0.0,0.0
6380,49.64209413753143,0.105249893608822,0.0,0.0
6381,48.57035368991168,0.1174298154404778,0.0,0.0241601550566386
6382,47.65849042199617,0.1027768254525951,0.0,0.0331522796072048
6383,46.89643691878503,0.1012653199946441,0.0,0.0
6384,47.96804663206041,0.0903777811260038,0.0,0.0087677729651596
6385,48.38973184625916,0.1185659550195077,0.0,0.016573947772481
6386,47.97350123356591,0.1059422429152303,0.0,0.0102834414536166
6387,47.82826218534977,0.0928093219943196,0.0,0.0
6388,46.71973178836463,0.1051890529386919,0.0,0.0
6389,44.40069171734204,0.1279164199801504,0.0,0.0066509646161596
6390,45.3444559178604,0.1077249954796882,0.0009195117827094,0.0198558919070828
6391,45.2929961858309,0.102838827392188,0.0048006773395478,0.0305917856403373
6392,42.1592301147204,0.1381160137353837,0.0,0.005124588740739
6393,42.27954784632943,0.1383226819824112,0.0,0.016198333301261
6394,42.90889174578208,0.1289740988229689,0.0,0.0257704925316769
6395,42.33330131189974,0.126617939278193,0.0,0.0012831694269131
6396,41.1883789411968,0.1501070257969166,0.0,0.0
6397,44.006962865839874,0.1134051894216161,0.0,0.0
6398,42.70114323121071,0.1311407132044937,0.0,0.0015236496823391
6399,40.70839392855493,0.1684111840806488,0.0,0.0035472289149149
6400,42.01079317578335,0.1605593299976105,0.0,0.0
6401,43.752411954840966,0.1658885039790293,0.0,0.0
6402,49.41725802060937,0.089604406496086,0.0,0.0025199708696207
6403,47.76020485263348,0.0897239443786103,0.0,0.0055098485574068
6404,47.83438875986385,0.0789000982170306,0.0,0.0002767117754389
6405,46.1236506887867,0.1145790899449076,0.0046012346070775,0.0022173447907798
6406,45.07321647419008,0.1358257692250497,0.0259504699106282,0.0119401216822076
6407,45.12936520610348,0.1316618214843097,0.0,0.0
6408,44.83935915600686,0.1516206025307447,0.0,0.0002738699013514
6409,44.30773676387219,0.1382246918608278,0.0008352705966727,0.0146252776575585
6410,46.10130974905297,0.1127992905962104,0.0,0.009490696200285
6411,45.77102013982884,0.1028698679592578,0.0,0.0049033246681902
6412,46.475094273911154,0.127368209345374,0.0,0.0040105369052893
6413,45.9023224789945,0.1216190999944971,0.0,0.0040197634602248
6414,45.75317423852349,0.1247346961260565,0.0,0.013123358783151
6415,46.96654860767354,0.1028856288505614,0.0,0.0304308889477488
6416,48.29916531261128,0.1020228748872443,0.0,0.0062224559615422
6417,47.61804031270324,0.0935303681923029,0.0,0.0044320165148783
6418,48.784277735209706,0.0883376802036739,0.0,0.0014683694772169
6419,46.7377395901879,0.0984133594655595,0.0,0.0260341877264504
6420,46.0424345546854,0.1139873532970023,0.0,0.0168040931625366
6421,45.02283540652417,0.171716468157157,0.0,0.0116512277969764
6422,45.85405597490666,0.1225112773177074,0.0,0.0148506733147072
6423,44.76863341786046,0.1559269917912275,0.0,0.0068443205219701
6424,44.111208015830805,0.145293000343987,0.0,0.0175019064994495
6425,46.32905186291269,0.0861449939952194,0.0113418502810654,0.0370884348662365
6426,47.77107082365088,0.0916291979220129,0.0,0.0064048653592736
6427,47.72601590593005,0.1033050705420539,0.0,0.0103405513376896
6428,47.93716393926135,0.1084482589812207,0.0,0.0309344213972551
6429,48.6711797923087,0.11899343204506,0.0,0.0420490750607838
6430,45.03643121228548,0.1128845657489025,0.0,0.0004904470423205
6431,45.975440926589386,0.0984201777450201,0.0,0.0062541326058878
6432,46.18642951364702,0.1060194312952588,0.0,0.0045130715124464
6433,48.62724823661664,0.1083725071063174,0.0,0.0095888018950546
6434,48.53117699609167,0.1180777648379339,0.0,0.0083941671330383
6435,46.6420568684833,0.1153350097059264,0.0,0.0
6436,47.71323064580568,0.1229792704561085,0.0,0.0081027019825869
6437,47.66558704058279,0.0925522255817788,0.0,0.0372754481899946
6438,47.46101458032973,0.0950032846166979,0.0,0.0080018893441942
6439,48.144842478841966,0.0925256163073651,0.0,0.0070942909195528
6440,48.682168215890194,0.0882611683758318,0.0,0.004200350323444
6441,45.61497309887562,0.1077244967913271,0.0,0.0079834063129717
6442,45.38617232548074,0.1200795164309869,0.0,0.0102060798005952
6443,41.97913923941209,0.1327669825168223,0.0,0.014779927679336
6444,42.41644580548495,0.131072274277566,0.0,0.0128576003607413
6445,42.70448895447986,0.1349981920319685,0.0,0.0004197515537047
6446,41.71984230499768,0.1554944922081846,0.0,0.0072552842154546
6447,40.55474275445653,0.1624216485025694,0.0,0.0040098722217353
6448,41.4439721648119,0.1491969428955404,0.0,0.0078155329231208
6449,41.93511396568001,0.1546248645219013,0.0,0.0185316379218789
6450,39.31398001797741,0.1992194792233694,0.0,0.0040098278840717
6451,41.788220965238914,0.1785423495055783,0.0,0.0109766501862128
6452,41.11564547992963,0.1852547052213637,0.0,0.0034476101528514
6453,43.61427751593227,0.1677437322919146,0.0,0.0
6454,49.760025341750165,0.0811818030971175,0.0,0.0
6455,48.272459486221045,0.0833210829640453,0.0,0.0029750571637912
6456,45.77424017059254,0.1012792798590028,0.0028939295489555,0.0069483693610167
6457,45.79886018728664,0.1042315796650621,0.0101740096330132,0.0150867972107252
6458,45.38964282952509,0.1231124995110924,0.0250952895885454,0.0350871593224179
6459,45.53210148760508,0.152891352059423,0.0,0.0
6460,47.10676055320874,0.0908028415152103,0.0231152864879812,0.0
6461,44.72484933566141,0.1311740479071265,0.2420777767317806,0.0097472404446025
6462,45.15285797298908,0.137356013208071,0.059670197583308,0.0069040017758918
6463,46.42696482534019,0.0836366415010178,0.0,0.0
6464,45.64212358642824,0.1042605626896674,0.0002533956918108,0.0012178578650846
6465,45.60242856617977,0.1129768528440473,6.963143300544218e-05,0.0188557868118172
6466,46.87938435724192,0.0913450383275954,0.0,0.0074189837499762
6467,47.51278553817058,0.0803083580522045,0.0,0.0
6468,48.54081802309456,0.0714044829521041,0.0,0.0
6469,47.30507628674687,0.093078322722068,0.0,0.0065256253937646
6470,47.68323881208577,0.0868156815960588,0.0,0.0048848399785335
6471,46.11035581715884,0.1097154832191548,0.0,0.0324461104656193
6472,46.00439693014748,0.1285407208094068,0.0,0.017860593556803
6473,45.78509568776278,0.1463362328526445,0.0,0.014202494794342
6474,44.412421936881564,0.1665049617403441,0.0,0.0059881582834305
6475,46.77235902744004,0.1114043427250599,0.0011025790785212,0.0133952432964617
6476,47.478984839853055,0.0878151997245563,0.0,0.0048034384375597
6477,47.61939512768536,0.1020839975488132,0.0,0.0101302923141096
6478,45.63480605193144,0.1646775955505179,0.0,0.0366798438537423
6479,48.08364470606179,0.13135555614642,0.0,0.0189107643208703
6480,45.74028066434645,0.1162570392109068,0.0,0.0208813204423104
6481,45.046300838682455,0.1211778498092237,0.0,0.049267270131924
6482,47.15294627513637,0.1228092855686899,0.0,0.0125350161860707
6483,47.35811564965461,0.1223830145840807,0.0,0.0119262848065336
6484,50.81697628815594,0.1033619481698237,0.0,0.0020697422287792
6485,46.82119443712882,0.1352433059580041,0.0,0.004064527756784
6486,45.354306235561104,0.1346796808210134,0.0,0.008551484060363
6487,46.390060699995786,0.1026036416580006,0.0,0.0083026273208393
6488,47.11905897702576,0.0895185339436246,0.0,0.0040099448933647
6489,48.07541495264641,0.0820055194349058,0.0,0.0038634908012429
6490,47.75399303512288,0.0757255804785135,0.0,0.0
6491,45.71711042691772,0.0916603968720014,0.0,0.0052549613347133
6492,45.68463203651388,0.1097557398934001,0.0,0.0092296727050257
6493,43.59882933460393,0.1094786520942122,0.0,0.0022872014969513
6494,42.34953925519268,0.1318739355102348,0.0,0.0088879882135961
6495,44.224395516288254,0.1087967379683447,0.0,0.0218697992157142
6496,42.19251109841026,0.1585941392851599,0.0,0.0059949047731874
6497,41.63515554471277,0.1453271455974568,0.0,0.0
6498,41.23028143943971,0.152140973333618,0.0,0.0002379745907233
6499,41.49079991738443,0.1755549687224007,0.0,0.0068685476898617
6500,42.03220649437632,0.1459387954706395,0.0,0.0001557271573798
6501,41.59355467782833,0.1834376097346158,0.0,0.0061088369964728
6502,42.13262563319839,0.1794334501365448,0.0,0.0061059457274048
6503,44.5499822511557,0.1561778375255125,0.0,0.0036801383776947
6504,48.42889148664665,0.0779564289982745,0.0,0.0053312828899993
6505,45.61195990795039,0.1024460269401219,0.0,0.0
6506,44.10145038518777,0.1279323505318365,0.0,0.0042715562225108
6507,46.57783275706628,0.1008408982840888,0.0,0.0
6508,45.37299338245922,0.1020228496299808,0.0,0.0010084026451018
6509,42.84785380566655,0.1721593359369797,0.0190212666865873,0.0118222346982682
6510,46.52941694554743,0.0814488966010098,0.0,0.0
6511,45.136277518056325,0.1095604042910953,0.0,0.0
6512,45.67495620959015,0.0762916351300302,0.0,0.0035177588028597
6513,46.89318670299447,0.0788591038191109,0.0,0.0050332024129169
6514,47.30090750404755,0.0779301859723694,0.0,0.0044762082301935
6515,46.03440969629856,0.1015501057600832,0.0,0.0019391238673118
6516,46.93669628889761,0.0930492455245404,0.0,0.0045545401314005
6517,45.7798293787794,0.0864420235656396,0.0,0.0444903177012023
6518,45.5455852055692,0.0904846310658689,0.0011531548044755,0.062826224885632
6519,45.21047169417888,0.1406183476313134,0.0,0.0205968229053562
6520,47.132844381620686,0.1314540842449844,0.0,0.0083802233900015
6521,47.14183603611564,0.1258333030098315,0.0239962458128391,0.0298593094603877
6522,45.97742943166697,0.13390503533503,0.0,0.0390998107816715
6523,46.27026523551743,0.1274552880812,0.0274679331293807,0.0309032952012215
6524,45.23346324741546,0.1676124677398854,0.0,0.0369659793540679
6525,47.66064716080199,0.1301576797203637,0.0,0.0382700128266566
6526,47.796960801691085,0.1144331141606371,0.0,0.0551256345257709
6527,47.20079285127108,0.1273610633811636,0.0,0.0217691886054869
6528,47.74284877694156,0.1051137242339062,0.0005869605102237,0.0034896389783537
6529,46.275268707612334,0.1368790291325692,0.0,0.005853456288044
6530,45.47308532167504,0.1329617414472526,0.0,0.0
6531,45.47818119204192,0.1458952728286192,0.0,0.0082550246777232
6532,47.61579004446298,0.0854144329361434,0.0,0.0040098929904121
6533,45.86531631983544,0.106027604014,0.0,0.022070207340008
6534,44.90226468958467,0.1130012275272157,0.0,0.0484745525011064
6535,44.242799527259415,0.1072540753953948,0.0,0.0046975912408461
6536,42.84771254885785,0.1336378304711484,0.0004529640812586,0.0
6537,43.44037329888474,0.1258240908426058,0.0,0.0214487382305466
6538,40.597697992647184,0.1837619968126511,0.0,0.0078251223324252
6539,40.56745743414734,0.1555459114357695,0.0,0.0025181050003423
6540,40.95078207543243,0.1305858840861109,0.0,0.0
6541,40.6676952733096,0.1638569790884673,0.0,0.0040050599422882
6542,42.087166838581645,0.1462300526988247,0.0,0.0110092445223575
6543,41.06732264437815,0.1690161080142821,0.0,0.0157039739041705
6544,41.07679016418201,0.1804931779414272,0.0,0.0028091382538858
6545,44.66435475661883,0.0850490727183658,0.0,0.0062560888371363
6546,45.50215847733904,0.0935364715623581,0.0,0.0014246064901914
6547,44.72230758613809,0.0916214585631067,0.0,0.0058282670702733
6548,46.68890037655739,0.0796270544319644,0.0,0.0038742929024057
6549,47.20571774394892,0.083541985550083,0.0,0.0
6550,47.03997655282353,0.0939824332169572,0.0,0.0075678150323761
6551,45.69025287006491,0.0835905522073651,0.0014176648155307,0.0541612231689396
6552,46.17532791786218,0.0691156597738093,0.0,0.0765751086562983
6553,46.3760780160361,0.0967013673499178,0.0003326533980577,0.048338182535033
6554,46.28324569937176,0.0908002373078577,0.0053763017245236,0.0519365594855484
6555,46.29384221532508,0.1119383813450988,0.0,0.0411830959917401
6556,44.39083823212687,0.1601413273556858,0.0,0.0447854671394719
6557,47.97900636734947,0.1413830663607668,0.0272608461417753,0.0156154790970008
6558,45.827767436767736,0.1714059265505266,0.0135752451988154,0.009626805357827
6559,45.86040771041346,0.1257098287747731,0.0,0.0092657129593229
6560,46.318221985907456,0.0966149694036986,0.0,0.0129061600060515
6561,45.621102940143736,0.1233448111434331,0.0,0.0219872211199329
6562,47.02629787765648,0.1189864476447059,0.0,0.0246270579708693
6563,45.88019278977878,0.1460152996775974,0.0,0.0056452791486617
6564,45.23132274300526,0.1366557702942507,0.0,0.0047137091330253
6565,46.45627210333332,0.1205025818120029,0.0,0.0033481197243694
6566,48.287573838154536,0.0786047352724005,0.0,0.0
6567,46.21987510946827,0.0882429128220498,0.0,0.0056534157615661
6568,44.55867852901481,0.1072755862135142,0.0,0.0064714131075777
6569,45.79041353351317,0.0916071853006333,0.0,0.0043503119556014
6570,43.829371108400935,0.1395329932652804,0.0,0.0038221290275373
6571,44.16232206532829,0.1086096099803894,0.0,0.0309917521980089
6572,42.200749321925336,0.1348174378740317,0.0,0.0209256800418058
6573,40.9394802563307,0.1496446841683913,0.0,0.0042356247618708
6574,41.10998083011883,0.1648885493138253,0.0,0.0040103481181767
6575,41.5423217291481,0.1566756971514668,0.0,0.0010031057435086
6576,41.69939954060793,0.1751773131017888,0.0,0.0010990446720487
6577,42.29389496642533,0.1696478656855297,0.0,0.0041679659192971
6578,43.19485814132582,0.1004747862060302,0.0,0.0021740416814849
6579,45.90753818572002,0.092060137264807,0.0,0.0045515096830678
6580,45.34448369163933,0.1023564534604831,0.0,0.0040103928833521
6581,43.39694364219729,0.1283976062061966,0.0,0.0086532125151796
6582,44.591902229683576,0.1164871256093848,0.0,0.0127901090186892
6583,45.63377872758921,0.1221489579292739,0.0,0.0141062706209969
6584,46.14132887518706,0.115309882144467,0.0,0.020585626143077
6585,45.93305251222328,0.1088654689819447,0.0,0.0445813931372163
6586,46.51919803707976,0.0730877251748609,0.0,0.0707223943541609
6587,46.23364052839776,0.0975088810235745,0.0,0.050416901042982
6588,46.460181799158114,0.0927116860426803,0.0004399351156338,0.0504496820352749
6589,47.22151446962776,0.1200105002772089,0.0,0.0253111440815536
6590,47.69654148742667,0.1270713002631503,0.0,0.0364011728213174
6591,46.82949397116454,0.143026330330048,0.0,0.028900040622096
6592,46.62718432590703,0.1450320620768459,0.0,0.0081949721888792
6593,45.268828509691154,0.0978360290232211,0.0,0.0220627291779725
6594,45.72739347374945,0.0939224901026945,0.0,0.0112624708020512
6595,43.693239768203775,0.1828008956806505,0.0,0.0043707488594791
6596,46.74432507927207,0.1259469136759083,0.0,0.0094803734111289
6597,44.9122549425278,0.1327808113983426,0.0,0.0068045832934612
6598,47.06926456443853,0.1092650598825968,0.0,0.0003869558587097
6599,47.88319244718612,0.0886874231389154,0.0,0.0
6600,46.95414894140969,0.0822567765566923,0.0,0.003378483638682
6601,46.82762205680821,0.0824554181702496,0.0,0.0054403525152657
6602,45.927604531963055,0.0987098857602037,0.0,0.0041700559569825
6603,41.62621915919618,0.1169494983928317,0.0,0.0018940428478936
6604,41.63332041769752,0.1396971892699542,0.0,0.0066081072917615
6605,40.41417548742462,0.1575166876820222,0.0,0.0045547065637817
6606,41.647963277966525,0.155869933852864,0.0,0.0
6607,39.61703122487345,0.189168140996171,0.0,0.001157539603851
6608,39.852617236119904,0.185749267583135,0.0,0.0043497898313362
6609,42.04692892996796,0.1706232433377618,0.0,0.0079810569158891
6610,39.36055056122524,0.091052424286477,0.0,0.0
6611,43.29452136683957,0.1287081617764559,0.0,0.0
6612,45.12309791749994,0.1339597135704099,0.0,0.0046224344301947
6613,45.04303767346551,0.126486964623328,0.0,0.0223425456401423
6614,45.08193256725192,0.1450958499225426,0.019214217004431,0.0262495160719106
6615,45.63794575296749,0.1163480986183746,0.0044445913804791,0.0333941317044468
6616,45.92934557583836,0.1311465037965088,0.0,0.040883941527323
6617,46.23902962460605,0.0842626926304765,0.0,0.0537747172897656
6618,46.48764327718808,0.0811970803526051,0.0012659870868006,0.0626317743521869
6619,45.78305502399844,0.1030993825401189,0.0020850531273443,0.061645463128304
6620,46.510195383217074,0.0708626751529441,0.0001544535892081,0.0472732192865247
6621,46.84219890539857,0.0907869429466529,0.0,0.0502316494142323
6622,46.119337190869736,0.1290826358378823,0.0,0.0748348870011748
6623,47.563215671321856,0.1176099130009224,0.0010208616816491,0.0573077600007815
6624,47.36932589036896,0.088315330800363,0.0,0.0043174975596692
6625,45.78173694754912,0.1014463101229077,0.0,0.0117699782775568
6626,44.09869752479749,0.0723003824733423,0.0,0.003723711989306
6627,41.80980293587328,0.1777823378764692,0.0,0.0
6628,46.15649303995537,0.127320342090375,0.0029542310540892,0.0122854619876284
6629,45.83572978196884,0.0933192335721182,0.0002568036305315,0.0454627471003385
6630,46.17879619010035,0.1159909441629792,0.0,0.0030935138534702
6631,46.79676141532519,0.0963422916198496,0.0,0.0
6632,47.30172446297772,0.0852873265274995,0.0,0.0
6633,44.94364990248706,0.1010523796937277,0.0,0.0
6634,40.36220446944319,0.1542096977425722,0.0,0.0
6635,40.33999441503384,0.1597020782450945,0.0,0.0046682966159742
6636,39.35147574855898,0.182320214008107,0.0,0.0045553883270101
6637,40.65481399080687,0.1565864470161151,0.0,0.0011661618510812
6638,40.05836577576604,0.1748391632097478,0.0,0.0063416089544336
6639,40.52618143440905,0.1592677154314784,0.0,0.0040389674721722
6640,40.88522216771332,0.180061017777912,0.0,0.0109684295812871
6641,41.94075071619327,0.079695424480482,0.0,0.0
6642,45.24518986681875,0.136521641849013,0.0,0.0
6643,47.493735492098665,0.1121076372669275,0.0,0.0145559534669824
6644,47.00362911987406,0.1125639935645406,0.0,0.0130493965289901
6645,48.1187376788972,0.0924098193561555,0.0,0.0066388922943782
6646,47.456534995228814,0.097524611182507,0.0,0.0108913965948706
6647,47.977008625861714,0.1037326536112353,0.0,0.0051044774807268
6648,46.65806170477687,0.1105831745939927,0.0,0.0208110695473792
6649,44.77266619589014,0.1226296570803564,0.0,0.0334822390519227
6650,46.113284606595975,0.0819724694596062,0.0,0.0810247250725485
6651,46.65694805938378,0.0707878645002211,0.0018220987908408,0.0697057312434189
6652,46.13347932157568,0.0986918032379891,0.0,0.0435847794825039
6653,45.70460026864592,0.1332438529942623,0.0,0.0577709509023772
6654,46.61170384219306,0.1263627249344436,0.0,0.0636754560718769
6655,45.99961658565518,0.1071232034892729,0.0011726476313728,0.0324632794698408
6656,43.87726722718919,0.1272515536338779,0.0,0.0082856569015299
6657,42.87259798997038,0.166069344638863,0.0,0.0040443669991704
6658,42.46432737601367,0.173376889805359,0.0,0.0165113196705605
6659,46.52039308356557,0.1158780540663168,0.0026735083122811,0.0145535822437708
6660,45.98602046380138,0.1095319319045548,0.0,0.0318221182871059
6661,45.810841231002165,0.1341300199043773,0.0,0.0127478011439775
6662,46.88973807698714,0.1090888557177517,0.0,0.0
6663,42.59794827878108,0.1155799261680731,0.0002864615768589,0.0
6664,40.7586911244573,0.1389883511002075,0.0,0.0
6665,41.10798274397855,0.1400248141818669,0.0,0.0070245944464723
6666,41.43981832966875,0.158383571601751,0.0,0.0081885923026134
6667,40.81577261233779,0.1724800237626018,0.0,0.0056848869340204
6668,41.58921063415541,0.1614224455365286,0.0,0.004900750040343
6669,41.47175469028466,0.1824647332516677,0.0,0.0039442630776097
6670,39.34282354779977,0.1401907434819652,0.0,0.003501848971894
6671,49.70110666042982,0.0821997253488367,0.0,0.0115362186113904
6672,49.62881088408613,0.0813660475354745,0.0,0.0041359270594659
6673,49.29921051368517,0.0833625253171149,0.0,0.0025030907307549
6674,50.28614558728324,0.0933645255121875,0.0,0.0045554098963678
6675,47.57904037384778,0.0977410401125063,0.0,0.0
6676,48.25021313086424,0.1030449813112268,0.0,0.022669809965659
6677,46.1414494478594,0.0918054119205057,0.0038443126760146,0.0671725663027203
6678,46.55705896272162,0.0900001289495419,0.0,0.0593230033084555
6679,46.857075610797054,0.1159896674190018,0.0,0.0284299111785657
6680,46.52195931124138,0.1426313684917103,0.0,0.0360001512069269
6681,46.74802096513583,0.125490914756505,0.0009730588294237,0.0202170944734263
6682,46.30463639057268,0.1119948966354842,0.0,0.0034124645516372
6683,47.55933571748879,0.0944674145874041,0.0,0.0
6684,46.920921426486416,0.0966965784431442,0.0,0.007519720240721
6685,45.98955457592989,0.1018314203003877,0.0,0.0209569419561258
6686,45.26929826593174,0.1308623226928106,0.0,0.0122663615456091
6687,49.97481259181846,0.081149047089465,0.0,0.0018381036629396
6688,49.24583978173308,0.0805960690480045,0.0,0.0002458802137447
6689,48.70555579409962,0.081001936817983,0.0,0.0
6690,48.92665787164916,0.082279034614526,0.0,0.0041521112384664
6691,47.33027594551552,0.0998804250789949,0.0,0.0
6692,46.671725747164594,0.1207824738071232,0.0,0.0048617495730497
6693,46.63794744047494,0.1162255745181425,0.0,0.0266135042421092
6694,46.83296326565048,0.1197870712120777,0.0,0.0251425666213414
6695,46.618300515040765,0.1241300292598188,0.0,0.0045555783528585
6696,45.01464658865485,0.1446872341719841,0.0,0.0108382099030924
6697,46.28805446289821,0.1131526764137857,0.0,0.0053476130774789
6698,47.37127499420312,0.1013257527211522,0.0,0.0
6699,47.62773973219059,0.1029033787839726,0.0,0.0
6700,47.13863510376704,0.1084516960701749,0.0,0.0073481209142821
6701,47.832146460965205,0.0916174235859833,0.0,0.0
6702,46.82089647403629,0.1202338726275876,0.0,0.0086293725425144
6703,47.29827592082496,0.1213409586704768,0.0,0.0042975501298856
6704,47.1554225695175,0.1180780932458213,0.0,0.0192939958033772
6705,48.17545311787172,0.1031203090879597,0.0,0.0136436212778925
6706,46.66588781954735,0.106029121245484,0.0,0.0
6707,47.07647699969875,0.1113991794488592,0.0,0.0185560999809986
6708,46.1043796892903,0.0963646353105067,0.0,0.0
