cell_id,ndvi_dry,ndvi_wet,ndvi_seasonal_delta
0,0.13148276077272936,0.3788977595566217,0.24741499878389234
1,0.12561294443922175,0.26513502170522807,0.13952207726600632
2,0.13148788171300088,0.31964268853735717,0.18815480682435629
3,0.12887591405515134,0.33388685941763063,0.2050109453624793
4,0.1242367692062152,0.32022317219395113,0.19598640298773595
5,0.11089460859046195,0.32480579431809836,0.2139111857276364
6,0.12096329545716117,0.34941770147351975,0.22845440601635858
7,0.11443648569641485,0.3673896696153978,0.25295318391898297
8,0.12110598937747875,0.292297763687,0.17119177430952126
9,0.1295069227604468,0.2442834474870837,0.11477652472663688
10,0.1292222875508784,0.31633666534947286,0.18711437779859447
11,0.13094358843452558,0.3447761050938665,0.21383251665934094
12,0.12001592072328972,0.35956929194246334,0.23955337121917364
13,0.11956916925566775,0.30920115090351236,0.18963198164784462
14,0.12964941022674548,0.3065954826198155,0.17694607239307003
15,0.11646410702735205,0.33474245546968134,0.2182783484423293
16,0.11328959992110899,0.33195368638773004,0.21866408646662105
17,0.12015430894501976,0.26607258600754985,0.14591827706253008
18,0.135535496388473,0.3118045472157118,0.17626905082723882
19,0.13911679467184843,0.30236386275646554,0.16324706808461711
20,0.19553321209366117,0.19320587688497237,-0.002327335208688802
21,0.12720601529819395,0.31293277889119164,0.1857267635929977
22,0.1267116268673161,0.3358269482999797,0.20911532143266362
23,0.12637847810323344,0.37780905162608114,0.2514305735228477
24,0.13659578213801243,0.3631781939925414,0.226582411854529
25,0.14020241747520587,0.35235283049765403,0.21215041302244816
26,0.13303772846169745,0.3593872828047479,0.22634955434305046
27,0.12902182181611113,0.3601338662361484,0.23111204442003727
28,0.1305013005639874,0.3241120980578781,0.1936107974938907
29,0.11513894887663369,0.32987811275184825,0.21473916387521458
30,0.10989732081544712,0.3534873624319938,0.24359004161654668
31,0.11840107961335385,0.3589127462881609,0.24051166667480706
32,0.14657991086080635,0.32604482664674467,0.17946491578593832
33,0.17444464574970098,0.22165773137738468,0.0472130856276837
34,0.14875989837017622,0.22189736622597508,0.07313746785579886
35,0.12547477211408506,0.28631268228038403,0.16083791016629898
36,0.14806086514341057,0.3255792388414765,0.17751837369806592
37,0.14351388515788108,0.3595446270183726,0.2160307418604915
38,0.15769570865520158,0.35225871481392995,0.19456300615872837
39,0.1428962373590626,0.353395950143581,0.2104997127845184
40,0.1421953266079417,0.3094436198496034,0.16724829324166168
41,0.134698558050165,0.3184221578966963,0.1837235998465313
42,0.13730591689308053,0.35224294913640186,0.21493703224332134
43,0.16809179321352286,0.33769376867858525,0.1696019754650624
44,0.14339414427512778,0.3417808128778295,0.19838666860270174
45,0.11591553978839729,0.3446763278371296,0.2287607880487323
46,0.1357483502978306,0.3103546658543932,0.17460631555656259
47,0.1260091764615835,0.2729574498632206,0.14694827340163713
48,0.15795434726615604,0.2552596282796938,0.09730528101353775
49,0.15988368084095805,0.3136237944891619,0.15374011364820384
50,0.16464786103574283,0.26652118712050266,0.10187332608475982
51,0.16720365063421494,0.2920998748324687,0.12489622419825375
52,0.12849170820969816,0.3147540880782217,0.18626237986852354
53,0.1726584549232401,0.32543004549338383,0.15277159057014372
54,0.1644823816802363,0.34378780114295576,0.17930541946271947
55,0.16839941503826064,0.32124952869762013,0.1528501136593595
56,0.17065721464079925,0.31173289401103654,0.1410756793702373
57,0.15261919430901225,0.3048200380205852,0.15220084371157297
58,0.13637814892802264,0.2716448040068087,0.13526665507878605
59,0.16571438321595017,0.30699599572364944,0.14128161250769927
60,0.17642662979467635,0.2970456982093532,0.12061906841467687
61,0.15194257385065224,0.20179239340415442,0.04984981955350218
62,0.1386884232397813,0.2120676504200463,0.07337922718026499
63,0.14074988177434944,0.24616386709040136,0.10541398531605192
64,0.13833209270125543,0.2588130450592191,0.12048095235796366
65,0.12488331353679247,0.20406194500423533,0.07917863146744286
66,0.15104320096538323,0.09244281512210492,-0.05860038584327831
67,0.1936295744140367,0.19442599318135306,0.0007964187673163703
68,0.15921019732868333,0.18800216467931963,0.0287919673506363
69,0.1986785582171133,0.28938194864569966,0.09070339042858636
70,0.19266646364823767,0.2862090509185511,0.09354258727031342
71,0.1700473571236182,0.2951389718569658,0.1250916147333476
72,0.1920761654945154,0.3155743797984802,0.12349821430396479
73,0.1411740931852636,0.250882047362905,0.10970795417764137
74,0.1528528895629393,0.2571575173887557,0.1043046278258164
75,0.17055053786686408,0.3179316205997643,0.14738108273290024
76,0.16249183651858773,0.31058033483498915,0.14808849831640142
77,0.1369617078328831,0.2501155359806852,0.11315382814780209
78,0.1651080244346231,0.24401471639976846,0.07890669196514535
79,0.1649945072746395,0.21797133102523542,0.052976823750595925
80,0.16798543706836033,0.23053977810015525,0.06255434103179491
81,0.1408110543963496,0.2397097946840046,0.098898740287655
82,0.13191886894047672,0.16160110685643966,0.029682237915962945
83,0.1417596344097488,0.2239833111640201,0.08222367675427128
84,0.10222624844722766,0.13658230618492634,0.034356057737698675
85,0.09964193185289152,0.14609307077480768,0.04645113892191616
86,0.1517371541523646,0.22753582542434653,0.07579867127198192
87,0.1451728665688711,0.10116043191688187,-0.04401243465198923
88,0.14105996806707669,0.1604766694535472,0.019416701386470503
89,0.10014135117404366,0.17305945775317788,0.07291810657913422
90,0.17380316328748438,0.26613604894452925,0.09233288565704487
91,0.1928957380960484,0.3279045981180897,0.1350088600220413
92,0.18666576898111226,0.28538752490979097,0.09872175592867871
93,0.2132498345872582,0.29558519216426293,0.08233535757700472
94,0.2074618283411179,0.30851814448644865,0.10105631614533075
95,0.18512856346860504,0.30354840888764667,0.11841984541904163
96,0.12088375648774416,0.2013314877054357,0.08044773121769155
97,0.13884001230995224,0.24019436693556837,0.10135435462561612
98,0.1631555630153853,0.25376052663888504,0.09060496362349973
99,0.17831146454669441,0.24201479396353706,0.06370332941684265
100,0.16267329580761783,0.2600006755589933,0.09732737975137548
101,0.152432913422178,0.19438378467075693,0.041950871248578936
102,0.1482974920479825,0.18508581255651008,0.03678832050852757
103,0.14704437531776832,0.24341513225295874,0.09637075693519043
104,0.13395070695553035,0.22573941302681858,0.09178870607128822
105,0.13518812296642505,0.2471787378651242,0.11199061489869916
106,0.1402780030351486,0.21076699464073695,0.07048899160558836
107,0.1589240132937834,0.23305849728286387,0.07413448398908049
108,0.144233573829241,0.2139401359396125,0.06970656211037149
109,0.146061266012124,0.2590571812896741,0.1129959152775501
110,0.14211317413628025,0.17730190026660725,0.035188726130327
111,0.12344536196204665,0.10706712390682564,-0.01637823805522101
112,0.16370249564390424,0.3248223389908204,0.16111984334691618
113,0.1942282632385424,0.2995473809847205,0.10531911774617811
114,0.20523360990394746,0.2857547924183467,0.08052118251439927
115,0.14459697708026442,0.23437163551973317,0.08977465843946875
116,0.18828492314977352,0.27682020480716046,0.08853528165738694
117,0.17998067292703135,0.29978355780956645,0.1198028848825351
118,0.17873234765770457,0.3023682542239669,0.12363590656626233
119,0.18385120818618864,0.32916794545830824,0.1453167372721196
120,0.19686732072121227,0.3081493255322445,0.11128200481103223
121,0.18632285876074797,0.289512320116067,0.103189461355319
122,0.17158170499183958,0.27408930237559587,0.10250759738375628
123,0.15006940409210184,0.22666683395503812,0.07659742986293627
124,0.13750602683338056,0.22074294179270526,0.0832369149593247
125,0.16311939145295604,0.26637595383825,0.10325656238529399
126,0.1658701582132237,0.24039136696780875,0.07452120875458504
127,0.10893208453391298,0.13228429100673886,0.023352206472825876
128,0.13304436157177824,0.1244614094001785,-0.00858295217159974
129,0.1555159564019372,0.20691396159395054,0.051398005192013346
130,0.19133999308968355,0.24694971449449013,0.05560972140480658
131,0.16343192801749878,0.3021570869248823,0.13872515890738352
132,0.13960919627336954,0.20861936780686316,0.06901017153349362
133,0.14418391035724193,0.3053892831960964,0.16120537283885444
134,0.14092166458542243,0.35692420731649765,0.21600254273107522
135,0.14543601134080197,0.301226021887833,0.155790010547031
136,0.1355258630625695,0.24541719920270733,0.10989133614013782
137,0.13562780198446972,0.21575755349205203,0.08012975150758231
138,0.13281434495684794,0.360883879753944,0.22806953479709605
139,0.15974973211471863,0.35591394503074225,0.19616421291602362
140,0.17345835870545626,0.3218236628277793,0.14836530412232304
141,0.15957297036222723,0.2594521192371659,0.09987914887493865
142,0.18100366947855334,0.31238390580425507,0.13138023632570173
143,0.14453591301109403,0.3506043201987915,0.20606840718769748
144,0.15693393232769717,0.34945654203176874,0.19252260970407156
145,0.20508590426405593,0.3404578336414712,0.13537192937741527
146,0.21856202966341823,0.3306019370977536,0.11203990743433537
147,0.20062418639177854,0.31802208239435314,0.11739789600257461
148,0.1621925456892517,0.26717795519877735,0.10498540950952565
149,0.1681344806323071,0.24700351512454558,0.07886903449223848
150,0.13478562009677647,0.23649274680997287,0.1017071267131964
151,0.16041844981478268,0.24877574129786761,0.08835729148308494
152,0.1560870569504025,0.20403671304290102,0.047949656092498516
153,0.167930048365254,0.1683654394799996,0.0004353911147456091
154,0.13774540388324538,0.16002696639045405,0.02228156250720867
155,0.14787044372429647,0.24511350002231777,0.0972430562980213
156,0.17532068102159512,0.30951586428148686,0.13419518325989174
157,0.1638124541417702,0.3351299419981305,0.1713174878563603
158,0.15752134785445399,0.3366603268671489,0.17913897901269493
159,0.1470499073197268,0.34312880125373196,0.19607889393400516
160,0.13235894684142946,0.34555146379775925,0.2131925169563298
161,0.13087397910549753,0.3446209132943808,0.2137469341888833
162,0.12702141435993144,0.31132916839372116,0.1843077540337897
163,0.12929955395416404,0.31387734012751406,0.18457778617335002
164,0.10414270658718036,0.3478736369660864,0.24373093037890606
165,0.14099657049281084,0.37163900715146503,0.2306424366586542
166,0.19848782173183416,0.376341717529044,0.17785389579720984
167,0.14877895501710095,0.3737153154610584,0.22493636044395746
168,0.14159432526670945,0.29020288744793155,0.1486085621812221
169,0.13852060026092594,0.3409988257367931,0.20247822547586714
170,0.12987140851494805,0.35909690086488505,0.229225492349937
171,0.134295036674555,0.3381642879138008,0.20386925123924582
172,0.17177648555270278,0.3568422646650509,0.18506577911234814
173,0.21583818143815228,0.3160612570800039,0.1002230756418516
174,0.22513348507826877,0.2781735205134445,0.05304003543517574
175,0.18367106884487414,0.24688694106627124,0.0632158722213971
176,0.12499634844735893,0.2472491541120871,0.12225280566472815
177,0.14192302000103146,0.24774702373198795,0.10582400373095649
178,0.14265944755987298,0.2173814060484656,0.07472195848859262
179,0.16166152501335915,0.2738262411447668,0.11216471613140763
180,0.19583590350045138,0.30047897568866627,0.10464307218821489
181,0.188965829701121,0.29534846479729565,0.10638263509617465
182,0.19042049914657141,0.28402285186003806,0.09360235271346665
183,0.1728863635505334,0.32685909705497407,0.15397273350444066
184,0.1566056616789138,0.35559944351742734,0.19899378183851354
185,0.15063836704599112,0.3347911015345702,0.18415273448857908
186,0.12936566856898057,0.3029653264795154,0.17359965791053483
187,0.1394533068799898,0.3124294930174634,0.17297618613747362
188,0.13739348345123978,0.3882589714411761,0.25086548798993635
189,0.13477378027921488,0.34844811348829935,0.21367433320908447
190,0.12491040265968643,0.229308773144611,0.10439837048492458
191,0.10418932710013493,0.34897867118075515,0.24478934408062022
192,0.11647277570879519,0.36250077614256604,0.24602800043377085
193,0.1781634174362983,0.37647358857497903,0.19831017113868074
194,0.16483435241799219,0.3700856941977219,0.20525134177972973
195,0.13059079138196042,0.28745049355215346,0.15685970217019304
196,0.15094750268034907,0.3385604231980444,0.18761292051769535
197,0.15464173634490863,0.2987950463082163,0.14415330996330766
198,0.14455808273771306,0.33150633141132524,0.18694824867361218
199,0.13376374682978767,0.3249546565726818,0.19119090974289413
200,0.18409318870062166,0.27536315757465735,0.09126996887403568
201,0.24896707316035338,0.2120350522281311,-0.03693202093222228
202,0.23161862815845047,0.23615378415285407,0.0045351559944036
203,0.09980903806195207,0.16657774746088963,0.06676870939893756
204,0.08957087076915081,0.15202906186678278,0.06245819109763197
205,0.10374219933137459,0.17598602149116493,0.07224382215979035
206,0.14682633097859157,0.24062965242160603,0.09380332144301445
207,0.18265879137710914,0.2990067248579297,0.11634793348082054
208,0.17534567195316514,0.3147649345634331,0.13941926261026794
209,0.17704995644525323,0.328405964756026,0.15135600831077278
210,0.15984380657113248,0.35185402888687844,0.19201022231574597
211,0.1415161201299162,0.34984062651583636,0.20832450638592015
212,0.1415287335027451,0.33181492271010143,0.19028618920735632
213,0.14750242937025582,0.3083819525445805,0.1608795231743247
214,0.14934161600702536,0.3169069740158051,0.16756535800877972
215,0.11114347249490618,0.3352726491990543,0.22412917670414811
216,0.11007701576507539,0.35836348593413586,0.24828647016906047
217,0.14570792263160365,0.3517528161247611,0.20604489349315747
218,0.14633121600521345,0.3452824481934919,0.19895123218827845
219,0.1556787241541391,0.281740281868561,0.12606155771442187
220,0.1475874927037606,0.2034352964124838,0.05584780370872322
221,0.13918305441729603,0.2242421749399887,0.08505912052269265
222,0.142784718721543,0.30878378344652224,0.16599906472497925
223,0.1565900306041372,0.273781349433114,0.11719131882897679
224,0.17944049862829087,0.23498917566923735,0.05554867704094649
225,0.21229891861960487,0.246211029491721,0.033912110872116125
226,0.18751448690478167,0.25381015237707283,0.06629566547229115
227,0.12347900982833876,0.18241944199203677,0.058940432163698014
228,0.14380453695511344,0.1894800382254141,0.04567550127030065
229,0.15344688090451003,0.17412435993349892,0.020677479028988893
230,0.1621012342819003,0.2673532747311545,0.10525204044925421
231,0.18644338943549907,0.28498153076618055,0.09853814133068148
232,0.16989280883436414,0.3184898314402942,0.14859702260593005
233,0.1559985706788965,0.39084144706292157,0.23484287638402507
234,0.1569709179504802,0.37679446811921363,0.21982355016873342
235,0.13725147678348407,0.37031673379760144,0.23306525701411737
236,0.1456180921691293,0.3144003513674578,0.1687822591983285
237,0.13564665751336236,0.2550791499506391,0.11943249243727672
238,0.1350350893742141,0.3243578353470483,0.18932274597283422
239,0.10365708518290623,0.3268249554711025,0.2231678702881963
240,0.11661735360130883,0.35447546163157884,0.23785810803027002
241,0.1389767920788581,0.31021697044582125,0.17124017836696315
242,0.129389220875631,0.2594637170602673,0.13007449618463626
243,0.15010495136516747,0.31713046522584865,0.16702551386068118
244,0.14921960328890047,0.28933926810349575,0.14011966481459528
245,0.13871769699152992,0.22399575141406047,0.08527805442253056
246,0.10646182880353486,0.1745610440385236,0.06809921523498874
247,0.11305144491385813,0.2022261116072225,0.08917466669336438
248,0.1521919141328343,0.2422954339707695,0.09010351983793519
249,0.22064233259249752,0.27379361641819355,0.05315128382569603
250,0.22590814419087085,0.29533629991205584,0.06942815572118499
251,0.22450535997839108,0.29892366698926753,0.07441830701087646
252,0.1340760098321983,0.21775892862405358,0.08368291879185527
253,0.12257773953781408,0.18963829685718386,0.06706055731936979
254,0.16375665176760182,0.2215907471351376,0.05783409536753578
255,0.17682495663039538,0.2637837819086129,0.08695882527821752
256,0.18783177336098922,0.2788309243016123,0.09099915094062311
257,0.1875807193866255,0.29820920039209053,0.11062848100546505
258,0.16853223776675152,0.3061360226485939,0.13760378488184238
259,0.17406145231172948,0.3670384100098183,0.1929769576980888
260,0.1420446906799923,0.36650707506067026,0.22446238438067795
261,0.14005594270581356,0.32083836763760243,0.18078242493178887
262,0.12932768805286568,0.29486394776834796,0.16553625971548228
263,0.1517910272176422,0.36022707813630267,0.20843605091866046
264,0.10184070815388012,0.3347242051337353,0.23288349697985516
265,0.12400096869452848,0.327925240389355,0.20392427169482652
266,0.10665164320971211,0.2565769401472014,0.1499252969374893
267,0.1049180851314758,0.1678437756109636,0.06292569047948782
268,0.08994648895537155,0.15982152029459892,0.06987503133922737
269,0.11288868363308856,0.2077135368898694,0.09482485325678085
270,0.1662577018350282,0.28875242849514904,0.12249472666012085
271,0.17508477377930182,0.27083480553521005,0.09575003175590824
272,0.17403442652833917,0.2508259325550776,0.07679150602673845
273,0.1541525815807969,0.24225579169731654,0.08810321011651964
274,0.17546048901780034,0.2521782562984636,0.07671776728066323
275,0.23554788026132392,0.3117886476926889,0.07624076743136496
276,0.2000340439692996,0.2969774729659653,0.09694342899666566
277,0.22054202140821125,0.2877246170801258,0.06718259567191456
278,0.18389897580979533,0.2613721906187511,0.07747321480895578
279,0.14521323120270593,0.2098191551603841,0.06460592395767817
280,0.1710119021737374,0.26050796858631026,0.08949606641257285
281,0.17593913720425788,0.3262926837476402,0.15035354654338232
282,0.1854646659407818,0.2896166213698142,0.10415195542903241
283,0.17491044239833978,0.26697899364301764,0.09206855124467786
284,0.1375299086244493,0.27874999671453865,0.14122008809008935
285,0.15356504249213368,0.3184797776718027,0.164914735179669
286,0.14430240809648762,0.3198719899651606,0.17556958186867297
287,0.14975661460221137,0.3678528533125642,0.2180962387103528
288,0.1311130432330816,0.3443696491569071,0.2132566059238255
289,0.1260924146142413,0.29829304641890053,0.17220063180465922
290,0.13902876454923033,0.19543842831888605,0.05640966376965573
291,0.12086924699985462,0.34360463657080714,0.2227353895709525
292,0.14265428112319764,0.305189043804611,0.16253476268141334
293,0.12754141278940606,0.22411985208168037,0.0965784392922743
294,0.09466690479236513,0.1645164049777395,0.06984950018537438
295,0.09981018152979017,0.16193858602887906,0.06212840449908889
296,0.11864434888060829,0.21058952053008248,0.09194517164947419
297,0.1509427117879627,0.2766119783336105,0.1256692665456478
298,0.17135294185961997,0.31601912256298087,0.1446661807033609
299,0.18915300513014677,0.3070283775450218,0.11787537241487506
300,0.20896912418600616,0.2963118378344864,0.08734271364848023
301,0.18632715589538068,0.2787558819932406,0.0924287260978599
302,0.20924875284239705,0.26123054375389465,0.0519817909114976
303,0.21804835760182645,0.27514347730893457,0.05709511970710812
304,0.2041971277437325,0.2766850059401591,0.0724878781964266
305,0.19222595094106226,0.32292118109547796,0.1306952301544157
306,0.1738731115910228,0.30733739239406943,0.13346428080304662
307,0.17541316068459736,0.28528359257974845,0.10987043189515108
308,0.19199388341121143,0.2751338758527224,0.08313999244151099
309,0.19233644763054653,0.2730844836338385,0.080748036003292
310,0.19828577442553907,0.28458618929053775,0.08630041486499868
311,0.158295691759107,0.28510575494413604,0.12681006318502905
312,0.16179634947232557,0.3059188164775321,0.14412246700520653
313,0.104827852545932,0.2200051685262211,0.1151773159802891
314,0.13357961911951916,0.34817026438209653,0.21459064526257737
315,0.12694950204476033,0.3418697494575236,0.21492024741276325
316,0.1293184870007249,0.31773058315218505,0.18841209615146015
317,0.1389739129950099,0.28884623344919513,0.14987232045418522
318,0.13781057621949594,0.25187056740735475,0.11405999118785881
319,0.13564048239320167,0.3149634002373821,0.17932291784418045
320,0.16507225626443012,0.2962806293934209,0.1312083731289908
321,0.1560834183936125,0.2778563733125222,0.12177295491890971
322,0.12146819387009493,0.21392717207250248,0.09245897820240755
323,0.15206993068463304,0.25683648844590884,0.1047665577612758
324,0.16980185332596343,0.35222161194438045,0.18241975861841703
325,0.1626677374724246,0.33971881861194564,0.17705108113952103
326,0.1930715785059474,0.3213061788819265,0.12823460037597909
327,0.18641091714709013,0.28013751106740287,0.09372659392031274
328,0.17219270637832634,0.26139256805422545,0.0891998616758991
329,0.20963973449722462,0.2771883117422685,0.06754857724504387
330,0.19782581675492023,0.28341121880625836,0.08558540205133813
331,0.2140523890471952,0.23879914630807142,0.024746757260876218
332,0.2135865721459213,0.1825222531625609,-0.0310643189833604
333,0.20281040989411955,0.27830449799858126,0.0754940881044617
334,0.17848174409264242,0.28172945471549393,0.10324771062285151
335,0.1900758018049134,0.2750401231862408,0.08496432138132742
336,0.1991672484376715,0.3099853441076439,0.11081809566997239
337,0.19980449682342286,0.2977243519959184,0.09791985517249555
338,0.1899164252095292,0.2777161755805783,0.08779975037104912
339,0.17358159041651794,0.3212764217804906,0.14769483136397266
340,0.14406994648406457,0.2993433429140202,0.15527339642995563
341,0.1250852266697505,0.32653274965321916,0.20144752298346866
342,0.12155747959340509,0.3433390730061949,0.2217815934127898
343,0.12425932766903726,0.32827626433867957,0.20401693666964232
344,0.13213867229221085,0.3314951015429711,0.19935642925076028
345,0.13894405631551615,0.30915014912230065,0.1702060928067845
346,0.12353721617205793,0.2820744875270112,0.15853727135495327
347,0.12361069792158917,0.2479228802670037,0.12431218234541454
348,0.11944111092494136,0.31786362998962975,0.19842251906468839
349,0.1255083280433793,0.35542782159578074,0.22991949355240143
350,0.12665646343464262,0.33180227189214156,0.20514580845749894
351,0.15787631990374945,0.28117085443854206,0.12329453453479261
352,0.19007247667465035,0.3223142467080349,0.13224177003338453
353,0.17583569012706887,0.3412243272478359,0.16538863712076704
354,0.1602983058990999,0.36899276636606426,0.20869446046696435
355,0.17134711112064113,0.3359055652498895,0.16455845412924838
356,0.19520318601496547,0.2788595081171911,0.08365632210222565
357,0.19506664072139668,0.25941415768857196,0.06434751696717528
358,0.2042383166087806,0.29750880588712797,0.09327048927834736
359,0.19536854765147924,0.26905876662102085,0.07369021896954162
360,0.20593346354814976,0.261185307006744,0.05525184345859427
361,0.22535261877205998,0.2729582584036305,0.04760563963157055
362,0.19729494855511487,0.24058377174911502,0.04328882319400015
363,0.15259125164555412,0.2321387581868256,0.07954750654127149
364,0.16597002275104256,0.20333989708767114,0.037369874336628583
365,0.17816725057078134,0.278660505691561,0.10049325512077964
366,0.15868637096161717,0.2595342938308728,0.10084792286925562
367,0.16510941792481962,0.2689074902787859,0.10379807235396629
368,0.16406885946032923,0.30731579013965615,0.14324693067932692
369,0.14433070348854518,0.3129157026050733,0.1685849991165281
370,0.14236468059995686,0.3139062896106879,0.17154160901073104
371,0.12815436167345268,0.3191569653115538,0.19100260363810112
372,0.1368829607887083,0.2942647544765481,0.1573817936878398
373,0.16324469591295784,0.350864533874221,0.18761983796126316
374,0.15189760394847968,0.3550946140746422,0.20319701012616254
375,0.1231938089911115,0.31809008798711275,0.19489627899600126
376,0.12467222952086146,0.2758116817895625,0.15113945226870104
377,0.12615543186071332,0.22326015422026682,0.0971047223595535
378,0.1909096705406792,0.2160697223284541,0.02516005178777489
379,0.11623091479577688,0.3690504165188254,0.25281950172304857
380,0.1399897119657523,0.31978854914548127,0.17979883717972897
381,0.17351808454966897,0.31886512634269915,0.14534704179303018
382,0.17595733134639746,0.28487803072876383,0.10892069938236637
383,0.17314831209396028,0.3378262138696818,0.16467790177572153
384,0.16685813183802264,0.3449907070111219,0.17813257517309924
385,0.18692358053056468,0.2741431870521199,0.08721960652155519
386,0.203659100409994,0.27433184642344294,0.07067274601344894
387,0.21662607523850314,0.29053308098173347,0.07390700574323034
388,0.1973351373265251,0.25204318842175755,0.05470805109523244
389,0.2183645184738194,0.23946075444559764,0.021096235971778232
390,0.21017327985022863,0.2560055130866841,0.045832233236455494
391,0.2150447867900989,0.25950700575745383,0.044462218967354944
392,0.21402508212477556,0.24165688434959012,0.027631802224814567
393,0.19288227994916582,0.24583936633886944,0.05295708638970362
394,0.1439653887481109,0.20200446066351924,0.05803907191540833
395,0.1257716997453357,0.18895898516130835,0.06318728541597265
396,0.16470593273361253,0.2559358046664811,0.09122987193286855
397,0.15673147089307177,0.2673465735427918,0.11061510264972002
398,0.16248764196050533,0.21611668984280524,0.05362904788229991
399,0.1392371621193929,0.27054578191052986,0.13130861979113695
400,0.14228470562502055,0.2929904843405893,0.15070577871556873
401,0.1612710930953768,0.28362126032250573,0.12235016722712894
402,0.1794504844187635,0.28014472380568073,0.10069423938691724
403,0.1764377100420406,0.28269961333116106,0.10626190328912047
404,0.13023341282018017,0.30765680900270553,0.17742339618252537
405,0.13808381016670437,0.30178037734204227,0.1636965671753379
406,0.13355120575565035,0.23922070188637184,0.10566949613072149
407,0.15221724017825783,0.1070691764474165,-0.045148063730841334
408,0.1684575238275747,0.1304171395925175,-0.038040384235057206
409,0.13230641771006202,0.18931187403270142,0.0570054563226394
410,0.12336115549727877,0.10271616743222922,-0.020644988065049552
411,0.0741281907766227,0.0897240519364297,0.015595861159807003
412,0.0712399123629858,0.10239510181873056,0.03115518945574476
413,0.11601080776877801,0.3590489895315142,0.2430381817627362
414,0.13748301618501857,0.3696632202696029,0.23218020408458434
415,0.16353904027042648,0.2773357002661882,0.11379665999576172
416,0.1548791030379751,0.21164672702936932,0.056767623991394206
417,0.11237704265094453,0.169874727826479,0.05749768517553447
418,0.1085332137516551,0.1817645653602358,0.0732313516085807
419,0.16881067634257566,0.23134153190093767,0.06253085555836202
420,0.18148656430062365,0.26323337956081716,0.0817468152601935
421,0.17219340209373668,0.246175051812402,0.07398164971866533
422,0.14862262995281666,0.15670731560880907,0.008084685655992407
423,0.20726524793212447,0.1883078204589607,-0.018957427473163785
424,0.19005236894326422,0.31338323266909895,0.12333086372583474
425,0.15912343597884432,0.29241869102319973,0.1332952550443554
426,0.09907532836602649,0.15314389625336272,0.05406856788733623
427,0.15809650619943835,0.20889163702494967,0.05079513082551132
428,0.13573049778080112,0.20049421976369505,0.06476372198289393
429,0.17529426737019613,0.2741706986426944,0.09887643127249826
430,0.17861022063983123,0.33357461457574517,0.15496439393591394
431,0.16320047078001848,0.2611570691989024,0.09795659841888393
432,0.1773839486707865,0.21505156806165804,0.03766761939087154
433,0.1630595525040123,0.23677155454285057,0.07371200203883826
434,0.15308553409360537,0.29025493467344493,0.13716940057983956
435,0.16351487823227823,0.30576629855815735,0.14225142032587912
436,0.1804691861031012,0.25228947249976963,0.07182028639666843
437,0.08898898877792927,0.15590021615488106,0.06691122737695179
438,0.09857995142014438,0.18568513656128935,0.08710518514114497
439,0.09870307659397601,0.1807638614045248,0.08206078481054879
440,0.09119933224879691,0.14344955249649807,0.052250220247701165
441,0.0753137244304352,0.09838731944626791,0.023073595015832712
442,0.13484950049523073,0.13580270795163812,0.0009532074564073956
443,0.13488788457309525,0.19056553209932056,0.05567764752622531
444,0.12983637153245323,0.18531072577056656,0.05547435423811334
445,0.14347245691448368,0.22986009944102503,0.08638764252654135
446,0.12783796613374754,0.2671147024117572,0.13927673627800968
447,0.09892877114344246,0.04692068059114451,-0.05200809055229796
448,0.06880162807075864,0.05074988983661753,-0.018051738234141107
449,0.06538811312018356,0.08908379063525479,0.023695677515071234
450,0.07113575935782933,0.0811027363071066,0.00996697694927727
451,0.0905664171376455,0.124111712799524,0.0335452956618785
452,0.0669161910158519,0.08902989875360766,0.022113707737755756
453,0.10982376976543338,0.2933049561290262,0.18348118636359279
454,0.10709805725106811,0.33329121332665307,0.22619315607558496
455,0.1627660648015248,0.31967351761992874,0.15690745281840393
456,0.19316452695117706,0.25576914039772725,0.06260461344655019
457,0.1681376557504476,0.21055780152157824,0.04242014577113065
458,0.11964334573150817,0.16488981837475575,0.045246472643247576
459,0.09470374031208965,0.15029634526543803,0.055592604953348376
460,0.19690394565459915,0.2418369028897743,0.04493295723517515
461,0.1942953869150398,0.21726734416985855,0.022971957254818737
462,0.16543009221052998,0.22732135500241066,0.061891262791880675
463,0.10004257949539681,0.1494444827726937,0.04940190327729689
464,0.17140710506131684,0.23699633858315855,0.0655892335218417
465,0.15563257312353504,0.3047865518518945,0.14915397872835948
466,0.14909548488617314,0.31628732147958666,0.16719183659341352
467,0.11728550557347173,0.19120688775610967,0.07392138218263794
468,0.09205925623131497,0.13162019335613948,0.0395609371248245
469,0.10732783761543459,0.14728816621178611,0.03996032859635153
470,0.10217762282971403,0.17467178528554683,0.0724941624558328
471,0.15082490090465428,0.24548086567519886,0.09465596477054458
472,0.1673787449906091,0.2818129595361347,0.11443421454552563
473,0.17839598419211053,0.2979702215108054,0.11957423731869485
474,0.15945976404786952,0.28144521912066106,0.12198545507279154
475,0.17359516813701942,0.27865520437549823,0.10506003623847882
476,0.17017827298514965,0.2921208090781075,0.12194253609295785
477,0.10542213644549238,0.16507254667542934,0.05965041022993696
478,0.0741763124558891,0.12002242845751651,0.04584611600162741
479,0.06581782180568206,0.1059892163755319,0.04017139456984983
480,0.06512506168301889,0.10653421506594732,0.04140915338292843
481,0.060654603674777034,0.09628216521140785,0.03562756153663082
482,0.06328611752527573,0.10386815867151535,0.04058204114623962
483,0.07280307049511602,0.10944717441593775,0.036644103920821736
484,0.12230142121420558,0.10698575299629354,-0.01531566821791204
485,0.14483771176375795,0.20206127785643457,0.05722356609267662
486,0.15398599237218266,0.24731695031875442,0.09333095794657176
487,0.14874134688626361,0.3263825904664944,0.1776412435802308
488,0.15810900892571766,0.3482421178137342,0.19013310888801654
489,0.17147624956915375,0.25788562389846975,0.086409374329316
490,0.14008825551485662,0.21397726165491665,0.07388900614006003
491,0.07660744628549196,0.11327529320642715,0.03666784692093519
492,0.10553558336856503,0.11840438048312421,0.012868797114559183
493,0.10574507885638272,0.08115724976577682,-0.024587829090605903
494,0.075961016817205,0.09393731407246199,0.017976297255256984
495,0.07676565258611442,0.11763695096307915,0.040871298376964724
496,0.07080187535591154,0.10765194315441302,0.03685006779850149
497,0.06748738736675883,0.07374985086410453,0.006262463497345702
498,0.07459212113617608,0.09745304126105836,0.022860920124882278
499,0.15001697425121674,0.23732137738961492,0.08730440313839818
500,0.15893229373395035,0.26244802461198763,0.10351573087803728
501,0.12159878704393123,0.25679952618604984,0.1352007391421186
502,0.10877416539071122,0.3266788942701713,0.2179047288794601
503,0.1371960670439787,0.2868588827408421,0.1496628156968634
504,0.1656031718199967,0.2973178108299642,0.13171463900996752
505,0.17989138061651574,0.20543360344244588,0.025542222825930133
506,0.174021645753839,0.17710344743677406,0.0030818016829350647
507,0.1770939461013366,0.20698777816277406,0.029893832061437448
508,0.1963151222429941,0.2576163089252554,0.06130118668226128
509,0.2172385021475656,0.3093209789138205,0.09208247676625489
510,0.17526569746144982,0.25060349638165014,0.07533779892020032
511,0.17115455749410274,0.2762657253028772,0.10511116780877444
512,0.15296244756949678,0.2418442861086532,0.0888818385391564
513,0.15088358169015495,0.24057064115602925,0.0896870594658743
514,0.1759459777514528,0.2759377331689386,0.09999175541748581
515,0.11329203169669311,0.17027808918046747,0.05698605748377436
516,0.09549682659623832,0.1340942116993754,0.038597385103137094
517,0.10035725613068334,0.14433142712427707,0.04397417099359373
518,0.12585100896644147,0.15991771155294066,0.03406670258649919
519,0.12150239740442789,0.13046396737089427,0.008961569966466382
520,0.14970231848794002,0.22312062014992567,0.07341830166198565
521,0.1806148251286519,0.24788731481133824,0.06727248968268634
522,0.19072398112797878,0.2380695034003429,0.04734552227236413
523,0.18313134804503234,0.24405377116427693,0.06092242311924459
524,0.1760982534476098,0.2702509711656361,0.09415271771802633
525,0.11297375016131303,0.15844248887910078,0.045468738717787754
526,0.08606764773505766,0.13006679086443917,0.04399914312938151
527,0.07969799291992193,0.11905266029223185,0.03935466737230993
528,0.06768083568661462,0.10265025450772289,0.03496941882110827
529,0.06230021411624269,0.09525488582059542,0.032954671704352734
530,0.06618360078519991,0.10267261681013506,0.03648901602493515
531,0.06608785737390836,0.06497709059299409,-0.0011107667809142768
532,0.11449950651555314,0.10618574103169591,-0.008313765483857233
533,0.1742098198470377,0.14447424403486997,-0.029735575812167736
534,0.17862942911623828,0.12040271623825763,-0.058226712877980646
535,0.18232864019442335,0.15034969816468752,-0.031978942029735835
536,0.1622843934397337,0.36267288653410445,0.20038849309437076
537,0.15501808815448437,0.29521172530603323,0.14019363715154887
538,0.11285719004043025,0.17359313070704888,0.060735940666618624
539,0.10735809293601796,0.1219350675501245,0.014576974614106536
540,0.11664504366451439,0.1237073344212961,0.007062290756781706
541,0.10400878296888814,0.12308201692386253,0.019073233954974386
542,0.0832496693367337,0.07804135203003248,-0.00520831730670121
543,0.14745817461778854,0.1470311949066844,-0.0004269797111041418
544,0.11173511971961021,0.15489548738506306,0.04316036766545285
545,0.08582141923358029,0.13581699613548412,0.04999557690190383
546,0.0839929000236962,0.09685724484401127,0.01286434482031508
547,0.06887087181226031,0.06909642915428504,0.0002255573420247292
548,0.058864607399064975,0.07918904900300121,0.020324441603936233
549,0.058430238231100044,0.08788646074101324,0.029456222509913192
550,0.10440307537933084,0.33035672543798333,0.22595365005865248
551,0.10429971853074654,0.28801229932116246,0.1837125807904159
552,0.119260987402682,0.2969588162849173,0.17769782888223534
553,0.10906317090673963,0.29615239467679283,0.18708922377005321
554,0.12780661335378596,0.28470291521037133,0.15689630185658537
555,0.17463632612813101,0.21400001525339,0.03936368912525898
556,0.1602289302654616,0.2401749508052587,0.0799460205397971
557,0.16571162884647084,0.2933257605545326,0.12761413170806174
558,0.12707157035312486,0.33216026060328785,0.205088690250163
559,0.1245771846128615,0.2568073385203262,0.13223015390746473
560,0.11379467201376861,0.29498022497723075,0.18118555296346214
561,0.12319713051589244,0.3183873307654053,0.1951902002495129
562,0.1265084889780932,0.2899189846314212,0.163410495653328
563,0.16824407083427714,0.23126401265679122,0.06301994182251408
564,0.17897444657264525,0.23807508160047594,0.059100635027830695
565,0.17145973180228158,0.29834267467071773,0.12688294286843615
566,0.19340983041919987,0.3073197120638762,0.11390988164467633
567,0.19550342321136835,0.32304673467630646,0.1275433114649381
568,0.20919698799597497,0.27663329276983245,0.06743630477385748
569,0.1868292799581499,0.2780279131208168,0.09119863316266691
570,0.16364489349915728,0.2601440824848799,0.09649918898572263
571,0.18297497922715575,0.23680021788327507,0.05382523865611932
572,0.1486506165997332,0.16283025376779406,0.014179637168060866
573,0.13338109727224123,0.16047210524326277,0.02709100797102154
574,0.11633259499900737,0.15528731316419442,0.038954718165187044
575,0.1605218545376795,0.24169183624329382,0.08116998170561432
576,0.17454981570271577,0.2498654279184118,0.07531561221569602
577,0.10881510647904266,0.1232602467797175,0.014445140300674841
578,0.1394912001736326,0.1791611062979482,0.03966990612431562
579,0.18467233161967517,0.22322344389158333,0.03855111227190816
580,0.19057447338381595,0.2415117780965135,0.050937304712697556
581,0.19258849194761468,0.24712138044979018,0.0545328885021755
582,0.19446409536093956,0.20664536261117078,0.01218126725023122
583,0.17671588987366071,0.18393804322852284,0.007222153354862121
584,0.09081262965546917,0.1211592793750178,0.030346649719548632
585,0.06702217109265854,0.09862156156143549,0.03159939046877695
586,0.0653313039540495,0.0994780783732131,0.0341467744191636
587,0.06538732785400814,0.09898817627668662,0.03360084842267848
588,0.06553146698491893,0.0851935201586211,0.019662053173702163
589,0.08541782478684008,0.07210510158027564,-0.013312723206564445
590,0.10545510942703587,0.0695271991688966,-0.03592791025813927
591,0.17477506399893297,0.07950998008184976,-0.09526508391708322
592,0.17271670787065974,0.10634210682561523,-0.0663746010450445
593,0.1848002186451289,0.20856443279699718,0.023764214151868274
594,0.17364621111045694,0.20869060181075333,0.035044390700296385
595,0.1359524970931655,0.16697001331245648,0.03101751621929097
596,0.14397643901381946,0.18631680117425997,0.042340362160440514
597,0.12418127636149058,0.16216156943955792,0.03798029307806734
598,0.15400045820500954,0.16000648632688572,0.006006028121876172
599,0.11112167397731748,0.1191661488443513,0.008044474867033816
600,0.1344698548804656,0.09875748369125838,-0.03571237118920721
601,0.1298154045729533,0.1529287961325587,0.0231133915596054
602,0.11397562294253841,0.24926143269374318,0.13528580975120477
603,0.09378926033292273,0.1460395640485843,0.052250303715661583
604,0.08126857010580466,0.08941859388731968,0.008150023781515026
605,0.06498711900678161,0.07511455578478021,0.0101274367779986
606,0.06782874121591757,0.09545177305079135,0.027623031834873774
607,0.06554477535278956,0.09739133499483313,0.03184655964204357
608,0.10615134919425562,0.32632840146547104,0.22017705227121542
609,0.10819105217797484,0.2936653640667898,0.18547431188881494
610,0.11989065902679048,0.27393858313604114,0.15404792410925067
611,0.1334106673503822,0.25766688196533827,0.12425621461495606
612,0.18514463594327019,0.27874200464446625,0.09359736870119606
613,0.1606424231558849,0.15340943637754142,-0.00723298677834347
614,0.12394878674885339,0.06528588785442171,-0.05866289889443167
615,0.1075226688179373,0.2990361503830383,0.191513481565101
616,0.1126230717847472,0.3079176196268998,0.19529454784215258
617,0.10105846344963265,0.34600223446077955,0.2449437710111469
618,0.109008606421202,0.3385345924144621,0.2295259859932601
619,0.10655739169038803,0.32384758059239194,0.2172901889020039
620,0.12468541338874643,0.32909813363901,0.20441272025026358
621,0.18944701775589,0.21680493336636042,0.027357915610470407
622,0.1710430091384683,0.22953130746277672,0.058488298324308435
623,0.1493764110675381,0.2017052517537019,0.05232884068616381
624,0.14434879476144843,0.26990401665802366,0.12555522189657523
625,0.12602629481557212,0.3026948427780864,0.17666854796251427
626,0.13826478049460808,0.29992652513869256,0.16166174464408448
627,0.10622704001378343,0.3314848450530587,0.22525780503927528
628,0.13737234189031067,0.28994853471741794,0.15257619282710727
629,0.16429100308150224,0.24823422638054748,0.08394322329904524
630,0.19833575682008994,0.2944260992047338,0.09609034238464384
631,0.19235832990169255,0.29990750923794746,0.10754917933625491
632,0.19131111074952775,0.2740200197624192,0.08270890901289144
633,0.19564658057724887,0.2866887388916316,0.09104215831438273
634,0.2257891850188437,0.2802910367360612,0.0545018517172175
635,0.1704766221651968,0.26097190381814667,0.09049528165294987
636,0.1767591509594655,0.2500638607046046,0.07330470974513911
637,0.1902505653149227,0.22070406751509997,0.030453502200177257
638,0.17568596836221273,0.2229094053262135,0.047223436964000776
639,0.16775214251560122,0.2084669138063597,0.040714771290758484
640,0.2010330739913216,0.22431093520846807,0.02327786121714648
641,0.2045907581177791,0.2524103316356853,0.04781957351790622
642,0.16747254728893787,0.3087254248257222,0.1412528775367843
643,0.13724783040702795,0.2298304090954171,0.09258257868838915
644,0.11462302164011877,0.16130545884965913,0.046682437209540364
645,0.1813124098214246,0.2021344057760403,0.020821995954615702
646,0.18943563741107222,0.23763915676489739,0.048203519353825164
647,0.19113278487394803,0.23700786768779133,0.04587508281384331
648,0.19183060520058895,0.20237197880837823,0.010541373607789284
649,0.18984009776576868,0.20317391717433628,0.013333819408567593
650,0.07981591964511052,0.11927696683398349,0.03946104718887297
651,0.07460958644589784,0.10396768553476696,0.02935809908886912
652,0.10287985688599675,0.12593575206992602,0.023055895183929268
653,0.1355081656112032,0.15900363820881389,0.023495472597610673
654,0.12311207177707324,0.12266172366321672,-0.0004503481138565246
655,0.11954095452666466,0.061235432633592234,-0.05830552189307243
656,0.15188094301032398,0.10088978691081361,-0.05099115609951037
657,0.18065226961040026,0.18389360566574206,0.003241336055341798
658,0.15829449033148701,0.20782868753866532,0.049534197207178304
659,0.1345539246877764,0.16519635557200787,0.030642430884231464
660,0.15173603453484388,0.20123490056081042,0.04949886602596654
661,0.1452648353737487,0.17388531710307903,0.02862048172933032
662,0.08077457595894287,0.06074924215003754,-0.02002533380890533
663,0.0628909777480192,0.08359644397564367,0.020705466227624467
664,0.10338236894642637,0.12721417791001524,0.02383180896358887
665,0.1019580655999351,0.14789544616237604,0.04593738056244094
666,0.1336165037450037,0.1763221680110369,0.0427056642660332
667,0.1983650198984534,0.2722477224362811,0.0738827025378277
668,0.19822404215135178,0.26012682292467243,0.06190278077332065
669,0.08591039723786817,0.13865691525386903,0.05274651801600086
670,0.09370352679813196,0.10953623213765935,0.015832705339527395
671,0.12108612020122712,0.19157017009369792,0.0704840498924708
672,0.1233471808144039,0.22404567127442204,0.10069849046001814
673,0.10532136104947137,0.16748633682166297,0.0621649757721916
674,0.06794575595221292,0.09739654486356877,0.029450788911355857
675,0.10777982601231509,0.33120628359578425,0.22342645758346916
676,0.10951395953298412,0.28718141599714586,0.17766745646416174
677,0.11313323296306015,0.28026328809224826,0.1671300551291881
678,0.13286492002884345,0.22391574181283827,0.09105082178399482
679,0.11494520603826625,0.1512508346639526,0.03630562862568634
680,0.12437915786899054,0.15349898691800698,0.029119829049016444
681,0.12923082973028258,0.16201199598320293,0.03278116625292035
682,0.16716487327357413,0.133936417792752,-0.03322845548082212
683,0.09525783334324675,0.11992666616849482,0.024668832825248066
684,0.11868018097881956,0.2299872151261799,0.11130703414736033
685,0.10593063398703148,0.29282246021509317,0.1868918262280617
686,0.10370117102479744,0.3242816970140332,0.22058052598923578
687,0.1187246618961072,0.29072139633468913,0.17199673443858193
688,0.10960005769911745,0.31780021584358603,0.20820015814446857
689,0.11241394552954839,0.31742152134990403,0.20500757582035564
690,0.10639147840805413,0.2794320545899268,0.17304057618187269
691,0.10779545701459606,0.3156353725258018,0.20783991551120576
692,0.11916645184954536,0.24726939556475883,0.12810294371521347
693,0.13021982170868793,0.11134476573873645,-0.018875055969951482
694,0.19007056529966926,0.2501438495931853,0.06007328429351605
695,0.19308509716991937,0.14472030433745295,-0.04836479283246642
696,0.11224028711665197,0.08721926124196452,-0.02502102587468745
697,0.1563486662246759,0.20635968801507962,0.05001102179040373
698,0.1757009488029427,0.21689553000296766,0.04119458120002495
699,0.17235535293901783,0.18891856642790225,0.016563213488884426
700,0.1093358605598645,0.13655784358587314,0.027221983026008645
701,0.1134032378681054,0.17855670145145588,0.06515346358335049
702,0.12774665301903482,0.2193510111192687,0.09160435810023387
703,0.12851699420855042,0.29938896270326376,0.17087196849471334
704,0.11670839792104278,0.3559577906068949,0.23924939268585216
705,0.13339117208474557,0.32398584599307323,0.19059467390832766
706,0.18446719683862917,0.28735416156964666,0.1028869647310175
707,0.17602531683970363,0.30629676061984645,0.13027144378014283
708,0.17468724634878016,0.28201930164272027,0.1073320552939401
709,0.1843995074803054,0.29358914885286547,0.10918964137256007
710,0.17513233637643016,0.25420780899210754,0.07907547261567738
711,0.18635723691847242,0.24959772902069538,0.06324049210222296
712,0.13691584961721648,0.21555437937075106,0.07863852975353458
713,0.14631675483486906,0.17787311392707097,0.03155635909220192
714,0.19204785477616262,0.23281892372722254,0.04077106895105992
715,0.14100462962606097,0.19342109778761707,0.052416468161556096
716,0.14921569543084617,0.17827205539376675,0.02905635996292058
717,0.23803809117648156,0.23137110122732663,-0.006666989949154933
718,0.25107475623133085,0.2635873224911426,0.01251256625981173
719,0.18435422687613212,0.31619918669759944,0.13184495982146732
720,0.1667521305332252,0.24561205425647328,0.07885992372324807
721,0.11194816078659742,0.156799934218434,0.04485177343183658
722,0.15448837222465717,0.20175186717905805,0.04726349495440088
723,0.17634155585414968,0.3045272516777977,0.12818569582364803
724,0.17765523389692023,0.254043697440059,0.07638846354313877
725,0.17556247979946296,0.20780864266757745,0.03224616286811449
726,0.15123595147691862,0.19956469264649662,0.048328741169578
727,0.1070444629828475,0.14419817882165573,0.03715371583880822
728,0.10382117402410021,0.13901557773173503,0.035194403707634825
729,0.15094615300587802,0.1919955343171763,0.04104938131129829
730,0.18224999471214362,0.23140348503320743,0.04915349032106381
731,0.18529867703417982,0.20526522418093432,0.0199665471467545
732,0.17859886336283473,0.1463249292690391,-0.03227393409379564
733,0.1823234673736397,0.14935232590938627,-0.03297114146425342
734,0.15403229113633124,0.26192234003105697,0.10789004889472573
735,0.08820431960035645,0.12537281015601717,0.037168490555660724
736,0.08193153918778287,0.1223649967260585,0.040433457538275624
737,0.1397057057690861,0.1824637951008534,0.04275808933176728
738,0.17367759292974058,0.27292289117070834,0.09924529824096776
739,0.10631622725052588,0.15182424557916294,0.04550801832863706
740,0.1028437493427023,0.15718218189772556,0.05433843255502327
741,0.1334003945029276,0.21602378980656103,0.08262339530363344
742,0.12604301646219704,0.17710661876915262,0.051063602306955586
743,0.12385161089534802,0.1705821390292269,0.046730528133878874
744,0.16166634387860654,0.18388235980023368,0.02221601592162714
745,0.12438965267870193,0.1501810027810261,0.02579135010232418
746,0.09428017809757504,0.10298127125176527,0.008701093154190237
747,0.11766755130138967,0.1525805835392751,0.034913032237885416
748,0.1364458007182341,0.2315197408829456,0.09507394016471152
749,0.1136112545206165,0.2410728939955813,0.1274616394749648
750,0.12030445241135931,0.21912128932568287,0.09881683691432355
751,0.11460746706727967,0.15637932903464588,0.04177186196736621
752,0.17364470249772898,0.19236090294796432,0.018716200450235337
753,0.10640225988544323,0.26295659542835126,0.15655433554290804
754,0.10704578793511486,0.2693067668070138,0.16226097887189894
755,0.12296102493035178,0.2872936758037345,0.16433265087338272
756,0.11713781734197688,0.28626236281011824,0.16912454546814137
757,0.12118802243422101,0.28044062709966305,0.15925260466544205
758,0.10270287859823884,0.3064712336486896,0.20376835505045077
759,0.10774071874945482,0.21911691721434579,0.11137619846489097
760,0.1687490245299458,0.20419046900396906,0.035441444474023254
761,0.12838230710561244,0.27652080196554873,0.1481384948599363
762,0.10986740998249798,0.32225686518755714,0.21238945520505914
763,0.1108734784609974,0.3305051962488486,0.2196317177878512
764,0.1651086477518849,0.326063744602762,0.16095509685087708
765,0.1323529086453516,0.30702299715902137,0.17467008851366977
766,0.08688394692522936,0.20269343370733117,0.11580948678210182
767,0.09851343786981216,0.3071691640099809,0.20865572614016875
768,0.1196257144353384,0.28954641697276207,0.16992070253742367
769,0.11297177531789312,0.26351711638875897,0.15054534107086584
770,0.12988925929359307,0.2054204953154163,0.07553123602182324
771,0.1414065707036497,0.2812228401638232,0.1398162694601735
772,0.12486608759552517,0.23217118178746055,0.10730509419193537
773,0.1286606423782938,0.15110785832683155,0.02244721594853774
774,0.13749928781775933,0.17594482830819735,0.038445540490438024
775,0.14117107581647023,0.20266690882408375,0.06149583300761352
776,0.17116733256496347,0.18793107759929273,0.016763745034329258
777,0.16657771421504086,0.16327623534219962,-0.0033014788728412403
778,0.17993987387066498,0.18142291238542957,0.0014830385147645841
779,0.16026204149820025,0.24198384946979618,0.08172180797159592
780,0.18471491840262386,0.23256631033812572,0.047851391935501864
781,0.19139281279643386,0.2149020134985063,0.023509200702072436
782,0.14819580409901076,0.27830397604934654,0.13010817195033578
783,0.184137805454138,0.1888272734538229,0.004689467999684921
784,0.1970976685517301,0.16501065815706148,-0.03208701039466863
785,0.1701526454987161,0.16221507667095064,-0.007937568827765445
786,0.16045672819701484,0.1347457036326108,-0.02571102456440405
787,0.10926907959323709,0.13396344223243828,0.02469436263920119
788,0.10077849846031392,0.09989403601741882,-0.0008844624428950981
789,0.16518065489306213,0.15894453821787485,-0.006236116675187281
790,0.21070052064891182,0.1780422660192714,-0.03265825462964042
791,0.1476559928850513,0.1959384411969317,0.048282448311880416
792,0.18485129800777902,0.19161682611782224,0.006765528110043217
793,0.19471911946174003,0.20634448895745677,0.011625369495716742
794,0.20539039325947492,0.23703144201940451,0.031641048759929596
795,0.16913770326490268,0.2528514381992339,0.08371373493433121
796,0.158595086162337,0.23284080652377756,0.07424572036144056
797,0.10512609371074,0.2782065588219338,0.1730804651111938
798,0.1144215877561959,0.2985277438519625,0.1841061560957666
799,0.11423539201784565,0.2904510330219615,0.17621564100411585
800,0.12742174505444667,0.27463072678377465,0.14720898172932798
801,0.14152715031320243,0.30969425586555427,0.16816710555235184
802,0.16738564689985547,0.3149688183856829,0.14758317148582745
803,0.15450157362807226,0.2553426745556618,0.10084110092758952
804,0.18058231898758417,0.27844876167707905,0.09786644268949488
805,0.1743335082585255,0.24260142903581092,0.06826792077728541
806,0.14833897855543327,0.1920896165557997,0.04375063800036644
807,0.10767000821848702,0.1525966100042938,0.04492660178580679
808,0.12949523943242686,0.17310060793358426,0.0436053685011574
809,0.07360116524168694,0.11867344066195223,0.04507227542026529
810,0.09514471965092451,0.1338207456309663,0.03867602598004179
811,0.2495395638495374,0.25970402775566076,0.010164463906123355
812,0.23062863650741994,0.25472296164940156,0.02409432514198162
813,0.25127978933075606,0.3374553210828472,0.08617553175209114
814,0.2137472854929851,0.2897482538893561,0.076000968396371
815,0.12518458177741837,0.18225443683715867,0.0570698550597403
816,0.1393292118550539,0.20456222623117584,0.06523301437612194
817,0.16067150557226267,0.237710866691683,0.07703936111942034
818,0.1533246570818366,0.22708994399209528,0.07376528691025869
819,0.17973179268190667,0.2359006826555801,0.05616888997367342
820,0.19582739908160882,0.25066619215777747,0.05483879307616865
821,0.12400942184779908,0.16208879058271616,0.03807936873491709
822,0.13026150939181347,0.15593385527870735,0.025672345886893877
823,0.12878578354047995,0.1677535615636008,0.03896777802312085
824,0.1629966721028824,0.23413201487271715,0.07113534276983474
825,0.17923917811098597,0.3230543691530043,0.14381519104201831
826,0.18031424592393566,0.24843410876299363,0.06811986283905797
827,0.11300367321040018,0.12565634217095795,0.012652668960557764
828,0.13352127559043023,0.13053926144959616,-0.0029820141408340717
829,0.08789116941953785,0.0842999729665378,-0.003591196453000059
830,0.11538767472818053,0.17970319172960458,0.06431551700142406
831,0.15776068581839983,0.25458582794043866,0.09682514212203883
832,0.14790559159134084,0.20201813810928806,0.054112546517947224
833,0.10867738128568973,0.14951743237645507,0.04084005109076534
834,0.09925831938271018,0.17702779503829372,0.07776947565558354
835,0.12934601703923362,0.20975021663473037,0.08040419959549674
836,0.11500944064639028,0.20293905341292134,0.08792961276653107
837,0.11334227010397699,0.20404258486756477,0.09070031476358778
838,0.08947941672730303,0.10876501382312909,0.019285597095826057
839,0.10235766154581025,0.10643810339507534,0.004080441849265093
840,0.05494698968667309,0.11088296754591728,0.055935977859244194
841,0.12523776896861818,0.21790661558423557,0.09266884661561739
842,0.1354676744201932,0.2989401411969909,0.16347246677679772
843,0.12385478681141208,0.26203931335271435,0.13818452654130225
844,0.1553927820305983,0.30309137985219037,0.14769859782159206
845,0.19554664852151404,0.22564671888572213,0.030100070364208087
846,0.1156003864155917,0.11951334098595326,0.00391295457036156
847,0.10164965501198128,0.216853172748298,0.11520351773631671
848,0.10041999111857308,0.21747935302551366,0.11705936190694058
849,0.10628206387316846,0.281117081765042,0.17483501789187356
850,0.12402801750531497,0.2770362394964744,0.1530082219911594
851,0.11958392443473327,0.20490817212102794,0.08532424768629467
852,0.12333647708441312,0.2435181009256778,0.12018162384126468
853,0.10263875747957867,0.32070546149909973,0.21806670401952105
854,0.1219325422028698,0.2689332441740398,0.14700070197117
855,0.15561347596254216,0.30898551956698794,0.15337204360444578
856,0.1419442040608245,0.3100318788718995,0.16808767481107498
857,0.11291808920419846,0.33614347700854663,0.22322538780434817
858,0.11908916661108106,0.334256116587511,0.21516694997642993
859,0.15737204882943567,0.3119808087344695,0.1546087599050338
860,0.1105502022161544,0.30296058302657425,0.19241038081041983
861,0.0972313004748266,0.2644066851218105,0.1671753846469839
862,0.10497485446460841,0.2701630181050176,0.16518816364040917
863,0.13488032572025174,0.24433219751472263,0.10945187179447088
864,0.1026876733325985,0.2239459598302536,0.12125828649765509
865,0.17573256279556201,0.21836821664191233,0.04263565384635032
866,0.12285396995402763,0.22394616810759485,0.10109219815356722
867,0.11106051706353344,0.15491683601307393,0.04385631894954049
868,0.10660223170431044,0.23272981868362064,0.1261275869793102
869,0.12496937069578193,0.21682618115238747,0.09185681045660554
870,0.14025182663136637,0.2124361658210721,0.07218433918970574
871,0.13550019724314127,0.16971200401799136,0.034211806774850084
872,0.12957539226416287,0.15740383869643856,0.027828446432275694
873,0.16925479628186027,0.1445833636822726,-0.024671432599587678
874,0.18966996928563695,0.21720047754997893,0.027530508264341974
875,0.21052906359598317,0.26139253935523704,0.05086347575925387
876,0.19349482062072895,0.22821098238235082,0.03471616176162187
877,0.1766147988243229,0.20936489554573276,0.032750096721409855
878,0.18493267845453826,0.20005324727004795,0.015120568815509688
879,0.1631736355500609,0.20554944229431668,0.042375806744255784
880,0.18276588463080476,0.20509392854305855,0.022328043912253792
881,0.20418069863139157,0.22072224655462383,0.016541547923232258
882,0.19841531315354863,0.21694485168218566,0.018529538528637035
883,0.16451249940723037,0.22249239173210353,0.05797989232487316
884,0.09253875837008739,0.13202888958060857,0.03949013121052118
885,0.06822080471966284,0.09777683858426868,0.02955603386460584
886,0.12096560901416535,0.1540140622911715,0.03304845327700616
887,0.17419139507049464,0.23012522409456726,0.05593382902407262
888,0.1835526881075661,0.2188874293385612,0.035334741230995115
889,0.13904211063670666,0.15656922772070037,0.01752711708399371
890,0.20550900541237657,0.23324374481883683,0.027734739406460263
891,0.23205497877713066,0.26926336474634943,0.03720838596921877
892,0.1976940628563814,0.2653394739966458,0.06764541114026443
893,0.1696200585753019,0.2399060384071996,0.07028597983189769
894,0.13158842073391502,0.29903971471642143,0.1674512939825064
895,0.1290059585679242,0.297938616382945,0.1689326578150208
896,0.124001106062456,0.31944540462182874,0.19544429855937273
897,0.1155407869746889,0.22831450276239712,0.11277371578770821
898,0.14158055897029137,0.30096049447114825,0.15937993550085688
899,0.1658896532572248,0.30236431331002317,0.13647466005279837
900,0.1686328032935696,0.26683797641791335,0.09820517312434374
901,0.14638774557128056,0.22620853239640654,0.07982078682512597
902,0.1540821061192874,0.22089733501486744,0.06681522889558003
903,0.17430072057624751,0.22426257728776,0.04996185671151249
904,0.17565417504990333,0.21506578602215765,0.03941161097225432
905,0.13385724995129056,0.20578080624031078,0.07192355628902022
906,0.10186228056277152,0.17030966348631724,0.06844738292354571
907,0.14262440225065842,0.2008465417053707,0.058222139454712274
908,0.18597132817119227,0.19051902490756198,0.004547696736369705
909,0.22150519530995638,0.25045349827236596,0.028948302962409578
910,0.1497011686320806,0.2186246968014266,0.068923528169346
911,0.22741859476490295,0.26519094638907265,0.0377723516241697
912,0.23125455157576805,0.27429215406049645,0.043037602484728404
913,0.19027036784752202,0.26212023265550405,0.07184986480798203
914,0.193684176550207,0.2566912795348583,0.06300710298465131
915,0.1694827387954199,0.22887225382768922,0.05938951503226933
916,0.17982938244381064,0.24355336111448547,0.06372397867067484
917,0.19839968651212958,0.2540657536868264,0.0556660671746968
918,0.1744895650193871,0.20816097829758107,0.03367141327819398
919,0.12405383977203427,0.16154689735559968,0.037493057583565415
920,0.13824794612537325,0.1961239418727699,0.05787599574739666
921,0.16432226056550034,0.26811827593840626,0.10379601537290592
922,0.1807121300027371,0.3226377455048649,0.14192561550212782
923,0.17324791275994875,0.18402390469413987,0.010775991934191126
924,0.12499766213426765,0.13275148741837728,0.007753825284109631
925,0.09325527914587069,0.08080235304514981,-0.012452926100720879
926,0.19636102145917386,0.1002617194510775,-0.09609930200809637
927,0.18943846515049617,0.2801774236061871,0.09073895845569091
928,0.15837745558747274,0.23479504417685657,0.07641758858938383
929,0.11743621073802551,0.1636615172508278,0.046225306512802294
930,0.12883218234585683,0.17186904911439127,0.04303686676853444
931,0.12298426919675048,0.20333722200288867,0.08035295280613819
932,0.11977882034390222,0.17643566811639141,0.056656847772489194
933,0.15847630752562306,0.27074226902884274,0.11226596150321969
934,0.10511871180100825,0.22751990610956663,0.12240119430855838
935,0.09147715935412692,0.14432201298096106,0.05284485362683414
936,0.1192983732715186,0.1489033830855382,0.02960500981401959
937,0.12101564725623512,0.1705223960491713,0.04950674879293618
938,0.12760901663745103,0.28366070567115365,0.15605168903370262
939,0.12100352090899968,0.25872072255706885,0.13771720164806917
940,0.1434643513895427,0.22649969557386762,0.08303534418432493
941,0.21363095872439658,0.24572721072732404,0.032096252002927456
942,0.11145082956505835,0.23469295209855645,0.1232421225334981
943,0.09886460477580612,0.21710007387304175,0.11823546909723563
944,0.09748834533671717,0.28057767747621065,0.18308933213949347
945,0.10454839050151823,0.2714998020063268,0.16695141150480855
946,0.11073267965484175,0.2553912677628226,0.14465858810798088
947,0.12640856405831008,0.22695889634880792,0.10055033229049784
948,0.12211677529803275,0.2530693546393376,0.13095257934130486
949,0.1318079515163686,0.28446500517694356,0.15265705366057497
950,0.1530714197027983,0.28192603384737913,0.12885461414458083
951,0.11414729944911024,0.3216755102734107,0.20752821082430045
952,0.11205546411394628,0.34114427578368073,0.22908881166973444
953,0.10282361620255384,0.3322358709852453,0.22941225478269148
954,0.16162722543846242,0.2919490556402194,0.13032183020175697
955,0.1473546891847149,0.3207888967168739,0.173434207532159
956,0.13555680344373391,0.2833268537442037,0.14777005030046977
957,0.10954705816787744,0.25363645990223943,0.144089401734362
958,0.13056150107328413,0.19943084645087875,0.06886934537759462
959,0.10613239337890816,0.1698420639916883,0.06370967061278014
960,0.09701822236342354,0.1610373234293481,0.06401910106592455
961,0.11283562506322448,0.15947289938780407,0.04663727432457959
962,0.12814250612037245,0.14697722404583397,0.018834717925461514
963,0.1254188862127812,0.17936541598824307,0.05394652977546188
964,0.14119306100927995,0.18224610866342153,0.04105304765414158
965,0.12973410131389546,0.19843952369605153,0.06870542238215607
966,0.1102749742652179,0.1706172454096908,0.06034227114447291
967,0.1344481543605319,0.12316562649851823,-0.01128252786201367
968,0.1310377442648747,0.14763258715185823,0.01659484288698354
969,0.1303419251085953,0.16373186420443384,0.03338993909583854
970,0.1681588252107379,0.16360367093226688,-0.00455515427847103
971,0.19203836101493374,0.2122660144423549,0.020227653427421166
972,0.21506739167674171,0.19825388825686693,-0.01681350341987478
973,0.19407329649681293,0.18680696240228686,-0.007266334094526067
974,0.16368017331321114,0.17141889136457505,0.007738718051363919
975,0.1802346762924568,0.22479391056484183,0.044559234272385034
976,0.1817409936516368,0.21755221328286,0.03581121963122322
977,0.19635236131880612,0.27019690661942164,0.07384454530061552
978,0.18162397902378768,0.2463390151100842,0.0647150360862965
979,0.1470430868286209,0.23809632998971708,0.09105324316109617
980,0.10402645050486532,0.15861471041754227,0.05458825991267695
981,0.11050550188094901,0.15804549046409333,0.047539988583144316
982,0.15774948247489132,0.2320221579504622,0.07427267547557087
983,0.15981777517906823,0.22255697802223182,0.06273920284316359
984,0.17900219802206324,0.2132171047941039,0.03421490677204067
985,0.1456237746436983,0.20901728029006497,0.06339350564636667
986,0.20172728683732116,0.24555753265894267,0.04383024582162151
987,0.20421821441265597,0.2307016583798262,0.026483443967170228
988,0.1974212304539755,0.23765060551900263,0.040229375065027134
989,0.16130244202908922,0.2212937198453951,0.059991277816305866
990,0.1421277027959273,0.2671856976017243,0.125057994805797
991,0.1365341803570779,0.3400520161187404,0.20351783576166252
992,0.12356817825029,0.25061492111825867,0.1270467428679687
993,0.14710815400581154,0.2656831620068082,0.11857500800099666
994,0.1730751852664028,0.2970330089693326,0.12395782370292979
995,0.15204776382839816,0.21145969991125455,0.05941193608285639
996,0.12846627214348927,0.1845947970323537,0.05612852488886444
997,0.16927052360730493,0.2513457919202591,0.08207526831295414
998,0.18073210271583612,0.27200327378291905,0.09127117106708293
999,0.16692038829598782,0.25482741134194403,0.08790702304595621
1000,0.19281848650258013,0.28970410912338296,0.09688562262080283
1001,0.20179970177772957,0.3354638977501808,0.13366419597245124
1002,0.16868592726197668,0.31382401348370337,0.1451380862217267
1003,0.2127413702913304,0.3120120485447872,0.09927067825345681
1004,0.22071523090373693,0.2787799946649348,0.058064763761197874
1005,0.19536294318455624,0.2020054853180257,0.006642542133469459
1006,0.3012722948664764,0.22809219485555118,-0.0731801000109252
1007,0.2153935347100121,0.2535833529495462,0.0381898182395341
1008,0.14299338690597785,0.19213845424796594,0.04914506734198809
1009,0.14911482943654278,0.1901961585444092,0.04108132910786641
1010,0.12182561773681035,0.14849992651108956,0.026674308774279218
1011,0.14571635512620748,0.17491440692381216,0.02919805179760468
1012,0.1639464139922213,0.19505871908876476,0.031112305096543474
1013,0.18036307806420973,0.16325017870715464,-0.017112899357055095
1014,0.1862603754225369,0.2436519917987192,0.057391616376182286
1015,0.21129656896667434,0.2851042947967156,0.07380772583004128
1016,0.18287842671335772,0.27919220486103075,0.09631377814767303
1017,0.16320216220045133,0.20082027774026454,0.0376181155398132
1018,0.16370395626755133,0.15211619820364597,-0.011587758063905357
1019,0.12486939427449116,0.09883257251042994,-0.02603682176406122
1020,0.12925071949520012,0.09232627126749893,-0.03692444822770119
1021,0.1983812130763236,0.122236441361088,-0.07614477171523559
1022,0.18368181385226642,0.2244300207718829,0.040748206919616475
1023,0.12439626537115289,0.17845789428123815,0.05406162891008526
1024,0.10104441537977786,0.1335952887340788,0.032550873354300944
1025,0.10352609912052797,0.12739323927917015,0.023867140158642178
1026,0.1165562281948962,0.19450447293075263,0.07794824473585643
1027,0.18704477243261677,0.25071969557820745,0.06367492314559067
1028,0.22047182808363344,0.27847894817305124,0.0580071200894178
1029,0.1687532615305748,0.22604565052873474,0.05729238899815994
1030,0.12153685305406058,0.1794690194501702,0.05793216639610961
1031,0.12371816427793149,0.18209737404258972,0.05837920976465823
1032,0.1123879640200822,0.15892353218383912,0.04653556816375691
1033,0.10751729779080454,0.17075615743669134,0.0632388596458868
1034,0.17024133309124917,0.19799498317915296,0.027753650087903786
1035,0.2427201220556394,0.2029879215807275,-0.03973220047491188
1036,0.11895488323861958,0.2506057258078787,0.13165084256925913
1037,0.1020322517253228,0.25994744587648644,0.15791519415116362
1038,0.09882962793867564,0.2520336875444102,0.15320405960573455
1039,0.10228535765706037,0.2298353683095527,0.12755001065249233
1040,0.11869369849971333,0.2647767672634327,0.14608306876371935
1041,0.12282258600567057,0.2718441663356959,0.14902158033002533
1042,0.11131964477139594,0.2823143433965789,0.17099469862518296
1043,0.1030564035715069,0.3070361024886006,0.20397969891709367
1044,0.10934204433637618,0.32687516682452095,0.21753312248814477
1045,0.12307765406927045,0.2991569567825921,0.17607930271332162
1046,0.11109608796664902,0.2853522516292026,0.17425616366255356
1047,0.11269442912636514,0.21895076755900597,0.10625633843264083
1048,0.10662212538795396,0.20639777489817598,0.09977564951022203
1049,0.1406984609513817,0.2696515909577822,0.1289531300064005
1050,0.07972434613676649,0.16489121084848785,0.08516686471172136
1051,0.13486949304455245,0.25066003170710666,0.1157905386625542
1052,0.11241527036389698,0.2187267029173432,0.10631143255344622
1053,0.12267283270385529,0.193017953499321,0.0703451207954657
1054,0.11011311011264313,0.14337822412600723,0.0332651140133641
1055,0.10198608130699906,0.18302918321054884,0.08104310190354978
1056,0.14213645548582626,0.14993750687272253,0.007801051386896268
1057,0.1491517724191489,0.15315157983268984,0.003999807413540946
1058,0.10616931616335712,0.12924823853388706,0.023078922370529942
1059,0.13037452745370992,0.137005604768884,0.0066310773151740665
1060,0.13467110082644035,0.17808869802670332,0.043417597200262975
1061,0.12210132081023523,0.20312821165639547,0.08102689084616024
1062,0.11536728971010358,0.18776192034100883,0.07239463063090525
1063,0.14157720241485494,0.2155985011006312,0.07402129868577625
1064,0.14897613823435424,0.20362633014794168,0.05465019191358744
1065,0.15352459317033965,0.21320807119914323,0.05968347802880358
1066,0.19504917116487916,0.24234030877155718,0.047291137606678024
1067,0.11641273284624064,0.159374818814286,0.04296208596804536
1068,0.18345381359188057,0.2163449680572414,0.03289115446536084
1069,0.16432656723770261,0.1782593931917377,0.013932825954035083
1070,0.10612894505492557,0.1224492969699662,0.016320351915040637
1071,0.07706882992798224,0.10731275260443858,0.030243922676456342
1072,0.12222138042790882,0.1645220393374506,0.04230065890954178
1073,0.18170554346904255,0.2357498336792905,0.05404429021024795
1074,0.17372632916153208,0.22788317196984217,0.054156842808310096
1075,0.2265580640391223,0.27224802148586263,0.04568995744674034
1076,0.19682404609754,0.2624508491650657,0.06562680306752572
1077,0.18930287644864208,0.25261119538058485,0.06330831893194278
1078,0.15689317210643383,0.23219929027773792,0.07530611817130409
1079,0.08989890576531288,0.14372393094344074,0.05382502517812786
1080,0.11831797306479859,0.14203954880944786,0.023721575744649268
1081,0.16625276868130298,0.1429608582549312,-0.02329191042637177
1082,0.13921654466632402,0.208360366033248,0.06914382136692399
1083,0.10429934070002413,0.15063215373132433,0.0463328130313002
1084,0.18451180168028963,0.19745549530331494,0.012943693623025304
1085,0.17955113367092504,0.18272461459580866,0.0031734809248836204
1086,0.15796546426126226,0.18408286237735547,0.026117398116093204
1087,0.14116259365251366,0.28368871916326255,0.1425261255107489
1088,0.15408700842511425,0.26640598623051753,0.11231897780540329
1089,0.1441699569689187,0.24497364903380714,0.10080369206488843
1090,0.18575960424274537,0.2841447506405775,0.09838514639783211
1091,0.18653578359084233,0.2797828387062411,0.09324705511539877
1092,0.17702270062143774,0.23642782337414284,0.0594051227527051
1093,0.1544958518089431,0.24446173907533492,0.08996588726639182
1094,0.1657178986660415,0.3406566877732303,0.17493878910718882
1095,0.1483788786532986,0.3390700865186559,0.1906912078653573
1096,0.17301618058494658,0.31621922401264363,0.14320304342769705
1097,0.19482644096237958,0.3140657122775676,0.119239271315188
1098,0.21716315892332813,0.3062554986607995,0.08909233973747135
1099,0.20925279019503473,0.2865816388982824,0.07732884870324769
1100,0.21164606782699327,0.33900180625662224,0.12735573842962897
1101,0.2555323223218472,0.31466248061418883,0.05913015829234164
1102,0.23680914406677217,0.23082397735169347,-0.005985166715078705
1103,0.20115049572130175,0.23760683760631715,0.0364563418850154
1104,0.1951291375465788,0.22438002915950786,0.02925089161292907
1105,0.15646415215305542,0.14918617466968437,-0.007277977483371056
1106,0.1267360527978086,0.1329402330222338,0.0062041802244251765
1107,0.08037104639205002,0.11412564306052499,0.03375459666847497
1108,0.1295528592095932,0.1671700526960457,0.03761719348645251
1109,0.1957722939893541,0.200003935395938,0.004231641406583886
1110,0.189972113021492,0.19917858250007028,0.009206469478578283
1111,0.2081387508610528,0.2787224987118019,0.07058374785074908
1112,0.16215633946945668,0.2430112052047309,0.08085486573527423
1113,0.1589737100159288,0.1698930574683196,0.010919347452390787
1114,0.1419871109001565,0.1395346095585785,-0.0024525013415780117
1115,0.18225562892303335,0.15302656524296337,-0.029229063680069972
1116,0.13663809893234677,0.0978434603732207,-0.03879463855912607
1117,0.08542267299582462,0.08970115198178533,0.004278478985960704
1118,0.09754583009778744,0.0988459849212491,0.0013001548234616578
1119,0.1275896257037428,0.1619264586447476,0.03433683294100481
1120,0.11573065486162146,0.14958891413961178,0.03385825927799033
1121,0.10205144518714612,0.1288384936604833,0.026787048473337183
1122,0.11502956520070148,0.1685469610875096,0.05351739588680812
1123,0.14804676924403834,0.21137515836071777,0.06332838911667943
1124,0.17357967041843142,0.20648378874787898,0.03290411832944756
1125,0.1510182437797598,0.18894669015063995,0.03792844637088014
1126,0.09465078314393069,0.13622093758251066,0.041570154438579976
1127,0.11498884214415075,0.14651676501426866,0.03152792287011791
1128,0.09077563401684102,0.13431435250829749,0.04353871849145646
1129,0.09844903470911798,0.15418065355506694,0.05573161884594896
1130,0.18795381307727696,0.25054765508825877,0.06259384201098181
1131,0.2287856241121227,0.25687858576364697,0.02809296165152428
1132,0.10861231762101083,0.27604009744728875,0.16742777982627793
1133,0.10309890709448764,0.2634650277292336,0.16036612063474592
1134,0.11625391205952992,0.26478034288729,0.1485264308277601
1135,0.12026055374017273,0.24725240919610234,0.12699185545592961
1136,0.1216865822235347,0.23490602660248333,0.11321944437894862
1137,0.11458452232789804,0.24171147135009063,0.1271269490221926
1138,0.09496769137885307,0.29607101602688846,0.20110332464803538
1139,0.0947775161975623,0.257041695399321,0.16226417920175867
1140,0.11873727299397177,0.26783030969863775,0.14909303670466598
1141,0.10400634995303847,0.317665975238339,0.21365962528530053
1142,0.10424570985359698,0.2337098988804577,0.12946418902686074
1143,0.12054054757411611,0.2976022826200623,0.17706173504594616
1144,0.13773495063765004,0.2790449276598364,0.14130997702218637
1145,0.11895510633197608,0.22553664933236459,0.10658154300038851
1146,0.11105107072625775,0.18710809376088064,0.07605702303462289
1147,0.14631043321849194,0.19786234636091174,0.0515519131424198
1148,0.1423285996929382,0.283655207612503,0.1413266079195648
1149,0.10897865028129053,0.22010530903317185,0.11112665875188132
1150,0.09418875760148372,0.1927016957920885,0.09851293819060479
1151,0.10347602978165739,0.17294890086045508,0.0694728710787977
1152,0.09881347204769077,0.1643976292805594,0.06558415723286863
1153,0.09184415317043883,0.13006587327066196,0.038221720100223136
1154,0.11002236275224869,0.15947979037532262,0.049457427623073924
1155,0.11080679177060894,0.17448822280993642,0.06368143103932748
1156,0.1078143406855544,0.14704090216856666,0.03922656148301226
1157,0.13222819067977407,0.16534102558297264,0.03311283490319858
1158,0.12006825726656307,0.19364648245021665,0.07357822518365358
1159,0.16266633045834755,0.2138523143475403,0.05118598388919274
1160,0.13775650810497492,0.21283974371158906,0.07508323560661415
1161,0.15140175934227668,0.2176209629304228,0.06621920358814612
1162,0.15406358651346358,0.2439383232442894,0.08987473673082583
1163,0.1413781502176556,0.19429991404477637,0.05292176382712077
1164,0.14767883566039222,0.18803660390571128,0.04035776824531906
1165,0.12512920223261817,0.15356089225332029,0.028431690020702116
1166,0.1845571863080468,0.18952037237347427,0.004963186065427477
1167,0.20107486380349351,0.2285491732446925,0.027474309441198996
1168,0.13683334642931677,0.19673618197917833,0.05990283554986156
1169,0.08968801091572527,0.1273997578125862,0.03771174689686092
1170,0.11636360081085574,0.14879703437087138,0.03243343356001564
1171,0.17156205403757338,0.21592816654877367,0.04436611251120029
1172,0.19595128349183347,0.24398268944478,0.048031405952946526
1173,0.18494593528621878,0.21521722408410748,0.030271288797888707
1174,0.21396560032443832,0.21502758286351914,0.0010619825390808246
1175,0.19409592239495,0.24171319839145808,0.047617275996508085
1176,0.17901785670390907,0.22246204538127184,0.04344418867736277
1177,0.1259818617870025,0.1387914958548101,0.012809634067807607
1178,0.11790925713684122,0.1081901189715741,-0.009719138165267122
1179,0.1063847947703597,0.16388638756699384,0.05750159279663414
1180,0.08346417168617794,0.14409362335912757,0.06062945167294963
1181,0.0851166830800609,0.1232541518313354,0.038137468751274495
1182,0.09088156047784439,0.11552685618946429,0.0246452957116199
1183,0.0958012038789149,0.14203213322418481,0.046230929345269914
1184,0.08729913483870633,0.13115708819058855,0.04385795335188222
1185,0.11387210922927439,0.1791738861398189,0.06530177691054452
1186,0.13565874678992806,0.15738870266258406,0.021729955872655998
1187,0.12870341197333002,0.17150359750081173,0.042800185527481716
1188,0.17451614612743677,0.25004029176740195,0.07552414563996518
1189,0.17630870200022972,0.24797714509541516,0.07166844309518544
1190,0.19046020403564337,0.2597882936422362,0.06932808960659284
1191,0.15497418598601043,0.2607124047138776,0.10573821872786715
1192,0.15702315028463193,0.3142924065188701,0.15726925623423815
1193,0.1549466567670397,0.31668405270024236,0.16173739593320266
1194,0.15875577883304415,0.27520475684644985,0.1164489780134057
1195,0.20583066845401696,0.28881628936953646,0.0829856209155195
1196,0.18483913559690407,0.2905366198599438,0.10569748426303971
1197,0.22418735571582882,0.2542357384087586,0.03004838269292981
1198,0.22599663634802267,0.2649024442320519,0.038905807884029225
1199,0.20867755439635174,0.26459157966961194,0.0559140252732602
1200,0.23657091540917435,0.2782027026246653,0.041631787215490934
1201,0.1800251032465854,0.2320811276927604,0.05205602444617499
1202,0.19456187214492127,0.18880373167378683,-0.005758140471134432
1203,0.18801272283925116,0.175698604958425,-0.012314117880826175
1204,0.13768313378927685,0.17018554746785264,0.03250241367857579
1205,0.1272715575608483,0.15710903077175448,0.029837473210906185
1206,0.15446113003132317,0.18169308013197594,0.02723195010065277
1207,0.16809228323575043,0.1750126498485405,0.00692036661279008
1208,0.12451486551071281,0.17028916767350535,0.045774302162792546
1209,0.19759415534436867,0.28951843249360354,0.09192427714923487
1210,0.1479106569354758,0.18598349546900123,0.038072838533525416
1211,0.13107045377092227,0.15359229287171805,0.022521839100795776
1212,0.15789069242543285,0.16005186920595763,0.0021611767805247706
1213,0.16113938269461747,0.15976440709820292,-0.0013749755964145571
1214,0.13384059036123788,0.1438519232718849,0.010011332910647014
1215,0.10640575860197093,0.12713104401389766,0.020725285411926725
1216,0.09819677248119303,0.11745297540304199,0.01925620292184896
1217,0.10560189636570864,0.14485955089997316,0.03925765453426451
1218,0.09197510392898738,0.1311988299552602,0.03922372602627282
1219,0.10347906649463691,0.13950389705319158,0.03602483055855467
1220,0.11273586593122142,0.1495391350559885,0.036803269124767085
1221,0.11927102522456079,0.19231729546552995,0.07304627024096916
1222,0.16705319256089585,0.21701614296706978,0.049962950406173934
1223,0.13160852097607847,0.17671190311170665,0.04510338213562817
1224,0.09900957691103883,0.1354679709749032,0.03645839406386438
1225,0.1316170572340626,0.15418585455921574,0.022568797325153128
1226,0.14007886227847047,0.12984501124694528,-0.010233851031525187
1227,0.1576208872294355,0.19097666017091436,0.033355772941478845
1228,0.24083044071366153,0.27304517319095895,0.03221473247729742
1229,0.09601830184096251,0.2586295282414935,0.162611226400531
1230,0.08891604165696242,0.27480042281109673,0.1858843811541343
1231,0.09540352412448386,0.2563492211167148,0.16094569699223096
1232,0.10889066350972003,0.25343040148801604,0.144539737978296
1233,0.11229994655811475,0.23898752347259167,0.1266875769144769
1234,0.10708185848369929,0.2932902426523065,0.18620838416860724
1235,0.09260970303402946,0.30659850847926595,0.2139888054452365
1236,0.11217568647283059,0.3198997105894342,0.20772402411660362
1237,0.1185229052680877,0.3259568471265876,0.20743394185849992
1238,0.10713720885088447,0.32221161864681014,0.21507440979592568
1239,0.1417170545504155,0.2691656434061086,0.1274485888556931
1240,0.11724290151417857,0.24504108914919048,0.1277981876350119
1241,0.09989679616798648,0.19321308902274856,0.09331629285476208
1242,0.11127997292351889,0.2132549748914938,0.10197500196797492
1243,0.08046076160271663,0.1519182165610577,0.07145745495834106
1244,0.09046882089406566,0.17651090293371946,0.0860420820396538
1245,0.10500966335985498,0.2013384544254806,0.09632879106562561
1246,0.10520392400529895,0.1984916167708166,0.09328769276551764
1247,0.10711633066477377,0.19856860851260777,0.091452277847834
1248,0.10744635270357013,0.16238445286193756,0.054938100158367434
1249,0.10103186846940916,0.1443906541842016,0.043358785714792444
1250,0.12779519255231903,0.19014652561218437,0.062351333059865344
1251,0.12372116380783106,0.1889195392371247,0.06519837542929365
1252,0.10610320744817897,0.16075802655254817,0.0546548191043692
1253,0.11988651283341492,0.18180347676708108,0.061916963933666164
1254,0.10673289046885931,0.16804239559282866,0.06130950512396935
1255,0.13008575408204684,0.2033587964500512,0.07327304236800436
1256,0.14502701885893438,0.18345390888970997,0.038426890030775596
1257,0.13458520697330711,0.15727488214274737,0.02268967516944026
1258,0.15635193197914116,0.15080452102577616,-0.005547410953365001
1259,0.16915933445731854,0.2212576750385721,0.052098340581253566
1260,0.17274526004141363,0.17824904519688545,0.005503785155471813
1261,0.14407604207166708,0.21732039403707665,0.07324435196540957
1262,0.184315338669719,0.23647747181240641,0.05216213314268742
1263,0.17720144378420238,0.23245918101576007,0.05525773723155769
1264,0.16779940136865862,0.22202840881787153,0.05422900744921291
1265,0.12787408755303634,0.18117655909683106,0.05330247154379472
1266,0.12832320679710113,0.15724220524624977,0.028918998449148636
1267,0.1416754733233737,0.14188801153167505,0.00021253820830133274
1268,0.15761605873245987,0.1776296886881609,0.020013629955701023
1269,0.1098124471064054,0.15278463805724665,0.042972190950841246
1270,0.09588652314159656,0.12357783478623584,0.027691311644639283
1271,0.10105685319523404,0.09200328951452497,-0.009053563680709073
1272,0.15643536272829023,0.18724713713819463,0.030811774409904402
1273,0.15931053266852824,0.21431264733796423,0.055002114669436
1274,0.14671979580641903,0.20895441449515986,0.062234618688740834
1275,0.13762571205253146,0.17334586929682105,0.03572015724428959
1276,0.1209089647870085,0.2497639996950341,0.1288550349080256
1277,0.09236098164314825,0.19669500999434453,0.10433402835119628
1278,0.08884367420840716,0.11328217995879034,0.02443850575038317
1279,0.08148830174652816,0.11995535737456589,0.03846705562803773
1280,0.07272263059654026,0.1292110224711295,0.05648839187458925
1281,0.07842928457786748,0.1421572425583032,0.06372795798043572
1282,0.07573608539666435,0.12668214099328612,0.05094605559662177
1283,0.09327951239533948,0.1617573274662935,0.06847781507095403
1284,0.09645399559827113,0.13743032401388935,0.04097632841561823
1285,0.0772098514887063,0.09949609078825788,0.02228623929955159
1286,0.08445046495420348,0.10793287931170922,0.02348241435750574
1287,0.0862731341791674,0.10579408237132408,0.019520948192156676
1288,0.16708095472992363,0.25019691672296607,0.08311596199304244
1289,0.19418549992532952,0.3468392898416321,0.15265378991630257
1290,0.20566786479152108,0.29011337544605376,0.08444551065453268
1291,0.1627922966044116,0.2508222060670494,0.0880299094626378
1292,0.1398058610474498,0.2754673709305047,0.13566150988305492
1293,0.136525569784879,0.2511243851487666,0.11459881536388761
1294,0.19314080148044577,0.3022669911648651,0.10912618968441934
1295,0.19048047280861582,0.28207344709225624,0.09159297428364041
1296,0.1922345733012007,0.34381538195861017,0.15158080865740947
1297,0.20838290693871525,0.2749551953970593,0.06657228845834406
1298,0.21164567485489594,0.2576594448126563,0.04601376995776035
1299,0.1655545069362983,0.2192550064022708,0.053700499465972495
1300,0.182041097011491,0.21314210389245075,0.031101006880959764
1301,0.20061890026048815,0.18812247200658097,-0.012496428253907177
1302,0.21807764274197672,0.21996526778315165,0.0018876250411749285
1303,0.1783177942417753,0.2003945984700066,0.0220768042282313
1304,0.16548707342904387,0.21147790272087436,0.04599082929183049
1305,0.1605125827977485,0.19196835196722903,0.031455769169480535
1306,0.16724120687941535,0.19853245194130176,0.03129124506188641
1307,0.17570730310022628,0.20952253338294188,0.0338152302827156
1308,0.17267059380914235,0.1942876548398646,0.02161706103072225
1309,0.1722926948021228,0.1866079323520127,0.014315237549889892
1310,0.1877260054765155,0.2531137375034148,0.06538773202689932
1311,0.17805825453313143,0.2256151458341522,0.04755689130102078
1312,0.15014786518201226,0.16826314222654318,0.01811527704453092
1313,0.14284776348256673,0.17125535932336444,0.028407595840797717
1314,0.13331530813361056,0.16345637095059765,0.030141062816987085
1315,0.13989064561335027,0.13712298843977908,-0.002767657173571192
1316,0.15855475332162788,0.1808216932625031,0.022266939940875224
1317,0.19550395286976008,0.214805992075809,0.01930203920604892
1318,0.19732571826687692,0.26868929544784537,0.07136357718096845
1319,0.11316199347020515,0.16353855108179427,0.050376557611589115
1320,0.1309733022579743,0.13530684422738884,0.004333541969414545
1321,0.19480161245292413,0.150868339996522,-0.043933272456402134
1322,0.18088266465912445,0.2284170315353885,0.047534366876264056
1323,0.1614739575935156,0.16457649727094545,0.0031025396774298497
1324,0.13838650354745835,0.18074669172103422,0.04236018817357587
1325,0.10462814017897228,0.11173596041198358,0.0071078202330113055
1326,0.0925843751178907,0.12517725055562218,0.03259287543773148
1327,0.13948152225847024,0.15314126106400025,0.013659738805530008
1328,0.22561198748632016,0.21341580308223915,-0.012196184404081017
1329,0.08992741462851055,0.26636215443245614,0.17643473980394558
1330,0.09389011233265025,0.24420355644025052,0.15031344410760028
1331,0.08940005153790635,0.26136231880160593,0.17196226726369956
1332,0.08864155416823694,0.2546139300565783,0.16597237588834135
1333,0.09287876161670582,0.2620538240154405,0.16917506239873464
1334,0.09688181857898301,0.24816609973291123,0.15128428115392822
1335,0.08732554760967204,0.27709376304272837,0.18976821543305633
1336,0.07925794265802781,0.30548091120483517,0.22622296854680735
1337,0.07853095964718156,0.3309585808185622,0.2524276211713807
1338,0.10278107848015196,0.30509125356716393,0.202310175087012
1339,0.12622754856674825,0.2648346449993064,0.13860709643255817
1340,0.0961269152319887,0.2572795702945383,0.1611526550625496
1341,0.09814966271831765,0.18408913793374862,0.08593947521543097
1342,0.08961639934014662,0.17053250678783058,0.08091610744768396
1343,0.08119468834539334,0.15917372122553639,0.07797903288014305
1344,0.09933473968622156,0.17828091498096332,0.07894617529474177
1345,0.09396464078807536,0.17464792884226832,0.08068328805419296
1346,0.08403468319407437,0.17466954958276373,0.09063486638868937
1347,0.11404111015778538,0.15539594979904905,0.04135483964126367
1348,0.11206458307409274,0.19882752007730314,0.0867629370032104
1349,0.1104353984392614,0.2103802057563413,0.09994480731707991
1350,0.0970239649735595,0.16842144994161423,0.07139748496805473
1351,0.11173197878389345,0.16996330745067278,0.05823132866677934
1352,0.15193505979236763,0.2094150830506815,0.05748002325831386
1353,0.11074883621213784,0.14957317617495414,0.0388243399628163
1354,0.13234169905122392,0.2026035517066422,0.07026185265541829
1355,0.12508081559261786,0.19820517576868946,0.0731243601760716
1356,0.13743142071264683,0.21989128360012536,0.08245986288747853
1357,0.1273952318509119,0.1751793144015762,0.0477840825506643
1358,0.12581932707347146,0.1508123900737878,0.02499306300031634
1359,0.16608340664147142,0.19898662183879126,0.03290321519731984
1360,0.16308661343264638,0.23708951806425752,0.07400290463161113
1361,0.2208121257451212,0.23972196797444875,0.01890984222932754
1362,0.17450418732756456,0.22434467712189304,0.04984048979432848
1363,0.19215176176272333,0.23811496240486496,0.04596320064214163
1364,0.17879308421998288,0.2687790873867256,0.08998600316674274
1365,0.14484289394287003,0.19809926461037672,0.053256370667506686
1366,0.10368524137119907,0.1433000083222711,0.039614766951072036
1367,0.08208731692310527,0.09791600296690356,0.015828686043798293
1368,0.1076026793993519,0.12328066179070095,0.015677982391349043
1369,0.09717102001718002,0.1302914346354929,0.033120414618312874
1370,0.10301402979280844,0.16354208232045764,0.0605280525276492
1371,0.12490539855826129,0.1355157114020534,0.010610312843792116
1372,0.163944353795341,0.1646073555520495,0.0006630017567084978
1373,0.09401465325985081,0.12889172761963558,0.034877074359784765
1374,0.09733525898224119,0.1914853564944178,0.09415009751217662
1375,0.0789780718301077,0.1687890505689002,0.0898109787387925
1376,0.07938183519257054,0.12635312642384544,0.0469712912312749
1377,0.07551820234540477,0.14017575365167553,0.06465755130627077
1378,0.07991863595109401,0.20447309002826827,0.12455445407717426
1379,0.07524970468203662,0.1642837426209005,0.08903403793886389
1380,0.07934011389829931,0.13787600554293786,0.058535891644638544
1381,0.0714330420629698,0.12576650377020174,0.05433346170723194
1382,0.07751762704674708,0.10876552241493076,0.031247895368183676
1383,0.09332858841124247,0.1321159290975081,0.03878734068626563
1384,0.10076364378424328,0.1677871108206643,0.06702346703642102
1385,0.10146102389996776,0.11854075398638693,0.017079730086419165
1386,0.11952557919200474,0.11739057190876624,-0.0021350072832384964
1387,0.11729373071552279,0.12588628556521714,0.008592554849694345
1388,0.07592412631851225,0.10968288185797904,0.03375875553946679
1389,0.07924426104644386,0.10767528515696173,0.028431024110517872
1390,0.14896943006291916,0.23636134056687408,0.08739191050395492
1391,0.21885672617584084,0.3173484287747543,0.09849170259891343
1392,0.18448304851965128,0.3456259341324178,0.16114288561276655
1393,0.15188469952399372,0.30479696621109714,0.15291226668710342
1394,0.15280993071773044,0.32482316455889404,0.1720132338411636
1395,0.16851425459920175,0.2907762196651656,0.12226196506596385
1396,0.2160603401304764,0.309825219144799,0.0937648790143226
1397,0.21110859465444703,0.27239447203055434,0.0612858773761073
1398,0.18546432336467872,0.3084436022055313,0.12297927884085258
1399,0.1925564966919759,0.2728642690909493,0.08030777239897341
1400,0.1855607267074106,0.21054084047423613,0.024980113766825518
1401,0.19843656912057442,0.26251755834070944,0.06408098922013503
1402,0.18397009399800193,0.19951645490683828,0.015546360908836349
1403,0.20381858229145017,0.21990104760068122,0.016082465309231048
1404,0.1843332545679587,0.20187538743204353,0.01754213286408482
1405,0.17165753003099776,0.20815981476964565,0.03650228473864789
1406,0.18232565372113407,0.21659556774451313,0.03426991402337906
1407,0.17721474306758658,0.21919609346483884,0.04198135039725226
1408,0.20137560563908596,0.2215630755489678,0.02018746990988185
1409,0.23537051845268026,0.2610381792838528,0.025667660831172556
1410,0.2234917085328235,0.2869875440542468,0.06349583552142332
1411,0.19998664145871112,0.248298754446134,0.048312112987422884
1412,0.1945513841030607,0.2593900399584434,0.0648386558553827
1413,0.1840040441057559,0.24675326367533637,0.06274921956958046
1414,0.1689377510488059,0.2027641711704439,0.033826420121638
1415,0.15270264549303297,0.1890938038856747,0.03639115839264173
1416,0.12584199956425887,0.16154395696010207,0.0357019573958432
1417,0.14086413891184515,0.15549231702697397,0.014628178115128815
1418,0.20340799052268035,0.23969298516153348,0.036284994638853124
1419,0.20320872527065553,0.2089522075773648,0.005743482306709263
1420,0.18478630538336463,0.19870712959512674,0.013920824211762106
1421,0.12168290627837014,0.1632515830686586,0.04156867679028847
1422,0.14315135289090125,0.16727634252071513,0.02412498962981388
1423,0.20319603417962895,0.25493972255617436,0.051743688376545416
1424,0.17704114261296786,0.2376432420584761,0.060602099445508234
1425,0.10889433419387823,0.14924897237043794,0.04035463817655971
1426,0.1193459542724669,0.14757411519605174,0.028228160923584836
1427,0.0645107229669444,0.08102074799788662,0.01651002503094222
1428,0.14825705128256914,0.15608653256560345,0.007829481283034317
1429,0.19712166170099546,0.11398169279370675,-0.08313996890728871
1430,0.0893212944764834,0.2546078700676935,0.16528657559121007
1431,0.0962864497675967,0.2827425787223791,0.18645612895478242
1432,0.09140236815070249,0.25837751700659944,0.16697514885589695
1433,0.10056211984363966,0.2394275102882679,0.13886539044462823
1434,0.1151802707212523,0.23664932609272576,0.12146905537147347
1435,0.10281020713137849,0.25265292701251657,0.14984271988113806
1436,0.08831318661733185,0.26079350790794464,0.1724803212906128
1437,0.0855239958307515,0.24564172862854075,0.16011773279778924
1438,0.08687841996613432,0.29798796028485597,0.21110954031872164
1439,0.10235016775282117,0.22520345999836996,0.12285329224554879
1440,0.10063205512041967,0.22558073906689305,0.12494868394647338
1441,0.0991211557790209,0.18423922660239,0.0851180708233691
1442,0.10637965651545551,0.141557637042577,0.0351779805271215
1443,0.11592268446920559,0.17858637177000444,0.06266368730079885
1444,0.08902940441084704,0.1851633400453855,0.09613393563453847
1445,0.08996611232036092,0.1446957036813025,0.054729591360941576
1446,0.09734435301697363,0.13302882470668473,0.0356844716897111
1447,0.10835893814576635,0.17203663199248645,0.0636776938467201
1448,0.09271476110269038,0.14547978067499567,0.0527650195723053
1449,0.11691179190739255,0.1693683772297906,0.05245658532239804
1450,0.10200111870087256,0.16930458285460587,0.06730346415373331
1451,0.11886427889287582,0.2037143718576279,0.08485009296475207
1452,0.12851268326520396,0.20471919585410384,0.07620651258889988
1453,0.11828052274206842,0.22991676517548382,0.1116362424334154
1454,0.10964214923021773,0.16388351638317794,0.05424136715296021
1455,0.11209683136877391,0.16917696696293125,0.05708013559415734
1456,0.12506054557041604,0.12605494402597722,0.0009943984555611796
1457,0.15699941008770854,0.12352913666585336,-0.033470273421855185
1458,0.12138124034170157,0.10967513857152543,-0.011706101770176142
1459,0.16170442095367285,0.1574717562494527,-0.0042326647042201515
1460,0.14495995655771554,0.21752642225933627,0.07256646570162073
1461,0.17525944815950015,0.20889731383783666,0.033637865678336515
1462,0.1564778376317067,0.13781077814945078,-0.018667059482255915
1463,0.12439193071195696,0.1388214369987837,0.014429506286826724
1464,0.16677920301699783,0.15620574664470327,-0.010573456372294565
1465,0.1755351695646276,0.22568044574891966,0.05014527618429204
1466,0.14659077129936057,0.23431605614676598,0.08772528484740541
1467,0.19145874711312,0.2003715146920282,0.008912767578908215
1468,0.12954102629216702,0.15603922583891072,0.026498199546743706
1469,0.13099561619597058,0.10506433806970247,-0.02593127812626811
1470,0.12543191739961557,0.12595510140082747,0.0005231840012119016
1471,0.15565391910891524,0.15608048266617935,0.00042656355726411466
1472,0.08042701370304313,0.11993979976919057,0.03951278606614744
1473,0.09676952281466257,0.13966859078774646,0.04289906797308389
1474,0.09183927044020436,0.15691188040313991,0.06507260996293555
1475,0.08965976919573143,0.19501114950240903,0.1053513803066776
1476,0.11712011449900046,0.1879650255553238,0.07084491105632333
1477,0.0842996412833168,0.11503346661947442,0.030733825336157622
1478,0.07549104174646509,0.11047578434166463,0.03498474259519954
1479,0.06856684306999472,0.09335598010696027,0.024789137036965544
1480,0.06455343756167799,0.11661509917493584,0.052061661613257856
1481,0.053060318967624406,0.10278480676095661,0.0497244877933322
1482,0.04278369721766201,0.06692244089825033,0.024138743680588326
1483,0.05259148049472808,0.07432685508225176,0.021735374587523677
1484,0.12642016515211005,0.15116093450074009,0.024740769348630037
1485,0.11687800064324647,0.08253667130097224,-0.03434132934227423
1486,0.1453484107587352,0.09957529637881034,-0.04577311437992486
1487,0.13877003774984767,0.11676782636325568,-0.02200221138659199
1488,0.0887167759432339,0.11414324609654207,0.025426470153308164
1489,0.11219196948980241,0.15109109056342124,0.03889912107361883
1490,0.08840749832639119,0.11821559152986032,0.029808093203469124
1491,0.07417759220539821,0.09807187871919612,0.023894286513797908
1492,0.07957848925609114,0.11530154811561465,0.03572305885952351
1493,0.1412968457897436,0.19699926326059547,0.05570241747085186
1494,0.14762487415839481,0.29858750143760904,0.15096262727921422
1495,0.15609807733357287,0.33380984067749203,0.17771176334391917
1496,0.16527464379900303,0.34030684442202835,0.17503220062302532
1497,0.16878917510065514,0.31545785906247803,0.1466686839618229
1498,0.16839493654372714,0.3403090308205209,0.17191409427679374
1499,0.21473738757152605,0.3034322958261126,0.08869490825458654
1500,0.20775865011828662,0.27800663977935997,0.07024798966107335
1501,0.17482305522624392,0.24027000774675825,0.06544695252051433
1502,0.1946292794128684,0.213294816938812,0.018665537525943604
1503,0.18004303598519528,0.21581370295339833,0.03577066696820305
1504,0.1902572781788159,0.24019285795282,0.04993557977400409
1505,0.23659795638514391,0.2748920213153425,0.0382940649301986
1506,0.24987151968576207,0.2887746382469961,0.038903118561234046
1507,0.20688279450323674,0.28944570937441405,0.08256291487117731
1508,0.16289248726182673,0.20728866844111862,0.044396181179291894
1509,0.1669835585986435,0.2093541723214536,0.04237061372281009
1510,0.18444018207335242,0.21825146884913196,0.03381128677577955
1511,0.20995621911853476,0.2351442100339908,0.025187990915456038
1512,0.23140737943764347,0.2660436404361184,0.034636260998474916
1513,0.20406997877646593,0.32257854737660613,0.1185085686001402
1514,0.20933888342390514,0.26127927587296185,0.05194039244905671
1515,0.11591228712141893,0.16169137132188338,0.04577908420046445
1516,0.12123902769477331,0.16296318884535024,0.041724161150576936
1517,0.12339518234493661,0.16364481665270864,0.04024963430777202
1518,0.17833217249773706,0.23349155917766848,0.05515938667993142
1519,0.15194913735793858,0.20204795738258122,0.05009882002464264
1520,0.16432631875807455,0.16799117193534108,0.0036648531772665305
1521,0.15628389708605073,0.10172555633386916,-0.054558340752181564
1522,0.1855740435075649,0.1053610398807454,-0.0802130036268195
1523,0.18200262952272575,0.13094682427596063,-0.05105580524676512
1524,0.18452889606171757,0.14173253032030741,-0.04279636574141016
1525,0.16559870335643212,0.16746913718707737,0.0018704338306452517
1526,0.09503924440621661,0.14187476728717327,0.04683552288095666
1527,0.09392508646787211,0.18211772381327979,0.08819263734540768
1528,0.10655819298163216,0.164684304499026,0.05812611151739383
1529,0.0911469604224759,0.13585668891580907,0.04470972849333317
1530,0.11928602657960767,0.13106001695216213,0.011773990372554458
1531,0.09644260850272261,0.18656311686735172,0.0901205083646291
1532,0.10002865039419945,0.1889283583957687,0.08889970800156924
1533,0.09815658762853811,0.24430367457895413,0.146147086950416
1534,0.10646518188178218,0.1887226190159021,0.08225743713411991
1535,0.10169757134363298,0.16248355141337711,0.06078598006974413
1536,0.10200788692507784,0.20495603606403504,0.1029481491389572
1537,0.09405634148070402,0.2845231061472933,0.1904667646665893
1538,0.08890872714926905,0.24403681528801924,0.15512808813875018
1539,0.08850306281319566,0.20396898091740578,0.11546591810421013
1540,0.08911012816603676,0.2028824709590244,0.11377234279298763
1541,0.09328519404542263,0.17493459222426988,0.08164939817884725
1542,0.09708710753485869,0.18756745419217943,0.09048034665732074
1543,0.11162908365966107,0.17217130407999376,0.06054222042033269
1544,0.0972187118820733,0.13646487716145636,0.03924616527938306
1545,0.09800318176038327,0.17948315178761653,0.08147997002723327
1546,0.09170196477858054,0.14878097065911983,0.05707900588053928
1547,0.08192049946441732,0.13082750943802687,0.048907009973609555
1548,0.07808494245180257,0.11998819458281351,0.04190325213101094
1549,0.08133120377357331,0.11789416706228403,0.036562963288710726
1550,0.08369779302937408,0.10104639032408598,0.0173485972947119
1551,0.12200902018748304,0.1468352591218984,0.024826238934415365
1552,0.10905292876172527,0.15481403208088848,0.04576110331916321
1553,0.09462593271856823,0.13737152983807824,0.04274559711951001
1554,0.09229602353395179,0.1516620209470972,0.0593659974131454
1555,0.10007151212117973,0.23593075740347444,0.1358592452822947
1556,0.09000588430165592,0.19822062048849645,0.10821473618684053
1557,0.1158856070789606,0.16542780272591603,0.04954219564695543
1558,0.12582603614322646,0.13571336629101555,0.009887330147789086
1559,0.15654475018881933,0.1379919070720872,-0.018552843116732137
1560,0.16035908215976608,0.15866420679526702,-0.0016948753644990544
1561,0.19705789585426814,0.17127282536690236,-0.02578507048736578
1562,0.1873833926801691,0.20308307154876942,0.015699678868600325
1563,0.13237114898104585,0.16815670834346966,0.03578555936242381
1564,0.14875728787477582,0.15667396324293661,0.007916675368160792
1565,0.13888779495600814,0.1914186059519971,0.05253081099598897
1566,0.14962172576794433,0.22221637303051156,0.07259464726256723
1567,0.17334274148755274,0.2316292023250832,0.058286460837530446
1568,0.13070301669569293,0.2216566331336367,0.09095361643794378
1569,0.12929676108476187,0.1774097345676666,0.04811297348290472
1570,0.18996701718771034,0.1988946611934557,0.008927644005745361
1571,0.16361366503171207,0.17360633891217328,0.009992673880461211
1572,0.1260648632325183,0.1865286495390433,0.06046378630652499
1573,0.1815422231917202,0.22427046462157063,0.04272824142985043
1574,0.12956550153617852,0.1897126116708225,0.060147110134643994
1575,0.07673136682441857,0.10451459520937975,0.02778322838496118
1576,0.10279647871184265,0.1298174421550136,0.02702096344317094
1577,0.09757272163034626,0.16086814167177385,0.06329542004142759
1578,0.13485304064336123,0.17580140022893653,0.0409483595855753
1579,0.15892358945042134,0.16389705678795546,0.004973467337534121
1580,0.12876033437595946,0.1353230937331424,0.006562759357182951
1581,0.0908751677747465,0.12709752296898089,0.03622235519423439
1582,0.0820092829989319,0.17316120369109875,0.09115192069216685
1583,0.03811261196255308,0.06047749277843498,0.0223648808158819
1584,0.0607147842936477,0.06757573593277748,0.006860951639129781
1585,0.11868548145378965,0.11907337549815761,0.0003878940443679535
1586,0.1345301019319543,0.12010009732020843,-0.014430004611745872
1587,0.1330784109876128,0.11847971753757934,-0.014598693450033465
1588,0.1004049871184482,0.07452823544651348,-0.02587675167193472
1589,0.11763660178698422,0.08921891747905998,-0.02841768430792424
1590,0.10187283142136822,0.1327378177058623,0.030864986284494078
1591,0.09437597429424997,0.15658680528044297,0.062210830986193
1592,0.09622774140545173,0.15677702519985023,0.0605492837943985
1593,0.10608591741190121,0.16921807281313392,0.06313215540123271
1594,0.11660517905128362,0.1354949214337911,0.018889742382507485
1595,0.12232289636062092,0.1999369984927729,0.07761410213215199
1596,0.13398097136190953,0.29907265555237567,0.16509168419046613
1597,0.13806199958986418,0.347942525287216,0.2098805256973518
1598,0.160789413002672,0.3609290052012562,0.2001395921985842
1599,0.1614107646949264,0.32028620377455413,0.15887543907962773
1600,0.1569426787245621,0.24927609862473094,0.09233341990016883
1601,0.16147049349110507,0.2547877442855624,0.09331725079445732
1602,0.21004651718871822,0.26902323489339275,0.058976717704674525
1603,0.10127423894948105,0.14439093103312067,0.04311669208363962
1604,0.14375476425763187,0.18198552193411208,0.03823075767648021
1605,0.1933696495997328,0.2219643195546321,0.028594669954899316
1606,0.20447142743119137,0.2524334237228887,0.04796199629169731
1607,0.2534025979307211,0.30383612943108734,0.050433531500366224
1608,0.2144221127764668,0.25460826409192105,0.04018615131545425
1609,0.2527493136767677,0.3046722096564989,0.05192289597973121
1610,0.1489695187306663,0.19114976155662514,0.042180242825958836
1611,0.1394989573294949,0.1813067346111286,0.04180777728163368
1612,0.18291572580841084,0.23247234772082195,0.049556621912411114
1613,0.2022588022615015,0.23742481483948516,0.03516601257798366
1614,0.1814073244299868,0.21801940337410086,0.03661207894411406
1615,0.18508175712513691,0.22777502592081936,0.04269326879568244
1616,0.18080866201015341,0.21447822316444645,0.03366956115429304
1617,0.1449033433718235,0.18464384763400749,0.03974050426218398
1618,0.1209949845523508,0.16175376569125796,0.04075878113890716
1619,0.13005179266361647,0.17094894765264285,0.04089715498902638
1620,0.15546132823771575,0.19400831393281917,0.038546985695103425
1621,0.13503150465454308,0.16263883883455071,0.02760733418000763
1622,0.1654706920262143,0.16606801485490416,0.0005973228286898502
1623,0.19286308523955403,0.13699953620199948,-0.055863549037554555
1624,0.15532494312642162,0.13549130627026196,-0.01983363685615966
1625,0.15118109076940797,0.15869172619046024,0.007510635421052264
1626,0.16172141915912364,0.17302051829426834,0.011299099135144708
1627,0.17890313538204683,0.14251416747807835,-0.03638896790396848
1628,0.12330905741596218,0.14476295844963313,0.021453901033670952
1629,0.09565896407602831,0.14813008072685172,0.05247111665082341
1630,0.10992630975122619,0.15392306158910535,0.043996751837879156
1631,0.14240142712824844,0.12222061103663563,-0.020180816091612805
1632,0.0916280724684566,0.176684913836032,0.0850568413675754
1633,0.0949224766579932,0.22560141403636239,0.1306789373783692
1634,0.10355124451689189,0.21742445093364146,0.11387320641674957
1635,0.10129535450088858,0.20757737134623053,0.10628201684534194
1636,0.13800536638012664,0.23559601522324877,0.09759064884312213
1637,0.13306355413221488,0.23052439851044712,0.09746084437823224
1638,0.09174042859942737,0.18439097685390746,0.09265054825448009
1639,0.11148445449322879,0.18458844293991952,0.07310398844669073
1640,0.10329201968831637,0.14448855759755927,0.041196537909242895
1641,0.1002734414643167,0.1741101168248012,0.07383667536048451
1642,0.11965451797389742,0.2335153980175044,0.11386088004360698
1643,0.1052764016607227,0.2200478827371619,0.11477148107643918
1644,0.09886022508987109,0.17466290133224197,0.07580267624237087
1645,0.10274415035650712,0.1946287310650219,0.09188458070851478
1646,0.08681742011116256,0.16135819782548333,0.07454077771432077
1647,0.08279092805679951,0.11951030754261485,0.03671937948581534
1648,0.0805673898884008,0.1370178112733079,0.05645042138490709
1649,0.0848230648614024,0.13837613027011697,0.05355306540871457
1650,0.08902886275923498,0.13865916353867977,0.04963030077944479
1651,0.0994106998309973,0.12445624694645159,0.025045547115454286
1652,0.12974099575809694,0.18935161259137845,0.059610616833281505
1653,0.1368114887396024,0.23308871996177102,0.09627723122216864
1654,0.09598325818292068,0.1748965422412531,0.07891328405833241
1655,0.09684934466773427,0.19558200431391978,0.09873265964618551
1656,0.10366961107897117,0.2056517895138332,0.10198217843486203
1657,0.10902568943613379,0.17817427520630044,0.06914858577016665
1658,0.12544296188989137,0.1631634476910176,0.03772048580112622
1659,0.12956032603174145,0.16095015208382046,0.03138982605207902
1660,0.18377919128838036,0.17631001448765105,-0.00746917680072931
1661,0.16653027891963967,0.1697039840756436,0.003173705156003931
1662,0.16523526394125151,0.16325507041342507,-0.0019801935278264404
1663,0.1459852683931979,0.2035297671007417,0.0575444987075438
1664,0.11758134683048967,0.16603936468941757,0.04845801785892791
1665,0.14665201685531623,0.18313816700415586,0.03648615014883963
1666,0.10682717815819956,0.14275782474818713,0.03593064658998757
1667,0.09863103609794886,0.16222043101553324,0.06358939491758438
1668,0.13795939282588826,0.20863877787924115,0.07067938505335289
1669,0.15106742724752387,0.21377360359565323,0.06270617634812936
1670,0.1579237824888297,0.18252039631332556,0.02459661382449585
1671,0.1641136451772352,0.22116424721719397,0.057050602039958764
1672,0.16338341777358353,0.21401345766023436,0.050630039886650824
1673,0.1650337085011932,0.1960416001556866,0.031007891654493414
1674,0.1615208737754043,0.17753373403690728,0.016012860261502976
1675,0.1459635907756447,0.23509693057370895,0.08913333979806426
1676,0.10354257482181287,0.151130788233105,0.04758821341129213
1677,0.09313414023270876,0.14254016174166845,0.04940602150895969
1678,0.1349600866337222,0.18521534525347483,0.050255258619752635
1679,0.15286012229194668,0.19695056277415676,0.044090440482210086
1680,0.1493871871644356,0.18214827217565221,0.032761085011216606
1681,0.16559729558224062,0.1729230395234275,0.007325743941186874
1682,0.13043931893643126,0.17490271894505482,0.04446340000862356
1683,0.09417159775757475,0.15102889684178372,0.05685729908420897
1684,0.046423441110819856,0.08103010030706594,0.03460665919624608
1685,0.058810915529641634,0.07462934045482209,0.01581842492518045
1686,0.06201942038915844,0.08048988299973978,0.018470462610581335
1687,0.08935746826877214,0.08239259954175315,-0.006964868727018986
1688,0.05827620031220047,0.1125862407376728,0.054310040425472335
1689,0.06884683976835711,0.11645519309923051,0.047608353330873404
1690,0.08415379486327303,0.14059673460331765,0.05644293974004462
1691,0.07361069092365828,0.17456689498245262,0.10095620405879434
1692,0.060339764653120805,0.13248429869052708,0.07214453403740628
1693,0.09730417956666554,0.1592688061644115,0.06196462659774596
1694,0.11543884837942428,0.19350102283611625,0.07806217445669197
1695,0.12867147432454387,0.1969241334591489,0.06825265913460501
1696,0.12610687892266267,0.22888786142138734,0.10278098249872467
1697,0.1445198091333229,0.2344243410129544,0.08990453187963149
1698,0.14673703036709865,0.2911616822255651,0.14442465185846645
1699,0.1521440868376563,0.35428945599264555,0.20214536915498926
1700,0.17712277355987616,0.28780734132461383,0.11068456776473767
1701,0.15784646240163888,0.2501739009263314,0.09232743852469252
1702,0.15879712415473313,0.21319272771761497,0.05439560356288184
1703,0.19524151491523042,0.23623266790077552,0.04099115298554509
1704,0.16280089803854605,0.20529100265827227,0.042490104619726216
1705,0.19420882685410865,0.23799474779006535,0.04378592093595671
1706,0.19206498849119316,0.23614149650746388,0.04407650801627072
1707,0.18715817909883212,0.24454317770106332,0.0573849986022312
1708,0.19139614833380025,0.2607645000446112,0.06936835171081096
1709,0.16782993775132884,0.2301886212463993,0.062358683495070455
1710,0.16180937746071042,0.20155308820266826,0.039743710741957844
1711,0.13393112918548034,0.15209253613057697,0.01816140694509663
1712,0.1216589638515593,0.1546003971807458,0.032941433329186504
1713,0.13973314726037322,0.1758273912299727,0.03609424396959948
1714,0.17073383253838967,0.18978719427071084,0.019053361732321167
1715,0.15438790694225996,0.16406737898774781,0.009679472045487858
1716,0.1626793953341307,0.19951319364917935,0.036833798315048655
1717,0.15224770247760594,0.19273570055261574,0.0404879980750098
1718,0.16649862842947702,0.2103441170660293,0.04384548863655227
1719,0.17071068886681182,0.2110546747819255,0.04034398591511368
1720,0.1539092162005287,0.19343156987891033,0.03952235367838164
1721,0.12712067277096398,0.1662840009928965,0.039163328221932525
1722,0.11101011758591808,0.14584361577836208,0.034833498192443996
1723,0.14412235550979358,0.17749073883107483,0.03336838332128125
1724,0.1415159452282679,0.17386981588237635,0.03235387065410844
1725,0.13395868145294829,0.17438952280473477,0.040430841351786484
1726,0.14394542546215558,0.15386430803616852,0.009918882574012938
1727,0.1318855556322378,0.11771794781549912,-0.01416760781673869
1728,0.15884624151466378,0.18284126531239087,0.023995023797727083
1729,0.17051863406200563,0.22086622402596476,0.05034758996395913
1730,0.1626660146301125,0.2063761052676816,0.043710090637569116
1731,0.1236084720270047,0.15371887663134826,0.030110404604343555
1732,0.17288825280459158,0.16789541512396947,-0.004992837680622114
1733,0.09559674753279707,0.16753917271620986,0.07194242518341279
1734,0.09678071013692707,0.2162501507672578,0.11946944063033071
1735,0.09024027774836119,0.1979389416338398,0.10769866388547861
1736,0.11396716599243051,0.22429429665575706,0.11032713066332656
1737,0.1755674872496304,0.30165590780482876,0.12608842055519837
1738,0.16965397571326654,0.2225790422982304,0.05292506658496385
1739,0.11526657182606827,0.17980994115061222,0.06454336932454395
1740,0.09317504289349811,0.17023454542903588,0.07705950253553777
1741,0.08482719990314394,0.17415722081178195,0.08933002090863801
1742,0.08931084796587206,0.13884055834310718,0.04952971037723512
1743,0.10416406435092979,0.15893541077322207,0.05477134642229228
1744,0.10062600988175306,0.17895125967834183,0.07832524979658877
1745,0.1204543761848112,0.17619511378104438,0.055740737596233186
1746,0.15017662804304285,0.17420716246501386,0.024030534421971006
1747,0.10433374495343259,0.17334120365077385,0.06900745869734126
1748,0.08875891432291261,0.1594230870396472,0.07066417271673459
1749,0.08779132698217174,0.16103520444024153,0.07324387745806979
1750,0.12949064625019363,0.2578833416179979,0.1283926953678043
1751,0.13851280468897795,0.22162221365660467,0.08310940896762672
1752,0.10396370052335853,0.16252195734043806,0.05855825681707953
1753,0.11449332101481907,0.20280002499249103,0.08830670397767196
1754,0.14045175579775684,0.21801371994786392,0.07756196415010708
1755,0.14973660931724747,0.2006246448159448,0.05088803549869733
1756,0.11951276014603357,0.18259250142507508,0.0630797412790415
1757,0.1250061890726331,0.1691753687663809,0.044169179693747784
1758,0.12371128284754224,0.1905463977671111,0.06683511491956887
1759,0.12595727268805765,0.19041588334703916,0.06445861065898151
1760,0.138439393755056,0.18829432342774116,0.04985492967268515
1761,0.18062416165717146,0.2057360405120635,0.02511187885489205
1762,0.18791475472858538,0.23434106040326136,0.04642630567467598
1763,0.1335436275948076,0.1702791606745113,0.0367355330797037
1764,0.13540287273331542,0.16755470467516845,0.03215183194185303
1765,0.13560590344802256,0.19737610270087852,0.061770199252855956
1766,0.16131688037797356,0.23115806165625188,0.06984118127827832
1767,0.1392613224219186,0.20313806302691362,0.06387674060499501
1768,0.10569611717653812,0.16689760600233441,0.06120148882579629
1769,0.12476730199480965,0.1885561129895111,0.06378881099470146
1770,0.14490575345220055,0.21976810622848336,0.07486235277628281
1771,0.12946376953557065,0.2339611773815691,0.10449740784599845
1772,0.12786317291448868,0.1980105766867499,0.07014740377226122
1773,0.18355352938737024,0.18181505781080498,-0.0017384715765652592
1774,0.21631109564959927,0.10646520366415398,-0.1098458919854453
1775,0.25375677147900183,0.19385857750658259,-0.059898193972419245
1776,0.15722921383452657,0.234769427578708,0.07754021374418144
1777,0.11753766590385885,0.12993272162755817,0.012395055723699325
1778,0.11806840936637489,0.13165864264889565,0.013590233282520764
1779,0.1570324070295404,0.23384062755783028,0.07680822052828987
1780,0.14132838912185527,0.18775049337477012,0.04642210425291485
1781,0.1525851279980983,0.14846166959645876,-0.0041234584016395515
1782,0.157835549956689,0.17148936363238979,0.013653813675700788
1783,0.18044054743256888,0.2045207997336115,0.02408025230104263
1784,0.12404086836322212,0.21807732757781872,0.09403645921459661
1785,0.07449484285297867,0.13933602122395541,0.06484117837097675
1786,0.0662829343933836,0.11253820900823445,0.04625527461485085
1787,0.06506269376081876,0.11682453133054646,0.0517618375697277
1788,0.08034479851946501,0.1526593593650388,0.07231456084557379
1789,0.07364635471947896,0.17655142617728126,0.1029050714578023
1790,0.07366316869072805,0.17823471988247258,0.10457155119174454
1791,0.06192067607327788,0.12963657441678525,0.06771589834350737
1792,0.0407209332763116,0.08212819627551589,0.04140726299920429
1793,0.03622811982901878,0.05869604958471282,0.02246792975569404
1794,0.06399066197297011,0.09386527564885211,0.029874613675881997
1795,0.15138956208358528,0.17431528991090778,0.022925727827322495
1796,0.12910124718486365,0.22681455088628508,0.09771330370142142
1797,0.1506059498885153,0.24143718450231652,0.09083123461380121
1798,0.17622982857559702,0.2831309532355566,0.10690112465995957
1799,0.15499326346362777,0.272639965838854,0.11764670237522626
1800,0.1457432612861431,0.3071962671579249,0.16145300587178182
1801,0.15371741721089524,0.2850549262982722,0.13133750908737699
1802,0.15508450392615514,0.21732004664271523,0.062235542716560094
1803,0.15254076429767835,0.1910833069542038,0.03854254265652546
1804,0.16825950258863384,0.21025486637844756,0.04199536378981372
1805,0.18626398902338728,0.24389097551867012,0.057626986495282834
1806,0.18320040556212708,0.24078492716726466,0.05758452160513758
1807,0.17843975269165652,0.2526305500874266,0.07419079739577006
1808,0.17057865842055164,0.23642052890772072,0.06584187048716908
1809,0.12882244412304097,0.178945248532385,0.050122804409344024
1810,0.11890252493369062,0.1615608504318737,0.04265832549818309
1811,0.1366328346189889,0.17258715057784524,0.03595431595885634
1812,0.15883768766311587,0.20387207138806646,0.04503438372495058
1813,0.1792013621459535,0.1944455450199562,0.015244182874002699
1814,0.15109919718857837,0.1624526606071574,0.01135346341857904
1815,0.12150708912387806,0.14202693805160796,0.0205198489277299
1816,0.11959029370937345,0.1419512801966666,0.022360986487293164
1817,0.16424204172073323,0.20478513677126792,0.04054309505053469
1818,0.1749962179257186,0.214494049325637,0.039497831399918415
1819,0.14414579275732803,0.1807480505914292,0.036602257834101176
1820,0.14209402586791298,0.17899707727930983,0.03690305141139685
1821,0.11311508736938906,0.14846647101485927,0.035351383645470205
1822,0.11696810306720481,0.1531121125280678,0.03614400946086299
1823,0.17040916477461585,0.22621423626990136,0.05580507149528552
1824,0.19300493190111123,0.23159268549969603,0.038587753598584795
1825,0.13746206482084639,0.1675421219010884,0.030080057080242
1826,0.15970703466036207,0.188187215386268,0.02848018072590594
1827,0.13761746133245512,0.13508326333255308,-0.002534197999902038
1828,0.16422387952438156,0.11446630026367136,-0.0497575792607102
1829,0.1634774546301008,0.11811659062530212,-0.045360864004798676
1830,0.13213181311244135,0.09912407270401724,-0.03300774040842411
1831,0.11700657479141528,0.13132193344309026,0.014315358651674978
1832,0.15414016488419907,0.13558326874362478,-0.01855689614057429
1833,0.0927076034413773,0.1367431769743906,0.044035573533013295
1834,0.0864380491639679,0.1465535670123815,0.06011551784841361
1835,0.0931230020777711,0.15534084297632772,0.062217840898556614
1836,0.07978849187346602,0.1652762604814999,0.08548776860803388
1837,0.1366756859580965,0.27048313883094105,0.13380745287284454
1838,0.13469723015996374,0.23639091617870508,0.10169368601874135
1839,0.10659580914828304,0.17085870514776666,0.06426289599948362
1840,0.1347803605779028,0.22507595500471364,0.09029559442681084
1841,0.08554744116595185,0.1824138176579514,0.09686637649199954
1842,0.08038809453562912,0.1513345430665627,0.07094644853093357
1843,0.08276664314464094,0.08642214354054292,0.003655500395901984
1844,0.08881532251625279,0.12760443365041527,0.038789111134162474
1845,0.11574931006349402,0.16642137897689438,0.050672068913400356
1846,0.11172713514564402,0.20503457711231696,0.09330744196667294
1847,0.1297712945741355,0.1893401412701777,0.059568846696042205
1848,0.10300808900784823,0.17196856690208354,0.0689604778942353
1849,0.0965404477364323,0.16784169088253956,0.07130124314610725
1850,0.09370801411076704,0.14409565193751134,0.0503876378267443
1851,0.12920923392040787,0.19816459114866297,0.0689553572282551
1852,0.15340940996788158,0.23517383449911552,0.08176442453123395
1853,0.11857681949934343,0.1941678498100174,0.07559103031067396
1854,0.1455990664095996,0.2064923643489499,0.060893297939350305
1855,0.14368574578301113,0.25462785959201817,0.11094211380900704
1856,0.15975904624264686,0.2316814404736505,0.07192239423100363
1857,0.13618852753334432,0.16451799789652802,0.0283294703631837
1858,0.14631916409319193,0.11740801381714316,-0.028911150276048764
1859,0.12401090306693897,0.17123269363295687,0.0472217905660179
1860,0.12471776984963483,0.202115860387307,0.07739809053767217
1861,0.11882459280968277,0.1969263909623476,0.07810179815266483
1862,0.14830734727306322,0.1913632351080027,0.043055887834939494
1863,0.12750378801959386,0.24018634016640164,0.11268255214680778
1864,0.15729719455485489,0.23727529794275362,0.07997810338789874
1865,0.13654751201385018,0.18405511945506595,0.047507607441215766
1866,0.12720510218117495,0.19571543254898063,0.06851033036780568
1867,0.11866838027700616,0.20904314928698797,0.09037476900998181
1868,0.17232067987228472,0.21055145404530784,0.03823077417302312
1869,0.14734025076712792,0.19896097178050862,0.051620721013380694
1870,0.11728627705273276,0.1663727793272495,0.04908650227451675
1871,0.11125426938123484,0.1919633257459738,0.08070905636473896
1872,0.1130472881663929,0.1667979966421542,0.0537507084757613
1873,0.12134534537329873,0.200720256981686,0.07937491160838726
1874,0.14984912039201015,0.15309402464082433,0.0032449042488141844
1875,0.15930469767906102,0.1568279193375305,-0.002476778341530511
1876,0.17456081664525816,0.20222939525626957,0.027668578611011407
1877,0.10108582422676173,0.1688270286212547,0.06774120439449298
1878,0.13936772016575202,0.2111213264914039,0.07175360632565186
1879,0.16472793154634882,0.24081005057652882,0.07608211903018
1880,0.1499865104529513,0.2261172290143101,0.0761307185613588
1881,0.09363757699333349,0.12972605436288745,0.036088477369553965
1882,0.11978866980197742,0.16252013684170546,0.04273146703972805
1883,0.1591027754080388,0.22046985514893072,0.06136707974089192
1884,0.1611946154941774,0.22539100422978392,0.06419638873560651
1885,0.14985589045400444,0.22390411292819512,0.07404822247419068
1886,0.11959595181529209,0.2093209105226047,0.08972495870731262
1887,0.09287475315037076,0.18120568362673586,0.0883309304763651
1888,0.07658392877243998,0.18438419026648278,0.1078002614940428
1889,0.08623998909260211,0.2004215591722894,0.1141815700796873
1890,0.08803406756491094,0.20347106197501166,0.11543699441010072
1891,0.09179191743603562,0.2044903786809874,0.11269846124495178
1892,0.08528190618967071,0.16722488082867468,0.08194297463900396
1893,0.07680444735867345,0.14971433069711726,0.07290988333844381
1894,0.07095991090863157,0.1416347855137619,0.07067487460513033
1895,0.11742530989485521,0.17941771024170036,0.06199240034684515
1896,0.11039874459874498,0.1520166349056101,0.04161789030686512
1897,0.1194304678647066,0.1902868744366573,0.07085640657195069
1898,0.13667419543670434,0.20847257481349202,0.07179837937678768
1899,0.17083740309122844,0.24581298239518717,0.07497557930395873
1900,0.1685504500803767,0.25285741744998824,0.08430696736961155
1901,0.18518866375651397,0.2651210084462588,0.07993234468974483
1902,0.16191251013278563,0.27148727874482237,0.10957476861203674
1903,0.16838106803931338,0.24799231254182588,0.0796112445025125
1904,0.1499691722427824,0.19728575866161163,0.04731658641882924
1905,0.17055997522623786,0.22850660948698404,0.05794663426074617
1906,0.19417982470455564,0.24015108537616348,0.04597126067160784
1907,0.17411177021265764,0.2121183165574377,0.03800654634478007
1908,0.17452470750459545,0.23072325383370354,0.05619854632910809
1909,0.15799540500883552,0.2143265463746087,0.05633114136577319
1910,0.13433377167037014,0.17087067222578256,0.03653690055541242
1911,0.13427924764663504,0.1596321312909217,0.025352883644286672
1912,0.13378451736913338,0.14838117136720294,0.014596653998069559
1913,0.15009896776350176,0.19220691702571355,0.042107949262211786
1914,0.1476797376856016,0.19502414649066838,0.04734440880506677
1915,0.12412655306002832,0.16747548675602067,0.04334893369599235
1916,0.14210006817889229,0.17726930899082913,0.03516924081193684
1917,0.09885647877311575,0.1303524423307104,0.03149596355759464
1918,0.09197261760006303,0.12160314182339968,0.029630524223336646
1919,0.1356365348507313,0.1699656310870844,0.03432909623635311
1920,0.14410830544860656,0.1827393678087203,0.03863106236011374
1921,0.12717844943871273,0.1665190546830942,0.03934060524438146
1922,0.12299708736600601,0.16145716705592444,0.038460079689918436
1923,0.1600690866995001,0.19688491572254666,0.03681582902304656
1924,0.15346208446171175,0.19969453526719116,0.046232450805479414
1925,0.17037445364770565,0.21206953592119934,0.041695082273493694
1926,0.17426365260926335,0.1937870154447167,0.019523362835453334
1927,0.15362681058828828,0.17544115300367547,0.021814342415387183
1928,0.1238849485113145,0.14017217690344538,0.016287228392130884
1929,0.1438978716652894,0.10412579204617137,-0.03977207961911802
1930,0.10041903023176703,0.10893243362986058,0.008513403398093547
1931,0.06652910621805014,0.055348464763776674,-0.011180641454273464
1932,0.06616007880303791,0.057758438615534334,-0.008401640187503577
1933,0.19397051533541315,0.11184788842824744,-0.08212262690716571
1934,0.12782524407400953,0.23442098111828635,0.10659573704427683
1935,0.09712877213263305,0.22290676578219165,0.1257779936495586
1936,0.08569099821602796,0.18521214327156785,0.09952114505553988
1937,0.09383675847297102,0.19868109579833582,0.1048443373253648
1938,0.09704153433415912,0.2475962825139404,0.15055474817978126
1939,0.10869201651600213,0.20284011449966777,0.09414809798366564
1940,0.11779229326202237,0.19835992400072833,0.08056763073870596
1941,0.08624167107068179,0.17298577795154563,0.08674410688086384
1942,0.09688809712342922,0.1966642915075405,0.09977619438411128
1943,0.09362054036162007,0.15001029567775956,0.05638975531613949
1944,0.08478677555796932,0.13357967075583096,0.048792895197861647
1945,0.08368941918347664,0.11468744206433804,0.030998022880861398
1946,0.09321533443218163,0.128269558851511,0.03505422441932937
1947,0.0910902157004103,0.1594127718180888,0.0683225561176785
1948,0.11253403919308079,0.16388955710107808,0.05135551790799729
1949,0.11786205477283399,0.17646347184059327,0.05860141706775929
1950,0.10819427963432342,0.21633201402147695,0.10813773438715353
1951,0.09444243003905824,0.14798294086710403,0.0535405108280458
1952,0.12500036534503903,0.1704300258265525,0.04542966048151348
1953,0.11443250261511076,0.19696636439151255,0.08253386177640179
1954,0.12561214234304605,0.22457476984152908,0.09896262749848303
1955,0.1520731047634805,0.29466208249909354,0.14258897773561305
1956,0.14438409615385236,0.2313012575591459,0.08691716140529354
1957,0.14110247685801744,0.2290289337477365,0.08792645688971906
1958,0.12205327753520495,0.1710496028771362,0.04899632534193124
1959,0.1421423191390844,0.1774416143229783,0.03529929518389391
1960,0.12139665541290436,0.2404697942177778,0.11907313880487345
1961,0.12928947068476776,0.21010445709773937,0.0808149864129716
1962,0.1285237398538691,0.21631474140410442,0.08779100155023531
1963,0.11666118206006243,0.19653583425605597,0.07987465219599355
1964,0.1496595572301759,0.22426068609897165,0.07460112886879575
1965,0.14625092196972758,0.2095035788128745,0.06325265684314693
1966,0.1671184245962524,0.2452149180878458,0.0780964934915934
1967,0.14301404764255854,0.1809573272358569,0.03794327959329835
1968,0.11960724789550374,0.1674203537060427,0.04781310581053895
1969,0.17033801044702976,0.2511629799644503,0.08082496951742055
1970,0.13704404147556812,0.259368727485363,0.12232468600979488
1971,0.11959676725770277,0.1884835787829749,0.06888681152527212
1972,0.12998856685575905,0.19532870955872328,0.06534014270296423
1973,0.09740869053212499,0.14206852314576096,0.04465983261363597
1974,0.10984595882364705,0.16784174511617203,0.057995786292524984
1975,0.08935675971254739,0.13458432390407526,0.045227564191527875
1976,0.09833843799878755,0.1435662429499396,0.045227804951152056
1977,0.17325309945555165,0.20742018762808467,0.03416708817253303
1978,0.1725676710750852,0.2194361601666456,0.04686848909156041
1979,0.16120825821160745,0.22786083415920413,0.06665257594759669
1980,0.14700259101365584,0.27595483973910956,0.12895224872545372
1981,0.15261185944209837,0.22407038732652826,0.07145852788442988
1982,0.0879266817542859,0.12754003390285532,0.03961335214856941
1983,0.10623910364192835,0.18510720683597545,0.0788681031940471
1984,0.14555993957955346,0.2148217121944299,0.06926177261487643
1985,0.11986963907139991,0.15963592039586672,0.0397662813244668
1986,0.12344075539558705,0.16595204938579627,0.042511293990209226
1987,0.08116999820550459,0.14098398651626,0.05981398831075542
1988,0.14241939980243595,0.2214426820426559,0.07902328224021996
1989,0.1523889672328883,0.26022686112730825,0.10783789389441994
1990,0.14596296254617844,0.24747029394123032,0.10150733139505189
1991,0.1356615549114624,0.23912848001036247,0.10346692509890007
1992,0.09041944973956664,0.15645134142992764,0.066031891690361
1993,0.09453326505558947,0.15239021677700215,0.05785695172141268
1994,0.0890314398379396,0.12744922348224322,0.03841778364430362
1995,0.12382965291588255,0.17559905271239373,0.051769399796511184
1996,0.16657347517037044,0.1829917576672194,0.016418282496848957
1997,0.17500619068998455,0.17498776154136994,-1.8429148614607094e-05
1998,0.1268479469649457,0.20036560601913614,0.07351765905419044
1999,0.14223927935623698,0.20291767413482378,0.0606783947785868
2000,0.1499854153895266,0.2153381565018414,0.06535274111231482
2001,0.18809974986362965,0.25352166791599756,0.06542191805236791
2002,0.18498116714132984,0.22599663110749732,0.04101546396616748
2003,0.16417971741902232,0.2207134859358856,0.056533768516863286
2004,0.1392500241199814,0.19661030296031923,0.057360278840337814
2005,0.16222063898208172,0.1768378311354692,0.01461719215338747
2006,0.1905676857796832,0.21548186842554418,0.024914182645860983
2007,0.19267765102665255,0.20507702221978155,0.012399371193129005
2008,0.17391183914532127,0.211219253488516,0.037307414343194734
2009,0.1684901835956602,0.20734371586569997,0.038853532270039765
2010,0.18184870052421717,0.24472313743084603,0.06287443690662886
2011,0.14749686994405387,0.1858884236880797,0.038391553744025836
2012,0.16818542669891137,0.19638614678416716,0.028200720085255787
2013,0.13151192736568984,0.14049643373934276,0.008984506373652917
2014,0.17160831867837845,0.2187121969765503,0.047103878298171864
2015,0.18341081320271593,0.23486439352834504,0.051453580325629106
2016,0.13006733674287208,0.179223432076224,0.04915609533335191
2017,0.14930975551240477,0.19557586808461433,0.046266112572209556
2018,0.09924534381265052,0.1330179491615913,0.033772605348940776
2019,0.07727840522285548,0.11141396391786855,0.03413555869501307
2020,0.12416273259614755,0.1609381512572592,0.03677541866111164
2021,0.14957557207183342,0.1937382564003108,0.04416268432847739
2022,0.11460305223807758,0.15239701304514988,0.0377939608070723
2023,0.11005864815643875,0.1501933602636996,0.04013471210726084
2024,0.21053848931096195,0.2611406158732989,0.05060212656233695
2025,0.16031498750222564,0.22057666657773217,0.06026167907550653
2026,0.11369155306023847,0.15111138307833405,0.03741983001809558
2027,0.15337886742087106,0.159489345581485,0.006110478160613941
2028,0.1878708450451114,0.14787433368143077,-0.039996511363680626
2029,0.15387276613859294,0.15103014176161536,-0.002842624376977576
2030,0.1805534256949221,0.17548835127831058,-0.005065074416611526
2031,0.32716287070910044,0.2503124226445446,-0.07685044806455582
2032,0.21490281164364808,0.12641801500659358,-0.0884847966370545
2033,0.1530387862191925,0.08394294145414963,-0.06909584476504288
2034,0.1780574326574893,0.07372843936629196,-0.10432899329119734
2035,0.16796312461600046,0.33172077247747966,0.1637576478614792
2036,0.16947578328923166,0.31689361591181775,0.1474178326225861
2037,0.11043713593616808,0.2683457590579964,0.15790862312182832
2038,0.1043568730235265,0.2269533718429672,0.12259649881944071
2039,0.11974403008088719,0.22636114295769202,0.10661711287680484
2040,0.09785556814627062,0.18547192265360182,0.0876163545073312
2041,0.11003701075907121,0.19028174043559745,0.08024472967652624
2042,0.08823377570008041,0.16874354038839237,0.08050976468831196
2043,0.10671134663800699,0.21269682471559956,0.10598547807759257
2044,0.10712543418443767,0.20186766549414828,0.09474223130971061
2045,0.08410861052055162,0.10767857389014163,0.02356996336959001
2046,0.07859149134511273,0.11235765928703842,0.03376616794192569
2047,0.07844611226746957,0.09799645486286704,0.019550342595397466
2048,0.08368507019303591,0.10126509021538209,0.017580020022346182
2049,0.0980838657517159,0.16189988481045473,0.06381601905873882
2050,0.11455472618824315,0.1232267603336109,0.00867203414536774
2051,0.10520263575979123,0.18533198131075682,0.08012934555096558
2052,0.11121429110660017,0.22392998873938122,0.11271569763278105
2053,0.12186336306081542,0.24040699500766927,0.11854363194685384
2054,0.0984430321508147,0.1996726104531212,0.10122957830230651
2055,0.10200090343829972,0.1786864632620788,0.07668555982377907
2056,0.11979262885748419,0.22811166580897735,0.10831903695149316
2057,0.1290222530134278,0.22496307978447858,0.09594082677105079
2058,0.14862699264113405,0.2345257806904627,0.08589878804932866
2059,0.14125760979214963,0.24955426223477167,0.10829665244262204
2060,0.15460097598308908,0.23459723620838302,0.07999626022529394
2061,0.11153489784575517,0.20615082192426654,0.09461592407851137
2062,0.11429191674519328,0.206820287728271,0.09252837098307772
2063,0.13694891430514491,0.18187200419755925,0.044923089892414336
2064,0.12059983922342413,0.1688511628726638,0.048251323649239675
2065,0.1490081485130108,0.22801039449570418,0.07900224598269337
2066,0.16257605843847844,0.21523380123301236,0.05265774279453392
2067,0.1594288116328695,0.2192465109019261,0.059817699269056585
2068,0.1494840537702334,0.21344280236171229,0.06395874859147888
2069,0.14855368113750397,0.21231475369556788,0.0637610725580639
2070,0.1309354502138334,0.16937978582569596,0.03844433561186256
2071,0.11865130032651917,0.1934051004279727,0.07475380010145354
2072,0.12939624047328616,0.22998383348448787,0.10058759301120171
2073,0.13778749412597993,0.22045957164535773,0.0826720775193778
2074,0.11070315358589256,0.18458358539113343,0.07388043180524087
2075,0.08542919955157403,0.13191779588743438,0.04648859633586035
2076,0.09040876342978003,0.14168338448143722,0.051274621051657185
2077,0.11699286857088195,0.16993455670733199,0.05294168813645003
2078,0.17798245198080695,0.19124155683394578,0.013259104853138831
2079,0.18914237994888466,0.2446116844978562,0.05546930454897153
2080,0.14320218780753005,0.19289502456060537,0.049692836753075315
2081,0.12367164901081473,0.16761801937424178,0.04394637036342705
2082,0.16061637226387662,0.19226383830704266,0.03164746604316604
2083,0.14130830549818868,0.19091815391010025,0.04960984841191157
2084,0.14987502138459363,0.20628852846451978,0.05641350707992615
2085,0.15473875874242374,0.1716170231823946,0.01687826443997087
2086,0.137190639939572,0.1757113217828379,0.0385206818432659
2087,0.12749755789241873,0.15225752546024693,0.024759967567828195
2088,0.05897914085181631,0.09142717438897961,0.0324480335371633
2089,0.09281015523421832,0.11183025098319276,0.01902009574897444
2090,0.17248598554314962,0.2364568462228464,0.06397086067969679
2091,0.17051338776605493,0.23421939779862608,0.06370601003257115
2092,0.15948880015609385,0.2352273375608914,0.07573853740479755
2093,0.1335780565520754,0.18788902792032128,0.054310971368245864
2094,0.12861418005587635,0.18492763051141364,0.05631345045553729
2095,0.14462899877067378,0.19870910139067252,0.05408010261999874
2096,0.16070128494282424,0.19047366816636768,0.029772383223543447
2097,0.1727832878071176,0.15672482770961124,-0.01605846009750636
2098,0.16766774323918532,0.14962916910399,-0.01803857413519533
2099,0.15033933383709472,0.20211638903876797,0.05177705520167325
2100,0.14163602605552397,0.25658667389386264,0.11495064783833867
2101,0.15980345515849753,0.23323424699452414,0.0734307918360266
2102,0.15072564628481322,0.22158190050606455,0.07085625422125133
2103,0.17491464901791853,0.20623759976524722,0.03132295074732869
2104,0.19318550393947745,0.21923843381116395,0.026052929871686503
2105,0.17690882455714713,0.22370067755409484,0.046791852996947714
2106,0.17162906257840038,0.20665030345364924,0.035021240875248855
2107,0.17140773689141228,0.20928077614469687,0.037873039253284585
2108,0.17098150998689213,0.1846556779197028,0.013674167932810677
2109,0.1739586549090057,0.18541143956021047,0.011452784651204778
2110,0.20530232649037833,0.22276467108337,0.017462344592991674
2111,0.19178344430020208,0.21637643659704028,0.0245929922968382
2112,0.1658602837027797,0.2233600148952628,0.05749973119248311
2113,0.14865557770834414,0.16695410532357577,0.018298527615231625
2114,0.1397886311789392,0.16418414856220953,0.024395517383270338
2115,0.16500672471543196,0.19906916389380658,0.03406243917837462
2116,0.17635473139692717,0.22937652570580708,0.053021794308879905
2117,0.17227567855223286,0.24108216108536018,0.06880648253312732
2118,0.17177110637211976,0.24074211601393244,0.06897100964181269
2119,0.11111771057712838,0.15922853972575973,0.04811082914863135
2120,0.10442599647035182,0.14922523435869756,0.044799237888345736
2121,0.14133935823907884,0.19209911533261664,0.050759757093537805
2122,0.1386487002993345,0.17425984546782078,0.03561114516848629
2123,0.136239967550408,0.1693624911872847,0.033122523636876705
2124,0.13187913397627918,0.1739355603942395,0.04205642641796031
2125,0.16955879146065178,0.21682578752253823,0.047266996061886446
2126,0.13754447491846566,0.18819225626939365,0.050647781350927984
2127,0.11939594957976948,0.15834001095998332,0.038944061380213835
2128,0.14423261771247925,0.1581480306831409,0.01391541297066165
2129,0.13317859368464546,0.10403067363999206,-0.0291479200446534
2130,0.14575651766026637,0.16883623289029814,0.023079715230031772
2131,0.28157902513239147,0.24930038661361595,-0.03227863851877552
2132,0.23599496787195376,0.24157379082065084,0.005578822948697076
2133,0.2224588513342046,0.14550441801776487,-0.07695443331643972
2134,0.21580868714501783,0.1318675306580969,-0.08394115648692094
2135,0.11450034165105893,0.060529668178400726,-0.05397067347265821
2136,0.14555206880446453,0.33453300666047353,0.188980937856009
2137,0.1379445371037053,0.297951335512369,0.16000679840866372
2138,0.12129802837897231,0.2701925519649075,0.1488945235859352
2139,0.08849372522345901,0.2011172186680445,0.11262349344458548
2140,0.08406053870935233,0.18840253837687007,0.10434199966751774
2141,0.08633253484697728,0.19725305932115503,0.11092052447417775
2142,0.07691542958628765,0.1752157380977548,0.09830030851146714
2143,0.08032291010226554,0.15844174103934938,0.07811883093708384
2144,0.09708530273512112,0.21493179685640607,0.11784649412128495
2145,0.1058394206683903,0.14144335202321945,0.035603931354829144
2146,0.07989104876463933,0.11080587797246641,0.03091482920782708
2147,0.0792332881457053,0.12293877347943442,0.04370548533372913
2148,0.09195095998512572,0.14095037083749257,0.04899941085236685
2149,0.10369693936676652,0.14067991504719748,0.03698297568043096
2150,0.11527955429950716,0.18304242567799775,0.06776287137849059
2151,0.12254116989158269,0.17296216112809515,0.05042099123651246
2152,0.09587868742052133,0.2516523564670322,0.15577366904651088
2153,0.1522828455623528,0.21123227468596142,0.05894942912360862
2154,0.1271390494307494,0.2220450389629991,0.09490598953224968
2155,0.08507660075518717,0.22933965407083687,0.1442630533156497
2156,0.09617694948191913,0.17488111072699572,0.07870416124507659
2157,0.09855513718918489,0.14642667865065329,0.047871541461468395
2158,0.12709398385026352,0.19038287080711253,0.063288886956849
2159,0.14536724079734087,0.2141281667158528,0.06876092591851193
2160,0.14515607036975028,0.22791434667113783,0.08275827630138755
2161,0.15467076423164294,0.2203488142880125,0.06567805005636956
2162,0.13273598180486296,0.21383983801718814,0.08110385621232519
2163,0.11816538072766214,0.1916980382512976,0.07353265752363547
2164,0.13506372405350142,0.15693106364020679,0.021867339586705364
2165,0.13369063283644542,0.18212514201214602,0.04843450917570061
2166,0.1272309217904858,0.1882323351380861,0.061001413347600286
2167,0.1438433794031598,0.25395925817075876,0.11011587876759896
2168,0.15737440957409532,0.2776165827614054,0.12024217318731006
2169,0.1544924599557267,0.2435321877566527,0.089039727800926
2170,0.16134626496353424,0.24176747958108566,0.08042121461755142
2171,0.1384393877003105,0.21299745877675785,0.07455807107644735
2172,0.1368024062052996,0.20453679505224395,0.06773438884694435
2173,0.12263707004137972,0.22909314874112882,0.1064560786997491
2174,0.14775530941614687,0.18398276287241896,0.036227453456272096
2175,0.13454286783754718,0.1365886204376626,0.0020457526001154136
2176,0.1419705203419111,0.16295636666011168,0.02098584631820058
2177,0.18753943222453714,0.24485501822791636,0.057315586003379215
2178,0.20493447614679053,0.2511399257559178,0.046205449609127286
2179,0.20230219651921585,0.2369492260366586,0.03464702951744275
2180,0.18149149461134573,0.24910342569320185,0.06761193108185612
2181,0.1451714661033621,0.20545279030761177,0.06028132420424967
2182,0.1750119552213879,0.24746269772279872,0.07245074250141081
2183,0.11100713992111508,0.15567546346383346,0.04466832354271838
2184,0.13690866637057472,0.18564015656213678,0.04873149019156206
2185,0.15125597150551315,0.20693527589146476,0.05567930438595162
2186,0.14474685405807933,0.1871218770128145,0.042375022954735164
2187,0.13235198966985315,0.17044480406407703,0.03809281439422388
2188,0.11998805009221898,0.1584203401537076,0.038432290061488614
2189,0.06414642951523185,0.09103736025561962,0.026890930740387772
2190,0.061608530295811065,0.09311871969498667,0.0315101893991756
2191,0.09943149095230337,0.14029417198266783,0.04086268103036446
2192,0.13789544766039685,0.19774677380331443,0.05985132614291758
2193,0.15388658347082446,0.2222969088117616,0.06841032534093713
2194,0.1534520993147204,0.2682462297895252,0.11479413047480483
2195,0.1494736496724606,0.2421684084929562,0.0926947588204956
2196,0.16656338778226187,0.20315685373318346,0.03659346595092158
2197,0.17500591060472712,0.16656281939624915,-0.00844309120847797
2198,0.17577088169261132,0.1731423020997205,-0.0026285795928908118
2199,0.15313949981953226,0.18019221960052154,0.027052719780989276
2200,0.1946891749245656,0.23666848432271784,0.041979309398152226
2201,0.15148585439523876,0.21131569739326486,0.0598298429980261
2202,0.1256426949651292,0.18218657345285313,0.056543878487723936
2203,0.13861957117459234,0.1938523265756728,0.05523275540108047
2204,0.18439280990611642,0.23087845975014948,0.046485649844033056
2205,0.18190755507042478,0.2448803499847903,0.06297279491436553
2206,0.14769573298084665,0.19763722113957238,0.04994148815872573
2207,0.1744719056398612,0.27205591722449757,0.09758401158463637
2208,0.1739885416628943,0.22804064813090946,0.05405210646801517
2209,0.18859532527436937,0.23163182864314058,0.04303650336877121
2210,0.1839136368995377,0.21546208437037923,0.03154844747084151
2211,0.20126048378254985,0.24659220644069169,0.04533172265814184
2212,0.18516092809049783,0.21062137698245667,0.025460448891958837
2213,0.14568998373493253,0.17647565673191049,0.03078567299697796
2214,0.15163546577404138,0.1887498183869458,0.03711435261290441
2215,0.18989193614954805,0.24758347054578447,0.05769153439623642
2216,0.16836045633252356,0.2401598883016232,0.07179943196909963
2217,0.13793040393310146,0.262824627503084,0.12489422356998253
2218,0.14446293244489317,0.21614716039619947,0.0716842279513063
2219,0.1669410229732302,0.1999397059960851,0.032998683022854886
2220,0.18164675090998517,0.22676208174255327,0.04511533083256811
2221,0.15537821223540535,0.20148735372599347,0.04610914149058812
2222,0.15175814082781866,0.20259110739167555,0.050832966563856885
2223,0.13056030254957748,0.1630273926276949,0.032467090078117405
2224,0.15805101991120082,0.20571217240295003,0.04766115249174921
2225,0.15624280956676287,0.20229363899063732,0.04605082942387445
2226,0.11279957925562865,0.15590330333733188,0.043103724081703224
2227,0.12315521140507217,0.16387441781614812,0.040719206411075945
2228,0.14501871339225308,0.18797059507821806,0.04295188168596498
2229,0.13108773009288321,0.16749462009073549,0.03640688999785227
2230,0.1377795056754762,0.15421782621993743,0.016438320544461232
2231,0.1707849626455707,0.22679220536313005,0.05600724271755936
2232,0.19345857397145494,0.24612434594993554,0.0526657719784806
2233,0.21628190273614536,0.17297558187918663,-0.043306320856958735
2234,0.1840852853360516,0.10449342074907891,-0.07959186458697268
2235,0.08396227293863509,0.05865113932585982,-0.025311133612775268
2236,0.13261194036122748,0.12356249323358658,-0.0090494471276409
2237,0.08452969061408898,0.19595058099632906,0.11142089038224008
2238,0.07591864863135377,0.15098856824440104,0.07506991961304728
2239,0.0848142239799193,0.1903287196723931,0.10551449569247379
2240,0.09646532979451103,0.1772397906408997,0.08077446084638867
2241,0.08735618549359472,0.07486601589652389,-0.012490169597070833
2242,0.08233427596973357,0.14479272399075482,0.062458448021021254
2243,0.089575367787092,0.18222308441807158,0.09264771663097958
2244,0.10048279368076081,0.2237851563024541,0.12330236262169329
2245,0.09719443410365602,0.24004078334858964,0.1428463492449336
2246,0.09882604038072997,0.22441114088910205,0.12558510050837207
2247,0.1002901863337151,0.21106164163091207,0.11077145529719697
2248,0.10177299246556079,0.20930537183619335,0.10753237937063256
2249,0.119057815447257,0.21483566734330706,0.09577785189605005
2250,0.11013022265867269,0.19545304796992485,0.08532282531125217
2251,0.09676656378991275,0.18859456212210057,0.09182799833218783
2252,0.09748324971413286,0.16360069176123385,0.06611744204710099
2253,0.09510886172701567,0.16967445877262985,0.07456559704561418
2254,0.10812489270011098,0.12839730723971987,0.020272414539608888
2255,0.09653297132981334,0.15786797731646698,0.061335005986653646
2256,0.09205164426254493,0.16068863728849958,0.06863699302595465
2257,0.12231936136718088,0.19202928155883808,0.0697099201916572
2258,0.1319099464273861,0.20567718753949932,0.07376724111211322
2259,0.09657232840206224,0.13986894136554096,0.04329661296347871
2260,0.11302587945614836,0.15564473335425136,0.04261885389810299
2261,0.12017877523017154,0.1820858668061614,0.061907091575989864
2262,0.14159831013247842,0.21477037178823075,0.07317206165575232
2263,0.13013900400789644,0.20555929190791603,0.07542028790001959
2264,0.13355089535798317,0.14821163179033656,0.014660736432353383
2265,0.14464514590552582,0.16257678158036484,0.01793163567483902
2266,0.13091770161388808,0.2207935218684939,0.08987582025460583
2267,0.1284799455053791,0.206055201939772,0.07757525643439289
2268,0.12098130410379683,0.1563839779514995,0.03540267384770267
2269,0.17010373140361207,0.14974562711220119,-0.020358104291410883
2270,0.18166616790788676,0.16762289292322,-0.01404327498466676
2271,0.16856500159937976,0.25057429204481174,0.08200929044543198
2272,0.18425964497745886,0.2728738830619782,0.08861423808451932
2273,0.15721291355902703,0.2334429564380769,0.07623004287904986
2274,0.15248229857762885,0.21295212923988366,0.06046983066225481
2275,0.14554163356276564,0.2203609825501015,0.07481934898733586
2276,0.15612744865391617,0.22928086063372585,0.07315341197980968
2277,0.1648305614851712,0.2183114738725683,0.053480912387397106
2278,0.1432674445258081,0.19955714683466472,0.056289702308856604
2279,0.15756918584727161,0.22029099427925802,0.06272180843198641
2280,0.13620063977633032,0.192817928795657,0.056617289019326694
2281,0.12922691430143582,0.17884981032476197,0.049622896023326146
2282,0.09754295507509449,0.1187563512851726,0.021213396210078117
2283,0.08440631549979415,0.08053809836482435,-0.0038682171349697925
2284,0.0771492798872667,0.10193718455889446,0.024787904671627753
2285,0.08907616248078609,0.12240824651975662,0.03333208403897053
2286,0.07606995880697685,0.11074045000400343,0.03467049119702657
2287,0.11606588773316777,0.13813374297306927,0.0220678552399015
2288,0.14344790015473402,0.21124889320743404,0.06780099305270001
2289,0.13868713134619434,0.2664156121775279,0.12772848083133356
2290,0.1278187173068973,0.2241747539096274,0.0963560366027301
2291,0.14467083180578014,0.2234391532148603,0.07876832140908016
2292,0.1707017898105831,0.23285421292909284,0.06215242311850974
2293,0.16195404639492644,0.2213803384960339,0.05942629210110745
2294,0.1640558157271878,0.20829484267684945,0.04423902694966164
2295,0.15630752869208475,0.19785199251377866,0.04154446382169391
2296,0.1920036156369773,0.2519706377099652,0.0599670220729879
2297,0.19282891756674164,0.2378515919985161,0.04502267443177446
2298,0.20626992172319547,0.26408158634309536,0.057811664619899894
2299,0.17013154068657538,0.21344222312552583,0.04331068243895045
2300,0.1772041142376585,0.24168878610173275,0.06448467186407425
2301,0.15464640515867725,0.2515217913064834,0.09687538614780614
2302,0.17431043243000455,0.27947106301440894,0.10516063058440439
2303,0.1772086966559915,0.2318445506461863,0.0546358539901948
2304,0.14892556285668285,0.20868173506681728,0.059756172210134434
2305,0.18420176797969112,0.24815018983291343,0.0639484218532223
2306,0.18836150515062497,0.22377981050987136,0.035418305359246394
2307,0.19864285543109456,0.24326546567018859,0.04462261023909403
2308,0.18874976688485665,0.24080100035274704,0.052051233467890395
2309,0.20420030841189657,0.2812514406458987,0.07705113223400212
2310,0.21049872536018657,0.29242290608374855,0.08192418072356197
2311,0.12777704586141456,0.2547896157504965,0.12701256988908197
2312,0.17596243572560138,0.22753588222434482,0.05157344649874343
2313,0.16271317942014438,0.21384532733036674,0.05113214791022236
2314,0.16587809602935272,0.20799642979220373,0.04211833376285101
2315,0.1824659621085815,0.23093149297411245,0.04846553086553096
2316,0.16800172489759418,0.22248457846645034,0.054482853568856154
2317,0.1583509906383465,0.20601321544838788,0.04766222481004137
2318,0.16286394891434297,0.2161313137066122,0.053267364792269234
2319,0.13529965784975628,0.17522345402925035,0.03992379617949407
2320,0.14798662430715628,0.19926687475192292,0.05128025044476664
2321,0.1507592593525901,0.19300671153431243,0.04224745218172232
2322,0.15733293814608598,0.1844074899606932,0.027074551814607217
2323,0.09091561021076314,0.12483171909947995,0.03391610888871681
2324,0.15840330922172785,0.19904177677617396,0.04063846755444611
2325,0.13252031292729258,0.19180620185359532,0.05928588892630274
2326,0.20057121000768938,0.219983407055685,0.019412197047995627
2327,0.24425543717725373,0.23005026367591624,-0.014205173501337487
2328,0.10811643224275073,0.08971569697068324,-0.018400735272067495
2329,0.09090374592631414,0.07398593721008813,-0.016917808716226015
2330,0.20833764788734235,0.10699456074962661,-0.10134308713771574
2331,0.15639481282920936,0.12510836844957549,-0.031286444379633876
2332,0.22564624856701657,0.09720542896628055,-0.128440819600736
2333,0.14366854844131627,0.080403017485141,-0.06326553095617526
2334,0.07946471021045778,0.1749377080151629,0.09547299780470511
2335,0.07620382231613265,0.14978029979469265,0.07357647747856
2336,0.07933865815374261,0.12058454772036005,0.04124588956661744
2337,0.0907311026022552,0.14906409803124346,0.05833299542898826
2338,0.10012261955641258,0.12170134864312657,0.021578729086713988
2339,0.08883764488986705,0.21415161426738463,0.1253139693775176
2340,0.08769974253164006,0.2227953709253269,0.13509562839368683
2341,0.08742005299469853,0.2033465939604854,0.11592654096578688
2342,0.10111855071870669,0.23272589501929883,0.13160734430059212
2343,0.10171355441688003,0.19385416649204243,0.0921406120751624
2344,0.11092507743821046,0.1607146296861533,0.049789552247942834
2345,0.11755718605671342,0.1938613546469837,0.07630416859027028
2346,0.10742494286904083,0.1590916268071555,0.05166668393811466
2347,0.10325195927320127,0.1805351683761608,0.07728320910295952
2348,0.10975811614761996,0.13525594338714778,0.025497827239527815
2349,0.08396133377293619,0.1530798583510002,0.069118524578064
2350,0.09651474847241073,0.1572624364534732,0.060747687981062476
2351,0.08497722743839299,0.13530819177210088,0.05033096433370789
2352,0.08809555825565782,0.11045425592794662,0.022358697672288805
2353,0.09317043453367779,0.13626475241188016,0.043094317878202365
2354,0.10304219472427842,0.10617210215089413,0.003129907426615716
2355,0.12121581322294515,0.09746429024217762,-0.023751522980767534
2356,0.09493088874693245,0.16702686465112485,0.0720959759041924
2357,0.11083840781694917,0.16400031295729917,0.05316190514034999
2358,0.12037037752507453,0.15577251431985667,0.035402136794782144
2359,0.11844594238511974,0.13625589348696548,0.017809951101845745
2360,0.1096609704658173,0.11916187272593319,0.009500902260115893
2361,0.09483403636029972,0.08721440737681933,-0.007619628983480384
2362,0.09429320712428446,0.11433219350916357,0.02003898638487911
2363,0.11346377139773355,0.12321016281404339,0.00974639141630984
2364,0.09488143636155462,0.10794169119689427,0.013060254835339652
2365,0.12450740335095774,0.12301496261600262,-0.0014924407349551222
2366,0.2081708880741967,0.195197129623281,-0.012973758450915696
2367,0.1999867292295716,0.23469850727572192,0.034711778046150304
2368,0.1976743725810232,0.27449951752445645,0.07682514494343326
2369,0.17212766223617262,0.25228418609085695,0.08015652385468433
2370,0.16375983156012344,0.2692400858583753,0.10548025429825184
2371,0.1419633035186808,0.2198292249080749,0.0778659213893941
2372,0.1447534291204641,0.24075626152636695,0.09600283240590285
2373,0.158514611937857,0.2452639978103988,0.0867493858725418
2374,0.17396105047375024,0.2625919819030791,0.08863093142932885
2375,0.19562996851371642,0.27889751969535936,0.08326755118164295
2376,0.1491949340286291,0.20493646708973312,0.05574153306110402
2377,0.1604329102312148,0.20987522044393597,0.04944231021272116
2378,0.1460496858410844,0.18842203267829313,0.042372346837208724
2379,0.14127550299016467,0.14844696266784224,0.007171459677677572
2380,0.12529243739010903,0.1307514339554107,0.00545899656530166
2381,0.09966041776925054,0.14529104787068797,0.04563063010143743
2382,0.12237334109846458,0.15942597600737446,0.03705263490890988
2383,0.09035511470037401,0.11659928249211507,0.02624416779174106
2384,0.06088948025751426,0.08989292164996841,0.02900344139245415
2385,0.11530459463252711,0.1049440324302298,-0.010360562202297308
2386,0.13613471303015112,0.16315925151483698,0.02702453848468586
2387,0.14242372419320212,0.2781538992217313,0.13573017502852916
2388,0.13602863735751344,0.25333612183683735,0.1173074844793239
2389,0.1587099070042454,0.16763128602088467,0.00892137901663928
2390,0.1486499303625357,0.19614333755231977,0.047493407189784065
2391,0.16628752662659818,0.2137955787392775,0.047508052112679305
2392,0.190751207220654,0.22315549928551257,0.032404292064858564
2393,0.19113457132878167,0.2510328060411371,0.05989823471235542
2394,0.20628352162661073,0.28027404724732574,0.07399052562071501
2395,0.26079034016081265,0.32171342601294983,0.06092308585213718
2396,0.2350347830228539,0.29127577755104267,0.05624099452818876
2397,0.19030601329194632,0.2580554397228813,0.06774942643093498
2398,0.17602646689012758,0.240089796133513,0.06406332924338543
2399,0.17741645443318457,0.22612171195844236,0.048705257525257784
2400,0.16992868561848934,0.20947026195957086,0.03954157634108152
2401,0.17418186784058193,0.24571966225538816,0.07153779441480623
2402,0.19734559404465898,0.2604152147585404,0.06306962071388142
2403,0.1682869490305207,0.22195777785897522,0.05367082882845453
2404,0.1853564331340312,0.24051234942878966,0.05515591629475847
2405,0.1876880942185678,0.25720432638499985,0.06951623216643205
2406,0.2334796792418692,0.31772246516281255,0.08424278592094336
2407,0.20677388453816764,0.27710617470602816,0.07033229016786052
2408,0.19279067834750993,0.24428880241371137,0.05149812406620144
2409,0.20898583831911657,0.24111421573820443,0.03212837741908786
2410,0.21365368378984148,0.2636025038981041,0.0499488201082626
2411,0.21728377863869575,0.26265008360776243,0.045366304969066684
2412,0.21754931639728017,0.270904384486996,0.053355068089715824
2413,0.18565146866914967,0.23017902838838525,0.04452755971923558
2414,0.16805502532688835,0.21908807993666413,0.05103305460977578
2415,0.16906382156415387,0.21649835272970794,0.04743453116555407
2416,0.1492348018025667,0.1908290310106532,0.0415942292080865
2417,0.13153748422428865,0.17337152579822615,0.0418340415739375
2418,0.1997428864229753,0.248792716053943,0.04904982963096771
2419,0.16996358187220056,0.20964591821525483,0.039682336343054264
2420,0.10916187246615522,0.15633856040530658,0.04717668793915136
2421,0.2038346727713554,0.22081891384655286,0.01698424107519747
2422,0.24747153698081667,0.22371428550308742,-0.023757251477729252
2423,0.1345242474763175,0.11980520274303609,-0.014719044733281408
2424,0.11322772503727037,0.0833093077786222,-0.029918417258648175
2425,0.1677745428544279,0.11788181965755608,-0.04989272319687181
2426,0.22322034037941005,0.20663287929322247,-0.016587461086187583
2427,0.21461159641153651,0.13119417856416205,-0.08341741784737447
2428,0.18885251104146972,0.09317272573709916,-0.09567978530437056
2429,0.12974325675621795,0.09180619168139943,-0.03793706507481852
2430,0.14001789764750858,0.09198780816946785,-0.04803008947804073
2431,0.06948974506978903,0.05215798626901831,-0.017331758800770716
2432,0.08602583569399762,0.150962101730535,0.06493626603653739
2433,0.09788794068008565,0.1651144316553336,0.06722649097524795
2434,0.0998758958917298,0.12485819718865487,0.02498230129692508
2435,0.10049119784234835,0.13591392669277705,0.0354227288504287
2436,0.09513072169712174,0.18247790495418464,0.08734718325706291
2437,0.09723317831668304,0.2040490604801442,0.10681588216346116
2438,0.09118566880518365,0.11965434032079414,0.028468671515610486
2439,0.09872620727337686,0.15150910063021902,0.052782893356842164
2440,0.13037808485608038,0.17188877577396455,0.041510690917884174
2441,0.14553819700653658,0.2218450948564965,0.07630689784995992
2442,0.12037539086596694,0.18016141962914925,0.059786028763182314
2443,0.09011332046763901,0.1488619082665788,0.058748587798939794
2444,0.1132614712548403,0.1340725453573654,0.0208110741025251
2445,0.11122273205773989,0.12156377172841573,0.010341039670675845
2446,0.1022957566697276,0.16732528164443164,0.06502952497470404
2447,0.11814038452540308,0.2127208548551217,0.09458047032971863
2448,0.11236001726237074,0.17427559835738632,0.061915581095015576
2449,0.0895239954374719,0.10164203403364333,0.01211803859617143
2450,0.11641272887035452,0.11033395046402641,-0.006078778406328103
2451,0.1303960614770909,0.16053305276377383,0.03013699128668293
2452,0.12148217658791446,0.1623593164760269,0.040877139888112424
2453,0.1016617658324316,0.1606556788779454,0.05899391304551381
2454,0.1158263287864552,0.15579429270681724,0.039967963920362046
2455,0.12602001726711162,0.14430800610904343,0.018287988841931807
2456,0.12827334188819547,0.1407754216201103,0.012502079731914834
2457,0.11014390427115509,0.1197843592474896,0.00964045497633452
2458,0.10286032415257403,0.12409293298510696,0.02123260883253293
2459,0.09912380725367531,0.13040553397747368,0.031281726723798364
2460,0.10292722178343498,0.1284912871048158,0.02556406532138082
2461,0.10127188336744715,0.1323113669296799,0.031039483562232753
2462,0.13146944822256457,0.18856888342881198,0.05709943520624741
2463,0.2013091687594407,0.22074238325484766,0.01943321449540697
2464,0.18582655534536835,0.2507559763926036,0.06492942104723526
2465,0.16519757541157365,0.24095978456525532,0.07576220915368168
2466,0.18101181527932322,0.2698979862124982,0.088886170933175
2467,0.16724402603390962,0.24922313399094836,0.08197910795703875
2468,0.12640241244272749,0.20202617419327584,0.07562376175054836
2469,0.12815008836739408,0.20862537506742462,0.08047528670003054
2470,0.1531379634709849,0.25165650628126296,0.09851854281027805
2471,0.1298935314355003,0.19070469370353943,0.06081116226803912
2472,0.17191461114398857,0.23963531920605138,0.06772070806206282
2473,0.189488671581724,0.24751444743721343,0.05802577585548943
2474,0.1494959128682543,0.21439191289296902,0.06489600002471471
2475,0.14193079111204265,0.1881604173226193,0.046229626210576635
2476,0.13479496138962868,0.16401468291340962,0.02921972152378094
2477,0.11165481913271648,0.1474282271685236,0.03577340803580713
2478,0.07345052887789683,0.10680409542089553,0.0333535665429987
2479,0.07838177573899872,0.11519510630879706,0.03681333056979834
2480,0.1175859832550509,0.1449969542747651,0.02741097101971421
2481,0.07594527278943476,0.10187555913740981,0.02593028634797505
2482,0.07289573686027104,0.11061837855113436,0.037722641690863326
2483,0.13778633326934678,0.2600823647065463,0.1222960314371995
2484,0.14361430913270276,0.19817714894784522,0.054562839815142455
2485,0.14860076963828148,0.20902286933025027,0.060422099691968795
2486,0.14827787391312477,0.12117249410737993,-0.027105379805744845
2487,0.14093895970425835,0.15254707791915098,0.011608118214892632
2488,0.17844520998396582,0.2134007382283648,0.03495552824439899
2489,0.18713926820953194,0.2231840338712435,0.03604476566171155
2490,0.16958119750333955,0.22582917665767904,0.05624797915433949
2491,0.21240021392570735,0.282997467105199,0.07059725317949167
2492,0.21235362888300652,0.2873069623110075,0.07495333342800098
2493,0.21463420810345324,0.276972634130691,0.06233842602723777
2494,0.2120274978821271,0.2857570294890582,0.07372953160693108
2495,0.2500509912149476,0.27818955396551537,0.028138562750567753
2496,0.2264922725357813,0.23046362440807067,0.003971351872289364
2497,0.15296271832881314,0.23198928264410332,0.07902656431529018
2498,0.17793206416070437,0.2836664616101734,0.10573439744946903
2499,0.16931633637040386,0.23050260736747602,0.06118627099707216
2500,0.1669495676412681,0.22692232121688022,0.05997275357561213
2501,0.16339846213835693,0.2207028549545796,0.05730439281622268
2502,0.16811523826856622,0.22817238704792367,0.060057148779357444
2503,0.1948559562438791,0.25662926075659964,0.061773304512720534
2504,0.1868115752436906,0.23572853365293142,0.04891695840924082
2505,0.19188271587184488,0.21926947002561192,0.02738675415376704
2506,0.19996658902351508,0.23377805367664903,0.03381146465313395
2507,0.22035951550224547,0.2510567173707037,0.0306972018684582
2508,0.2102529591294356,0.24857436316847195,0.03832140403903636
2509,0.23026195604631278,0.2621510087975855,0.03188905275127274
2510,0.20013134611367647,0.22892591377104063,0.028794567657364156
2511,0.1977637118983579,0.23439782676940507,0.036634114871047174
2512,0.2595836727399736,0.27370872381262423,0.014125051072650607
2513,0.24316444933388848,0.23590693861809572,-0.007257510715792753
2514,0.19102648548768322,0.22654306063331014,0.03551657514562692
2515,0.22822297716290857,0.2768682089496216,0.04864523178671304
2516,0.17806396962657756,0.2359643528381901,0.05790038321161253
2517,0.13646279535947023,0.21270944026643723,0.076246644906967
2518,0.18037070827550747,0.21660751921676183,0.03623681094125436
2519,0.13242416462090842,0.11179423595339863,-0.02062992866750979
2520,0.1598379421448545,0.11185263377080056,-0.047985308374053945
2521,0.20525755879135416,0.14521269892993244,-0.06004485986142172
2522,0.2205750091601748,0.19111569105595458,-0.029459318104220228
2523,0.20962728371156106,0.24095845013927725,0.03133116642771619
2524,0.21517895843141538,0.18379969337334512,-0.03137926505807026
2525,0.17877694286772788,0.10853231994118191,-0.07024462292654597
2526,0.14275274028976886,0.07147398201313475,-0.07127875827663412
2527,0.09485837837405674,0.05302614224716824,-0.041832236126888495
2528,0.1344359359757254,0.058033162496316536,-0.07640277347940885
2529,0.05947845120557331,0.04349421771680868,-0.015984233488764633
2530,0.08488977595884838,0.14084198502559153,0.055952209066743155
2531,0.08866561788402676,0.21697568953517096,0.12831007165114422
2532,0.09002950585103764,0.24395251658759384,0.1539230107365562
2533,0.08833876230885804,0.18999172808287404,0.101652965774016
2534,0.08594931348845455,0.20279410369647596,0.11684479020802141
2535,0.08515394385416898,0.14397375499695017,0.05881981114278119
2536,0.08703523510687045,0.15098236348293517,0.06394712837606473
2537,0.0834083657553737,0.13098720263241598,0.04757883687704227
2538,0.08727646822897271,0.13099698259764372,0.04372051436867101
2539,0.10290678259110443,0.1614472404384533,0.05854045784734886
2540,0.09202694142807973,0.14418232310174983,0.052155381673670106
2541,0.08493121087796679,0.1283420435792494,0.0434108327012826
2542,0.08722189690755297,0.11797996958861784,0.03075807268106487
2543,0.1155726287492498,0.17058260331723005,0.05500997456798025
2544,0.09745911934219773,0.18165270447833673,0.084193585136139
2545,0.11197351665258314,0.2006524803938995,0.08867896374131636
2546,0.0995562091988366,0.16974852394944095,0.07019231475060435
2547,0.09325001564413299,0.14515452528633022,0.05190450964219723
2548,0.10668288383323761,0.15376122232594647,0.04707833849270886
2549,0.11814935386583181,0.19016772239655402,0.07201836853072222
2550,0.1204638099931977,0.22193903115322614,0.10147522116002844
2551,0.11801956276161754,0.19038684258135297,0.07236727981973543
2552,0.11764868722801224,0.15556557013096006,0.03791688290294783
2553,0.10815620294094966,0.14313882509096568,0.03498262215001602
2554,0.0884716636548799,0.12192889025785829,0.03345722660297838
2555,0.07785754154686352,0.1019648513767627,0.024107309829899184
2556,0.09746333029133454,0.11040228685753192,0.012938956566197382
2557,0.10890935357980432,0.11862613371295697,0.00971678013315265
2558,0.11638702141681663,0.15876306776720314,0.04237604635038651
2559,0.12936512688573606,0.17034748298907854,0.04098235610334247
2560,0.14280396822639443,0.19494096727823745,0.05213699905184302
2561,0.18774499409191459,0.23889047776287387,0.05114548367095928
2562,0.1684546939627404,0.23761224423976535,0.06915755027702494
2563,0.14876590400722167,0.25379962749581,0.1050337234885883
2564,0.147297735011308,0.22884772630639,0.081549991295082
2565,0.1292362481252889,0.18498916267904245,0.05575291455375356
2566,0.14189003926095362,0.2081711004800182,0.06628106121906457
2567,0.142825484542602,0.20235578683487554,0.059530302292273546
2568,0.14645845102734129,0.22171044076414323,0.07525198973680194
2569,0.1569648408653991,0.22938219199305493,0.07241735112765582
2570,0.14995868457614162,0.20354340719967365,0.05358472262353203
2571,0.13175608213132606,0.17577650297784353,0.04402042084651747
2572,0.1076807917782941,0.17221528951735973,0.06453449773906564
2573,0.12889864424031244,0.17826393316095307,0.049365288920640626
2574,0.10382293777968947,0.1571844037547564,0.05336146597506693
2575,0.06172678907848523,0.08928924285310266,0.027562453774617433
2576,0.06571171422885472,0.08729414150250411,0.021582427273649396
2577,0.1168667665949031,0.15505946510352775,0.03819269850862465
2578,0.1298690029693181,0.17135606352396757,0.04148706055464946
2579,0.09279195039726827,0.11566229158953373,0.022870341192265456
2580,0.08832415230299352,0.11713585001105202,0.028811697708058498
2581,0.13187205465376867,0.19221311355934434,0.06034105890557567
2582,0.13500220187090614,0.21992676218820081,0.08492456031729467
2583,0.15641617172692998,0.21319969694972546,0.05678352522279548
2584,0.15444774863264304,0.2036272987661523,0.04917955013350925
2585,0.1597318668051496,0.21614001297989996,0.056408146174750345
2586,0.1819682450253122,0.25055199641416376,0.06858375138885156
2587,0.21109670259854865,0.2918079049388566,0.08071120234030796
2588,0.20739235865806183,0.2974944668359111,0.09010210817784925
2589,0.18999262111388357,0.29093446178496757,0.100941840671084
2590,0.19785622575399633,0.276414815517657,0.07855858976366067
2591,0.19526258243580297,0.2727885595394024,0.07752597710359943
2592,0.1698238558080765,0.26753060303415127,0.09770674722607478
2593,0.24309056081743993,0.30507100662871833,0.0619804458112784
2594,0.22189096032950817,0.2695445643340973,0.04765360400458912
2595,0.17328104903660982,0.2658096578254781,0.09252860878886829
2596,0.15597911244562435,0.3138272264603025,0.15784811401467813
2597,0.1909267033463664,0.32825946128527644,0.13733275793891003
2598,0.19650671870761813,0.24284977834384427,0.04634305963622615
2599,0.1574157052709085,0.21195324722082634,0.054537541949917834
2600,0.18247578414781945,0.25019421235755285,0.0677184282097334
2601,0.20301888210020966,0.25594723267657643,0.05292835057636677
2602,0.18961251795664863,0.2022896217488331,0.01267710379218448
2603,0.22632131209155176,0.2181069910891072,-0.008214321002444569
2604,0.22183151828168354,0.25760589241273235,0.03577437413104881
2605,0.218988694367819,0.2578240513114295,0.03883535694361048
2606,0.19980183815997088,0.22604374800641563,0.026241909846444755
2607,0.19403375376693996,0.1773919289636076,-0.016641824803332372
2608,0.18786794244111557,0.13102416565833874,-0.05684377678277683
2609,0.18325655492555024,0.18696280248640543,0.0037062475608551915
2610,0.2603717837940414,0.23351023510213223,-0.02686154869190918
2611,0.225566804796349,0.20844117308962554,-0.01712563170672346
2612,0.18711259116582377,0.23066385228873199,0.04355126112290822
2613,0.21707434237126486,0.27385822114904407,0.05678387877777921
2614,0.19503711669734017,0.22933882881430778,0.034301712116967614
2615,0.14247696392274806,0.20036670950405114,0.05788974558130308
2616,0.1363030716038816,0.14673636859180886,0.010433296987927249
2617,0.13334310222709148,0.12340631321015466,-0.009936789016936814
2618,0.24613636274566608,0.2523018345656986,0.00616547182003252
2619,0.24162471534981947,0.18479424850915793,-0.05683046684066154
2620,0.19683897111679569,0.20637123082605618,0.009532259709260499
2621,0.19251638724289186,0.22700157814922445,0.03448519090633259
2622,0.17666238043916122,0.2061025187968443,0.029440138357683082
2623,0.1606039864757111,0.10927366236819532,-0.0513303241075158
2624,0.16092781031066006,0.0420687490335817,-0.11885906127707835
2625,0.16212544967410225,0.01792993045663183,-0.14419551921747042
2626,0.12186893842025767,0.05761476914294133,-0.06425416927731634
2627,0.14206158818496287,0.09449504447790477,-0.047566543707058095
2628,0.12915781753138642,0.05889350467466165,-0.07026431285672477
2629,0.12467567864071832,0.07043684252963267,-0.05423883611108565
2630,0.14406592700595655,0.08574958052435043,-0.05831634648160612
2631,0.13823445595598752,0.07165647248392223,-0.06657798347206528
2632,0.10126938119750681,0.2098508253882184,0.10858144419071158
2633,0.08917252831530935,0.33146850491807267,0.2422959766027633
2634,0.08856759454934492,0.22921790127146008,0.14065030672211515
2635,0.0880469496842636,0.1695124253370759,0.08146547565281229
2636,0.10675612983048872,0.19600583122930515,0.08924970139881643
2637,0.10061290259006336,0.16744748704295986,0.0668345844528965
2638,0.08080411753343911,0.13062525311915063,0.04982113558571152
2639,0.07575550672698965,0.08537483556161136,0.009619328834621715
2640,0.09279540731196075,0.09903505050303199,0.006239643191071245
2641,0.0794823311985373,0.10789953504929287,0.028417203850755565
2642,0.09724177981759607,0.12859884205911187,0.0313570622415158
2643,0.10454953490887826,0.15960002729791237,0.0550504923890341
2644,0.10580568528648815,0.16869179503424891,0.06288610974776077
2645,0.11461573986084529,0.19076226144340783,0.07614652158256253
2646,0.11565793280154511,0.19311626214308794,0.07745832934154283
2647,0.10278531709221839,0.1757625934002632,0.07297727630804482
2648,0.1157805873019144,0.1713209206856127,0.05554033338369829
2649,0.14911768662839062,0.17371060899306257,0.02459292236467195
2650,0.11237431474095093,0.19197108695497125,0.07959677221402033
2651,0.09802858439719198,0.16608356735489327,0.0680549829577013
2652,0.11832713179701387,0.1675550337692284,0.04922790197221452
2653,0.10209433863352595,0.1245007672742573,0.02240642864073135
2654,0.09040535886024255,0.10688193775255081,0.01647657889230826
2655,0.08562789061823559,0.11849315902923907,0.032865268411003484
2656,0.07269796867833908,0.10702346770146343,0.034325499023124345
2657,0.06737475146914218,0.09278096507743987,0.025406213608297687
2658,0.07326310158300257,0.10959997054719009,0.036336868964187516
2659,0.10104184301144109,0.14398813866569588,0.042946295654254785
2660,0.15866869343898318,0.11363038423475115,-0.04503830920423203
2661,0.1508161193646789,0.17526194918554916,0.024445829820870263
2662,0.20445462117296292,0.21919140922106756,0.014736788048104632
2663,0.14234467402579867,0.19921192963222092,0.05686725560642225
2664,0.1221310946935822,0.20681154697840054,0.08468045228481834
2665,0.10798726951181752,0.19003316797421393,0.08204589846239642
2666,0.11671512903977743,0.16734700567998229,0.050631876640204854
2667,0.15079436544021027,0.20539470239206528,0.05460033695185501
2668,0.13605834425757102,0.19236981225331815,0.05631146799574713
2669,0.14097093744754918,0.20371827639507534,0.06274733894752615
2670,0.13701563899252447,0.17845865534450525,0.04144301635198078
2671,0.10558298975595956,0.1387576080095473,0.03317461825358775
2672,0.06307953558720207,0.09020973288469995,0.027130197297497882
2673,0.05449603195139396,0.07959961048501837,0.025103578533624417
2674,0.05949302722919792,0.0876586065815743,0.02816557935237638
2675,0.05562134121991814,0.08078281450883833,0.02516147328892019
2676,0.05690669435340326,0.07221819895878297,0.015311504605379708
2677,0.06496103180963758,0.07153413913220619,0.006573107322568605
2678,0.070641333763357,0.10018007105916625,0.029538737295809248
2679,0.06881397092067502,0.09839362353047684,0.029579652609801818
2680,0.0722679274035706,0.09168618512502713,0.019418257721456528
2681,0.05563470518201924,0.07646806992435788,0.020833364742338642
2682,0.07584543065075987,0.09354101235803633,0.01769558170727646
2683,0.09142476905640295,0.10974440428594709,0.018319635229544134
2684,0.1537958407408198,0.1906582327746389,0.03686239203381908
2685,0.14741502931030065,0.21938964077182288,0.07197461146152223
2686,0.1587151396319502,0.2547569736260301,0.09604183399407992
2687,0.15699273139324257,0.23704390894915736,0.08005117755591479
2688,0.20121032115859538,0.2791306434380202,0.0779203222794248
2689,0.197596221296039,0.2782273550134019,0.08063113371736291
2690,0.19283269412323986,0.27726310871683046,0.0844304145935906
2691,0.20092656743719273,0.2890435296569526,0.0881169622197599
2692,0.2111559347477031,0.2961410194015863,0.08498508465388321
2693,0.20829386925478166,0.3029778024500052,0.09468393319522356
2694,0.2517827269549739,0.3280381436834966,0.0762554167285227
2695,0.2219256328188254,0.31512083834442567,0.09319520552560026
2696,0.21009388028355128,0.3228798264824065,0.11278594619885521
2697,0.15944189320732954,0.3323610228136238,0.17291912960629424
2698,0.16862567459320843,0.32034111602724147,0.15171544143403304
2699,0.16041039546025046,0.26677479225649686,0.1063643967962464
2700,0.17745412220003257,0.2749071362448263,0.09745301404479376
2701,0.18109690040213733,0.2660248405466436,0.08492794014450628
2702,0.20295059577729424,0.26633175171310314,0.0633811559358089
2703,0.20465227669789823,0.24662535357131818,0.041973076873419946
2704,0.20119376638812522,0.2416176466884827,0.040423880300357484
2705,0.21139116291775192,0.2485715291708717,0.03718036625311977
2706,0.21936553255220054,0.25308832092935474,0.0337227883771542
2707,0.21802244003810323,0.2162177712290062,-0.0018046688090970209
2708,0.21231301827100768,0.1516871698103872,-0.06062584846062047
2709,0.19322337488990926,0.08158480059506397,-0.11163857429484529
2710,0.19286389942484944,0.15240532675755014,-0.0404585726672993
2711,0.21856417077499388,0.20667912361784951,-0.011885047157144363
2712,0.19636476057585786,0.22202608314636854,0.02566132257051068
2713,0.19596623445758207,0.2416426459781425,0.04567641152056043
2714,0.21601129840934497,0.2483088200870365,0.03229752167769154
2715,0.16164809349571646,0.23154623066500923,0.06989813716929277
2716,0.09220149563672227,0.1477598661333766,0.05555837049665434
2717,0.14513001076980298,0.1471292552763532,0.0019992445065502296
2718,0.1769564431193698,0.23652330788651493,0.05956686476714512
2719,0.12422729601852384,0.18972332476545517,0.06549602874693133
2720,0.16688815895688577,0.1850457995739215,0.01815764061703573
2721,0.19384369581868297,0.18358820021483355,-0.010255495603849418
2722,0.21984998796319086,0.19282720018864605,-0.02702278777454481
2723,0.14165485123712515,0.19975894342123243,0.05810409218410728
2724,0.14141918470263104,0.08767873099571288,-0.053740453706918156
2725,0.15586386948550568,0.022432675433782297,-0.13343119405172338
2726,0.1365508889751311,0.029248727200821188,-0.1073021617743099
2727,0.11093566149424365,0.0672501365084198,-0.043685524985823856
2728,0.1356325755440591,0.0808837214350488,-0.054748854109010314
2729,0.11115366199479525,0.06024845232896282,-0.050905209665832424
2730,0.09929642602418841,0.05730760688423252,-0.04198881913995589
2731,0.12830395606876926,0.09596010199091731,-0.03234385407785195
2732,0.13774640818351977,0.06409220836631487,-0.0736541998172049
2733,0.118289040899188,0.05700948244169433,-0.06127955845749367
2734,0.19107336421835203,0.04267742419321459,-0.14839594002513745
2735,0.11902864634664839,0.2426321772308305,0.1236035308841821
2736,0.08826720107783267,0.28220318426278185,0.19393598318494917
2737,0.08458951130166852,0.25403280785324794,0.16944329655157941
2738,0.1049588612746631,0.17721328233773756,0.07225442106307446
2739,0.10626282529778973,0.18983012398346452,0.08356729868567479
2740,0.10650628394160885,0.15515894771487385,0.04865266377326499
2741,0.11250979958864457,0.1339167777661617,0.021406978177517133
2742,0.09030193664865796,0.15640370714304216,0.0661017704943842
2743,0.09264524928259264,0.12609939621866798,0.03345414693607533
2744,0.08044672723581855,0.11182505448161513,0.031378327245796575
2745,0.08227227272875991,0.10698197447286016,0.024709701744100254
2746,0.08734518002129446,0.12040067463465859,0.03305549461336413
2747,0.09092318005199672,0.14952605702506921,0.058602876973072496
2748,0.09705849492276278,0.14248163951357765,0.04542314459081487
2749,0.11158865940411726,0.1655815589958188,0.053992899591701546
2750,0.1099556506290319,0.17175078992661966,0.06179513929758776
2751,0.13297630068758742,0.1907251313886428,0.05774883070105538
2752,0.13548734203203883,0.18980798482253702,0.0543206427904982
2753,0.11907216029881638,0.18900427866895553,0.06993211837013914
2754,0.09442684560032513,0.1509444467162017,0.05651760111587656
2755,0.08390124156852839,0.13264681420360824,0.04874557263507985
2756,0.08330032892598775,0.10862206040475228,0.025321731478764528
2757,0.11469489086763418,0.14949523353285432,0.03480034266522014
2758,0.0820645274992767,0.11723195576881329,0.03516742826953659
2759,0.08145526584658701,0.12532975933170784,0.04387449348512083
2760,0.07018423747052337,0.10530053522471453,0.03511629775419116
2761,0.08361337403634486,0.11732956200238978,0.03371618796604492
2762,0.11312003318444318,0.16954559702473634,0.056425563840293166
2763,0.11240693751573413,0.16000367411497485,0.04759673659924071
2764,0.12046811496479934,0.17580057298445428,0.055332458019654945
2765,0.16736590571663484,0.17862110962267172,0.011255203906036876
2766,0.12170948811189752,0.13704489233649914,0.015335404224601612
2767,0.11907854867788528,0.12208222104044159,0.0030036723625563033
2768,0.07339320236981664,0.09483299629690338,0.02143979392708674
2769,0.08004007164348755,0.11889503305059759,0.03885496140711005
2770,0.16554358986407247,0.2175059733722041,0.05196238350813162
2771,0.17263440117428575,0.23974128204716155,0.06710688087287581
2772,0.09895644408738292,0.14032139590857023,0.04136495182118731
2773,0.085738504824584,0.12405573220346629,0.03831722737888228
2774,0.058922953460307896,0.08648889421091092,0.027565940750603028
2775,0.05265053829900573,0.07645700793715586,0.023806469638150134
2776,0.06830853774487543,0.08937000568131007,0.02106146793643464
2777,0.10492222405006027,0.1367227267970641,0.03180050274700383
2778,0.06107965995704118,0.08705815431895617,0.02597849436191499
2779,0.057197859461216805,0.07884775394324317,0.021649894482026366
2780,0.07138189249551001,0.0938974675699584,0.022515575074448388
2781,0.06621167639393553,0.09874069278470324,0.032529016390767704
2782,0.06242528702428777,0.09183660759526552,0.02941132057097775
2783,0.08839285630226618,0.11243177806039162,0.024038921758125442
2784,0.11779910927312966,0.10657967963210604,-0.011219429641023612
2785,0.1252504528990242,0.1474938556057926,0.02224340270676839
2786,0.13107958882363702,0.15076519215198536,0.019685603328348344
2787,0.10799825652389893,0.15297887854283218,0.044980622018933256
2788,0.13136104294208864,0.18505962562165418,0.05369858267956554
2789,0.17012673108307022,0.25649078682958254,0.08636405574651232
2790,0.1689484546045665,0.24476375592878072,0.07581530132421421
2791,0.1670619430051929,0.2256047814912102,0.058542838486017296
2792,0.18784532109158722,0.18345126097145167,-0.004394060120135546
2793,0.15966485086649762,0.22128361317044454,0.06161876230394692
2794,0.18534649025172356,0.2700292360320353,0.08468274578031176
2795,0.18912758460811085,0.35031541879346184,0.161187834185351
2796,0.2508856298056402,0.3473236152872293,0.0964379854815891
2797,0.26386584625005305,0.3629951606751507,0.09912931442509765
2798,0.2402114056994732,0.34338349400089346,0.10317208830142027
2799,0.18951098479158415,0.3301300696135807,0.14061908482199656
2800,0.13233023403178373,0.3157435027907083,0.18341326875892455
2801,0.13371305458267269,0.32709914910040455,0.19338609451773187
2802,0.1427207594685893,0.32834450024182216,0.18562374077323285
2803,0.15496078871021174,0.3282926294372591,0.17333184072704738
2804,0.1782738294616568,0.3255770044015259,0.14730317493986914
2805,0.19375418354786808,0.2695536108496048,0.0757994273017367
2806,0.17369582038140857,0.2260043675386867,0.05230854715727812
2807,0.1793325899161407,0.21445827278867813,0.03512568287253742
2808,0.13861410285488157,0.17387581041940603,0.03526170756452446
2809,0.17662843591461735,0.20321610632570536,0.026587670411088005
2810,0.19081327552691207,0.18308091987942993,-0.0077323556474821475
2811,0.19450170074738568,0.18283377417499558,-0.011667926572390103
2812,0.19005318440846689,0.17518124529040613,-0.014871939118060756
2813,0.19558684420423178,0.20368081183795173,0.008093967633719945
2814,0.1801839635034733,0.20144243894975572,0.021258475446282427
2815,0.17034503706337295,0.20382606965816696,0.033481032594794014
2816,0.19686391981933948,0.2442894010814999,0.047425481262160424
2817,0.20381899831008352,0.2495265029716274,0.045707504661543885
2818,0.15528545818169726,0.22625963199421564,0.07097417381251839
2819,0.10239544985562046,0.13692647850177284,0.03453102864615237
2820,0.22256418372997452,0.23713684659296413,0.01457266286298961
2821,0.2424014029982771,0.29099409563080847,0.04859269263253138
2822,0.1587898560903948,0.19651008461267147,0.03772022852227666
2823,0.19268014132886374,0.11760877024943954,-0.0750713710794242
2824,0.08710139308106608,0.11991375564968901,0.032812362568622924
2825,0.19609558611029432,0.18908752342396304,-0.007008062686331279
2826,0.14697154466048995,0.16720991113515948,0.020238366474669534
2827,0.09639629138138478,0.07458538491994078,-0.021810906461444
2828,0.12274323593475579,0.03012689882444617,-0.09261633711030962
2829,0.13952395316322483,0.0656559590171785,-0.07386799414604633
2830,0.12073224855871419,0.06687559182432179,-0.0538566567343924
2831,0.10487959619535969,0.0593911530702779,-0.045488443125081796
2832,0.1502972897756922,0.09752557186760384,-0.052771717908088364
2833,0.12157306365587449,0.0876527716699745,-0.03392029198589999
2834,0.11517232930676895,0.08470148969175216,-0.030470839615016787
2835,0.13559520203814782,0.08012706365414254,-0.05546813838400527
2836,0.127792523251246,0.027880815828636663,-0.09991170742260932
2837,0.1398901126085517,0.01970196595139514,-0.12018814665715655
2838,0.11161877591273722,0.275786628052872,0.1641678521401348
2839,0.10363295241103732,0.2764648146059054,0.17283186219486807
2840,0.11691478141036893,0.19294779724623518,0.07603301583586625
2841,0.10044721960178041,0.17649169585714114,0.07604447625536073
2842,0.10803987913294773,0.14340360444777883,0.035363725314831104
2843,0.1373937945079259,0.17108308619944074,0.03368929169151483
2844,0.10294305907884149,0.16438524025711543,0.061442181178273936
2845,0.08448640509528202,0.13578395719680575,0.05129755210152373
2846,0.08055434430101142,0.11833662635775143,0.03778228205674
2847,0.08733247275099602,0.13921577616186306,0.05188330341086704
2848,0.100467376534928,0.17077137962235192,0.07030400308742392
2849,0.10572119702531683,0.1814752101314463,0.07575401310612946
2850,0.13447049916324036,0.202456754243034,0.06798625507979364
2851,0.18653349593753316,0.26076158255474907,0.07422808661721592
2852,0.12976691984339525,0.171876987561679,0.04211006771828374
2853,0.12713327267969496,0.1527731785977888,0.02563990591809384
2854,0.1477814004949588,0.14999894577417794,0.0022175452792191352
2855,0.11823275373195846,0.168559404906845,0.05032665117488655
2856,0.10242144989746049,0.1633788741284367,0.06095742423097622
2857,0.08088674160399065,0.13366745513514142,0.05278071353115077
2858,0.07732715006216562,0.11880554844015885,0.041478398377993234
2859,0.09671113346820934,0.13706476920556296,0.04035363573735362
2860,0.07774428642500422,0.11432076152242504,0.03657647509742082
2861,0.10116238234978375,0.145502593215383,0.04434021086559925
2862,0.08188629986738337,0.11796859151515535,0.03608229164777198
2863,0.12024978498623762,0.16999289010115495,0.049743105114917335
2864,0.11938977768536134,0.16552298124998788,0.04613320356462654
2865,0.10066653006499075,0.13387562533994948,0.03320909527495873
2866,0.13252289417664864,0.1985359050174573,0.06601301084080866
2867,0.14609960553764162,0.16868235783137212,0.022582752293730496
2868,0.15180413325245246,0.14661847260020866,-0.005185660652243795
2869,0.11603455265625467,0.1355264820123386,0.01949192935608393
2870,0.097650718837788,0.12503831681624467,0.027387597978456663
2871,0.07611524611779606,0.10650324727861912,0.03038800116082306
2872,0.14653065598186035,0.1681161113481567,0.021585455366296358
2873,0.1122177743359707,0.12250783724707952,0.010290062911108816
2874,0.08136047535431407,0.11300182748175047,0.031641352127436406
2875,0.06045206912034803,0.08657824552747652,0.02612617640712849
2876,0.05413361936752124,0.07792018592407503,0.02378656655655379
2877,0.050447867555249264,0.0699263381558737,0.01947847060062443
2878,0.04937205416555149,0.06262266372997223,0.013250609564420743
2879,0.053261431989043304,0.07344454030895912,0.02018310831991582
2880,0.056843309109052415,0.08062370649557207,0.02378039738651966
2881,0.06513975808975911,0.08774786239523971,0.022608104305480603
2882,0.05676501181314776,0.08466257112604793,0.027897559312900166
2883,0.09623196150416043,0.13315398945125764,0.036922027947097216
2884,0.11767464520532848,0.13782571434188762,0.020151069136559133
2885,0.13227806742106843,0.14134661146569075,0.009068544044622318
2886,0.15056913493697943,0.16402887929758214,0.01345974436060271
2887,0.1554247127293117,0.18587475928073202,0.030450046551420334
2888,0.12538529835955176,0.16291817694363936,0.0375328785840876
2889,0.10896452597341338,0.16210087804248519,0.0531363520690718
2890,0.11863918030951523,0.17826444026915855,0.05962525995964332
2891,0.16565854494310453,0.21503128134400978,0.049372736400905254
2892,0.15015101040317724,0.20186819469393139,0.05171718429075414
2893,0.175649152978727,0.23855031516698327,0.06290116218825628
2894,0.15331054616795198,0.2067319308080011,0.05342138464004911
2895,0.14966843173181288,0.2452230585576494,0.09555462682583651
2896,0.16618712814842093,0.28395857870518454,0.11777145055676361
2897,0.17737458218267563,0.3044905752073504,0.12711599302467477
2898,0.14984265338169295,0.301238313169576,0.15139565978788305
2899,0.1474001746768918,0.3569321374248207,0.20953196274792893
2900,0.20556204176913825,0.34028534460049353,0.13472330283135528
2901,0.18609716770816256,0.32780294401655896,0.1417057763083964
2902,0.11789655811661107,0.3272739451876955,0.20937738707108441
2903,0.14592030337255896,0.3332707907014257,0.18735048732886672
2904,0.13450852918958464,0.3328513543645029,0.19834282517491827
2905,0.13803791420554304,0.32503377266832223,0.1869958584627792
2906,0.19353302183290244,0.32492046522266477,0.13138744338976233
2907,0.2049529231232464,0.31344530992301595,0.10849238679976955
2908,0.19720463420139442,0.2527901920842187,0.055585557882824294
2909,0.166768423727556,0.21357222536461007,0.04680380163705408
2910,0.14870397341183914,0.17295193164358927,0.024247958231750133
2911,0.1540888478446593,0.17504634771613672,0.020957499871477436
2912,0.17551092635223123,0.19972020082946415,0.024209274477232923
2913,0.14404044663480534,0.17433044537320416,0.030289998738398827
2914,0.1472004248265024,0.177522210410956,0.030321785584453614
2915,0.17588097457308985,0.1577434425430082,-0.018137532030081643
2916,0.17947612111100844,0.1970408614436832,0.017564740332674772
2917,0.1588736690760523,0.20258319278139042,0.04370952370533812
2918,0.11901277450902835,0.15873933837401016,0.039726563864981815
2919,0.11409700167489654,0.16312922679159353,0.049032225116696984
2920,0.1289756500075293,0.19964452882440165,0.07066887881687234
2921,0.13639917932228107,0.16527677320266157,0.028877593880380498
2922,0.2360118463771823,0.27213937657192255,0.03612753019474024
2923,0.24041120759115572,0.30071409005643746,0.06030288246528173
2924,0.2070890077845878,0.2608627800402428,0.05377377225565502
2925,0.15046379045263827,0.1679237326763735,0.01745994222373523
2926,0.11419221252635169,0.1423463048290848,0.028154092302733122
2927,0.09718362767312227,0.13604152378868511,0.03885789611556284
2928,0.10597187886638611,0.11939409099907422,0.013422212132688113
2929,0.12867395395663633,0.1372436583272585,0.008569704370622155
2930,0.15479742191868165,0.08583027656442914,-0.06896714535425251
2931,0.11296331031854456,0.04351640349718153,-0.06944690682136304
2932,0.12407803020170896,0.009044888513573733,-0.11503314168813522
2933,0.11705616445077593,0.048130723691028734,-0.0689254407597472
2934,0.12406779382895676,0.0797285398962226,-0.04433925393273416
2935,0.1287954189858159,0.07587490083447145,-0.05292051815134445
2936,0.10158523277109535,0.07545991311742155,-0.026125319653673804
2937,0.1108561075974503,0.0758743436671943,-0.03498176393025601
2938,0.1035434928880684,0.06686065209277647,-0.036682840795291924
2939,0.12496145571661602,0.07771613755651499,-0.047245318160101024
2940,0.1181468148911936,0.30191738083332925,0.18377056594213564
2941,0.1218246124366251,0.26010531375375945,0.13828070131713435
2942,0.11027814703199391,0.2011033166744057,0.09082516964241179
2943,0.12671458601036556,0.24066912767620477,0.11395454166583921
2944,0.09811885711778072,0.2439460653067556,0.14582720818897488
2945,0.10045179419420139,0.22430113069825774,0.12384933650405636
2946,0.09499018702138212,0.16990133343884922,0.0749111464174671
2947,0.08447601217836555,0.1600198531414472,0.07554384096308166
2948,0.09013576175043422,0.18603790030859835,0.09590213855816412
2949,0.08646443928193377,0.1666626622739383,0.08019822299200453
2950,0.11532524416113575,0.18544371632402845,0.0701184721628927
2951,0.12536181029951682,0.20127568906466517,0.07591387876514835
2952,0.11696598872259986,0.20003472258310184,0.08306873386050198
2953,0.12122206779690897,0.17777581984858587,0.0565537520516769
2954,0.09612411625484005,0.17660648289693523,0.08048236664209518
2955,0.12093570533561787,0.11867307423860128,-0.0022626310970165903
2956,0.15533621750430532,0.13523853775841804,-0.020097679745887276
2957,0.15252819540703155,0.15637905593228948,0.003850860525257932
2958,0.1211493597413128,0.16799979047949454,0.046850430738181736
2959,0.11409057934263901,0.16931568348870393,0.05522510414606492
2960,0.09891781272338705,0.1301417660828636,0.031223953359476544
2961,0.08615574814402063,0.1365534272463965,0.05039767910237586
2962,0.08286391113158298,0.13785480823222523,0.054990897100642255
2963,0.09253905310356669,0.1360521598794028,0.04351310677583611
2964,0.09781217440410755,0.147077747071914,0.049265572667806456
2965,0.10823345311548473,0.14157834316571674,0.033344890050232015
2966,0.08322263394775561,0.12579156788109977,0.042568933933344155
2967,0.09812793192844328,0.14984396530702032,0.05171603337857704
2968,0.09185514626492733,0.13766178063597712,0.04580663437104979
2969,0.08582699802199086,0.12774175786084596,0.041914759838855106
2970,0.086262902275368,0.11169116540642116,0.02542826313105316
2971,0.15781036064715773,0.1689092591127744,0.01109889846561668
2972,0.08273085036683567,0.11590521189151355,0.033174361524677884
2973,0.06889217137370549,0.09496201409493601,0.02606984272123053
2974,0.07536974144717246,0.09493556298427584,0.019565821537103387
2975,0.06413467885777059,0.08716451418624528,0.02302983532847469
2976,0.07359336459636612,0.10054269507921379,0.026949330482847672
2977,0.05889002985263595,0.08019478695315065,0.021304757100514694
2978,0.05472101043685333,0.07648326778399517,0.021762257347141836
2979,0.051132092765617004,0.068099633902588,0.016967541136970993
2980,0.052399739898108866,0.07466910261021344,0.02226936271210457
2981,0.05178501318488283,0.07281591503201967,0.021030901847136844
2982,0.05819811912039443,0.08433685898975744,0.026138739869363013
2983,0.0836601979021258,0.10234544044968732,0.01868524254756153
2984,0.1298500866090937,0.15818435164823788,0.028334265039144185
2985,0.15266357659088767,0.17137716474535536,0.018713588154467692
2986,0.13928632377410985,0.15814773341155539,0.018861409637445536
2987,0.14640364803510175,0.17695708234817217,0.03055343431307042
2988,0.17074915622471348,0.197229565964682,0.026480409739968513
2989,0.15339665354812163,0.20015487066068502,0.046758217112563394
2990,0.16708064882344933,0.22202915706516055,0.054948508241711214
2991,0.13099605330652214,0.1939378252007126,0.06294177189419045
2992,0.08170211980899422,0.12115556616834253,0.039453446359348304
2993,0.12228125966774676,0.1757098309428819,0.05342857127513513
2994,0.16279168494272572,0.23294590487913833,0.0701542199364126
2995,0.1743903379841384,0.23662334359466328,0.06223300561052489
2996,0.15326271157579408,0.22498208698394714,0.07171937540815307
2997,0.12786883844038885,0.18734078635192666,0.059471947911537815
2998,0.17019824515004114,0.27225275760519896,0.10205451245515781
2999,0.15209516270454065,0.2732055550609081,0.12111039235636745
3000,0.14865423314990459,0.2708149171641453,0.12216068401424071
3001,0.1243952318121015,0.25866388110886085,0.13426864929675936
3002,0.1357982490691097,0.26924275460361496,0.13344450553450526
3003,0.1435609880161019,0.31522375595196606,0.17166276793586416
3004,0.1510990112426966,0.32756075766908804,0.17646174642639145
3005,0.13935002832277876,0.3394088708695998,0.20005884254682105
3006,0.1550775586591102,0.33924565437609705,0.18416809571698686
3007,0.13270666869424055,0.33625247079793474,0.2035458021036942
3008,0.1846217293224225,0.33470598351170094,0.15008425418927845
3009,0.20907270619126753,0.284497608581455,0.07542490239018748
3010,0.1895123774185727,0.2504307292827255,0.06091835186415279
3011,0.16850412034368076,0.21869052745380937,0.05018640711012862
3012,0.13986402958993693,0.1616269116915503,0.021762882101613368
3013,0.13709959499633856,0.14400878782139845,0.00690919282505989
3014,0.1711119021800947,0.2055255744275799,0.034413672247485205
3015,0.1727366457111568,0.21775677121841325,0.04502012550725645
3016,0.1645806655606312,0.20885474377954336,0.04427407821891216
3017,0.17060643209129894,0.1831332995913023,0.012526867500003369
3018,0.19109636605087668,0.19848419157999675,0.007387825529120068
3019,0.17354420478206853,0.20141448250773752,0.027870277725668996
3020,0.08992292773481575,0.11145439512251203,0.021531467387696276
3021,0.11621704359611479,0.18413004444251138,0.06791300084639659
3022,0.13754576634330168,0.1910533337716718,0.05350756742837012
3023,0.1423815843101255,0.17230090886871854,0.029919324558593058
3024,0.20444904774418213,0.28464037978163564,0.08019133203745352
3025,0.20948362511321328,0.31747439816980233,0.10799077305658905
3026,0.22480737220579775,0.314985073099902,0.09017770089410423
3027,0.2012500695102065,0.25037108429961374,0.04912101478940725
3028,0.14244341234045527,0.1372177733148608,-0.005225639025594475
3029,0.07766574034743667,0.10271932842128742,0.025053588073850747
3030,0.11064099097317208,0.12629411812333022,0.01565312715015814
3031,0.1443015386861873,0.1737584979919137,0.029456959305726393
3032,0.12397260603090389,0.059890596843270236,-0.06408200918763365
3033,0.1373994296935124,0.010590711175242292,-0.1268087185182701
3034,0.14024316700417577,0.032365712518320267,-0.1078774544858555
3035,0.14216526936993723,0.053145588077802175,-0.08901968129213506
3036,0.11326315589965928,0.07054508718284952,-0.04271806871680976
3037,0.11591728357999025,0.07751485834280682,-0.03840242523718343
3038,0.11676496128047376,0.07226915700348047,-0.04449580427699329
3039,0.07753984922014336,0.048190030982284755,-0.0293498182378586
3040,0.09506840278752408,0.04619601789704109,-0.04887238489048299
3041,0.10787040001014674,0.030120230999074144,-0.0777501690110726
3042,0.11144244838412683,0.29064534833095756,0.17920289994683075
3043,0.12591088500787204,0.278425614246145,0.15251472923827294
3044,0.10821379867130361,0.2678569705520537,0.1596431718807501
3045,0.09547099001319931,0.2969315215388125,0.20146053152561322
3046,0.10189556995315292,0.21202669207022137,0.11013112211706845
3047,0.09564497346905756,0.18409612634499342,0.08845115287593586
3048,0.11203443894107559,0.16010917900694438,0.04807474006586879
3049,0.11934450763994199,0.1967567219665866,0.07741221432664462
3050,0.10431287126365667,0.18206479572681092,0.07775192446315425
3051,0.1213172932994704,0.22698631319731638,0.10566901989784598
3052,0.08836950761356552,0.16318543808712074,0.07481593047355523
3053,0.0878982670829381,0.15105573707849818,0.06315746999556007
3054,0.12622747114885552,0.18385489838444127,0.057627427235585754
3055,0.10915391855322923,0.1713746753477033,0.06222075679447406
3056,0.13293720810564816,0.13111390775795798,-0.0018233003476901821
3057,0.14038144926292967,0.15011768132060443,0.009736232057674765
3058,0.10815235428288145,0.1394374123038246,0.03128505802094314
3059,0.09980201400100433,0.13644390517493998,0.03664189117393565
3060,0.12947755574980938,0.1258227538828554,-0.003654801866953966
3061,0.10751937876076181,0.154444545123925,0.046925166363163184
3062,0.10112679781601988,0.15474763471114436,0.05362083689512448
3063,0.12134587858802476,0.1592388178237417,0.03789293923571693
3064,0.10086474865323841,0.12377204348910881,0.022907294835870395
3065,0.08498434948827047,0.11932653628567763,0.034342186797407165
3066,0.0792690727983888,0.12333938126728136,0.044070308468892566
3067,0.11003507700721671,0.14108938956794995,0.031054312560733238
3068,0.09547945790092054,0.13039330191117948,0.034913844010258946
3069,0.0807459858700219,0.11788031439044581,0.03713432852042392
3070,0.1440699456637062,0.18187559715815985,0.03780565149445364
3071,0.06315600460461292,0.09382994856850685,0.030673943963893932
3072,0.0602307151726857,0.08752027934323879,0.027289564170553088
3073,0.056519709455257465,0.08351446303133474,0.026994753576077272
3074,0.06233050701042054,0.08920932040315335,0.026878813392732813
3075,0.06927886698626903,0.09995466523980218,0.030675798253533143
3076,0.06486241555384638,0.08902280372946782,0.02416038817562144
3077,0.059254532633231355,0.0826587023263804,0.02340416969314904
3078,0.05497417227408537,0.07520636085697861,0.020232188582893246
3079,0.06124828166876287,0.08574554761448529,0.024497265945722414
3080,0.07392904875740196,0.10458049038565885,0.030651441628256892
3081,0.131294934717559,0.1585475005147707,0.02725256579721172
3082,0.1512551988827582,0.18044567807680825,0.029190479194050045
3083,0.1280312290676841,0.1336977312088251,0.0056665021411410055
3084,0.12219433941151371,0.129113279967955,0.00691894055644128
3085,0.16516020193721997,0.20547336463366794,0.04031316269644797
3086,0.1356351697527655,0.1743852459150523,0.03875007616228682
3087,0.13913536878116667,0.19685362265320816,0.05771825387204149
3088,0.14367938544999048,0.2057445376454713,0.06206515219548081
3089,0.14844070927962827,0.2084837630568259,0.060043053777197625
3090,0.1273662802237496,0.17747376275171514,0.05010748252796554
3091,0.10836262608768314,0.1446131029950435,0.03625047690736037
3092,0.12833295430604796,0.17381292866802356,0.045479974361975595
3093,0.15171708245216964,0.21215296393196853,0.06043588147979889
3094,0.15615769288589967,0.2441687148737551,0.08801102198785543
3095,0.11614001936235864,0.16944527649212218,0.05330525712976354
3096,0.08922641129699842,0.11691999030984762,0.027693579012849204
3097,0.164030603390731,0.1617288623890552,-0.0023017410016757944
3098,0.15036414320575422,0.1743780813445854,0.02401393813883118
3099,0.16271822545226156,0.2532020068820007,0.09048378142973912
3100,0.13477995506083765,0.2222387189208322,0.08745876385999454
3101,0.11633976656738786,0.19850962448287038,0.08216985791548252
3102,0.10949691775755678,0.2932307752742026,0.18373385751664584
3103,0.13761529852024432,0.3283955015147784,0.1907802029945341
3104,0.1316525074702206,0.3336389772444047,0.20198646977418414
3105,0.12797829782782735,0.3144839721981326,0.18650567437030527
3106,0.12003364370467855,0.2881154468803959,0.16808180317571736
3107,0.1380562530939375,0.293254039950106,0.15519778685616853
3108,0.17325939051426936,0.2522088297118857,0.07894943919761632
3109,0.1852188295144992,0.2532165880875855,0.06799775857308632
3110,0.1874089296432378,0.2303206487005101,0.04291171905727231
3111,0.18020840849728775,0.21547830298641674,0.03526989448912898
3112,0.16028867718437875,0.17979988938876226,0.01951121220438351
3113,0.16364981752831498,0.1996733506046835,0.03602353307636852
3114,0.15957760681067976,0.17858401517952896,0.019006408368849204
3115,0.17889728668889185,0.1710284516858476,-0.00786883500304425
3116,0.19871578075429278,0.19094400379029966,-0.007771776963993116
3117,0.18772536379270718,0.21514162308545606,0.02741625929274888
3118,0.16746044821598344,0.19145918982534363,0.02399874160936019
3119,0.13639561378063061,0.16627353512479504,0.02987792134416442
3120,0.14168331834564868,0.16865579023957225,0.026972471893923572
3121,0.154028511964289,0.2052916778001904,0.0512631658359014
3122,0.16122454695310454,0.18713451509084536,0.025909968137740824
3123,0.1900532783242302,0.2658421415760953,0.07578886325186512
3124,0.1547637103665538,0.24916199213806106,0.09439828177150725
3125,0.19362913508999677,0.27098860197911745,0.07735946688912068
3126,0.17179164209839803,0.1775708302355985,0.005779188137200464
3127,0.11397978933640703,0.044767369708228325,-0.0692124196281787
3128,0.07426041816822786,0.0754576534967026,0.0011972353284747383
3129,0.14838681117168878,0.07612614488850464,-0.07226066628318414
3130,0.09519699186338137,0.11484548375062867,0.019648491887247294
3131,0.09176128077106686,0.06587327485654043,-0.025888005914526432
3132,0.09781999240459369,0.00770185870872824,-0.09011813369586545
3133,0.0918230928145929,0.04259899321292936,-0.04922409960166354
3134,0.08486939841396214,0.03693827568597718,-0.047931122727984964
3135,0.0998040649191378,0.07939205852969217,-0.02041200638944564
3136,0.11671913991228944,0.07464761080648079,-0.04207152910580865
3137,0.0893509119760493,0.048046142499075545,-0.04130476947697376
3138,0.0843934027667996,0.016248185796043653,-0.06814521697075596
3139,0.09841847379877525,0.04373147684118083,-0.054686996957594415
3140,0.10027776612619986,0.040076396291535143,-0.06020136983466472
3141,0.10132242402208891,0.30015383695742914,0.19883141293534023
3142,0.1255703616101404,0.30736023764842485,0.18178987603828445
3143,0.11829552683765554,0.3003558384766395,0.18206031163898395
3144,0.10544179941769702,0.15114598936139534,0.04570418994369832
3145,0.10297770497816368,0.15713712853578907,0.05415942355762539
3146,0.1186619823263564,0.17472748427133145,0.056065501944975046
3147,0.11184686124927498,0.16930467201589103,0.057457810766616046
3148,0.12291358563008474,0.18716174411770156,0.06424815848761682
3149,0.13466628909173445,0.18691693581302285,0.0522506467212884
3150,0.1057256020837939,0.16042163108433688,0.054696029000542976
3151,0.11022896677527663,0.1562141591188981,0.04598519234362147
3152,0.09922937455368272,0.1357767353337955,0.03654736078011278
3153,0.1032208167359256,0.13942403866138534,0.03620322192545973
3154,0.13288994264596365,0.15678165485492976,0.023891712208966104
3155,0.12928582404431754,0.15656594626087533,0.02728012221655779
3156,0.11879864537049532,0.14506291334544655,0.026264267974951225
3157,0.144808893510213,0.18462806655978112,0.03981917304956811
3158,0.13970965897253262,0.1765716944956962,0.03686203552316358
3159,0.12284690183777293,0.15258161195293166,0.029734710115158727
3160,0.10101963463103789,0.13313439163997667,0.03211475700893879
3161,0.08556907243256326,0.13459114721828075,0.04902207478571749
3162,0.07447623700138116,0.11754094206838142,0.04306470506700026
3163,0.07270343845967701,0.09193017711535516,0.019226738655678144
3164,0.07038306832198676,0.1029482813099419,0.03256521298795513
3165,0.14335280443778403,0.1850887739076467,0.04173596946986266
3166,0.0761176730152332,0.11210974867457003,0.035992075659336834
3167,0.05962367818558447,0.08785092835415556,0.02822725016857109
3168,0.058773037417921226,0.08750319538827367,0.028730157970352443
3169,0.05912820317140816,0.0844255245930763,0.025297321421668136
3170,0.06620458479833985,0.09814460436967448,0.03194001957133463
3171,0.05219541147536995,0.07537033629330708,0.023174924817937134
3172,0.061126678398765205,0.0888181777084391,0.027691499309673892
3173,0.08505522179548276,0.11302130996268613,0.027966088167203362
3174,0.12016018029676703,0.1579491762425797,0.03778899594581267
3175,0.10999246187850895,0.14388650284893678,0.033894040970427836
3176,0.11150745167428512,0.12840457487087528,0.01689712319659016
3177,0.11712796365843234,0.13207017127786347,0.01494220761943113
3178,0.15322432201211592,0.10990031192813723,-0.04332401008397868
3179,0.1521940933189179,0.14965932355110675,-0.0025347697678111403
3180,0.13630400117213026,0.1381750497798773,0.0018710486077470334
3181,0.12720822110687455,0.12525087049220623,-0.001957350614668313
3182,0.0702459529288972,0.1069246143573053,0.0366786614284081
3183,0.1119196018064661,0.13341600552980862,0.021496403723342522
3184,0.13534355358916308,0.1737977031566851,0.03845414956752202
3185,0.12376868719118443,0.16850206720238267,0.04473338001119824
3186,0.09329137856047258,0.13077621313804483,0.03748483457757225
3187,0.12166875803516125,0.1625795400396226,0.040910782004461355
3188,0.11021529470664503,0.15293912941701923,0.042723834710374206
3189,0.17254253321823743,0.21477030697152494,0.04222777375328751
3190,0.1234665777968659,0.151804332739404,0.028337754942538096
3191,0.12173269456389983,0.14301550957844805,0.02128281501454822
3192,0.15529586257897673,0.17395453766145524,0.01865867508247851
3193,0.1027132823529282,0.1307827453193636,0.028069462966435393
3194,0.15721442359126295,0.20420480970099394,0.046990386109731
3195,0.16565667447734891,0.2353902466890679,0.069733572211719
3196,0.13036977284048729,0.2143580380717888,0.08398826523130151
3197,0.11536687333997384,0.2722512762497644,0.15688440290979058
3198,0.1142434226326077,0.3124132620616104,0.1981698394290027
3199,0.1353808879372659,0.25525868737519647,0.11987779943793056
3200,0.12632880528248672,0.2626046088719259,0.13627580358943917
3201,0.1253115034565817,0.2948459174656027,0.16953441400902097
3202,0.14482524926756246,0.31045200930526773,0.16562676003770527
3203,0.13211878681666897,0.29460911405676826,0.1624903272400993
3204,0.18113090408496116,0.23269468831418483,0.05156378422922367
3205,0.18060636903991384,0.21018734787267992,0.029580978832766086
3206,0.14859678088668413,0.18591799136496348,0.037321210478279354
3207,0.16514527201918694,0.20116582654850176,0.036020554529314824
3208,0.16656754102500254,0.19579927846464493,0.029231737439642386
3209,0.14313532078076496,0.1694522946496619,0.026316973868896948
3210,0.14200948792160753,0.16701327282553136,0.025003784903923826
3211,0.1751845897153647,0.1972781979800131,0.022093608264648373
3212,0.16352019810616292,0.192257416953128,0.02873721884696509
3213,0.1561722232502493,0.20227786274954318,0.04610563949929389
3214,0.14584909471427465,0.17880678223376556,0.03295768751949091
3215,0.1447004646055935,0.19312664363808776,0.04842617903249427
3216,0.17549190570635492,0.2369639476365993,0.06147204193024439
3217,0.08082622365863494,0.06781308102748046,-0.013013142631154481
3218,0.18946967242069185,0.27529067630206744,0.08582100388137559
3219,0.2299182653998446,0.2986226941248548,0.0687044287250102
3220,0.19727034943781974,0.28237497657688376,0.08510462713906403
3221,0.1368395469955017,0.1797642073092328,0.0429246603137311
3222,0.07697367724495321,0.08476561163103956,0.007791934386086344
3223,0.08590590145637739,0.07669949453912202,-0.00920640691725537
3224,0.09912581135553535,0.11609218868164238,0.016966377326107035
3225,0.055071802014513935,0.07425897729039664,0.019187175275882706
3226,0.06252584189354529,0.05822994616092521,-0.004295895732620084
3227,0.07499005294797183,0.03907315836762101,-0.03591689458035082
3228,0.12295564779311598,0.03758243957307847,-0.08537320822003751
3229,0.1310683014933744,0.04917202782549179,-0.0818962736678826
3230,0.09801903559864379,0.10660143817376294,0.00858240257511915
3231,0.07784537770194629,0.05927616965732991,-0.018569208044616377
3232,0.07336258662191285,0.05132009618864529,-0.02204249043326756
3233,0.07642860950075003,0.03933806521270367,-0.03709054428804636
3234,0.1033691658963575,0.044246918872692095,-0.059122247023665406
3235,0.0962937165339972,0.15188847259577443,0.05559475606177723
3236,0.12001239970596453,0.2051339175585804,0.08512151785261587
3237,0.13645917045271355,0.217237370724528,0.08077820027181445
3238,0.1081929035716852,0.17831184880576587,0.07011894523408066
3239,0.11889631311921878,0.18035189050615083,0.06145557738693205
3240,0.11252293052667885,0.18133562741211692,0.06881269688543808
3241,0.10891125869939142,0.18111372970729275,0.07220247100790134
3242,0.11655594178723641,0.12730889323647837,0.01075295144924196
3243,0.11800596059432295,0.13675974949460817,0.01875378890028523
3244,0.1360483973425495,0.1837307969210371,0.047682399578487605
3245,0.1474396805454576,0.15665148385241018,0.009211803306952565
3246,0.12589980851695629,0.13958586781497906,0.013686059298022774
3247,0.09845272183405282,0.14543820438540186,0.046985482551349045
3248,0.08360720693406098,0.12446724962104441,0.04086004268698343
3249,0.08933671684890118,0.13150207350457258,0.04216535665567139
3250,0.07076689159877185,0.11993442531458232,0.049167533715810466
3251,0.06863338265510809,0.11147519346288656,0.04284181080777848
3252,0.09423867727092025,0.14611713634115053,0.05187845907023028
3253,0.1107554180901056,0.13071118314213354,0.019955765052027938
3254,0.07326712781393985,0.10582485008601142,0.03255772227207157
3255,0.05834177046048894,0.08398505051508082,0.025643280054591877
3256,0.05779335261827493,0.08439167002626187,0.02659831740798694
3257,0.06189666606698095,0.09522159934771794,0.03332493328073699
3258,0.0639889087502893,0.08152102166749459,0.017532112917205286
3259,0.07132688453360637,0.0895979977771069,0.01827111324350053
3260,0.10236453908915241,0.13578666304888987,0.033422123959737454
3261,0.12829186513950172,0.16991342079881538,0.041621555659313664
3262,0.12931220912754657,0.17175230090290997,0.0424400917753634
3263,0.13257006575052024,0.14785875391877995,0.015288688168259706
3264,0.1318680089381471,0.08712082026847953,-0.044747188669667565
3265,0.10590584988895116,0.07760313809245926,-0.028302711796491895
3266,0.10745050926793454,0.08950125962424363,-0.017949249643690907
3267,0.12386627388985963,0.1104390501540197,-0.013427223735839933
3268,0.1412211742207167,0.15373515352603423,0.01251397930531753
3269,0.07117239821528885,0.08729181346319466,0.016119415247905805
3270,0.12788262761063288,0.12401601391684668,-0.0038666136937862
3271,0.14164355624604585,0.15529344881700316,0.013649892570957306
3272,0.1439107900353391,0.15687946599449815,0.012968675959159043
3273,0.14596276994768406,0.16728654825486208,0.02132377830717802
3274,0.14180416057658546,0.18590327848533278,0.04409911790874732
3275,0.12787441880880304,0.16600070849824175,0.03812628968943871
3276,0.11650980047986387,0.13928631315261913,0.022776512672755267
3277,0.09775595526320499,0.12400594865439664,0.026249993391191648
3278,0.11161497617240591,0.14053130947042422,0.028916333298018307
3279,0.10694657321158155,0.12037387960496393,0.013427306393382382
3280,0.1202914146347636,0.14303407611070695,0.02274266147594335
3281,0.15817397813404835,0.17940921494086132,0.021235236806812968
3282,0.11128413211674772,0.19584648924316045,0.08456235712641273
3283,0.1406542603152788,0.2361432528273599,0.0954889925120811
3284,0.16342958255291015,0.25719161251360456,0.09376202996069441
3285,0.1592990684307917,0.27425792893598205,0.11495886050519036
3286,0.1533181647981248,0.25411574616547244,0.10079758136734765
3287,0.1493778948464311,0.24827841391815306,0.09890051907172195
3288,0.15709952682147743,0.3112526161483946,0.15415308932691718
3289,0.14874720357333737,0.3237608741197577,0.1750136705464203
3290,0.13376716191791505,0.329509815009964,0.19574265309204897
3291,0.1626727257451518,0.2775230947345533,0.11485036898940149
3292,0.1700068761869763,0.24232131122375256,0.07231443503677626
3293,0.14661138792090925,0.19572346209536812,0.04911207417445887
3294,0.16975987679433735,0.19512093788654764,0.025361061092210285
3295,0.13099699669557233,0.12648893373374218,-0.00450806296183015
3296,0.12669736984077348,0.13611021349297453,0.009412843652201047
3297,0.12311067202108204,0.10794737405261592,-0.015163297968466119
3298,0.1339193445011323,0.15457571982472873,0.020656375323596432
3299,0.14970551294372259,0.1833108186979891,0.03360530575426651
3300,0.1776798817482267,0.20574915814016692,0.028069276391940234
3301,0.1699507906069959,0.21655038145616282,0.04659959084916693
3302,0.14780923836230161,0.19988624325551024,0.05207700489320863
3303,0.16106743526952821,0.1980681720792363,0.037000736809708085
3304,0.16242477768302438,0.17129693813901253,0.008872160455988154
3305,0.20013383327124556,0.26880501715914124,0.06867118388789567
3306,0.17888270788127106,0.3372984566109823,0.15841574872971123
3307,0.15959897014358287,0.27733568787857704,0.11773671773499417
3308,0.06928618478209692,0.09897898805884878,0.02969280327675186
3309,0.06099070262728609,0.08608868479183197,0.02509798216454588
3310,0.07231814240253465,0.09351813081416147,0.02119998841162682
3311,0.13425784107612743,0.11521263372147539,-0.01904520735465204
3312,0.10352271482641935,0.055473909377045716,-0.048048805449373636
3313,0.09365697990757126,0.062113269489728756,-0.0315437104178425
3314,0.11896317167605581,0.02194254096018391,-0.0970206307158719
3315,0.12072121168680636,0.024280421236304545,-0.09644079045050181
3316,0.11787837554130876,0.023659065363713525,-0.09421931017759523
3317,0.10339323726971753,0.09949180144655022,-0.003901435823167307
3318,0.07826934489914737,0.04182883173989121,-0.036440513159256165
3319,0.08152526366210949,0.04773664919639984,-0.03378861446570965
3320,0.10455142531128339,0.06117462753754675,-0.04337679777373664
3321,0.11733069640521922,0.16390056623661053,0.04656986983139132
3322,0.10696599555640604,0.15861950099286698,0.05165350543646094
3323,0.11683063380483075,0.20679776856206808,0.08996713475723733
3324,0.1423239419336116,0.21976904795833974,0.07744510602472815
3325,0.1354495177024449,0.20841190469374507,0.07296238699130017
3326,0.10190895955365163,0.1708276255547204,0.06891866600106876
3327,0.11514092267056125,0.18632737331932556,0.0711864506487643
3328,0.09791657483354851,0.14869497651672003,0.05077840168317152
3329,0.12771510678661768,0.14951253415086685,0.021797427364249167
3330,0.1218338972848039,0.17128108215938723,0.04944718487458333
3331,0.128182032836695,0.17546667601433263,0.04728464317763764
3332,0.12933275583199758,0.18313963808929948,0.0538068822573019
3333,0.1624552956203784,0.17624162277601793,0.013786327155639544
3334,0.14572584924208035,0.1617159651676462,0.015990115925565845
3335,0.1732642024252575,0.21622322039089137,0.04295901796563387
3336,0.12589328825964313,0.16337668806955924,0.03748339980991611
3337,0.0947583492318024,0.1501222430960371,0.05536389386423471
3338,0.09955040698722777,0.15897954098381675,0.05942913399658899
3339,0.09843170484228045,0.1479075219245668,0.04947581708228635
3340,0.09411321457073932,0.10604592498642955,0.011932710415690231
3341,0.05845079190497859,0.08822232609979119,0.029771534194812606
3342,0.05389783457196259,0.08145254099427095,0.02755470642230836
3343,0.061582040103825696,0.08673416724593579,0.02515212714211009
3344,0.065596911630553,0.08946646429783751,0.023869552667284508
3345,0.06870774090861863,0.09983769022277945,0.031129949314160826
3346,0.10945873392245486,0.1516192985683387,0.04216056464588383
3347,0.10327465033523078,0.1529281602956843,0.04965350996045351
3348,0.12213842972649881,0.16525871627433142,0.043120286547832606
3349,0.13277044287994721,0.15564861463674448,0.022878171756797266
3350,0.12021087150139638,0.09552967547694301,-0.024681196024453372
3351,0.1328641127758864,0.06072687195596394,-0.07213724081992245
3352,0.09379876643371467,0.07745837784075475,-0.016340388592959915
3353,0.05564354966471886,0.06620682537068419,0.010563275705965332
3354,0.07704802406368089,0.09428769100301326,0.017239666939332376
3355,0.09579951044479108,0.12720739272335482,0.03140788227856374
3356,0.09669752460093606,0.11713029953167779,0.020432774930741734
3357,0.09243347752528844,0.11149418926166088,0.019060711736372443
3358,0.09635365806432891,0.10164252482231485,0.005288866757985941
3359,0.10185449021998084,0.10523813043308408,0.0033836402131032367
3360,0.13280901520859742,0.14197256570027708,0.009163550491679662
3361,0.11522095775459858,0.1531337476232877,0.03791278986868914
3362,0.1599241250335589,0.18319611767805274,0.02327199264449384
3363,0.11786947896848515,0.12791225185345834,0.010042772884973183
3364,0.10243456471970973,0.11974590790190338,0.017311343182193656
3365,0.1102941662813969,0.147412949600441,0.037118783319044085
3366,0.10358719780785404,0.1321598094224243,0.028572611614570267
3367,0.1255265291007064,0.15077203244294543,0.025245503342239017
3368,0.11871133051280088,0.17154566126243942,0.052834330749638544
3369,0.13223332136160482,0.17149427151701038,0.039260950155405566
3370,0.1665339124177699,0.22244789338548088,0.05591398096771097
3371,0.19168357269700428,0.27628029251815395,0.08459671982114966
3372,0.17825564339201577,0.25601922846764713,0.07776358507563136
3373,0.16875132885427985,0.2546502515720395,0.08589892271775967
3374,0.12831688709655573,0.17979860821033578,0.05148172111378005
3375,0.11522953803523883,0.1673264662997294,0.052096928264490555
3376,0.15637929263944583,0.28027182086624486,0.12389252822679903
3377,0.15324671903949444,0.3239465282674347,0.17069980922794026
3378,0.126924772347633,0.2975341785669413,0.1706094062193083
3379,0.15454268371477375,0.21699884432926964,0.06245616061449588
3380,0.16853482666512173,0.20976603665154286,0.04123120998642113
3381,0.14819873746103987,0.164638145125268,0.016439407664228134
3382,0.15284222411308196,0.1235973258230467,-0.029244898290035265
3383,0.12764099268241932,0.12440746235062304,-0.0032335303317962832
3384,0.14455504791031215,0.15391966162152446,0.009364613711212305
3385,0.16980608325435198,0.1901783737395485,0.02037229048519651
3386,0.15006373901313116,0.1748189653522228,0.024755226339091635
3387,0.16395125536548982,0.1907900802870464,0.026838824921556564
3388,0.17595840754380113,0.17419233504595036,-0.001766072497850768
3389,0.172667505625431,0.21452708622511427,0.041859580599683255
3390,0.153279360540188,0.18792208637686372,0.034642725836675714
3391,0.17466918474997245,0.2231200175665507,0.04845083281657825
3392,0.152753454178163,0.189658051486613,0.03690459730845
3393,0.18659809796858917,0.3356204277620535,0.1490223297934643
3394,0.12678884802078233,0.2122720484150376,0.08548320039425528
3395,0.05767714444865953,0.08625438082380717,0.028577236375147634
3396,0.06425487834066533,0.08824934520695965,0.02399446686629432
3397,0.06424547189733854,0.0871430491778003,0.022897577280461767
3398,0.1058917589115013,0.11318658548124906,0.007294826569747767
3399,0.13430720486826203,0.06985973510329267,-0.06444746976496936
3400,0.12377801755840581,0.07120416268443125,-0.05257385487397456
3401,0.12073686642802946,0.046249385970792256,-0.0744874804572372
3402,0.10570231403946599,0.019766448880015317,-0.08593586515945068
3403,0.11000507149706398,0.04759079727782584,-0.06241427421923814
3404,0.09991587497543618,0.06902157225750306,-0.030894302717933114
3405,0.0912748199767285,0.05563611797871326,-0.035638701998015235
3406,0.17027958667056653,0.1775355421776828,0.007255955507116274
3407,0.13495201011123256,0.11873291761919674,-0.01621909249203582
3408,0.09457242692502683,0.14419853478090847,0.04962610785588163
3409,0.11886984646838729,0.1962310890682594,0.07736124259987211
3410,0.1605191764375656,0.23685300400982684,0.07633382757226123
3411,0.15492349399206634,0.2495522372175825,0.09462874322551615
3412,0.13650696141839005,0.21369667266897122,0.07718971125058116
3413,0.1379793748382599,0.16007031645823058,0.02209094161997069
3414,0.11362981769417038,0.1391036350294562,0.02547381733528581
3415,0.13327503675606764,0.15222424050766137,0.01894920375159373
3416,0.0956907801904163,0.1264178486552156,0.030727068464799306
3417,0.14454382822160874,0.18840472020130156,0.04386089197969281
3418,0.14870934204074204,0.1392334117725398,-0.009475930268202232
3419,0.15125794213216306,0.12342749013651146,-0.02783045199565161
3420,0.15344172368049483,0.1862837954979019,0.03284207181740706
3421,0.16842094065561278,0.18558099794697008,0.017160057291357306
3422,0.15146036887334463,0.17370779748833146,0.022247428614986825
3423,0.11211274160629782,0.1539695430866876,0.04185680148038977
3424,0.16280546799019374,0.255154436126572,0.09234896813637827
3425,0.16960012918209819,0.19746755595637291,0.02786742677427473
3426,0.1430186516938273,0.13705551062219312,-0.005963141071634176
3427,0.07432950353264839,0.10564008678207372,0.03131058324942533
3428,0.05620006630929438,0.08647153844595898,0.030271472136664597
3429,0.053079759314313704,0.0768851083136872,0.02380534899937349
3430,0.07127163989656228,0.08250464788211177,0.011233007985549492
3431,0.06226091108697796,0.08800996858442656,0.025749057497448595
3432,0.12019084911970329,0.14003631697039545,0.01984546785069216
3433,0.07972259504185639,0.14767012804160637,0.06794753299974998
3434,0.09578121557644469,0.14080883077841608,0.04502761520197139
3435,0.13090086958711547,0.11023167732529177,-0.020669192261823705
3436,0.1325478573445584,0.10078893865169816,-0.03175891869286024
3437,0.13187693471399714,0.1109379533207516,-0.020938981393245543
3438,0.12102855047031005,0.08315208030039865,-0.0378764701699114
3439,0.11302743070165958,0.1215636736924298,0.00853624299077023
3440,0.10318844805448427,0.14393867198099305,0.04075022392650879
3441,0.10399784325997738,0.13894669576983076,0.034948852509853384
3442,0.09714534242631505,0.12613338309851652,0.028988040672201468
3443,0.10485184021562348,0.12328804468971448,0.018436204474091
3444,0.12205948671470009,0.12965205005647412,0.007592563341774036
3445,0.14985426276516778,0.14622227943156044,-0.0036319833336073415
3446,0.09876731880201416,0.11296865115148849,0.014201332349474335
3447,0.10071839718181518,0.12035187482469192,0.019633477642876748
3448,0.10600542418076864,0.12081007649042434,0.014804652309655705
3449,0.09253705048500563,0.10771621341856383,0.015179162933558199
3450,0.09926151187753571,0.11094110980375285,0.011679597926217145
3451,0.13069752881474958,0.17111338913377427,0.04041586031902469
3452,0.11365607519448716,0.12933983695700463,0.01568376176251747
3453,0.12268531532936236,0.12232698090908393,-0.000358334420278425
3454,0.11012492247459123,0.14347355916468862,0.0333486366900974
3455,0.12364812901764913,0.13266262388084774,0.009014494863198608
3456,0.14342486407527008,0.18686811373091736,0.043443249655647276
3457,0.16480798546412057,0.22231620312718764,0.057508217663067074
3458,0.16945641281506624,0.20927612368350867,0.03981971086844244
3459,0.12606782447578951,0.17891720562138563,0.05284938114559612
3460,0.09554720993989396,0.11829941269710217,0.022752202757208212
3461,0.11761827467574743,0.12484511542740359,0.007226840751656166
3462,0.15643884862515098,0.18853316484928226,0.03209431622413128
3463,0.16140734775382193,0.2865444235415123,0.1251370757876904
3464,0.16005046723178148,0.2632172700791002,0.10316680284731869
3465,0.16600907955648792,0.18229638150692756,0.016287301950439648
3466,0.13135056310578822,0.14394225775415873,0.01259169464837051
3467,0.09899363190137107,0.10583616812867261,0.006842536227301535
3468,0.09170798651644477,0.09954270995460376,0.007834723438158997
3469,0.10913928048894915,0.10139321522994,-0.007746065259009144
3470,0.14563717564154813,0.1421597645028949,-0.0034774111386532414
3471,0.12099203011971978,0.12356196528805917,0.0025699351683393934
3472,0.11250225692996661,0.098440287241489,-0.014061969688477616
3473,0.09570284434646166,0.10691045328342212,0.011207608936960461
3474,0.14659201636433122,0.17557062814515956,0.028978611780828334
3475,0.20480390407529006,0.22623975659528556,0.021435852519995496
3476,0.22071294174417366,0.24229940631183206,0.021586464567658392
3477,0.17358307403931583,0.25028387328073387,0.07670079924141804
3478,0.21310675949143448,0.27316131236327,0.06005455287183553
3479,0.17229610406199045,0.2514902565081646,0.07919415244617414
3480,0.1325839712614152,0.2017337221641213,0.06914975090270611
3481,0.08916881882904112,0.12411706162582745,0.03494824279678632
3482,0.09068794260687456,0.1149467592139474,0.02425881660707284
3483,0.09504786828481485,0.08676020192379141,-0.008287666361023432
3484,0.12140840491243476,0.10560127426977381,-0.015807130642660955
3485,0.11336082354191118,0.06849150715023943,-0.04486931639167176
3486,0.11282114956304758,0.012432899497735517,-0.10038825006531206
3487,0.12903693785653877,0.02189695821701,-0.10713997963952877
3488,0.12293699026439693,0.005982083403601566,-0.11695490686079536
3489,0.11704707614356481,0.021145900390662418,-0.0959011757529024
3490,0.1047138316819393,0.10905160170768552,0.004337770025746215
3491,0.13793604996221828,0.14394436959664478,0.0060083196344264955
3492,0.14282531196390758,0.1723199773805505,0.029494665416642918
3493,0.11736294436526629,0.16128548057618775,0.04392253621092146
3494,0.13087083234736635,0.16659454605016666,0.03572371370280031
3495,0.14274992258313182,0.22311285509931264,0.08036293251618082
3496,0.14712964193607184,0.24547532820376453,0.09834568626769269
3497,0.13414424884036869,0.2230433104591082,0.0888990616187395
3498,0.1511169946548697,0.18586554248031822,0.034748547825448534
3499,0.15501818132960118,0.1408775717891891,-0.014140609540412075
3500,0.1370276112210264,0.12557916210481493,-0.011448449116211484
3501,0.11959142083238154,0.12740200931235796,0.007810588479976413
3502,0.14554576727429372,0.16287907887716524,0.01733331160287152
3503,0.1548880133405404,0.16073353185087452,0.00584551851033413
3504,0.18482324848322107,0.1346914250750107,-0.050131823408210374
3505,0.1753666868703761,0.15320074836848152,-0.022165938501894578
3506,0.16910049944847874,0.1860632513806197,0.016962751932140946
3507,0.24957132032888632,0.22330511224179198,-0.026266208087094345
3508,0.24973904645376713,0.17875905631428496,-0.07097999013948217
3509,0.2329471786936283,0.16656404980100314,-0.06638312889262515
3510,0.15564393143072322,0.19598392838515524,0.04033999695443202
3511,0.10874599387055597,0.14738144806002082,0.038635454189464846
3512,0.12053445093645432,0.1756212723109637,0.055086821374509376
3513,0.13622558438802956,0.15335747299838368,0.017131888610354112
3514,0.06709781364220543,0.09627706276534484,0.029179249123139406
3515,0.06905173774290116,0.09800440236126684,0.02895266461836568
3516,0.0687775037639731,0.09070218566416866,0.02192468190019556
3517,0.06574532099120568,0.0980478965010071,0.03230257550980142
3518,0.07425158263616387,0.11469188607197761,0.04044030343581374
3519,0.09046794908519486,0.15190075345812523,0.061432804372930375
3520,0.08303302477937828,0.10860187686392961,0.025568852084551327
3521,0.09054421975423019,0.09907691026074368,0.008532690506513493
3522,0.13150555993553628,0.14349241479492683,0.01198685485939055
3523,0.1079195259728475,0.10433794893192878,-0.0035815770409187153
3524,0.11824389993121938,0.11444308998847823,-0.0038008099427411512
3525,0.11137638700235576,0.1294222073380212,0.018045820335665444
3526,0.09006221119708821,0.1201421603063962,0.030079949109307988
3527,0.1048355806030396,0.11840736009397962,0.013571779490940017
3528,0.07693793076640044,0.10462833472056088,0.027690403954160434
3529,0.06646228256381903,0.09614983177397081,0.02968754921015178
3530,0.13451070463788486,0.17889786774005656,0.044387163102171695
3531,0.11042905738269566,0.13132385904843788,0.020894801665742216
3532,0.10668588921003345,0.10122714309909941,-0.00545874611093404
3533,0.08447242290510969,0.1030696598658199,0.01859723696071021
3534,0.10478807784115658,0.10222747513021681,-0.0025606027109397744
3535,0.09093654785495524,0.09964849234960875,0.008711944494653512
3536,0.11896651751605215,0.14627288956392423,0.027306372047872077
3537,0.11457923920755074,0.14894288829809046,0.034363649090539725
3538,0.11131444599017493,0.13972623409254453,0.028411788102369606
3539,0.1400912060482418,0.17092636883015783,0.03083516278191603
3540,0.14230746623784243,0.17840544658113985,0.03609798034329742
3541,0.14935618468269937,0.16893597418485662,0.019579789502157247
3542,0.09059928519525451,0.13155755071046882,0.04095826551521431
3543,0.09696980561972868,0.14478895915751297,0.04781915353778429
3544,0.10626161097275678,0.15403128704514293,0.04776967607238615
3545,0.10502450353498724,0.12728127390412447,0.02225677036913723
3546,0.1267261546522852,0.1462728942749831,0.0195467396226979
3547,0.09307564016433892,0.11539056691873278,0.022314926754393866
3548,0.09684440266944191,0.11358767181822457,0.016743269148782658
3549,0.1274436546723332,0.15765551483673812,0.030211860164404913
3550,0.1336350446336245,0.14747985174384007,0.013844807110215573
3551,0.1381333995548875,0.16120903776557668,0.023075638210689198
3552,0.13445729645081958,0.14003673450254117,0.005579438051721591
3553,0.06870019589336357,0.058547571648190265,-0.010152624245173304
3554,0.07301181798486643,0.05889696957712907,-0.014114848407737364
3555,0.11928326344295946,0.08556328256996336,-0.0337199808729961
3556,0.09772070473617785,0.09570220027776088,-0.0020185044584169615
3557,0.0694963012824331,0.08326393564096785,0.013767634358534744
3558,0.05615381308552297,0.07438198248260572,0.01822816939708275
3559,0.06345713335334749,0.08402413654830711,0.020567003194959618
3560,0.10510872257938922,0.13756222087067319,0.032453498291283966
3561,0.18368943493953996,0.24336153452965373,0.05967209959011377
3562,0.1831369969980474,0.28239591218563137,0.09925891518758398
3563,0.16540791548038183,0.2702673619034857,0.10485944642310388
3564,0.212827496497282,0.27931950483884144,0.06649200834155944
3565,0.11100568458980639,0.12634042848129737,0.015334743891490976
3566,0.15230003276262255,0.18378401245449325,0.031483979691870695
3567,0.09235448830657984,0.12614347137551857,0.033788983068938724
3568,0.07233998698334727,0.08888081781306077,0.0165408308297135
3569,0.08642546899412389,0.09721084192782942,0.010785372933705531
3570,0.08701243452009616,0.09023925828988622,0.003226823769790055
3571,0.08314497300096323,0.051898322534613225,-0.03124665046635
3572,0.09930015586475771,0.017879769988463034,-0.08142038587629467
3573,0.11881974774105873,0.011679399479221699,-0.10714034826183703
3574,0.11425132109039643,0.025106609679063866,-0.08914471141133257
3575,0.13595952683535373,0.05552665998493744,-0.08043286685041628
3576,0.09740859015582788,0.07574778205413854,-0.02166080810168934
3577,0.08566980700042008,0.085080079617786,-0.0005897273826340754
3578,0.12737962814547432,0.20186420228218518,0.07448457413671086
3579,0.16671190720643572,0.16828264066522458,0.0015707334587888588
3580,0.1727196504700875,0.18573862601432442,0.013018975544236921
3581,0.14653297273726323,0.19529061243062776,0.048757639693364524
3582,0.13501448776751268,0.23018554343633088,0.0951710556688182
3583,0.12008851834657018,0.23279349402328145,0.11270497567671127
3584,0.12307464044486537,0.197325078588911,0.07425043814404562
3585,0.11606986801809802,0.15709941894606713,0.041029550927969116
3586,0.13542196471129603,0.14377915609762434,0.008357191386328316
3587,0.1441177850319482,0.13183420411220742,-0.012283580919740772
3588,0.13652679485662123,0.13900220984839495,0.002475414991773728
3589,0.14738873883191111,0.14758516390300983,0.00019642507109871032
3590,0.17850833827214438,0.13711825406888423,-0.04139008420326015
3591,0.16104999806906903,0.13273573056429994,-0.02831426750476909
3592,0.16988172321166237,0.18926042879524796,0.019378705583585593
3593,0.24336936839564655,0.18753544131680538,-0.05583392707884116
3594,0.18401499348307046,0.16695003214034768,-0.017064961342722784
3595,0.2782841698164326,0.21517532518094676,-0.06310884463548586
3596,0.20052674640673077,0.18481235097054258,-0.01571439543618819
3597,0.24432711861962117,0.1785718274923926,-0.06575529112722858
3598,0.13886792860470892,0.17083706065367937,0.03196913204897045
3599,0.09295978927758825,0.1403169828956871,0.04735719361809884
3600,0.10984135943229528,0.1557634519050184,0.04592209247272311
3601,0.16109054947410217,0.15573459922611613,-0.005355950247986047
3602,0.1664129186076239,0.16071716745790904,-0.0056957511497148505
3603,0.12261022912909475,0.1086653734479523,-0.013944855681142454
3604,0.07867568187833165,0.11784087382298364,0.039165191944651984
3605,0.0977101107650126,0.1437251666737133,0.0460150559087007
3606,0.09593032180576587,0.1389324898272751,0.04300216802150923
3607,0.12959406714832267,0.1529103220624355,0.02331625491411282
3608,0.07857717265894512,0.08971458852790765,0.011137415868962525
3609,0.08072692361857808,0.09764371734160744,0.016916793723029358
3610,0.10236449343738147,0.12950730706031638,0.027142813622934914
3611,0.15748836224324964,0.16610267469569914,0.008614312452449507
3612,0.1612919765348042,0.18188531043692727,0.020593333902123062
3613,0.10840922679966916,0.13791192379315084,0.02950269699348168
3614,0.09078997726012064,0.12256720922351581,0.03177723196339517
3615,0.10996375706568733,0.13860798172051383,0.02864422465482651
3616,0.07075059307296389,0.09838413615434635,0.027633543081382467
3617,0.06406537674244023,0.0933578084518289,0.029292431709388667
3618,0.1083074247947813,0.14747870584518172,0.03917128105040042
3619,0.10374877927272069,0.09653257795553191,-0.007216201317188781
3620,0.11775845331454178,0.09558004440629998,-0.022178408908241798
3621,0.10101210133675335,0.09886595453609033,-0.0021461468006630235
3622,0.07821695663797662,0.09133328292647466,0.013116326288498042
3623,0.1064718760177214,0.12073553720211336,0.014263661184391957
3624,0.11012126781484398,0.13457126038361053,0.02444999256876655
3625,0.10798458804001708,0.13759596262438908,0.029611374584372005
3626,0.11239535995745897,0.12977199788276528,0.017376637925306304
3627,0.12249732361399697,0.14954496326542288,0.02704763965142591
3628,0.1387897065099864,0.16397316105907014,0.025183454549083745
3629,0.131043848941752,0.1421422876502954,0.011098438708543407
3630,0.07263702374937084,0.09099307730340091,0.01835605355403007
3631,0.1022943590551878,0.13582641864248496,0.03353205958729716
3632,0.15754880097177287,0.2338106291875262,0.07626182821575334
3633,0.15611701725947658,0.20239121949731204,0.04627420223783546
3634,0.1357427031063393,0.16888287331337554,0.033140170207036246
3635,0.08940699685881112,0.10963285702072088,0.02022586016190976
3636,0.08693608854870258,0.07711056199449094,-0.009825526554211636
3637,0.07658641229734171,0.09733097372006219,0.02074456142272048
3638,0.09184814073183005,0.11861496234491263,0.02676682161308258
3639,0.14295212401774257,0.1454534330598413,0.0025013090420987205
3640,0.12058600559263591,0.10828412850629825,-0.012301877086337662
3641,0.0736313745646307,0.06708027634131292,-0.006551098223317786
3642,0.0714169694025851,0.04249069791341787,-0.02892627148916723
3643,0.09632753358809976,0.05467799882690419,-0.04164953476119557
3644,0.058189259096146737,0.07165963396292904,0.013470374866782306
3645,0.05405987599037983,0.06548747661165821,0.011427600621278386
3646,0.07357188294079726,0.09502789203963016,0.0214560090988329
3647,0.14188654448144503,0.16406299496845533,0.022176450487010307
3648,0.14916857719108528,0.1978730419721568,0.048704464781071516
3649,0.19360238693125256,0.26506023387665684,0.07145784694540427
3650,0.15659908383092272,0.2749719341617765,0.11837285033085379
3651,0.15524138940873608,0.2781480194643184,0.1229066300555823
3652,0.14703263618534015,0.26330463919647085,0.11627200301113069
3653,0.10947549074603957,0.16909451772489142,0.05961902697885185
3654,0.12449567630709418,0.16915242288782723,0.04465674658073304
3655,0.0968606023939189,0.12546811917496042,0.028607516781041523
3656,0.0861767874657059,0.09939961840991972,0.013222830944213823
3657,0.06118270945222411,0.06805711930078884,0.00687440984856473
3658,0.0587441415808007,0.057188925988582585,-0.0015552155922181135
3659,0.0692960324503072,0.08120299575002865,0.011906963299721449
3660,0.11908155764985087,0.09108058273033945,-0.028000974919511423
3661,0.09584831762332774,0.04219517836635798,-0.05365313925696976
3662,0.09688896413597672,0.024412271632233497,-0.07247669250374322
3663,0.0907205644486183,0.03867114890417425,-0.05204941554444405
3664,0.09872754126423033,0.0538716374210594,-0.04485590384317093
3665,0.08442605874110971,0.07578178164369434,-0.008644277097415373
3666,0.13597333976079712,0.19042537396134993,0.05445203420055281
3667,0.14188614941563454,0.1846367383492106,0.042750588933576056
3668,0.17316087787594361,0.2370086281935324,0.0638477503175888
3669,0.1510148886526486,0.2122459814081758,0.06123109275552721
3670,0.104519738349389,0.16764529073220757,0.06312555238281857
3671,0.10942929344108297,0.14295351734524125,0.03352422390415828
3672,0.14687528625344837,0.16319728901824013,0.01632200276479176
3673,0.14513945825440383,0.15482105584781733,0.009681597593413499
3674,0.14194865163271578,0.16608167934133533,0.024133027708619553
3675,0.13576526983870932,0.15055700729882213,0.014791737460112808
3676,0.15948195324268494,0.15479108139716227,-0.004690871845522665
3677,0.18124056257035104,0.14417981025066676,-0.03706075231968428
3678,0.16778227440998905,0.17306047050304946,0.0052781960930604055
3679,0.21834341065442037,0.21458698865273254,-0.003756422001687826
3680,0.21826936929179777,0.2052050473466859,-0.013064321945111868
3681,0.18944105285469057,0.21894066713926613,0.029499614284575565
3682,0.22884374342697586,0.19940017368225796,-0.0294435697447179
3683,0.18786348282786172,0.19453348563891945,0.006670002811057729
3684,0.18034362964261144,0.19075800653858627,0.010414376895974825
3685,0.1860496357316375,0.2082767107274741,0.02222707499583662
3686,0.13141849586385754,0.171606937452297,0.040188441588439455
3687,0.17557968648108171,0.17385378756894324,-0.0017258989121384793
3688,0.1801640837158547,0.15623340431078186,-0.023930679405072847
3689,0.1312375622259186,0.12396033441745409,-0.007277227808464501
3690,0.10139443571275597,0.1258367344558946,0.024442298743138635
3691,0.11376201911112763,0.16640524048995362,0.05264322137882599
3692,0.13738114149678707,0.2163588039786322,0.07897766248184512
3693,0.1858932440448306,0.27390045497841564,0.08800721093358504
3694,0.0976555747558578,0.14804094259161782,0.05038536783576002
3695,0.06801845670820944,0.1005702054837744,0.032551748775564965
3696,0.07925321587036456,0.11378992945041727,0.03453671358005271
3697,0.1036722157646177,0.14082905494468667,0.03715683918006897
3698,0.16298976836992335,0.17411363079267858,0.011123862422755232
3699,0.1285231410793467,0.1730699092708796,0.04454676819153289
3700,0.12047287920347202,0.18492724886606682,0.0644543696625948
3701,0.09970147123029491,0.1342986291787105,0.034597157948415586
3702,0.06799319912923978,0.09729960131582566,0.02930640218658588
3703,0.06611315918572834,0.0900971512551369,0.023983992069408558
3704,0.06670955296945741,0.0903950270124571,0.023685474042999685
3705,0.13794143133436748,0.14945154178240708,0.011510110448039595
3706,0.105891074801031,0.11540709258310769,0.009516017782076697
3707,0.11384668878948587,0.11639521507647413,0.002548526286988262
3708,0.12075723400783138,0.14364916241398534,0.022891928406153964
3709,0.10757379880262669,0.12348174662632277,0.01590794782369609
3710,0.09365037325170622,0.11495519130104485,0.021304818049338634
3711,0.08871944971455342,0.11825241174271893,0.029532962028165508
3712,0.08806418936577327,0.11749439031548391,0.029430200949710633
3713,0.0936227568578718,0.11590651876025726,0.022283761902385457
3714,0.11852303779949906,0.15346455935917985,0.03494152155968079
3715,0.09682814769509712,0.13812551299919534,0.04129736530409822
3716,0.08942146357751425,0.12299837974671649,0.033576916169202234
3717,0.08433409605277581,0.09983159094910782,0.01549749489633201
3718,0.09725635836185949,0.10208373599242827,0.0048273776305687854
3719,0.13206986830943887,0.24525284941055367,0.1131829811011148
3720,0.17692819075180252,0.25294224006004307,0.07601404930824054
3721,0.10880999251880073,0.14840724794948856,0.03959725543068783
3722,0.09803342918500091,0.11474542228431708,0.016711993099316175
3723,0.09934343299427571,0.10792375898253036,0.008580325988254645
3724,0.15525569450907384,0.19154514425750582,0.036289449748431984
3725,0.14000991389758335,0.16115476617430533,0.02114485227672197
3726,0.13120589431323232,0.12264536126743245,-0.008560533045799873
3727,0.10574749815652504,0.08333059266101024,-0.022416905495514797
3728,0.07581774710010993,0.0755977417072548,-0.00022000539285511878
3729,0.08531723566196436,0.07654774451849455,-0.00876949114346981
3730,0.06686290782595473,0.07614087211535185,0.009277964289397117
3731,0.05502963006139293,0.0684056959561734,0.013376065894780478
3732,0.0608191158466695,0.08381530810989452,0.022996192263225017
3733,0.07304715313689845,0.09991850300006593,0.02687134986316747
3734,0.14981563809872045,0.1801014048911487,0.030285766792428254
3735,0.18435814116442195,0.25432740677572424,0.06996926561130229
3736,0.21030731478430073,0.23389865471820065,0.02359133993389992
3737,0.15919546504356974,0.2777168252660322,0.11852136022246246
3738,0.1791609086095027,0.30681810791360414,0.12765719930410144
3739,0.11643454109626361,0.17342149925113104,0.05698695815486743
3740,0.11903550241126105,0.18345145690879616,0.06441595449753511
3741,0.12525045139815144,0.1422659332330987,0.01701548183494725
3742,0.08239006784224165,0.0946212872522975,0.012231219410055852
3743,0.059605214714633044,0.06659300786588482,0.006987793151251774
3744,0.06079930470816296,0.06631693512347836,0.005517630415315403
3745,0.05868909332477138,0.045742440065566214,-0.012946653259205167
3746,0.08923674274382899,0.10201157656197887,0.01277483381814988
3747,0.11422280303529828,0.12612856168226477,0.011905758646966497
3748,0.10087163657860418,0.08137145424415769,-0.01950018233444649
3749,0.11417575081892796,0.059262600360774784,-0.054913150458153176
3750,0.09715025885198816,0.04231828986788612,-0.054831968984102045
3751,0.1186274346893956,0.06511408216353173,-0.053513352525863866
3752,0.12389256312614036,0.07573460640868351,-0.048157956717456846
3753,0.10632625125502267,0.2373005180575225,0.13097426680249985
3754,0.12033379878181422,0.22713136818703944,0.10679756940522522
3755,0.12758889545057367,0.21273409883889474,0.08514520338832107
3756,0.1583608667461493,0.20782550835609107,0.04946464160994177
3757,0.1601894083774577,0.22180481264921253,0.061615404271754826
3758,0.15146089140608715,0.18781619182115872,0.03635530041507157
3759,0.12858839045982443,0.14931533622488583,0.0207269457650614
3760,0.1646490955592022,0.1610072375327436,-0.003641858026458611
3761,0.18006390193375102,0.17228116771297947,-0.007782734220771553
3762,0.17575294423026216,0.1969561825010508,0.021203238270788627
3763,0.17275906822557816,0.18118294856926828,0.008423880343690127
3764,0.2059347896890927,0.17513872035617942,-0.03079606933291329
3765,0.22917698813548767,0.21965214414057796,-0.009524843994909715
3766,0.24553584052803853,0.2302128429334641,-0.015322997594574422
3767,0.25302921368677794,0.16975445272682274,-0.0832747609599552
3768,0.288133387909713,0.18693730878270914,-0.10119607912700385
3769,0.20890505090025838,0.20365192919303224,-0.005253121707226138
3770,0.20772657393615052,0.22405613102347802,0.0163295570873275
3771,0.1752364316778048,0.18712138131401682,0.011884949636212006
3772,0.17449863175779606,0.21463681523645775,0.04013818347866169
3773,0.2533712884466768,0.23657675674828016,-0.01679453169839662
3774,0.3158799620706816,0.24065043325331337,-0.07522952881736822
3775,0.32426739955632733,0.25551817706597957,-0.06874922249034776
3776,0.16938837573592425,0.15854025733779,-0.010848118398134238
3777,0.10020703653955677,0.13985758710185067,0.0396505505622939
3778,0.12159030626761781,0.1540417505592549,0.032451444291637085
3779,0.09347191499772774,0.16101184503480512,0.06753993003707738
3780,0.1530173419774303,0.23191647018371409,0.07889912820628378
3781,0.13682180069929847,0.16858694791270815,0.03176514721340967
3782,0.07491077947899255,0.11049524468987286,0.03558446521088031
3783,0.10707479996114906,0.13094730632830393,0.023872506367154864
3784,0.18799951262711828,0.22967571047837468,0.0416761978512564
3785,0.20100332544364669,0.21072875379562458,0.0097254283519779
3786,0.1527297131770007,0.21307894963848842,0.06034923646148771
3787,0.14680313134538941,0.19359400965964377,0.04679087831425435
3788,0.10868194661542,0.1435034898944126,0.03482154327899262
3789,0.09521497452402014,0.1302217652415526,0.03500679071753246
3790,0.055771749894172246,0.08765384249684646,0.03188209260267422
3791,0.075419872450164,0.11444555795731667,0.03902568550715267
3792,0.11834884402138637,0.13990979427690198,0.021560950255515604
3793,0.09233314527504498,0.12251506371725551,0.030181918442210534
3794,0.0961247279735494,0.12613653649676862,0.03001180852321922
3795,0.10967646475241205,0.15330709241420196,0.043630627661789906
3796,0.12383597945126366,0.15145007905080207,0.027614099599538408
3797,0.10345076626601579,0.15173048896450453,0.048279722698488736
3798,0.06985035290001171,0.10696607399020759,0.03711572109019588
3799,0.0902280138685156,0.12421491526154727,0.03398690139303166
3800,0.09841618752392638,0.12951075164983739,0.03109456412591101
3801,0.08154211984614687,0.12204854857681303,0.040506428730666164
3802,0.09806524871155116,0.130932488141424,0.03286723942987284
3803,0.11951644724770608,0.16020428805443718,0.0406878408067311
3804,0.06621118659575405,0.08834232853981318,0.02213114194405913
3805,0.11445431326666113,0.1270991621947461,0.01264484892808497
3806,0.10588914247161116,0.16840530026559172,0.06251615779398056
3807,0.1070986360406867,0.17786581451107347,0.07076717847038677
3808,0.08511270873129656,0.13523396263465431,0.050121253903357754
3809,0.12095071797045763,0.19508598523515272,0.07413526726469509
3810,0.1303631670877062,0.17758415729267998,0.04722099020497378
3811,0.1117579138622841,0.14887814776826588,0.03712023390598178
3812,0.08954203392176945,0.11149836306807659,0.021956329146307144
3813,0.10572735182645517,0.13609906444313993,0.030371712616684768
3814,0.07374503356213724,0.09625905473467532,0.022514021172538076
3815,0.062073579680347185,0.08710703161560612,0.025033451935258938
3816,0.08463321219126274,0.1123842599179563,0.027751047726693553
3817,0.06475723806994164,0.09506652760311218,0.03030928953317054
3818,0.08993508257042553,0.11163433490266429,0.021699252332238766
3819,0.12910383261541095,0.11430220200458825,-0.014801630610822694
3820,0.10264745095303439,0.13985225133259946,0.03720480037956507
3821,0.14290734854835302,0.19945198474629477,0.056544636197941756
3822,0.1649692187377872,0.22270534155919608,0.057736122821408886
3823,0.18068180829265626,0.22300210429066658,0.04232029599801032
3824,0.1531231811829972,0.20709798903243326,0.05397480784943606
3825,0.1224483758547193,0.13523401010806832,0.012785634253349026
3826,0.10252220266932538,0.14780385624454717,0.04528165357522179
3827,0.06440864442419103,0.09532983407953377,0.03092118965534274
3828,0.10398306544754866,0.12367808246191289,0.019695017014364227
3829,0.06971497673970219,0.09196798953947599,0.022253012799773805
3830,0.0696587705433135,0.08173460453686492,0.012075833993551416
3831,0.06554027944965662,0.07098984937402304,0.005449569924366418
3832,0.061748440618000895,0.057536353239154285,-0.00421208737884661
3833,0.0799238539904327,0.10396276744383451,0.02403891345340181
3834,0.09612868925003767,0.13028383694662488,0.0341551476965872
3835,0.0975810483957127,0.11155968105531387,0.01397863265960117
3836,0.10961849246345247,0.07493102660350594,-0.03468746585994653
3837,0.1254624765921119,0.023442992704783634,-0.10201948388732827
3838,0.11636683924504046,0.05596806784492083,-0.06039877140011963
3839,0.10768457306124601,0.064785175912063,-0.04289939714918302
3840,0.09249001742944861,0.1848321561948308,0.09234213876538218
3841,0.10080320714808881,0.17763303783162196,0.07682983068353315
3842,0.12679253131776536,0.19047493037215985,0.06368239905439449
3843,0.15085036898036625,0.20744242857366693,0.056592059593300686
3844,0.13762352227203734,0.17542849160739335,0.037804969335356015
3845,0.14937396205076844,0.19151416585278694,0.042140203802018494
3846,0.13175350708691783,0.184180645519044,0.05242713843212618
3847,0.1369742104459226,0.18596805561378668,0.04899384516786409
3848,0.14466772922324017,0.1655777809984062,0.020910051775166028
3849,0.14619470797494344,0.2059403149359029,0.05974560696095946
3850,0.1722251545197832,0.1999408546941598,0.02771570017437658
3851,0.21796142850635364,0.24382265439369988,0.02586122588734624
3852,0.22473644381817048,0.25032448083732095,0.025588037019150467
3853,0.23994280302375232,0.21632410688996043,-0.02361869613379189
3854,0.24031743746725015,0.24218514880731645,0.0018677113400663026
3855,0.14684332337762174,0.18474440540498807,0.037901082027366334
3856,0.12179879260501889,0.1746854527913331,0.052886660186314216
3857,0.1046042878668605,0.14604851548039782,0.04144422761353732
3858,0.14113123951994924,0.1951222822658973,0.05399104274594807
3859,0.2051791777285807,0.19468156520050245,-0.010497612528078237
3860,0.27190077265042323,0.2324898034237965,-0.039410969226626735
3861,0.3135646546179809,0.3072883003004,-0.00627635431758089
3862,0.20550147254049653,0.1626313136898342,-0.04287015885066234
3863,0.1379068242010835,0.13281823744533694,-0.005088586755746555
3864,0.10435181467835725,0.19002767321461186,0.08567585853625462
3865,0.08787341041785761,0.13806769217740808,0.05019428175955047
3866,0.08359032134167886,0.13428083767640284,0.050690516334723976
3867,0.0657043733659066,0.10794457046385376,0.04224019709794717
3868,0.0619799620181426,0.09380893684684723,0.03182897482870463
3869,0.10984735379862684,0.14136574794209547,0.03151839414346863
3870,0.1400903578546192,0.18748967445866294,0.04739931660404373
3871,0.1551858515722278,0.23342199902938285,0.07823614745715504
3872,0.14725585646003211,0.22838107131386678,0.08112521485383467
3873,0.13428826062561508,0.17968537967866904,0.045397119053053964
3874,0.12853066686779932,0.16722737381622066,0.03869670694842134
3875,0.12038700780384895,0.15284846014602657,0.03246145234217762
3876,0.14884487907283078,0.17210420274883584,0.023259323676005056
3877,0.12140955764869663,0.16671662141590948,0.04530706376721286
3878,0.11643878138338748,0.15062858759711242,0.034189806213724944
3879,0.13936525920464118,0.18790119130059751,0.04853593209595633
3880,0.11456275665235136,0.16439646365979602,0.04983370700744466
3881,0.11252425032334286,0.14677044713376464,0.03424619681042178
3882,0.10549842953697453,0.1290628829261091,0.02356445338913457
3883,0.10059926556548726,0.13901075301206356,0.0384114874465763
3884,0.0887006096014504,0.13320164344614205,0.044501033844691645
3885,0.11825577590453869,0.1551644641581406,0.036908688253601926
3886,0.11418757213182239,0.14753657150345964,0.03334899937163725
3887,0.13550124649677114,0.18290055011865428,0.04739930362188313
3888,0.14109644473317853,0.17632310531022283,0.035226660577044294
3889,0.10949531440113132,0.14323600823916322,0.033740693838031896
3890,0.09185790790616088,0.12374042959814746,0.031882521691986576
3891,0.06906532722120104,0.09994340695170129,0.030878079730500246
3892,0.06609689186959831,0.09748952247883534,0.03139263060923703
3893,0.065609867232832,0.08985199622962639,0.024242128996794385
3894,0.07073978733906862,0.1066215545929978,0.03588176725392918
3895,0.0979957933486356,0.1422435982406155,0.044247804891979894
3896,0.11398532153743711,0.16188630506500692,0.047900983527569815
3897,0.1415962232569625,0.1910985568021176,0.0495023335451551
3898,0.12475451916215562,0.16696776949575579,0.04221325033360017
3899,0.15486423000385166,0.18920079718160654,0.03433656717775488
3900,0.07597973027287604,0.1087343066562654,0.03275457638338937
3901,0.06982931109480195,0.10350682613285166,0.03367751503804971
3902,0.10548050468349955,0.14201892090333607,0.036538416219836514
3903,0.10402732854616001,0.13389955358315356,0.02987222503699355
3904,0.09055879764543852,0.12028457278862492,0.029725775143186403
3905,0.08883413574505401,0.11736770426334542,0.028533568518291405
3906,0.1261426474557914,0.1693190735769922,0.04317642612120079
3907,0.12889592358053492,0.1782104898605132,0.04931456627997827
3908,0.13255670980945572,0.16865273507397024,0.036096025264514525
3909,0.1319046896882604,0.18318947739449093,0.05128478770623052
3910,0.13832777975645583,0.2084719454541814,0.07014416569772558
3911,0.12817381537243192,0.17161207603472592,0.043438260662294004
3912,0.06085601068179219,0.09980680482364256,0.03895079414185037
3913,0.053459303315392004,0.08398187699069254,0.030522573675300535
3914,0.04887333555342551,0.07621673651898543,0.02734340096555992
3915,0.07570024891991395,0.10141588887043844,0.02571563995052449
3916,0.06295527504089013,0.07822112211750615,0.015265847076616018
3917,0.0649241988165022,0.06915980799150559,0.004235609175003388
3918,0.06576318001862806,0.06704589764428143,0.0012827176256533651
3919,0.05924490995710371,0.0690844529791986,0.009839543022094895
3920,0.08935697693237254,0.07424870505685247,-0.01510827187552008
3921,0.11552742178873662,0.08048160847422461,-0.03504581331451201
3922,0.11125627991418639,0.07818858795746855,-0.03306769195671784
3923,0.1261871526795191,0.057462424326823865,-0.06872472835269525
3924,0.12291826702277127,0.07580915564287297,-0.0471091113798983
3925,0.1049305114134825,0.08428827668586554,-0.020642234727616962
3926,0.1156984936694833,0.18522116281441559,0.06952266914493228
3927,0.1384735631286271,0.1733634234511984,0.0348898603225713
3928,0.18443666836386635,0.21332861204099843,0.028891943677132076
3929,0.15952659552554713,0.1938715662176113,0.034344970692064186
3930,0.1162473091899829,0.1612458933881562,0.044998584198173305
3931,0.13973069513605563,0.2321149319063041,0.09238423677024848
3932,0.12338051604071096,0.23059659792659623,0.10721608188588527
3933,0.14197139074400997,0.25157537332666424,0.10960398258265427
3934,0.1370348063293353,0.17708592698822243,0.040051120658887135
3935,0.12034127218979337,0.17759035281326574,0.057249080623472365
3936,0.13501351223407185,0.2080740457308075,0.07306053349673566
3937,0.13742763246593642,0.18044739550321678,0.04301976303728036
3938,0.15829269083170394,0.21716171313278892,0.05886902230108498
3939,0.12013021722828929,0.19376886706008117,0.07363864983179189
3940,0.14607022622432914,0.20568967081161874,0.0596194445872896
3941,0.2094539299646941,0.2376275182439525,0.028173588279258394
3942,0.11149538963561584,0.16101255549136273,0.04951716585574689
3943,0.13194127459279234,0.14308486470016876,0.011143590107376422
3944,0.10558045158126908,0.16167922139783544,0.05609876981656636
3945,0.10876600424679192,0.16907345348604977,0.06030744923925785
3946,0.13121319414471974,0.1658042822533077,0.034591088108587964
3947,0.24005077095371302,0.2175787920179698,-0.02247197893574321
3948,0.16997024932338692,0.18807150912517637,0.01810125980178945
3949,0.23793455288101226,0.2488503049304973,0.010915752049485056
3950,0.14094367746078576,0.25565425591218616,0.1147105784514004
3951,0.10797957774751786,0.17758757428145247,0.06960799653393461
3952,0.07726004972907898,0.11472378210164878,0.03746373237256981
3953,0.05862488078879361,0.09186318142232126,0.03323830063352765
3954,0.06223007659027104,0.09507786669395218,0.03284779010368114
3955,0.05828857577909122,0.08547102697850521,0.027182451199413996
3956,0.05584521254596324,0.0816880481183452,0.025842835572381956
3957,0.05998292398003025,0.09177676608327084,0.03179384210324059
3958,0.13349725837974416,0.15208144159226522,0.01858418321252106
3959,0.13240113004531245,0.1736635544612712,0.04126242441595876
3960,0.13119049979085207,0.19054387843098036,0.059353378640128296
3961,0.1354536850853899,0.17509587056189346,0.039642185476503555
3962,0.1644615462821763,0.20912422110718476,0.044662674825008464
3963,0.11445326146601748,0.14734921479327634,0.032895953327258864
3964,0.13493589815086118,0.1743449552225745,0.03940905707171333
3965,0.13178504264900245,0.18112077934874812,0.04933573669974567
3966,0.12337633433437142,0.17022436481570957,0.04684803048133815
3967,0.13186535799412202,0.16401059155389697,0.032145233559774944
3968,0.09485527842599317,0.12887943331685472,0.03402415489086155
3969,0.1530204064962101,0.189810967044911,0.03679056054870089
3970,0.12397182417423888,0.1629085181731759,0.03893669399893701
3971,0.10034096053941617,0.13481547275659297,0.0344745122171768
3972,0.10630777997636731,0.1510196673773681,0.044711887401000794
3973,0.12723463074573346,0.16737886822093817,0.04014423747520471
3974,0.15932225268858644,0.21781866754066956,0.05849641485208312
3975,0.1863498077265993,0.2608417467930148,0.07449193906641552
3976,0.13988049264272398,0.182341046836626,0.04246055419390202
3977,0.08447461258202431,0.12158485682426932,0.037110244242245016
3978,0.08735090428603436,0.11095461327297851,0.023603708986944152
3979,0.11448952904250582,0.11767220622334904,0.0031826771808432103
3980,0.1309225943607367,0.14156442535986916,0.010641830999132462
3981,0.12324436320674863,0.15889201416152146,0.03564765095477283
3982,0.13300919865867147,0.1778871158993531,0.04487791724068163
3983,0.11354491536187915,0.15633815685690175,0.0427932414950226
3984,0.1290358070164509,0.16818061561923597,0.039144808602785075
3985,0.12309098983327599,0.16535029602296006,0.04225930618968407
3986,0.10966334169471897,0.14833021003158625,0.03866686833686728
3987,0.13845379430495844,0.18092957809974075,0.04247578379478231
3988,0.14541614435597444,0.15880976074764253,0.013393616391668084
3989,0.1536262421857674,0.18536036337235498,0.03173412118658758
3990,0.16346443887356613,0.2197999872443091,0.05633554837074298
3991,0.1093419411429474,0.15026124692531553,0.04091930578236813
3992,0.11307355439868409,0.15559842493430134,0.04252487053561725
3993,0.14475383879142417,0.17695089551454654,0.03219705672312237
3994,0.20122488626174093,0.3172068530030826,0.11598196674134167
3995,0.19255531609245494,0.30194750190191044,0.1093921858094555
3996,0.13690808709650998,0.2091958535359229,0.07228776643941293
3997,0.0898477192191188,0.14415812381717183,0.05431040459805303
3998,0.07261465873456736,0.12310280420702875,0.05048814547246139
3999,0.058161766199425584,0.08762796044132337,0.029466194241897788
4000,0.05539823808609785,0.0820183480267483,0.026620109940650456
4001,0.06735168790720392,0.0877613177992857,0.020409629892081782
4002,0.1140364558788045,0.1255434270710038,0.011506971192199303
4003,0.07158734099556631,0.08861315682587428,0.017025815830307975
4004,0.06429714052829072,0.07540095198086634,0.011103811452575621
4005,0.06150480199253635,0.062369712263103144,0.0008649102705667946
4006,0.056380663192043975,0.03042126596116522,-0.025959397230878756
4007,0.08888881629413437,0.07086427047136216,-0.0180245458227722
4008,0.11534917416301742,0.10093650978447635,-0.014412664378541065
4009,0.12214439062731888,0.07427307103556954,-0.04787131959174934
4010,0.1353519563768887,0.0716933167978444,-0.06365863957904432
4011,0.10892297761088486,0.09894181630378339,-0.009981161307101472
4012,0.12966381257411222,0.1703060142242472,0.04064220165013499
4013,0.14224285387717542,0.19801088863076083,0.05576803475358541
4014,0.13384140820296028,0.20596031591001485,0.07211890770705456
4015,0.10443296935747282,0.19097140906378926,0.08653843970631644
4016,0.1101698408831442,0.17721189725273492,0.06704205636959072
4017,0.1260889495067499,0.17161599177883757,0.045527042272087676
4018,0.12942390260116693,0.14773395850806612,0.018310055906899186
4019,0.11113080863875152,0.18312701763841863,0.0719962089996671
4020,0.10966067025833692,0.1710537982603345,0.06139312800199759
4021,0.10340161390790605,0.12388815894227498,0.020486545034368933
4022,0.12953839289800276,0.25229908131560436,0.1227606884176016
4023,0.096554499266017,0.19795670575943033,0.10140220649341333
4024,0.105006121645701,0.11023057211163124,0.005224450465930244
4025,0.11655227301040039,0.13740665067531832,0.020854377664917934
4026,0.10701245548705476,0.1386214700666877,0.031609014579632944
4027,0.10479679266139282,0.1296065131434168,0.024809720482023997
4028,0.12447547662575308,0.1602898432160961,0.035814366590343025
4029,0.12500300626194702,0.14580062344394024,0.020797617181993217
4030,0.13573431099314898,0.19603529026757757,0.060300979274428596
4031,0.122223406425135,0.16505471398290675,0.042831307557771744
4032,0.12610997033155155,0.17420719631138074,0.04809722597982918
4033,0.07770452832190643,0.11839841877426006,0.04069389045235364
4034,0.07366903916211537,0.10829285054302411,0.03462381138090874
4035,0.06834756043129829,0.10262298730348372,0.03427542687218543
4036,0.06573111636489598,0.09442749030417259,0.028696373939276612
4037,0.056192125981792726,0.08459853960979816,0.02840641362800543
4038,0.060582214504646466,0.08579889993868016,0.025216685434033694
4039,0.11910770061324635,0.14719704149534346,0.028089340882097108
4040,0.11592821951722357,0.16202068047705837,0.0460924609598348
4041,0.11863863837444699,0.14651007404470195,0.027871435670254963
4042,0.16841821263791412,0.19329586897917586,0.02487765634126174
4043,0.13748445046704297,0.1645750801540317,0.02709062968698872
4044,0.11329644315144327,0.1411084341785948,0.02781199102715154
4045,0.12339740407429184,0.13807741150259986,0.014680007428308023
4046,0.11594719705218254,0.16099528650283812,0.04504808945065558
4047,0.10838216051864132,0.15883011120961904,0.050447950690977725
4048,0.08758228125528028,0.1247597873555883,0.037177506100308025
4049,0.133230409965871,0.1367253826031594,0.0034949726372884016
4050,0.09322137789611819,0.12511395752912552,0.03189257963300733
4051,0.09617152430766651,0.12787430607837297,0.031702781770706456
4052,0.09702618227655797,0.12422249105147586,0.027196308774917882
4053,0.1392714426877771,0.18274108813424997,0.04346964544647286
4054,0.13686248294521977,0.1865651770667721,0.049702694121552315
4055,0.10084387576711963,0.16079756796016734,0.059953692193047706
4056,0.0969453911937708,0.1653544164514044,0.0684090252576336
4057,0.09176060191626993,0.1355590117147584,0.043798409798488466
4058,0.08828312733935459,0.12489044427498233,0.03660731693562774
4059,0.10762695874242259,0.12534159283543134,0.017714634093008746
4060,0.07482648364572883,0.0993433041682305,0.024516820522501676
4061,0.06254505339695193,0.08149548663233096,0.018950433235379024
4062,0.15384454645389278,0.1849773220330076,0.031132775579114813
4063,0.18412967694070803,0.24032724356251128,0.05619756662180325
4064,0.16734741850537896,0.2062872743899231,0.03893985588454413
4065,0.19403928227462985,0.24783589889276125,0.0537966166181314
4066,0.11511465294147781,0.16192380997377215,0.04680915703229434
4067,0.08673215029000494,0.12450189823338857,0.03776974794338363
4068,0.18227453787129683,0.24728682897506657,0.06501229110376974
4069,0.2134082859359794,0.2299428580240251,0.01653457208804568
4070,0.17619359973442353,0.20817329625119463,0.0319796965167711
4071,0.15644161903740844,0.1930918625683517,0.03665024353094326
4072,0.17836436491769248,0.20224319153411532,0.02387882661642285
4073,0.10204389264751172,0.11153567635564096,0.00949178370812924
4074,0.156704617069884,0.2647493471588487,0.10804473008896467
4075,0.14340521824687663,0.23569998093198258,0.09229476268510595
4076,0.111325861769591,0.18159091917108475,0.07026505740149375
4077,0.12987244456696703,0.18294071391549527,0.053068269348528235
4078,0.062407521284195,0.10143221396585918,0.039024692681664176
4079,0.07090334223988962,0.11053326138475109,0.03962991914486147
4080,0.07515460631169775,0.10521119186550064,0.03005658555380289
4081,0.09437509558476193,0.1350271117038128,0.040652016119050866
4082,0.10137017015691827,0.14487258549242868,0.043502415335510414
4083,0.1005464009016571,0.1441326633857408,0.04358626248408369
4084,0.09172292662118522,0.12046487364961092,0.028741947028425696
4085,0.07699008461658756,0.09378148990944016,0.0167914052928526
4086,0.08397097319340042,0.07779285051076328,-0.006178122682637149
4087,0.09043515006355,0.06288491623733683,-0.027550233826213175
4088,0.0945518229926271,0.09981585144004275,0.00526402844741565
4089,0.0927815318354335,0.04641405715315269,-0.046367474682280814
4090,0.10653361899755281,0.11759196908121886,0.011058350083666041
4091,0.1187799876576314,0.1444999245723521,0.025719936914720715
4092,0.1048344167559272,0.09098512293825939,-0.013849293817667807
4093,0.09421259922991566,0.10340895093807205,0.009196351708156386
4094,0.08801923096753164,0.15712541345868472,0.06910618249115308
4095,0.1014886263806554,0.16592137987256417,0.06443275349190877
4096,0.09593827420649928,0.1450159091773475,0.049077634970848216
4097,0.10712774515346454,0.1755548947240677,0.06842714957060317
4098,0.14200647538354444,0.18099984839729127,0.038993373013746835
4099,0.12248206952463388,0.19801836043292706,0.07553629090829318
4100,0.1318190750556467,0.18819488063237688,0.05637580557673019
4101,0.12150799616905959,0.18722492614011346,0.06571692997105387
4102,0.1210037341013622,0.1798929914815767,0.0588892573802145
4103,0.11315044287559305,0.16860971402023045,0.055459271144637404
4104,0.12694223178987432,0.14139582239054999,0.014453590600675664
4105,0.11279542090617539,0.13468966633972115,0.02189424543354576
4106,0.09519019861895517,0.1122138115739037,0.01702361295494853
4107,0.10105524148791122,0.12343184871300891,0.022376607225097697
4108,0.08763365355401458,0.11394377392094969,0.026310120366935114
4109,0.0903211513499842,0.126336549352788,0.03601539800280382
4110,0.08333041245230421,0.12086068865309975,0.037530276200795534
4111,0.10421258413525959,0.1321746929571266,0.02796210882186702
4112,0.07979657649928933,0.1166305087551924,0.036833932255903076
4113,0.08624836019825288,0.11070972744821703,0.024461367249964144
4114,0.0635917199559613,0.08956075904582896,0.025969039089867654
4115,0.07608076445906582,0.10570250913745192,0.029621744678386103
4116,0.06577317338787876,0.09856214320944647,0.032788969821567704
4117,0.06653982836725449,0.09937790107998878,0.0328380727127343
4118,0.0705950763338983,0.10437524496578246,0.033780168631884155
4119,0.09479469614648255,0.12261093131769546,0.027816235171212914
4120,0.10010562001386183,0.1192297270937316,0.019124107079869765
4121,0.11697787239568708,0.16568116534596494,0.048703292950277866
4122,0.12072418209548799,0.15012174522128102,0.02939756312579303
4123,0.1088920925174161,0.1333649447209266,0.024472852203510503
4124,0.11698767928839031,0.1326714642637748,0.015683784975384488
4125,0.11601332964301109,0.15476464942381335,0.03875131978080226
4126,0.13915500258254912,0.1819725289131041,0.04281752633055497
4127,0.11132015692984865,0.15063957031484826,0.03931941338499961
4128,0.13797232117109948,0.1641646847798324,0.02619236360873292
4129,0.13853913040423807,0.1760535183876568,0.03751438798341872
4130,0.128051933595598,0.176026354427847,0.04797442083224901
4131,0.11848164200860282,0.15923879211199213,0.0407571501033893
4132,0.14541381222474337,0.20468710976878698,0.05927329754404362
4133,0.1440111809347541,0.22152294440024659,0.07751176346549249
4134,0.13477771208746514,0.19419646008835137,0.05941874800088623
4135,0.15454070544272522,0.1827091989113388,0.02816849346861358
4136,0.11811262028666879,0.16520738020447254,0.04709475991780375
4137,0.12337804745442604,0.17947988459633413,0.056101837141908084
4138,0.05494738800211948,0.08593046112242687,0.030983073120307396
4139,0.06465915215417799,0.09473439003858289,0.0300752378844049
4140,0.07750641658133402,0.10851631127934469,0.031009894698010673
4141,0.1452480318984205,0.14517288193241987,-7.514996600063717e-05
4142,0.1431192914342627,0.16688769547298393,0.02376840403872124
4143,0.08185762872586715,0.1059355223834848,0.024077893657617658
4144,0.14578855279322991,0.13741015848377777,-0.008378394309452142
4145,0.18146976569348852,0.22205882649882575,0.040589060805337224
4146,0.15611167945056065,0.20413233620387067,0.04802065675331002
4147,0.1606146277601497,0.2055685009811537,0.044953873221004
4148,0.10469263837840445,0.14484186893754594,0.04014923055914149
4149,0.08529038025357637,0.12582018054170516,0.04052980028812879
4150,0.15452625470786843,0.1998328813121736,0.04530662660430518
4151,0.1830441731834828,0.2813176663165415,0.09827349313305869
4152,0.18397545533064746,0.22890961330978302,0.04493415797913555
4153,0.15454266727040647,0.1959154808785049,0.04137281360809844
4154,0.13532893014436037,0.17782191540564785,0.042492985261287475
4155,0.13164647493632003,0.14520229397349863,0.01355581903717859
4156,0.22860714129056797,0.3148263528785662,0.08621921158799822
4157,0.22079102126088157,0.3214365145690058,0.10064549330812422
4158,0.1462345164692673,0.24420036411218513,0.09796584764291782
4159,0.14156272853569216,0.19314651753729872,0.05158378900160657
4160,0.12970305182374592,0.19642500717719802,0.0667219553534521
4161,0.11637347714436014,0.16771645249337994,0.0513429753490198
4162,0.07740859380900932,0.10298790419948405,0.02557931039047473
4163,0.0604819927791074,0.085186949252416,0.0247049564733086
4164,0.08375307173684284,0.10633858705796129,0.02258551532111845
4165,0.09339875540862605,0.14555390289141207,0.05215514748278602
4166,0.08122607442480455,0.1015147871714171,0.02028871274661255
4167,0.0632742766097718,0.08213444422684152,0.018860167617069712
4168,0.07808294887167055,0.0786038355778107,0.0005208867061401445
4169,0.07285054040376017,0.0814402662872178,0.008589725883457633
4170,0.08798810540524236,0.09382296351134317,0.005834858106100807
4171,0.09393474448558581,0.05971490659076975,-0.03421983789481606
4172,0.10458463309863593,0.07671368665092382,-0.02787094644771211
4173,0.0953400903244194,0.07810873431061692,-0.017231356013802476
4174,0.08266804180738056,0.05153455562322143,-0.031133486184159134
4175,0.08402545583617099,0.049114260799532315,-0.03491119503663868
4176,0.08713178084563042,0.14257215732571474,0.05544037648008432
4177,0.11186393454919823,0.16100742246180752,0.04914348791260929
4178,0.0858182699590487,0.12174101517131423,0.03592274521226553
4179,0.10877793986449844,0.14782812818077964,0.03905018831628121
4180,0.128571772098617,0.13498704441750187,0.006415272318884863
4181,0.10993682182948993,0.13744951856745594,0.02751269673796601
4182,0.11343717886991632,0.13238573073266718,0.018948551862750865
4183,0.13819582694875007,0.1901500524309107,0.05195422548216064
4184,0.1881021366022138,0.25598497625938105,0.06788283965716724
4185,0.13442573814440043,0.16754905470280415,0.033123316558403726
4186,0.10900178935745707,0.140467023674988,0.03146523431753094
4187,0.1035759266472294,0.15262714156447071,0.04905121491724132
4188,0.09445841692273933,0.12837180083902558,0.03391338391628625
4189,0.08825174524308524,0.12138433176471065,0.033132586521625415
4190,0.0918950923916319,0.1237885351931689,0.031893442801537
4191,0.0755177330025082,0.1069550708951298,0.0314373378926216
4192,0.07679128494507596,0.11584324962243747,0.03905196467736151
4193,0.07687166222366922,0.11477719823143581,0.037905536007766596
4194,0.06989061265679913,0.10255541852595161,0.03266480586915248
4195,0.08462786558636623,0.09750246023171741,0.012874594645351178
4196,0.07070917443157089,0.09961534237446594,0.02890616794289505
4197,0.06583774779575485,0.09392960409775404,0.028091856301999188
4198,0.06453257700411248,0.09229969006452952,0.027767113060417042
4199,0.062140381918471196,0.09388514261499846,0.03174476069652726
4200,0.06679440675821618,0.09763587666037937,0.030841469902163188
4201,0.13365752219775698,0.15361252155802227,0.01995499936026529
4202,0.1355132334267199,0.1649522284884362,0.029438995061716294
4203,0.0956297160687388,0.12492999114741359,0.02930027507867479
4204,0.08375580638572266,0.10304757360994624,0.01929176722422357
4205,0.0812802900191009,0.10835380514644533,0.02707351512734442
4206,0.10569694724328102,0.1449038341480989,0.039206886904817884
4207,0.16071658522888022,0.23099528764377997,0.07027870241489975
4208,0.17350671815978758,0.26580147159486023,0.09229475343507265
4209,0.14925114743012388,0.22421231787676865,0.07496117044664477
4210,0.16115517272674615,0.21166061601486724,0.050505443288121094
4211,0.15153869843786255,0.21138247645368483,0.059843778015822274
4212,0.12666415216188426,0.1944051132505435,0.06774096108865924
4213,0.141369837054158,0.19571493167116463,0.05434509461700662
4214,0.15688059432082216,0.21285936842326852,0.055978774102446366
4215,0.07705319182047031,0.12167416416107239,0.04462097234060208
4216,0.08244549516971877,0.10954979584322076,0.027104300673501988
4217,0.0973245238358188,0.13564582121334487,0.03832129737752607
4218,0.08786091004968304,0.12188200805532237,0.034021098005639336
4219,0.08996396735706651,0.11055983702788458,0.02059586967081807
4220,0.13354719341985366,0.15230578548095466,0.018758592061101004
4221,0.13178786420882116,0.15589430675951335,0.024106442550692192
4222,0.0976172151865917,0.13368060100111515,0.03606338581452345
4223,0.12974933752311957,0.14601286291198154,0.01626352538886197
4224,0.15336738598399444,0.18022243906679147,0.026855053082797037
4225,0.16526418510702756,0.20521532030266143,0.03995113519563387
4226,0.16167803815752785,0.20809644182236234,0.04641840366483449
4227,0.15009735586664827,0.1847011668610184,0.03460381099437013
4228,0.1171094807187536,0.14633027808915847,0.029220797370404866
4229,0.09104869505366804,0.12030856305882562,0.029259868005157577
4230,0.10378518834996828,0.13689804313813192,0.03311285478816364
4231,0.10892918659638048,0.15219254401817384,0.04326335742179335
4232,0.17376708147612474,0.24284061792572562,0.06907353644960088
4233,0.1675045811834465,0.2994357836269543,0.13193120244350778
4234,0.16589713951405555,0.21780999801750506,0.05191285850344951
4235,0.17275132009290603,0.22517704294347385,0.05242572285056782
4236,0.1663264952744543,0.19732312580885483,0.03099663053440052
4237,0.13669231695873812,0.1930091797281312,0.05631686276939307
4238,0.19204202067059786,0.31859820319567517,0.1265561825250773
4239,0.19604102378541127,0.3051402602506795,0.1090992364652682
4240,0.17279786102495084,0.2678080727047916,0.09501021167984078
4241,0.12985031472827593,0.24043937479458477,0.11058906006630884
4242,0.08518623169721962,0.15048061604654206,0.06529438434932244
4243,0.10321383847124693,0.1400953173400819,0.03688147886883497
4244,0.056962600562562006,0.07973932575634961,0.0227767251937876
4245,0.04954837809516828,0.07050997239437512,0.02096159429920684
4246,0.06557671290034195,0.07640613729400388,0.010829424393661927
4247,0.08151896214767948,0.08098437039323962,-0.0005345917544398587
4248,0.056123377591665406,0.07519451134296853,0.019071133751303128
4249,0.05787801580053311,0.06146817049377693,0.0035901546932438216
4250,0.07737116289243143,0.06466131861701607,-0.012709844275415355
4251,0.07709226187480966,0.04623241137140952,-0.030859850503400142
4252,0.1376510999455252,0.097924477806936,-0.03972662213858921
4253,0.14994441541394232,0.05340966531457015,-0.09653475009937218
4254,0.1331334627816047,0.018517513379334896,-0.11461594940226981
4255,0.13675444591334843,0.0625531587350895,-0.07420128717825893
4256,0.1227184992014271,0.02764787554780199,-0.09507062365362512
4257,0.1331660005418811,0.04775538236574096,-0.08541061817614015
4258,0.1021593928454211,0.06722428029077097,-0.03493511255465012
4259,0.0661029072885832,0.10038844945056956,0.03428554216198636
4260,0.09738512198564925,0.12580110702603525,0.028415985040386005
4261,0.08191528821078012,0.13939730864630107,0.05748202043552095
4262,0.09295935407753536,0.15392679347519095,0.06096743939765559
4263,0.13371560438954913,0.16123585464411147,0.02752025025456234
4264,0.11351890188639344,0.1596770727966317,0.04615817091023827
4265,0.10289676305401793,0.14181029112541477,0.038913528071396836
4266,0.12518831042305054,0.17787234472574204,0.0526840343026915
4267,0.1249796844362658,0.18627212827109305,0.06129244383482725
4268,0.11195415962612637,0.15678556448922773,0.04483140486310136
4269,0.11152002146693545,0.15846609571926787,0.04694607425233242
4270,0.11658661555458544,0.17489702562511142,0.05831041007052598
4271,0.10673015826847809,0.14556080566487287,0.038830647396394774
4272,0.08933930316327357,0.12213318155951572,0.03279387839624215
4273,0.09882231732550091,0.14413392338817932,0.04531160606267841
4274,0.08683473164735894,0.11539224009660079,0.028557508449241847
4275,0.10763308265583081,0.1417248819910418,0.03409179933521099
4276,0.08778007969647823,0.11821245054745637,0.030432370850978135
4277,0.0834240935711635,0.10893057783568694,0.02550648426452344
4278,0.09359752353039279,0.10895772689144471,0.015360203361051927
4279,0.06628201359378603,0.09674212209850055,0.03046010850471452
4280,0.07066246283475103,0.092721350895504,0.02205888806075297
4281,0.09858521575133555,0.12646171967620184,0.02787650392486629
4282,0.1007558650100421,0.16141725534907375,0.060661390339031646
4283,0.1006197463372678,0.1528966612025324,0.05227691486526459
4284,0.09491426755867742,0.12907616214842124,0.03416189458974382
4285,0.13346667237150173,0.18924709220179026,0.05578041983028853
4286,0.10444944959131923,0.14405294260087853,0.0396034930095593
4287,0.10488744146170081,0.16981467212301707,0.06492723066131625
4288,0.11222236009489614,0.16549148244279824,0.0532691223479021
4289,0.10560194928620366,0.14892982835960722,0.04332787907340356
4290,0.09652221108250014,0.145970154197388,0.04944794311488787
4291,0.15350344415394987,0.26413062311720237,0.1106271789632525
4292,0.17037775863414342,0.2644544231522598,0.09407666451811639
4293,0.15558949988636042,0.2543632004495307,0.09877370056317028
4294,0.1596182956262318,0.23862401834939423,0.07900572272316242
4295,0.16990488258126954,0.20052275982097084,0.030617877239701302
4296,0.09993599519287573,0.13997605851989106,0.04004006332701533
4297,0.06621332200514653,0.09812954525509635,0.03191622324994982
4298,0.07846400443285373,0.10910949930361086,0.03064549487075713
4299,0.09761745641075732,0.12879540620325033,0.031177949792493012
4300,0.11169392375610065,0.14410832273061672,0.03241439897451606
4301,0.10767507187713103,0.14558727029199034,0.03791219841485931
4302,0.1292237934525672,0.15959277045270456,0.030368977000137354
4303,0.17686014075678544,0.20924001404968862,0.03237987329290318
4304,0.17990227341964202,0.19682139591233086,0.016919122492688843
4305,0.13053185821757793,0.15324231092387705,0.022710452706299122
4306,0.14919041806538716,0.175886992378951,0.026696574313563842
4307,0.18688175423573744,0.21211504127756572,0.025233287041828284
4308,0.19530891373103834,0.2734125143199444,0.07810360058890606
4309,0.1480717550153701,0.20212855793900486,0.05405680292363477
4310,0.11470471304088153,0.1520888896189033,0.03738417657802176
4311,0.09594326800774927,0.12586076643114788,0.02991749842339861
4312,0.09511955461348326,0.12033222300191218,0.02521266838842892
4313,0.13836210687673603,0.16723078518131762,0.02886867830458159
4314,0.17865943495282566,0.22867087897774355,0.05001144402491789
4315,0.180945263431435,0.23939200239600908,0.058446738964574085
4316,0.17444008462820873,0.31204645069084364,0.1376063660626349
4317,0.17017288874242578,0.24988091394148876,0.07970802519906298
4318,0.1706216885721514,0.22061203159010948,0.04999034301795807
4319,0.15335647542836534,0.20555881100830414,0.05220233557993881
4320,0.17534851721628894,0.27238320395093973,0.0970346867346508
4321,0.23448077449437515,0.343797964290572,0.10931718979619687
4322,0.22581927650058634,0.3268766488702155,0.10105737236962917
4323,0.14853976076008257,0.2471517316019683,0.09861197084188572
4324,0.11172363932311632,0.20676094578627602,0.0950373064631597
4325,0.06176066195048475,0.10169497471986505,0.0399343127693803
4326,0.05003556514863815,0.07407638313963995,0.0240408179910018
4327,0.053765656176826965,0.06860828290888192,0.014842626732054956
4328,0.05207012897049024,0.07395649369957924,0.021886364729089003
4329,0.054286177145242046,0.07230138683656222,0.018015209691320172
4330,0.08142720656577507,0.09077800578108183,0.009350799215306765
4331,0.06358448906311434,0.06498563397076829,0.001401144907653945
4332,0.05503622147212504,0.037229005469276974,-0.017807216002848063
4333,0.05758748400406619,0.029091534337666244,-0.02849594966639995
4334,0.06378402909066544,0.03394108359271108,-0.02984294549795436
4335,0.09396920933371745,0.05931063500080808,-0.03465857433290937
4336,0.15001055118321727,0.08953355850245488,-0.060476992680762384
4337,0.1254679166342466,0.03485010896674786,-0.09061780766749875
4338,0.12955154529636592,0.08896313887786356,-0.040588406418502365
4339,0.1265811649725134,0.06288862573060189,-0.06369253924191151
4340,0.12342116988430372,0.08342084025254187,-0.04000032963176185
4341,0.0874596941980323,0.06394314535412148,-0.02351654884391083
4342,0.0659755041718536,0.10996307301266238,0.043987568840808774
4343,0.1063723858273674,0.18799385580576292,0.08162146997839552
4344,0.09778884560537081,0.19991138439031494,0.10212253878494414
4345,0.12033485945325056,0.15011572760082306,0.029780868147572498
4346,0.09689751834105972,0.16192505521961947,0.06502753687855975
4347,0.12233278513038136,0.19803455671602416,0.0757017715856428
4348,0.14696514475915934,0.22953396182395724,0.0825688170647979
4349,0.13354463041568732,0.18464545567751334,0.05110082526182602
4350,0.12178939957066892,0.16366448083109164,0.04187508126042272
4351,0.13570325600239572,0.1629482059084831,0.02724494990608739
4352,0.11945011763618406,0.14825487138810853,0.02880475375192447
4353,0.12172242677528225,0.1802801069264129,0.05855768015113064
4354,0.12255410161230886,0.15404585715042707,0.03149175553811821
4355,0.1049603474199374,0.1305168034502538,0.025556456030316393
4356,0.08974947485386407,0.12766532321550927,0.0379158483616452
4357,0.08516055607363981,0.11553336373204165,0.030372807658401835
4358,0.07428954161272289,0.09395192352703892,0.019662381914316032
4359,0.05761343264755657,0.07794261854848604,0.02032918590092947
4360,0.05494735499935642,0.07992865812227269,0.02498130312291627
4361,0.05195429119944211,0.07742002467945375,0.02546573348001164
4362,0.056047609487354266,0.08282153558661523,0.026773926099260964
4363,0.05820064118773835,0.08389771554110839,0.025697074353370042
4364,0.07458517374200285,0.09192774340016706,0.017342569658164206
4365,0.09372319528025597,0.11034220122635893,0.016619005946102966
4366,0.09532281419469754,0.12957519758949854,0.034252383394800995
4367,0.09082859350207102,0.1371114236636697,0.04628283016159869
4368,0.11483101419355257,0.15550709068492258,0.040676076491370006
4369,0.12596936695527244,0.17770653945079615,0.0517371724955237
4370,0.11959204187587964,0.16363847151268898,0.04404642963680934
4371,0.11461755197348517,0.1448788712875796,0.030261319314094426
4372,0.14058886069831616,0.1747259646801848,0.034137103981868644
4373,0.1310728408121003,0.1850890156540293,0.054016174841929
4374,0.15454471906299366,0.20523364391627408,0.050688924853280415
4375,0.13400929111155047,0.19087875587664688,0.05686946476509641
4376,0.13693109560959332,0.16977291809350195,0.03284182248390863
4377,0.14268502351052215,0.1884516744064289,0.04576665089590676
4378,0.12458360894026384,0.17169232787445488,0.04710871893419104
4379,0.134129422900493,0.16819457937871274,0.03406515647821973
4380,0.1382441539915992,0.1525489629587352,0.014304808967136012
4381,0.1291683892650795,0.15027837539965275,0.02110998613457324
4382,0.11783799519256923,0.1497614847563506,0.03192348956378137
4383,0.09285467687706073,0.1078391164700002,0.014984439592939477
4384,0.12288462196355104,0.16928799109023002,0.04640336912667897
4385,0.14341122120702665,0.17942525432184445,0.036014033114817795
4386,0.1361459481975512,0.14899870293615744,0.012852754738606254
4387,0.12028910707609018,0.1475621350882928,0.02727302801220262
4388,0.13630634520716867,0.13723300178879178,0.0009266565816231087
4389,0.1228971181786006,0.14563035647887732,0.02273323830027671
4390,0.17790264463133357,0.22602346533503376,0.04812082070370019
4391,0.13250571701256503,0.16189005984850083,0.0293843428359358
4392,0.12578226213910623,0.13143636439640066,0.00565410225729443
4393,0.10188979873420609,0.1314940259371964,0.029604227202990302
4394,0.09541657409021626,0.12569314062511538,0.03027656653489913
4395,0.11531368387502494,0.1565293314700645,0.04121564759503957
4396,0.15781058454533584,0.2081286719873658,0.05031808744202995
4397,0.17178598209115278,0.23658030322154291,0.06479432113039013
4398,0.18377990441470476,0.2594171150674436,0.07563721065273882
4399,0.17713696864754008,0.27662561934124547,0.09948865069370538
4400,0.16470269434262602,0.22071536715347861,0.05601267281085259
4401,0.1397556642716974,0.18989213223691526,0.05013646796521787
4402,0.2485663252593241,0.3315846498707169,0.0830183246113928
4403,0.2340025905746129,0.32098800308200665,0.08698541250739375
4404,0.2313352102457481,0.2997731965909977,0.06843798634524961
4405,0.25689406841014834,0.3194988605514452,0.06260479214129688
4406,0.10153260560715614,0.16743279166287947,0.06590018605572333
4407,0.05689855218397984,0.08509214978982232,0.02819359760584248
4408,0.050563643812140874,0.07475996918102973,0.024196325368888855
4409,0.05886646463890704,0.0848826425368,0.026016177897892963
4410,0.06022966650336274,0.08655877247719802,0.02632910597383528
4411,0.05164686978942875,0.06833960506310818,0.016692735273679433
4412,0.05148277481742025,0.059282781053892904,0.007800006236472652
4413,0.054368526366383854,0.06015931119018364,0.0057907848237997855
4414,0.0648678613244978,0.05319997508425365,-0.011667886240244153
4415,0.0756375128705693,0.053918310849240036,-0.021719202021329265
4416,0.05578241054755548,0.041179705829095414,-0.014602704718460063
4417,0.06037907834173969,0.03931301920186157,-0.02106605913987812
4418,0.1273042860770559,0.02508013505946599,-0.10222415101758991
4419,0.11293205334775148,0.025203179714681404,-0.08772887363307008
4420,0.1268028065957307,0.0694835895900883,-0.05731921700564241
4421,0.1259507984034037,0.05103354867029041,-0.07491724973311328
4422,0.11168751523401671,0.07347088693364748,-0.03821662830036923
4423,0.09569065725397337,0.059423501673124095,-0.036267155580849274
4424,0.1049490365663854,0.20609720132185005,0.10114816475546465
4425,0.12249467754711016,0.18229911039151542,0.05980443284440526
4426,0.11243704310025106,0.18380778233535724,0.07137073923510619
4427,0.10171706535156713,0.1858382047015941,0.08412113935002696
4428,0.1358653581054066,0.18839801952611107,0.05253266142070448
4429,0.1291778266380545,0.18123806510684679,0.05206023846879229
4430,0.12410229495181027,0.17996967494276928,0.055867379990959004
4431,0.10109159341660706,0.15156263830933267,0.05047104489272561
4432,0.12581672957124335,0.1271588365684141,0.0013421069971707444
4433,0.1150572772176332,0.09629782199995855,-0.01875945521767465
4434,0.11010186644424153,0.1525175301898175,0.04241566374557598
4435,0.11227336188933348,0.15443836976252504,0.04216500787319155
4436,0.11866787398362393,0.12946900193659414,0.01080112795297021
4437,0.1204680664626974,0.14347846405645362,0.023010397593756213
4438,0.07571585853240331,0.10075361667476189,0.025037758142358577
4439,0.06612718484636572,0.0700225748415012,0.003895389995135487
4440,0.05291408955061344,0.051629121872325226,-0.0012849676782882152
4441,0.051898462672975584,0.07554772737223915,0.023649264699263567
4442,0.05213566030020362,0.0756146533545271,0.023478993054323487
4443,0.05408196589207092,0.07292066436655709,0.018838698474486167
4444,0.06315427192879962,0.07551951773172207,0.012365245802922448
4445,0.0786964573229605,0.09491091871294349,0.01621446138998299
4446,0.0719586943627004,0.10308282717864396,0.03112413281594356
4447,0.11173072899468092,0.13422765275164933,0.022496923756968407
4448,0.12477049946002222,0.14427642995617435,0.019505930496152124
4449,0.11696599719895527,0.14609895991430927,0.029132962715353997
4450,0.12335972958129401,0.17171309694523756,0.04835336736394355
4451,0.1201362279412848,0.16917727191437273,0.049041043973087936
4452,0.11023681072128459,0.14625243049758072,0.03601561977629612
4453,0.09966948261386423,0.13553961763245007,0.03587013501858584
4454,0.0922833952759854,0.1247445235374152,0.0324611282614298
4455,0.11863542423103907,0.1500579968909477,0.03142257265990864
4456,0.10267616510637442,0.12639320215297672,0.0237170370466023
4457,0.11645037975420235,0.12716601591580645,0.010715636161604106
4458,0.14325952677275727,0.17429093755945665,0.03103141078669938
4459,0.12677253313604409,0.16200552878312482,0.03523299564708074
4460,0.1435236593441197,0.1772464526819798,0.0337227933378601
4461,0.11564646451211043,0.14738359941092158,0.03173713489881115
4462,0.1166423669565312,0.1515891721603479,0.0349468052038167
4463,0.15928226546456795,0.19318522137486258,0.03390295591029463
4464,0.12397294464959557,0.15737920849706388,0.03340626384746831
4465,0.08704782335829875,0.13425994856440343,0.04721212520610468
4466,0.12591755737923888,0.163482966144293,0.037565408765054126
4467,0.1464445675641019,0.1718970418269592,0.025452474262857294
4468,0.13885488025640277,0.17372477142987694,0.034869891173474166
4469,0.11348252887423436,0.13540794306194323,0.021925414187708867
4470,0.13832648241614942,0.146720884172422,0.008394401756272568
4471,0.12347187944356622,0.1386004251693678,0.015128545725801579
4472,0.11842148461063139,0.10591112501941703,-0.012510359591214354
4473,0.11714425940946825,0.13016523928712911,0.013020979877660863
4474,0.1245200631187458,0.15335511730697488,0.02883505418822907
4475,0.13892865893683373,0.16843592360888,0.029507264672046257
4476,0.1363680002669138,0.19249602674023278,0.056128026473318965
4477,0.13192607923977895,0.18134062145512186,0.049414542215342916
4478,0.1625855374545704,0.19857378927586566,0.03598825182129525
4479,0.15588749094842486,0.21348908110105658,0.05760159015263172
4480,0.12710285862893703,0.17379597393937404,0.04669311531043702
4481,0.15610447044161863,0.19648642712796227,0.040381956686343645
4482,0.12992847258569049,0.12986289268370926,-6.557990198122199e-05
4483,0.2624762371017749,0.3090489197825598,0.04657268268078485
4484,0.24051659060789762,0.2762690270105416,0.035752436402644
4485,0.2707907192162411,0.3181350644245359,0.04734434520829478
4486,0.24480210069273883,0.31555103918752675,0.07074893849478792
4487,0.1107009347994399,0.19295920482054194,0.08225827002110203
4488,0.060541090913498595,0.10287714584656428,0.042336054933065685
4489,0.05242191269456123,0.0804889684035839,0.028067055709022667
4490,0.05382639637173728,0.06943287046619641,0.01560647409445913
4491,0.061245295524751504,0.0764261595475085,0.015180864022757
4492,0.057604490633442064,0.07491947307678871,0.01731498244334665
4493,0.057022360691441024,0.06909861222982358,0.012076251538382557
4494,0.059095150993860604,0.055857471774174515,-0.003237679219686089
4495,0.10271719637846655,0.11518192425173002,0.01246472787326347
4496,0.10972575600785676,0.1224812563404244,0.01275550033256763
4497,0.07712501435485633,0.0627860298346113,-0.014338984520245027
4498,0.07664984980497938,0.049081098737159566,-0.027568751067819815
4499,0.12094023787153617,0.03620911700733963,-0.08473112086419654
4500,0.11494569064585729,0.023119408403788046,-0.09182628224206923
4501,0.10836098407685579,0.030601127832531556,-0.07775985624432424
4502,0.09233502675817225,0.039686367680923436,-0.05264865907724881
4503,0.0966706826231149,0.02011080366750152,-0.07655987895561338
4504,0.10200469110699877,0.17145478020826396,0.0694500891012652
4505,0.10987263109717492,0.15876627398459164,0.048893642887416724
4506,0.11178850364934494,0.1531201254192535,0.04133162176990855
4507,0.13157719237191684,0.17835891464077636,0.046781722268859516
4508,0.14199389566213555,0.19814414395664606,0.05615024829451051
4509,0.12387618706640294,0.1916375149061169,0.06776132783971398
4510,0.12336378100428022,0.1632267547437758,0.03986297373949557
4511,0.12141999376229867,0.15412881417294388,0.03270882041064521
4512,0.1142184644576609,0.11670029280330674,0.0024818283456458368
4513,0.12535031542019978,0.16019130365326523,0.034840988233065445
4514,0.12870704752745402,0.1932875959648511,0.06458054843739708
4515,0.12014175442471212,0.15033842448053628,0.03019667005582416
4516,0.12992213447979944,0.16639486855838656,0.036472734078587116
4517,0.13192539942234738,0.15806333419194302,0.02613793476959564
4518,0.09856520002728349,0.12167855125614277,0.023113351228859283
4519,0.0647783244961177,0.09852317238306156,0.03374484788694386
4520,0.05928816309534395,0.08328282824225523,0.02399466514691128
4521,0.05882892236221488,0.08385513902174117,0.02502621665952629
4522,0.053964952118695377,0.07529684360228478,0.021331891483589403
4523,0.05507478767101435,0.07578953256581629,0.02071474489480194
4524,0.06887712998746891,0.08128977150656982,0.012412641519100917
4525,0.06277335962613716,0.08995301290637381,0.02717965328023665
4526,0.05579422612199221,0.08287325312356572,0.02707902700157351
4527,0.07550671682783254,0.09261121845261379,0.01710450162478125
4528,0.12567030481685054,0.12296318468531642,-0.0027071201315341242
4529,0.11084119396105807,0.1533534265142422,0.04251223255318412
4530,0.10792050586401647,0.15850797779235817,0.050587471928341704
4531,0.11142919635241894,0.15933077428054174,0.0479015779281228
4532,0.11640579025122402,0.15013919100942963,0.033733400758205606
4533,0.09812472852600843,0.13335650481070468,0.03523177628469626
4534,0.09492040396709601,0.12960928637330688,0.03468888240621086
4535,0.11431517545732471,0.13752242335907836,0.023207247901753644
4536,0.1273612314592785,0.19713313399463053,0.06977190253535204
4537,0.09646080023315132,0.13636364567329853,0.03990284544014722
4538,0.12096992089353535,0.15803998178458362,0.037070060891048265
4539,0.1264097157576504,0.1619008950626358,0.03549117930498541
4540,0.09381941131030659,0.13104958884902174,0.037230177538715145
4541,0.12941218139458485,0.16327786752969742,0.033865686135112566
4542,0.12046142106393716,0.15845694941807667,0.03799552835413951
4543,0.1186240999676408,0.14426996247243865,0.025645862504797848
4544,0.12810433503730728,0.14878983762947884,0.020685502592171556
4545,0.17545856951509936,0.2036827119135769,0.028224142398477536
4546,0.1278556891172482,0.16492199836400145,0.03706630924675325
4547,0.07134589098398016,0.10715573317003758,0.03580984218605743
4548,0.08260469117784473,0.11051316247758722,0.027908471299742485
4549,0.09415437090181494,0.11752508193964815,0.02337071103783321
4550,0.11724095725606677,0.11458486433131954,-0.002656092924747236
4551,0.11244735036499962,0.11959341355682014,0.007146063191820526
4552,0.10841871825797804,0.10009290555870592,-0.008325812699272114
4553,0.11919761548110976,0.12593096786351737,0.0067333523824076175
4554,0.14647972505989174,0.1972300483201481,0.05075032326025636
4555,0.18623032651823943,0.23115495689288018,0.044924630374640756
4556,0.1761510296224608,0.19738986030992062,0.021238830687459825
4557,0.1071710918408248,0.1237412661934597,0.0165701743526349
4558,0.18273409460562623,0.19748638423715692,0.01475228963153069
4559,0.19840771033113985,0.1775236045002125,-0.02088410583092734
4560,0.13817459414969513,0.14582783516069037,0.007653241010995238
4561,0.10563411531076124,0.13829343499426056,0.03265931968349932
4562,0.12560163411723319,0.11590220749837522,-0.009699426618857962
4563,0.2447259018867221,0.23505920846638806,-0.00966669342033405
4564,0.26641484179585373,0.2721660998417065,0.005751258045852747
4565,0.2974835574117099,0.2987044697856403,0.001220912373930405
4566,0.24398696956129234,0.27922164045810166,0.03523467089680932
4567,0.1494193283956575,0.2600277439156967,0.11060841552003922
4568,0.06641461336319265,0.12650826239158072,0.06009364902838807
4569,0.0544251983019213,0.08018534691129653,0.025760148609375227
4570,0.07986084529288286,0.06711394033065217,-0.012746904962230687
4571,0.09782369100939402,0.06290619737117364,-0.03491749363822037
4572,0.1077048760714119,0.10570741470327182,-0.00199746136814008
4573,0.10134416499913594,0.11465523072413503,0.013311065724999085
4574,0.10069344459774336,0.12223716344672743,0.021543718848984067
4575,0.11883817471677113,0.1041672803377667,-0.014670894379004429
4576,0.13023744255661815,0.0825415944510146,-0.04769584810560355
4577,0.07678188990464656,0.04972675354209956,-0.027055136362547
4578,0.07629640477097302,0.03234088743880897,-0.04395551733216405
4579,0.09163858653275712,0.038306232614207424,-0.0533323539185497
4580,0.08357367881616473,0.031840651371622154,-0.05173302744454258
4581,0.10277832467158489,0.021053412243738485,-0.08172491242784641
4582,0.10284175432847638,0.009542959806133778,-0.0932987945223426
4583,0.08659475736623505,0.002476462667854118,-0.08411829469838093
4584,0.09373749446445405,0.17405500583828976,0.0803175113738357
4585,0.12452853097117658,0.1758149190686939,0.051286388097517316
4586,0.1731874262917597,0.24817148080976464,0.07498405451800494
4587,0.13026538133612392,0.20404077377005028,0.07377539243392636
4588,0.13299057562632424,0.18767062886288677,0.054680053236562526
4589,0.1221125697896784,0.17102273494162365,0.048910165151945253
4590,0.1250421909529991,0.19809337940837224,0.07305118845537314
4591,0.1275203664617761,0.19880146850907215,0.07128110204729604
4592,0.13551452377226855,0.21310368302785113,0.07758915925558257
4593,0.11635885206568625,0.1911070483283558,0.07474819626266954
4594,0.12712731304464547,0.23188654547862933,0.10475923243398386
4595,0.12087390840252638,0.2084100265127149,0.08753611811018852
4596,0.138252175326658,0.19360066343472793,0.055348488108069915
4597,0.1400843871274999,0.20383167191786594,0.06374728479036604
4598,0.105829906566172,0.15066604129401556,0.04483613472784356
4599,0.07461729239475469,0.11122280079678863,0.03660550840203394
4600,0.0435335746859983,0.0735181888720673,0.029984614186069007
4601,0.05928080876244331,0.08885490647854222,0.02957409771609891
4602,0.0578141765840319,0.07919317879537222,0.021379002211340314
4603,0.05925969391423965,0.0771271695967417,0.01786747568250204
4604,0.062250427768689345,0.0889957715463119,0.026745343777622554
4605,0.06667973083628616,0.09345104892325531,0.026771318086969156
4606,0.05512805191651053,0.08354679302490448,0.028418741108393944
4607,0.055823918915756957,0.08163134163464829,0.025807422718891332
4608,0.08653111999577545,0.10909521299089452,0.022564092995119064
4609,0.0924985371891662,0.12314994937817969,0.03065141218901349
4610,0.07347194442842492,0.1092875628082182,0.03581561837979329
4611,0.07738651641927867,0.10807262315785233,0.030686106738573665
4612,0.13817074623926281,0.14252115815790684,0.0043504119186440204
4613,0.19512341663656954,0.1862438567525879,-0.008879559883981647
4614,0.11029832547640914,0.14384292559366216,0.03354460011725302
4615,0.09942484250027302,0.1274986232101964,0.028073780709923377
4616,0.13360555739241392,0.15065727431699777,0.01705171692458385
4617,0.11021921490937518,0.15631972639235717,0.046100511482981985
4618,0.09558964953347404,0.1353846904125411,0.039795040879067045
4619,0.10962243409836084,0.15279896197073312,0.04317652787237228
4620,0.11170821267696784,0.1520358859941422,0.04032767331717435
4621,0.09415199892238905,0.11996108805593682,0.025809089133547763
4622,0.11388569591746178,0.14855940750265864,0.03467371158519686
4623,0.14521297886958204,0.18070291806815117,0.03548993919856913
4624,0.12596291081838892,0.17180710725595352,0.0458441964375646
4625,0.12350315610604533,0.15378662519381486,0.030283469087769535
4626,0.16055948499328146,0.1850496586415331,0.02449017364825165
4627,0.12585343828133996,0.15570730064918292,0.02985386236784296
4628,0.12386481645133243,0.14464237648506442,0.02077756003373199
4629,0.12096304297274277,0.13633755804344716,0.015374515070704392
4630,0.09206770396022351,0.09323951335723062,0.0011718093970071036
4631,0.08190681275475273,0.10321241144158746,0.021305598686834737
4632,0.09146993865101488,0.09548857952060115,0.004018640869586268
4633,0.09511666836528786,0.06479160127666173,-0.03032506708862613
4634,0.11698287933545522,0.08938625515747335,-0.027596624177981866
4635,0.10519334765191701,0.13722279794107245,0.03202945028915544
4636,0.14933913356921868,0.18342642312929655,0.034087289560077866
4637,0.20552507141562923,0.18158185004939426,-0.023943221366234974
4638,0.15152920665513786,0.13413851696782875,-0.017390689687309113
4639,0.14727896655085781,0.18120246684804808,0.03392350029719027
4640,0.15829422578358726,0.17860273131927118,0.02030850553568392
4641,0.16177090145396006,0.1578919378041422,-0.0038789636498178515
4642,0.1353587968030264,0.13211172481304553,-0.0032470719899808653
4643,0.13598751289209549,0.12501573874327662,-0.010971774148818864
4644,0.15491618032759016,0.17703553727559385,0.022119356948003682
4645,0.22074024953951651,0.2782695005131095,0.05752925097359299
4646,0.2366467559934833,0.2875565691108544,0.05090981311737111
4647,0.2046275062818554,0.25070594168999016,0.04607843540813478
4648,0.13092069431040526,0.18300730556446185,0.052086611254056586
4649,0.07263155068785283,0.11543648556071859,0.042804934872865755
4650,0.0549065650665198,0.07323614863208747,0.018329583565567666
4651,0.05857213146234369,0.05543015416028898,-0.0031419773020547118
4652,0.0634130224217641,0.048579394714321746,-0.01483362770744235
4653,0.09012025345684443,0.08804183148165572,-0.0020784219751887184
4654,0.13143884347365867,0.1303932796289446,-0.0010455638447140758
4655,0.0792982691735827,0.09912744639407946,0.019829177220496763
4656,0.060757887099683654,0.06279917009946918,0.0020412829997855306
4657,0.09412135405238979,0.07176562972789383,-0.022355724324495965
4658,0.05842087503386444,0.03830756757498837,-0.020113307458876073
4659,0.06298202170674713,0.014723272727876439,-0.0482587489788707
4660,0.07268994435145414,0.008022419162986492,-0.06466752518846765
4661,0.06354268662511071,0.005514292235059091,-0.05802839439005163
4662,0.08101533452938377,0.01079983927622242,-0.07021549525316134
4663,0.07383301452438844,0.01217411909581367,-0.061658895428574764
4664,0.056131614705986876,0.014064958717257235,-0.04206665598872964
4665,0.10653548848422037,0.15745275416296897,0.0509172656787486
4666,0.13211339246323178,0.1655349875066606,0.033421595043428814
4667,0.09652127637024699,0.1715813548436901,0.07506007847344312
4668,0.11272437257754322,0.18447808697868948,0.07175371440114625
4669,0.1281523342132659,0.2039208330927158,0.07576849887944989
4670,0.12525436909959156,0.21613052551667003,0.09087615641707847
4671,0.11888053229264096,0.22933725208829142,0.11045671979565046
4672,0.1101625079862314,0.1556072124442211,0.045444704457989704
4673,0.08962148473421863,0.15830871247029768,0.06868722773607905
4674,0.10920063179886376,0.18549332006287755,0.0762926882640138
4675,0.11986180949505447,0.18413888100974685,0.06427707151469238
4676,0.10099722361198785,0.18763215797128782,0.08663493435929998
4677,0.09100970583185261,0.1856609400074174,0.09465123417556479
4678,0.11215659222574625,0.2241099942817437,0.11195340205599744
4679,0.1215795480338066,0.19677776305602557,0.07519821502221896
4680,0.14115606608112533,0.1904743489960208,0.049318282914895484
4681,0.08130812299743795,0.11887590405239253,0.03756778105495458
4682,0.08229745031631058,0.12081796822632415,0.03852051791001357
4683,0.07454014635048131,0.104055751593507,0.029515605243025683
4684,0.07408446114117898,0.07786269847266783,0.003778237331488854
4685,0.09551578218047983,0.11206483519432149,0.016549053013841658
4686,0.09750395116761724,0.12824070315970018,0.030736751992082936
4687,0.09123355536233242,0.11554632783662812,0.024312772474295696
4688,0.06028061099375607,0.08678534475305733,0.026504733759301256
4689,0.07783398385330108,0.11057150387484448,0.0327375200215434
4690,0.10149811080510562,0.1369480995340883,0.03544998872898267
4691,0.0805573494149753,0.12414737261160197,0.043590023196626665
4692,0.06096286503838978,0.09326375147491014,0.03230088643652036
4693,0.054992420331133454,0.07855359901257586,0.023561178681442405
4694,0.06988409439537654,0.08006215457771909,0.010178060182342547
4695,0.09488468354226229,0.10882991104955482,0.013945227507292532
4696,0.06480259226192055,0.08940461027131266,0.024602018009392115
4697,0.11532530865194193,0.14171542783215987,0.02639011918021794
4698,0.10811095154932793,0.1482370217639656,0.04012607021463768
4699,0.10011942176111485,0.13930925077538114,0.03918982901426629
4700,0.12092473978385318,0.15288158907964167,0.031956849295788486
4701,0.10289801791327909,0.14354957952313882,0.040651561609859735
4702,0.12749827804426378,0.16688204895089154,0.03938377090662776
4703,0.14871169463924264,0.19177917008758716,0.04306747544834452
4704,0.12097888005955924,0.1601817027447363,0.039202822685177066
4705,0.14181633059489426,0.18769790471906247,0.04588157412416821
4706,0.17160774461800207,0.22524713498522617,0.053639390367224093
4707,0.1941106027996615,0.2553573286528115,0.061246725853150025
4708,0.16996796629178265,0.21683671247459207,0.04686874618280942
4709,0.13088906429487926,0.15799002845086535,0.02710096415598609
4710,0.1414860308321322,0.14327983645542736,0.0017938056232951471
4711,0.14526869990349162,0.14284991630854296,-0.0024187835949486536
4712,0.12572137962177873,0.12805245654432362,0.002331076922544889
4713,0.07320468436250213,0.0971362688306534,0.023931584468151273
4714,0.11123742207639764,0.09094426186442535,-0.02029316021197229
4715,0.09586675435125645,0.09031576887465784,-0.005550985476598616
4716,0.1150774513305597,0.10641880023324195,-0.008658651097317754
4717,0.10809794924408174,0.13047278665488082,0.022374837410799084
4718,0.2062211761399082,0.18038444898801567,-0.02583672715189253
4719,0.14401161824068326,0.13798502875458515,-0.006026589486098105
4720,0.1392532150480146,0.1554621319004656,0.01620891685245099
4721,0.1723245021039949,0.2178432793021428,0.045518777198147925
4722,0.1556314012862088,0.20369763451052847,0.04806623322431966
4723,0.1387198730860154,0.1850927648796404,0.046372891793625
4724,0.11007999099563544,0.16658183974744983,0.056501848751814396
4725,0.11280926610184032,0.1623271003486263,0.04951783424678598
4726,0.10411582447147423,0.08235584460564108,-0.021759979865833154
4727,0.16772694296875082,0.21015228172329672,0.042425338754545905
4728,0.14850317359908938,0.21368882514351567,0.06518565154442629
4729,0.14166905110678196,0.20257056230152815,0.06090151119474618
4730,0.08495095546879645,0.13635438761968255,0.051403432150886094
4731,0.055312895089874595,0.0885997045499981,0.03328680946012351
4732,0.054173876836048296,0.06406217266372054,0.009888295827672242
4733,0.0519309390384112,0.05340083396857174,0.0014698949301605382
4734,0.04926208703675476,0.05757460909860782,0.00831252206185306
4735,0.0561157473570325,0.07477658626761154,0.018660838910579035
4736,0.0881356812060164,0.10314418256386523,0.015008501357848827
4737,0.06482285829239712,0.08039055121687573,0.015567692924478613
4738,0.061949844402300586,0.07296893590323153,0.011019091500930944
4739,0.07448962811586735,0.013253392380312435,-0.06123623573555491
4740,0.05223703094201206,0.003499623277091612,-0.04873740766492045
4741,0.05761656235964969,0.011588042525194412,-0.04602851983445527
4742,0.061454999174347706,0.06287601530317247,0.0014210161288247605
4743,0.08135229760982644,0.055378699152315795,-0.025973598457510648
4744,0.07102842965040587,0.04519464791409408,-0.02583378173631179
4745,0.07889942991094677,0.17227351133095606,0.09337408142000929
4746,0.088308689161231,0.1747419972683823,0.0864333081071513
4747,0.1007792611006709,0.18323519159942592,0.08245593049875502
4748,0.10051363338370915,0.14086791474037147,0.040354281356662317
4749,0.10708879301676896,0.19002039170531593,0.08293159868854696
4750,0.11920659816495317,0.1961807117978894,0.07697411363293623
4751,0.12119844682339491,0.15566580498219032,0.03446735815879541
4752,0.12589485168219305,0.21462436515212205,0.088729513469929
4753,0.10478061590237972,0.2995034423962101,0.19472282649383035
4754,0.09364150231226646,0.254344117595613,0.1607026152833465
4755,0.10216465082842165,0.21715900789349007,0.11499435706506843
4756,0.0938175568493156,0.16051896603858407,0.06670140918926847
4757,0.13664570652223726,0.20021239022499102,0.06356668370275376
4758,0.13907306231468727,0.17414533233831705,0.03507227002362978
4759,0.09752987510573138,0.1847653067867704,0.087235431681039
4760,0.10118251306084891,0.1923209374835257,0.09113842442267678
4761,0.12874900467453118,0.17964683794533065,0.05089783327079947
4762,0.12297343352484218,0.18209368125771197,0.05912024773286979
4763,0.08342205363921813,0.12305911561512527,0.039637061975907134
4764,0.17175145694639068,0.16901437961702437,-0.0027370773293663164
4765,0.08269517667226275,0.10244377994698722,0.01974860327472447
4766,0.05147835711259983,0.07322847570087082,0.021750118588270993
4767,0.06575945330752436,0.0837348510300092,0.01797539772248484
4768,0.07788520393568213,0.06750216826281599,-0.010383035672866137
4769,0.09314500824154141,0.10875753812856986,0.01561252988702845
4770,0.11936283705098957,0.16176558265785157,0.042402745606862
4771,0.11837157600362923,0.16579082704934353,0.0474192510457143
4772,0.1143527136934753,0.1564138414847439,0.04206112779126861
4773,0.07645008731915641,0.11828071373542694,0.04183062641627053
4774,0.0704373225196562,0.09540118301216899,0.024963860492512785
4775,0.06610150948604562,0.0800718308281181,0.013970321342072475
4776,0.06084480335968072,0.08707088641396779,0.026226083054287072
4777,0.09089519183544477,0.11296511687960073,0.02206992504415596
4778,0.05577543800044419,0.08565632106214688,0.02988088306170269
4779,0.10396302634729841,0.14494701388925071,0.0409839875419523
4780,0.1064451112588739,0.14562881337915864,0.03918370212028474
4781,0.12569261466253864,0.18431136603943532,0.05861875137689668
4782,0.12560542392869148,0.16815722349284273,0.042551799564151255
4783,0.11945991987412961,0.16255851184655906,0.04309859197242945
4784,0.1308074896427351,0.17673867367169446,0.045931184028959376
4785,0.13999273607143164,0.1779998238752546,0.03800708780382295
4786,0.12202052662501199,0.16090802636261764,0.03888749973760565
4787,0.11844728887044469,0.16576712169900082,0.04731983282855613
4788,0.13814427475010801,0.18743340012090742,0.04928912537079941
4789,0.16232102839133541,0.2168432048336493,0.054522176442313885
4790,0.13494705177763708,0.17697251422648297,0.04202546244884589
4791,0.1137110237143516,0.10493382625625002,-0.008777197458101585
4792,0.16176317647152305,0.11039888098500185,-0.0513642954865212
4793,0.14956294204691564,0.119890237864032,-0.029672704182883647
4794,0.08148160559612458,0.09769085059016291,0.016209244994038335
4795,0.08529419184489728,0.08752444965885074,0.0022302578139534596
4796,0.08821578235066854,0.10308069092591056,0.014864908575242017
4797,0.11387360154358027,0.14222564430812376,0.028352042764543492
4798,0.13962001624976905,0.15520990327912287,0.015589887029353822
4799,0.2019421740501423,0.1419754242227154,-0.05996674982742692
4800,0.2569005987815935,0.1634102221982068,-0.09349037658338669
4801,0.17310076359226684,0.1462616488814528,-0.026839114710814044
4802,0.1112145626487232,0.14985113641182352,0.03863657376310031
4803,0.10727403446609453,0.1368502604744519,0.029576226008357367
4804,0.10697413690964543,0.11893619671212471,0.011962059802479288
4805,0.12246254021361205,0.15655235004154008,0.03408980982792803
4806,0.12255887891683813,0.16990798223367473,0.0473491033168366
4807,0.1470989018602464,0.18434710510396027,0.03724820324371386
4808,0.11213373068400137,0.06329419409754092,-0.04883953658646045
4809,0.2090969664273137,0.22388428494324367,0.01478731851592996
4810,0.16968114928582692,0.29530885650138133,0.1256277072155544
4811,0.14661745170329984,0.23247032831380748,0.08585287661050764
4812,0.07971722485660565,0.13656211518797348,0.05684489033136783
4813,0.1008592340043126,0.13129685255882478,0.030437618554512186
4814,0.06255959171925006,0.07539357607057448,0.01283398435132442
4815,0.057585819605580214,0.07206253076512459,0.014476711159544374
4816,0.052259326835489,0.06151131575694527,0.009251988921456268
4817,0.04484029840672472,0.058951269055269505,0.014110970648544788
4818,0.047131420616864046,0.05149940781626255,0.0043679871993985014
4819,0.05927311080249655,0.06367865225307712,0.004405541450580565
4820,0.09090802265666739,0.019827446645895603,-0.07108057601077179
4821,0.09881182475902898,0.03316311815358476,-0.06564870660544422
4822,0.10854334806395217,0.17252005189989458,0.06397670383594241
4823,0.10403001917595801,0.158495798423588,0.05446577924762998
4824,0.11642575754133035,0.1902694958167572,0.07384373827542685
4825,0.08267719589319207,0.15414318213754097,0.0714659862443489
4826,0.09442459811425807,0.13853191862719577,0.0441073205129377
4827,0.09741910125646323,0.09968736210526206,0.002268260848798831
4828,0.09856873881871468,0.14696270112969229,0.048393962310977603
4829,0.09215639460421896,0.26282470498375593,0.17066831037953697
4830,0.09339161081089142,0.264693587266368,0.17130197645547657
4831,0.1107664752246806,0.29488483172116114,0.18411835649648056
4832,0.11704311069103356,0.31886755513609594,0.20182444444506237
4833,0.11504917218301171,0.22381066354339738,0.10876149136038567
4834,0.11681392035978307,0.2364774062936498,0.11966348593386673
4835,0.10475696887061417,0.19530661056219661,0.09054964169158244
4836,0.1226661529048681,0.20211878844136824,0.07945263553650014
4837,0.12839708182113646,0.18673978695951676,0.0583427051383803
4838,0.12088769792967709,0.19240661838239034,0.07151892045271326
4839,0.09710008004824426,0.13180541580766778,0.034705335759423514
4840,0.1791687650566696,0.12444595207427216,-0.05472281298239744
4841,0.04780816878317222,0.05257120734434341,0.00476303856117119
4842,0.06808971561412848,0.051705206426664777,-0.016384509187463703
4843,0.10182934566591688,0.0925529702973378,-0.009276375368579073
4844,0.10874902492239759,0.11753923416551623,0.008790209243118643
4845,0.13525823508386473,0.17691515001044886,0.04165691492658413
4846,0.13200520974224553,0.1871291931153455,0.05512398337309998
4847,0.14006034141789514,0.19858769644375862,0.05852735502586348
4848,0.14314934415494202,0.1822617923741279,0.039112448219185886
4849,0.1031859814735808,0.1288123512525928,0.025626369779012004
4850,0.08957653076551728,0.1275397179226373,0.03796318715712002
4851,0.08194405784301435,0.11403638713793149,0.032092329294917135
4852,0.061403758701577146,0.09302488144573691,0.03162112274415976
4853,0.08797131585697998,0.12031752414733171,0.03234620829035173
4854,0.07149002084498057,0.10375241627583982,0.03226239543085925
4855,0.10398196015477472,0.13969238910701448,0.03571042895223976
4856,0.13554390250906787,0.19900797073082543,0.06346406822175757
4857,0.11943814394542351,0.19719063849367838,0.07775249454825486
4858,0.14925081148663014,0.23744170776746407,0.08819089628083393
4859,0.14709309430739814,0.2056721444403839,0.058579050132985755
4860,0.12188192177455182,0.16533297160504778,0.04345104983049597
4861,0.1390600258146299,0.17498342547419607,0.035923399659566174
4862,0.15443957031418618,0.2017451693237549,0.04730559900956874
4863,0.14089441046802334,0.19206100374130256,0.051166593273279215
4864,0.1563451514138569,0.21374204672780056,0.05739689531394365
4865,0.19891956677890704,0.2933788192225565,0.09445925244364944
4866,0.21469574762042123,0.2243716871173857,0.009675939496964464
4867,0.1414438385643125,0.11905576591632806,-0.02238807264798444
4868,0.13114108463660387,0.10447661379149951,-0.026664470845104357
4869,0.10276081167275604,0.0856207215129564,-0.017140090159799642
4870,0.07326846495836598,0.08150903820818614,0.008240573249820166
4871,0.06966972312671758,0.07671851432495433,0.007048791198236745
4872,0.11034697426281444,0.13792969356730886,0.02758271930449442
4873,0.2354331976238156,0.22558296087151836,-0.009850236752297237
4874,0.27349973811958916,0.2075824768347301,-0.06591726128485906
4875,0.2287477349533519,0.10838742374086392,-0.12036031121248798
4876,0.25071940200202003,0.20518411362891084,-0.04553528837310919
4877,0.1594352565053092,0.18491259467602955,0.025477338170720343
4878,0.12438633408854792,0.14154555062543367,0.01715921653688575
4879,0.2163448465495068,0.1426154131267173,-0.07372943342278951
4880,0.17995977043092196,0.15817246851430855,-0.021787301916613405
4881,0.1426017789586969,0.16457018656005104,0.02196840760135413
4882,0.11068388373522313,0.16106611586637717,0.050382232131154045
4883,0.13205553237441314,0.18473919602714983,0.05268366365273669
4884,0.19217100742832352,0.19194833423834914,-0.00022267318997437613
4885,0.13004907143146208,0.1284225446798394,-0.00162652675162267
4886,0.15841347437415318,0.22329352728226037,0.0648800529081072
4887,0.07011148263261496,0.12119485417467378,0.05108337154205882
4888,0.09962174515951257,0.1355899070659691,0.03596816190645653
4889,0.1267056058775303,0.16883096801194145,0.04212536213441115
4890,0.060441846910604044,0.08740304480159765,0.026961197890993605
4891,0.06385046236660706,0.06526110077467409,0.0014106384080670303
4892,0.056396608443831084,0.052670596869498376,-0.0037260115743327077
4893,0.04600585692359619,0.049031460428720704,0.0030256035051245134
4894,0.05011288988310699,0.06346334015458854,0.013350450271481552
4895,0.05290376261841802,0.059622188356409374,0.006718425737991356
4896,0.05329863498582883,0.06419475257759023,0.0108961175917614
4897,0.11627862263692863,0.22070314950159317,0.10442452686466454
4898,0.10466565372921176,0.19657378059208244,0.09190812686287068
4899,0.1421170085055809,0.2618900975479947,0.1197730890424138
4900,0.08289733350363303,0.19370600252247927,0.11080866901884624
4901,0.08995248300769138,0.20253897098845217,0.11258648798076079
4902,0.09042335578760165,0.17818706118462724,0.08776370539702559
4903,0.0826320006107354,0.17488731363445073,0.09225531302371533
4904,0.09249223499771488,0.18087961900077498,0.08838738400306011
4905,0.09215167425577066,0.2001114334294872,0.10795975917371654
4906,0.11384061587122371,0.27771979831257626,0.16387918244135255
4907,0.21280229540449722,0.2721255846544218,0.05932328924992461
4908,0.12413723232640822,0.2442464217364662,0.12010918941005799
4909,0.11043618230145075,0.19093670236011012,0.08050052005865937
4910,0.10485004067862658,0.22176525583251355,0.11691521515388698
4911,0.1437240286892461,0.23521687191601415,0.09149284322676804
4912,0.10521566310417751,0.1625442420140264,0.05732857890984888
4913,0.10918659615759108,0.15960417441279395,0.05041757825520288
4914,0.0741275130237897,0.10566249321715326,0.031534980193363565
4915,0.08779391039114415,0.1079983803996118,0.02020447000846766
4916,0.0786313519623756,0.09861854516790224,0.019987193205526638
4917,0.09077393622278064,0.11412916955748488,0.02335523333470424
4918,0.10890778457051684,0.11530147191404301,0.006393687343526175
4919,0.1482705246994989,0.1167838792221496,-0.03148664547734929
4920,0.13762800605108672,0.18288388855198484,0.045255882500898126
4921,0.11543167345970351,0.16368300989461995,0.04825133643491644
4922,0.1370086775520038,0.19062473317079684,0.05361605561879304
4923,0.1639060246448247,0.23208640029753846,0.06818037565271376
4924,0.13897036954307246,0.169178798703266,0.030208429160193534
4925,0.14067865378485758,0.19480402993150547,0.05412537614664789
4926,0.11535800869943544,0.15555198444856796,0.04019397574913253
4927,0.08111636881906487,0.11496702456388387,0.033850655744819005
4928,0.09461389732568919,0.12968524741871262,0.03507135009302344
4929,0.09328823151766517,0.14971082220141657,0.0564225906837514
4930,0.09191043187220978,0.15044126390991677,0.058530832037706995
4931,0.17631748827436375,0.23902725650032058,0.06270976822595684
4932,0.14393748276808072,0.23472825811381637,0.09079077534573565
4933,0.2065736290169607,0.27573473407298804,0.06916110505602735
4934,0.20842257895349323,0.23669349959262004,0.028270920639126812
4935,0.13287804144401524,0.153252872284355,0.020374830840339753
4936,0.13960427783586815,0.15339506094350525,0.013790783107637095
4937,0.15831199599231663,0.2055341907706124,0.047222194778295784
4938,0.180536847575113,0.24123594900016293,0.06069910142504992
4939,0.11983463884506729,0.167734947777525,0.047900308932457725
4940,0.11693421028654191,0.1730890763340292,0.05615486604748729
4941,0.14840799070182822,0.1611337301770586,0.012725739475230369
4942,0.07651162005704691,0.105776626389373,0.029265006332326093
4943,0.09246510041052985,0.11445122019948374,0.021986119788953887
4944,0.08718285028632373,0.1009744849432909,0.013791634656967158
4945,0.07321493862778218,0.07374388273305287,0.0005289441052706845
4946,0.07048211598352296,0.06551126556709395,-0.004970850416429001
4947,0.0756841656337646,0.10165338271021214,0.025969217076447546
4948,0.09738992544665205,0.13165714995161037,0.034267224504958324
4949,0.14412394086548247,0.10872304254893572,-0.03540089831654675
4950,0.20446054601884803,0.13262487388817276,-0.07183567213067527
4951,0.20413245130354438,0.1953182452779941,-0.008814206025550275
4952,0.13982171959101408,0.149952153155878,0.010130433564863928
4953,0.17617709680558194,0.19105486919613857,0.014877772390556626
4954,0.20272575520146124,0.21620017332755972,0.01347441812609848
4955,0.13659490746010614,0.15339287034870747,0.01679796288860133
4956,0.11329446224403267,0.1215077906245011,0.008213328380468427
4957,0.08686210098039596,0.12514733213226512,0.03828523115186916
4958,0.130287723245014,0.17334634220424094,0.04305861895922694
4959,0.20381232962325774,0.216358050295918,0.012545720672660271
4960,0.22998770482464678,0.20883659429833215,-0.02115111052631463
4961,0.08722550644640963,0.09263241648154663,0.005406910035137005
4962,0.06317329607014993,0.09900780220509446,0.03583450613494453
4963,0.13501976360551546,0.13965139700848803,0.004631633402972568
4964,0.1526485518207019,0.12677788205761387,-0.025870669763088022
4965,0.06120737419253019,0.0721831703527796,0.010975796160249414
4966,0.06281483562740628,0.07789231277012229,0.015077477142716011
4967,0.06197384096633556,0.07551554020486523,0.013541699238529666
4968,0.05672069005765077,0.061533973949004006,0.004813283891353236
4969,0.05485711579879241,0.06529455718385574,0.010437441385063327
4970,0.0525893983588084,0.06413738864656081,0.011547990287752406
4971,0.05984746889785249,0.07668983418963006,0.016842365291777572
4972,0.08870345903134588,0.1939032837903642,0.10519982475901832
4973,0.11836134492491904,0.2592555332930208,0.14089418836810177
4974,0.09299166459637476,0.24406717217231702,0.15107550757594226
4975,0.09611163521839179,0.19062198717561596,0.09451035195722417
4976,0.08581473205591231,0.20596240448489259,0.12014767242898028
4977,0.09241571897258999,0.20403481562724696,0.11161909665465697
4978,0.08810687028521322,0.19309860328036887,0.10499173299515566
4979,0.09038858710837173,0.21877565225552126,0.12838706514714954
4980,0.09757320889912337,0.26021117098828606,0.1626379620891627
4981,0.14032535136834184,0.23747847934029,0.09715312797194817
4982,0.12271198956601714,0.20484922399557645,0.08213723442955931
4983,0.1150999943713978,0.1751049116318825,0.060004917260484694
4984,0.11933224658297238,0.20589059851983527,0.08655835193686288
4985,0.12667373279286312,0.26290372525177436,0.13622999245891124
4986,0.12108900499883941,0.1886486770418904,0.06755967204305098
4987,0.10935235632719852,0.1449703488521669,0.035617992524968375
4988,0.12462023222296918,0.17647974737740207,0.05185951515443289
4989,0.10176192953269803,0.1363837101185837,0.034621780585885664
4990,0.10455600489733742,0.12569920436670967,0.02114319946937225
4991,0.08991481761819503,0.11786260969699815,0.027947792078803116
4992,0.10672370841870953,0.1310452495542474,0.024321541135537875
4993,0.10189683817424998,0.14396690861808195,0.04207007044383197
4994,0.07939333955616164,0.11836358706960526,0.03897024751344362
4995,0.07510365090552874,0.1149618071895751,0.03985815628404636
4996,0.08369881980980048,0.13246969374931175,0.04877087393951127
4997,0.09976253739265716,0.1495754358137124,0.049812898421055254
4998,0.15838597900269333,0.1748136026041473,0.016427623601453972
4999,0.1508991769803615,0.21081928618457801,0.059920109204216504
5000,0.13492893573613127,0.1807112979362529,0.045782362200121635
5001,0.12887936946310027,0.17299228877796824,0.044112919314867965
5002,0.12380533066609846,0.17493813900485214,0.05113280833875368
5003,0.12443779469706842,0.22627399193349404,0.10183619723642562
5004,0.12833329047046602,0.21763390532032525,0.08930061484985924
5005,0.20719062575737757,0.27359460083262216,0.06640397507524459
5006,0.18089717558111945,0.25720531348962733,0.07630813790850788
5007,0.17689363929316493,0.19920287840597697,0.022309239112812046
5008,0.14985973004545003,0.21595865756077967,0.06609892751532964
5009,0.13503918592896716,0.17580502283893998,0.04076583690997282
5010,0.1455951928116056,0.15822183574284784,0.012626642931242243
5011,0.17799108751896198,0.20754990418009858,0.029558816661136605
5012,0.1692565567530004,0.2221464905590755,0.05288993380607512
5013,0.14159705019038457,0.19423975975269553,0.05264270956231096
5014,0.0901782092122334,0.13580582611455952,0.04562761690232611
5015,0.10230004372051028,0.15542909948651462,0.05312905576600434
5016,0.08451164218235373,0.11753880335362685,0.03302716117127312
5017,0.07903230373874642,0.09696160769657262,0.0179293039578262
5018,0.09875701275946279,0.1036844109213728,0.004927398161910013
5019,0.08871171980203656,0.10698378596111498,0.01827206615907842
5020,0.08576358112233419,0.11059523198381573,0.024831650861481536
5021,0.08838532671161979,0.12362904795519457,0.03524372124357478
5022,0.09696689372289324,0.13135913242606218,0.03439223870316893
5023,0.1036867066786296,0.12074829538368433,0.017061588705054725
5024,0.11228473687683801,0.13091827075003243,0.018633533873194413
5025,0.12282755136948467,0.13108906702490689,0.008261515655422214
5026,0.11472394980977497,0.12752746348658348,0.0128035136768085
5027,0.13392071641665032,0.18083376331596554,0.04691304689931522
5028,0.10315883810713147,0.13693810696273193,0.03377926885560045
5029,0.06979473290071632,0.09677748911805811,0.026982756217341794
5030,0.06619459217755021,0.09527616104924451,0.029081568871694302
5031,0.07333937678459923,0.10016579353482426,0.026826416750225027
5032,0.22369542347804888,0.2133751664063126,-0.010320257071736283
5033,0.21067870230413416,0.22809754324159942,0.017418840937465263
5034,0.13597576054989796,0.1228802383379257,-0.013095522211972258
5035,0.09850283840612027,0.09273268400307388,-0.0057701544030463875
5036,0.0915961991347322,0.11618577068873143,0.024589571553999226
5037,0.13701515962150235,0.12407345080883646,-0.012941708812665889
5038,0.19199856276541147,0.08397592987385895,-0.10802263289155252
5039,0.08460201655413736,0.08507431614552599,0.000472299591388628
5040,0.06391786231076635,0.08050670181954789,0.01658883950878154
5041,0.06242856207543312,0.07559446624171244,0.013165904166279323
5042,0.07121452150494674,0.07544715060223868,0.00423262909729194
5043,0.05690870201659766,0.07231847708887015,0.015409775072272494
5044,0.05924047351559754,0.06768098472632217,0.00844051121072463
5045,0.11087490007061224,0.24127707723344727,0.13040217716283503
5046,0.11461870567526218,0.22484788248430979,0.1102291768090476
5047,0.11804215029741096,0.1920335209468541,0.07399137064944315
5048,0.10011696329253873,0.22786290852591348,0.12774594523337474
5049,0.10446769535811588,0.17478527374197483,0.07031757838385895
5050,0.10618860444419223,0.22987568982108772,0.12368708537689549
5051,0.09649059634330294,0.2993286142081096,0.20283801786480665
5052,0.08854173779415069,0.3573540453980655,0.2688123076039148
5053,0.12708512950943968,0.287486168237578,0.16040103872813832
5054,0.13661163619641778,0.20495569398923535,0.06834405779281758
5055,0.12512689205627434,0.17971430092729251,0.05458740887101818
5056,0.12017733254377215,0.18212745579323605,0.061950123249463904
5057,0.11337846202368553,0.219115758537621,0.10573729651393547
5058,0.13405214730672962,0.19665931249697016,0.06260716519024054
5059,0.09924176905265084,0.14923250521833598,0.04999073616568514
5060,0.10475872430415205,0.1588354918093893,0.05407676750523725
5061,0.11509134240701754,0.1593969796960325,0.04430563728901496
5062,0.11556285745539764,0.148903103538942,0.03334024608354437
5063,0.1105969079510803,0.1483740983371816,0.03777719038610129
5064,0.10689655008768315,0.12939853894548314,0.022501988857799998
5065,0.0760487522527512,0.11872803509864106,0.04267928284588986
5066,0.07058300766326644,0.1068537272685329,0.036270719605266455
5067,0.07348111872519725,0.10539296184842126,0.03191184312322401
5068,0.07591111290031503,0.1167332741679981,0.040822161267683066
5069,0.0876626324576186,0.12665732844402236,0.03899469598640376
5070,0.12284116726409272,0.1784066222819337,0.05556545501784099
5071,0.09720053115822325,0.13160498285558364,0.034404451697360394
5072,0.1228323293193313,0.1714278601822552,0.0485955308629239
5073,0.12342315761394107,0.18926641458868562,0.06584325697474455
5074,0.13648623929778972,0.21382780526600484,0.07734156596821512
5075,0.12962897053741215,0.2506487810602372,0.12101981052282504
5076,0.20711601133023,0.30209985760294017,0.09498384627271017
5077,0.18067517192192958,0.24341637564140692,0.06274120371947733
5078,0.13337846937712464,0.17881836646605867,0.045439897088934034
5079,0.115884460615156,0.16728855718521055,0.05140409657005454
5080,0.12891514670241225,0.1691497503042909,0.040234603601878666
5081,0.13651232578085631,0.16416950389155993,0.027657178110703617
5082,0.16021436996129862,0.20545532251152201,0.045240952550223396
5083,0.1322229680667504,0.1800403970230167,0.047817428956266284
5084,0.1578003718536939,0.19076538151352657,0.03296500965983268
5085,0.09683913954898218,0.13187870047533698,0.035039560926354796
5086,0.13565198841459478,0.15903039344762154,0.023378405033026767
5087,0.11743966431764302,0.1775402645782497,0.06010060026060668
5088,0.09861737860484185,0.14508618221586617,0.04646880361102432
5089,0.08158471918122502,0.10385028546986588,0.022265566288640862
5090,0.10116243125415222,0.12760693746413485,0.02644450620998262
5091,0.09590603581327327,0.12753397116431223,0.03162793535103896
5092,0.09768342380722626,0.12882786963264042,0.03114444582541416
5093,0.12616500293479707,0.16246899619579422,0.03630399326099715
5094,0.08110930606597459,0.12101674792208326,0.03990744185610867
5095,0.10098752704901447,0.13166463435023196,0.03067710730121749
5096,0.1158406020371868,0.13519240973434943,0.019351807697162632
5097,0.12515937267396307,0.14586659758145165,0.02070722490748858
5098,0.10038588750501362,0.12229424644707823,0.02190835894206461
5099,0.08730457205498192,0.11519261358206688,0.02788804152708496
5100,0.09825564477292764,0.12398264446993819,0.025726999697010547
5101,0.1287688179664611,0.13588203022939965,0.00711321226293854
5102,0.11826178288574388,0.15731948971466994,0.039057706828926064
5103,0.11507688338568342,0.142580759859748,0.027503876474064576
5104,0.17253694854599,0.19473296285605698,0.022196014310066986
5105,0.1280062669559358,0.16642121015936784,0.03841494320343203
5106,0.06484101234315222,0.047207520668244574,-0.017633491674907645
5107,0.13646691771050642,0.1268513314750681,-0.009615586235438317
5108,0.08841745377199924,0.11244661501450282,0.02402916124250358
5109,0.11775859268473493,0.16374301085787552,0.045984418173140584
5110,0.12467684496598211,0.17601055021245188,0.05133370524646977
5111,0.09334825196977557,0.11408458004430425,0.020736328074528673
5112,0.05533481916431333,0.08064986723107442,0.025315048066761096
5113,0.06320538880935386,0.08619609733699773,0.02299070852764387
5114,0.06763815734228175,0.07307560494097227,0.005437447598690526
5115,0.06156030309380104,0.07664789218763479,0.015087589093833752
5116,0.11705841047183732,0.2048686111778245,0.08781020070598719
5117,0.1013301196622476,0.1977029802531085,0.0963728605908609
5118,0.09358845129116584,0.16772261927158427,0.07413416798041843
5119,0.10938470858624398,0.20525920976266998,0.095874501176426
5120,0.1327792871070194,0.2563093482965783,0.12353006118955892
5121,0.10780579518154777,0.2263185791357952,0.11851278395424743
5122,0.11285582569012538,0.2740597310175063,0.16120390532738094
5123,0.13400582698227043,0.2976790761303094,0.163673249148039
5124,0.11180852289587544,0.2702757435373816,0.15846722064150615
5125,0.13585351893473613,0.272062084182928,0.13620856524819186
5126,0.09024670164981588,0.1565358001348262,0.06628909848501033
5127,0.11124461990573631,0.17766434514457258,0.06641972523883627
5128,0.1268836295927721,0.2039270787095182,0.0770434491167461
5129,0.12810042724458576,0.21473904427716878,0.08663861703258302
5130,0.11314656154648667,0.17654040234380391,0.06339384079731725
5131,0.09467223968426512,0.1435529003795261,0.048880660695260966
5132,0.09808714363703293,0.1490752279534248,0.05098808431639186
5133,0.09532935466068301,0.1473818903097344,0.05205253564905138
5134,0.12203071251256203,0.15607280506696,0.03404209255439797
5135,0.1257726569700669,0.18441978932445327,0.05864713235438637
5136,0.14506712777348832,0.18462910310921937,0.03956197533573105
5137,0.10048903953850678,0.1456326643877627,0.04514362484925592
5138,0.07716143793752844,0.11405521194961334,0.03689377401208489
5139,0.07279225637672565,0.10899725637344944,0.03620499999672379
5140,0.0783852659313234,0.1231667857342028,0.044781519802879394
5141,0.09965434895803835,0.15936129317272155,0.0597069442146832
5142,0.11698040442485139,0.20460571715217968,0.08762531272732829
5143,0.11877087264217127,0.20632395967730083,0.08755308703512955
5144,0.11193589350818428,0.18266792456893322,0.07073203106074893
5145,0.13604576331517437,0.22286181431048854,0.08681605099531417
5146,0.1333962724496386,0.21861591612036646,0.08521964367072787
5147,0.1512081600701872,0.2274110741028539,0.07620291403266671
5148,0.15806728209268012,0.25507136977454514,0.09700408768186503
5149,0.14543912618407323,0.18985586515070882,0.04441673896663559
5150,0.12187570774360872,0.16196270679399274,0.04008699905038403
5151,0.13389438092429845,0.17652896351552602,0.04263458259122757
5152,0.11041196615885746,0.15029704655527623,0.039885080396418776
5153,0.12181755028615512,0.16650923853985558,0.04469168825370046
5154,0.14113628412250873,0.17938404095193658,0.038247756829427854
5155,0.14686910494960023,0.19949931829519882,0.05263021334559859
5156,0.14974714000672992,0.19255783486356187,0.04281069485683195
5157,0.08413964710057686,0.1370560249593543,0.052916377858777425
5158,0.1325793251413559,0.16697008084862777,0.034390755707271875
5159,0.10966216279532663,0.15302386003087465,0.043361697235548016
5160,0.1105381203367077,0.15185629791956934,0.041318177582861645
5161,0.1016519008611757,0.1106467489163361,0.00899484805516039
5162,0.07335197209446498,0.10521961765059058,0.031867645556125604
5163,0.10233358272162951,0.14038647228279194,0.03805288956116243
5164,0.13872362162668284,0.16761653864161616,0.028892917014933323
5165,0.1435611433381436,0.1519939370139575,0.008432793675813899
5166,0.08090097976594805,0.09958252503746104,0.018681545271512986
5167,0.05732015631309806,0.08586475349261284,0.028544597179514783
5168,0.08770467421842844,0.10644408083935111,0.018739406620922675
5169,0.10639129232672222,0.11964411765732581,0.013252825330603596
5170,0.12772477988410633,0.15780496896706667,0.03008018908296034
5171,0.10548134506385724,0.1245209199321726,0.019039574868315354
5172,0.184634568612908,0.18815660934741002,0.003522040734502019
5173,0.1480243329980982,0.14464374156683962,-0.0033805914312585728
5174,0.08724904081028968,0.12736362214949007,0.040114581339200386
5175,0.12727461151977326,0.21217882963255397,0.0849042181127807
5176,0.13277418062012267,0.17083687942027082,0.03806269880014815
5177,0.058143712853469254,0.03956181461551952,-0.018581898237949736
5178,0.10609518634677507,0.11258309730007275,0.006487910953297676
5179,0.15861396679036444,0.13459417164321116,-0.024019795147153272
5180,0.12289315277206965,0.1579974406380357,0.03510428786596605
5181,0.10595266778004493,0.12663592339685112,0.020683255616806187
5182,0.10073175815683132,0.1500675914027958,0.04933583324596448
5183,0.07218734584074159,0.09718762607502965,0.02500028023428806
5184,0.0675396086660608,0.08740304136625558,0.019863432700194777
5185,0.0664838619265806,0.07995204077586121,0.013468178849280615
5186,0.07593917327281839,0.08737784348238914,0.011438670209570748
5187,0.07995140071159638,0.1913122161278144,0.11136081541621802
5188,0.09730748863854825,0.2027600905542369,0.10545260191568866
5189,0.09611573250022322,0.20123087893233388,0.10511514643211066
5190,0.11054238770374543,0.19961549469033688,0.08907310698659145
5191,0.10621950958527367,0.19639973291096285,0.09018022332568919
5192,0.09434729150807972,0.17089665712871452,0.0765493656206348
5193,0.1094974414344139,0.2087473085684533,0.09924986713403941
5194,0.11658738663818759,0.2867064617848562,0.17011907514666863
5195,0.12639892811680825,0.23098569457112714,0.10458676645431889
5196,0.1273195903069905,0.2851617216817014,0.1578421313747109
5197,0.12132889934381066,0.22884941692778038,0.10752051758396972
5198,0.12370907971272492,0.20986113453356448,0.08615205482083955
5199,0.09385678866282748,0.17389657427312977,0.08003978561030228
5200,0.11749207942566674,0.22745225064878852,0.10996017122312178
5201,0.12123581073518047,0.2234602796092482,0.10222446887406772
5202,0.1157262895632116,0.20981531658138775,0.09408902701817615
5203,0.10746414989172753,0.1966219747944638,0.08915782490273627
5204,0.1046222365937917,0.16440194205167855,0.05977970545788684
5205,0.12499256487897019,0.1960302434635469,0.0710376785845767
5206,0.15016619053617292,0.23605478439703725,0.08588859386086434
5207,0.13061592727485527,0.19601093878700845,0.06539501151215318
5208,0.13012271206080814,0.22531880736403398,0.09519609530322584
5209,0.1156880341396467,0.19322768499127613,0.07753965085162942
5210,0.09091496583819937,0.18731283565538936,0.09639786981719
5211,0.12251037231424079,0.25119472417762423,0.12868435186338345
5212,0.1396641044059609,0.2791936609813188,0.13952955657535793
5213,0.1415887104807408,0.2480381767578778,0.106449466277137
5214,0.1551253909320636,0.268490935018354,0.11336554408629043
5215,0.10174375445981602,0.1579399419339449,0.05619618747412887
5216,0.11444324241421291,0.17465572511799057,0.06021248270377766
5217,0.09766992445411647,0.1357978129026948,0.038127888448578326
5218,0.10618849194629645,0.12299861376009635,0.0168101218137999
5219,0.11010330823322381,0.1774673640818555,0.0673640558486317
5220,0.13071070970210105,0.2174398612493152,0.08672915154721414
5221,0.1317297054060101,0.1857317467135593,0.05400204130754921
5222,0.1277950967660307,0.14597727846039596,0.01818218169436525
5223,0.10180290833388658,0.12172495692949085,0.019922048595604272
5224,0.1317526599157303,0.14172738581377012,0.009974725898039827
5225,0.12390217942656512,0.14709509564589052,0.0231929162193254
5226,0.1231139500354978,0.14423943365907807,0.02112548362358027
5227,0.12113699300211783,0.16920123338354773,0.048064240381429896
5228,0.10742490253029499,0.17810638544059762,0.07068148291030263
5229,0.07612491662427814,0.1091792173036555,0.033054300679377355
5230,0.074383609323425,0.11068113578722671,0.036297526463801716
5231,0.07200432586948918,0.0948944978628588,0.022890171993369623
5232,0.0846013073338688,0.0839049875174126,-0.0006963198164561951
5233,0.08631651727787482,0.1098694100655432,0.02355289278766838
5234,0.1431603516627551,0.16608209869402094,0.022921747031265843
5235,0.19326766760753736,0.22911549051556146,0.0358478229080241
5236,0.07855635821216755,0.10717652225848569,0.028620164046318133
5237,0.07102224459122992,0.08829971334108781,0.01727746874985789
5238,0.07207587369855194,0.09203787923854696,0.019962005539995026
5239,0.06322519774146951,0.08263423224812214,0.019409034506652628
5240,0.06065713810463447,0.08339208140017765,0.02273494329554318
5241,0.05622356353141178,0.08659951839392788,0.030375954862516097
5242,0.08833397312337161,0.10534816225065588,0.017014189127284265
5243,0.1777797633766231,0.205990289702097,0.02821052632547391
5244,0.13841223061106964,0.18169394712636064,0.043281716515291
5245,0.09210069059166397,0.14116961906752537,0.049068928475861404
5246,0.1726827242407559,0.22187979578722034,0.04919707154646444
5247,0.09854890666349948,0.10999322024812501,0.011444313584625526
5248,0.11383777666845664,0.15382489750004855,0.03998712083159191
5249,0.10638658951613437,0.15800023535816426,0.05161364584202989
5250,0.14565510020319475,0.17826493978041277,0.032609839577218025
5251,0.14319330530886587,0.19766926282268862,0.054475957513822754
5252,0.1291921208633775,0.16556741145559123,0.03637529059221373
5253,0.08245633354426757,0.18513788577258453,0.10268155222831696
5254,0.09506392955720926,0.23037994518280658,0.1353160156255973
5255,0.10749431802362719,0.2509587407583905,0.14346442273476329
5256,0.10965076190053448,0.19441669037127085,0.08476592847073637
5257,0.09634777361823114,0.17997251045928134,0.08362473684105019
5258,0.1068336135238282,0.21436496582449419,0.10753135230066599
5259,0.1030098364435926,0.2263158822623922,0.12330604581879959
5260,0.10105922696910974,0.25763212676634023,0.1565728997972305
5261,0.11922093839707713,0.32527392117166054,0.2060529827745834
5262,0.10694677745965725,0.33010666885315515,0.2231598913934979
5263,0.11061264743888177,0.22989539452400357,0.11928274708512179
5264,0.1357450397677519,0.22559523865235517,0.08985019888460327
5265,0.14710116546377333,0.23795428595763113,0.0908531204938578
5266,0.11817007422048481,0.21273213916686434,0.09456206494637953
5267,0.10614657528601179,0.24956269308762835,0.14341611780161656
5268,0.0937138513094512,0.23670442665099464,0.14299057534154344
5269,0.08240315450688379,0.17864682332075146,0.09624366881386767
5270,0.10452638400544619,0.19392492727458158,0.08939854326913539
5271,0.10516253772195631,0.22047125941412277,0.11530872169216645
5272,0.10929938369538518,0.21435586723893094,0.10505648354354576
5273,0.10309392531530992,0.1887236802427308,0.08562975492742089
5274,0.12747404002711582,0.2884543778125914,0.1609803377854756
5275,0.12411065713069652,0.2986211277774466,0.17451047064675007
5276,0.12289341267402293,0.2627617496922316,0.13986833701820867
5277,0.15078234122743853,0.2991816391554859,0.14839929792804737
5278,0.1488957766631581,0.30330191865407624,0.15440614199091815
5279,0.1545620909865944,0.2424223777790009,0.08786028679240651
5280,0.1421136177409957,0.21563196632725853,0.07351834858626283
5281,0.10727254909385947,0.15531900627504505,0.04804645718118558
5282,0.1140050811866216,0.1539699465228879,0.039964865336266295
5283,0.08814726233487392,0.1275693263086499,0.03942206397377597
5284,0.09025414150271105,0.13731714159847558,0.04706300009576453
5285,0.1421332787992312,0.23068258466292707,0.08854930586369586
5286,0.10994673025371683,0.17954013361224655,0.06959340335852972
5287,0.08441055048657355,0.132366321920071,0.047955771433497454
5288,0.12830356603435453,0.15994908738901953,0.031645521354665
5289,0.12496132213579467,0.1544984113461178,0.029537089210323136
5290,0.14516234347075435,0.11444311025776445,-0.030719233212989902
5291,0.11399997111659368,0.12407102513345078,0.010071054016857095
5292,0.10304059635210841,0.12156236626364847,0.01852176991154006
5293,0.09136054719831059,0.1359607998337321,0.044600252635421514
5294,0.07188467186828534,0.10657065825266542,0.03468598638438007
5295,0.06726600592872486,0.09123010332582612,0.02396409739710126
5296,0.0672938121231012,0.11117086503713933,0.04387705291403812
5297,0.06921418970438704,0.08606421574761555,0.016850026043228508
5298,0.06743055506533448,0.07479144626338825,0.007360891198053776
5299,0.06531335953443036,0.08518807613706504,0.01987471660263468
5300,0.09367237795736386,0.11843593277948826,0.024763554822124403
5301,0.12877715287208077,0.1651542113302708,0.03637705845819003
5302,0.06960795662531291,0.09203607215324426,0.02242811552793135
5303,0.0565402900684709,0.08573023857409744,0.029189948505626534
5304,0.0659202630352559,0.08889294477264231,0.02297268173738641
5305,0.05755580676622565,0.08414511035206428,0.026589303585838622
5306,0.06707602689588804,0.0990805103923132,0.032004483496425165
5307,0.05701515331779877,0.07984706474616216,0.022831911428363383
5308,0.14731981698723653,0.12065612780785225,-0.02666368917938429
5309,0.2039312362497243,0.2270719040655677,0.023140667815843396
5310,0.12700920175157168,0.2027949183639725,0.07578571661240083
5311,0.1511110137192638,0.22782411037970385,0.07671309666044004
5312,0.1694122142839652,0.2240087939228461,0.0545965796388809
5313,0.10088776074076886,0.1264508426705327,0.025563081929763837
5314,0.12108095056920944,0.18787201028196704,0.0667910597127576
5315,0.11315492860267888,0.22498617859360798,0.1118312499909291
5316,0.15789887159226162,0.2190096280071138,0.06111075641485217
5317,0.14527153262346645,0.18769651898578957,0.042424986362323114
5318,0.12845938477995397,0.15596897596895037,0.027509591188996402
5319,0.09818097873851438,0.13971124052503314,0.041530261786518766
5320,0.07916551596575616,0.18721311795908732,0.10804760199333116
5321,0.0823159514980801,0.18913769537721414,0.10682174387913404
5322,0.1169384509532425,0.24315237883846597,0.12621392788522345
5323,0.1073672105979736,0.21161308131200374,0.10424587071403013
5324,0.13503442891552375,0.2309289087772221,0.09589447986169836
5325,0.11892223132852064,0.20825621261371535,0.08933398128519471
5326,0.10302006629396514,0.16669516105616133,0.0636750947621962
5327,0.10108607026721496,0.27730722087960064,0.1762211506123857
5328,0.08369091432184089,0.2435620825120371,0.1598711681901962
5329,0.09725936883285762,0.2549690900983259,0.15770972126546828
5330,0.10389233340900847,0.3056913722458095,0.20179903883680103
5331,0.114138401938016,0.2794459856666511,0.16530758372863508
5332,0.13625395805734472,0.2738831697156635,0.1376292116583188
5333,0.15292537099265843,0.27328065731868884,0.1203552863260304
5334,0.13903789046240578,0.2536191939666436,0.11458130350423784
5335,0.11871084183871909,0.2787483020583326,0.16003746021961351
5336,0.1050354768611465,0.2608873600405935,0.15585188317944698
5337,0.09564468384947802,0.21309538659965307,0.11745070275017505
5338,0.11054971111013008,0.21385563423976603,0.10330592312963595
5339,0.11274419639206694,0.2605692910725738,0.14782509468050686
5340,0.0911941993617012,0.20581897905502805,0.11462477969332685
5341,0.09717920348928455,0.19770532511027983,0.10052612162099528
5342,0.09936672479634069,0.19965938565760213,0.10029266086126144
5343,0.11583499970066606,0.2778918505032415,0.16205685080257543
5344,0.1506994651242463,0.312980360376718,0.1622808952524717
5345,0.13948106062514098,0.3129547657245797,0.1734737050994387
5346,0.16917604530495542,0.28698742878498895,0.11781138348003353
5347,0.14312652716462934,0.22330677712097802,0.08018024995634868
5348,0.08848975990199122,0.14333945251682811,0.054849692614836895
5349,0.08733685393931179,0.13121858398553116,0.04388173004621937
5350,0.13558672185837878,0.19949318686290182,0.06390646500452304
5351,0.119022790040366,0.18757957606797393,0.06855678602760792
5352,0.10110144152067561,0.18835222321384398,0.08725078169316837
5353,0.11099762097886565,0.2192801016120637,0.10828248063319806
5354,0.09506259512732221,0.13953893746637758,0.04447634233905537
5355,0.10500398784623653,0.13784411175441807,0.03284012390818154
5356,0.16026536448176248,0.18891916567630013,0.028653801194537643
5357,0.1563462756045713,0.19750464211103205,0.041158366506460764
5358,0.14428585240792138,0.15517072108489383,0.010884868676972442
5359,0.08995416268980456,0.1300219671264714,0.04006780443666684
5360,0.07891333087909998,0.12216299390906857,0.04324966302996859
5361,0.06579241667935251,0.10167944491787531,0.0358870282385228
5362,0.060560906225316354,0.08933945079475854,0.028778544569442184
5363,0.07438572868930053,0.10554323264233886,0.031157503953038332
5364,0.07248019558895968,0.11054856498927194,0.03806836940031226
5365,0.06739631043060731,0.09372504719066557,0.026328736760058258
5366,0.07388810134100401,0.09360972655551932,0.0197216252145153
5367,0.07954149146390023,0.08715605853604554,0.007614567072145306
5368,0.09744388752980375,0.09643140800698548,-0.0010124795228182715
5369,0.1081932081088721,0.12426493994882115,0.016071731839949047
5370,0.08997607072914178,0.12507176549185486,0.035095694762713084
5371,0.06718996231725292,0.08939980209865905,0.02220983978140613
5372,0.07320041921034441,0.10566824024695955,0.032467821036615135
5373,0.060387245511697295,0.08838921120967962,0.02800196569798232
5374,0.06705941760440987,0.09049975278243744,0.02344033517802757
5375,0.0570523227757814,0.07775356298571008,0.02070124020992868
5376,0.14579225582927066,0.129850309434131,-0.015941946395139656
5377,0.16642282446802478,0.21441674524868504,0.047993920780660254
5378,0.211554713984002,0.28128763602203066,0.06973292203802867
5379,0.20157275816864012,0.2738713039236004,0.07229854575496025
5380,0.11474857667735638,0.14994570600576393,0.035197129328407545
5381,0.19679729832957202,0.21961906758473704,0.02282176925516502
5382,0.22503757841626593,0.25920351234412414,0.034165933927858216
5383,0.14479587154061807,0.2060599395492566,0.06126406800863854
5384,0.14876007757298934,0.22227614877065155,0.07351607119766221
5385,0.1326686947277733,0.17188835572202588,0.039219660994252586
5386,0.11555536494517511,0.1446799373545283,0.02912457240935319
5387,0.09847665574797763,0.13009979217480094,0.03162313642682331
5388,0.07424551396040087,0.17064483020767737,0.0963993162472765
5389,0.08871404016094486,0.2038009067538747,0.11508686659292983
5390,0.10467464980434092,0.21323146056118494,0.10855681075684402
5391,0.1380367670048446,0.2270537797441501,0.08901701273930551
5392,0.13246708369101465,0.21785398238276163,0.08538689869174698
5393,0.14406597223708972,0.22022987085449913,0.07616389861740941
5394,0.13968991959259378,0.19013815750255594,0.05044823790996217
5395,0.1112942160772839,0.20442441556474714,0.09313019948746323
5396,0.0983950879638744,0.237361443449305,0.13896635548543057
5397,0.07842675823716276,0.22606411412167376,0.147637355884511
5398,0.09419148850023756,0.26561178777044,0.17142029927020241
5399,0.1025211944450758,0.2642655855371651,0.16174439109208932
5400,0.1114213391501349,0.293885459736084,0.18246412058594907
5401,0.11912366743947433,0.2425581720022627,0.12343450456278837
5402,0.11184875452869658,0.23621162743423862,0.12436287290554204
5403,0.18453056287064312,0.3255374415431922,0.14100687867254907
5404,0.14435932483472708,0.34661772116023454,0.20225839632550746
5405,0.14134367993509409,0.3467088451477452,0.2053651652126511
5406,0.0989864011996315,0.23877339546718263,0.13978699426755115
5407,0.12012305528586695,0.2380580088545938,0.11793495356872685
5408,0.1095813626776155,0.25457324459672165,0.14499188191910617
5409,0.10575579371773372,0.24530679657666543,0.1395510028589317
5410,0.12302947842341364,0.21693139669202016,0.09390191826860653
5411,0.12540428188264682,0.19132980192410845,0.06592552004146163
5412,0.1121349348143226,0.20075678163304878,0.08862184681872617
5413,0.14405139687836277,0.25579816706780184,0.11174677018943907
5414,0.17388159236690992,0.2818834087746918,0.10800181640778189
5415,0.15034340326062642,0.2925497231031148,0.14220631984248835
5416,0.13737719857323435,0.21014051790191735,0.07276331932868299
5417,0.12185293726721479,0.20515410554821262,0.08330116828099783
5418,0.13568933628825552,0.24071538422121172,0.1050260479329562
5419,0.13499040501707005,0.26403720817414283,0.1290468031570728
5420,0.159707192175935,0.2933321885745532,0.1336249963986182
5421,0.12934329511175677,0.275585277174995,0.1462419820632382
5422,0.11279992724434354,0.21514616154646118,0.10234623430211764
5423,0.11141713436993045,0.18359375079840776,0.07217661642847731
5424,0.11116055012742479,0.1912058966823256,0.08004534655490081
5425,0.14185561050472859,0.2285807228343128,0.08672511232958421
5426,0.13963725149250492,0.23222688718112675,0.09258963568862183
5427,0.15194905930103875,0.2187421350210356,0.06679307571999685
5428,0.11607498785771814,0.20661724499742135,0.09054225713970321
5429,0.09093518729385348,0.13591366889571224,0.04497848160185876
5430,0.0646045739703684,0.09362472985862247,0.029020155888254073
5431,0.05383433471805512,0.07730572247827247,0.02347138776021735
5432,0.06589846198952376,0.10313324326904418,0.037234781279520415
5433,0.07696211118386848,0.10975394532893257,0.03279183414506409
5434,0.07312721421337454,0.08381279750608021,0.010685583292705678
5435,0.0753798724475392,0.06409961391895788,-0.011280258528581319
5436,0.07887667695386516,0.0577246692746773,-0.02115200767918786
5437,0.09281357996239624,0.09652444813794712,0.0037108681755508854
5438,0.13220583135365652,0.14183606936737775,0.009630238013721232
5439,0.13546942938774392,0.14170400734701785,0.006234577959273929
5440,0.09125442148304132,0.11697672920197542,0.025722307718934107
5441,0.09987052674741342,0.12273120711307647,0.02286068036566305
5442,0.08703984991237859,0.11040284515392132,0.023362995241542728
5443,0.07491758331403077,0.09242108425237598,0.017503500938345212
5444,0.08953151041617352,0.12124220065093605,0.03171069023476253
5445,0.14521579102693374,0.19213204126863304,0.04691625024169929
5446,0.19210856652506408,0.2569400055108962,0.0648314389858321
5447,0.14943182398843163,0.23335176649223632,0.08391994250380469
5448,0.20241759627270303,0.20293595173904397,0.0005183554663409362
5449,0.14062368422784918,0.1696270947316847,0.02900341050383551
5450,0.11516189331615227,0.1397390481777783,0.024577154861626024
5451,0.1913221799132839,0.22543662299366313,0.034114443080379225
5452,0.1484688169218158,0.22050920889096173,0.07204039196914594
5453,0.18559213015608964,0.254060219002409,0.06846808884631936
5454,0.1097103490424312,0.1648684103371966,0.0551580612947654
5455,0.11162658367764133,0.17867924419762402,0.06705266051998268
5456,0.12078917313683182,0.22559963242405734,0.10481045928722552
5457,0.08852302436481438,0.16339836217253978,0.0748753378077254
5458,0.10106869506942923,0.17015788494044268,0.06908918987101345
5459,0.10324311473977071,0.17752391176113305,0.07428079702136234
5460,0.11141968314305462,0.19306592163084224,0.08164623848778763
5461,0.1268639294642208,0.2214840404092805,0.0946201109450597
5462,0.11210621610579774,0.16855464265817882,0.05644842655238108
5463,0.11833593332013237,0.19658461615048864,0.07824868283035627
5464,0.10331264262773658,0.1807465588026792,0.07743391617494262
5465,0.09758768911434547,0.19646262245054344,0.09887493333619797
5466,0.08279379042019416,0.2168995992390741,0.13410580881887993
5467,0.10805684720937535,0.2682171342577442,0.16016028704836882
5468,0.12647411536864572,0.2732800688170118,0.14680595344836606
5469,0.10279214900523445,0.23965212588790225,0.1368599768826678
5470,0.16860805758496453,0.27302646844216855,0.10441841085720402
5471,0.14466143668906759,0.24630497548747013,0.10164353879840254
5472,0.18449668517667966,0.33893235278179146,0.1544356676051118
5473,0.2214329172566049,0.3610824461300158,0.13964952887341087
5474,0.19743303244554092,0.3411719346375406,0.14373890219199967
5475,0.15556398063385005,0.28342133284299975,0.1278573522091497
5476,0.14754597927342084,0.3163619581159516,0.16881597884253075
5477,0.13271516460115057,0.28363912662348584,0.15092396202233527
5478,0.11894785329747908,0.24535468841307748,0.12640683511559841
5479,0.12071644675931542,0.21882570935957066,0.09810926260025524
5480,0.10145670566536283,0.17229584820250574,0.07083914253714291
5481,0.10669316297273111,0.20432867162517143,0.09763550865244032
5482,0.13562744921663686,0.2524079656716499,0.11678051645501306
5483,0.1558882549261563,0.25046590666761936,0.09457765174146307
5484,0.13831587565233924,0.2763988164623003,0.13808294080996106
5485,0.14346830629754267,0.25853337739642157,0.1150650710988789
5486,0.15705516999962948,0.2994748313152263,0.1424196613155968
5487,0.17543173394811737,0.310205553116773,0.13477381916865563
5488,0.1436081433663018,0.29291989631704096,0.14931175295073917
5489,0.14239136690700938,0.28056510343597274,0.13817373652896336
5490,0.13825631343843983,0.2844445735232901,0.14618826008485028
5491,0.1270267938813136,0.28920555391231534,0.16217876003100173
5492,0.1257080026962277,0.3107058336121669,0.18499783091593922
5493,0.1392335247775131,0.2742932219132919,0.1350596971357788
5494,0.10787203886018293,0.23857298267487517,0.13070094381469224
5495,0.12292322198341839,0.27495777403309146,0.1520345520496731
5496,0.11629597885590594,0.21965466168196549,0.10335868282605955
5497,0.08096782138678227,0.13002006737865268,0.04905224599187041
5498,0.08545156874631425,0.1196965818916391,0.034245013145324854
5499,0.05675073972993016,0.08375441623685709,0.02700367650692693
5500,0.06586640949075029,0.09799159191515594,0.03212518242440565
5501,0.06734492383287818,0.09387098852472807,0.026526064691849885
5502,0.061364092830680665,0.0844221267221556,0.023058033891474934
5503,0.06941103800353896,0.07817706625083,0.008766028247291044
5504,0.08119682975008696,0.09139547180620948,0.010198642056122517
5505,0.08802227166197751,0.10471447669652335,0.01669220503454584
5506,0.11067067127995601,0.15040722962765754,0.039736558347701526
5507,0.11260429669289004,0.14627988293496325,0.0336755862420732
5508,0.10961189002289451,0.13269078906538873,0.023078899042494216
5509,0.09676207101523489,0.10817124182196598,0.011409170806731095
5510,0.09879089554428584,0.10392232796871498,0.005131432424429136
5511,0.07913064527106098,0.10885766125806433,0.02972701598700335
5512,0.07587640128596848,0.10230112110313537,0.02642471981716689
5513,0.10951163919430353,0.12905691389083507,0.019545274696531542
5514,0.15968526481695955,0.18203639909718286,0.02235113428022331
5515,0.1589729122101892,0.22977702256034446,0.07080411035015527
5516,0.16458722315781038,0.24068409559491116,0.07609687243710078
5517,0.1945485286114392,0.23899584117200645,0.04444731256056725
5518,0.24557364338964088,0.2733861926484754,0.02781254925883453
5519,0.14478803631609244,0.16214002489990373,0.01735198858381129
5520,0.12159859739230665,0.15799571078015437,0.03639711338784772
5521,0.16401827412354514,0.23934104858979444,0.0753227744662493
5522,0.10539497623456365,0.2168909727216039,0.11149599648704026
5523,0.1313823785025424,0.18783628071283254,0.05645390221029015
5524,0.11776541752345862,0.18263381927278494,0.06486840174932632
5525,0.12391780273971337,0.18923303303892838,0.06531523029921502
5526,0.10294826240060019,0.19798493534840012,0.09503667294779992
5527,0.11903840713660242,0.21804352735444105,0.09900512021783862
5528,0.10824523307621499,0.20965029056555873,0.10140505748934374
5529,0.0848341884662112,0.18195335807536242,0.09711916960915122
5530,0.07812536907043041,0.16662386540561872,0.0884984963351883
5531,0.08449488391066542,0.21575045364570092,0.1312555697350355
5532,0.1289242175148213,0.26600396819973343,0.13707975068491213
5533,0.11471052840655939,0.22857266033238552,0.11386213192582613
5534,0.15262899848250738,0.23007060808706273,0.07744160960455534
5535,0.12700610246703167,0.2576937636686946,0.13068766120166295
5536,0.17983797206929977,0.3189977398024195,0.13915976773311975
5537,0.1873744848972415,0.3199174371460693,0.13254295224882778
5538,0.1797037914941925,0.297119742365825,0.11741595087163251
5539,0.14647269041461541,0.2730642245935869,0.1265915341789715
5540,0.1697882315201904,0.3432017653630464,0.17341353384285602
5541,0.15933280407299544,0.26155322466584746,0.10222042059285202
5542,0.12219725006669951,0.20231825318381308,0.08012100311711357
5543,0.11396533561005001,0.18477589366590152,0.07081055805585151
5544,0.11128175288887394,0.18953336263912923,0.07825160975025529
5545,0.1195447186052631,0.20277307428943514,0.08322835568417204
5546,0.10009112429254241,0.162327857731907,0.06223673343936459
5547,0.1368387656981101,0.2661715309152051,0.12933276521709502
5548,0.13177782491184814,0.2967601441454699,0.16498231923362178
5549,0.1356624300285398,0.29067885835831286,0.15501642832977305
5550,0.1489502259398259,0.29518267375861773,0.14623244781879183
5551,0.14639184849620715,0.30128128918727654,0.15488944069106939
5552,0.14161334842917214,0.2807804459319584,0.13916709750278625
5553,0.15175974657850755,0.31225641429445206,0.1604966677159445
5554,0.1285888948586304,0.3173569922772652,0.18876809741863482
5555,0.12259787471089646,0.3425282916031801,0.21993041689228365
5556,0.13923058945621533,0.2888019648361517,0.1495713753799364
5557,0.09964697008353607,0.22845157379319705,0.128804603709661
5558,0.11332146862983328,0.27598467529880727,0.162663206668974
5559,0.1796310819380519,0.2847370175672522,0.10510593562920031
5560,0.1228568465095791,0.19530470318128304,0.07244785667170393
5561,0.09714584098801289,0.15966016956191037,0.06251432857389748
5562,0.0847721320914617,0.1281048933231888,0.04333276123172711
5563,0.08285535864091757,0.12848544540489545,0.04563008676397788
5564,0.09315564608586487,0.14381837358349817,0.0506627274976333
5565,0.07851786111713335,0.10511074503655796,0.026592883919424604
5566,0.06469762102523928,0.08913437751877608,0.0244367564935368
5567,0.08798124488478865,0.12509190564126513,0.03711066075647648
5568,0.11055124143937062,0.1516831737936928,0.04113193235432219
5569,0.09304884419416273,0.13178979900137686,0.03874095480721412
5570,0.09128284894679668,0.12397315406868965,0.03269030512189297
5571,0.07647538036352226,0.11045014762508962,0.033974767261567354
5572,0.0776226059240103,0.09620832750463869,0.018585721580628392
5573,0.08846190124308961,0.12214293328026045,0.033681032037170835
5574,0.07386553534236308,0.10815495791013532,0.034289422567772246
5575,0.10708959645881976,0.14262613232413182,0.035536535865312066
5576,0.1452025206353509,0.16371909125937265,0.018516570624021733
5577,0.13971425380890837,0.12865988466114212,-0.011054369147766252
5578,0.13206715688326723,0.15604223191642125,0.02397507503315402
5579,0.16112610934390068,0.23990034296730953,0.07877423362340885
5580,0.19767638480117886,0.23727944924520164,0.039603064444022784
5581,0.1996492569724884,0.20880335174197032,0.009154094769481924
5582,0.2574753146878224,0.2382490822725783,-0.019226232415244127
5583,0.22326023243134446,0.2397797017195323,0.016519469288187844
5584,0.1296304054402176,0.13258306997549715,0.0029526645352795644
5585,0.12580515853563404,0.16567723900452777,0.039872080468893734
5586,0.10718321731064054,0.16456533947316923,0.05738212216252869
5587,0.10028733511415015,0.1520280305169828,0.051740695402832645
5588,0.11701751376368172,0.15504458740293428,0.03802707363925256
5589,0.10958116768776924,0.18934759395903675,0.07976642627126751
5590,0.10092369249612296,0.1589765400986815,0.05805284760255855
5591,0.07947192108574293,0.15326768673562158,0.07379576564987865
5592,0.07754626598514447,0.19556095791553132,0.11801469193038686
5593,0.11847011529621784,0.216113383617729,0.09764326832151116
5594,0.1124375939397816,0.24784951967009514,0.13541192573031352
5595,0.10954678745952115,0.2530517451304063,0.14350495767088514
5596,0.1626145348533808,0.2280380012826861,0.0654234664293053
5597,0.1740127897322597,0.3064078601778593,0.13239507044559962
5598,0.13184058727669443,0.277155106371901,0.14531451909520657
5599,0.10185655081626316,0.24847607496355667,0.1466195241472935
5600,0.1189611567494359,0.29192871868471215,0.17296756193527624
5601,0.11962272363102452,0.3070647199266504,0.18744199629562588
5602,0.12389422021216662,0.28292308140783434,0.15902886119566773
5603,0.11648552990667022,0.23440388167563303,0.11791835176896281
5604,0.12505556221317154,0.20107920099165114,0.07602363877847959
5605,0.09929398730956311,0.16779420237962764,0.06850021507006453
5606,0.10884321139372245,0.18567231263527173,0.07682910124154928
5607,0.13495142565214746,0.2306644369955562,0.09571301134340873
5608,0.12924659957415982,0.2613606978017953,0.1321140982276355
5609,0.13253694437326344,0.3137203315468451,0.18118338717358165
5610,0.14029335808839635,0.29604173729265565,0.1557483792042593
5611,0.15773141217762027,0.30801777623581966,0.1502863640581994
5612,0.15486422401624644,0.31389947558556613,0.1590352515693197
5613,0.1561191496534876,0.3358039306129409,0.17968478095945328
5614,0.12561010023375288,0.31864787706381154,0.19303777683005865
5615,0.1285691516938038,0.31381616990938194,0.18524701821557812
5616,0.14579204326250755,0.3167582823171952,0.17096623905468766
5617,0.1486166668228696,0.2965562349372731,0.14793956811440354
5618,0.11761337211930226,0.26626585054262436,0.1486524784233221
5619,0.12588221683814313,0.2244334506775216,0.09855123383937847
5620,0.11909147869128042,0.2468080204578441,0.1277165417665637
5621,0.12076685294721033,0.20745443814736206,0.08668758520015173
5622,0.13545344525785669,0.19903823415321262,0.06358478889535593
5623,0.09786611659598696,0.16854594557008298,0.07067982897409603
5624,0.09908068477000855,0.18356321075190757,0.08448252598189902
5625,0.11664460655009173,0.2518073267166168,0.13516272016652509
5626,0.12122463538175339,0.19035594834597908,0.06913131296422569
5627,0.0950498226521538,0.15686325362384532,0.06181343097169152
5628,0.10201181620777534,0.1937220425217234,0.09171022631394805
5629,0.11468678583070882,0.17513038844041387,0.06044360260970505
5630,0.11183865363006075,0.1654479603834765,0.053609306753415756
5631,0.10287332873916727,0.15646278960995882,0.053589460870791555
5632,0.07314654344329179,0.11698526084824107,0.04383871740494928
5633,0.0817397044530025,0.10892663236114772,0.02718692790814521
5634,0.13599946214133105,0.13442616129746746,-0.0015733008438635898
5635,0.09051889540467421,0.12370656301888622,0.033187667614212005
5636,0.10167301280688594,0.14971837840743796,0.04804536560055202
5637,0.13402285580733278,0.16715232103575942,0.033129465228426636
5638,0.15521101513123672,0.18224879882398828,0.02703778369275156
5639,0.12959159596586886,0.18600741510177524,0.056415819135906375
5640,0.13727196134813074,0.18623954493322784,0.04896758358509709
5641,0.1732437302245391,0.22464925899652513,0.05140552877198604
5642,0.1771916301682089,0.1956882546550782,0.018496624486869284
5643,0.14205947570451086,0.14520513514503022,0.003145659440519366
5644,0.1576439795181519,0.1301856353575756,-0.027458344160576298
5645,0.152929372945256,0.12792193141307961,-0.025007441532176378
5646,0.20065963506474713,0.17950588513416732,-0.021153749930579807
5647,0.12041165704870474,0.12164692338766096,0.001235266338956223
5648,0.1325906543076725,0.22688050557436015,0.09428985126668765
5649,0.11618923361707252,0.21995840937094055,0.10376917575386803
5650,0.09864435066933049,0.21164113321509248,0.112996782545762
5651,0.09952092607214422,0.18459595831712294,0.08507503224497873
5652,0.0926625738017445,0.1832870801677519,0.09062450636600738
5653,0.07644186777644453,0.18163047820607855,0.10518861042963402
5654,0.07728531765155475,0.17979773741753216,0.10251241976597741
5655,0.11973640620262052,0.2224517179216775,0.10271531171905698
5656,0.11458213744940829,0.23214247158193932,0.11756033413253103
5657,0.11053634551471972,0.21218002275351125,0.10164367723879153
5658,0.10453690181358766,0.23805567898226887,0.1335187771686812
5659,0.09722907212363105,0.24509094629839476,0.1478618741747637
5660,0.17462440251896025,0.28252828278980574,0.10790388027084549
5661,0.14391969220182033,0.296597877178263,0.1526781849764427
5662,0.09645845649089373,0.2154685985152091,0.11901014202431538
5663,0.10853478079708234,0.2824551722781952,0.17392039148111288
5664,0.105830761966577,0.27523752775641985,0.16940676578984287
5665,0.12268493953765928,0.29627956582451015,0.17359462628685085
5666,0.13467886739287427,0.2712301808445212,0.13655131345164695
5667,0.10870512130432146,0.19686012847253972,0.08815500716821827
5668,0.08724281933126302,0.15487446925524073,0.06763164992397772
5669,0.11243715456518706,0.19652231338604903,0.08408515882086197
5670,0.14585138007776932,0.3268049891063703,0.18095360902860097
5671,0.1285461393228158,0.27860545113391577,0.15005931181109997
5672,0.1147298746552859,0.29140415798215713,0.17667428332687124
5673,0.13195802746187496,0.2587383850025918,0.12678035754071681
5674,0.14069283532012195,0.30339161681638066,0.16269878149625872
5675,0.14413949846320157,0.33878161514309924,0.19464211667989767
5676,0.14296394334627358,0.332252689547523,0.18928874620124944
5677,0.133166739228294,0.31064966611748956,0.17748292688919556
5678,0.1512281812025243,0.27097998890008734,0.11975180769756305
5679,0.15729029564286334,0.23797491055519157,0.08068461491232823
5680,0.17791631035686487,0.23019198783374806,0.05227567747688319
5681,0.13056691600068152,0.23374195236338455,0.10317503636270303
5682,0.11577820779959291,0.18508576026933746,0.06930755246974454
5683,0.11425568717097079,0.16375431687427164,0.04949862970330085
5684,0.11151763895572461,0.15440351238834496,0.04288587343262035
5685,0.12072015944419386,0.15931864919597055,0.038598489751776696
5686,0.09914391646909668,0.1676139816010401,0.06847006513194343
5687,0.1195473411334002,0.2203622274978412,0.10081488636444101
5688,0.13014199833414025,0.26157064297598426,0.131428644641844
5689,0.10469291176217403,0.19196320474560702,0.08727029298343299
5690,0.09002640762246014,0.15099504302664385,0.06096863540418371
5691,0.11050658917044863,0.20106133763086828,0.09055474846041965
5692,0.11357478088080218,0.20149164277609657,0.0879168618952944
5693,0.1459168562441774,0.17724027953294083,0.03132342328876342
5694,0.15818177791103724,0.20209449968923882,0.043912721778201574
5695,0.10517721003730673,0.15645479506623824,0.05127758502893151
5696,0.06776883535070025,0.10535490192249579,0.03758606657179554
5697,0.11946683217319819,0.1432718347203864,0.023805002547188217
5698,0.11672456883118605,0.1534102004661212,0.03668563163493514
5699,0.10630363525840075,0.15537731427024537,0.04907367901184462
5700,0.13467387300003095,0.22989150016817098,0.09521762716814003
5701,0.13116877612487468,0.25414078702686754,0.12297201090199286
5702,0.10842897958137418,0.24044912655319714,0.13202014697182296
5703,0.16130405544069817,0.21730293957019703,0.055998884129498855
5704,0.19052483775684145,0.20028608150437646,0.009761243747535009
5705,0.1015001136037431,0.12360645841196882,0.022106344808225722
5706,0.14234989837041934,0.18614507608128136,0.04379517771086203
5707,0.17386746459621674,0.18598148315014465,0.012114018553927908
5708,0.19657105866966842,0.16395230176910167,-0.03261875690056676
5709,0.10232683861323984,0.09607327576425691,-0.00625356284898293
5710,0.1130498608800907,0.15869420005878832,0.04564433917869762
5711,0.11829603014330507,0.19452910516971048,0.0762330750264054
5712,0.10318515672244455,0.20068086265727128,0.09749570593482673
5713,0.10146831778938467,0.179063129353465,0.07759481156408032
5714,0.10042303479250862,0.21159949592491645,0.11117646113240783
5715,0.09049598032338795,0.2295225391782162,0.13902655885482823
5716,0.08682727599815049,0.21336445219430442,0.12653717619615393
5717,0.0870585469933888,0.23859289062871447,0.15153434363532567
5718,0.11946328258141851,0.24627412731628748,0.12681084473486898
5719,0.09983171622305705,0.23654690277577467,0.13671518655271764
5720,0.10470065519025853,0.2095236148506926,0.10482295966043406
5721,0.12007521589628514,0.21038290616771074,0.0903076902714256
5722,0.16374885257551333,0.2379700363063447,0.07422118373083136
5723,0.1818589947473854,0.32181774544655184,0.13995875069916644
5724,0.18091732360147056,0.29310471630585877,0.11218739270438821
5725,0.08768269132637656,0.20575941367096143,0.11807672234458487
5726,0.11690784013623365,0.24322269432212537,0.12631485418589172
5727,0.11831701395122374,0.2796308178601277,0.16131380390890399
5728,0.1321252288211192,0.29142925244411366,0.15930402362299445
5729,0.1436796995973496,0.3049973511453259,0.16131765154797628
5730,0.10960704517361276,0.20520234513291666,0.0955952999593039
5731,0.1385885300154721,0.2094283055100561,0.07083977549458398
5732,0.09744799025981846,0.17444550204797396,0.0769975117881555
5733,0.12111579183608416,0.2541867278210967,0.13307093598501252
5734,0.12864069182438378,0.266299398292555,0.13765870646817122
5735,0.13816240656939624,0.26665054709635133,0.1284881405269551
5736,0.16103156629948814,0.3228555031206412,0.16182393682115306
5737,0.1486223368695323,0.3162430204811835,0.16762068361165122
5738,0.12160255764492969,0.3052130787942082,0.18361052114927853
5739,0.1588514237123661,0.28380060147174496,0.12494917775937886
5740,0.14583683215521948,0.2799982818074366,0.1341614496522171
5741,0.12261917856606616,0.2095357427624064,0.08691656419634025
5742,0.08994160475117668,0.15584158039294227,0.06589997564176558
5743,0.1454184132697365,0.2081497763912987,0.06273136312156219
5744,0.1546554267868183,0.21551500357397566,0.060859576787157366
5745,0.13635236455659414,0.22110553194670496,0.08475316739011082
5746,0.08933067500443673,0.14592631754537763,0.056595642540940905
5747,0.11757427698799403,0.15688919623948588,0.03931491925149186
5748,0.1073053729320902,0.18150735512512065,0.07420198219303044
5749,0.1009738036434688,0.19264065540970246,0.09166685176623365
5750,0.11905310005973632,0.20956571369570015,0.09051261363596383
5751,0.1330352930856961,0.2004462730156212,0.06741097992992512
5752,0.09389697659991046,0.14584335266428602,0.05194637606437556
5753,0.10032732141276939,0.1590021900148105,0.058674868602041116
5754,0.12941205844574705,0.22914084758439052,0.09972878913864347
5755,0.1275508012715093,0.21681158252648955,0.08926078125498024
5756,0.1533304687138231,0.21005887478408067,0.05672840607025756
5757,0.1409563119422277,0.18916086678431465,0.04820455484208694
5758,0.12894613450681705,0.17667344861624637,0.04772731410942932
5759,0.09046682069258997,0.13579759100082564,0.045330770308235666
5760,0.16200152127322368,0.19014541080538555,0.028143889532161875
5761,0.16938482016725834,0.2217613772546637,0.05237655708740535
5762,0.14154310000447323,0.21940630900330163,0.0778632089988284
5763,0.14422427161218063,0.23402612807089695,0.08980185645871633
5764,0.1467822976809211,0.25213074917252126,0.10534845149160016
5765,0.11939696367951844,0.265827276183038,0.14643031250351954
5766,0.19958391239652434,0.25138529004958177,0.05180137765305742
5767,0.1514477152549267,0.1357676384704627,-0.01568007678446401
5768,0.16497201679711426,0.19288244344962585,0.02791042665251159
5769,0.1756622292050129,0.1917906689920866,0.016128439787073706
5770,0.1543509053955757,0.18236587788538663,0.02801497248981094
5771,0.13419669406582227,0.2154815340785109,0.08128484001268863
5772,0.09441823486783754,0.21113680334462404,0.1167185684767865
5773,0.10403114471579335,0.18257429209271925,0.0785431473769259
5774,0.09923541098372121,0.176209790096738,0.0769743791130168
5775,0.1156407189761549,0.25912838814441724,0.14348766916826233
5776,0.10806519559866196,0.24649121655001974,0.13842602095135778
5777,0.09988316232753056,0.21621818145220975,0.1163350191246792
5778,0.08968883068621378,0.23759883834717074,0.14791000766095697
5779,0.08761389805741851,0.18184691859173382,0.09423302053431531
5780,0.08886279833967038,0.1797299870821084,0.09086718874243803
5781,0.10441961929265368,0.21728090010950105,0.11286128081684736
5782,0.10173908940470183,0.21490878276628053,0.1131696933615787
5783,0.10045036600365365,0.18273751281653938,0.08228714681288574
5784,0.09596567283602103,0.23452076941261352,0.13855509657659248
5785,0.10691346248814133,0.2557831599764055,0.14886969748826417
5786,0.09903885360951512,0.2574860608786011,0.15844720726908598
5787,0.11326539226147164,0.23957200539264653,0.1263066131311749
5788,0.11041296063808101,0.2463716057706284,0.13595864513254738
5789,0.11921433121749639,0.2759785654033901,0.15676423418589372
5790,0.11252964272522274,0.28664560500437913,0.17411596227915638
5791,0.11833347616533157,0.24002056084726822,0.12168708468193665
5792,0.15052338777655802,0.318389482434929,0.16786609465837096
5793,0.12998923897939155,0.2644412459785835,0.13445200699919194
5794,0.09918744182038626,0.1800335429744003,0.08084610115401404
5795,0.08771440938105292,0.15037031653639069,0.06265590715533777
5796,0.0949925194286518,0.17279187778306535,0.07779935835441354
5797,0.13330090467829184,0.23433021300150994,0.1010293083232181
5798,0.1254803865162338,0.24000967458994565,0.11452928807371185
5799,0.14763315348485687,0.3148571318885427,0.16722397840368583
5800,0.14645525315412347,0.32116573749882993,0.17471048434470646
5801,0.14109713358899842,0.24980098495415065,0.10870385136515223
5802,0.0957932091452394,0.22838723752968443,0.13259402838444503
5803,0.12938246747233415,0.23502059673296094,0.1056381292606268
5804,0.1518747136773152,0.27242407099566057,0.12054935731834537
5805,0.1759701658698763,0.22795121019218015,0.051981044322303854
5806,0.17444682879826492,0.21318176004731945,0.03873493124905453
5807,0.12195925199245959,0.2129456361814297,0.0909863841889701
5808,0.1454783463700966,0.2439793374802262,0.09850099111012961
5809,0.10935883588229653,0.18320386549706819,0.07384502961477166
5810,0.11888000806405292,0.18929951962366218,0.07041951155960925
5811,0.1032739346135069,0.16201827528807528,0.05874434067456838
5812,0.10654725206189658,0.1823608034639886,0.07581355140209203
5813,0.09761037424150174,0.16293882817702582,0.06532845393552408
5814,0.09203243656866439,0.14903001410722047,0.05699757753855608
5815,0.11058274955238429,0.19146283396420813,0.08088008441182384
5816,0.12763985204230424,0.19151714595527253,0.06387729391296829
5817,0.1320813658497791,0.229309043820152,0.0972276779703729
5818,0.14629181890538248,0.2190712698930638,0.07277945098768132
5819,0.15257101802928458,0.2535046145272797,0.1009335964979951
5820,0.1356895497455751,0.20712962067765087,0.07144007093207577
5821,0.14328393448050006,0.18485041226526544,0.04156647778476538
5822,0.10601808926957035,0.18693282244580675,0.0809147331762364
5823,0.13450645408972126,0.21899545751857796,0.08448900342885671
5824,0.15277612449141287,0.2414336281094331,0.08865750361802024
5825,0.1473633838228552,0.250090902873185,0.10272751905032979
5826,0.1482512294416363,0.2632261426878542,0.11497491324621792
5827,0.15255510531895494,0.280244352776383,0.12768924745742805
5828,0.179836903645888,0.23812453795235577,0.05828763430646777
5829,0.1858104759081702,0.16023434331723246,-0.025576132590937745
5830,0.1506116874904177,0.17953042087314708,0.028918733382729378
5831,0.1760153960169068,0.20017161465619668,0.024156218639289878
5832,0.1517423421350512,0.19810148673728292,0.04635914460223173
5833,0.10158251337953868,0.20591901848732674,0.10433650510778807
5834,0.09383080800173837,0.19011865462147648,0.0962878466197381
5835,0.10188437064308506,0.22406203087249246,0.1221776602294074
5836,0.09928167844029377,0.22629730414711888,0.12701562570682512
5837,0.12143634908715945,0.21948477705217145,0.09804842796501201
5838,0.1102057782281326,0.2166733249339891,0.10646754670585651
5839,0.10295959786891859,0.19343877530443582,0.09047917743551723
5840,0.0960093961701195,0.2118273958674463,0.11581799969732681
5841,0.09843629608488909,0.18853011590674262,0.09009381982185354
5842,0.09461397720498799,0.22537713135004617,0.13076315414505818
5843,0.09382214087029703,0.19235811721910295,0.09853597634880593
5844,0.0934033170207261,0.23101379469721534,0.13761047767648923
5845,0.09426760662404704,0.26987471696549975,0.1756071103414527
5846,0.08991058955118915,0.2770892210585261,0.187178631507337
5847,0.10406807053430414,0.3250989715426645,0.22103090100836034
5848,0.10760015304801575,0.3104218398948339,0.20282168684681817
5849,0.11346421558535146,0.3019387525566019,0.18847453697125044
5850,0.09824070357781745,0.32126986395855767,0.22302916038074022
5851,0.1130662756806639,0.29869628623549266,0.18563001055482875
5852,0.1151607415247402,0.28213823348337375,0.16697749195863354
5853,0.08276908475062163,0.15395529982652065,0.07118621507589902
5854,0.09391527633131277,0.18283870713188355,0.08892343080057077
5855,0.07705887055363295,0.1441244783381917,0.06706560778455875
5856,0.09870969877275719,0.16898511988630832,0.07027542111355113
5857,0.12126152493979787,0.2222885106347387,0.10102698569494083
5858,0.15776647356570125,0.31135396917522695,0.1535874956095257
5859,0.12528393687068487,0.23177390332407977,0.1064899664533949
5860,0.1181982407345082,0.22204624830201908,0.10384800756751088
5861,0.12285374478223487,0.2382032760120569,0.11534953122982203
5862,0.10414937553040819,0.26261861992458096,0.15846924439417276
5863,0.1175560178345359,0.22242715468060575,0.10487113684606986
5864,0.14073955671550886,0.2314839047211885,0.09074434800567963
5865,0.14027014276786662,0.2660380670004262,0.12576792423255959
5866,0.12001676067572806,0.22231443336604573,0.10229767269031767
5867,0.11540360278634508,0.24080281142271023,0.12539920863636517
5868,0.09858359445800098,0.2398533171951227,0.14126972273712174
5869,0.09763246440512033,0.2385018741169004,0.14086940971178008
5870,0.1059548648826384,0.2489828069047681,0.1430279420221297
5871,0.10242545756891877,0.17468345851085343,0.07225800094193466
5872,0.10339738449508547,0.15409807198796388,0.05070068749287841
5873,0.09665536466822928,0.13863537062839376,0.041980005960164476
5874,0.09406544643012846,0.13244443420986626,0.038378987779737805
5875,0.19098420934258173,0.2701823834858672,0.07919817414328548
5876,0.19406183076621938,0.2676343439753259,0.07357251320910649
5877,0.16502016692368596,0.21887402777105494,0.053853860847368984
5878,0.1539978878466873,0.21072907505351807,0.05673118720683076
5879,0.18918140212003168,0.27871632384558076,0.08953492172554908
5880,0.2246539533335702,0.28122114320447356,0.05656718987090337
5881,0.18312404664553159,0.2248716346113461,0.041747587965814514
5882,0.1437471307474932,0.1519825508114341,0.008235420063940901
5883,0.13847686317001354,0.17923025432958345,0.04075339115956991
5884,0.1436659359303228,0.21497749442266004,0.07131155849233722
5885,0.14921185999553313,0.27026411460505556,0.12105225460952243
5886,0.1651127858121424,0.2886312546532255,0.12351846884108308
5887,0.14213412673879947,0.25451153476277893,0.11237740802397947
5888,0.14864598985779728,0.19257664313296208,0.043930653275164794
5889,0.11430352755467142,0.14184544857137674,0.027541921016705315
5890,0.17433686699805803,0.16969613562721866,-0.004640731370839368
5891,0.16040779723971949,0.20785559447755914,0.04744779723783965
5892,0.15422645003467736,0.19483337696598207,0.040606926931304715
5893,0.09211366614427076,0.1972759393809479,0.10516227323667714
5894,0.10627628534283047,0.21014641852646598,0.10387013318363551
5895,0.09312674100640445,0.19542106835168946,0.10229432734528501
5896,0.08972092903159737,0.2247903133698921,0.13506938433829474
5897,0.10874620086434997,0.1996871164019002,0.09094091553755024
5898,0.13921021643716894,0.2501263364988118,0.11091612006164284
5899,0.108117039489149,0.24300952734300835,0.13489248785385935
5900,0.09891234521909324,0.26853588662192873,0.16962354140283548
5901,0.11239203276071283,0.29356116036883684,0.181169127608124
5902,0.0982928536025266,0.27494527889124937,0.17665242528872277
5903,0.1011133456957968,0.2073195607976532,0.1062062151018564
5904,0.0902614485721218,0.2565021120716056,0.1662406634994838
5905,0.09164338836804965,0.22614698216919024,0.13450359380114058
5906,0.10095599006902897,0.31097173108819826,0.21001574101916928
5907,0.10605512569381823,0.3339461881223007,0.22789106242848248
5908,0.11950781954169705,0.3178785296954528,0.1983707101537558
5909,0.12852600291117677,0.29636528571106285,0.16783928279988608
5910,0.11348140299618305,0.339705046209192,0.22622364321300897
5911,0.13275637473537183,0.2845482904455197,0.15179191571014788
5912,0.10590110197967187,0.20293840060149382,0.09703729862182195
5913,0.07349871632978634,0.13270467577765677,0.059205959447870424
5914,0.08534190292047947,0.15119515647278614,0.06585325355230667
5915,0.1115346286792759,0.21014726790510774,0.09861263922583184
5916,0.10139933367600208,0.16297109021701786,0.06157175654101578
5917,0.11828011004761907,0.19743310004861464,0.07915299000099557
5918,0.14023965804005575,0.24129392965758106,0.10105427161752531
5919,0.1489460555839858,0.2551304833077127,0.10618442772372691
5920,0.107401761279234,0.22600707761120434,0.11860531633197034
5921,0.09245670440271764,0.23116322806317754,0.1387065236604599
5922,0.10395983690744368,0.26910903313785306,0.16514919623040938
5923,0.10776879403035526,0.306368208566557,0.19859941453620172
5924,0.12172476765044384,0.2931986510866408,0.17147388343619696
5925,0.10315862670525086,0.2992531247377793,0.19609449803252846
5926,0.09615153673175196,0.3153878029602461,0.21923626622849413
5927,0.12231225306127047,0.3082706993969049,0.1859584463356344
5928,0.1349392307492111,0.23064269347571667,0.09570346272650557
5929,0.1235060265689892,0.25777998009367203,0.13427395352468285
5930,0.12113648511276275,0.24157894417657785,0.12044245906381511
5931,0.13207411322695534,0.21189166494363526,0.07981755171667992
5932,0.13294719725234755,0.17759650821806847,0.04464931096572092
5933,0.10194888697276291,0.1395458954351181,0.0375970084623552
5934,0.08889361445886529,0.12874118728600747,0.039847572827142186
5935,0.12807119783893692,0.19341601015642362,0.0653448123174867
5936,0.1465482751789519,0.20905137690931,0.06250310173035811
5937,0.13620292527448538,0.19097822354686925,0.054775298272383866
5938,0.12408626607718849,0.21666353005451286,0.09257726397732437
5939,0.11710986051136008,0.20459329592347766,0.08748343541211759
5940,0.17130228813485718,0.25678404309319836,0.08548175495834118
5941,0.15789084854455843,0.19165398089579289,0.03376313235123446
5942,0.15906490652777006,0.18951887601500916,0.030453969487239108
5943,0.14679980958474642,0.22130315389303537,0.07450334430828895
5944,0.14300777915489823,0.22192103775668146,0.07891325860178322
5945,0.11892491327859145,0.27483920768053394,0.1559142944019425
5946,0.15566241114102355,0.28339254373666073,0.12773013259563717
5947,0.16894677195661792,0.2174319780675107,0.04848520611089277
5948,0.1260906838845228,0.16570955366077827,0.03961886977625548
5949,0.09744624271867286,0.25998099479033054,0.16253475207165768
5950,0.09802609166823334,0.2720281037540951,0.17400201208586175
5951,0.09209481315060847,0.2522534279469366,0.16015861479632815
5952,0.08627175933496435,0.24563566762485314,0.15936390828988878
5953,0.10148610860488588,0.2177143258209018,0.11622821721601592
5954,0.12642342950638646,0.23769494911109762,0.11127151960471116
5955,0.11194932912828714,0.242461065452352,0.13051173632406485
5956,0.09192686381713297,0.2880444429597739,0.1961175791426409
5957,0.10146835349878171,0.32476701331933816,0.22329865982055647
5958,0.13178624205010084,0.2936104084250615,0.16182416637496064
5959,0.1027579687731048,0.27810467516557014,0.17534670639246536
5960,0.09869175880302945,0.2610780928368005,0.16238633403377106
5961,0.09215185851484356,0.28001176008401574,0.18785990156917218
5962,0.10514122251336612,0.3006162934729732,0.1954750709596071
5963,0.09688790992875639,0.3298425641796935,0.2329546542509371
5964,0.0930437874298551,0.29999362300338484,0.20694983557352975
5965,0.10169742229016598,0.2792631608993286,0.17756573860916264
5966,0.10067596288064848,0.1728879637854673,0.07221200090481883
5967,0.1290326026052698,0.20018144274269314,0.07114884013742334
5968,0.1651635511602888,0.27045084560868615,0.10528729444839735
5969,0.1063796162840489,0.19974119740965932,0.09336158112561041
5970,0.1052376166472811,0.20154572832999346,0.09630811168271236
5971,0.10061104295925341,0.1804057385051291,0.07979469554587568
5972,0.09914610516608645,0.1607836477543862,0.061637542588299746
5973,0.12021816678785321,0.2110706966257171,0.09085252983786388
5974,0.10714480185326891,0.28509658925328496,0.17795178740001605
5975,0.10975718974704632,0.18783715196629058,0.07807996221924426
5976,0.10861417097570025,0.16571411857436477,0.05709994759866452
5977,0.09405479592835651,0.21324453480808345,0.11918973887972693
5978,0.08999935377634077,0.23476190748691267,0.1447625537105719
5979,0.11993553654564497,0.2291788653490747,0.10924332880342973
5980,0.13951218089745077,0.246350882100461,0.10683870120301023
5981,0.13096419393996153,0.27015771202063044,0.1391935180806689
5982,0.13561470586629337,0.3087458114532766,0.17313110558698325
5983,0.15120163472904988,0.3092648504706618,0.15806321574161195
5984,0.1671250828232875,0.2887534229207922,0.1216283400975047
5985,0.13249607282121167,0.25355132913008377,0.1210552563088721
5986,0.13238929845185785,0.25852368499989115,0.1261343865480333
5987,0.12530535683961766,0.20442484340053896,0.0791194865609213
5988,0.14135338800339714,0.1914844445228241,0.05013105651942695
5989,0.08604047302737368,0.12763750050935893,0.04159702748198525
5990,0.11339248866822396,0.19201669380082384,0.07862420513259988
5991,0.10955797943099257,0.18210153381050723,0.07254355437951465
5992,0.09793147129614142,0.1334994401866304,0.03556796889048898
5993,0.10629902396452978,0.15615482284004287,0.049855798875513085
5994,0.12273813792692495,0.16126513296098793,0.03852699503406298
5995,0.11121488461556552,0.1847714666965759,0.07355658208101039
5996,0.14414802328320994,0.2201948457827657,0.07604682249955577
5997,0.11675428660216651,0.20374060697356344,0.08698632037139693
5998,0.13257710899806635,0.18922867694935128,0.056651567951284926
5999,0.14506793566931533,0.22842970446516508,0.08336176879584975
6000,0.12484806859861196,0.2530970079200827,0.12824893932147075
6001,0.17096592011727313,0.2719230427048392,0.10095712258756606
6002,0.11695884890335231,0.24872288706244305,0.13176403815909074
6003,0.13082493076327897,0.2275091020509696,0.09668417128769063
6004,0.08677433863605857,0.31183254791782006,0.22505820928176148
6005,0.10349924574953626,0.3319062455909243,0.22840699984138804
6006,0.10854454436334074,0.29309482209394727,0.18455027773060653
6007,0.09999354370805527,0.22220535405428388,0.1222118103462286
6008,0.09814775421196292,0.2349567314193647,0.1368089772074018
6009,0.0953641692185109,0.20449703505571373,0.10913286583720283
6010,0.1025576195233318,0.17430133702601636,0.07174371750268456
6011,0.10425860473932881,0.2517960929607847,0.1475374882214559
6012,0.09513679602769372,0.3065754775898914,0.2114386815621977
6013,0.09536788280472863,0.2895485541488727,0.19418067134414407
6014,0.09464101091749498,0.3045133433913497,0.20987233247385473
6015,0.11309042976370572,0.2901333656547815,0.17704293589107578
6016,0.10192226210396386,0.3141372556188786,0.21221499351491474
6017,0.11376084441390602,0.2789014609425698,0.16514061652866377
6018,0.10106104438427788,0.31747603843783184,0.21641499405355397
6019,0.10272559256269483,0.30500579105800724,0.20228019849531242
6020,0.08167795630559331,0.32285758163786005,0.24117962533226672
6021,0.07885611901231422,0.3375528505200028,0.25869673150768857
6022,0.1171490326739649,0.2997033659254535,0.1825543332514886
6023,0.08121441406530677,0.1588797446980966,0.07766533063278983
6024,0.08086668785608582,0.14248549942688005,0.06161881157079423
6025,0.09830844004503676,0.17148857851699556,0.0731801384719588
6026,0.1212533117453525,0.20252141034391108,0.08126809859855857
6027,0.08316770845046348,0.1388498969431848,0.05568218849272133
6028,0.07965540965082807,0.14119568023154125,0.06154027058071318
6029,0.11492063244753656,0.18990528806599702,0.07498465561846046
6030,0.12631351585235903,0.23617225771897324,0.1098587418666142
6031,0.12962180467562529,0.2000369398969854,0.07041513522136011
6032,0.12196809227862412,0.15321145728279723,0.0312433650041731
6033,0.09112936658799688,0.1388951451501788,0.047765778562181935
6034,0.0807773679966211,0.14550367598353048,0.06472630798690938
6035,0.09531731673058044,0.1458314124444765,0.05051409571389606
6036,0.1295219749571891,0.21486055450341804,0.08533857954622895
6037,0.12492115891528131,0.2052236910198457,0.08030253210456438
6038,0.11707859876948236,0.19465445033587256,0.0775758515663902
6039,0.14728975457333413,0.21145268429480238,0.06416292972146825
6040,0.13283041012602695,0.2686668042945589,0.13583639416853197
6041,0.15516290805177296,0.2538406386248575,0.09867773057308454
6042,0.151325087848382,0.22321057769539518,0.07188548984701318
6043,0.13279500997771304,0.18382250610076178,0.05102749612304874
6044,0.10580138500636076,0.17358291765364184,0.06778153264728108
6045,0.07377795375276806,0.12325021361982033,0.04947225986705227
6046,0.08101815181736158,0.12151774900009088,0.0404995971827293
6047,0.13266271669228208,0.18948573340360556,0.056823016711323476
6048,0.11510080706457211,0.18405978695191308,0.06895897988734097
6049,0.10039966943934717,0.14215774503643222,0.041758075597085054
6050,0.1104642602601252,0.17825334389791256,0.06778908363778736
6051,0.17071108373563715,0.23028059512463575,0.0595695113889986
6052,0.15692359406170978,0.2180234971279922,0.061099903066282435
6053,0.16893849969671007,0.2105154824574164,0.041576982760706316
6054,0.1085959928867846,0.14805519234750264,0.039459199460718034
6055,0.10687090428825015,0.1706764877956475,0.06380558350739736
6056,0.1163020122369114,0.21255773130869957,0.09625571907178816
6057,0.13752347951710403,0.23503093808554068,0.09750745856843665
6058,0.13328855115480243,0.23838339567643035,0.10509484452162793
6059,0.1325178769643051,0.2935358188185728,0.16101794185426774
6060,0.10039910513640447,0.246971344393104,0.14657223925669954
6061,0.10790470516034252,0.26685463048673597,0.15894992532639346
6062,0.09945852212733612,0.31609723334930295,0.21663871122196682
6063,0.10795010790464532,0.27604293505722893,0.1680928271525836
6064,0.09500115938042974,0.20881379425302626,0.11381263487259652
6065,0.10460683387323025,0.23503863279724777,0.13043179892401752
6066,0.09115831467235526,0.24886334703469587,0.15770503236234062
6067,0.09866859548305167,0.2357943798413923,0.1371257843583406
6068,0.10040474982694841,0.2108296293607233,0.11042487953377489
6069,0.11281187987592538,0.29670934144090794,0.18389746156498255
6070,0.14012044502463814,0.3055742277416572,0.16545378271701908
6071,0.11255148119958455,0.35366122471770034,0.2411097435181158
6072,0.13532296769646415,0.3133363397881992,0.17801337209173504
6073,0.12070850840238853,0.2566908603279244,0.13598235192553584
6074,0.1281194542865145,0.323997202044437,0.1958777477579225
6075,0.10681685878071971,0.30390605732595677,0.19708919854523704
6076,0.08066699898607464,0.2509230756704135,0.17025607668433884
6077,0.07739636586347548,0.27854906213605873,0.20115269627258325
6078,0.08023221839297688,0.3111977494340698,0.2309655310410929
6079,0.1062116901889733,0.2687390084085173,0.16252731821954397
6080,0.09590981933358113,0.17883866161748663,0.0829288422839055
6081,0.0936133607399245,0.17024069335845282,0.07662733261852832
6082,0.1000090337698722,0.19341575653429785,0.09340672276442565
6083,0.11390540698559988,0.20157773901845863,0.08767233203285875
6084,0.08271070582318761,0.1500653446982322,0.0673546388750446
6085,0.083589064411776,0.13908514591279397,0.055496081501017966
6086,0.09628218755218032,0.1758714465377304,0.07958925898555008
6087,0.10094161838795683,0.19265300461048926,0.09171138622253243
6088,0.10937566721625895,0.20417287464226117,0.09479720742600221
6089,0.10800939489558976,0.1880239270630749,0.08001453216748515
6090,0.08046966473811085,0.1380733452590663,0.057603680520955464
6091,0.09512961033137457,0.15139931198492274,0.056269701653548165
6092,0.12149301683450975,0.21181139915204492,0.09031838231753517
6093,0.11261194380883538,0.20882979002940388,0.0962178462205685
6094,0.11751711722689516,0.17552331411410305,0.058006196887207886
6095,0.12531513410901138,0.17827222741811996,0.05295709330910858
6096,0.13031091234650857,0.2048546073540647,0.07454369500755612
6097,0.13286483662834964,0.216923093634296,0.08405825700594635
6098,0.13771595216766647,0.21368274685013297,0.0759667946824665
6099,0.1209328037880192,0.22769944882203186,0.10676664503401266
6100,0.11332493368018719,0.22850839439658208,0.11518346071639489
6101,0.09559161326078003,0.15112602633702027,0.05553441307624024
6102,0.09253303141040523,0.13684638211498418,0.04431335070457895
6103,0.09166520772484509,0.13477534295181196,0.04311013522696687
6104,0.12020393879112658,0.17651176351647252,0.05630782472534594
6105,0.11485292956564874,0.172484192301883,0.05763126273623426
6106,0.12577639210858582,0.17892471845939595,0.05314832635081013
6107,0.12975164026603486,0.1861490264431391,0.05639738617710424
6108,0.13614703038252898,0.23269999078044248,0.0965529603979135
6109,0.1719222200589429,0.24776855667195707,0.07584633661301418
6110,0.18538509609136758,0.2466438486748674,0.06125875258349983
6111,0.1117872358096762,0.16044153699947408,0.04865430118979788
6112,0.10905135038516792,0.1673692103567539,0.05831785997158598
6113,0.1331294082361542,0.21006343241769798,0.07693402418154377
6114,0.12247756572256778,0.23173439046067593,0.10925682473810815
6115,0.1395258893934059,0.2484730575300519,0.10894716813664598
6116,0.11003280934119061,0.25925732114986605,0.14922451180867544
6117,0.11055010186000352,0.27045258313649245,0.15990248127648893
6118,0.10322211667629486,0.2884892661008886,0.18526714942459374
6119,0.10524200406075639,0.2842454752824935,0.1790034712217371
6120,0.10664871536823374,0.2547063482077595,0.14805763283952578
6121,0.10973140903212153,0.2514680975592208,0.14173668852709925
6122,0.13377994241525676,0.2800868081251155,0.14630686570985874
6123,0.12032125289389216,0.2554704060634887,0.13514915316959653
6124,0.13151923544756886,0.264659778892312,0.13314054344474316
6125,0.11676640640792309,0.2831145690530334,0.16634816264511032
6126,0.1293674702431001,0.26641216532851175,0.13704469508541164
6127,0.11320708711173047,0.2893727143448399,0.17616562723310944
6128,0.13468750456218276,0.2949273795787513,0.16023987501656856
6129,0.1005349830772284,0.21063954904966767,0.11010456597243927
6130,0.11994703638248093,0.23944998028166367,0.11950294389918274
6131,0.11234929686818075,0.2267435907835636,0.11439429391538285
6132,0.09823929776484021,0.2902241280274516,0.19198483026261143
6133,0.09236883194895147,0.28587469801402093,0.19350586606506948
6134,0.09979434559896283,0.2751849417574341,0.17539059615847125
6135,0.11167460638896969,0.2777926980761853,0.16611809168721559
6136,0.13040605032526983,0.2684074483605989,0.13800139803532904
6137,0.11648081032095596,0.24953088708211485,0.13305007676115888
6138,0.14363240167045907,0.25392476303687794,0.11029236136641887
6139,0.14680757323880617,0.2756530894139946,0.1288455161751884
6140,0.12548585002956364,0.20040602962647588,0.07492017959691225
6141,0.0891605530456852,0.15932121782820416,0.07016066478251896
6142,0.09838517346256022,0.18972911429309933,0.09134394083053911
6143,0.07900075172228392,0.17385075889235788,0.09485000717007395
6144,0.12196275126952343,0.2928378770048527,0.17087512573532926
6145,0.13467781778234048,0.25069189481864157,0.1160140770363011
6146,0.12213329035744204,0.1992011202317224,0.07706782987428036
6147,0.1267832988967548,0.20952730269604095,0.08274400379928615
6148,0.103122011288726,0.21262204991170844,0.10950003862298244
6149,0.10093017410659857,0.22857464524596424,0.12764447113936567
6150,0.1138816540246628,0.21085470858768862,0.09697305456302582
6151,0.12994433079237563,0.20241848607758473,0.07247415528520909
6152,0.11639610300382948,0.2608451501403294,0.14444904713649992
6153,0.13488420976644483,0.26556720115088117,0.13068299138443634
6154,0.13054457673745187,0.2736367285504056,0.14309215181295373
6155,0.13965963710319537,0.25296813682874425,0.11330849972554888
6156,0.11187622523032069,0.20541958499990334,0.09354335976958265
6157,0.1125916133396545,0.20625847364851793,0.09366686030886343
6158,0.1050757795659258,0.1872426177982542,0.08216683823232841
6159,0.11108685804839911,0.1863826796662661,0.07529582161786698
6160,0.10880290152747195,0.17651908614869238,0.06771618462122043
6161,0.10967735283906947,0.15668134859593552,0.04700399575686605
6162,0.14982045767920515,0.19236427621733782,0.04254381853813266
6163,0.1337470532352464,0.19837376385046343,0.06462671061521702
6164,0.14856567214156893,0.21872990575301432,0.07016423361144539
6165,0.13985647780100857,0.21799858444720888,0.0781421066462003
6166,0.13826589900427208,0.21130546416678325,0.07303956516251117
6167,0.15028144185005549,0.2232605689567191,0.07297912710666363
6168,0.14228622499753843,0.2249346600028621,0.08264843500532368
6169,0.12945764737672175,0.22929050279788457,0.09983285542116282
6170,0.11552023361976271,0.2139071938897971,0.09838696027003438
6171,0.13392651738726047,0.27426809327370705,0.14034157588644658
6172,0.11404543406792025,0.2570137212961166,0.14296828722819635
6173,0.12406926804179007,0.2583656690746674,0.13429640103287732
6174,0.0987782941650694,0.24225579025802121,0.1434774960929518
6175,0.10711300521663443,0.2305809543849648,0.12346794916833036
6176,0.1109978185784822,0.21727755423710407,0.10627973565862187
6177,0.12369567518623734,0.2648618222148328,0.14116614702859545
6178,0.12024882469612021,0.2546739741027207,0.1344251494066005
6179,0.11372003579773315,0.28243380637292975,0.1687137705751966
6180,0.10506337793272888,0.2705291657642527,0.1654657878315238
6181,0.10992714193897375,0.29291424900178026,0.18298710706280652
6182,0.09538696772051752,0.2811060492395991,0.18571908151908156
6183,0.09326226965011453,0.3106355618474164,0.2173732921973019
6184,0.10326238514019791,0.3082799024636814,0.2050175173234835
6185,0.09719813357893571,0.2648175526650573,0.1676194190861216
6186,0.12606314688092152,0.27813210915116754,0.15206896227024602
6187,0.09769806137159145,0.23407779856384525,0.1363797371922538
6188,0.1201171597168813,0.2805891764702344,0.1604720167533531
6189,0.09759297677899825,0.32085818630364404,0.2232652095246458
6190,0.0820188876089499,0.33395929310790384,0.2519404054989539
6191,0.08176724574526774,0.3385510233670394,0.2567837776217717
6192,0.11071986111912653,0.32790871401298616,0.21718885289385964
6193,0.15901237531821225,0.27548902981542833,0.11647665449721609
6194,0.14440739625144303,0.29116421739053594,0.1467568211390929
6195,0.17505745939726677,0.2961850557126534,0.12112759631538664
6196,0.1557771541833215,0.27179500011805874,0.11601784593473724
6197,0.12868169674656765,0.24955571968872428,0.12087402294215663
6198,0.12554561143573081,0.21769779934714353,0.09215218791141272
6199,0.09698842079601973,0.20321630451462888,0.10622788371860915
6200,0.11738159186503705,0.29025987709493856,0.1728782852299015
6201,0.10454908875675824,0.2212309158371021,0.11668182708034387
6202,0.1279882342936639,0.24372748694520951,0.11573925265154561
6203,0.14930427499708257,0.25298201314539376,0.10367773814831119
6204,0.15258437402722916,0.27865078534058974,0.12606641131336058
6205,0.13735504549320876,0.249743687193604,0.11238864170039525
6206,0.0913806697386074,0.18716473252651716,0.09578406278790977
6207,0.12654515928414287,0.2754035456479955,0.14885838636385265
6208,0.12792477155405235,0.23865988571403776,0.11073511415998541
6209,0.1611365368459028,0.3152148978291467,0.1540783609832439
6210,0.12738772054917682,0.3148107247614768,0.1874230042123
6211,0.13468372918237853,0.2573049202805175,0.12262119109813896
6212,0.1250131258591113,0.17597047463642054,0.05095734877730923
6213,0.164382829189359,0.2332547036101021,0.06887187442074308
6214,0.12369522600458327,0.23428707456920092,0.11059184856461765
6215,0.08897000426165404,0.16859889139701809,0.07962888713536405
6216,0.09161011279634255,0.15402864474981232,0.06241853195346976
6217,0.0931417987714266,0.1454243288417628,0.05228253007033619
6218,0.12963223616496197,0.2086570594537213,0.07902482328875932
6219,0.13192879068056532,0.2001562670969773,0.06822747641641197
6220,0.14175243325007825,0.20739031205558867,0.06563787880551042
6221,0.1379436307854955,0.22289921298936807,0.08495558220387256
6222,0.14805993874569978,0.20964286991518838,0.0615829311694886
6223,0.1469347363756835,0.22969464752308685,0.08275991114740336
6224,0.15817146199481347,0.24353429764614404,0.08536283565133057
6225,0.10809131306680766,0.2502343125441085,0.14214299947730083
6226,0.09727412383944653,0.2987660623550425,0.20149193851559596
6227,0.09399439013257883,0.24230017323827585,0.14830578310569703
6228,0.11658801033158768,0.24142538994878862,0.12483737961720094
6229,0.127529128228734,0.2740938838738292,0.14656475564509522
6230,0.10723828886977133,0.1865557750777034,0.07931748620793208
6231,0.09718003529222433,0.18840575063578027,0.09122571534355595
6232,0.11144701877407584,0.17862076729134946,0.06717374851727362
6233,0.10911593713848253,0.22918572017459513,0.1200697830361126
6234,0.11484730498638733,0.232388289080382,0.11754098409399467
6235,0.10870886065971773,0.2233464699752918,0.11463760931557408
6236,0.10845212474779728,0.3006141639221063,0.19216203917430905
6237,0.09010151797741195,0.32224375744352035,0.2321422394661084
6238,0.10195582389818116,0.3054708792859177,0.20351505538773657
6239,0.08976251742282705,0.26602489930613393,0.1762623818833069
6240,0.10598902657706034,0.30395084465278166,0.19796181807572133
6241,0.09248738793301366,0.30993495553669836,0.21744756760368472
6242,0.10386320387262825,0.32789664123668316,0.2240334373640549
6243,0.11464339168298804,0.2397904630941437,0.12514707141115566
6244,0.10609382407232786,0.26169387597290944,0.15560005190058157
6245,0.10243610025180881,0.3286839958946641,0.2262478956428553
6246,0.09080364671463725,0.3256788122882285,0.23487516557359123
6247,0.12251366086131972,0.3332896299789441,0.21077596911762442
6248,0.12308208292300321,0.311593340708495,0.18851125778549177
6249,0.15275405841159068,0.29507714016865055,0.14232308175705988
6250,0.13253142950508826,0.28448485028433546,0.1519534207792472
6251,0.11575677291743423,0.2835858976120846,0.16782912469465033
6252,0.0942208884573311,0.26665779349596436,0.17243690503863324
6253,0.12724735881537036,0.2601839150767175,0.13293655626134715
6254,0.16161409153015135,0.25080211043603934,0.08918801890588798
6255,0.17863730026207802,0.25904220557639557,0.08040490531431754
6256,0.15752156890666766,0.22630468173872048,0.06878311283205282
6257,0.1173515130158973,0.1808156242869969,0.0634641112710996
6258,0.10677162886405203,0.22008043542941047,0.11330880656535844
6259,0.13278795035548557,0.24985158467569232,0.11706363432020675
6260,0.14490588427763595,0.28571644658550227,0.14081056230786632
6261,0.15873135335346394,0.30080144370759776,0.14207009035413382
6262,0.12869375613382641,0.26189462341951036,0.13320086728568395
6263,0.12221021930083263,0.25350623824718777,0.13129601894635512
6264,0.14697607896266635,0.28514558260515155,0.1381695036424852
6265,0.14514995433374725,0.24762759758975866,0.10247764325601141
6266,0.11002742649675575,0.25264662270954197,0.14261919621278624
6267,0.12322367969582962,0.24690608261291339,0.12368240291708377
6268,0.1462102661290637,0.10330640169826233,-0.04290386443080138
6269,0.11940483234110169,0.19066052261567046,0.07125569027456877
6270,0.10315078987758555,0.2904333492273242,0.18728255934973867
6271,0.1002164312189064,0.17775919214313426,0.07754276092422786
6272,0.10276042952761057,0.17917862541021526,0.07641819588260469
6273,0.10803858114543874,0.21411831295207343,0.10607973180663469
6274,0.11670517566574838,0.24664007634517301,0.12993490067942465
6275,0.15920970171799811,0.28670726861414936,0.12749756689615124
6276,0.14475615758923363,0.25809978042105736,0.11334362283182373
6277,0.13308457973151144,0.23550691140030988,0.10242233166879844
6278,0.16691702241580716,0.2273747660519963,0.06045774363618914
6279,0.1315510736462435,0.1872854798148829,0.055734406168639394
6280,0.14463956930021937,0.24659351969469426,0.10195395039447488
6281,0.10790622422935917,0.2974570546865122,0.189550830457153
6282,0.10295822380421574,0.24799616592123028,0.14503794211701454
6283,0.12808567764599438,0.28431950884865237,0.156233831202658
6284,0.11969633129824454,0.26137194658350565,0.14167561528526113
6285,0.1355451731790545,0.2628827891074015,0.12733761592834697
6286,0.1402252989369722,0.23781950400615942,0.09759420506918723
6287,0.13059622965233275,0.153757052649656,0.02316082299732325
6288,0.13431663739548874,0.20708982118440675,0.072773183788918
6289,0.07580314985747948,0.12045567611756566,0.04465252626008619
6290,0.1128348719865872,0.22053769085002686,0.10770281886343966
6291,0.10603618868383408,0.22573005124792847,0.1196938625640944
6292,0.12266405945890814,0.2658887605604963,0.1432247011015882
6293,0.08887976247794593,0.28901390263484594,0.2001341401569
6294,0.09920340949847438,0.2749265852838421,0.17572317578536772
6295,0.1035501529547005,0.24846161476245288,0.14491146180775238
6296,0.08540804341676872,0.19086816222953998,0.10546011881277126
6297,0.11481758598731012,0.3067966868635417,0.1919791008762316
6298,0.1388183985648568,0.3184174873101858,0.179599088745329
6299,0.14198007642656935,0.33336742237776135,0.191387345951192
6300,0.09161365836891859,0.34327424948746293,0.25166059111854433
6301,0.1304525473471303,0.3150827389164717,0.1846301915693414
6302,0.15149378526758459,0.31718575800435467,0.16569197273677008
6303,0.1453716072713486,0.3062537927730948,0.16088218550174618
6304,0.1395367683765807,0.27183096170825294,0.13229419333167225
6305,0.18440478913602454,0.32981847346213883,0.1454136843261143
6306,0.11262664460523178,0.30051679813953186,0.18789015353430008
6307,0.09265754587846566,0.2727053699818646,0.18004782410339898
6308,0.08869064268457771,0.28354601943529595,0.19485537675071823
6309,0.15868778078553797,0.2680365672575341,0.10934878647199614
6310,0.1813599518245035,0.26510524872697383,0.08374529690247032
6311,0.1390244658145561,0.23740800374520932,0.09838353793065321
6312,0.18776240083146706,0.2553865898318198,0.06762418900035272
6313,0.15194245524371833,0.19673520746729936,0.044792752223581034
6314,0.11210726288122128,0.24472835317035838,0.1326210902891371
6315,0.09812979189921989,0.19585640597618506,0.09772661407696517
6316,0.1535459977750497,0.2686046173261641,0.11505861955111438
6317,0.15543651003847023,0.24157331194056222,0.086136801902092
6318,0.13476253222405815,0.2098190529619946,0.07505652073793645
6319,0.11838134529511314,0.26862236785962396,0.15024102256451083
6320,0.13264549645418724,0.22711336338620078,0.09446786693201353
6321,0.12352522579307634,0.1448605665272294,0.021335340734153052
6322,0.12691437321657623,0.11383703880219992,-0.013077334414376307
6323,0.11964157230021832,0.1417794626285766,0.02213789032835828
6324,0.14934609197575802,0.11424758893346067,-0.03509850304229735
6325,0.11432315051489415,0.1261201634405081,0.011797012925613956
6326,0.10993328993726889,0.2559201015352193,0.14598681159795043
6327,0.10226171626768021,0.19270447366113888,0.09044275739345867
6328,0.10572492726257826,0.22434560359712655,0.11862067633454829
6329,0.09737559624959394,0.2346928199868958,0.13731722373730187
6330,0.10298951424540088,0.2564436247512414,0.1534541105058405
6331,0.12136026559375224,0.2582211600150171,0.13686089442126487
6332,0.1121728065286377,0.21470066637404778,0.10252785984541007
6333,0.14576195775905057,0.17947829872699653,0.03371634096794596
6334,0.1376281603177374,0.20962279906104242,0.07199463874330503
6335,0.1256671824117509,0.1799448700720336,0.05427768766028271
6336,0.11634659346391114,0.1953555165643004,0.07900892310038925
6337,0.11678745857770789,0.2577459680378586,0.1409585094601507
6338,0.1272959836104734,0.24404373218524322,0.11674774857476983
6339,0.11936649823115346,0.2522865921442521,0.1329200939130986
6340,0.1515786327420302,0.28219380920236004,0.13061517646032983
6341,0.11961098961254826,0.2466059955806666,0.12699500596811833
6342,0.13018485265405405,0.22094743221526658,0.09076257956121253
6343,0.15323434491310425,0.1599097500123914,0.006675405099287157
6344,0.1281677848069099,0.25136065977982236,0.12319287497291245
6345,0.1133327969322688,0.2140334931915248,0.10070069625925598
6346,0.10092597790743257,0.12833982339115904,0.027413845483726468
6347,0.09770902375405136,0.2673964427729838,0.16968741901893244
6348,0.09599531321889539,0.2533242023514635,0.15732888913256815
6349,0.09265289117873574,0.2714029299361046,0.17875003875736886
6350,0.14588849349476998,0.28038105496785615,0.13449256147308616
6351,0.10649750168291137,0.3077259572906396,0.20122845560772823
6352,0.08277203820252314,0.3252106892007133,0.24243865099819012
6353,0.09416177529137419,0.32465109308500906,0.23048931779363485
6354,0.12996206892240342,0.3306940564465224,0.20073198752411897
6355,0.12362991862026801,0.31755437060560965,0.19392445198534164
6356,0.12972108911258512,0.32675624447835083,0.1970351553657657
6357,0.09790265595603666,0.29202446463087456,0.19412180867483791
6358,0.12291207006160815,0.30716258098996635,0.1842505109283582
6359,0.1370815334025372,0.3357195566743118,0.1986380232717746
6360,0.17529092395837972,0.35462724239682025,0.17933631843844053
6361,0.13543227168183117,0.33875251204899937,0.2033202403671682
6362,0.10890569284227652,0.32128427573371016,0.21237858289143363
6363,0.12808970934345754,0.31886944977070664,0.1907797404272491
6364,0.15850168330440145,0.2600070190877164,0.10150533578331494
6365,0.17556088802434888,0.25294961881232747,0.07738873078797859
6366,0.12005829535602852,0.21417118100195331,0.0941128856459248
6367,0.14074512893954932,0.20584770767045715,0.06510257873090783
6368,0.15667347810960072,0.23772279420489664,0.08104931609529592
6369,0.10076314831303641,0.241502113364819,0.14073896505178257
6370,0.10567446307279241,0.1993806427985207,0.09370617972572828
6371,0.15673452978316355,0.21192156579964497,0.05518703601648142
6372,0.1404925531377057,0.196302154785217,0.05580960164751131
6373,0.11643305891874706,0.21640771747352475,0.09997465855477769
6374,0.10939897981007635,0.2002482052548355,0.09084922544475915
6375,0.10023392288294614,0.1192502283679031,0.01901630548495696
6376,0.11047939330565737,0.12217946737184357,0.0117000740661862
6377,0.11732870729038619,0.16127062702286218,0.04394191973247599
6378,0.11638237806434094,0.15187516649618743,0.035492788431846486
6379,0.12946202552982303,0.19750791292995262,0.0680458874001296
6380,0.10789705694236267,0.22748978782420265,0.11959273088183998
6381,0.12112910406062617,0.25366352492988026,0.1325344208692541
6382,0.10489300684906491,0.19760458252006494,0.09271157567100002
6383,0.10402164746374873,0.21440974529272103,0.1103880978289723
6384,0.09371823061642372,0.19842534939698445,0.10470711878056073
6385,0.1206935445026034,0.19727846222433268,0.07658491772172928
6386,0.11071637251425424,0.20182285615368284,0.0911064836394286
6387,0.10363255694958014,0.19407108295354006,0.09043852600395992
6388,0.11203832915115108,0.18729549394832998,0.0752571647971789
6389,0.13150862738313254,0.20791629610810636,0.07640766872497382
6390,0.10856534462101208,0.18765382837689137,0.07908848375587929
6391,0.10253730540938823,0.17359656001739857,0.07105925460801034
6392,0.12603299460466597,0.1980254515516047,0.07199245694693873
6393,0.12182226380482811,0.21672008724219932,0.09489782343737121
6394,0.1279013071782536,0.2657721920530731,0.13787088487481952
6395,0.12703820413668293,0.28792622096070186,0.16088801682401893
6396,0.1466178881217263,0.2690511582523914,0.1224332701306651
6397,0.11806526410737257,0.24749211044026748,0.12942684633289492
6398,0.12873519016900703,0.2799090118394104,0.15117382167040339
6399,0.16975043075536045,0.22416284267837613,0.054412411923015686
6400,0.1589620177313947,0.23840342622732894,0.07944140849593423
6401,0.16522966530989863,0.20782942825548306,0.04259976294558443
6402,0.09307113012875907,0.3111174836618958,0.21804635353313673
6403,0.0878010947205084,0.3392717971922792,0.2514707024717708
6404,0.08592130268494015,0.3276922714730028,0.24177096878806265
6405,0.11212440643124462,0.31915494422693114,0.20703053779568653
6406,0.1372055652661985,0.29676569675207404,0.15956013148587553
6407,0.13380101581109463,0.28910260558872153,0.1553015897776269
6408,0.15389073009267204,0.3187734645784029,0.16488273448573085
6409,0.14008952514382123,0.3011882621510637,0.16109873700724248
6410,0.12029945475149512,0.3162202547484856,0.19592079999699047
6411,0.10916476097293445,0.3159335625986382,0.20676880162570374
6412,0.11980639469074883,0.33313427839064524,0.21332788369989641
6413,0.11625637703819294,0.33267366582814806,0.21641728878995511
6414,0.11848026243105989,0.30367812726010895,0.18519786482904907
6415,0.1045026590929361,0.2368955703711105,0.1323929112781744
6416,0.10342703172748817,0.27200047515051995,0.16857344342303177
6417,0.09876214560006158,0.28882843521095364,0.19006628961089206
6418,0.09132679699631126,0.23700118316325816,0.1456743861669469
6419,0.10121510277462857,0.21099449363653136,0.10977939086190279
6420,0.11457286254924677,0.23370051124575447,0.1191276486965077
6421,0.1708446379746198,0.2883569197972588,0.11751228182263901
6422,0.12288511345804493,0.2095297192276737,0.08664460576962876
6423,0.15612129577688375,0.22519387153528767,0.06907257575840392
6424,0.14555603240506315,0.21605342366284655,0.0704973912577834
6425,0.08547218790759974,0.13952655244966705,0.054054364542067315
6426,0.09157314461505282,0.14543262102307153,0.053859476408018706
6427,0.10222274886525314,0.14028242094406038,0.03805967207880724
6428,0.10785030529966068,0.16216487374009667,0.05431456844043599
6429,0.12149797563217116,0.19150782333343766,0.0700098477012665
6430,0.11979230447686502,0.134497642376239,0.01470533789937399
6431,0.0995077076203147,0.16256955843006665,0.06306185080975195
6432,0.11036033449078876,0.22537091353554523,0.11501057904475646
6433,0.11400053641339548,0.20104624735318888,0.0870457109397934
6434,0.12253602846511298,0.18963288692430355,0.06709685845919057
6435,0.11726292308566218,0.18957485896652418,0.072311935880862
6436,0.12467139236958653,0.17124660109971804,0.046575208730131504
6437,0.09357393455753077,0.164699729090679,0.07112579453314824
6438,0.09570636959887485,0.24130430264525576,0.1455979330463809
6439,0.10217649966264537,0.29220258931767557,0.1900260896550302
6440,0.09822511053609999,0.26309894685839885,0.16487383632229885
6441,0.11079134307350498,0.2417706711559956,0.13097932808249063
6442,0.12005652176244211,0.23302664010331553,0.11297011834087342
6443,0.12917035103403673,0.20825348327333873,0.079083132239302
6444,0.1265679615016253,0.21756989827268972,0.09100193677106441
6445,0.12760175141654312,0.24429414148475462,0.1166923900682115
6446,0.14880892432541484,0.27200203227390446,0.12319310794848962
6447,0.15059686781783754,0.2642584672757177,0.11366159945788018
6448,0.1370072285621325,0.2454877296637724,0.10848050110163993
6449,0.15323728309870602,0.20878683116636465,0.05554954806765863
6450,0.18940366793782684,0.22594665134962014,0.036542983411793295
6451,0.17232169511546078,0.23034179565278723,0.05802010053732645
6452,0.17964215711124765,0.26219328611193665,0.082551129000689
6453,0.1633648771499031,0.23342939551819986,0.07006451836829675
6454,0.08881164382650807,0.340848430355833,0.25203678652932493
6455,0.08609195364704665,0.34017665025365545,0.2540846966066088
6456,0.10292242788998482,0.32316420854205213,0.22024178065206731
6457,0.10814784317106303,0.2888250889350623,0.1806772457639993
6458,0.12183975546039567,0.21759090677691162,0.09575115131651595
6459,0.1528910075577979,0.299446201875214,0.1465551943174161
6460,0.10274354910262941,0.312168755104298,0.20942520600166858
6461,0.1366411538886567,0.27660399386228207,0.13996283997362538
6462,0.14691622591376471,0.3148156531005821,0.1678994271868174
6463,0.08868543359626715,0.285275556595332,0.19659012299906484
6464,0.0980530821440079,0.31015112680952467,0.21209804466551677
6465,0.10970117755292744,0.2805125710516245,0.1708113934986971
6466,0.09404547190421896,0.26428370773226567,0.1702382358280467
6467,0.08451519355089022,0.21079219688861767,0.12627700333772746
6468,0.0779001617393636,0.22503897803072734,0.14713881629136374
6469,0.08969356968798815,0.23918306208282156,0.1494894923948334
6470,0.0868794646635293,0.2543389725302675,0.1674595078667382
6471,0.11033988035511998,0.20568575716598805,0.09534587681086808
6472,0.12861772197883448,0.22775994531479068,0.09914222333595621
6473,0.14449152565022153,0.2301618641969871,0.08567033854676556
6474,0.1672212048818532,0.2827494981445066,0.1155282932626534
6475,0.11078813957286397,0.1787247591269982,0.06793661955413423
6476,0.08716402801672665,0.12422907590889154,0.03706504789216489
6477,0.1023268968713492,0.1447306027146421,0.04240370584329291
6478,0.16470042724357747,0.21395970306643292,0.04925927582285544
6479,0.13463106139512687,0.2202555520831807,0.08562449068805383
6480,0.11800564658105876,0.16923019815867243,0.05122455157761367
6481,0.12314187012382607,0.14744607977776913,0.02430420965394306
6482,0.1222387765554457,0.22326251056682042,0.10102373401137472
6483,0.1244060999183723,0.1973502367785013,0.072944136860129
6484,0.10667271541769571,0.22021983892803684,0.11354712351034113
6485,0.14143088969622716,0.21034418497801585,0.06891329528178869
6486,0.14164383965504798,0.20837529066516117,0.06673145101011319
6487,0.10802559923265304,0.24698324762550433,0.1389576483928513
6488,0.096509288651846,0.29392944751422934,0.19742015886238334
6489,0.09482222268562673,0.2895765837164735,0.19475436103084676
6490,0.08819335480708311,0.30015511708815934,0.21196176228107622
6491,0.09925658559647417,0.2784849454147438,0.17922835981826962
6492,0.11081193626107189,0.24764529448650857,0.13683335822543669
6493,0.10486708504785763,0.19427750996247825,0.08941042491462062
6494,0.12560242374894143,0.22792789891241494,0.10232547516347351
6495,0.11156673830176884,0.22326055916856757,0.11169382086679873
6496,0.1485094716858761,0.2695696461147735,0.12106017442889741
6497,0.1551066182584055,0.27530435776088175,0.12019773950247625
6498,0.15107794201097252,0.2838123165853725,0.13273437457439996
6499,0.17614938295790533,0.29117129985943385,0.11502191690152852
6500,0.1541303991350306,0.2715064897804445,0.1173760906454139
6501,0.17732810887374595,0.2466464432211817,0.06931833434743576
6502,0.16982736130503095,0.2486047735791421,0.07877741227411114
6503,0.150427664764279,0.2389458284049069,0.08851816364062792
6504,0.08099726590053184,0.3367232706055649,0.25572600470503304
6505,0.10881836084946118,0.32887873658302713,0.22006037573356596
6506,0.13269090684904156,0.33025604213264614,0.1975651352836046
6507,0.10629749389882438,0.3318977313993794,0.22560023750055502
6508,0.111263700686189,0.3413699734318942,0.23010627274570516
6509,0.1771878588253908,0.28217238902638103,0.10498453020099024
6510,0.08509408790941717,0.3373449147532707,0.2522508268438536
6511,0.11143398367139781,0.2873966921305255,0.17596270845912768
6512,0.08689767195181308,0.24286981652492753,0.15597214457311445
6513,0.08324573675021861,0.17797863413675333,0.09473289738653472
6514,0.08924045274803673,0.1694170013370848,0.08017654858904806
6515,0.09986413099690067,0.26114956069639667,0.161285429699496
6516,0.09241584889823097,0.2929632299344421,0.20054738103621117
6517,0.08741156245882432,0.18464493593101866,0.09723337347219434
6518,0.09026595094476972,0.1445889989408314,0.05432304799606169
6519,0.14274961448285883,0.20108228422803667,0.05833266974517784
6520,0.13483456084817366,0.19169821230005463,0.056863651451880964
6521,0.12494954536040008,0.15978695125043574,0.03483740589003566
6522,0.13386850977337875,0.15529767690736185,0.0214291671339831
6523,0.1280253440045269,0.1869232393933245,0.05889789538879761
6524,0.1682261121261095,0.20553073036122108,0.03730461823511158
6525,0.13450445013167597,0.24658802917487907,0.1120835790432031
6526,0.11660896629288925,0.2135295692818701,0.09692060298898086
6527,0.12971091047912056,0.18947304244132174,0.059762131962201176
6528,0.10676077857101977,0.18416119457278712,0.07740041600176735
6529,0.13842003097570976,0.1831515441360085,0.04473151316029875
6530,0.13767732787629272,0.17518931352037367,0.03751198564408095
6531,0.14658807292019035,0.21772591854660953,0.07113784562641917
6532,0.09298843446941092,0.27984777356002527,0.18685933909061436
6533,0.09593636338493793,0.28675318718564985,0.1908168238007119
6534,0.11054594131089107,0.2098794839253409,0.09933354261444982
6535,0.10632233670953278,0.26125638853858096,0.15493405182904818
6536,0.12693595664313864,0.23195623285794748,0.10502027621480883
6537,0.12030528846732372,0.2241247274675657,0.10381943900024199
6538,0.16292181845818737,0.2513581289459249,0.08843631048773754
6539,0.14960063295704054,0.22892828088070094,0.0793276479236604
6540,0.11975757983539162,0.22262780495118373,0.10287022511579211
6541,0.14518961335991598,0.3054059135287929,0.16021630016887695
6542,0.14547628145202623,0.2662684311938751,0.12079214974184888
6543,0.1659478946376831,0.2224481180624547,0.056500223424771595
6544,0.17096673443063867,0.2047012869881447,0.033734552557506015
6545,0.08858988155592935,0.2811504417452533,0.19256056018932394
6546,0.10452132163804394,0.2163319604930588,0.11181063885501487
6547,0.09306141251085945,0.22155411745288467,0.12849270494202522
6548,0.08262265843229148,0.23491242139780028,0.15228976296550878
6549,0.08151546705511202,0.26850907936853813,0.1869936123134261
6550,0.08898233429926725,0.25166820925086403,0.16268587495159678
6551,0.08559853579847268,0.15267429808939537,0.06707576229092269
6552,0.07021144866016159,0.106371365114014,0.036159916453852414
6553,0.09786453509532982,0.152230573954105,0.05436603885877518
6554,0.0905605872351106,0.12279991816163258,0.03223933092652198
6555,0.1117765007028639,0.14417422529055637,0.03239772458769247
6556,0.1557600115979573,0.19104634554562147,0.03528633394766417
6557,0.1436945467270398,0.2318102397346279,0.08811569300758809
6558,0.17314435199895895,0.2518189869589843,0.07867463496002536
6559,0.12792508116725484,0.2083939574598615,0.08046887629260666
6560,0.09737324434851058,0.17587835145297387,0.07850510710446329
6561,0.1242127030126601,0.19437000596286977,0.07015730295020967
6562,0.11906394659477351,0.19137207193821432,0.0723081253434408
6563,0.14557295020622035,0.2099276934664737,0.06435474326025334
6564,0.13824952251347286,0.22279260073131166,0.0845430782178388
6565,0.12538544101482405,0.284198310984372,0.15881286996954794
6566,0.0878860407852061,0.3258982700834913,0.23801222929828522
6567,0.09333875420574604,0.30501477477287403,0.21167602056712798
6568,0.09647099306448013,0.2796582245179118,0.18318723145343163
6569,0.09690966538902793,0.294182857823081,0.19727319243405309
6570,0.13843481834042984,0.25424429849542723,0.1158094801549974
6571,0.10713116550515522,0.19599354325670956,0.08886237775155434
6572,0.1298740470692725,0.206421333492753,0.07654728642348049
6573,0.13979448106929088,0.24984570338307663,0.11005122231378575
6574,0.15610538820143352,0.263923431045749,0.10781804284431548
6575,0.14800689042798498,0.2785620533267814,0.13055516289879643
6576,0.16869249115420984,0.28253663774313664,0.1138441465889268
6577,0.16146831501966344,0.2632060274488061,0.10173771242914267
6578,0.09575682888013924,0.16011567227064022,0.06435884339050098
6579,0.09147872434365588,0.26841971445345497,0.17694099010979908
6580,0.10203877025686774,0.24856870665120612,0.14652993639433837
6581,0.12370600792094147,0.24507814682213735,0.12137213890119589
6582,0.11392689126045218,0.2475829961043069,0.1336561048438547
6583,0.11480436255004355,0.26303568325100213,0.14823132070095857
6584,0.1121437732525825,0.22625663857388068,0.11411286532129818
6585,0.1067479934741,0.1785488642978885,0.0718008708237885
6586,0.0741063044916685,0.12502445999820383,0.050918155506535334
6587,0.09828622351364455,0.14455285545806668,0.046266631944422126
6588,0.09360127001991375,0.13089067031620902,0.037289400296295266
6589,0.12022671973314422,0.19787722348255188,0.07765050374940766
6590,0.12635038689095687,0.22888431245617938,0.1025339255652225
6591,0.14454770527339203,0.19964061169119682,0.05509290641780479
6592,0.14606097423818623,0.17828092913419719,0.032219954896010955
6593,0.09807036865795524,0.160136808047595,0.062066439389639766
6594,0.09509619736882458,0.172434542222467,0.07733834485364244
6595,0.18684852921164963,0.30234334653471834,0.11549481732306871
6596,0.12703691990486077,0.23117829930906597,0.1041413794042052
6597,0.13277068238050604,0.23024825883305453,0.09747757645254848
6598,0.1131374579050361,0.24123833376679163,0.12810087586175553
6599,0.09042074446142111,0.2822773820839694,0.1918566376225483
6600,0.0908058712664664,0.2740378194186409,0.18323194815217453
6601,0.09183088840636104,0.299029658398807,0.20719876999244596
6602,0.10939205279908422,0.3008942396888447,0.1915021868897605
6603,0.11670576137091279,0.25709362750159154,0.14038786613067875
6604,0.13564535480162077,0.24220404014808333,0.10655868534646257
6605,0.14958538780882222,0.23553610253518484,0.08595071472636262
6606,0.15109949062149153,0.26175710956560183,0.1106576189441103
6607,0.17903644149332482,0.2674037586533874,0.08836731716006258
6608,0.17047415311640823,0.2293603532022564,0.05888620008584816
6609,0.16385491044113076,0.2513844669923598,0.08752955655122902
6610,0.08559035991596446,0.16280374752969096,0.0772133876137265
6611,0.10942355012803759,0.26360220033175236,0.15417865020371477
6612,0.13035379928175997,0.24037178043683596,0.110017981155076
6613,0.1272074451165461,0.2038798772196206,0.07667243210307448
6614,0.1455273101855537,0.22582452689419324,0.08029721670863954
6615,0.11201989505330491,0.20408932902248325,0.09206943396917834
6616,0.12232016215564058,0.1890786163624345,0.06675845420679392
6617,0.08135083608984237,0.13849804610663663,0.057147210016794264
6618,0.08143611400722334,0.12798649177540886,0.04655037776818552
6619,0.10334817216437549,0.14043438687118862,0.03708621470681313
6620,0.07014338774577775,0.10668830573663601,0.03654491799085827
6621,0.09138753449123048,0.1467564498831868,0.05536891539195633
6622,0.12670374903214365,0.19852542478885385,0.0718216757567102
6623,0.11711825716328904,0.19756116070031451,0.08044290353702548
6624,0.08906639251589012,0.15238233767803458,0.06331594516214446
6625,0.10155055789830719,0.16154781597591436,0.05999725807760717
6626,0.07165071757072577,0.12493476294399924,0.05328404537327347
6627,0.17987590076636648,0.26653395565298066,0.08665805488661418
6628,0.12797691712890433,0.23264217484250155,0.10466525771359722
6629,0.09392086881068826,0.1822974658680229,0.08837659705733464
6630,0.11378711570120562,0.2634523503988896,0.14966523469768397
6631,0.0911376293510434,0.29027579321882985,0.19913816386778643
6632,0.09490854660232909,0.3332751750588952,0.23836662845656612
6633,0.10610121519871556,0.3054097291739224,0.19930851397520682
6634,0.1427233435526298,0.24991906504125483,0.10719572148862502
6635,0.15420538743046877,0.23443666766577664,0.08023128023530787
6636,0.17580435925921695,0.23814624637470969,0.06234188711549274
6637,0.15753333911258852,0.20955368663463747,0.052020347522048954
6638,0.17057054062984026,0.2220142756005528,0.05144373497071256
6639,0.15127254165985607,0.2290494528634338,0.07777691120357774
6640,0.17469631404425742,0.2449981164177973,0.07030180237353989
6641,0.07531523446749622,0.14373469989408152,0.06841946542658531
6642,0.1165844794964833,0.32862515426965916,0.21204067477317584
6643,0.11789308260080812,0.2657541138177695,0.14786103121696137
6644,0.11596603585421056,0.22199339166359297,0.10602735580938241
6645,0.0952011778886111,0.22344404130497683,0.12824286341636573
6646,0.10107600723798027,0.197615066604,0.09653905936601972
6647,0.09789781702698809,0.23022682414542828,0.1323290071184402
6648,0.10135675042784636,0.2302575569287397,0.12890080650089333
6649,0.11776804096453117,0.20062712852118345,0.08285908755665228
6650,0.082516668680348,0.13512860465810528,0.052611935977757276
6651,0.07043453499146204,0.11084262920858573,0.040408094217123686
6652,0.09836191046767774,0.1595206997275384,0.061158789259860666
6653,0.1330269192163368,0.22251840385685662,0.08949148464051981
6654,0.12576135371992833,0.20525524113555307,0.07949388741562474
6655,0.10638389857498218,0.17608393083271845,0.06970003225773627
6656,0.12896097003250445,0.20644475344353688,0.07748378341103243
6657,0.1679648713340166,0.2467710830599706,0.07880621172595398
6658,0.1757218588694845,0.2747181191825583,0.09899626031307379
6659,0.11534049634178058,0.20673215906976353,0.09139166272798295
6660,0.11053483496153053,0.21933729117883408,0.10880245621730354
6661,0.1330807434206735,0.24084326320969063,0.10776251978901713
6662,0.10902479124763952,0.2608803028057783,0.15185551155813876
6663,0.11310186357416166,0.26352807708953746,0.1504262135153758
6664,0.1516846520210586,0.24705968010731386,0.09537502808625525
6665,0.14283806193356186,0.22754559068672023,0.08470752875315837
6666,0.15626708859951005,0.23177338167626324,0.07550629307675319
6667,0.16323034575371143,0.2422679203238525,0.07903757457014107
6668,0.16031976771857365,0.22312905306777106,0.06280928534919741
6669,0.1738250303537945,0.23410498816228237,0.060279957808487855
6670,0.14269944667585557,0.17539347727397508,0.03269403059811951
6671,0.08312273920307535,0.23823451060542364,0.15511177140234828
6672,0.08156093887769579,0.21322850084440853,0.13166756196671275
6673,0.08606875349933941,0.23646296621696591,0.15039421271762649
6674,0.09248931284102489,0.24632578499868907,0.15383647215766416
6675,0.0894833495135277,0.24380254509876448,0.15431919558523677
6676,0.10639916074617946,0.20761957115159788,0.10122041040541842
6677,0.09329923264394405,0.14063965075857457,0.04734041811463052
6678,0.08940695227361177,0.13747840052390894,0.048071448250297175
6679,0.11433719007078355,0.23466184733663414,0.1203246572658506
6680,0.14296339676519584,0.2716307895364618,0.12866739277126596
6681,0.12364690881351423,0.26804947599208545,0.14440256717857122
6682,0.10684747374028447,0.24730792437592336,0.1404604506356389
6683,0.10194840380451882,0.22191758728187788,0.11996918347735906
6684,0.09920118267262765,0.23728860356266349,0.13808742089003584
6685,0.1040997726465319,0.22905761392889437,0.12495784128236247
6686,0.12845855936848727,0.21347835523339034,0.08501979586490307
6687,0.0828850460479705,0.2538513425544467,0.17096629650647618
6688,0.07897928945902877,0.27166422950696184,0.19268494004793307
6689,0.08915903516048582,0.26663437559274195,0.17747534043225613
6690,0.0888170059340053,0.2523130200239328,0.1634960140899275
6691,0.104243390428727,0.25352388875548015,0.14928049832675316
6692,0.12131768752202618,0.20551570087099508,0.0841980133489689
6693,0.11548619535199292,0.21090135712456523,0.09541516177257231
6694,0.11742166045175105,0.23963447908707144,0.1222128186353204
6695,0.1243286545029823,0.27420848472540393,0.14987983022242163
6696,0.14379568323310696,0.2604236253340535,0.11662794210094654
6697,0.11772377837529695,0.2606761672210869,0.14295238884578992
6698,0.1096469465766927,0.23173419458476632,0.12208724800807362
6699,0.10739954076357196,0.21993819624946478,0.11253865548589283
6700,0.11050139222384406,0.2562343896712384,0.14573299744739435
6701,0.09303007117996877,0.28948236902387176,0.196452297843903
6702,0.11067896149593988,0.28561390107057977,0.1749349395746399
6703,0.1111054351122774,0.27919087029311207,0.16808543518083469
6704,0.10764301713002618,0.280116337136045,0.17247332000601884
6705,0.10328059557723938,0.237252507252239,0.1339719116749996
6706,0.10588764967365945,0.2824255217132209,0.17653787203956145
6707,0.11548156853903811,0.24796473627099883,0.13248316773196073
6708,0.09679745800809963,0.27735007557337577,0.18055261756527613
