cell_id,building_density,road_density
0,0.004488166518344569,0.01218877925230635
1,0.0,0.0
2,0.0,0.0
3,0.0,0.0
4,0.0,0.0
5,0.0,0.0
6,0.0,0.004543719367297255
7,0.0,0.0
8,0.0,0.0
9,0.0,0.0
10,0.0,0.0
11,0.0,0.0
12,0.0,0.0
13,0.0,0.00027079326569718666
14,0.0,0.005981200410668855
15,0.0,0.0
16,0.0,0.0
17,0.0,0.0
18,0.0,0.0
19,0.0,0.0
20,0.0,0.0
21,0.0,0.0
22,0.0,0.0
23,0.0,0.0
24,0.0,0.0
25,0.0,0.0
26,0.0,0.0035425995862641275
27,0.00017256963498786952,0.0017877754411565088
28,0.0,0.0
29,0.0009685101334066876,0.0
30,0.0005276086468136001,0.0
31,0.0,0.0
32,0.0,0.0
33,0.0,0.0
34,0.0,0.0
35,0.0,0.0
36,0.0,0.001441932993433597
37,0.0,0.00022059623156013542
38,0.0,0.0
39,0.0,0.0
40,0.00761740816484077,0.014850475321818742
41,0.010620238213386205,0.014334157569777647
42,0.002801128158085723,0.0028826400206139946
43,0.003835173948044833,0.009473540701962829
44,0.0004925856555342889,0.0027618101071563267
45,0.0,0.0
46,0.0,0.0
47,0.0,0.0
48,0.001245715028985796,0.0036374924007754475
49,0.0,0.0
50,0.0,0.0
51,0.0,0.00990319539003582
52,0.0,0.0013761243361812168
53,0.0,0.008187047814580573
54,0.0,0.00665491441056379
55,0.0,0.0
56,0.0,0.005181720843791833
57,0.012197529116425241,0.017754139958581317
58,0.00723043636277476,0.019512972888619327
59,0.002366901385363731,0.012018033481870161
60,0.0064795479493344995,0.008572776817410442
61,0.006760554316163965,0.0023735097956689346
62,0.0,0.0
63,0.0,0.00536013285825994
64,0.0,0.004274920427315625
65,0.0162853750720909,0.030874061170850713
66,0.0,0.015822376276916062
67,0.0,0.0
68,0.0,0.0
69,0.000999757588281731,0.004673275533086781
70,0.0,0.005352780377348908
71,0.0,0.00955783802872631
72,0.0,0.009017207575176111
73,0.0,0.02714793789192322
74,0.0,0.016758042156262188
75,0.0,0.008483379973308048
76,0.0,0.012957205691884969
77,0.008350376311152586,0.023998878080376974
78,0.000647359917326578,0.016560164629982558
79,0.004218916172474344,0.0018308234265633574
80,0.012500117194776495,0.008852988734653771
81,0.005774298276537597,0.005858323171854722
82,0.0,2.54572495956657e-05
83,0.0,0.0
84,0.00033360389851443687,0.04798058074038626
85,0.0,0.04188420646682484
86,0.0,0.006425608433947505
87,0.0,0.0
88,0.0,0.0
89,0.2232676742213214,0.04420559076185034
90,0.02899508662252879,0.013711519900204623
91,0.010591378424247719,0.01102427724659842
92,0.002090701723255629,0.008458255307800085
93,0.0,0.0040114289588467165
94,0.0,0.009550153113272907
95,0.0,0.018222621337625786
96,0.0,0.0316968240889328
97,0.0,0.011400675648832232
98,0.0,0.002786216770623777
99,0.007996224564522555,0.014697830451034042
100,0.0056731247912443425,0.010370306250611423
101,0.07455540754156192,0.005958319340546105
102,0.07617564678730271,0.00520867611072811
103,0.0046531511806635105,0.00592065839731773
104,0.0,0.0036595217000437406
105,0.0,0.0015941657012681866
106,0.0,0.0
107,0.0,0.0
108,0.0,0.0
109,0.00017774115439411203,0.0
110,0.0,0.0
111,0.0,0.0
112,0.0,0.014756320210239439
113,0.0004298278759576029,0.027152721209935466
114,0.00544184550052857,0.0156839979236742
115,0.07551841764851405,0.030248177618113707
116,0.02757023189847952,0.013585686195918482
117,0.0086236594236261,0.0011161073527176948
118,0.0,0.004776830876628569
119,0.0,0.0
120,0.0,0.01869005275390007
121,0.0068884194056437476,0.015882021108898546
122,0.0058597287958102335,0.008704388666390672
123,0.008336059224489975,0.008119881476726213
124,0.014786168174416818,0.0004198365496051808
125,0.004130141574588368,0.014264277742544655
126,0.003704796022467591,0.009320762299152045
127,0.4464235060548112,0.0
128,0.3111371653744286,0.0029928741547203407
129,0.005994393111989877,0.013651941104145963
130,0.0,0.008077980672911423
131,0.0,0.003204370219397284
132,0.0,0.0028373989139190087
133,0.0,0.0
134,0.0,0.0
135,0.0002517347934272073,0.0
136,0.00015254191524541037,0.0
137,0.00012746214648330756,0.0
138,0.0,0.007727599963813562
139,0.0,0.016915316501758735
140,0.0,0.0301303699825459
141,0.0017739112259636907,0.02441135272813818
142,0.0,0.0003201322967392896
143,0.0,0.0
144,0.0,0.007037512681201564
145,0.0,0.0020814109799792107
146,0.0,0.012841657448932401
147,0.009112193861067656,0.01592378614415417
148,0.020062463204969346,0.006656072566584978
149,0.020136407933360995,0.014679464542828691
150,0.05565484308916178,0.019788148814966995
151,0.030381244513697822,0.015108444832219506
152,0.0,0.021314613732076965
153,0.0,0.00889181263278614
154,0.0,0.00375755952245395
155,0.0,0.008272418198061909
156,0.0,0.008039304208661047
157,0.0,0.004126651993021839
158,0.0,0.0012696693696458866
159,0.0,0.0010479691521147285
160,0.0,0.0
161,0.0,0.0
162,0.0,0.0
163,0.0006396658219696502,0.0
164,0.0,0.0
165,0.0,0.0
166,0.0,0.0
167,0.0,0.009336638745039098
168,0.0059843045103336,0.02256657248240052
169,0.002111084311899841,0.008842296104847493
170,0.0,0.0
171,0.0,0.0016806753147184741
172,0.0,0.00863162792521012
173,0.0,0.013203267995668736
174,0.0,0.008022634479336734
175,0.027279372624256,0.014072684967070393
176,0.0002123976283174537,0.01773262971314306
177,0.0035390396498757976,0.013022793231212736
178,0.008731227955868011,0.019221908204858234
179,0.0,0.022169614738336837
180,0.0,0.012273279341199372
181,0.0,0.009362918662317551
182,0.0,0.006630766546739811
183,0.0,0.009047567370121579
184,0.0,0.006425147196367135
185,0.0,0.005002380843440592
186,0.0,0.0
187,0.0,0.0
188,0.0,0.0
189,0.0,0.0
190,0.0,0.0
191,0.0,0.0
192,0.0,0.0
193,0.0,0.0
194,0.0,0.0008661844638859803
195,0.0,0.02516815900585194
196,0.014549272031356532,0.00912679933420152
197,0.003016138314930731,0.005316665557892626
198,0.0,0.007439159257561816
199,0.0,0.020290465268748916
200,0.008607477018061844,0.011955721615159601
201,0.0019282442377565705,0.015263484758391505
202,0.024315665515133193,0.022521258128519198
203,0.03927691451559505,0.03202860414827417
204,0.01488124073109397,0.03290614013196214
205,0.0059957586080834615,0.036862890958604504
206,0.0,0.02863936734511303
207,0.0007575298539078649,0.014115523137049876
208,0.0,0.009840587579788333
209,0.0,0.008274515692967728
210,0.0,0.0028940237578537068
211,0.0,0.0
212,0.0,0.0
213,0.0,0.0
214,0.0,0.0
215,0.0,0.0
216,0.0,0.0
217,0.0,0.0
218,0.0,0.0
219,0.003357646013112265,0.009728755747622114
220,0.020477195634043453,0.018154400346871442
221,0.04006809301956389,0.0156434624199809
222,0.011119325173753398,0.015615436588683931
223,0.020129444268114895,0.02288026211730491
224,0.052988191550324186,0.009980965232119924
225,0.019731656657846593,0.018531780569659706
226,0.08088115564687184,0.025329645206525284
227,0.05807110660061943,0.022357637039416088
228,0.05400740107304986,0.02046922450054996
229,0.05245113220031146,0.020915779343628423
230,0.02613488585608731,0.015282198190515286
231,0.04627372237815939,0.009180303289925555
232,0.026185930424976012,0.0034187187955951343
233,0.0017600429803733802,0.0
234,0.0,0.0
235,0.0,0.0
236,0.0,0.0
237,0.0,0.0
238,0.00041258861992470556,0.0
239,0.0,0.0
240,0.0,0.0014246819718323925
241,0.0005489864619261667,0.012332555607205555
242,0.007827131362966184,0.03448273342925144
243,0.0013845633748116363,0.012240237825803548
244,0.01141101763729286,0.007934152861184325
245,0.031153838268547496,0.011562139006827604
246,0.1286087116775977,0.035704718703813185
247,0.12480856519852034,0.02624906542759774
248,0.07847876665924104,0.01582050322956094
249,0.04661027035461614,0.020087613933983135
250,0.0680622284948534,0.008996335984790492
251,0.052539159369245504,0.0025542496909518662
252,0.05938015571204306,0.008976785703328561
253,0.11280387609672594,0.02119427073986427
254,0.047690045452437026,0.01495605392664812
255,0.04528243431319542,0.005374141089199447
256,0.06623979983534459,0.014371280328792885
257,0.05480715902676573,0.01540593423252572
258,0.01653793294520394,0.009719968661866238
259,0.0,0.004641826413534174
260,0.0,0.0
261,0.0,0.0
262,0.0,0.0
263,0.0,0.0
264,0.0,0.0
265,0.012042233092406129,0.004066728242289631
266,0.041258152528370395,0.041105956385239235
267,0.11792569678014662,0.05291528765030279
268,0.07983921391240621,0.06251576422092671
269,0.04545021213438475,0.04722642426446513
270,0.027997930997993564,0.022911121524703936
271,0.027958985581729094,0.014322889108597588
272,0.10723707055652126,0.015013780259655277
273,0.08256939151478442,0.011320950346375412
274,0.06182229124792679,0.013207128614013606
275,0.048836549359211515,0.01017517799652461
276,0.034508666979225805,0.0
277,0.026919014601935055,0.0
278,0.041310711022697705,0.00949591807825362
279,0.051603138274785985,0.024862313419774545
280,0.107592309177913,0.006016856779562012
281,0.01850877646022025,0.0
282,0.04809943342687588,0.0
283,0.04725802727099303,0.007701419435162003
284,0.010980516574092821,0.01762716306694642
285,0.0,0.008234544206201778
286,0.0024951597090665935,0.0
287,0.0,0.0
288,0.0,0.0
289,0.0,0.0
290,0.0,0.0
291,0.0,0.0
292,0.03045592986236945,0.004628924506854356
293,0.05131116769425932,0.03414698470992333
294,0.19681629108092494,0.04927541570958138
295,0.16523922332211868,0.04917734457834478
296,0.08339885886850251,0.03964803791233138
297,0.053829385455229334,0.02301746177870663
298,0.029398908159421127,0.01580032568605573
299,0.04088481956258293,0.016406900078105587
300,0.0354454088817252,0.018085149335675902
301,0.032689551001434454,0.013446533333335677
302,0.0543699541092775,0.004628604706426756
303,0.036640924361677776,0.004906559315558825
304,0.07114515223163913,0.004096390478222078
305,0.01202490157442151,0.009672329773479598
306,0.007622243231036091,0.004376724706181184
307,0.04195931751316463,0.004585144537127456
308,0.07661581057009349,0.0
309,0.0970573755777452,0.0
310,0.05654556148677685,0.0
311,0.03710209927581439,0.0
312,0.014999388495523684,0.002614746839843698
313,0.001119987328342426,0.0
314,0.0,0.0
315,0.0,0.0
316,0.0,0.0
317,0.0,0.0
318,0.0,0.0
319,0.00028681683846432413,0.0024662408807783224
320,0.0,0.004575793102701475
321,0.045648882667230856,0.011059100133403115
322,0.22148314907162303,0.02780678531229137
323,0.17717355084740988,0.02120632173661876
324,0.03451353350243468,0.012114471222793511
325,0.022729091158939483,0.012478436295072358
326,0.05007329529632149,0.02162937763696322
327,0.0442068196987251,0.023920303808225688
328,0.06420567233567315,0.022946595463215636
329,0.05820341831989347,0.007368184967292278
330,0.0634049515791432,0.0
331,0.07486962268560604,0.0
332,0.0661410001980997,0.0
333,0.07587458921172023,0.004538646000677772
334,0.08660789566735923,0.0
335,0.018254411851624845,0.007552720057374831
336,0.032259459870698275,0.0
337,0.040641519369175975,0.0
338,0.033381080974741566,0.0019508160087408838
339,0.018046401339624454,0.006292127035316885
340,0.0,0.004367954738198636
341,0.0,0.0
342,0.0,0.0
343,0.0,0.0
344,0.00021501804311601055,0.0
345,0.0,0.0
346,0.0,0.0
347,0.0,0.0
348,0.0001158995156861992,0.002764995003583067
349,0.0002548273089489815,0.0
350,0.020830433510283543,0.0021903044227824637
351,0.06769491209366787,0.010756171899117248
352,0.021955072543592226,0.027260614230607126
353,0.04124118482614913,0.014922281903818942
354,0.008803710244652286,0.0075838773390782795
355,0.02799057103148675,0.012058827880356587
356,0.04269015376418828,0.017202733839979643
357,0.07600882108852505,0.022994576553911072
358,0.0626659339552166,0.00871392698716417
359,0.05866670134287273,0.0
360,0.051290924069252807,0.0
361,0.06475707902465096,0.0
362,0.06722207587080559,0.003783321676171739
363,0.03931721464926591,0.0012944579338768308
364,0.09944425265369124,0.02397744070479466
365,0.03528502411008051,0.011503347395172768
366,0.004272648557058304,0.008921566974165424
367,0.0,0.0029426575077737857
368,0.0,0.0027544454762167807
369,0.0,0.0006313633427952637
370,0.0,0.0
371,0.0,0.0
372,0.0,0.0
373,0.0,0.0
374,0.0,0.0
375,0.0,0.0
376,0.0,0.0
377,0.0,0.0
378,0.0,0.0
379,0.0,0.0002444317432842427
380,0.07045873366681195,0.021182540943636967
381,0.021605056134030333,0.022882530321819326
382,0.02525292207813488,0.024380464141308858
383,7.12603386270717e-05,0.00339530534466278
384,0.006371583471758348,0.0038873968167706923
385,0.06678594024828334,0.019153854726618548
386,0.06302787946485106,0.016333681531739003
387,0.05296061090537836,0.017628875733496946
388,0.07731895861971183,0.0075385621921854875
389,0.04360123893235922,0.0
390,0.05618344571606961,0.0
391,0.057763475788441196,0.0
392,0.0702693366425008,0.0005080437102809921
393,0.048249268665609156,0.003006660179763063
394,0.0502720500813334,0.028817765704299062
395,0.05506792361039097,0.04258118339932019
396,0.006038575494590583,0.0048343041950470855
397,0.0,0.0
398,0.04149847261754275,0.0
399,0.0,0.0
400,0.0027157996196331,0.0
401,0.0052758173778877865,0.0003012708848321397
402,0.01229676341988654,0.009211095511694594
403,0.10861276991038231,0.018549128848378393
404,0.045757278078753634,0.00784583016623585
405,0.0,0.0
406,0.0,0.0
407,0.0,0.005841184212522577
408,0.0,0.0001351537308366855
409,0.0,0.0
410,0.0,0.0
411,0.09546281491217433,0.055684565012619695
412,0.06143194251718499,0.06769943015654742
413,0.0,0.0
414,0.014149388712652823,0.010452967555786206
415,0.05401751723472801,0.01431046751582115
416,0.06073139664054218,0.03116179759099602
417,0.09143878385431677,0.02575628799135722
418,0.1173656920371094,0.02625370719865315
419,0.044681937418139105,0.011780551614490996
420,0.0520209115026108,0.010682349890773442
421,0.07918662274001816,0.029651849680205154
422,0.17864844482680053,0.03500253829893532
423,0.0842822264582299,0.005817522271215076
424,0.05139463406369257,0.0011162903192511644
425,0.04446132749019511,0.0024492361284691342
426,0.08146142024678538,0.02952116025440762
427,0.0644897464152467,0.017567056139063186
428,0.019282706670443545,0.025355151340105103
429,0.022811492241992363,0.02476166633809742
430,0.0,0.0
431,0.03427626343387137,0.0
432,0.037145971203535987,0.0
433,0.007026305176543052,0.004579438725984826
434,0.03267011805331402,0.013258097402711505
435,0.06756609195518704,0.010916409194651141
436,0.018093945776178372,0.024961438952795404
437,0.12002672463543614,0.05631013216614243
438,0.2526607347502545,0.04237334771121337
439,0.12204581236933049,0.0495720037862643
440,0.0,0.05439248170541091
441,0.006580797936101942,0.07842121164104576
442,0.0,0.0057205860359478295
443,0.0,0.0
444,0.0,0.0
445,0.004602622935246715,0.00012770617421922956
446,3.375164559326387e-06,0.005031718572398772
447,0.31812110468274857,0.021900091594582727
448,0.127084071475644,0.05334003195130346
449,0.13436015239686136,0.08143075251857018
450,0.07619931633952855,0.06709253701513729
451,0.09221965993263001,0.06878446103418855
452,0.011655952950520385,0.07432830025960578
453,0.0,0.0
454,0.0,0.0
455,0.022060731607903585,0.015043987969513672
456,0.046197438960762595,0.011977815513096271
457,0.052482372372817054,0.011336804587135317
458,0.08701595816043083,0.03080036408236792
459,0.16040095973183569,0.027363655051129542
460,0.047109544978104455,0.019345389901472124
461,0.028240756879828088,0.021349345215861116
462,0.054331445278998636,0.024815937732494762
463,0.23205979285372572,0.030844637651957656
464,0.1095082745219747,0.01939164614612034
465,0.053026460461685083,0.002032730295194678
466,0.003865924294389283,0.0
467,0.0823342609371844,0.03436710591361614
468,0.12976210724714313,0.03144043733294538
469,0.09532297637979442,0.0337688951533164
470,0.09711741816865611,0.03901367939202148
471,0.06368523370362977,0.023910660722931097
472,0.052408299081616525,0.0034863714938424164
473,0.030469361066823256,0.01646724288496396
474,0.04660518305828635,0.014570385426713798
475,0.12669223207113725,0.025583583652326117
476,0.06447988539559377,0.017713067307223423
477,0.11614290322154483,0.05585661471082344
478,0.31247544236968205,0.060344647444514024
479,0.40880842456195376,0.05700246865965437
480,0.11413004513299971,0.07300014746838868
481,0.0027698038601892926,0.07769173232281859
482,0.03174036360370195,0.07937413633570083
483,0.0005639124356271107,0.0716555846618029
484,0.002457687137546799,0.008631213270679
485,0.0,0.0
486,0.028377726313977388,0.006523905938504238
487,0.003768283883761443,0.0
488,0.0,0.0
489,0.0036829311224103375,0.01858880494282105
490,0.013664662740691261,0.03895460796819945
491,0.12084062146513352,0.07953033311487864
492,0.0744322138199676,0.02673219721588208
493,0.04348624729603776,0.03955864779850568
494,0.055593541150532326,0.04161374499529522
495,0.04992485942895205,0.049111875173364884
496,0.07420250979388011,0.05892371966179834
497,0.03624095228059344,0.0713421068690371
498,0.014831502033332463,0.05910177667003819
499,0.0,0.000868076452968959
500,0.0,0.0
501,0.0,0.0029854648420470542
502,0.0,0.010465923175426177
503,0.0062117002774213425,0.003888739788013953
504,0.010400142019728758,0.004283025766319443
505,0.024945236303645753,0.01125395705626917
506,0.0017394300875866531,0.00883675585596029
507,0.007030613153775069,0.004268227830203202
508,0.0074706937059578,0.004261292165122412
509,0.02116848772488514,0.012369986034738309
510,0.01297488278574504,0.007925611175139912
511,0.032704684771530594,0.012547555699214619
512,0.082615049954176,0.025939072397089986
513,0.11068044058701139,0.020554842165988393
514,0.0027046760938531406,0.0006068914658659539
515,0.20219523051343843,0.012491409855284017
516,0.26429600935179054,0.02710809255477827
517,0.27699959459825624,0.05003198585298259
518,0.16442980404745444,0.0337917767546815
519,0.17479383065930212,0.03298523197118477
520,0.17959529808100355,0.0248187721427848
521,0.0864538722726009,0.017984368656124464
522,0.16560548914325474,0.02170091333611474
523,0.281260304922845,0.026681609253522497
524,0.15082196254525465,0.02289868785182389
525,0.26671292800523805,0.04529178725878217
526,0.11727207439932535,0.047557751418614125
527,0.21082255237799255,0.04260680069928378
528,0.0037373116322113147,0.06342293795511851
529,0.012449244095551329,0.06953162391392739
530,0.05227381372983184,0.06429070379183204
531,0.008648052741257347,0.06984858083870649
532,0.0,0.022786561300664053
533,0.0,0.002725794996526135
534,0.043661451853269334,0.003174798223389497
535,0.010434298641610707,0.0
536,0.0,0.0
537,0.002767644492513869,0.017134300332090773
538,0.04269822783787366,0.045278648391692246
539,0.09904185882014437,0.051378004883991045
540,0.053927639520882094,0.05752899529564339
541,0.0035517093814450645,0.01860343898168003
542,0.021371681509702124,0.04481603415625061
543,0.0,0.011452533653059501
544,0.0,0.01611330566559294
545,0.0020949188415492824,0.041872738621059176
546,0.02430622706965388,0.03785632148549028
547,0.01631252347706057,0.05608730568435201
548,0.07964464483883,0.06953991936772978
549,0.11408305449285859,0.07646251536042915
550,0.0,0.004295913360028363
551,0.0,0.0019505067762952228
552,0.0,0.0
553,0.0,0.0
554,0.0,0.006913990542085615
555,0.00042122021345676337,0.0
556,0.0,0.0012441922592001835
557,0.0,0.007975621075728094
558,0.0,0.0065660288997642985
559,0.0,0.014058604640234972
560,0.0,0.00592786403224963
561,0.001578586387915653,0.011057064124851435
562,0.0,0.0009851652096913828
563,0.010833666544500213,0.0011695267137612857
564,0.0,0.004541773480542417
565,0.0,0.0
566,0.0044470401219576655,0.007699959967954491
567,0.015281529303482169,0.013086846383997968
568,0.030273041631893326,0.022467031306396802
569,0.030340088931228033,0.01596957171820686
570,0.07745970129264926,0.01118833669887086
571,0.02693422777447134,0.00607359242146634
572,0.07344571928284943,0.012456672385739758
573,0.19054548513128647,0.02189429169853259
574,0.2858616307609963,0.03967263599240797
575,0.02444199527511544,0.014873758603396943
576,0.007527068211798981,0.0027456062779303656
577,0.2930720840885477,0.04130488287725027
578,0.2355267211457417,0.02817941883747594
579,0.1440473571384076,0.030656409911499982
580,0.19396442068302322,0.024945639345665117
581,0.2682714633255663,0.024653591288856525
582,0.21666346468514347,0.01659203946529951
583,0.2522575910603276,0.02003090905596223
584,0.3990329393196656,0.04661999536934912
585,0.20515455079151207,0.0457377635404718
586,0.012735259636170735,0.06637831400497332
587,0.04945493842904697,0.059548082605294664
588,0.05008808014910205,0.06731721297118408
589,0.06145512619877826,0.04926649763249682
590,0.03358371170364126,0.04019522015946349
591,0.031113925530418873,0.006857819393689203
592,0.01796277549216456,0.0
593,0.024095107999773397,0.006317616448830239
594,0.0,0.013625840244209837
595,0.019346836859359225,0.0094272475957605
596,0.0,0.0008081891982109179
597,0.05798930809888786,0.03677421134427518
598,0.11965021517202504,0.023296688041709316
599,0.10557789527738559,0.006304346906258801
600,0.03531253079012265,0.02709112633523993
601,0.0,0.004592083728508976
602,0.0,0.008942000799354958
603,0.0,0.034088259558258664
604,0.02376823373001574,0.05137162417808176
605,0.0017435769068300927,0.08002967665497984
606,0.0367123222117086,0.06577294335695619
607,0.055424392166859036,0.08745211839421346
608,0.0,0.0
609,0.0,0.002924505080640179
610,0.0,0.01435074749018769
611,0.0,0.01102913665869772
612,0.0,0.0
613,0.0,0.0
614,0.0,0.0
615,0.0,0.0
616,0.0,0.0018444887151191375
617,0.0,0.0030992518910997373
618,0.0,0.0005453976669417301
619,0.0,0.0052282778754672975
620,0.0,0.007669238382959861
621,0.014840307007815353,0.0
622,0.0379247019377752,0.00034764001142788454
623,0.02216738529018728,0.022845466603535505
624,0.010368035912571696,0.017431554973795203
625,0.030911403945877783,0.03146339316128088
626,0.0,0.023474469743087017
627,0.0,0.0
628,0.003297495391810003,0.013022880013195591
629,0.0028648572747866034,0.0044410093911924015
630,0.028882685080044927,0.010262882633033167
631,0.007731381886994171,0.007301346733584073
632,0.014638409667985495,0.017767100012150355
633,0.023400987541519532,0.02181904841498948
634,0.04211706953268578,0.02058856160501236
635,0.07869541086797013,0.028854055784778492
636,0.16261410317167962,0.015511862793261036
637,0.043058961507534944,0.015662366428665336
638,0.07328260256534785,0.01690861813878191
639,0.03933887900120645,0.019466543609795956
640,0.03600876772446343,0.01785501687542765
641,0.0,0.007855021356276632
642,0.0004999255052253598,0.0012271082017882825
643,0.21701088785396083,0.03516757869813588
644,0.2973881996752244,0.04040980325629121
645,0.17326753696210598,0.03293079261408392
646,0.18938688504101184,0.023135480687819072
647,0.2585769881945571,0.011699020430620325
648,0.2615438177508153,0.009859489127492503
649,0.2502823859645946,0.015349590896617932
650,0.36711638205084723,0.04852026395620273
651,0.29325850689104993,0.05051227455774502
652,0.049461373578774975,0.04326837548085463
653,0.04908143345622672,0.027370539960286128
654,0.018037114103195084,0.028303909401781378
655,0.024551445534475275,0.022861746078440586
656,0.012142868431393025,0.004117731983809989
657,0.009137953433688992,0.00864879527031529
658,0.057029869145843785,0.014580617729981057
659,0.1353973136732234,0.020908082223888177
660,0.010726952227789315,0.010755818673551684
661,0.010594168389294027,0.007289868307813291
662,0.025491316673229063,0.005559258902047183
663,0.058394002330666495,0.0
664,0.09399961029679188,0.0
665,0.17868557060502446,0.03206963989742767
666,0.013616089058291215,0.038013802668160464
667,0.0,0.013972151048263664
668,0.0,0.004066016966376895
669,0.0,0.05229276899905832
670,0.0,0.055532339277913186
671,0.0,0.04093520758834517
672,0.004030747401738961,0.021984828500742307
673,0.0,0.03913135656274076
674,0.013359264764339747,0.09075911021863067
675,0.0,0.0
676,0.0,0.005041150284487842
677,0.0,0.006778806109242045
678,0.0,0.0
679,0.0,0.0
680,0.0,0.0
681,0.0,0.0
682,0.0,0.0
683,0.0,0.004376764725479329
684,0.0,0.004532669452886777
685,0.0,0.008040839597762223
686,0.0,0.005145521250281493
687,0.0,0.002482509913016957
688,0.0,0.004946457317380061
689,0.0,0.0
690,0.0,0.0013553184476531987
691,0.0,0.004378199123051835
692,0.0,0.002903197319236898
693,0.0,0.006012575267214908
694,0.008981836161442725,0.0023384790364175574
695,0.0171790366215,0.007761238539463373
696,0.1541446309356916,0.04513122289116035
697,0.05878717043973867,0.010948439472113054
698,0.09706196185427064,0.0
699,0.050521739448327066,0.014734578114539798
700,0.014315661192439834,0.0381150683082247
701,0.021294112204733363,0.03577365089766118
702,0.046551927958774664,0.019582964785515352
703,0.0,0.019917035195110334
704,0.0,0.0049390878231102536
705,0.0289454654502239,0.016441712185434956
706,0.023754575716759596,0.011706578751141998
707,0.02062874998887424,0.017182851842818814
708,0.03092729574803293,0.020363790577685767
709,0.02946500617524667,0.012083467063051212
710,0.03204773916524577,0.014047322133823766
711,0.10162169746346,0.015216444245082714
712,0.08354602188026466,0.015784843310727718
713,0.1780203536397243,0.037117455568600015
714,0.08496398848993414,0.009824278663045518
715,0.0554613495659696,0.023394391368702083
716,0.13520067975133,0.0231491391077466
717,0.017836092184660802,0.008010020350871585
718,0.007267762472250308,0.0039156471914107574
719,0.006476751262848743,0.0012358417350697263
720,0.08903547894148728,0.01974776880169975
721,0.3037736206435313,0.04425494683910551
722,0.21080740360594497,0.039349175178714085
723,0.03246373983514393,0.005477607475377955
724,0.13929903896375434,0.00871182233364245
725,0.04289574613871182,0.003812240178984634
726,0.047143262431631736,0.013702951039267905
727,0.09280379777049165,0.03717506136276801
728,0.05354561626699058,0.0649024328292264
729,0.006892103526931319,0.029189619858086588
730,0.06542072062944736,0.012108483527649361
731,0.11589851207958102,0.0018338618746832193
732,0.11927230648638257,0.004749330569846681
733,0.00045183128279738504,0.002861601198110287
734,0.009316732613456462,0.0008258861342842854
735,0.25072032850556236,0.03450006148194578
736,0.22603672253807336,0.03259295942708826
737,0.023375938201898212,0.010805204423827179
738,0.0034506863453142747,0.004652727036562782
739,0.10176194429655902,0.010703844802627026
740,0.06612206261367314,0.0
741,0.0351186335508126,8.405386365326262e-05
742,0.1744502584062594,0.028232771480563756
743,0.009294148531338715,0.0378114743940757
744,0.0,0.032989389584795054
745,0.0,0.02495557197960227
746,0.0,0.00384676641070708
747,0.0,0.0
748,0.0,0.0
749,0.0,0.0
750,0.0007110074770927346,0.032373841690659426
751,0.0,0.07028198448478694
752,0.0,0.00967116254434718
753,0.0,0.0034447354858894
754,0.0,0.005292180310495113
755,0.0,0.0016092264590939762
756,0.0006111407146153651,0.01969999749870347
757,0.0,0.012858697300371546
758,0.0,0.0
759,0.0,0.0
760,0.0,0.003144571127341959
761,0.0,0.0051346283449485094
762,0.0,0.002238612917336306
763,0.0,0.004816533527946383
764,0.0,0.001386180481002044
765,0.0,0.004372092436049433
766,0.0,0.0027557260989865893
767,0.0,0.002831073022697868
768,0.0,0.0
769,0.0,0.009268392265674033
770,0.0,0.03695052662569741
771,0.0,0.007328376267996541
772,0.0,0.007610842394384112
773,0.0176905986332401,0.017873675538647625
774,0.0407899808623161,0.0304759538406446
775,0.0024751580146129765,0.00876407647681205
776,0.0,0.009352511129997949
777,0.0,0.009125932564543207
778,0.0,0.023151167608791892
779,0.0,0.01095664721156225
780,0.0,0.0074679951060511755
781,0.013053782575362258,0.0007029554432870817
782,0.0007122637166436971,0.004540631188878285
783,0.001822677312128415,0.004573307339015757
784,0.009728865356818741,0.01318183843333611
785,0.0010296884308625138,0.006219289806870925
786,0.006823019384338572,0.009246870958580235
787,0.0177750931330728,0.025406411839181787
788,0.12715358991722273,0.025296160344728917
789,0.06864790471299363,0.013692896133842995
790,0.03923429975625588,0.00823085860769823
791,0.013815855659350224,0.01258789107130817
792,0.1028197007699256,0.010142202016003974
793,0.07470994870484085,0.0033267234094222827
794,0.05904897768041202,0.008555003106473986
795,0.03882783216415059,0.009332955960320796
796,0.012003217400869168,0.0
797,0.0,0.0008773588585491153
798,0.0,0.0
799,0.0,0.0008121258413586048
800,0.0009336283202350706,0.0032243368159692296
801,0.003284445479984884,0.004451194367953141
802,0.012274353732884385,0.005175789115076541
803,0.029494405259976247,0.004323956490451072
804,0.021494005268425,0.006653657235749864
805,0.09716314625822295,0.0071125795012859944
806,0.09394445082731706,0.01995407839241353
807,0.06894129626515297,0.03417229983634451
808,0.15196163300468765,0.031131267598500694
809,0.18733570758750948,0.04833677144786703
810,0.2101937659116712,0.03525740223999042
811,0.0238384881573442,0.0010501941303278394
812,0.005583448567093035,0.00846627992654734
813,0.004903137996749295,0.0
814,0.08060372282605335,0.008835081693928486
815,0.23818732680587765,0.02372112421159044
816,0.22284205185981776,0.022854882442162456
817,0.18369385277844058,0.032444934076149415
818,0.13957948558270908,0.030726868167913073
819,0.084499339040242,0.018561829760066584
820,0.14011847705570982,0.030539757766631665
821,0.030056496474569736,0.0641267965847665
822,0.0367685535712148,0.058485868109359136
823,0.021123586084403626,0.07873322608378991
824,0.023600476325841835,0.04638308838676867
825,0.0,0.0
826,0.02463386820488454,0.0017378021317351162
827,0.008032228646595183,0.05191860814415081
828,0.0,0.01760651829021306
829,0.007221276377307041,0.06279314650369139
830,0.005415531996043539,0.0429381526306005
831,0.0,0.010903476166982486
832,0.15961845623332543,0.032635087936336404
833,0.2927682192171742,0.032167137938641566
834,0.0,0.01167683328016836
835,0.10870318796377516,0.0033790459977774316
836,0.07194296472107763,0.015556857882526315
837,7.86162668537081e-06,0.003908958314193023
838,0.0,0.029322518332906833
839,0.0,0.014414387067113276
840,0.0,0.0
841,0.0,0.0
842,0.0,0.0
843,0.0,0.0
844,0.0,0.02001835700736057
845,0.0,0.022643849666838755
846,0.0,0.002907370231254597
847,0.0,0.0
848,0.0,0.007149445998078822
849,0.0,0.0040108278711776905
850,0.0,0.01089890232779945
851,0.0002320687921825641,0.04449172060632427
852,0.0034544960738659533,0.029602242100285357
853,0.0,0.008814762462582426
854,0.0,0.004398964840003122
855,0.0,0.0038870574435937557
856,0.0,0.005568767771786298
857,0.0,0.0
858,0.0,0.004601922927930583
859,0.0,0.0
860,0.0,0.0
861,0.0,0.004992102269079547
862,0.0,0.007195569572647163
863,0.0,0.01538443203514524
864,0.0,0.008349996232888863
865,0.007084608257399703,0.011160584567020834
866,0.0010451913376765222,0.004593180097199881
867,0.0,0.006160126881215508
868,0.0,0.0
869,0.0,0.0016978903123911564
870,0.006961068808736139,0.011493176729389196
871,0.0,0.008908508006047037
872,0.0,0.004095206499005678
873,0.0,0.006213844635646615
874,0.0,0.009745383507735858
875,0.0,0.0019937456880643437
876,0.0,0.001843750344213752
877,0.015027559463830272,0.010409246446311794
878,0.011013525766754627,0.0050793067263639104
879,0.008649453199241547,0.005509150523198605
880,0.043618058770182905,0.005386665237399532
881,0.006121934781504673,0.006941519933527908
882,0.02762544247116253,0.0026801491323824645
883,0.006803760206559766,0.013400775227485303
884,0.2622311949553759,0.0411918879493027
885,0.4482579910905238,0.04298639453202521
886,0.13555974725246372,0.016270440339571333
887,0.04693384761804555,0.00647079087426021
888,0.025875504972381076,0.01152584515760956
889,0.03535772454586813,0.01340443108946324
890,0.025787776750589443,0.000999498226530312
891,0.057416108740480955,0.003583002243955794
892,0.035586212227437054,0.008513417938295404
893,0.03972586414006915,0.006894235073786435
894,0.0,0.0
895,0.0,0.006401792501253402
896,0.002071464651461851,7.537622550303303e-05
897,0.037589475141822454,0.029166291121975708
898,0.04951644342623767,0.03402936280054722
899,0.08015057193394942,0.0028052737851464505
900,0.11490212250946273,0.0007313837374656111
901,0.07197010564760109,0.007435140551088279
902,0.11073365459925627,0.011914979352620116
903,0.13770110364932567,0.014566379098086954
904,0.09345774843982772,0.011903886793002708
905,0.05391063145097592,0.02086787069469516
906,0.11721209133704619,0.027287917654179837
907,0.15104543584189098,0.013971686817344283
908,0.0787430506169899,0.015340422404155698
909,0.01857656803120494,0.015633007335174327
910,0.15085262306885525,0.03175015017365866
911,0.05250885918918552,0.012698851957525825
912,0.08980027380778881,0.001745508099146533
913,0.15864565541984482,0.009343767797044879
914,0.12940953206987066,0.02432646532786334
915,0.19686827175959484,0.04583023700379322
916,0.19556336241844904,0.030440143177927682
917,0.1053909855533801,0.04170808346339834
918,0.0857509435707204,0.07001772188644535
919,0.018241984858166648,0.06910434277063242
920,0.046789529016540626,0.07446331633225112
921,0.008220860008161288,0.032823961627167476
922,0.0,0.0
923,0.12006545306426533,0.010290613117677948
924,0.020435914661947455,0.052273795197666006
925,0.04798425019855325,0.050757341497959206
926,0.01734916227770638,0.008467414759255772
927,0.000948448273019118,0.0
928,0.04847062273291626,0.015601424370179298
929,0.12250022356484859,0.036311285022879905
930,0.10932417503790123,0.029300410109784413
931,0.009259890279967233,0.012660363680984225
932,0.1629537175188032,0.011917845377295896
933,0.01072110231766308,0.004441778173899043
934,0.0,0.0184907103340971
935,0.0,0.03726431676456452
936,0.0,0.003110594341049591
937,0.0,0.0
938,0.0,0.0004301333973679071
939,0.0,0.0014451987629380374
940,0.0,0.019405601419304738
941,0.0,0.019251942865415848
942,0.0,0.02900505074715293
943,0.0,0.0121711378752198
944,0.0,0.004313724069541391
945,0.0,0.0
946,0.0,0.0035577934074813786
947,0.0,0.00823262788433625
948,0.0,0.011570390766488003
949,0.0,0.005281396114812172
950,0.0,0.005910385998071004
951,0.0,0.00833794506431763
952,0.0,0.011755029317224563
953,0.0,0.009345046638657817
954,0.0,0.007999499416659497
955,0.0,0.003596657330968509
956,0.0,0.004144284185251072
957,0.0,0.006092768467092799
958,0.0,0.02031887001445101
959,0.000675527119333057,0.04241051927755789
960,0.0,0.0
961,0.0,0.0
962,0.0,0.0071661564910845
963,0.0,0.004945908356964423
964,0.0,0.008883628192774455
965,0.0,0.023204898360609728
966,0.0003501365596927407,0.03486878725738506
967,0.0,0.016777550520944255
968,0.0,0.012746708086981664
969,0.0,0.003170314446289952
970,0.0,0.004909606058724498
971,0.0032024839495833294,0.005149273745378624
972,0.0006397837742351264,0.0014291950107105402
973,0.008083438906635643,0.006371856590700217
974,0.02704725841657504,0.009249356849165906
975,0.013973066383326894,0.009264627708856346
976,0.012941997483353318,0.005757804304329491
977,0.014234613271444116,0.00636668505820292
978,0.014524910440250009,0.004186555083950272
979,0.09787030592069115,0.01639310786346439
980,0.3626121796300034,0.037919485090589365
981,0.3477881475855763,0.03289036884424913
982,0.08756466419531657,0.005555534596437405
983,0.08568182449795403,0.013757814581427134
984,0.03847988221066608,0.004022618385684773
985,0.03829554995412372,0.01560704522027923
986,0.0522821237178347,0.01231855663853337
987,0.04839198093700201,0.010918900064462557
988,0.038452403732975524,0.006603999609918443
989,0.0878338745593935,0.0006588763563570098
990,0.007990187564185939,0.018198581835801208
991,0.0,0.0035257001871362
992,0.046507651939805564,0.033507069832431645
993,0.0390803940098913,0.024978372018525402
994,0.14563378524441317,0.003509609497599599
995,0.20408746769276026,0.019171356179247777
996,0.10606953558041153,0.015007372165041482
997,0.11126502710778667,0.01767482707365775
998,0.06581682266524888,0.006441682511793284
999,0.11487197940351003,0.00044087032887126415
1000,0.014820694817580478,0.004739068425288173
1001,0.0,0.000580387522574641
1002,0.0,0.0008534913427426886
1003,0.022940158787452022,0.0022832314307192547
1004,0.08600642902241606,0.01272581230636899
1005,0.0817346434716276,0.02507760803389209
1006,0.01613755209688907,0.0034687400348802477
1007,0.10878522302018295,0.019579869315357917
1008,0.16405228223740612,0.027833737155601116
1009,0.13617970307964114,0.02160750789692129
1010,0.1683588322939798,0.016991116473320574
1011,0.2512410834978412,0.013481326298786215
1012,0.12505381488386424,0.029299906702627082
1013,0.15333503370570897,0.04825147674556892
1014,0.06739994847963075,0.014593611023678392
1015,0.0,0.018735615519782464
1016,0.1048866335677829,0.008655662529441907
1017,0.16271366953594316,0.028859008363929337
1018,0.1350903853831688,0.01704720044127115
1019,0.048606536880955016,0.05017619269383738
1020,0.1538103702058109,0.04570342823263813
1021,0.15980412919139977,0.03342807560399049
1022,0.0654566331106682,0.019284890515244762
1023,0.13932791445942821,0.034347552349147305
1024,0.21095296131934843,0.04503873572588457
1025,0.18165745564055427,0.02279536900890048
1026,0.14716410371189784,0.009088611260183524
1027,0.08986278576660603,0.007160455512424148
1028,0.009699768271116923,0.0016954899651166555
1029,0.004494376860950052,0.015471770735033965
1030,0.0,0.018458250916101687
1031,0.0,0.02416418060770205
1032,0.0,0.04562468333850456
1033,0.021893156362122402,0.07890721572033337
1034,0.0,0.044511407611343215
1035,0.0,0.017150817493472848
1036,0.0,0.0053683537409012555
1037,0.0,0.0006616591295938439
1038,0.0,0.008404940383805699
1039,0.0,0.0035328923611821867
1040,0.0,0.002987312674984183
1041,0.0,0.0041581608810768314
1042,0.0,0.008518757085559076
1043,0.0,0.009948834356567684
1044,0.0,0.003549602352436293
1045,0.0,0.004331653626401633
1046,0.0,0.010385930556511823
1047,0.0,0.04738576708202889
1048,0.0014539916896373728,0.04667361281323179
1049,0.0,0.011009166405105492
1050,0.0,0.0008697917834185873
1051,0.0,0.0027875162369528942
1052,0.0,0.004438704854664089
1053,0.0,0.016244804202409008
1054,0.0,0.00689502572290416
1055,0.0,0.0022065990123118734
1056,0.0,0.0
1057,0.0,0.004626293563570853
1058,0.0,0.005972820585885459
1059,0.0,0.009068027699534352
1060,0.0,0.017869473402148114
1061,0.0,0.021388401130338755
1062,0.0,0.0015994302762296969
1063,0.0,0.0
1064,0.0,0.005541229849840011
1065,0.0,0.007550478483511381
1066,0.0,0.011204852602605977
1067,0.0005891030656325173,0.008424397880213957
1068,0.006586414829518071,0.004542524142468748
1069,0.0442668915923827,0.011061671928602777
1070,0.14058510991573941,0.03786746742656644
1071,0.20970359339397499,0.037507221148108554
1072,0.18637875474997434,0.028439323239431796
1073,0.02369075167249685,0.011622443396071186
1074,0.01853538610820923,0.007238250749235158
1075,0.013673819024648018,0.015051288718745828
1076,0.02012514288749936,0.010095697772208208
1077,0.019136359135591908,0.007075579237883876
1078,0.15457068397854273,0.019376441269999375
1079,0.3536786605988929,0.021598904010493636
1080,0.18208121956908693,0.018044779309361162
1081,0.0659422004420621,0.00526739581862534
1082,0.062335226025066526,0.010599923104001959
1083,0.015488561335204919,0.026895650424135355
1084,0.06647756687157089,0.00980147138843045
1085,0.023233362999957263,0.011044108097964973
1086,0.01124020887101751,0.007933461641973647
1087,0.0005252907640076322,0.015460630854374257
1088,0.0,0.023573876445417634
1089,0.0,0.01507273683039862
1090,0.012399379491225083,0.009502276075217192
1091,0.06805266792125084,0.011080286577976344
1092,0.20693744168632378,0.009981931830705906
1093,0.1675306453793751,0.01249945200334751
1094,0.03541553907946885,0.0
1095,0.0,0.0
1096,0.026478152309825073,0.0
1097,0.0,0.004732285300719544
1098,0.0,0.0
1099,0.0,0.0
1100,0.0,0.0
1101,0.021645847066382198,0.0
1102,0.019277933943915363,0.004977000869636702
1103,0.07769977608830454,0.008372931258881194
1104,0.16360684774086232,0.023690169075066204
1105,0.22951842854335025,0.02981301688502627
1106,0.19239626982968117,0.057827688464187364
1107,0.14202700631317286,0.07232931929965511
1108,0.11434690886213593,0.049579994800071074
1109,0.06070614279231455,0.015915193649791222
1110,0.1219216000142574,0.06346531642947309
1111,0.014910656240524518,0.01049930834511958
1112,0.22871908707120292,0.020241208588626606
1113,0.22161215042546453,0.04783545601792804
1114,0.23213454805814243,0.04649005001012696
1115,0.18309799537260735,0.041088260800880974
1116,0.06407315479387873,0.05773107397534739
1117,0.005128793969806744,0.04623552160049944
1118,0.00357045932107979,0.048698161268957166
1119,0.12100545706216757,0.020952013000284556
1120,0.20869547565887464,0.029707064653367102
1121,0.2112280657164336,0.031034534944303235
1122,0.11732569124222286,0.014297161000508447
1123,0.19378955180031293,0.010415621844119354
1124,0.24534058763791802,0.020285632451993142
1125,0.19104601259812062,0.048300123775340646
1126,0.020292307593677443,0.04423836562777046
1127,0.0,0.033915908882990994
1128,0.0,0.04264220184312636
1129,0.0007268751267291132,0.07224816964505669
1130,0.01186251983002022,0.03586335118449994
1131,0.0,0.011205071354741889
1132,0.0,0.005082724483791271
1133,0.0,0.004492905977464877
1134,0.0,0.004380194201479402
1135,0.0,0.006022033764237232
1136,0.0,0.010462017270383376
1137,0.0,0.004942873694066683
1138,0.0,0.0034043744972887422
1139,0.0,0.020087835658912184
1140,0.0,0.02086349068995702
1141,0.0,0.00868956102815075
1142,0.0,0.0
1143,0.0,0.009661803238117722
1144,0.0,0.014725429422673774
1145,0.0,0.012958362557615134
1146,0.0,0.004771673043459642
1147,0.0,0.0
1148,0.0,0.0
1149,0.0,0.0
1150,0.0,0.0070460270332619295
1151,0.0,0.003053519154438638
1152,0.0,0.007309656189880889
1153,0.0,0.0
1154,0.0,0.004625747488161981
1155,0.0,0.0
1156,0.0,0.0
1157,0.0,0.005184455027348071
1158,0.0,0.00468421609118075
1159,0.0,0.0
1160,0.0,0.0
1161,0.0,0.0009137740610758346
1162,0.019284630061514846,0.012864600710617189
1163,0.00466159455132597,0.008614399404415789
1164,0.007931600536062367,0.010580191909094377
1165,0.006030378574781212,0.023518520298322083
1166,0.002236891781567092,0.009233297679465657
1167,0.0030363139881977915,0.012297305508672786
1168,0.06289486583392406,0.03211939089013504
1169,0.1478433551297807,0.050429047571113744
1170,0.06582623430730375,0.02549512701602245
1171,0.026257681711127308,0.017004055132002288
1172,0.04605432093397085,0.011295875580284947
1173,0.032463580561452765,0.007478777570504043
1174,0.0433680861114715,0.006930756830781526
1175,0.053193268132820395,0.0040106874932771585
1176,0.01890342168115945,0.013229447858860838
1177,0.16371956918668193,0.03577337149405369
1178,0.06837497182581594,0.02230363865323073
1179,0.014616276047181657,0.023627171672917165
1180,0.005302625468533452,0.01917420024042562
1181,0.04554451778644341,0.010159646783242125
1182,0.0003499345806752294,0.013748436498327792
1183,0.16079823583529584,0.017577738242019313
1184,0.0658100212222537,0.02193564271632148
1185,0.007258501114171935,0.017731884559208363
1186,0.0816439842202985,0.012087553371951592
1187,0.0014231094970977584,0.0207600203054537
1188,0.08616261110244018,0.014784740879761274
1189,0.2630378759448334,0.009915770349240492
1190,0.14047446932378654,0.008792628101667092
1191,0.10557775113044178,0.007091848132441221
1192,0.007963204010599972,0.0011534889640414552
1193,0.04557638504887684,0.0
1194,0.08904415680115475,0.0
1195,0.037819099541243,0.0015612756314986834
1196,0.012950133282626976,0.0036345677793634483
1197,0.03300714728615137,0.002458978287065064
1198,0.10002160399949529,0.009849403314041
1199,0.1250963363023238,0.01083277453150498
1200,0.04017378359806042,0.00576699706105701
1201,0.07033042529384549,0.016814323479922663
1202,0.06663293720214146,0.00528447279652459
1203,0.14339620406317793,0.02154698813639515
1204,0.20997360581126653,0.04679896370152658
1205,0.229759841454768,0.03667940768344839
1206,0.10790626374488824,0.03767420483040334
1207,0.030411814374149474,0.01996238129878116
1208,0.037210975029038605,0.03472130066580973
1209,0.05020205208670991,0.015398903735262853
1210,0.29774134043105166,0.047997462255822916
1211,0.34442389914090726,0.06317545221562777
1212,0.2634042108409281,0.035701155100174076
1213,0.2621126032122295,0.051428827650367305
1214,0.13127302278662384,0.056328988265492604
1215,0.08171845267952242,0.059711024072758336
1216,0.044224804359347857,0.05970720983306323
1217,0.1816108302434225,0.031589806790776366
1218,0.19475216114520805,0.027707073200105434
1219,0.23626387342692928,0.03431713124769384
1220,0.06024875580160348,0.022631310455637762
1221,0.15408563843474932,0.02161283747582537
1222,0.10033374313850708,0.015333747167746053
1223,0.10102891385070395,0.03403618991863439
1224,0.019412398499672356,0.0286412080420341
1225,0.0,0.01410052789515596
1226,0.03905448705631881,0.007678282791836936
1227,0.025254914369666207,0.04644731757639468
1228,0.0,0.0
1229,0.0,0.0
1230,0.0,0.0
1231,0.0,0.0074281637435803785
1232,0.0,0.007219310262892124
1233,0.0,0.03164574904551178
1234,0.0,0.007867658670068823
1235,0.0,0.005131961539129158
1236,0.0,0.00454148423295841
1237,0.0,0.004699182359570858
1238,0.0,0.006152156209671945
1239,0.0,0.0008595658537514019
1240,0.0,0.00521840593334028
1241,0.0,0.0026263069144666505
1242,0.0,0.006798292633872578
1243,0.0,0.0033340022152358205
1244,0.0,0.0016975961731719262
1245,0.0,0.0011277777826467462
1246,0.0,0.005729797511406588
1247,0.0,0.018383368800066833
1248,0.0,0.007195116587636678
1249,0.0,0.0021200569702222627
1250,0.0,0.007751732710935787
1251,0.0,0.006696986175216497
1252,0.0,0.005111685924892799
1253,0.0,0.0037718588974816575
1254,0.0,0.0012025291113777132
1255,0.0,0.006601512745806637
1256,0.0,0.0026377268974287485
1257,0.0,0.0
1258,0.0,0.002333498482330788
1259,0.0,0.011765152659138151
1260,0.0,0.005005379651661593
1261,0.0010148146856232905,0.018496601701064586
1262,0.005686452404591392,0.01371731497510014
1263,0.010729873153474746,0.005561999947725228
1264,0.011506492423489886,0.008269271899394954
1265,0.03297924420134506,0.02134114312105184
1266,0.018925602933827685,0.009627533150418723
1267,0.0,0.019865082168416846
1268,0.05806984121637396,0.030644167021707292
1269,0.0867380089804208,0.03654849405783793
1270,0.031142918130876274,0.02017737618014959
1271,0.08074960559379676,0.004770408350993818
1272,0.05982670308056221,0.00454793124446016
1273,0.028147794931696342,0.013123636252086807
1274,0.03476337370459765,0.016129862939589172
1275,0.02163087799175192,0.016474305109604348
1276,0.005588388988125434,0.012821456533857186
1277,0.01291984824605518,0.003346257527713011
1278,0.003940018258620759,0.0
1279,0.0,0.0
1280,0.0,0.0
1281,0.0,0.0
1282,0.0,0.0
1283,0.005625449009525287,0.006287091144169898
1284,0.044443193744555645,0.03176655458441976
1285,0.19934139595891293,0.03665016416599112
1286,0.05519476454401243,0.05329586759275733
1287,0.0008431906321783575,0.058574932603360975
1288,0.02602555661481339,0.01510783627229058
1289,0.004330044951059935,0.003460020888412534
1290,0.09326336181065538,0.0027328867463362275
1291,0.09135339431360648,0.014047914340861905
1292,0.07279895765267637,0.0028576912039888604
1293,0.134087413300551,0.008287509924237841
1294,0.09824345632447641,0.0
1295,0.15997432577700996,0.0
1296,0.015678964018968462,0.0
1297,0.07266643036759152,0.0058871469367693125
1298,0.11229414449168076,0.012689375908573771
1299,0.07333450476189263,0.02530944832157482
1300,0.16079024109764334,0.02254608698551993
1301,0.1778282930724406,0.0
1302,0.10889337237160984,0.002384096827275604
1303,0.15135145505775524,0.025458250192921292
1304,0.13459826312565518,0.04389303115171721
1305,0.16068403095108685,0.041735066356140806
1306,0.24475689857540145,0.03502674773115601
1307,0.0987048679829777,0.027154436513155963
1308,0.15478284891904107,0.028348895129744794
1309,0.12352951164659047,0.04371312194502257
1310,0.041866748222188506,0.02310759896297752
1311,0.13161297822151058,0.027029409388481754
1312,0.2568939763318395,0.04741159118274669
1313,0.2564780658347472,0.02873485846748212
1314,0.2980332869998224,0.03618116129693874
1315,0.26757313718050135,0.03716681408746155
1316,0.2217650625117455,0.041499494889489195
1317,0.08098860006851473,0.02846829843548746
1318,0.032330595507695195,0.004530792797077913
1319,0.11538516193472652,0.015785015745867534
1320,0.11816251351216082,0.022295872440740883
1321,0.07118689301474304,0.0027678917984892853
1322,0.00779779497532789,0.0024614172663817223
1323,0.09707061485092146,0.018919012168076663
1324,0.17824392342800177,0.032445436916822265
1325,0.0866160449159997,0.017214160113553735
1326,0.057523211461845816,0.005683944454844206
1327,0.006429373149232288,0.021874827720299465
1328,0.002841567974707778,0.007949513235967048
1329,0.0,0.00623319904035969
1330,0.0,0.0055002337642445
1331,0.0,0.0
1332,0.0,0.002788399937102567
1333,0.0,0.007332864863413097
1334,0.0,0.002583203849261733
1335,0.0,0.004269132366641196
1336,0.0,0.0
1337,0.0,0.006228104575013085
1338,0.006140883742759202,0.004832534853048487
1339,0.0,0.0
1340,0.0,0.004582220233363356
1341,0.0,0.005984153377245165
1342,0.0,0.0
1343,0.0,0.0
1344,0.0,0.004700442294663722
1345,0.0,0.004002395691959382
1346,0.0005725898150444523,0.009930238024477029
1347,0.0,0.00330273858014482
1348,0.0,0.008348451412874285
1349,0.0,0.004010347544574189
1350,0.0,0.006108768856106118
1351,0.0,0.04665574626430861
1352,0.0,0.01918740256992351
1353,0.0,0.0014048879676224388
1354,0.0,0.0047518702342984704
1355,0.0,0.004335746687358803
1356,0.0,0.009504100503736774
1357,0.0017663907628665395,0.03688869805242948
1358,0.003767137028450865,0.04398911562220707
1359,0.0,0.004273491634531372
1360,0.0,0.002106924717319065
1361,0.0,0.0
1362,0.0,0.004966013566425792
1363,0.0,0.011434902912067961
1364,0.00015159595956220837,0.004617971973464512
1365,0.004118148532333567,0.006162288204463835
1366,0.011948923701744352,0.005807416891835655
1367,0.03971375454644149,0.02754854479676516
1368,0.01509331209555484,0.008902942773666201
1369,0.0,0.008014129774987588
1370,0.03738679984406605,0.02660493117055661
1371,0.09012528342466468,0.031087475185610225
1372,0.00952014155874687,0.013866268143010738
1373,0.012532381279198757,0.026304574739139653
1374,0.011138638912548,0.01711438762457279
1375,0.0009000987149663021,0.00371365507575369
1376,0.0,0.0
1377,0.0001129005325615355,0.0
1378,0.0,0.0
1379,0.0,0.0
1380,0.0,0.0
1381,0.014371137700344278,0.0
1382,0.03247768652224751,0.0
1383,0.014468421770717969,0.0012467790702004658
1384,0.04638597397459088,0.004870522974497409
1385,0.010450711114485294,0.008720475154236854
1386,0.0029648456402911775,0.008840282302391195
1387,0.051425468823808336,0.024075489941962736
1388,0.08711153988593436,0.04621945937217348
1389,0.027320268057174014,0.0471165848866195
1390,0.03060660351279283,0.0166840953599426
1391,0.0800910783008965,0.017314968479260392
1392,0.004639974625303284,0.0
1393,0.05304477330161981,0.005669980871663155
1394,0.0,0.0
1395,0.03357443275669356,0.0007958522387989793
1396,0.059988429047379825,0.00481116343003098
1397,0.11936213716121967,0.0
1398,0.038709422705930634,0.0
1399,0.0154948708142997,0.001436917551449912
1400,0.08437970683643646,0.01113785235087867
1401,0.1184756637194017,0.0005664369125709261
1402,0.14434098632653133,0.00637039096249685
1403,0.17723274684259024,0.004273514888646638
1404,0.13468187191276054,0.02929435575019163
1405,0.179214230966976,0.035510357383477874
1406,0.13424320778132623,0.025155247216098176
1407,0.14695731317444033,0.031108622728099646
1408,0.07837276208452151,0.01853052782020657
1409,0.07638376189864474,0.0003622703176787699
1410,0.05432998212833987,0.01214653172262541
1411,0.12993072693783347,0.022319877408099993
1412,0.17855019439962616,0.0222924528785464
1413,0.18258094834025707,0.019432393767468574
1414,0.26205300796519104,0.015326034403489397
1415,0.24837057696095052,0.022461808727125207
1416,0.24376387839101687,0.04150770576959942
1417,0.1987168922761175,0.05719302996289585
1418,0.08721208488908412,0.025665848973108286
1419,0.05052112542785967,0.011446264538083829
1420,0.08883645396625976,0.005234092619612777
1421,0.059707317794701564,0.02438942437013495
1422,0.007287486210589258,0.013946262329369546
1423,0.0,0.0
1424,0.00557886727308846,0.005361817738613439
1425,0.06708537202307441,0.04183620971774321
1426,0.12378274701563942,0.026237065842090807
1427,0.06097385525488977,0.06697262037418149
1428,0.12692313396158206,0.023294972605880922
1429,0.0005188605641997744,0.007529959676043605
1430,0.0,0.004662990949280041
1431,0.0,0.0
1432,0.0,0.0
1433,0.0,0.015638463373522746
1434,0.0,0.012192973393239446
1435,0.0,0.010750249128115816
1436,0.0,0.004029305331235784
1437,0.0,0.004010581071389458
1438,0.0,0.004011959751167669
1439,0.0,0.0054057176405860365
1440,0.0,0.009852999935819085
1441,0.00029058456721967085,0.04788994839649003
1442,0.008437888786712564,0.005535135832266625
1443,0.0,0.02285930299946596
1444,0.0,0.012311755891841443
1445,0.0,0.004011016373177006
1446,0.0,0.00018385123584328767
1447,0.0,0.003266446829462789
1448,0.0,0.007501445913432647
1449,0.0,0.00028824037871849346
1450,0.0,0.02011159615677983
1451,0.0,0.007574177270083112
1452,0.0,0.0042686808985921065
1453,0.0,0.002597347012068225
1454,0.0,0.0
1455,0.0,0.009597651404496137
1456,0.0,0.002180695261712548
1457,0.0,0.004629564629608771
1458,0.0,0.002935489126211726
1459,0.0,0.00492358507862469
1460,0.0,0.00754788278793542
1461,0.006735516528758492,0.005516605542564135
1462,0.004922010526139011,0.0
1463,0.0,0.004542077190480955
1464,0.0,0.0
1465,0.0,0.004925908559984897
1466,0.0,0.016889651842673402
1467,7.944154348762436e-05,0.013007060538881732
1468,1.8433955087497907e-05,0.008002370602462056
1469,0.008701199418304972,0.016354009507393238
1470,0.024003530483747208,0.02188608957157096
1471,0.01006164756138056,0.010097744961749349
1472,0.044309564934720456,0.00030621684494463064
1473,0.0,0.006451768310261846
1474,0.0,0.013739521929176416
1475,0.0,0.028417648779829253
1476,0.07154169864097829,0.00926202603402379
1477,0.0,0.007819896656343327
1478,0.0,0.0008041679526587388
1479,0.0,0.0
1480,0.00725929799292587,0.000256064319249513
1481,0.04545084629045728,0.0
1482,0.0605169632048813,0.0
1483,0.08465503124650758,0.00024295791314254454
1484,0.041879462122341705,0.0
1485,0.05524420587468971,0.0
1486,0.05555043317662308,0.007917152349588367
1487,0.12614372369985646,0.006185227410488355
1488,0.07388539127497662,0.010334504329347814
1489,0.003342262613625377,0.011557905015172504
1490,0.19545207397896092,0.019376068819802406
1491,0.09685921484499722,0.009167683781177867
1492,0.09598906225834274,0.04091296246941576
1493,0.08001158847677842,0.03070435618861349
1494,0.1006597848691114,0.007015243277432724
1495,0.06676815679471534,0.0
1496,0.0,0.0
1497,0.0,0.004973149849908633
1498,0.010940590286180607,0.0
1499,0.018041993172625653,0.002175230912665656
1500,0.019278096111609765,0.006483670752554973
1501,0.025605108327364328,0.019942623520395303
1502,0.07438572737137372,0.029720065004120087
1503,0.07083306692101056,0.016460974083243207
1504,0.12095655316963883,0.021345303545025424
1505,0.004480867359397292,0.0023972242863656065
1506,0.0,0.0
1507,0.08347962519514475,0.017282553179381783
1508,0.21802415379610565,0.037612015168428964
1509,0.24627296580582492,0.018315346526167973
1510,0.1278141926540682,0.0258797069223313
1511,0.10259859343606931,0.016474338294319713
1512,0.06850067663942898,0.0
1513,0.003988116522333779,0.0
1514,0.11630916433764228,0.022949871963217953
1515,0.41198115583821515,0.0259422677098959
1516,0.3790524305785381,0.02049517984005753
1517,0.3960634640331156,0.023585807764600758
1518,0.12435363462427566,0.02102287227867346
1519,0.1677435996567641,0.0049406032507638906
1520,0.05098871882492301,0.007412613591535324
1521,0.01626283787327296,0.01441067563259986
1522,0.10860158897542177,0.005308809086177307
1523,0.19565272924222615,0.001950497349559923
1524,0.025088094181139862,0.009746458043973399
1525,0.0,0.0020074769345997537
1526,0.0,0.009224564437564538
1527,2.3459445788204878e-06,0.020899768406869353
1528,0.050369427352742684,0.04515461786296086
1529,0.022725860438001684,0.04937885847420985
1530,0.03745864469341443,0.0385723718756784
1531,0.0,0.0
1532,0.0,0.0045384269102483514
1533,0.0,0.001923716573455518
1534,0.0011378452803981376,0.009564764676926593
1535,0.0,0.05618733783259531
1536,0.0006892089776931994,0.0535083921674029
1537,0.0,0.0017293478315507456
1538,0.0,0.0
1539,0.0,0.0
1540,0.0,0.0
1541,0.0,0.0
1542,0.0,0.0
1543,0.0,0.004542390925406161
1544,0.0,0.0037492235334256703
1545,0.0,0.01403346282451283
1546,0.0,0.00620310229198779
1547,0.0,0.0025987206736282353
1548,0.0,0.0
1549,0.0,0.004542002118073796
1550,0.0,0.004496952975580002
1551,0.0,0.014179652913850753
1552,0.0013273429982786544,0.017359501807913867
1553,0.0,0.005422278514705281
1554,0.0,0.0021244966865075206
1555,0.0,0.0
1556,0.0,0.0
1557,0.0,0.012597482177134543
1558,0.0,0.0024296262481797366
1559,0.0,0.011545222123803583
1560,0.0,0.005296187873081002
1561,0.0,0.002714372015340775
1562,0.0,0.0
1563,0.0,0.006897544621017728
1564,0.011029425190573722,0.012614416187824535
1565,0.013361035143895812,0.008245456951350734
1566,0.0172963355639446,0.010546903201789788
1567,0.0,0.0010324927134662326
1568,0.0,0.0063017947851380166
1569,0.0,0.00717972104087432
1570,0.0,0.00850002698918892
1571,0.004569747174671784,0.017341238098287404
1572,0.03050494892293431,0.029534559190789404
1573,0.006526350430392073,0.012654863325019113
1574,0.15387678258409365,0.006139899361711954
1575,0.4479126603871724,0.0053105079906713435
1576,0.0032586943171798353,0.02941348954699685
1577,0.041612796935867884,0.02029244429517673
1578,0.07525028289517115,0.019413098417065976
1579,0.00561428892277204,0.008548412069828638
1580,0.043292690237751015,0.027470020165556504
1581,0.11438389741358045,0.042527626274663305
1582,0.04769461015724831,0.019502659455706835
1583,0.1360642606570144,0.0
1584,0.5610819989808191,0.009526605403547585
1585,0.10357339452425027,0.013690283020136244
1586,0.11456986420439902,0.011536479560270235
1587,0.13050738261038297,0.0089859819030941
1588,0.23722568261961705,0.005567754855419633
1589,0.21638169866172202,0.0035498740604300695
1590,0.047782309740847344,0.0
1591,0.061924380736775926,0.0
1592,0.06987850489088972,0.017287153050354612
1593,0.0303361098866706,0.015063115801528415
1594,0.06936869254610481,0.02048185723896217
1595,0.0351136405962682,0.007501162262701531
1596,0.0,0.005444371847924097
1597,9.972815963207807e-06,0.006271064729415412
1598,0.0,0.0
1599,0.0044070100061264755,0.007033644177827515
1600,0.06507553048584502,0.012067635814951471
1601,0.17312252194339095,0.03943321910939509
1602,0.09568242892870739,0.013228001487666468
1603,0.0198431900940026,0.03431712335280817
1604,0.04573786449926167,0.05294051829056353
1605,0.09028758794645993,0.036969966076380284
1606,0.1422976201216175,0.06585769403423275
1607,2.027176536509396e-05,0.0013118394430256112
1608,0.05180224398666967,0.0
1609,0.005256367172659397,0.0031982989576094575
1610,0.430806297583517,0.03993307530014912
1611,0.33334296767597044,0.03145849165747363
1612,0.16188836102311296,0.019183642915130993
1613,0.15713473772255987,0.01007266308769953
1614,0.21458957137173426,0.004078701529604939
1615,0.13609594839571784,0.015357665078379863
1616,0.12625548432650585,0.01566941687958291
1617,0.2942561842238567,0.020105717688808936
1618,0.2509021052140223,0.0363617984444009
1619,0.32304545026694115,0.02499908840225037
1620,0.1859863774584208,0.03184571683198823
1621,0.14470462989259766,0.03563324393766144
1622,0.05829181652844553,0.001815423838730481
1623,0.07674830793278399,0.0025925223446195294
1624,0.12091499922068114,0.01293813461086888
1625,0.06461760376578866,0.02268178816007122
1626,0.13534686403564278,0.033936965047373334
1627,0.08713193428160874,0.026817770856534466
1628,0.011537035637023052,0.02691223891327526
1629,0.05624967463276341,0.048322369881031155
1630,0.03377475915915326,0.03909012958371914
1631,0.0332248344956571,0.05916871361488336
1632,0.0,0.00428648002914069
1633,0.0,0.004312349776310725
1634,0.0,0.004627153176442042
1635,0.0,0.008046363510499324
1636,0.0,0.025669599765922407
1637,0.0,0.018669285820714376
1638,0.0,0.0
1639,0.0,0.0
1640,0.0,0.0
1641,0.0,0.0
1642,0.0,0.0
1643,0.0,0.0022336571735598857
1644,0.0,0.008915267646572468
1645,0.0,0.008165833033339821
1646,0.0,0.0
1647,0.0,0.0
1648,0.0,0.006835227878492614
1649,0.0,0.004827983021186922
1650,0.0,0.008553323812218988
1651,0.0,0.0004461404807529553
1652,0.0,0.009412270139226407
1653,0.00159286793935669,0.01659557182590677
1654,0.0,0.004011074832188488
1655,0.0,0.00766565332820928
1656,0.0,0.0029781436094307176
1657,0.0,0.0
1658,0.0,0.029530217245793276
1659,0.0,0.005430927013492205
1660,0.0,0.008785836405688559
1661,0.0,0.0
1662,0.0,0.007064265087657794
1663,0.0,0.0034307171192870995
1664,0.0,0.0033921581118973943
1665,0.01177647061073971,0.019816421006346032
1666,0.0431433671597317,0.0459755257798306
1667,0.03378038509814482,0.041504624974322966
1668,0.028948094234805603,0.0034965027131200256
1669,0.0,0.006176821607307471
1670,0.0,0.008543184499522264
1671,0.00439019774087658,0.01697048800205224
1672,0.0,0.018796756740016223
1673,0.0,0.011601738142883993
1674,0.0,0.010114082074086685
1675,0.025733088192515203,0.037637554675245675
1676,0.09254704637892651,0.04695507044553527
1677,0.13272397944400763,0.05429438563060083
1678,0.16876088988443586,0.024284950606166873
1679,0.12285949339035449,0.02570789909149161
1680,0.22190128098510445,0.021952552872117424
1681,0.15442929254133042,0.006643911515288525
1682,0.06703623109748943,0.028156902609555473
1683,0.06357018705783586,0.004692094023300732
1684,0.05940490532360895,0.0
1685,0.13477375873315464,0.004684519064289002
1686,0.1084754914636009,0.000983142165985447
1687,0.0653043634383328,0.0
1688,0.045862076056390956,0.0
1689,0.013925304341211682,0.0
1690,0.0705287791489996,0.0
1691,1.6794272476457277e-06,0.0
1692,0.0005227333892726724,0.0
1693,0.030127343779338792,0.006097989506799158
1694,0.008687386405798683,0.01199897667103541
1695,0.033458769262435885,0.010831710256182531
1696,0.058012573687171484,0.026399124958850755
1697,0.07423958543204723,0.021285460653358953
1698,0.045803456586887094,0.014492401165789074
1699,0.0,0.0
1700,0.12097953828359234,0.013971243394119275
1701,0.2615320009393104,0.021295712077591795
1702,0.2773202841282974,0.03501487950048579
1703,0.158054275082946,0.017834584136517923
1704,0.09870603893827799,0.05032325956730994
1705,0.1523687703774176,0.07180814497769347
1706,0.29229606085949944,0.03800112347370569
1707,0.16770950999495518,0.06240465527880395
1708,0.10600614904976222,0.028902493767851926
1709,0.1181604578574876,0.03381736313903156
1710,0.08993163084710518,0.05305814032675811
1711,0.40923593226160454,0.047662540163381256
1712,0.3008437479527002,0.03929972572388638
1713,0.08561181695575765,0.04272890181613063
1714,0.1707187215998015,0.010534515063105893
1715,0.0869335879819486,0.014374088798734532
1716,0.18181324948374136,0.02345661815166027
1717,0.2048930629121906,0.0365969625768771
1718,0.13369208153485349,0.013796159396897996
1719,0.1434648368053092,0.01763137127777146
1720,0.3194505522715855,0.020104854503894418
1721,0.2712070516923623,0.05129114783530565
1722,0.06084794763352365,0.044931882896752005
1723,0.19937283051502455,0.04164717216756489
1724,0.12958283984154811,0.03332358379157819
1725,0.12668778759430946,0.012081546524057052
1726,0.1438219225815457,0.01904323647709047
1727,0.1042544558502083,0.025732390828182173
1728,0.0677779559423339,0.006673232994862187
1729,0.05932483729889653,0.010228821128717744
1730,0.028640056969302993,0.02742467661999748
1731,0.01896950250140602,0.03408702677135637
1732,0.007882168588674132,0.023585516911042038
1733,0.0,0.0033513534267930224
1734,0.0,0.004268515580872098
1735,0.0,0.006920350076462224
1736,0.0,0.010136383056267774
1737,0.0,0.003140764170998613
1738,0.0,0.0007722911727478211
1739,0.0,0.004236952789173901
1740,0.0,0.0019748398201131475
1741,0.0,0.005615641836078734
1742,0.0,0.004038926600459113
1743,0.0,0.0054121770087855224
1744,0.0,0.0034787617761982085
1745,0.0,0.004542629955152358
1746,0.0,0.004599865431374865
1747,0.0,0.007017882054201253
1748,0.0,0.005439467586542365
1749,0.0,0.008553379689525518
1750,0.0,0.005547025403958091
1751,0.0,0.0076519315898415955
1752,0.0,0.00955635724555053
1753,0.0,0.014054767496023229
1754,0.0,0.012550494041785978
1755,0.0,0.005274228682796105
1756,0.0,0.0
1757,0.0,0.0038578349249901197
1758,0.0,0.014288328552003595
1759,0.0,0.012363916105677648
1760,0.0,0.002197263022351224
1761,0.0,0.0007165751342779374
1762,0.0,0.008226512669631493
1763,0.0,0.030623421627161328
1764,0.0,0.001707487701550796
1765,0.0,0.0
1766,1.0108656241254636e-05,0.00210974705062954
1767,0.028360802845619825,0.026213316844021912
1768,0.02770026429338284,0.041040334491307624
1769,0.006073144265606858,0.009527291790257924
1770,0.0,0.004281536339936503
1771,0.006895649297828704,0.014456046549591086
1772,0.0,0.014507949633352802
1773,0.0,0.006323462604153843
1774,0.0,0.004583015363718704
1775,0.0,0.0011714170259423896
1776,0.04353732923286688,0.028397348447429884
1777,0.14319617550427619,0.03010021909858365
1778,0.12746097761472153,0.03452088176015924
1779,0.11575694533595675,0.022037608396227447
1780,0.16376633337284086,0.02822265789696763
1781,0.15133509503860973,0.018706069337925183
1782,0.18087847798757442,0.0048599358123128525
1783,0.13582013373078605,0.007246038901502832
1784,0.04524327609201377,0.0020835997663044355
1785,0.006033324638153566,0.0
1786,0.002466869734151357,0.0
1787,0.00919297732345601,0.0
1788,0.0,0.0
1789,0.001531698943679443,0.0
1790,0.0032484970918360747,0.0
1791,0.00040820398389103396,0.0
1792,0.010260678767494745,0.0
1793,0.13533779861688777,0.0
1794,0.34476820245123335,0.019027352419640854
1795,0.06454692577873411,0.027381302419634875
1796,0.021580003272254115,0.018001515845766456
1797,0.07402792765324295,0.011304210318795044
1798,0.1028348393186932,0.005403199491412248
1799,0.10344071869620532,0.0010104727535541471
1800,0.01314779225156495,0.0
1801,0.15864988475243744,0.014980326299185203
1802,0.3322574889431562,0.012970774877094138
1803,0.337662280017113,0.01887253422005535
1804,0.20907852534865173,0.04013682368340773
1805,0.12104137794498,0.029579018616862313
1806,0.12254225393972218,0.06302076838257231
1807,0.19969664352812178,0.04751149713322335
1808,0.12577915130960834,0.048748778643608597
1809,0.23092141756404658,0.05237994234492079
1810,0.1597660748610089,0.046157169556306735
1811,0.16914872025733751,0.049716908320719906
1812,0.06105590266517431,0.015106606763245928
1813,0.08989208913636942,0.01600901829175523
1814,0.13096417378601588,0.026421301095505514
1815,0.12034570593433687,0.016244140438946078
1816,0.11678802130514111,0.034965224744835745
1817,0.15864050895699902,0.028097070468923065
1818,0.1656101158720762,0.022218573611591602
1819,0.125049142193083,0.02874740367475602
1820,0.1774793202245668,0.02406191677055109
1821,0.2606178408901817,0.051981942647745284
1822,0.20210737940376086,0.0515665020072279
1823,0.02628987516531228,0.030043935361963373
1824,0.0374148891679685,0.0399350946101758
1825,0.08690325820195474,0.03148355231927001
1826,0.245666135521141,0.02793371708846301
1827,0.19623283629931929,0.03936649318526786
1828,0.12353474180003596,0.010752340988551072
1829,0.07961494472671454,0.014942302606489403
1830,0.05619386945981924,0.017708760292017817
1831,0.014693654704262381,0.03666343689342452
1832,0.004476541669529156,0.00973016719440083
1833,0.0,0.006377280145425818
1834,0.0,0.0010612081589478227
1835,0.0,0.0
1836,0.0,0.004543056720838006
1837,0.0,0.004990783187900786
1838,0.0,0.0
1839,0.0,0.0
1840,0.0,0.008586813455065779
1841,0.0,0.003401186361829276
1842,0.0,0.006260822187057378
1843,0.0,0.0
1844,0.0,0.002639483984514102
1845,0.0,0.005700220097780421
1846,0.0,0.007944891576885221
1847,0.0026198007960859986,0.02373628925915014
1848,0.0,0.0481253106215436
1849,0.0,0.0148141232433561
1850,0.0,0.00528035247532224
1851,0.0,0.00016540803980631368
1852,0.0,0.002082917939587568
1853,0.0,0.01118413395379894
1854,0.0,0.004165009446651034
1855,0.0,0.004106785506442348
1856,0.0,0.008613586744326622
1857,0.0,0.006863990396413984
1858,0.0,0.004357486263434805
1859,0.0,0.041379113531303156
1860,0.0,0.019192907246709513
1861,0.0,0.0
1862,0.0,0.0
1863,0.0,0.013830309741416058
1864,0.0,0.021365739796267366
1865,0.0011640134248052712,0.005190505576715896
1866,0.0,0.0
1867,0.0,0.0
1868,0.009554627392117024,0.0048897740599706885
1869,0.009148806700165425,0.011481957546764227
1870,0.0030534344255353637,0.0030037509105847013
1871,0.009804498224666414,0.018399564936910386
1872,0.02428826586919072,0.033873073390244694
1873,0.001458314540567383,0.0049328679517590245
1874,0.028865386100541252,0.03590476294790079
1875,0.002435276823354266,0.007388260287691064
1876,0.0,0.004219781599090449
1877,0.0,0.024553277129041387
1878,0.003878821293046262,0.02398272443769211
1879,0.0045028012722593555,0.017764453618716543
1880,0.006546264560036112,0.01709784927772918
1881,0.00230722157417448,0.005863204310402277
1882,0.02156543743276392,0.01703015909960396
1883,0.0595167502663207,0.014140379892974331
1884,0.1328642078453129,0.022863194091122842
1885,0.024537887803890893,0.027955669060245235
1886,0.0013397893113851218,0.0043391455932135625
1887,0.0,0.0
1888,0.0,0.0
1889,0.0,0.0
1890,0.01198676380276488,0.0
1891,0.03854316987248979,0.0
1892,0.0,0.0
1893,0.0007174296721008049,0.0
1894,0.0006395811716242016,0.0
1895,0.03460007989379597,0.009286287357724549
1896,0.0042459342729632915,0.010933872036442744
1897,0.0429732067590154,0.010407806770837889
1898,0.09711567927975498,0.018224679574680762
1899,0.12858076750102307,0.0013348469029328567
1900,0.05091180686600405,0.005413863724086695
1901,0.10502845883178982,0.00032864034147373324
1902,0.06298409589873258,0.0
1903,0.13325528173091877,0.02408212541010972
1904,0.30369338357525394,0.02507294376068806
1905,0.13950216458097972,0.012000100080634728
1906,0.12086789504005657,0.010289370902991202
1907,0.1233983102881969,0.03823259648616498
1908,0.17273722108141443,0.006922228926554482
1909,0.10610796505967132,0.019152696144492356
1910,0.15823917684358724,0.03214160104623376
1911,0.14877958386490026,0.014688611566512976
1912,0.1707001363519427,0.041878750805358016
1913,0.16337868932365612,0.017140789453818507
1914,0.12670264592840721,0.028267485305317728
1915,0.21065773679970007,0.025428404338615224
1916,0.21834256497920645,0.03479905703403055
1917,0.2072734860282219,0.05853538272523691
1918,0.1397589620007895,0.05704518247120705
1919,0.2373269929089953,0.005197531922237024
1920,0.1557203192367552,0.008547578514013719
1921,0.22450664725345318,0.024442214107777607
1922,0.20447198107886572,0.03706997706046637
1923,0.15626437839097035,0.02952219301322027
1924,0.09420779909833801,0.029441905342448862
1925,0.05535309283350876,0.017535981299775526
1926,0.1846495549006534,0.0238305480049472
1927,0.3086875519552982,0.03230205121551379
1928,0.2840578950960364,0.047952638413550346
1929,0.2847792463065018,0.03742023675745665
1930,0.024953164026804982,0.046547650594704434
1931,0.007875809766527266,0.06268607628601437
1932,0.008557958756285856,0.07048211655837265
1933,0.0,0.013263936863768552
1934,0.0,0.0
1935,0.0,0.0
1936,0.0,0.0
1937,0.0,0.004543073977218468
1938,0.0,0.012942303582420739
1939,0.0,0.038846415483501553
1940,0.0,0.02202906964623447
1941,0.0,0.0017781540277547936
1942,0.0,0.004943824414480986
1943,0.0,0.004543211379719452
1944,0.0,0.0
1945,0.0,0.0
1946,0.0,0.00670345941268484
1947,0.0,0.0035825240582945624
1948,0.003542833927531917,0.010246222981843031
1949,0.0,0.02350157682392306
1950,0.0,0.008422997639048621
1951,0.0,0.0
1952,0.0,0.0035290595058848563
1953,0.0,0.006805288571373428
1954,0.03658763782690387,0.025253474157229422
1955,0.0,0.006631444682443155
1956,0.0,0.0
1957,0.0,0.014819853736625766
1958,0.0,0.02396382140770498
1959,0.001044464298366603,0.006426532955120756
1960,0.0,0.0
1961,0.0,0.00563007219073595
1962,0.0,0.00020463858377620317
1963,0.0,0.0
1964,0.0,0.0002879440457117563
1965,0.0,0.010586019712408978
1966,0.0015398696517878333,0.0013751673070584865
1967,0.0,0.00523600077751507
1968,0.00016380720690869235,0.0028596344954975165
1969,0.0027734644112253157,0.0020432786863923027
1970,0.0004279946942805866,0.0009823592066314636
1971,0.00705355656006473,0.0078472748083086
1972,0.00487720720936904,0.010796175466412832
1973,0.052969565322159684,0.07044535229055596
1974,0.047669814159212946,0.04966110732052011
1975,0.08745766060171939,0.0666375005685592
1976,0.0853056884527254,0.07160909446931045
1977,0.002623880643898194,0.009620044917595879
1978,0.025361168362807614,0.013377009158966065
1979,0.04692431028043272,0.02289358645948845
1980,0.03457999853817674,0.012018072705019296
1981,4.928562713955253e-06,0.020009068457110576
1982,0.0,0.0025326387764688894
1983,0.0024524817603548753,0.016903147845418527
1984,0.026077824613390886,0.028330380874032866
1985,0.10125646154916207,0.04961325447498896
1986,0.06852133573311163,0.04829282382642802
1987,0.15305019774648057,0.07375032428559437
1988,0.015556771952957403,0.016862261341441354
1989,0.024317237331236228,0.00720207528654236
1990,0.026728988330187557,0.021851221611090144
1991,0.03950839417917676,0.021222851140788
1992,0.0,0.0
1993,0.011451829507363839,0.0
1994,0.04084000341695816,0.0004885560410409943
1995,0.05573358885451239,0.009930179431071839
1996,0.018390602741849633,0.018282751033651127
1997,0.044086201695511425,0.0
1998,0.04822020759062566,0.0
1999,0.09256160503058264,0.004892969649563465
2000,0.07263994186746234,0.012229573122048705
2001,0.0733363423089252,0.008994658031304961
2002,0.09351071662033955,0.00937530546071952
2003,0.05515777857029649,0.007515511802494568
2004,0.05139159929419024,0.026631117854356904
2005,0.17775060038107196,0.04174147599905821
2006,0.16840272346749616,0.014420085611122577
2007,0.13434154658091413,0.048347332350740735
2008,0.12389474054203703,0.03862172496636537
2009,0.11178239782543122,0.029950653299565595
2010,0.0955727478743426,0.020157081281088465
2011,0.1801125138845799,0.01279147959869302
2012,0.09940016498911572,0.034847453508772844
2013,0.09098052686016075,0.01802580207041187
2014,0.11291501758685904,0.014583449231427566
2015,0.18490416428351705,0.040186826366362415
2016,0.15823796417187977,0.0467574213958508
2017,0.1355757506586251,0.03374427325372643
2018,0.053917951918708004,0.06591647423234087
2019,0.03184176097702838,0.06407845515146879
2020,0.12032299181188263,0.033901466981683975
2021,0.16307694377175005,0.00884565088277813
2022,0.17505459133653178,0.02917991877865686
2023,0.15530639852123163,0.04376229916524563
2024,0.04705232087175421,0.01737531932400299
2025,0.02213285603206101,0.016900156310938098
2026,0.03581272532843652,0.0412693208935654
2027,0.16994522530921208,0.022030141556104922
2028,0.12783948432167744,0.012731858090512865
2029,0.06275129900882577,0.020682914948948826
2030,0.024382443168640314,0.030024867502724033
2031,0.00042748505979481067,0.005473975289689257
2032,0.0,0.01398928950323957
2033,0.0,0.03612888457915529
2034,0.0,0.0011220470929089472
2035,0.0,0.0
2036,0.0,0.0
2037,0.0,0.0
2038,0.0,0.007175199261618598
2039,0.0,0.028831348850999212
2040,0.0,0.0406049447176612
2041,0.000916652861174199,0.020409989937562205
2042,0.0,0.00401062655579611
2043,0.0,0.012830040865465782
2044,0.0,0.03081338950206985
2045,0.0,0.004010339005281837
2046,0.0,0.004010571799390631
2047,0.0,0.004010351556900229
2048,0.0,0.008851928247582644
2049,0.0,0.010496029855748889
2050,0.0,0.027963425857838474
2051,0.0,0.004755000687525157
2052,0.0,0.004049302649884971
2053,0.0,0.006922428168340926
2054,0.0,0.0013123928852394825
2055,0.0,0.004543156412887565
2056,0.0,0.010653615971980992
2057,0.0,0.003850798014695669
2058,0.0,0.020730044692582116
2059,0.0,0.010242464510768226
2060,0.0,0.010006497437412044
2061,0.0,0.0
2062,0.0,0.0
2063,0.0,0.005809780603119435
2064,0.0,0.0
2065,0.0,0.0
2066,0.0,0.009018995221945813
2067,0.0,0.006362156527890403
2068,0.0,0.002199597577434594
2069,0.0,0.009406495357307431
2070,0.0008356087523973562,0.004708305826391062
2071,0.0015514966344593593,0.007504442075189577
2072,0.012587904668823315,0.03240082593175771
2073,0.0045677537576384935,0.02712025315028925
2074,0.08055006273495202,0.045682956180628335
2075,0.061584712134178314,0.06986450522746329
2076,0.14937863318479194,0.046756320772288536
2077,0.04594159287576656,0.055412164725218295
2078,0.02093627653173604,0.0239416601444707
2079,0.022248178962246005,0.017504880550856767
2080,0.16755986717392668,0.018303398629985056
2081,0.1306836483599785,0.05157184315493403
2082,0.08903375237150297,0.016169462799237658
2083,0.04652423924265715,0.039520734465686165
2084,0.03810138835853827,0.01587000299908088
2085,0.07965294980375766,0.02195956652015359
2086,0.06234131000908976,0.024388350180255553
2087,0.07120040517587137,0.027229142332952816
2088,0.24094866984481103,0.077999945946958
2089,0.08604486565724659,0.06457283318046664
2090,0.022611861563799327,0.021749312422880435
2091,0.02621390577352214,0.019160336184263684
2092,0.017319369500027618,0.021641645056763897
2093,0.04475489291947502,0.014969423723389639
2094,0.050670530531490135,0.022134594689880875
2095,0.04737835995480371,0.015840773968016777
2096,0.018178552225769442,0.012233390322485941
2097,0.03328172039885201,0.006083235248285339
2098,0.0014439521083478761,0.000346088225546255
2099,0.0,0.0
2100,0.0,0.0011931656716026
2101,0.03184792780872745,0.006787019598667556
2102,0.019421268598455388,0.017747104561040217
2103,0.07143700038385095,0.004864023568786961
2104,0.035633943999930605,0.0
2105,0.02237541529632089,0.010110046120516317
2106,0.19859834864715814,0.026004888496502194
2107,0.27447807531123286,0.021528039896821165
2108,0.23924947693866844,0.03215719865361951
2109,0.12413605621212749,0.05400300451344402
2110,0.19466272014615604,0.006360060032353949
2111,0.10855191850038509,0.008569212549786365
2112,0.0796235280637322,0.020939919652259796
2113,0.0845385686149173,0.034621237518696155
2114,0.10628567382877219,0.024324655403803557
2115,0.223965675094324,0.02374069257312307
2116,0.2470649778954747,0.02312095538284552
2117,0.10706443594751103,0.026278018746054555
2118,0.12492074979232999,0.010861799804155248
2119,0.08986476911721392,0.034398142909599846
2120,0.013482378091746235,0.028499646725197617
2121,0.06686392759235768,0.025383066604652237
2122,0.18097250057275266,0.018804557501112214
2123,0.18031161697636122,0.029928122127827906
2124,0.2464314435565049,0.024102900978933115
2125,0.0846060403067436,0.019080848412711487
2126,0.05444605558469318,0.026700096698323954
2127,0.051088611214573865,0.037966505305410944
2128,0.08365061565667148,0.028964424490913483
2129,0.1090474047943991,0.0446989123753859
2130,0.02014408807604313,0.01692395325368559
2131,0.0,0.0029580612558499186
2132,0.0,0.01239060025910957
2133,0.0,0.0061396560454919985
2134,0.0,0.004419387429566138
2135,0.0,0.010498361785898296
2136,0.0,0.005030302552867337
2137,0.0,0.008377792786298011
2138,0.0,0.00935100365510998
2139,0.0,0.0045661445332676
2140,0.0,0.006164989030104861
2141,0.0,0.004543689289035595
2142,0.0,0.006095430186444561
2143,0.0,0.004010310290690922
2144,0.0,0.004717481984078958
2145,0.0,0.00852074205303615
2146,0.0,0.0
2147,0.0,0.0
2148,0.0,0.0003074624395451495
2149,0.0,0.006340697538941738
2150,0.0,0.031195928485169156
2151,0.0,0.026631769841241947
2152,0.0,0.00441351384776389
2153,0.0,0.0024846293612535066
2154,0.0,0.007011044869058008
2155,0.0,0.004626012151731659
2156,0.0,0.007012300339757312
2157,0.0009091349119368391,0.03930380546245731
2158,0.0,0.007151113833723166
2159,0.0,0.018579842955565484
2160,0.0,0.004012550340052065
2161,0.0,0.004462219700382359
2162,0.0,0.03104464198438511
2163,0.0,0.008398573370484207
2164,0.0,0.00040595735646731105
2165,0.0,0.005427844948320667
2166,0.0,0.0
2167,0.0,0.006972140283347632
2168,0.0,0.004010367447954702
2169,0.0,0.008045635681920337
2170,0.003057360985575127,0.006894344893102747
2171,0.00032443086951683566,0.0031789406594602047
2172,0.004865336837966703,0.025999425992020167
2173,0.017078632233379156,0.02200990968879587
2174,0.032468637623694195,0.03519954591166922
2175,0.04740164447336224,0.04080259040578804
2176,0.09286425486675143,0.03157506856517739
2177,0.018074205336510833,0.02322666654235381
2178,0.0019059438113790635,0.014189586738225055
2179,0.012666221441526217,0.009778719213682282
2180,0.0053673288901126505,0.011320058816742069
2181,0.06912620767433457,0.02187501809179794
2182,0.010680976153156139,0.02840525666897662
2183,0.033105789109487055,0.024099355993259488
2184,0.1095556723220408,0.028416140522361168
2185,0.11029401549622363,0.02706863551984929
2186,0.15655392051977204,0.02654600210404847
2187,0.13485688234057988,0.032221914360547416
2188,0.10368579554264139,0.03306827490076421
2189,0.1865994427385169,0.061774176118504165
2190,0.1546527672926301,0.09041273329527896
2191,0.13967934100889634,0.054380019430600904
2192,0.07083379281721662,0.03597974905907692
2193,0.0,0.01823821934204574
2194,0.0,0.008118358928715227
2195,0.0,0.029897797388434184
2196,0.014172633365864645,0.02215973123555633
2197,0.015093830497678502,0.02268514600477471
2198,0.03379404127155261,0.016531409900499665
2199,0.01085096665536276,0.009874882845360833
2200,0.0,0.004148497709941597
2201,0.016824116938227437,0.00667442426243857
2202,0.017211953884340166,0.021322283019598997
2203,0.0006656827475276878,0.009417122580418063
2204,0.07130020796397378,0.005105895829868147
2205,0.02268416605041886,0.0013090356740771988
2206,0.04912410575581539,0.0019348319752385626
2207,0.06857138019959615,0.009376432819210946
2208,0.20876586396202423,0.02698304144615188
2209,0.14645052404005138,0.03671956256630025
2210,0.19629239059341239,0.04425366029783185
2211,0.1712285925963688,0.04115022185044687
2212,0.10855299554444275,0.014213057231393105
2213,0.12315673036296153,0.013644872758674894
2214,0.1121461559776199,0.01710269197456119
2215,0.14429619820801873,0.04286380484835513
2216,0.16201599881118217,0.011195949900776584
2217,0.011355075403660354,0.004044306075702169
2218,0.05783772529626236,0.0157260207772292
2219,0.10196256755998837,0.040677640337070976
2220,0.18176041305153381,0.03600450904198634
2221,0.19196033510150604,0.03676662294823405
2222,0.13942053797338405,0.02953240465148109
2223,0.2479616846777438,0.0016405454454093823
2224,0.05782697366903845,0.03289410975536582
2225,0.24102299469846106,0.054217503288979806
2226,0.26700336607017816,0.054773940194400274
2227,0.13162636273832748,0.06305702857099146
2228,0.08815985533132806,0.03147096617723851
2229,0.09251236398530012,0.030083408017577355
2230,0.07021437092606328,0.030414332949946755
2231,0.0,0.013474444395020336
2232,0.0,0.008576497491720316
2233,0.0,0.0
2234,0.0,0.0
2235,0.0,0.0008937018350766197
2236,0.0,0.013191636130331915
2237,0.0,0.004697602605049968
2238,0.0,0.008609051432291074
2239,0.0,0.0034028250826504867
2240,0.0,0.006697022322862053
2241,0.0,0.004010692148770444
2242,0.0,0.00401035358226416
2243,0.0,0.008845267980530798
2244,0.0,0.00981827408866619
2245,0.0,0.0005986287504257961
2246,0.0,0.00012970144004977366
2247,0.0,0.006214178730141772
2248,0.0,0.003721381794153482
2249,0.0,0.008844188241009522
2250,0.017268178482137023,0.009802363454690174
2251,0.007678448347386631,0.0074378202097018595
2252,0.0,0.010259711905197706
2253,0.0028562157828626966,0.0012840287742912424
2254,0.0,0.004478749721335328
2255,0.0,0.0
2256,0.0,0.0015000823919258427
2257,0.0,0.021063760837113553
2258,0.0,0.010256548821348094
2259,0.0,0.0002910954833932029
2260,0.0,0.007237023425026845
2261,0.0,0.03707438967958411
2262,0.0,0.017082336347232944
2263,0.0,0.0
2264,0.0008367151778209717,0.01040259618507029
2265,0.019553793255075967,0.028362901156731637
2266,0.04628326821682469,0.040203877273603444
2267,0.04022743048229516,0.047651230769471455
2268,0.01725054259647052,0.032456463277262954
2269,0.04223724472505868,0.020729138661971163
2270,0.006474342473020766,0.011954338543622685
2271,0.0,0.0021002330010083782
2272,0.011737281875090717,0.019363089416223257
2273,0.1621605260062942,0.025905138369424954
2274,0.14579713265852282,0.01639405950419442
2275,0.1329638796068964,0.01983503828599743
2276,0.15237202372010922,0.04259581266552756
2277,0.10058639238925894,0.01598154694516902
2278,0.081798161665835,0.02630660959076267
2279,0.11899971434117701,0.014007659132107508
2280,0.14317912606304778,0.02756715789036586
2281,0.17391322845079543,0.03742074521945061
2282,0.2601973868395877,0.059274434269064015
2283,0.10840904677959701,0.03939254008892689
2284,0.11853680725494171,0.04768105264871854
2285,0.16251934703390844,0.06198617439021481
2286,0.21065916455648778,0.0648025843044535
2287,0.08661352870688561,0.03562571101072616
2288,0.0,0.009075897758837473
2289,0.0,0.00019455311397587323
2290,0.0,0.004456391814147541
2291,8.75297352558254e-06,0.028822190792751376
2292,0.0039154196294651274,0.005163933287498067
2293,0.003052648053269812,0.0285518220597309
2294,0.009509566375574744,0.013699201487985637
2295,0.0,0.005609712617762099
2296,0.003589525017847065,0.006606612167805539
2297,0.005969689592151851,0.020661067555639002
2298,0.022173808390865853,0.013437902270653395
2299,0.055790178036386404,0.01129096696535821
2300,0.03382548716643169,0.012836585622589703
2301,0.0271053543656982,0.005151179010859397
2302,0.05816642033910685,0.00016622902372495424
2303,0.14239738086637965,0.018743331546216744
2304,0.16264528089320687,0.031601447334934266
2305,0.15440142252858458,0.011798559637094452
2306,0.07775355720993576,0.01031760156538233
2307,0.09515660593533146,0.021106777137539813
2308,0.10236341535268234,0.01734152314423858
2309,0.07831584711032673,0.022767878250186856
2310,0.08711675292842173,0.02692669610523814
2311,0.0026895371298015494,0.0
2312,0.10091973161052378,0.0
2313,0.132869960006033,0.0071246851776682555
2314,0.2327810220483794,0.010500379124840942
2315,0.17577841607769054,0.017731835695006526
2316,0.19406934832673134,0.027145969852204972
2317,0.13316682540874275,0.023580801659701885
2318,0.1012706921751361,0.014755574920254541
2319,0.20687732018583324,0.009029027569712581
2320,0.12986492453252874,0.040121570559601645
2321,0.13431594936785932,0.04916392377391254
2322,0.11271662567194432,0.04183584671265257
2323,0.08525606529201132,0.01986519333644756
2324,0.023900084055995495,0.016341338669944888
2325,0.01415966984411799,0.004690508262461758
2326,0.0,0.0038724555688346846
2327,0.0,0.0
2328,0.0,0.0
2329,0.0,0.0037352036422167827
2330,0.0,0.009703959281218233
2331,0.0,0.01635273405365038
2332,0.0,0.012869526807835704
2333,0.07515570869169678,0.013330613326388243
2334,0.0,0.009991353649564175
2335,0.0,0.008149495190440625
2336,0.0,0.0
2337,0.0,0.004641587324645914
2338,0.0,0.008659428351752398
2339,0.0,0.004010738929470119
2340,0.0,0.001165620941234922
2341,0.0,0.006028429602473181
2342,0.002861150840448977,0.0054285044769931175
2343,0.0,0.033354348890951714
2344,0.0,0.02648812884749853
2345,0.00017131418507256572,0.025478114201884852
2346,0.0,0.020030553063503556
2347,9.931269821436662e-07,0.005495363336271638
2348,0.0025835785288036506,0.009619219229942652
2349,0.0,0.004835520337920251
2350,0.0,0.005462564967662843
2351,0.0,0.0008297734451244928
2352,0.0,0.004710690753878444
2353,0.0,0.0031665469237484797
2354,0.0,0.002751989121775212
2355,0.0,0.0026204790480290705
2356,0.0,0.008940597001613553
2357,0.0,0.00923158915172567
2358,0.0,0.02619255042430335
2359,0.0,0.0280309554868996
2360,0.0,0.04589790012715885
2361,0.000806626135756791,0.05475666863273597
2362,0.04797521935980614,0.059602524819617
2363,0.0701680317007683,0.056103525606912445
2364,0.05974268228186442,0.0665857605118686
2365,0.017054187679642386,0.027437220811809437
2366,0.0,0.0050534201094121455
2367,0.0007596618022867231,0.006261878968876431
2368,0.012797000642347772,0.00961192293800134
2369,0.057601426857540355,0.020522790956965128
2370,0.05693434371524679,0.03121250526552677
2371,0.12834468537669735,0.03096105721582548
2372,0.05515599819068988,0.02078646883623239
2373,0.08917556852515271,0.020233813310494238
2374,0.047477155889372576,0.01619437721250033
2375,0.019829243299072968,0.009706252028128155
2376,0.159841175737232,0.03832492056116254
2377,0.13125171054161494,0.015062361771065033
2378,0.14042590413114803,0.0204283760743817
2379,0.15425442263948894,0.030473586609124474
2380,0.03490705332368401,0.030154155467648325
2381,0.06532430194806596,0.044483536780227616
2382,0.10745068880878653,0.05282598882132434
2383,0.22942444525325822,0.06049127613602708
2384,0.25225241604673104,0.07104162303473627
2385,0.03756249236488175,0.025931974887704632
2386,0.0,0.0
2387,0.0,0.0
2388,0.0,0.003315159161762849
2389,0.04998588319847623,0.016570413679646415
2390,0.05164259580759569,0.022687098858868417
2391,0.003491257234136411,0.009891563549643862
2392,0.0,0.005785025741777992
2393,0.003947967252643209,0.004939111234112849
2394,0.011105106774136035,0.006408572058951468
2395,0.007778838758154172,0.0
2396,0.0,0.0
2397,0.0013326271510778777,0.0027987129433174355
2398,0.029068160170666085,0.01170465324641344
2399,0.025163078703789584,0.006198545530921314
2400,0.04767590386935639,0.008246829506711378
2401,0.11952116493388255,0.010926749200836007
2402,0.09435756368377445,0.012110472269830492
2403,0.1613395950589208,0.015676331528087645
2404,0.1274668218343763,0.01653746420975905
2405,0.07296836538630021,0.023439484548488723
2406,0.004911448443764296,0.005396481378778361
2407,0.06867783838212066,0.006152380136492419
2408,0.07298978375131723,0.010940764984746866
2409,0.08961768376881306,0.0010474035600005667
2410,0.053032450731178085,0.017435534564224708
2411,0.15228539230070434,0.017647391532883146
2412,0.10664096562801098,0.009515497252955498
2413,0.17057320201122872,0.020870151029200756
2414,0.12170377479062133,0.02769090503995206
2415,0.1452825790373351,0.016011673187106886
2416,0.03298759593387004,0.0166425646370828
2417,0.07484687142383857,0.032429213951924316
2418,0.06655257827459893,0.026014671495507343
2419,0.15161078864291985,0.0357029672061625
2420,0.04378389938670306,0.02247343744094035
2421,0.00014758892927390222,0.016728185403886736
2422,0.0,0.00027892264651220567
2423,0.0,0.0006002599136725657
2424,0.0,0.0
2425,0.0,9.623207727230879e-05
2426,0.0,0.007379933376665713
2427,0.0,0.005129079590843248
2428,0.0,0.003152141221039156
2429,0.06759761982323724,0.01702142084477622
2430,0.0449859246759771,0.020753832267374338
2431,0.036844140981050606,0.06404780397907903
2432,0.0,0.005590452620201717
2433,0.0,0.027558653163971943
2434,0.0,0.0019378919987147528
2435,0.0,0.004326089899910155
2436,0.0,0.004116085692339284
2437,0.0,0.004662814686570705
2438,0.0,0.007571264292507827
2439,0.013475984557534276,0.0
2440,0.02536470457812226,0.003990241152561648
2441,0.034096590431098514,0.03158671457029214
2442,0.004225593217149215,0.03189166940431341
2443,0.0,0.0045438349798070845
2444,0.0,0.0
2445,0.0,0.0009136232906589324
2446,0.0,0.0389100000210917
2447,0.0,0.006679445200036722
2448,0.0,0.003893573012076355
2449,0.0,0.0
2450,0.0,0.0
2451,0.0,0.0
2452,0.0,0.0075634711291508745
2453,0.0,0.03614399872202636
2454,0.0,0.050284302892282556
2455,0.0010662180427092353,0.04366813575236509
2456,0.0,0.035032810134057756
2457,0.0,0.05271461009867895
2458,0.013937815015561813,0.052164492022264815
2459,0.052556449412523666,0.06283530138596492
2460,0.08414395660739538,0.06671069145729795
2461,0.07016070764121392,0.0698653928872313
2462,0.019838215055106342,0.03861993748887394
2463,0.0077477418499662465,0.00539876630851207
2464,0.05842724673256099,0.0008959683401458989
2465,0.08736462241408667,0.018112595835909538
2466,0.05074700088603695,0.037991807963451814
2467,0.08192963314027418,0.024580022613622347
2468,0.1336941020548425,0.024531064908614866
2469,0.16987900426484256,0.03349745425891616
2470,0.15911355867065452,0.025599171974522793
2471,0.2025192708335608,0.039522813617381934
2472,0.08708332174077843,0.01759126832047844
2473,0.02849861233270804,0.007189316805295685
2474,0.12909905699529134,0.026494195350333587
2475,0.16737785212177014,0.03690616931079688
2476,0.12170701227743148,0.04107908555579856
2477,0.19464270947870976,0.04717382000391268
2478,0.21074356572614925,0.05391765873618944
2479,0.09452496161880364,0.06918213812026065
2480,0.04244478664213852,0.053502158507851776
2481,0.05333949788536771,0.06698751659135603
2482,0.08602973569263246,0.0791227257060581
2483,0.020238852252201078,0.010654341555215201
2484,0.0,0.0
2485,0.0,0.003302811308110893
2486,0.02369709074375946,0.02624469176603729
2487,0.136310990489761,0.05113071321050533
2488,0.06917536354222414,0.02545081283117648
2489,0.031003209923674842,0.012162942407976147
2490,0.10876503863152318,0.020580206376052814
2491,0.006720601267663702,0.007848883566986592
2492,0.005394725731924119,0.006257906507868773
2493,0.004093580398016228,0.006388437602414743
2494,0.0,0.0051719974938783005
2495,0.009975744698307585,0.0018669802560382477
2496,0.04044295275825963,0.0003437611828391964
2497,0.007125936621287238,0.023768277729901914
2498,0.07498324216040378,0.008510053667001466
2499,0.2376258992595677,0.004310529297659839
2500,0.14053950533930726,0.007539539401114948
2501,0.13277775938507833,0.020952360159097107
2502,0.10092137819730858,0.02278023945729174
2503,0.1000712859829862,0.011863134439119799
2504,0.16334847027740837,0.010067593553320583
2505,0.10490135521565429,0.012548656223871598
2506,0.12848297894984304,0.01187843604655439
2507,0.09075774702941398,0.020485512186835083
2508,0.1341592630849764,0.014555501140021939
2509,0.05796161268829622,0.01287215244297414
2510,0.13033494315140587,0.01887699526149199
2511,0.16956119275655124,0.044151985810549216
2512,0.052555467866950985,0.014147584937244446
2513,0.06929326355209531,0.005192681626753744
2514,0.06848534900036393,0.012643811027857358
2515,0.022783015835799777,0.0
2516,0.03488832532446896,0.0
2517,0.00015636324353428897,0.015348857048658114
2518,0.0,0.011639952953761707
2519,0.0,0.000853790323795189
2520,0.0,0.0
2521,0.0,0.0
2522,0.0,0.00522764427760717
2523,0.0,0.007958493146358533
2524,0.0,0.004202467357005098
2525,0.05367112700952359,0.016794800303809223
2526,0.23748858761081906,0.013482821248236762
2527,0.0540371695185061,0.03295312729807494
2528,0.014793567321090093,0.03200375823380157
2529,0.009348071341805446,0.05630528827546894
2530,0.0,0.00031555930954175104
2531,0.0,0.004543949512301815
2532,0.0,0.005758014197909571
2533,0.0,0.0
2534,0.0,0.0
2535,0.0,0.004587779206392948
2536,0.0,0.005908713196121481
2537,0.0,0.0041731134820896494
2538,0.0,0.004251114139326416
2539,0.0,0.05273401854430072
2540,0.0,0.03788725959106751
2541,0.0,0.010527023982829738
2542,0.0,0.004986571260783308
2543,0.0,0.00632602341072183
2544,0.0,0.013598014186491652
2545,0.0,0.006866372993140335
2546,0.0,0.005805373774624121
2547,0.0,0.0
2548,0.0,0.0
2549,0.0,0.0056999274100341685
2550,0.0,0.023342989375864286
2551,0.0,0.022101351903598934
2552,0.0,0.04197332398724878
2553,0.0019950005352460465,0.06359185914665973
2554,0.0,0.06533313856430262
2555,0.0002054397454513789,0.06871759251209693
2556,0.00865984436666606,0.060416520932394274
2557,0.023795077432303795,0.04372767695205495
2558,0.048649829756841095,0.05770124946391686
2559,0.044240108768182775,0.06203142344959066
2560,0.02254505841021979,0.03308003747152586
2561,0.0,0.0038527024654916578
2562,0.09942127020883246,0.020180200504994434
2563,0.07210451367004272,0.02013957556405647
2564,0.06855552191138918,0.021322116054347424
2565,0.14490368575070228,0.020718669147556674
2566,0.04065664302249101,0.012199055912418419
2567,0.2089013437950982,0.03606690433423814
2568,0.12379821525189971,0.025514679482753305
2569,0.14058443817459304,0.02048724794865361
2570,0.1285871941932783,0.02869715896213943
2571,0.11596738294644074,0.025443450724196327
2572,0.19987072683455046,0.032269736114473736
2573,0.1379750015489019,0.028361846270526053
2574,0.10449406901524558,0.047746521101778315
2575,0.19212688165828373,0.06793587688121103
2576,0.1573845436091308,0.05463547858276277
2577,0.055658812932469263,0.03764312091464132
2578,0.02225550750264339,0.041334261345781366
2579,0.015894820165719588,0.05826205157828791
2580,0.018759888722904825,0.06085824201452912
2581,0.03126667635040546,0.0422512484632427
2582,0.0013050365351564967,0.010739644469097698
2583,0.00029033763077197707,0.004829359319987769
2584,0.09568249209337124,0.03824084626086885
2585,0.0298170071167429,0.032153751771989265
2586,0.11215794363716117,0.015285030124743108
2587,0.03415706655795212,0.002257202658842717
2588,0.010999796125408738,0.010327621398032198
2589,0.015074742835263902,0.01198098080131764
2590,0.0020901773732559916,0.005327169794313469
2591,0.0,0.0
2592,0.0,0.0
2593,0.0,0.0014115968171958587
2594,0.011513515951050463,0.013392864638410934
2595,0.048707857209419364,0.0048314487083832595
2596,0.029245100946225133,0.0008383552322420184
2597,0.02789543381872345,0.0035931404889810183
2598,0.1060086250071495,0.009795267081359336
2599,0.2492560717193044,0.031564539538623045
2600,0.12469445625540788,0.01876909143988766
2601,0.07426895226994606,0.019007017463914963
2602,0.12371689479670757,0.02312660957983644
2603,0.10185416886748574,0.018911168081062718
2604,0.08591743551013212,0.017784869518931764
2605,0.09711707890385787,0.011919666940744056
2606,0.15519329492641926,0.020540829946028204
2607,0.11295936434912049,0.019937980905763802
2608,0.1924394700240763,0.04537099397689452
2609,0.1786030002158029,0.03600572001997646
2610,0.0314503663075357,0.010824479425040667
2611,0.05107975875302162,0.025639381941551447
2612,0.14858945496066492,0.04132569851756016
2613,0.027433443632872832,0.0034913966202468898
2614,0.012165319526701175,0.0
2615,0.005640567432557104,0.019947310609797344
2616,0.0,0.021575214767884435
2617,0.0,0.00945808063881111
2618,0.0,0.0
2619,0.0,0.0
2620,0.0,0.008248335323071024
2621,0.0,0.015153226416276406
2622,0.0,0.00580385571088097
2623,0.15016623414878347,0.017414563548062673
2624,0.14271942482054056,0.007361319222857188
2625,0.04249257860434442,0.012747648993843508
2626,0.010194617611266802,0.07968818308284883
2627,0.049840796066057846,0.02910061362344734
2628,0.24814006213356246,0.013474505141839104
2629,0.28522863211541916,0.01761788474402115
2630,0.09494860527473031,0.015967021512559177
2631,0.024229641239787263,0.018939256555990262
2632,0.0,0.006272948806335119
2633,0.0,0.00010485554394767542
2634,0.0,0.007265453035972687
2635,0.1357868028927821,0.008595149198989422
2636,0.0,0.0016109083939901926
2637,0.0,0.004657335158318755
2638,0.0,0.0
2639,0.0,0.004707432283713183
2640,0.0,0.010763761562992307
2641,0.0,0.004010372153803319
2642,0.0,0.004010365481563251
2643,0.0,0.008815165484999816
2644,0.0,0.008489621008313712
2645,0.0,0.0077018669728951454
2646,0.0013828481865226256,0.023612495594501827
2647,0.0,0.04830242775452111
2648,0.0,0.02294448969704349
2649,0.0,0.005757045380154576
2650,0.0,0.058411467294202365
2651,0.0,0.06876427021090122
2652,0.0,0.043894746494799804
2653,0.0,0.0530814561775284
2654,0.001047845524310668,0.060269583325448885
2655,0.0,0.06508060524223816
2656,0.021986689471670498,0.0714626030429066
2657,0.006181549680056725,0.08825678169632967
2658,0.039168312612257034,0.07536999026613515
2659,0.05658334692363864,0.06292797779886251
2660,0.030287279543996747,0.0295668546071957
2661,0.0012775896552970603,0.00735391994147228
2662,0.050234204617484464,0.026973846215805928
2663,0.06166099946798413,0.04016230426081428
2664,0.07922011792429783,0.03118104067780268
2665,0.06843302556152242,0.0373718904892473
2666,0.1391314326642403,0.02584528359955797
2667,0.0849981394538938,0.02319896857828003
2668,0.15612200983049968,0.02417324783500877
2669,0.12743083896315163,0.03431433627478722
2670,0.1752063733444128,0.022179271495716968
2671,0.144964749624416,0.04724105906557672
2672,0.21853092308745878,0.06896262045942446
2673,0.13173336325611926,0.07455732398036896
2674,0.1517083837212107,0.07838526013880985
2675,0.12747257117672534,0.08012348243205807
2676,0.10663151004182093,0.06154254651727879
2677,0.09044827114848696,0.057879276454486
2678,0.06687104120183715,0.0650170037406192
2679,0.03213817931771868,0.07169231116963475
2680,0.017101653826455114,0.08033197416219606
2681,0.024214316450641246,0.08782055826826408
2682,0.022709362868610024,0.07689749824059822
2683,0.007430595966477727,0.050916471697639985
2684,0.00041532757441798475,0.007151179240608907
2685,0.002385736333002024,0.013155201414432625
2686,0.031143235434639233,0.006797268567509811
2687,0.04133005056931668,0.017307953104488544
2688,0.050324652683295376,0.00925517419784209
2689,0.034889465690580296,0.0066524159257680465
2690,0.04523284623179068,0.012528138562888712
2691,0.012982079705127703,0.0108133414449375
2692,0.0009006756926744819,0.008040932222926069
2693,0.0,0.011186236241951218
2694,0.0,0.008496701410717922
2695,0.0064977751629102486,0.00016329365184570852
2696,0.009135536593207084,0.0
2697,0.0,0.0049929958081091075
2698,0.0,0.0
2699,0.0,0.0018665786118091821
2700,0.05602179928468915,0.020388595102207217
2701,0.13535379183825616,0.03330920043980407
2702,0.06915922728399133,0.012589365710925865
2703,0.09714397422298557,0.02084703380258162
2704,0.13922465206397114,0.01675247788138106
2705,0.0717423141069297,0.022855883801152867
2706,0.0716856387884005,0.01721098906348463
2707,0.07832261530563396,0.016348111841277504
2708,0.10902085558376354,0.017665392578408642
2709,0.11979015792869188,0.026486121482371887
2710,0.1969142474929309,0.05019710277478574
2711,0.0946578438219734,0.033923149358282056
2712,0.09586198333470244,0.0529267414108437
2713,0.13595904795805544,0.02738020805337204
2714,0.022735007067715703,0.0
2715,0.01168242720876335,0.003607054811327465
2716,0.023361805929967547,0.00583461441050853
2717,0.0,0.0
2718,0.0,0.017729323295528107
2719,0.0,0.015959769339658626
2720,0.0,0.013929770266914065
2721,0.0,0.005832915791720502
2722,0.0,0.009791358095554084
2723,0.04619030787740597,0.028156624126413433
2724,0.24396923397862322,0.024877108496283388
2725,0.19538924660297832,0.029746482045209965
2726,0.08071459185457788,0.04061490924298001
2727,0.050905677761252745,0.09013300095985652
2728,0.015578118848255594,0.057819474593882356
2729,0.04649725929559534,0.023669205967151122
2730,0.06718383236747914,0.0278208361375679
2731,0.040909093181323956,0.01006201087235388
2732,0.02348569887490249,0.020214855333465894
2733,0.05664138155100926,0.04308394219995622
2734,0.10054752445335452,0.009701725820118494
2735,0.0,0.01159684896684633
2736,0.0,0.0042122557054484295
2737,0.0,0.002297141466904226
2738,0.0,0.009122353952830425
2739,0.0,0.0184093898706279
2740,0.0,0.003677716390617227
2741,0.0,0.004687224448842109
2742,0.0,0.005072535804916871
2743,0.0,0.01097889844368555
2744,0.0,0.0
2745,0.0,0.0039581403377222735
2746,0.0,0.0012968823837950212
2747,0.0,0.0
2748,0.0,0.0
2749,0.0,0.01657423105014493
2750,0.0,0.042681663463612345
2751,0.0,0.033789334758730964
2752,0.0,0.01554200169031251
2753,0.0,0.04443793360548007
2754,0.0,0.07175272595020224
2755,0.001310730303622984,0.06629152842340132
2756,0.00395766548908406,0.06246205597749043
2757,0.002643353338077603,0.040610707435848804
2758,0.03132304711947726,0.04890683938502994
2759,0.010293535339130046,0.05241734334592264
2760,0.008128817286812317,0.08094419737856531
2761,0.021090837421513808,0.08936878843401413
2762,0.042421602958335,0.033278310946867375
2763,0.055649858873323695,0.019093314556420805
2764,0.019823940467060763,0.003691364899368867
2765,0.026485555187029185,0.01616069582203934
2766,0.024507023392828342,0.04303934663110878
2767,0.025945579842037957,0.0573846011318359
2768,0.0578797374142465,0.08775056573670101
2769,0.05750599062604661,0.059216776272482015
2770,0.05877671811342024,0.019192242184234303
2771,0.06537056152794027,0.0031724827574693185
2772,0.1252750249211384,0.025513624762145196
2773,0.16983052166490728,0.02600990669310093
2774,0.15123377033364183,0.06732791194203566
2775,0.2172701153734918,0.06984539379996334
2776,0.12355069978615288,0.05314081577096566
2777,0.09713924660580277,0.04148701300154599
2778,0.18097562004111065,0.06073093534077881
2779,0.29029817099768623,0.0659960105403847
2780,0.07367489157488775,0.0706895717450535
2781,0.03185377098776597,0.0664817581987135
2782,0.03620380332836944,0.08165879605698001
2783,0.07103551521584191,0.06920550911353528
2784,0.032386511469657056,0.050845395791439985
2785,0.06581798601254837,0.028725131319281415
2786,0.0431725768283529,0.029002365477991933
2787,0.029045182023532828,0.031548375715562176
2788,0.02958664671136978,0.015805999326754288
2789,0.014309678990740433,0.010359779409741976
2790,0.03254875105554592,0.014394374926839258
2791,0.06407813139902946,0.011452957174563754
2792,0.011442644570459442,0.004067415297216914
2793,0.056812073825826134,0.011124864527211195
2794,0.013488263976635424,0.021287190685637433
2795,0.0,0.0065687846749519704
2796,0.0,0.0005253325011501147
2797,0.0,0.0
2798,0.003554473826930081,0.0
2799,0.010503809589644779,0.0
2800,0.0,0.003237662067921531
2801,0.0,0.002364449084509404
2802,0.009159986184488359,0.0025035167085105405
2803,0.0,0.0015466138221985474
2804,0.021794687998937332,0.01063010814188616
2805,0.10668337604343182,0.015057289359018684
2806,0.17910537649097782,0.03439778208072754
2807,0.16852649442654205,0.0277354820448069
2808,0.12260596985754131,0.018723296942681447
2809,0.1182136323612598,0.018820471228112468
2810,0.15116766183101768,0.01060472879665056
2811,0.13473294603448022,0.014182366250907836
2812,0.15417768872675153,0.013158472741545336
2813,0.08578250818333409,0.01999097475823543
2814,0.15345315774156912,0.021773676326283922
2815,0.13871212468774088,0.024592822150105845
2816,0.06770326698719983,0.0024094253562544554
2817,0.0392650901438271,0.000488290666596879
2818,0.02151504062824204,0.005651937650744681
2819,0.02077958460966564,0.0048335199237199275
2820,0.0,0.004776823993109877
2821,0.0,0.0028884440051629265
2822,0.0037996387692678696,0.0071697851265130255
2823,0.1345301260966382,0.00521405778868354
2824,0.08541920488574427,0.014477319431107277
2825,0.0,0.009352066161879108
2826,0.16998112267343315,0.01678321060204157
2827,0.166363854280422,0.055062719928106435
2828,0.15477417392233367,0.07509383040898944
2829,0.23722822732922588,0.048732363104914043
2830,0.3186095565176107,0.08254654250014762
2831,0.03306538814903861,0.09830793706387367
2832,0.027989140282238166,0.05460019840690786
2833,0.030136159603182253,0.02705513357375865
2834,0.04736123204092455,0.014820432908060923
2835,0.11628815384403846,0.0341996920335429
2836,0.030757642197190245,0.04655498426318557
2837,0.250547388572099,0.02228727932435868
2838,0.0,0.0006799317252121819
2839,0.0,0.0
2840,0.0004003710535679383,0.006380684013118036
2841,0.0,0.03319018789819693
2842,0.0,0.005652862265083652
2843,0.0,0.004376016049672149
2844,0.0,0.000970502249437464
2845,0.0,0.0045448648653376705
2846,0.0,0.0
2847,0.0,0.0034709297535516796
2848,0.009685191686461892,0.0063453171428068614
2849,0.0,0.006338937458346424
2850,0.0,0.004377296846811438
2851,0.0,0.005099327059056329
2852,0.0,0.005951664678361671
2853,0.0,0.006002607273110445
2854,0.0,0.0028895347488294954
2855,0.0,0.04094790035829463
2856,0.0,0.057745908815186986
2857,0.001031359275670945,0.08042122191449118
2858,0.0,0.07472116041705354
2859,0.04295416876258409,0.043928791343181325
2860,0.025335596601385537,0.0429879836902175
2861,0.04450653150432418,0.0333267774421615
2862,0.02930272789431906,0.05820796377654122
2863,0.043464299145981065,0.038904333185110405
2864,0.04388961035840029,0.028270931085561682
2865,0.1380468231310515,0.01131310467005865
2866,0.007338973084205335,0.005197047767851618
2867,0.0,0.03063100714781937
2868,0.0,0.039243238908788704
2869,0.05011575586036837,0.03743668373954107
2870,0.040003828320927935,0.07100704616550844
2871,0.02517447177933287,0.07512872708326433
2872,0.09014079267888823,0.02592967689334928
2873,0.07906533383438875,0.03839034544759028
2874,0.12524754799597218,0.04538183345554018
2875,0.13955835215840695,0.07723682493728232
2876,0.1966067941846907,0.08704508946320336
2877,0.16180779448004665,0.08298973023344317
2878,0.0979704821040516,0.08950689425536137
2879,0.10713392839707889,0.07727878917737546
2880,0.24637756159153337,0.07639117472639875
2881,0.2921700014111009,0.07940756614223905
2882,0.17744958147101347,0.07941074252846153
2883,0.07439829856641869,0.06407501356665332
2884,0.06981530035469942,0.02790207205760636
2885,0.12501485031704174,0.05672255610461715
2886,0.06268363935412771,0.02108796335826607
2887,0.012075404898788531,0.005907207374834868
2888,0.008701716521997225,0.05326744717060301
2889,0.010743899604540568,0.06016225597444578
2890,0.04508542458400612,0.024444327351570334
2891,0.2692241358576456,0.0
2892,0.2185867904978304,0.003046259601476635
2893,0.02308731692168847,0.011325821313037228
2894,0.004076450785090045,0.007642767196126255
2895,0.028124819906846496,0.003286776697903925
2896,0.01580708747953239,0.0
2897,0.0031846948846303764,0.0
2898,0.0,0.0
2899,0.0,0.0
2900,0.0,0.0
2901,0.0,0.0
2902,0.0,0.0
2903,0.0,0.007384527688156866
2904,0.0,0.0
2905,0.0008624397417392534,0.0
2906,0.0,0.004614747030217038
2907,0.0036478203642925067,0.0
2908,0.0921203169195443,0.00027707769564042995
2909,0.04116077645936511,0.000699717662934244
2910,0.20693356658461529,0.008586134583164465
2911,0.06936894822358523,0.015527511365890605
2912,0.09245645999426244,0.012337403366476691
2913,0.12911171482342532,0.011406000851799214
2914,0.11253648967691401,0.013974214960880426
2915,0.020061482520061482,0.006123201685488766
2916,0.047610055607996415,0.0057498565625688945
2917,0.14100400019466608,0.010164111899215244
2918,0.2609528352743134,0.009915623195499103
2919,0.12179978714003076,0.012611423613362923
2920,0.11881659585202912,0.01628172349628963
2921,0.0,0.0
2922,0.0,0.0004363673094601823
2923,0.0,0.0
2924,0.01200071211030038,0.008359006531299219
2925,0.10148065527004145,0.00182451250815163
2926,0.07209362555287502,7.571898666277212e-05
2927,0.004737201053577658,0.0423194529689071
2928,0.07556053920443817,0.05604971928907119
2929,0.05118359155108188,0.024697300453628047
2930,0.06400550180298545,0.025541790460048702
2931,0.16668639483150857,0.021745179077354047
2932,0.037750713480069156,0.011296287428540951
2933,0.036194942656411655,0.03798110362518052
2934,0.025375686613115653,0.08404050881421521
2935,0.024989568056006266,0.018836725070021296
2936,0.07307682151215637,0.04494281682702125
2937,0.032115993123436944,0.053980599306876605
2938,0.03883302714131034,0.055606457690920416
2939,0.2566050180479782,0.01849947138958517
2940,0.0,0.0031407805406571
2941,0.0,0.007503787235761355
2942,0.000245340004824856,0.033612677603338574
2943,0.0,0.007203206702508221
2944,0.0,0.004049955504312698
2945,0.0,0.0
2946,0.0,0.0
2947,0.0,0.004544914647603987
2948,0.0,0.0012552806959956148
2949,0.0,0.00037083101713720096
2950,0.008831082573979647,0.00868575029032489
2951,0.032346321554991765,0.007526106306532682
2952,0.0,0.0
2953,0.0,0.0001711280131089673
2954,0.0,0.0063241026396692185
2955,0.0,0.0040161279052819705
2956,0.0,0.004567920587630149
2957,0.0,0.019425309022700062
2958,0.0,0.04587104044943837
2959,0.0,0.05432113380149783
2960,0.00812760964498541,0.04281076807157865
2961,0.0,0.06332760691374215
2962,0.0,0.06555514633155039
2963,0.0,0.05968138464418272
2964,0.0001732149151423323,0.055502181674556866
2965,0.0,0.016551598744543556
2966,0.0,0.0414763315312205
2967,0.0009394406847578576,0.02250819890072659
2968,0.0,0.044811478995435736
2969,0.0,0.06319370383644424
2970,0.008473562638176594,0.06117661588861202
2971,0.007167953938886727,0.03106022324006194
2972,0.0,0.08758281409443748
2973,0.003931362492814403,0.08649570052144748
2974,0.05000413785849454,0.07303663744600922
2975,0.19348684133858274,0.09143629491853505
2976,0.1690065496463134,0.07293422188405016
2977,0.10612588012852679,0.07595237625031971
2978,0.22142561010200631,0.08314116783470958
2979,0.3181092108933877,0.10914972474970323
2980,0.259913587690084,0.10800070051598987
2981,0.2943304800537199,0.08466003387334613
2982,0.4554902717060524,0.09326193819682733
2983,0.30773986311168056,0.07467479640654752
2984,0.2230452582512095,0.05464943230564356
2985,0.18548222238080814,0.045814981259200305
2986,0.24635593171215145,0.027210877300631972
2987,0.057217865885324126,0.010248998699280528
2988,0.0012070236522199308,0.0006083881839130896
2989,0.00023704116558576391,0.0033405399365785517
2990,0.22270919944995188,0.016031408216997632
2991,0.03656731855649506,0.033855834105868
2992,0.05077178550137125,0.049589797805493774
2993,0.10199730226557022,0.017012465078317884
2994,0.18780539803393925,0.0
2995,0.07797109385808544,0.0018696868268174888
2996,0.004783823691896861,0.0188644764705638
2997,0.027592929762791374,0.010874414985717219
2998,0.0,0.005545627374989786
2999,0.0029883752287356083,0.000533280775109055
3000,0.0,0.0
3001,0.0,0.0
3002,0.0005200446026526885,0.0017542100191334199
3003,0.004061158689915819,0.005049999252862658
3004,0.002886771364819036,0.0
3005,0.024684013899034143,0.008477687607323332
3006,0.0,0.0041840632865572285
3007,0.0,0.0
3008,0.005404059937113769,0.002239615052887731
3009,0.0887778638568994,0.009081930554141445
3010,0.13998526864113914,0.025481313226474955
3011,0.1768095326859364,0.02411862893147871
3012,0.23392119953428442,0.009447507844550526
3013,0.21492143948597014,0.015942717374765557
3014,0.15786214184416142,0.01816774753034253
3015,0.14014788838662384,0.021218789652845745
3016,0.09730154065927349,0.01576569497740118
3017,0.1601527710876592,0.013761023356732077
3018,0.11332716745574233,0.016709462442308354
3019,0.15823203454588958,0.04082992326105288
3020,0.3208633144011572,0.0033066063767471163
3021,0.13259489085486356,0.009117920015947004
3022,0.10196626304283836,0.004509475429331052
3023,0.000509767691883535,0.0016487362036965742
3024,0.0,0.0068561990007348465
3025,0.0,0.0025800619663000194
3026,0.0,0.0
3027,0.0,0.0044425527318874445
3028,0.04309606525319065,0.026607898512968364
3029,0.15173142438224596,0.09131660057331525
3030,0.05644108982219011,0.03708115211699152
3031,0.08294656537908403,0.020734918852655243
3032,0.14432076979262926,0.030517636623439776
3033,0.22944340436945923,0.022841675943180813
3034,0.24206230069952522,0.021525572575446253
3035,0.06802352595876378,0.01728268118874815
3036,0.0034578710936101773,0.06601423354063897
3037,0.00816685458056677,0.06221907065434602
3038,0.0,0.020785502713941504
3039,0.0037046684649493814,0.05211712099144774
3040,0.029589186393226396,0.0210742129663216
3041,0.14198942097721007,0.03112479570912579
3042,0.0,0.008162879421966482
3043,0.0,0.010835330246733018
3044,0.0,0.005105502703446325
3045,0.0,0.0038311030610601524
3046,0.0,0.0017009433767117472
3047,0.0,0.0
3048,0.0,0.009084197148655774
3049,0.0,0.038389581699060545
3050,0.0,0.00949540973679908
3051,7.204531230282719e-05,0.011742433862888712
3052,0.0,0.00240879371508408
3053,0.0,0.00637029551635811
3054,0.0,0.011611745809816526
3055,0.0,0.009084734413835322
3056,0.0,0.010549936000453482
3057,0.0,0.02182133249899045
3058,0.0,0.025445433259019906
3059,0.009028515676055856,0.05758995574693084
3060,0.0,0.007553161448302313
3061,0.0,0.016892370790096842
3062,0.0,0.05741266095366732
3063,0.00487616374752931,0.0235317592958904
3064,0.0,0.008650703906315746
3065,0.0,0.01742876779313314
3066,0.0,0.013598193743800214
3067,0.0,0.03854294042200567
3068,0.0,0.0560161399257986
3069,0.006601445839713335,0.05181652064959543
3070,0.0,0.02283743419885539
3071,0.0,0.09461862081232178
3072,0.0023779198030938176,0.08663969101858986
3073,0.10864410999142872,0.08250321842572854
3074,0.18015556750250095,0.06863297249474012
3075,0.1418722597085552,0.060946558788721676
3076,0.07861350467004105,0.05512253591943374
3077,0.12210328257981864,0.07796100687444546
3078,0.2595064109289343,0.09475282787962822
3079,0.26302026792622507,0.10765441759824261
3080,0.16758621204101912,0.08443114549262844
3081,0.14328977532558318,0.04508001593072134
3082,0.06288674021261247,0.02873021775156818
3083,0.142147693381355,0.020241989674463598
3084,0.1528188166352909,0.04591775267442824
3085,0.10462340306617031,0.014983416564392893
3086,0.07642797057593055,0.028703691288568485
3087,0.03619092416321002,0.016194515947199967
3088,0.15345326652579225,0.03149954564126284
3089,0.3298869207999227,0.05555078419876943
3090,0.16888929444933068,0.05107252495178121
3091,0.14969878154808958,0.05107073005775344
3092,0.0891858590246255,0.027579317679805274
3093,0.051043064626212664,0.0027669386492294727
3094,0.0010953258925332676,0.0025252866614586308
3095,0.0978919718788228,0.03328278160480565
3096,0.0902918718097658,0.04188021920475944
3097,0.07762247142406603,0.016948958557997173
3098,0.041812257721581265,0.010081921938375099
3099,0.0,0.0017777008884675113
3100,0.02358785906427177,0.01468981920023656
3101,0.005982179388483602,0.025675890905549115
3102,0.004158078525454662,0.020795397267013342
3103,0.002637711459164847,0.011346351112135807
3104,0.014376641472448408,0.0011136351494102307
3105,0.0,0.0037785220293416505
3106,0.0,0.0007167573390253625
3107,0.0,0.0
3108,0.10754889543889196,0.004377259805327597
3109,0.13336273863887577,0.029132272649772892
3110,0.16359523418289607,0.03206459825147451
3111,0.1607248041320435,0.029510853485225617
3112,0.21098858667433862,0.024023041020759167
3113,0.16706525818487103,0.020422121939205087
3114,0.20368282680663963,0.02120116866830019
3115,0.15361343505045197,0.026073244439100536
3116,0.15714686953861454,0.020145428564905653
3117,0.14558334910689197,0.01738943905817765
3118,0.17989183658752397,0.010259682622500214
3119,0.1381605110142444,0.010276113363088141
3120,0.08040009080015914,0.004782486697599476
3121,0.01839835589470901,0.0
3122,0.0,0.0
3123,0.10124147605734952,0.004837058263091145
3124,0.044005239135557934,0.003102071524968176
3125,0.03193513162127038,0.004847715882046076
3126,0.006478691789942303,0.015598161522040209
3127,0.01686184384131931,0.046905109601366034
3128,0.05568272833942329,0.08198294756601188
3129,0.10278316614807054,0.018644944518013105
3130,0.21611975940782754,0.058324818540855146
3131,0.10303982409808597,0.05500044543297102
3132,0.10344785132481843,0.03515650167324106
3133,0.09275977586758526,0.051202911606288225
3134,0.02211371078902285,0.04715355857332874
3135,0.031387985051459844,0.03512626318737334
3136,0.01912959317572607,0.05582823411676791
3137,0.0422087695319473,0.021810890532483355
3138,0.0,0.01625807831450903
3139,0.0,0.04140691079535614
3140,0.0,0.027840539955615858
3141,0.0,0.0
3142,0.0,0.006217261296717051
3143,0.0,0.01687320608811714
3144,0.0,0.005848268570691399
3145,0.0,0.010748809412909266
3146,0.0,0.024343831658685935
3147,0.0,0.0013889241170748782
3148,0.0,0.009437135348147505
3149,0.0,0.005929348869444154
3150,0.000940773883885356,0.02244558576843964
3151,0.0,0.0213037323988758
3152,0.0,0.05185759105019114
3153,0.0,0.0447449871581504
3154,0.0,0.027233848201189285
3155,0.0,0.0
3156,0.0,0.005968781148538518
3157,0.0,0.020492560220873177
3158,0.0,0.038328616863540055
3159,0.0,0.05425336428749556
3160,0.0,0.032050301915449955
3161,0.0,0.08116430518997647
3162,0.0007337315024207225,0.05738066013435697
3163,0.001733787583102874,0.06052004990949162
3164,0.0,0.06400470988842805
3165,0.0,0.020741312896949776
3166,0.0,0.07516825442835524
3167,0.0,0.07287362856734364
3168,0.07861838018049022,0.08468577972287668
3169,0.1107255265359472,0.08666544661541842
3170,0.09399699398895583,0.08180532025564527
3171,0.07569610982776917,0.10344144726696457
3172,0.1148926455969242,0.07834415881119006
3173,0.09745665693134485,0.06544201496059313
3174,0.061569156600717434,0.05664947118827199
3175,0.10148829873716565,0.04721453684981893
3176,0.17615887423027415,0.053948193594936064
3177,0.17593387158698004,0.021300380822190497
3178,0.15752120201020334,0.005208096396649755
3179,0.05322700201041987,0.0343754553341551
3180,0.20959512312746362,0.017940921922182027
3181,0.07346865960919542,0.06088364705923555
3182,0.007490229075872586,0.08219589454238699
3183,0.26420221982436387,0.062177460572865675
3184,0.2091160232207819,0.0370495119488683
3185,0.26588814733087557,0.0491551483896682
3186,0.309732233301832,0.0733940275848287
3187,0.13158217898510294,0.045217889530184685
3188,0.2982089881090595,0.021488122820069764
3189,0.0269865233665411,0.008437562913707944
3190,0.1914365404104513,0.020375136527605614
3191,0.21109485764269845,0.03977082286326851
3192,0.10205053802712127,0.012564921512631272
3193,0.35218052276682865,0.05075203838244246
3194,0.037496251936307755,0.011900446627929967
3195,0.005864293392806161,0.0
3196,0.06458251831735268,0.0032974873202767587
3197,1.4406564959456568e-05,0.008441929355924962
3198,0.0,0.004366425298846759
3199,0.0,0.005671682132837389
3200,0.0,0.0
3201,0.0,0.00514410902741799
3202,0.0,0.0009251777015726599
3203,0.05296151631214651,0.0073032811488761415
3204,0.19399152579124077,0.017583039601667416
3205,0.19821865053194868,0.027810390850264426
3206,0.1431604144562687,0.02279936258108176
3207,0.18304640884040044,0.030134736240863918
3208,0.14648704556814895,0.02398671225296991
3209,0.23782500158379816,0.023827021415291437
3210,0.18062083718012523,0.030092144150380667
3211,0.14669038550454425,0.02548304693905856
3212,0.14022999931830096,0.04433883365401604
3213,0.12754720384975246,0.023830988492268317
3214,0.14071194970781647,0.011080071753391573
3215,0.045152120349229455,0.02022485509477712
3216,0.002821398974323849,0.010660144735193977
3217,0.0,0.006014028119844598
3218,0.0,0.01660684739455485
3219,0.0,0.006431433433040593
3220,0.0001369303908050724,0.018167898093993565
3221,0.04207393838282293,0.029983812928802926
3222,0.12063120907116931,0.07325260004081477
3223,0.05906439946949898,0.07797350669103864
3224,0.04288150937283641,0.0430888543634932
3225,0.0038548185905976197,0.05504118544977223
3226,0.03059032994354201,0.06136801223757801
3227,0.08390376115046487,0.06932404999713615
3228,0.25021852105720954,0.022148445280068884
3229,0.16606904236722575,0.018229477835665434
3230,0.04120442608361691,0.027839181718189297
3231,0.09219559645501767,0.04036860846769261
3232,0.10172827056347933,0.037031970796775115
3233,0.0,0.006612808882532584
3234,0.0,0.02089952428859973
3235,0.0,0.00019270567178247182
3236,0.0,0.0
3237,0.0,0.023369621193593454
3238,0.0,0.042378615593683985
3239,0.0,0.048849424847338375
3240,0.0,0.05693945243709211
3241,0.0,0.035732380584121703
3242,0.0,0.0
3243,0.0,0.006007035215392105
3244,0.0,0.0070601848296254766
3245,0.0,0.004933431927639387
3246,0.0,0.045801602506276
3247,0.0007268631931915411,0.07026354166980806
3248,0.0018465315068764063,0.08072530687767514
3249,0.0,0.07372939576341406
3250,0.0,0.07774649281434924
3251,0.0004670919508345396,0.08857809871573388
3252,0.0,0.06222838117573711
3253,0.0,0.05745482974038172
3254,0.005941673350855681,0.07963219704593814
3255,0.03612523101038844,0.09423488104595254
3256,0.09591884629035603,0.08869639695946838
3257,0.05578613486041865,0.08165566351824026
3258,0.09192562373358797,0.09293908227091295
3259,0.12241617696046213,0.04858324600306082
3260,0.027309768672900667,0.03936595554663527
3261,0.045259167193641155,0.027969702593330276
3262,0.13213449848835077,0.018159778463205066
3263,0.1331547091805958,0.03700706580076122
3264,0.13135453320194876,0.04677184045929266
3265,0.10040437382961766,0.031140331038116652
3266,0.05277900927556259,0.06263394040241094
3267,0.17892270106969085,0.04311705295951807
3268,0.13857415425195638,0.029051576511770726
3269,0.045946459167347534,0.09985302814771507
3270,0.01358205013978428,0.04905392653889078
3271,0.023828665267139948,0.01804966041776685
3272,0.12464712631529612,0.03817049115744146
3273,0.23672527681184985,0.02939180679743487
3274,0.2821460300692075,0.051842023486090974
3275,0.20001567047030308,0.018631664169012994
3276,0.2701139581832806,0.010247990551221605
3277,0.31375154489208196,0.0028833419131939837
3278,0.22448356496448052,0.03366417752501014
3279,0.08116253876761154,0.043486400250874795
3280,0.1888791544399261,0.03973816362657715
3281,0.19982553961716687,6.071835221233383e-05
3282,0.0019187624461112845,0.0
3283,0.027305650700292335,0.0
3284,0.06477050765735576,0.017747961852864334
3285,0.11445539036657718,0.014654668605045077
3286,0.1252533217210347,0.03751907739029665
3287,0.2120425955098004,0.04039781676386421
3288,0.05426072319315737,0.003939585153184032
3289,0.00015489856572975115,0.010209248685609185
3290,0.0,0.002835918963330021
3291,0.11966654953299052,0.009216735942826237
3292,0.20362111060676857,0.03266736442329435
3293,0.24589986503738437,0.04009501343592015
3294,0.19502058439133382,0.025744420859744117
3295,0.2570139351920284,0.026125218965067934
3296,0.33058394042780875,0.015784823968936035
3297,0.21066981615929886,0.025614027132729398
3298,0.162098071871848,0.03483665603250373
3299,0.14835740158167338,0.026323695408455274
3300,0.156118699902042,0.010584783154196163
3301,0.049732508148688535,0.014129304015222062
3302,0.15794583163190323,0.010060962075712544
3303,0.1358485733431565,0.005103553881314554
3304,8.376861831387364e-05,0.0
3305,0.0,0.00042351438030489147
3306,0.0,0.0008127568579706669
3307,0.005210779949016904,0.027109862029381485
3308,0.05926507176996351,0.0939524526143144
3309,0.13816256067073004,0.08297140891807937
3310,0.15464089278228077,0.0827818507696589
3311,0.23888721124369094,0.045014492924230314
3312,0.07311556573965858,0.050466623178132226
3313,0.03842357055985145,0.04576450897844647
3314,0.24870080004623088,0.026601095665700014
3315,0.27686255917350205,0.017253978876334473
3316,0.2307653206652989,0.016729312924187827
3317,0.048035748815505284,0.02385130717081976
3318,0.13794305822992262,0.030913059118907876
3319,0.08504877286377592,0.0110227035322284
3320,0.0,0.026787852183185128
3321,0.0,0.0007745100632750897
3322,0.0,0.0
3323,0.0,0.0
3324,0.0,0.0
3325,0.0,0.01455223353543489
3326,0.0,0.05768618354271572
3327,0.0,0.03749923140979531
3328,0.0,0.007874221274235182
3329,0.0,0.014418167772787217
3330,0.0,0.02508139412089871
3331,0.0010446110339006557,0.007880669357745597
3332,0.0,0.00403414280386966
3333,0.0,0.01655403914093996
3334,0.0,0.015641696690958953
3335,0.0,0.017180086984589404
3336,0.005237695609578977,0.0330091796872181
3337,0.0,0.0644569609542156
3338,0.058384324825931366,0.05894728160011366
3339,0.0835744125516621,0.04472879439980802
3340,0.0,0.06069484188216242
3341,0.0,0.08847079813301521
3342,0.02195112791639746,0.09533206285605773
3343,0.07686661588043309,0.09138019483140082
3344,0.06055729644370203,0.07476257928566162
3345,0.11794157020360949,0.06752023479470895
3346,0.07238998035452558,0.036695207890702394
3347,0.00386131572104342,0.03975279863731262
3348,0.15067008972793416,0.025582755697478303
3349,0.1907201081784538,0.024695871653161835
3350,0.11313584281216778,0.04834361075702877
3351,0.0791732702782437,0.05010350105329644
3352,0.016017272284753158,0.061295632057917035
3353,0.015248712626395402,0.11439847426366105
3354,0.012238794293982183,0.10055851588571288
3355,0.0029066987722458706,0.08828755365801742
3356,0.03801898217829482,0.08445386864252018
3357,0.07041534980971406,0.06962229893939972
3358,0.12264956208689354,0.058822224257714474
3359,0.39153544779412397,0.08435842181473314
3360,0.2346593269022514,0.0667354023357748
3361,0.23641609748858353,0.06914114019521037
3362,0.1267210676941429,0.026400540178179742
3363,0.10503253200127192,0.017781880497703094
3364,0.1645632977502042,0.00031004183314324986
3365,0.24747427303894334,0.006603075712961665
3366,0.08918969281397304,0.037564392094567425
3367,0.04090996669090526,0.012030721094770975
3368,0.0,0.0
3369,0.018200145859768875,0.0
3370,0.10039007835947054,0.0
3371,0.06004077335020055,0.0
3372,0.05200520733071271,0.0
3373,0.056035447218652355,0.013704515256145683
3374,0.30134751976930174,0.07286829124167606
3375,0.2963458303053833,0.07187545430809256
3376,0.07852038507903336,0.01113671213575926
3377,0.02330180691980701,0.0037949913469814594
3378,0.013528559849708285,0.0
3379,0.16987864978578734,0.019893192937637215
3380,0.17808256538696488,0.04347638699463971
3381,0.19024994118998256,0.02243516710986285
3382,0.18746471666420253,0.019068510277090275
3383,0.2209342007290183,0.014879101292234428
3384,0.11636900338519926,0.01215085485164437
3385,0.06006265428344369,0.018300924017038693
3386,0.07007649960718272,0.014604660908394993
3387,0.1929783868568539,0.0
3388,0.09510898098477046,0.008692504428925586
3389,0.054262884980477794,0.012009688896644208
3390,0.08717530185524044,0.013273094127897005
3391,0.04992098724617545,0.0028225674997406597
3392,0.0,0.0
3393,0.0,0.01496852325515292
3394,0.031755485018332266,0.036780005960703355
3395,0.017107693971239894,0.08447702244235479
3396,0.09557962451264965,0.08534158962055156
3397,0.06541849615337458,0.08210478726864653
3398,0.2971722067145266,0.04127546544969483
3399,0.21831919100497763,0.04186459473018974
3400,0.16611932742951357,0.04633264283503371
3401,0.23960678052473025,0.02018383087271077
3402,0.19175371538017352,0.022037611842954625
3403,0.118423560108347,0.035275383994449634
3404,0.127737446419116,0.025356882726518835
3405,0.11019516287728487,0.01703165686073939
3406,0.0,0.0009095507831846538
3407,0.0,0.0
3408,0.0,0.0
3409,0.0,0.0
3410,0.004364201688902615,0.0
3411,0.012804009364055105,0.0031951016287646394
3412,0.0,0.0005540618615910096
3413,0.0,0.0
3414,0.0,0.0
3415,0.0,0.0026441560109378643
3416,0.0,0.035844688298674016
3417,0.0,0.02673915874971134
3418,0.0,0.005980022229043521
3419,0.0,0.008393901592688241
3420,0.0,0.004569115251137615
3421,0.0,0.0040106740866095005
3422,0.00400313029586702,0.04980437708735767
3423,0.0,0.040641007894724065
3424,0.016927735746499667,0.002330142502508111
3425,0.10061588875888659,0.009024666694914288
3426,0.0,0.02677418270296144
3427,0.0,0.06418491673732223
3428,0.02576287036711157,0.08829684044057194
3429,0.04293115202545743,0.08843004773553531
3430,0.07918489449151211,0.07094275188315499
3431,0.09078701199926681,0.08937573916812878
3432,0.03844690523686029,0.07171782085905119
3433,0.017717731366134082,0.01987279976862757
3434,0.10474760284897099,0.013206044009901457
3435,0.2449942332113163,0.015331425926872026
3436,0.11208779990312129,0.018553237288364055
3437,0.14695248819741752,0.016157798301641775
3438,0.052345705335498136,0.032498082922823135
3439,0.03003958616863754,0.056006811219155676
3440,0.050573305137694945,0.05594232837137811
3441,0.012723532975775902,0.06297675016962181
3442,0.12590640115991322,0.07262856807828491
3443,0.2558712533144834,0.06533698441307705
3444,0.17050301450565988,0.031598375040401624
3445,0.2396815056418893,0.01636101535391142
3446,0.4276357070041262,0.05514176510365219
3447,0.23232846278572994,0.04025881529544107
3448,0.3290543055663346,0.03564153595505577
3449,0.20515697969022972,0.04455776194056476
3450,0.2332466923881026,0.032204069733823594
3451,0.07287126283224002,3.164901345042342e-05
3452,0.16786471933002328,0.01877424025492422
3453,0.0,0.0007865088198886422
3454,0.0,0.0
3455,0.0,0.0
3456,0.025244089823326564,0.0
3457,0.1298428709394317,0.0
3458,0.18493247052211012,0.009142234006909375
3459,0.18336535880641008,0.028618212799618892
3460,0.41383146348618216,0.06262604850902274
3461,0.45519867708414047,0.06424391725673641
3462,0.2478609376100406,0.022864768798320164
3463,0.03235959951926687,0.0022355710450460008
3464,0.0,0.0008843196389303613
3465,0.0789883198573893,0.008687744154811812
3466,0.20290139095524326,0.019988400809446756
3467,0.10672071495523791,0.041541145667393975
3468,0.06988794942630228,0.0449240615068251
3469,0.981870501230893,0.002909476140597318
3470,0.13741324662721988,0.015462740128976539
3471,0.08833913703134988,0.009659445452188609
3472,0.08535073717759532,0.017623996391979896
3473,0.11425772057369396,0.019735952405705158
3474,0.08232992876073121,0.032228548732194454
3475,0.017439314197330982,0.010616262402840878
3476,0.006329616633112152,0.00354015590652254
3477,0.028154405445637437,0.007155167902044066
3478,0.0,0.003453702724521455
3479,0.0,0.006058516444606025
3480,0.005650603499731201,0.02278791186916754
3481,0.013187160740926683,0.07583672776810044
3482,0.09653577129080378,0.07298890034893661
3483,0.04969243845879515,0.05854605726824341
3484,0.25284681307034784,0.04621810874245492
3485,0.26362695090272537,0.04467425076756269
3486,0.3057270410370963,0.05451818504168307
3487,0.1533480795982085,0.022841876490719455
3488,0.08931428326938262,0.0038703448494004223
3489,0.28020585194801756,0.009941832432874232
3490,0.13482017048487388,0.012345483246791454
3491,0.0,0.015734256406898964
3492,0.0,0.007617510169330632
3493,0.0,0.012753315390396853
3494,0.0,0.004010274334254582
3495,0.0,0.003244203414654705
3496,0.0,0.008082520948802652
3497,0.0,0.03668617754401265
3498,0.0,0.007379950298227682
3499,0.0,0.007267180655274142
3500,0.0,0.004010376516911678
3501,0.0,0.0031397551231037678
3502,0.0,0.01716776367131764
3503,0.0,0.015892924212537782
3504,0.0,0.008753015085295817
3505,0.0,0.01274375633178917
3506,0.0,0.001780067290966688
3507,0.0,0.004468949191892194
3508,1.8471492126697524e-05,0.0033181961407570933
3509,0.0,0.0006745685226903664
3510,0.0,0.022589396268540816
3511,0.0,0.03849853315751958
3512,0.0,0.04530996574183559
3513,0.0,0.03425418328188726
3514,0.03580983338440348,0.08592101582429981
3515,0.05737434163194985,0.08502217219249932
3516,0.0923749381220644,0.08508529642035591
3517,0.0930287811964301,0.08660538294316635
3518,0.04765964435501443,0.08165829133024402
3519,0.07400164030295446,0.0338519410514417
3520,0.09629914168868833,0.07040782153438935
3521,0.07552814858694004,0.024164211941021186
3522,0.16449295003632716,0.0176228406468626
3523,0.26022402737653333,0.039918456507641434
3524,0.09129468726860132,0.06785852192061215
3525,0.09854313523046954,0.06840549575193122
3526,0.06193527508747616,0.08882012105220315
3527,0.0038514418976708076,0.0931639757233693
3528,0.04308415832133499,0.09123936539750203
3529,0.08284924769974121,0.10244608774477594
3530,0.0476270983792325,0.02889466682282139
3531,0.2255561775261349,0.06088575886334534
3532,0.2954733361479958,0.061940707166649664
3533,0.47770303629561933,0.05308285177691469
3534,0.23523761905565124,0.04037847074887653
3535,0.20406154738887183,0.06216534014307832
3536,0.2570876200424491,0.04991982584885911
3537,0.19753205922716935,0.02440938066597811
3538,0.2120673467388918,0.01758098891935477
3539,0.14345462328111597,0.012242869254836263
3540,0.0,0.0
3541,0.005568920975951341,0.016171544224810434
3542,0.028092514992409327,0.044229493907898695
3543,0.06363074267617899,0.059107944570290914
3544,0.3466044444589764,0.06681436437637478
3545,0.3511270468910722,0.06368815428916547
3546,0.3539668000505445,0.015151105471289245
3547,0.38258097691912174,0.05706195207120545
3548,0.4040120925500343,0.05653681776752988
3549,0.20467846965604414,0.03289433224399274
3550,0.3050901391179621,0.025634843056562124
3551,0.22225929330999672,0.0375338650008582
3552,0.19880553957694078,0.02269281718398706
3553,0.10618738882741402,0.08275256442457607
3554,0.03498287600572926,0.05024787855522692
3555,0.37808441349795413,0.0054962957277183075
3556,0.10472008280552497,0.030681272973170085
3557,0.01617057676772584,0.049464288006951795
3558,0.005510973320297455,0.026600779930186377
3559,0.022884859060199318,0.03251436906054997
3560,0.10310347733137872,0.04444193457986952
3561,0.010537667492951645,0.009404920044667208
3562,0.0,0.0003423292991718874
3563,0.0,0.013749231547953477
3564,0.0,0.0048133568768958445
3565,0.0,0.007053373172752494
3566,0.0075073648179859705,0.03315572661964686
3567,0.01660235010842027,0.06529772652302075
3568,0.002340599319689258,0.0711687622953309
3569,0.021658190859943673,0.0825760721780567
3570,0.13393009582217266,0.08284151433664579
3571,0.222343092835722,0.06415166835036658
3572,0.1609523214700367,0.051312983499601596
3573,0.1514921031115504,0.026290731297142794
3574,0.15434540558046606,0.032528629180108626
3575,0.016360213818408017,0.0003803820059008182
3576,0.16800742031281699,0.0028090346792922025
3577,0.1411959540371017,0.025948588870440294
3578,0.0,0.004304493307073646
3579,0.0,0.0115149057715037
3580,0.0,0.014129163811532614
3581,0.0,0.007155336945675431
3582,0.0,0.019712958955227018
3583,0.0,0.025818458160974025
3584,0.0,0.02537995800229872
3585,0.0,0.013650898221604923
3586,0.0,0.0004624292319526074
3587,0.0,0.0
3588,0.0,0.0
3589,0.0,0.0
3590,0.0,0.010351689825337134
3591,0.0,0.011553925548224082
3592,0.0,0.010049082769454199
3593,0.0,0.0065696688255169056
3594,0.0,0.009913515453855234
3595,0.0,0.0010008687952387761
3596,0.0,0.0
3597,0.0,0.0
3598,0.0,0.04158441360375983
3599,0.0,0.07673921030698967
3600,0.0005045849131180161,0.05613961427161059
3601,0.0027569416749218356,0.04313905943854972
3602,0.002187395613343525,0.03230644833529491
3603,0.05706708440651729,0.05194738077783772
3604,0.054658180317836126,0.05057410714446799
3605,0.04117508886254016,0.04824609810042554
3606,0.01681419891260668,0.03210529033164672
3607,0.10057969598190034,0.02650171284707183
3608,0.13462521657706555,0.07367519950419996
3609,0.12403900764565473,0.07873324185404046
3610,0.06488376354054773,0.02950827903039863
3611,0.06482313350556038,0.025868098918087522
3612,0.02171183499333025,0.021041320564020246
3613,0.0388923884401473,0.05399709925280727
3614,0.057696202371747614,0.0643273085329038
3615,0.06920162060581561,0.063338820680377
3616,0.010997325818992083,0.08933391089583853
3617,0.01813507162558841,0.07872664104804958
3618,0.1513734740303895,0.0355823900892724
3619,0.3781788305319842,0.04100054818624951
3620,0.37818697959230463,0.04903748406199841
3621,0.30050738561397994,0.0232765530927502
3622,0.19087686747421614,0.06150500795748541
3623,0.19687101136516214,0.0830985927150713
3624,0.27274460842611226,0.08658740063630602
3625,0.17813361266666342,0.04804701226344806
3626,0.23188793586764864,0.03931709108386353
3627,0.08620531081689009,0.024373209581186717
3628,0.031656792235421324,0.03952161450174654
3629,0.09694371023808768,0.04745324613368897
3630,0.02014416015837338,0.06024327939054797
3631,0.03230682728320756,0.056858897478237636
3632,0.11519850659179016,0.017331002818075293
3633,0.08744210514104778,0.017246581584056984
3634,0.12635054180785016,0.014303162572141027
3635,0.41389517910176127,0.08925914856836804
3636,0.4445582571346035,0.0930272592710575
3637,0.44432683548582974,0.08708508790899583
3638,0.3899156817590695,0.06759155889365055
3639,0.09720994153524595,0.01935561707027878
3640,0.18888268686798934,0.04352062474862616
3641,0.08146129228229003,0.06344648957006564
3642,0.0046640610257000755,0.04104135743400356
3643,0.010661440941197883,0.019962567706790415
3644,0.050340409383212284,0.032997738121189064
3645,0.00824667035094988,0.04224181456051478
3646,0.053743095501381476,0.019048869726770244
3647,0.06635174990017227,0.01957315839667904
3648,0.09252835125102173,0.021784519294893216
3649,0.0006312921358693356,0.009891273544160337
3650,0.0010443457079115962,0.022010658088606024
3651,0.0,0.005529326306686591
3652,0.0,0.012431440589708754
3653,0.0,0.016207235794663065
3654,0.036655323281535465,0.029279179349130546
3655,0.020781235377543,0.07323363966839025
3656,0.006942384033052177,0.0603758556993174
3657,0.027236781564095147,0.09014256990804517
3658,0.010393668399057664,0.09308691686287816
3659,0.0,0.07370179874770824
3660,0.11023223980110503,0.04127255511522505
3661,0.15323906805381302,0.03240930395102107
3662,0.06273641183127694,0.026660808469937694
3663,0.1351678109352716,0.02255236186345672
3664,0.18002660456458683,0.02198918467048466
3665,0.08357691464076136,0.010002520027521458
3666,0.0,0.0047690069349520785
3667,0.0,0.004419955697080825
3668,0.0,0.014193990043009376
3669,0.0,0.004539850788454209
3670,0.00040362432484525855,0.038547834517411096
3671,0.003318690519407321,0.033869698205224286
3672,0.0,0.0032555934830892585
3673,0.0,0.0
3674,0.0,0.0
3675,0.0,0.0
3676,0.0,0.005885314511676453
3677,0.0,0.015608574578677335
3678,0.0,0.00541268275491011
3679,0.0,0.008021538279725817
3680,0.0,0.0037393226750774104
3681,0.0,0.01029774678059566
3682,0.0,0.0016846322888609227
3683,0.0,0.0
3684,0.0,0.0
3685,0.006572167990412101,0.011077064259747832
3686,0.0,0.051945363939074736
3687,0.0,0.025547821276923333
3688,0.0,0.04738528839899236
3689,0.0,0.024734321179298465
3690,0.0,0.04021137762772952
3691,0.0,0.016177977443945463
3692,0.0,0.020610621990437485
3693,0.0,0.0070372148011297805
3694,4.25597094734788e-05,0.03869314836023005
3695,0.0021630189381143913,0.07155666518683634
3696,0.0039271895901890706,0.06335744280272837
3697,0.004120337583932034,0.041415861889732876
3698,0.0,0.01011746336017042
3699,0.0,0.004655655330599626
3700,0.0,0.006291641745155223
3701,0.0037232750669823496,0.023037681898274813
3702,0.03939988502562088,0.08231044537053991
3703,0.06660497428978711,0.08766311787849303
3704,0.05367243026075706,0.07427949305086172
3705,0.04651115123390544,0.0286911569812109
3706,0.0051233260686363484,0.07166424122072834
3707,0.07440410292266125,0.04798196085405564
3708,0.03723801487514074,0.014848401389291815
3709,0.12444214489636807,0.047668532799933674
3710,0.18377392960719668,0.050106697077578206
3711,0.1522291167287549,0.07345105770028293
3712,0.1953100593416759,0.05306643544947823
3713,0.11725448337587166,0.03331547658816013
3714,0.05679439721921692,0.023310322211057517
3715,0.06728108161574968,0.02356334244566692
3716,0.021419488047826535,0.04124255945017609
3717,0.07157124284586223,0.06315667539965851
3718,0.20561791265774743,0.05778332852424333
3719,0.010095476118104824,0.00978266769539619
3720,0.0,0.006154674456060564
3721,0.003825595589029841,0.016526422501493006
3722,0.2779958633718714,0.07231872089372855
3723,0.2956669874633487,0.0723305721678944
3724,0.1708148775527499,0.02166956394363447
3725,0.11959136121827842,0.022359527467760487
3726,0.1221954570651242,0.040039160350725585
3727,0.05249527025171174,0.02925724932578727
3728,0.1282540966029767,0.05630219688280472
3729,0.04835167210337294,0.03360728580539841
3730,0.09718595125355761,0.023225145624433934
3731,0.08651223920644145,0.028841269533469764
3732,0.05054579400065008,0.050517965900926276
3733,0.10097804119082181,0.04037377232355
3734,0.06280511466231475,0.009159349625884201
3735,0.06230454244882428,0.005553279716240837
3736,0.0,0.011627363961722552
3737,0.001450668459961587,0.018795257829153804
3738,0.0,0.006837413281675207
3739,0.0,0.0024268446933827367
3740,0.02796922598676523,0.02655581900050462
3741,0.0642001940635323,0.040510468300626774
3742,0.023716863124720843,0.07319757998356713
3743,0.021574020675782037,0.061012868449316714
3744,0.03294870249749789,0.07179560342586681
3745,0.003258647145402906,0.08004156235793693
3746,0.052031571914541844,0.04864758338670926
3747,0.20047441020139017,0.03959085690151036
3748,0.15606637785233723,0.05655517924096756
3749,0.2108886312619322,0.05846673410505331
3750,0.3064090577986762,0.07544016669991431
3751,0.24168157613012448,0.05241107682600554
3752,0.052066011184799796,0.017203559510321195
3753,0.0,0.004620364222985665
3754,0.0,0.0
3755,0.0,0.005879197006539501
3756,0.0,0.015066016298709422
3757,0.006750172473435213,0.01078198299385327
3758,0.0,0.004962239411544092
3759,0.0,0.0014694277906969356
3760,0.0,0.011822341256421823
3761,0.0,0.014779605230583668
3762,0.0,0.012381741874120366
3763,0.0,0.011745900737143055
3764,0.0,0.010136652711343218
3765,0.0,0.007050076544606154
3766,0.0,0.008389387483505385
3767,0.0,0.006870080266889114
3768,0.0,0.006120939562307554
3769,0.0,0.01272206350552751
3770,0.04024079290318007,0.001043481271384443
3771,0.0,0.006076285435098686
3772,0.0,0.010603498966871919
3773,0.0,0.010225839131429796
3774,0.0,0.0040870333047051625
3775,0.0,0.003603419268085278
3776,0.0,0.033793361669174585
3777,0.019255470147535605,0.035558509258160786
3778,0.0,0.031158202129363124
3779,0.0,0.04882963833316424
3780,0.0,0.022490585349508194
3781,0.0,0.03401043668626272
3782,0.0,0.06437113436922058
3783,0.0,0.05295048861022808
3784,0.0,0.0028052582858767903
3785,0.0,0.003084530084833208
3786,0.06322816466322713,0.02349730326523435
3787,0.15320384196956283,0.03266859759012392
3788,0.284454851807878,0.04948343124503204
3789,0.13545547364728425,0.02759205506251918
3790,0.012356011196814804,0.04823962799339477
3791,0.03030328787563949,0.06072457617667732
3792,0.039282354497472124,0.0365023629609922
3793,0.012154622953881684,0.051345260362461384
3794,0.05401512750167805,0.07274940146606561
3795,0.1575757368442854,0.032289782773215384
3796,0.058306176097421926,0.01643121624023401
3797,0.06716246948710367,0.027390387750049348
3798,0.010714190318203642,0.06739537352011307
3799,0.03156796225514905,0.061476316135208965
3800,0.08025279741434657,0.04327064927943463
3801,0.13911063684124386,0.03495000599916637
3802,0.05917025990883356,0.01739925253453327
3803,0.01780451278786664,0.030428320273591148
3804,0.006174837662246083,0.046456263850530255
3805,0.01929534457648388,0.010448398642719877
3806,0.01324408046040244,0.019393950399147535
3807,0.034722739410563176,0.036024221083486754
3808,0.0071434034605503405,0.04081673645168509
3809,0.07024002070027062,0.036574166730382836
3810,0.15483708726195902,0.0432662259470651
3811,0.22069667330482243,0.020339694990230178
3812,0.11981679038142844,0.044984345170772495
3813,0.07323184791789168,0.05001654935826305
3814,0.027666270109839877,0.037298164337023695
3815,0.04384826088012411,0.053481783332616974
3816,0.05312254446307212,0.024103810799645072
3817,0.09126050059097116,0.03921994035282276
3818,0.12162082538045647,0.033789819054896315
3819,0.17354501915032494,0.015582198421643274
3820,0.0897821542659153,0.04941111555882236
3821,0.06287716157803289,0.02533925963988073
3822,0.053428490378445576,0.013114659213325703
3823,0.032404760643550384,0.01846095665243776
3824,0.0,0.00356668997847078
3825,0.0,0.0
3826,0.008150729852701198,0.03396459277397374
3827,0.022703094176891685,0.08259000788345117
3828,0.019982511065729135,0.05428600090240579
3829,0.012981273745861341,0.05693649943844251
3830,0.0253929310931859,0.06038580256041165
3831,0.05517372350548196,0.05623820977126583
3832,0.022024912130721823,0.06367730134340913
3833,0.015354978558654411,0.050790473194126835
3834,0.13893170285156464,0.016886453745577762
3835,0.08380405382103427,0.014088713801601547
3836,0.2540518746077683,0.07060275746804277
3837,0.11656834899292366,0.04562598420287153
3838,0.29419131350471545,0.07236220376903633
3839,0.2071960495621879,0.06260756758894655
3840,0.0024292540036534647,0.017363898474743542
3841,0.0,0.023461121246821655
3842,0.0,0.021621661891182507
3843,0.0,0.04130326866941138
3844,0.0,0.04143516673662352
3845,0.0,0.017333113286910416
3846,0.0,0.0053585752949224874
3847,0.0,0.010483379346779224
3848,0.0,0.004424690924726486
3849,0.0,0.0069975373628762575
3850,0.0,0.013492091132622506
3851,0.0,0.001594384004075497
3852,0.0,0.0
3853,0.0,0.004799792787895506
3854,0.0,0.004546865512879029
3855,0.0,0.004616321978640615
3856,0.0,0.008092790532394239
3857,0.001319577317752554,0.09118894826167923
3858,0.0,0.028843074770533356
3859,0.0,0.012706462889177608
3860,0.0,0.004010360599098941
3861,0.0,0.006483821639717681
3862,0.010774559147396466,0.0349326100013164
3863,0.001545404399127365,0.05771290872842029
3864,0.0,0.04984867852095198
3865,0.0,0.06626606802060056
3866,0.0024845588153305383,0.06393269111626779
3867,0.0,0.08217556035718725
3868,0.0,0.09104559459814532
3869,0.0,0.059163223948883584
3870,1.6626337631918683e-05,0.04090038967446887
3871,0.0,0.023377242551837724
3872,0.13759510199954786,0.03411862929628914
3873,0.26661807105002167,0.021092940644404416
3874,0.3474384436714317,0.010024046268863069
3875,0.20477571706248732,0.03495508629312945
3876,0.13904162664846278,0.017219700495900502
3877,0.16673608582327204,0.0459504228457517
3878,0.17005890804042004,0.022322862902168752
3879,0.04509378271123544,0.03069021334848982
3880,0.10832777861670645,0.0345869325560367
3881,0.18653029017931164,0.03714572801527129
3882,0.36447119047496945,0.037336616900703314
3883,0.09237451871821267,0.03280341794377675
3884,0.03437027930243637,0.06843941614122288
3885,0.09673120853088306,0.05751393809580708
3886,0.01498472904756555,0.06342649215626447
3887,0.0588675492781473,0.044852978958960066
3888,0.10959516755677517,0.01080424636661537
3889,0.05843697345598061,0.015217549808945324
3890,0.007467101143259801,0.03064593825218903
3891,0.0011745969336820062,0.025396324648078596
3892,0.0115554651985125,0.025228704913891595
3893,0.0006309987202516783,0.048627175360322045
3894,0.0,0.03864485578550727
3895,0.05027844861109694,0.029311838545866338
3896,0.10824459319192306,0.043327658827641856
3897,0.10751391430201616,0.03431669579879357
3898,0.1262030263084243,0.03345485130716533
3899,0.010724904693991615,0.008102629463107212
3900,0.01736818046188504,0.05135324849462991
3901,0.015444941429885175,0.03886734267956033
3902,0.035812546268140705,0.020815695116246608
3903,0.05648243231482229,0.02525366857724764
3904,0.04704094293224254,0.017842845934829245
3905,0.1047149571140242,0.02119675543346002
3906,0.04716002279898734,0.018056521777123146
3907,0.047232937874343024,0.025247585040956158
3908,0.008952862077626635,0.011385443996640834
3909,0.0,0.009278021403555986
3910,0.0,0.010927918353646468
3911,0.017590538668691806,0.03458911851512144
3912,0.02825479924627393,0.06914938938923222
3913,0.011174948477409569,0.0886749456146084
3914,0.005169302145853541,0.09114607682119957
3915,0.03089078619266236,0.06760507335996256
3916,0.010816678811514893,0.07699640739554842
3917,0.017511535602707764,0.06641506234539228
3918,0.019806871316666412,0.06388156947030839
3919,0.014602740088613826,0.07373820552728116
3920,0.039060934339405794,0.037532482549282306
3921,0.13470822989923745,0.011557913797610505
3922,0.19376886159212345,0.06765574976648323
3923,0.15445380846447712,0.021969512175087188
3924,0.14637554125666652,0.042809171740932156
3925,0.23505645277123946,0.06678149210638512
3926,0.0012518010470095899,0.01991074648487996
3927,0.0,0.029495779736028602
3928,0.0,0.007118569295783703
3929,0.0,0.01698847618027038
3930,0.0,0.02820101989630703
3931,0.0,0.007664708517787088
3932,0.0,0.004010266157576135
3933,0.0,0.006716385855347761
3934,0.0,0.0
3935,0.0,0.030606125916338964
3936,0.0,0.022295159923140104
3937,0.0,0.0040103459364734815
3938,0.0,0.004010372641467538
3939,0.0,0.007029557829450604
3940,0.0,0.004582891026039972
3941,0.0,0.007745968214980029
3942,0.0,0.013349724756347514
3943,0.0,0.011343569070020279
3944,0.0,0.04115082795802394
3945,0.0,0.018915024630763326
3946,0.0,0.0
3947,0.0,0.0
3948,0.0,0.0054475841166000795
3949,0.0,0.008868395382132417
3950,0.0,0.024417100240002633
3951,0.0,0.06226019581703034
3952,0.0,0.03766314745049599
3953,0.0,0.08852154268359862
3954,0.000885631707690768,0.08804073290285179
3955,0.0,0.072371111045304
3956,0.0012366682292062076,0.08399586280780473
3957,0.001538850492595662,0.09154799982420041
3958,0.17580115068237634,0.030383005150371834
3959,0.22847552135462743,0.043556965056539707
3960,0.10758826968141562,0.005165780319190489
3961,0.10344938176300533,0.03362810253783061
3962,0.1222598110058672,0.02317497679286
3963,0.16489061007199587,0.0288987180383879
3964,0.12943252814142275,0.005712861285283934
3965,0.18858989608735963,0.02029898211291036
3966,0.04886995831314912,0.05334713777636106
3967,0.10196592096258947,0.041466757229220164
3968,0.41752868018214895,0.04861905470333726
3969,0.13880731127837742,0.01858691658986567
3970,0.14354885556509545,0.027712906479976953
3971,0.24283127497252965,0.045714734582202536
3972,0.22123144071915726,0.05081200786050639
3973,0.13746454030922384,0.018031194891886326
3974,0.07853028479078682,0.002400423524804155
3975,0.0,0.0
3976,0.0,0.009439712658199107
3977,0.005664582270647437,0.02518240327271673
3978,0.012600000942180977,0.02639485058688193
3979,0.07189104585539176,0.028242551642365128
3980,0.08809476031057595,0.03652849282104078
3981,0.18582444138834395,0.047302781907361036
3982,0.11133732242724748,0.05305050713756419
3983,0.0838926127225177,0.06084394601893279
3984,0.06306881457820483,0.0451496230252268
3985,0.036684374375781925,0.029340459066746954
3986,0.08577339440289801,0.02977548982495368
3987,0.03872298808602776,0.03072092101773259
3988,0.14566287797938604,0.015889306579617235
3989,0.0735900441522877,0.020060189173208585
3990,0.037616067629603414,0.01809853172513049
3991,0.16742468647970657,0.025522584736918222
3992,0.0369807358866181,0.01729510704470888
3993,0.0013939653438514107,0.002264869506262684
3994,0.0,0.0049551084752999025
3995,0.0017672693456376957,0.0003544338960186815
3996,0.01935971808248503,0.015704781464947793
3997,0.023686120043897266,0.039517108037398725
3998,0.001308122776113148,0.045460473789622195
3999,0.023112104365854935,0.06327246847605836
4000,0.026475799016864462,0.054645344145733896
4001,0.031397683113962724,0.06679215771412703
4002,0.021809622644211907,0.05509403699704729
4003,0.01935391635675751,0.058422370993913
4004,0.01919005302633941,0.07667963840391546
4005,0.009360127903553908,0.0544880501592403
4006,0.006825402109251103,0.06888400311114833
4007,0.06613978526332392,0.05962152308849303
4008,0.18634317526063662,0.040020653631191554
4009,0.1261246673545623,0.05832054709702228
4010,0.15468023185179194,0.04968064580292576
4011,0.221171593975739,0.05629653012637865
4012,0.0,0.0064059764017900265
4013,0.0,0.013052885182310433
4014,0.0,0.015121960259478597
4015,0.0,0.0090144214779295
4016,0.0,0.00770543372900808
4017,0.0,0.008989462268924518
4018,0.0,0.0028820422586450386
4019,0.0,0.0
4020,0.0,0.013728386992751416
4021,0.001001244141189117,0.03647454337931724
4022,0.0,0.0069925418497328515
4023,0.0,0.0
4024,0.0,0.0033867688002457994
4025,0.0,0.004501475574150065
4026,0.0,0.010745965889997764
4027,0.0,0.0
4028,0.0,0.004222412284698655
4029,0.0,0.0009361648268388997
4030,0.0,0.0029260505507677694
4031,0.0,0.02101121926847758
4032,0.0012924916297013186,0.0
4033,0.0,0.004548349777692923
4034,0.0019557023367261775,0.04393841945187946
4035,0.0,0.05204609701579654
4036,0.0,0.075592205004713
4037,0.0,0.08445508384451315
4038,0.0,0.08230227567466825
4039,0.10886029092768322,0.04419410193932184
4040,0.21202854396298276,0.046679824276127574
4041,0.15568320686619558,0.018227389271319366
4042,0.04890200875799326,0.015366839098989714
4043,0.2187030567244336,0.03633902780671662
4044,0.19729481524520256,0.04121765351415696
4045,0.14166111423809105,0.030478157512158665
4046,0.1170536938934693,0.04088569776886605
4047,0.013574147704341486,0.052885995063661324
4048,0.03193561666334737,0.03781069968184002
4049,0.17642730169017226,0.01853535684729765
4050,0.43774719325112765,0.044584922065992544
4051,0.37938950048673603,0.039404568352691446
4052,0.22756550736015427,0.02663573340537432
4053,0.1680594216959672,0.037950497329119454
4054,0.13686565423786384,0.021737775937554518
4055,0.08371406254058855,0.027810722581225945
4056,0.030578506154002722,0.03230992568871592
4057,0.003645283922735747,0.03957101190788322
4058,0.1023725820059282,0.062166633009509566
4059,0.09580023554869457,0.051020377959906375
4060,0.16017604780429195,0.08050128159134125
4061,0.09953059034422018,0.06413590521114261
4062,0.10882364039115246,0.045624880892185436
4063,0.12851244353008642,0.0037337367119771444
4064,0.07330124816599788,0.017994026310646886
4065,0.003093133552591111,0.00787961622688957
4066,0.032125793722264255,0.028199311653457116
4067,0.03649057252625389,0.04161600875393146
4068,0.0014735947777296766,0.009180644389030244
4069,0.09022042338108763,0.017225876791437264
4070,0.13302815301758958,0.010845950834179914
4071,0.15523422777644016,0.016137396668853936
4072,0.11060945835160516,0.0221206335096088
4073,0.010425551164139582,0.006573421234538941
4074,0.0,0.007278981496557292
4075,0.1610707447835922,0.004204202507092128
4076,0.12663787175989208,0.004679881417016841
4077,0.06549708251836739,0.016176329112367178
4078,0.012213016933382614,0.06381167823130164
4079,0.015447637398912688,0.05154834449709925
4080,0.03817092438877884,0.061054890156632874
4081,0.013997963173345692,0.04253375391552564
4082,0.019664211470208224,0.05024764243305515
4083,0.04170206509141326,0.04268443195116608
4084,0.01991637425501528,0.05635647165380433
4085,0.04058732077074115,0.04926516042856582
4086,0.023611651106501104,0.03209449975804072
4087,0.002488579682878749,0.042449347273027384
4088,0.053652565245137784,0.05456087632258513
4089,0.09538771797944033,0.054036410233995254
4090,0.2564857297317061,0.03649148868460034
4091,0.11339299231775862,0.02550541579130034
4092,0.25485318799327517,0.053349877667050474
4093,0.2187762770009294,0.044871764600644834
4094,0.0,0.0
4095,0.0,0.006622507102258493
4096,0.0,0.017610636483945785
4097,0.0,0.03333968712766254
4098,0.0,0.01657565091982379
4099,0.0,0.0
4100,0.0,0.004999316002356255
4101,0.0,0.0008254180238257028
4102,0.0,0.0
4103,0.0,0.007915345636769879
4104,0.0,0.0
4105,0.0,0.0
4106,0.01936848293067586,0.004102528454028575
4107,0.0,0.019150977027558653
4108,0.008233910579517147,0.023907218368147402
4109,0.002810036384899934,0.0370596510119896
4110,0.0,0.04034210557906699
4111,0.0,0.03389193691846683
4112,0.0,0.03501474435407704
4113,0.0,0.016580885262387008
4114,0.0006742263165909347,0.0703849428878455
4115,0.0,0.047677322679200544
4116,0.00036651527422104164,0.07153263918765627
4117,0.004761090958292052,0.058351751539745464
4118,0.0013255004473295355,0.0456593402401092
4119,0.0,0.060868817926249125
4120,0.011366862512412767,0.06098600084086411
4121,0.0886819100554986,0.0357372072351335
4122,0.22209883330156036,0.04228120493280916
4123,0.11035137739814847,0.03521526131721214
4124,0.09953418789140127,0.03215573721684079
4125,0.2928067712838771,0.055078094382710184
4126,0.06537453792140506,0.02097265180990076
4127,0.20394096297584152,0.019749590911078904
4128,0.1266257770416603,0.023561165426001156
4129,0.01972742781530531,0.023860762996360925
4130,0.07375024043084213,0.014206774028682544
4131,0.06852572898924797,0.010578577894981464
4132,0.03401470503359615,0.011871812542790199
4133,0.0,0.004486920914185437
4134,0.009201520396434711,0.014625853266335948
4135,0.10361069651242781,0.006128769826943736
4136,0.03973999092970576,0.005173980089438856
4137,0.10655989384104249,0.023864949099503253
4138,0.0035055547038524934,0.07711053706669578
4139,0.008676996125059877,0.06994538686298918
4140,0.00729729037372016,0.06972227088928114
4141,0.007555407620449893,0.042038571826342776
4142,0.016114573953180805,0.0235287257891526
4143,0.16392679142630762,0.04819560801612672
4144,0.036561673158097385,0.04036403994799437
4145,0.03200570148131947,0.019006217222020873
4146,0.0776896894381398,0.025879999700748012
4147,0.09699735244848043,0.024116252867128433
4148,0.08039622009168255,0.04144546310556784
4149,0.09348968743155248,0.05417442428702
4150,0.04989137919508979,0.025538319772925852
4151,0.02801109388157966,0.013921869109595374
4152,0.09040978614057546,0.019493586650854607
4153,0.11381634171451928,0.02704879483906436
4154,0.12191137099940838,0.0342187907434219
4155,0.0024414183325067204,0.0
4156,0.0,0.0
4157,0.0,0.0
4158,0.0,0.0
4159,0.0,0.0
4160,0.018936458339683597,0.038327631346897276
4161,0.04431360144693732,0.03188077972871186
4162,0.03487757441613558,0.05765737191871333
4163,0.02780910511620287,0.07601684714383193
4164,0.012831793379960233,0.06293295611148292
4165,0.016940680327607673,0.05003832006125549
4166,0.06085443493850175,0.0683214331358946
4167,0.07611799550879522,0.07434924729013918
4168,0.047416160954999155,0.06207290597164209
4169,0.059077969237644724,0.062110355456296416
4170,0.03373368363078912,0.052272482820410866
4171,0.14121348872488307,0.05031349697073408
4172,0.1628660780197138,0.0291335338402919
4173,0.09175805658196329,0.03224742734800126
4174,0.1244601809911097,0.022400299220651707
4175,0.057398119931000455,0.03156281538034444
4176,0.0,0.0
4177,0.0,0.01351398373365285
4178,0.0,0.04295168505355296
4179,0.0,0.041624176555130725
4180,0.0,0.018182294078076186
4181,0.0,0.004126478469259265
4182,0.0,0.004010582420283628
4183,0.0,0.006145956889083789
4184,0.0,0.000610825796384735
4185,0.0,0.004750863499955291
4186,0.0,0.0
4187,0.0,0.0
4188,0.0,0.0037270760204360168
4189,0.0,0.015246827535444967
4190,0.00995750293718963,0.02782444799038383
4191,0.00015217059781762814,0.04709578822010765
4192,0.016936166426075802,0.03472710393093402
4193,0.0,0.033694020141811214
4194,0.0009742840900366792,0.04097713665503624
4195,0.0,0.0115120092637906
4196,0.0017185206942217542,0.048376685033010874
4197,0.0024157011311121673,0.06988731550686161
4198,0.0,0.07536962695521346
4199,0.00011992138097072035,0.09278915805839687
4200,0.0019449033069129148,0.051450929188578645
4201,0.008275402874618063,0.050101738467765285
4202,0.008025370838713087,0.02428424354785545
4203,0.12193306500089647,0.02435794748902482
4204,0.3690030256157058,0.01667230931836827
4205,0.3351058648899704,0.012131134897887568
4206,0.15486778591361497,0.018022837256319316
4207,0.0,0.038253472717749024
4208,0.04458883355371366,0.006378571408961718
4209,0.12422176919252904,0.0
4210,0.03252608811379719,0.0
4211,0.011208726440958652,0.0
4212,0.02020791166725582,0.0
4213,0.01340075554517971,0.004286593429910524
4214,0.014514675108979327,0.03081979776916013
4215,0.005194339883722749,0.06209199843980802
4216,0.0009085717395307765,0.06375048963722123
4217,0.038445660620894107,0.03127094309673935
4218,0.03820066623057192,0.007240029816012188
4219,0.09469967824404654,0.02524614520753655
4220,0.08955236808313659,0.03505323722137746
4221,0.033805499143966,0.048793283786115346
4222,0.02719662687726649,0.06720915806098175
4223,0.09310329714712794,0.06874091046364181
4224,0.15900892564689711,0.07819281073693238
4225,0.3317587500504583,0.02560450862750279
4226,0.08670520078193471,0.02429088166960283
4227,0.11467669315471103,0.017378529073176163
4228,0.23003249169264794,0.050263060235405596
4229,0.27413143043262456,0.06167081763891481
4230,0.38459833117620484,0.07803822827424318
4231,0.2675393214557424,0.06107707499650301
4232,0.1337720225846149,0.015131526627770713
4233,3.484674197000541e-05,0.005028293933602454
4234,0.12409604405486405,0.014246416377458913
4235,0.1533531562091433,0.009055952532385987
4236,0.08763926278752035,0.013338258295381574
4237,0.0,0.0
4238,0.0,0.0
4239,0.0,0.0
4240,0.0,0.0
4241,0.0,0.0
4242,0.022467881847248464,0.056008277091848836
4243,0.035385568673975104,0.07577463791775489
4244,0.006623820309366303,0.08732332689189934
4245,0.015542151340726203,0.09671125641551308
4246,0.017557550236437895,0.06054946959082542
4247,0.07305165995149014,0.07002227719414976
4248,0.015066075006275778,0.09753694333739406
4249,0.01256585713052952,0.09226536072817684
4250,0.017571279561264135,0.06411524115673856
4251,0.05417155765103471,0.06670269175978633
4252,0.036451350319292426,0.02998717254337318
4253,0.08161893807911848,0.00787750070221752
4254,0.15006779125122163,0.028931598198369157
4255,0.17411902643620406,0.021059121804453622
4256,0.061192088172301436,0.03130058616994286
4257,0.1473961046906107,0.019910264438339074
4258,0.1389137030055202,0.06365839065916665
4259,0.0,0.0
4260,0.01583990859464325,0.016469928187231662
4261,0.0,0.04738080667265162
4262,0.003578292266609656,0.041810149864657635
4263,0.0,0.010269078528259187
4264,0.0,0.004165473397963838
4265,0.0,0.004028846354092201
4266,0.0,0.004163378638598478
4267,0.0,0.00935905134878564
4268,0.0,0.006356678416614692
4269,0.0,0.003699654420531745
4270,0.026048074830236956,0.0
4271,0.030385746961402085,0.002386581095633832
4272,0.09614736100760811,0.014914770057925502
4273,0.035975819610014156,0.0030547030200988668
4274,0.0,0.03732444897374012
4275,0.0,0.021180726479392946
4276,0.0,0.00406847310305625
4277,0.0,0.0031184408921077337
4278,0.0,0.00764919573755606
4279,0.0,0.08549481242190261
4280,0.0,0.08072122272603581
4281,0.0002863571457682213,0.06455356558608526
4282,0.001183731331082903,0.0405591137185682
4283,0.0,0.03651336409967452
4284,0.0,0.0746528482756976
4285,0.0,0.015263949620220625
4286,0.041278002362603074,0.02161805184802911
4287,0.08682276676759954,0.01812453555437062
4288,0.1796000704199781,0.011700123042648279
4289,0.13389878923954085,0.010826441934431923
4290,0.08451705573695807,0.0
4291,0.017049235773306526,0.0
4292,0.0899386452953795,0.0
4293,0.1191888321906473,0.0009109817541637327
4294,0.05856965197589146,0.009184711005388918
4295,0.06124166261597048,0.010312753196917561
4296,0.04611070454925373,0.06466791467904366
4297,0.0446108942123863,0.0944863700914688
4298,0.0713021312582816,0.07016221120305588
4299,0.19856843821652734,0.03278517985852549
4300,0.013625760720271279,0.06960611653955573
4301,0.019848021663016885,0.06602340560683657
4302,0.06594929755244668,0.015017323947370893
4303,0.06895690716004217,0.013065773469304667
4304,0.03227953820490267,0.012911135731698394
4305,0.030796764413666296,0.028305526922654832
4306,0.16710660689747941,0.023975850345231024
4307,0.08449290667442207,0.01596459526684161
4308,0.0015234310204225673,0.005712973377068941
4309,0.1988039045316813,0.03774373894100599
4310,0.2346734109842696,0.033032517408027706
4311,0.1753279329985363,0.05330936133190582
4312,0.11642928776724541,0.056791260375330437
4313,0.18461171609869562,0.04922722754233226
4314,0.16289194450949016,0.018053704237750975
4315,0.18572724460128506,0.01622993998367669
4316,0.021834219782080992,0.0061121137217183975
4317,0.07679554303491033,0.012313492329345846
4318,0.17486025536555083,0.0
4319,0.034736514332593574,0.004569656634638214
4320,0.0,0.0
4321,0.0,0.0
4322,0.0,0.0
4323,0.0,0.0002320281093699519
4324,0.0028908947619309924,0.018955342466556318
4325,0.020174728911532172,0.0946921205119584
4326,0.003413352979964776,0.09963167867790658
4327,0.002711516608750608,0.10031027575676532
4328,0.022127492739428958,0.08155413955281982
4329,0.03293545407522102,0.08085096523961455
4330,0.048248922103260226,0.06776757242401363
4331,0.003941997284398125,0.08194397780507898
4332,0.008758944281570097,0.10334121490911398
4333,0.023169691295081625,0.09063778870797469
4334,0.04924160563571767,0.07806641253774542
4335,0.025155607300810488,0.05138741990179447
4336,0.07718809151032203,0.0008449022454075561
4337,0.25393954786843004,0.02278402762976331
4338,0.09676668115796776,0.023698190830511758
4339,0.03708821017713422,0.03689453699898132
4340,0.06694378341717913,0.03760200896460649
4341,0.10740803776418285,0.062473503861285334
4342,0.0055698811597273785,0.041550520270433065
4343,0.0,0.01990379859296663
4344,0.0,0.0
4345,0.0,0.0
4346,0.0,0.0
4347,0.014713236086144136,0.0
4348,0.0,0.0
4349,0.0,0.006063985936605595
4350,0.0,0.00982440091086813
4351,0.0,0.004883524605316441
4352,0.0,0.0
4353,0.0,0.0
4354,0.0,0.006692498992111596
4355,0.0,0.014932487477323349
4356,0.0,0.02823707023292835
4357,0.0,0.003986601359062709
4358,0.0,0.004830698800161695
4359,0.015954440849815215,0.06921809442338996
4360,0.007499819840484026,0.09617496485751281
4361,0.01849033249860123,0.09739727221403721
4362,0.023749587198775055,0.09537946670543926
4363,0.03385125506828217,0.08824869451396163
4364,0.04465865772114971,0.06032332910447556
4365,0.16350354127310654,0.08127395568468171
4366,0.13259475613899532,0.06633501986644934
4367,0.017460258139935313,0.029232820863462315
4368,0.01507040766945476,0.08438494976145507
4369,0.004165697327376431,0.08170927497625233
4370,0.020111247661403826,0.0735071022160647
4371,0.0023748625198600406,0.07962473433428392
4372,0.10546384888968781,0.046635599402145775
4373,0.07330293866259766,0.015408408332019986
4374,0.07689130871457218,0.01312760668108976
4375,0.09743130552166192,0.017716171156675745
4376,0.14063140549205472,0.020746726432238558
4377,0.09058281360890347,0.020670141649089598
4378,0.20063207330086597,0.034280253937834175
4379,0.08728366210476796,0.044854264801809804
4380,0.22090209826357352,0.015889460662825785
4381,0.16984278687420654,0.03199556534197663
4382,0.06659874805921989,0.07276380770099387
4383,0.06258392792217836,0.053805227999077644
4384,0.06661396324534213,0.015703215932400753
4385,0.09836684081520272,0.06682142025102167
4386,0.051659323275714195,0.035781331746158475
4387,0.0935327426857841,0.03983313426834474
4388,0.1503016095871618,0.04091730442803444
4389,0.0735219398090915,0.035881733620100144
4390,0.019628926457779812,0.004459346985326118
4391,0.07240938923203233,0.057711282095298425
4392,0.043534527728414076,0.04186808658000748
4393,0.07450550685849919,0.03162897001068494
4394,0.05705851297064907,0.04325443202989504
4395,0.0405787911511778,0.03259186138885314
4396,0.15325229293069387,0.02880536300860777
4397,0.19640492431152756,0.01684508603293747
4398,0.12613773014238022,0.011776387830633214
4399,0.03330393342704083,0.014246419377493536
4400,0.000924360293542089,0.008973513735668164
4401,0.0,0.005963866080041772
4402,0.0,0.0
4403,0.0030973478781394096,0.0019398195925538538
4404,0.0,0.0031950441120830613
4405,0.0,0.004525743555780671
4406,0.0,0.004396862700225616
4407,0.010629441428515142,0.11326787444843958
4408,0.004191033844893949,0.10835178153363871
4409,0.012504503902054697,0.07767216814384144
4410,0.007462307496242294,0.06471884576540374
4411,0.01916584321583775,0.08269643249424194
4412,0.04490943783124459,0.06960948014534857
4413,0.006159081747199809,0.074725120854087
4414,0.01286850973339582,0.08570640139255473
4415,0.04107738357315081,0.0676678916685769
4416,0.029100307398374055,0.07197590962147936
4417,0.013123588325695473,0.08123871448828356
4418,0.051293186625675995,0.06214090850234418
4419,0.040070489833043024,0.05520444641938941
4420,0.05281604809436819,0.029785959662906304
4421,0.062418682811930415,0.023011414914252428
4422,0.060788348624602924,0.04025873439142543
4423,0.05051006656061855,0.07639981585370569
4424,0.0,0.006732296132970126
4425,0.0,0.0
4426,0.0,0.0
4427,0.0,0.003274136117308569
4428,0.0,0.0050456803408873265
4429,0.0,0.008689155370176031
4430,0.0,0.023039870604613884
4431,0.0,0.04717051949686347
4432,0.0,0.024285886647429172
4433,0.0,0.0
4434,0.0,0.0
4435,0.0,0.010366816481362262
4436,0.0,0.010668621959060149
4437,0.0,0.0048044248002529445
4438,0.0,0.0
4439,0.0,0.0
4440,0.017972858950510925,0.020756300781839196
4441,0.03962516059999711,0.0754078827661365
4442,0.04651281284742728,0.08776326527399549
4443,0.04302931812185165,0.08919043792574331
4444,0.05246045659987137,0.06930949725478189
4445,0.09214119754572542,0.0552486897418293
4446,0.1864159118106182,0.065990340261312
4447,0.30306736329170963,0.07103190627336127
4448,0.00022153183292795923,0.0761611573058444
4449,0.04540752779987323,0.05222150126354408
4450,0.0026564000445073225,0.08301312705683765
4451,0.018531356684232673,0.08236337669416394
4452,0.0048220231840468775,0.09612399914948422
4453,0.0003129119329115744,0.06727710545716763
4454,0.03573288181265191,0.04008675957575611
4455,0.09698046216863912,0.030573733412966292
4456,0.03316093229248295,0.01715536588829311
4457,0.107793513929525,0.003843645823032078
4458,0.06862294324399015,0.008786172191186747
4459,0.24591096548325347,0.004094549569468393
4460,0.20569534343886003,0.00873271670655706
4461,0.29336301088284683,0.008935995407874753
4462,0.28587806227480994,0.014682591673303916
4463,0.12270670276647212,0.02122207262398464
4464,0.11637452624718261,0.015208711978914649
4465,0.15251858674395363,0.015484024501263922
4466,0.11273451929454684,0.03946391502404438
4467,0.028188957618834783,0.016172463440935758
4468,0.01652966174536258,0.03775228376718294
4469,0.06376618607801664,0.04990431575696102
4470,0.06370764731518203,0.03483171022103452
4471,0.008578446966756201,0.03076331630165894
4472,0.09107594403219885,0.0408793799120234
4473,0.09480544711107175,0.03114436382911114
4474,0.027006603893945717,0.017615699234408342
4475,0.010119437981035137,0.030976494952188047
4476,0.04677395852534045,0.023830150553654394
4477,0.15155392684520985,0.019164980573488446
4478,0.15850888517693335,0.02309337635680806
4479,0.11841822650026278,0.01387351669125648
4480,0.07564144962561847,0.018351691297337797
4481,0.00041097850540818383,0.019800856741001467
4482,0.021541330695294018,0.008173570386028114
4483,0.0,0.0047055259818094
4484,0.0,0.0027134734033101796
4485,0.0,0.00337799244961575
4486,0.0,0.002088619722939083
4487,0.0,0.0
4488,0.0035358744608066303,0.0913823281099011
4489,0.0,0.08345003768541573
4490,0.0,0.08849070597050514
4491,0.0,0.08280858847992517
4492,0.0,0.0806125794591242
4493,0.0135928345043829,0.07729542817669639
4494,0.0,0.07458108688039707
4495,0.0,0.03735092202174047
4496,0.024219427572142748,0.033836994752957095
4497,0.011366752828284138,0.062481897666877506
4498,0.007561070284090947,0.07744806951253226
4499,0.007129043730335889,0.07219916055186586
4500,0.01989662893259476,0.0668727324507665
4501,0.05688290794023723,0.04993407680837465
4502,0.018850189485223455,0.0629261132899372
4503,0.012368056481900204,0.060321741747667974
4504,0.0,0.005386166392201991
4505,0.0,0.0004570781866764911
4506,0.0,0.021308433356391085
4507,0.0,0.02402732456457011
4508,0.0,0.004820220660466967
4509,0.0,0.03350377740679452
4510,0.0,0.005783312550282075
4511,0.0,0.012015618251797418
4512,0.0,0.001216557872011091
4513,0.0,0.0
4514,0.0,0.0006555170222583991
4515,0.0,0.017686249285059217
4516,0.0,0.005700084096718695
4517,0.0,0.010105697316916563
4518,0.0,0.049785154166155046
4519,0.0014221835317136176,0.02029333713854239
4520,0.02960768989096026,0.07911359192398484
4521,0.030636745933463223,0.07535254988890941
4522,0.04377270350956745,0.07379692180867596
4523,0.0892838683735962,0.07180269449595252
4524,0.08034979198143116,0.06383296590173618
4525,0.05261520539375926,0.08124988142212952
4526,0.04172326513572689,0.08083166121544133
4527,0.2723183652368739,0.09296634936920335
4528,0.19457930061157044,0.07148223774630466
4529,0.01903550019537849,0.06720676940166871
4530,3.47455643608073e-05,0.07315009769243437
4531,0.0,0.0997909455499574
4532,0.002103115918985472,0.03758181281112295
4533,0.0033939628593639506,0.05013866491076089
4534,0.0,0.056508961196862655
4535,0.05241902416168436,0.04352366180569662
4536,0.057440727782361416,0.022478241151365902
4537,0.12210824807590652,0.03253855853741326
4538,0.0548757895757923,0.033010692833344436
4539,0.2165533482533692,0.022067654189487085
4540,0.04378845676769333,0.043611773957801546
4541,0.21585391381513958,0.024088597946265226
4542,0.24556739874632194,0.02219564781304616
4543,0.24209173490339828,0.044980340455950445
4544,0.1249556510155875,0.03405464901689419
4545,0.07413973561525602,0.012911719249454163
4546,0.047013328474510604,0.02762604599562589
4547,0.016815027355949655,0.04217968002612614
4548,0.038327140975779286,0.04003462396643886
4549,0.06976956595173621,0.03621928525067209
4550,0.051585682831368315,0.02471544779438924
4551,0.03611588290699541,0.02148667599413111
4552,0.07924421565919838,0.03051989937199184
4553,0.09835052122144934,0.027831069514551318
4554,0.05570833005711496,0.008986510510149266
4555,0.029727138974314643,0.008628131280174499
4556,0.028450783242000822,0.005412958087394696
4557,0.2514324348300309,0.053390619072472646
4558,0.04301905517145251,0.016719722911993
4559,0.07637219690267816,0.020377997765890322
4560,0.199391548164816,0.03973041022282037
4561,0.1291877285820305,0.03017175389789942
4562,0.014465241678929304,0.014408942301725618
4563,0.0,0.0045917525234119684
4564,0.0,0.0
4565,0.0,0.0
4566,0.0,0.0
4567,0.0,0.0
4568,0.012676000853648228,0.06312258228057649
4569,0.0,0.07712518776706946
4570,0.0007952955828648016,0.07020126596370299
4571,0.004862097057357352,0.05679137232433961
4572,0.013145455935746115,0.054903894679378805
4573,0.0,0.06678551982383765
4574,0.0,0.045567492070742927
4575,0.001659227900502469,0.016138342477925404
4576,0.018684901675580467,0.017714122849677584
4577,0.0,0.05657743177116343
4578,0.010746734024944775,0.07179122820858394
4579,0.026935047096490923,0.061993818392310794
4580,0.0529217095610179,0.05843979665318747
4581,0.12049107179729954,0.01677095492810714
4582,0.0554091786332941,0.03573701087261156
4583,0.002249512256438142,0.06068763021075312
4584,0.0,0.007717593129711907
4585,0.0,0.006411800988940193
4586,0.0,0.005524399448013591
4587,0.0,0.044768155617002946
4588,0.0,0.05418636443619703
4589,0.0,0.06229815195612592
4590,0.0,0.0264703819295836
4591,0.0,0.0
4592,0.0,0.004712995256845851
4593,0.0,0.0
4594,0.0,0.0
4595,0.0,0.01235729883144734
4596,0.0,0.01728021480172864
4597,0.0,0.029114701282481576
4598,0.0008793285248235702,0.050698882848371776
4599,0.0,0.050843269023137315
4600,0.008886600630101512,0.024902683057951455
4601,0.07674452731287412,0.08969016198053463
4602,0.08094704915034033,0.07251069108488403
4603,0.07633534848396996,0.09327430418344887
4604,0.053030203773899234,0.06972867422318357
4605,0.09053549742091824,0.0684003873030368
4606,0.0921238532805352,0.08303578052846541
4607,0.03826658829773552,0.08610332762135793
4608,0.014318203317811093,0.0663374030680164
4609,0.13185630140880802,0.060302485305079125
4610,0.025285428133556734,0.0905384078242928
4611,0.0,0.08358595759943988
4612,0.0,0.032263163601966204
4613,0.008843137534219532,0.010957346919414713
4614,0.0025865311334372907,0.05209589199847256
4615,0.020645003508537,0.027556199630489924
4616,0.012746140132716676,0.027013082241813174
4617,0.06448453580902584,0.03630730785825762
4618,0.06151297965460435,0.039089883867590464
4619,0.07069627408920875,0.035595647490023016
4620,0.16747029180644488,0.029168813458269046
4621,0.16205375434651714,0.04242325101968038
4622,0.2653640433618556,0.04041592487928993
4623,0.1736681943821188,0.03397992407790176
4624,0.23224166679130012,0.03487755913501536
4625,0.25556285228266457,0.023969295273100332
4626,0.12690751290382904,0.007654978093836058
4627,0.20603610474706835,0.027167981097969102
4628,0.08574318438731453,0.045298737906012874
4629,0.018980706922146245,0.054679078873556726
4630,0.05713122775485804,0.0375284193397051
4631,0.05033897435454863,0.023455145324058204
4632,0.0364766280970771,0.021467930510345293
4633,0.10051577779317483,0.04540508884360815
4634,0.16778851728866045,0.042551436684693855
4635,0.23117809127249692,0.03662391267515622
4636,0.031216034097496657,0.033822282257851596
4637,0.015201914214328876,0.003559460354946617
4638,0.10595737976461082,0.040778272263397544
4639,0.08974716457720225,0.03513296331893047
4640,0.06509623421356339,0.03982186828114627
4641,0.1117887030446833,0.03240129666753449
4642,0.10874608210617548,0.019765064596337197
4643,0.06023972007416358,0.02672064563372801
4644,0.0,0.010219152893173048
4645,0.0,0.006347640942484093
4646,0.0,0.0054175498039475
4647,0.0,0.012045718060961169
4648,0.0013771881798412377,0.030020060977986797
4649,0.0,0.05585980848633104
4650,0.0,0.0658473359780079
4651,0.0006827605694006937,0.06743832936573643
4652,0.001164059941928991,0.07574497120843121
4653,0.0005672116944373652,0.049725847896664385
4654,0.004216065858113075,0.02089458383534125
4655,0.001200662547313241,0.07893026812111463
4656,0.0,0.04714303956086444
4657,0.0,0.025240705055935644
4658,0.0002528620143108241,0.06417642059867239
4659,0.011918854014761221,0.0729265407469595
4660,0.017314938991662282,0.05361419130695843
4661,0.06863196428638159,0.05855722238533821
4662,0.007935385115269224,0.07702096475347416
4663,0.001027314638329845,0.07676956914566585
4664,0.0014907946804593505,0.09262235224034295
4665,0.0,0.007629142958028753
4666,0.0,0.002747674801409495
4667,0.0,0.009650281934119775
4668,0.0,9.679971598684167e-05
4669,0.0,0.001312157451657166
4670,0.0,0.012201908184488278
4671,0.0,0.009623147732357673
4672,0.0,0.0031620443013227317
4673,0.0,0.0
4674,0.0,0.0047162427082874546
4675,0.0,0.0
4676,0.0,0.0
4677,0.0,0.011812294731933876
4678,0.0,0.0077398142594944435
4679,0.0,0.02546728672714097
4680,0.0,0.034143556904411704
4681,0.0,0.0794582359167115
4682,0.019451676057180036,0.05779251682552189
4683,0.06830498565857496,0.061469688340092914
4684,0.10429691147955852,0.08528180599403082
4685,0.06922229316699835,0.06008275745676114
4686,0.11388068549684303,0.050447167433727055
4687,0.04704599433095567,0.037314169815410844
4688,0.072427572047213,0.08316531119367411
4689,0.06939327923662436,0.05440070779427174
4690,0.05523413687943361,0.06427876795772675
4691,0.042935638849938194,0.053907704339484476
4692,0.023364279704120135,0.07642165858091014
4693,0.012524006348058257,0.06911733569212646
4694,0.0,0.058830944078710666
4695,0.011781061592300171,0.05426009933637439
4696,0.0010744051061407271,0.08079442350841143
4697,0.06883306501013185,0.03508854796162699
4698,0.04056240824307788,0.03876095915422878
4699,0.06163691629201174,0.04646332155390142
4700,0.08389274195515738,0.03866659815278461
4701,0.0986243546065971,0.04769210631641486
4702,0.1782758055161363,0.02222926542695929
4703,0.21605555532055565,0.027121901438303685
4704,0.21052387195415329,0.031832195861527315
4705,0.18300426335783415,0.030908195838679844
4706,0.13712482624468217,0.023062637513843562
4707,0.07704621999444293,0.004722492174057987
4708,0.08527001703633127,0.005466141379748106
4709,0.2679975888060033,0.018537810102397613
4710,0.1829692529097805,0.032546701344475175
4711,0.045031512793514666,0.00938272185531021
4712,0.06926810531165081,0.007639955402268134
4713,0.01999826692164726,0.04035341540069544
4714,0.06629812329616531,0.02956775486634203
4715,0.2659782239058365,0.04357138374664023
4716,0.3692416221667776,0.042351581133968766
4717,0.2830256803771172,0.049993675424385556
4718,0.022677018039601565,0.019574922306404625
4719,0.025621004782088598,0.04742329672400173
4720,0.017706425707016957,0.038708529106113415
4721,0.01645698202626723,0.026276686934477433
4722,0.23548292639141094,0.027215204441800228
4723,0.09518456742989564,0.05133490035620178
4724,0.03875433483877217,0.02757161965795519
4725,0.001181226366015198,0.022199061023063717
4726,0.0,0.0013940894915622651
4727,0.0,0.00841464488547461
4728,0.012196757162337302,0.006367156160910153
4729,0.0273274652932459,0.004803285847799708
4730,0.0036292928420266573,0.06314851623044446
4731,0.00198887406744293,0.08097670111454854
4732,0.0,0.0652226174105567
4733,0.0,0.06579564816369649
4734,0.0,0.07011118257807317
4735,0.0,0.06527973899299495
4736,0.0,0.038511296331324926
4737,0.0,0.07685434343156887
4738,0.0,0.07483864920902981
4739,0.010990834698812263,0.056931279605343874
4740,0.009557723087310208,0.07843522951752849
4741,0.07221354796600099,0.032390562448134534
4742,0.0835062870556955,0.03743264335986177
4743,0.0469304637846081,0.04066823553653476
4744,0.007382102741000864,0.07161021323132637
4745,0.0,0.0001474652640133329
4746,0.0,0.007799361486312267
4747,0.0,0.012604317200563778
4748,0.0,0.0073199354834073615
4749,0.0,0.0059619445500012904
4750,0.0,0.004473162296002241
4751,0.0,0.013499046351088001
4752,0.0,0.017129671884115114
4753,0.0,0.009985673499409611
4754,0.0,0.004330971028711127
4755,0.0,0.0037978153268601817
4756,0.0,0.00045608416143149306
4757,0.003240914656772341,0.009815185928326108
4758,0.0,0.00023164462114704364
4759,0.0,0.004497735790684901
4760,0.0,0.005713009809884006
4761,0.0,0.002409752846456029
4762,0.0009183369197877632,0.034646628040904515
4763,0.0,0.07853926564045793
4764,0.011721139088450482,0.03927041259959599
4765,0.036368915003421654,0.032979716242169874
4766,0.027948424505836747,0.040309066069582136
4767,0.009236670610372786,0.018145704718968553
4768,0.008827135471941246,0.01841227999939055
4769,0.050895880693257775,0.048916630772042904
4770,0.02400219375761471,0.022609280399365366
4771,0.0960294789368897,0.04186028036552401
4772,0.0747662062206928,0.06099075567358141
4773,0.09244041527332897,0.05149414541146981
4774,0.03800322924161598,0.054599485660139786
4775,0.005823033913812608,0.08571042444718376
4776,0.0,0.07780489268316579
4777,0.0,0.057242775972680016
4778,0.0003556223881431363,0.08589212280833317
4779,0.05004613167957133,0.03410726352472714
4780,0.05274527012126735,0.04365674411640661
4781,0.13691202684531528,0.028724196816283673
4782,0.1473019542892556,0.025754528511368693
4783,0.32425906504030044,0.028880041569000398
4784,0.18952540561083095,0.030348502654400696
4785,0.21250787043422828,0.02180723346871034
4786,0.27294422120633405,0.04867579207815226
4787,0.23365537931075694,0.034480893861753355
4788,0.229678399171883,0.024497027661813154
4789,0.1206469345473062,0.02305957482669753
4790,0.20250181986961507,0.016668149207798914
4791,0.2106683350999704,0.04303692981622071
4792,0.07347792527093565,0.023863301250144013
4793,0.014049664576811284,0.018516791417266133
4794,0.1804539650925148,0.012317239893010914
4795,0.08799523994028118,0.061823461624995024
4796,0.05829054047377752,0.06592024243865176
4797,0.13671939624163942,0.05242869830886646
4798,0.08355366116236189,0.03422673620830531
4799,0.0072170199851867185,0.02274891468567755
4800,0.0,0.0
4801,0.02720333390478997,0.012868701762959803
4802,0.04313518883798725,0.03722581829821424
4803,0.06889401853115266,0.03679342857291659
4804,0.3777065772146213,0.06277450784053752
4805,0.022907784555715148,0.05265492921326471
4806,0.0016564496121312202,0.01845214586827198
4807,0.040355201675201,0.014161223910291216
4808,0.004348939213797808,0.004224821937388035
4809,0.004160811489734695,0.0002896679745665415
4810,0.0,0.004635434797044244
4811,0.0025221412444356214,0.015758711393431914
4812,0.008721744006618223,0.0668180508786903
4813,0.0007703754392062896,0.037712350966986045
4814,0.0007063606816514993,0.04491962529438112
4815,0.003412292969846309,0.05695874230416326
4816,0.0,0.07325828762352914
4817,0.0,0.08042350035106567
4818,0.0,0.07317618674998311
4819,0.0,0.06062043426171863
4820,0.07873313321483362,0.013067673910285979
4821,0.03139091020211829,0.05326571468425049
4822,0.0,0.012898063421789466
4823,0.0012236408372049245,0.046000896338522605
4824,0.0,0.02704879468432929
4825,0.0,0.003215438481760694
4826,0.0,0.0
4827,0.0,0.0059056085103487395
4828,0.0,0.005230432864100919
4829,0.0,0.0005340036080229478
4830,0.0,0.0
4831,0.0,0.005063319442538551
4832,0.0,0.0
4833,0.0,0.004692891108220484
4834,0.0,0.0
4835,0.0,0.003201273177709902
4836,0.0,0.01517069639762952
4837,0.0,0.006735576682401574
4838,0.0,0.027274202857695964
4839,0.0,0.05041139305238911
4840,0.00946350198368266,0.00937059494420622
4841,0.00641002319120668,0.007847607505878009
4842,0.010857358044556282,0.010030320848136928
4843,0.010966131945231035,0.0316231815762643
4844,0.038942346915569075,0.03453586307569142
4845,0.0686508401265438,0.04754726778490936
4846,0.08832834732217869,0.03501530332941988
4847,0.09527043116744209,0.03268112536066179
4848,0.03059237376240825,0.04132602450840363
4849,0.06166521223975482,0.05933742877120492
4850,0.049863566757018946,0.07302141628416516
4851,0.03342414622543924,0.06389368731897442
4852,0.007164311689788713,0.08138918992181407
4853,0.0,0.0688705527077825
4854,0.0,0.03260934321451299
4855,0.012120222922234317,0.03474988888750812
4856,0.06995208738266162,0.03731622622690152
4857,0.10735738568255405,0.016530863365009474
4858,0.1251474557177254,0.010533504459555568
4859,0.29045416013568914,0.02197086880170532
4860,0.1741866021898017,0.029066131983592574
4861,0.284085289562142,0.02302568637575586
4862,0.23182607011479128,0.03059380309814377
4863,0.19427548540378442,0.052337635779506224
4864,0.13205205509563506,0.04169774864240515
4865,0.0,0.0038003559818760926
4866,0.005293956235217767,0.0016032885108460957
4867,0.13136320909727928,0.044447327286540037
4868,0.03606460112417413,0.027584336019187635
4869,0.07795347322887695,0.03387759479932617
4870,0.1639460855413043,0.06419898586920994
4871,0.20576069541572867,0.07224581976546406
4872,0.05301533166354771,0.03971464297484888
4873,0.004693795784550808,0.00923244800090395
4874,0.0,0.0
4875,0.0,0.0
4876,0.0,0.0
4877,0.0,0.01828714111860137
4878,0.033478809082436584,0.01220768646598872
4879,0.009693159103215667,0.007460226474538781
4880,0.0401728965341641,0.02344975386774922
4881,0.04818357668801068,0.03194536561856205
4882,0.00979698401999772,0.027567381289098723
4883,0.02912330028802279,0.020802480149517914
4884,0.014668258332991686,0.0
4885,0.0,0.0
4886,0.0,0.022194416469705876
4887,0.017946805567644712,0.06043703141837177
4888,0.0002656451202324102,0.04542413074426342
4889,0.0,0.014303020570557797
4890,0.0,0.05898280916903092
4891,0.0,0.04665973195816572
4892,0.0003067932481040213,0.06781935009066145
4893,0.0,0.07512429644958488
4894,0.003983320675747569,0.07483477597652544
4895,0.0,0.05844230126137998
4896,0.0008855868687528854,0.036355002119944524
4897,0.00023665854009237945,0.0055756081947595775
4898,0.002277162143897403,0.020190355050330684
4899,0.0056058352492210735,0.01720033870090268
4900,0.0,0.007847981780737125
4901,0.0,0.0040102938072568055
4902,0.0,0.004719589581795407
4903,0.0,0.00025007059878001344
4904,0.0,0.004980742974513529
4905,0.0,0.0022784602955732585
4906,0.0,0.0042960941119309535
4907,0.0,0.0005103454818227763
4908,0.0,0.006749691203036483
4909,0.0,0.00684383257751163
4910,0.0,0.0049037535985012445
4911,0.0,0.0013142745478241559
4912,0.0,0.009818147952027356
4913,0.0,0.01337397502550437
4914,0.0,0.014545715120451636
4915,0.0,0.013262760853684915
4916,0.03502148540278205,0.03817034831770008
4917,0.11273365636632471,0.09182514837858699
4918,0.10920110822689919,0.089902341809592
4919,0.011022498667558117,0.017837848698940187
4920,0.08639123285201691,0.04933395835843061
4921,0.05315711504688086,0.04436852293986099
4922,0.06282237157226153,0.03623745483151131
4923,0.011198207051641708,0.0296776747178784
4924,0.08157860351818398,0.02784730557569605
4925,0.10719345029776081,0.026593810258813032
4926,0.10093792893124856,0.07033637647941135
4927,0.013768665213668653,0.08194340095961275
4928,0.017950673539105386,0.06952139664654025
4929,0.009471479503356998,0.029033707719628
4930,0.035072644856695825,0.03747000941748087
4931,0.11408193169279213,0.010775338962196946
4932,0.04015950367592006,0.011668985555896407
4933,0.0004487390907395442,0.00011275410428712334
4934,0.04427161848588393,0.004518657351942194
4935,0.1762832943527298,0.028922395851183395
4936,0.2911392818221318,0.021833117459794965
4937,0.23587285844281683,0.018580602582963988
4938,0.07276927205283695,0.013190090156293773
4939,0.01250129436722978,0.030669821779789403
4940,0.0,0.032308007289265694
4941,0.08117391479319908,0.016855639917705466
4942,0.01008521822699269,0.05075390372606278
4943,0.10195403229751829,0.008796648507496072
4944,0.12260392223385726,0.04723234996617462
4945,0.09309338652639233,0.07818269447935552
4946,0.1782805691192663,0.05193930540957131
4947,0.014563230968534312,0.01717956337424141
4948,0.09698036265233938,0.01942939322245513
4949,0.07308366642954273,0.0
4950,0.0,0.0
4951,0.0063397839591917285,0.0036876742496357016
4952,0.0033847249460669452,0.01675675328963154
4953,0.0,0.018224616033707838
4954,0.0,0.028631105809028643
4955,0.009410008334851014,0.04319055763363251
4956,0.023717446192200883,0.0312579772972834
4957,0.07692501822184178,0.05068295959606541
4958,0.01992506188474644,0.03041282594230003
4959,0.0,0.0
4960,0.0,0.0
4961,0.0014387843311966762,0.021019147801338386
4962,0.016874891739674238,0.06834496799933185
4963,0.020185576599547308,0.015639418832929266
4964,0.0030143532250087456,0.0046261483245957575
4965,0.0,0.07231335187471565
4966,0.001542266913729733,0.061350221186219606
4967,0.0,0.06686502593145605
4968,0.0006006126799212307,0.07869418980122182
4969,0.0,0.08076800176223295
4970,0.0,0.08983545845951672
4971,0.0,0.04815139866190952
4972,0.0,0.0
4973,0.0,0.0035746648292141053
4974,0.0,0.011330363380405847
4975,0.0,0.00432567838392479
4976,0.0,0.004665353717472835
4977,0.0,0.0024993210272268845
4978,0.0,0.0
4979,0.0,0.0028494506307400196
4980,0.0,0.005278933433435545
4981,0.0,0.0035969192367128343
4982,0.0,0.005717972319813704
4983,0.0,0.004552038121748997
4984,0.0,0.004612606245310837
4985,0.0,0.0022871626021503844
4986,0.0,0.011642119117283235
4987,0.0,0.03875164500668631
4988,0.0,0.051656492473565005
4989,0.007335707744359924,0.03392626770285874
4990,0.027656355987800054,0.03208486038143005
4991,0.1920637994916209,0.08001456889710964
4992,0.11187318414345203,0.0682509457123327
4993,0.04854764776636022,0.06211630966038078
4994,0.12201808798468433,0.08122572340025949
4995,0.1021784124574422,0.0748572470898519
4996,0.06762654301162575,0.06112658634532815
4997,0.022888931702398738,0.03124037944351131
4998,0.0,0.014184749691888026
4999,0.026708341346611805,0.01770198390303452
5000,0.11815699422236141,0.022982084668309907
5001,0.12792000939911527,0.03283303623532015
5002,0.1721078616357052,0.046048979853348444
5003,0.022137499433795726,0.032801438232187514
5004,0.0,0.004381829297208159
5005,0.0,0.0
5006,0.02903368706392806,0.00889166300956533
5007,0.009229469276942712,0.004281965643825304
5008,0.0006278327694702686,0.005075699115529198
5009,0.11136790348538164,0.016591654637146853
5010,0.14796566409675285,0.019279446249285823
5011,0.10727008216552966,0.020652144410458588
5012,0.03975059281107777,0.005132176920949859
5013,0.023870560325907682,0.017920114427288872
5014,0.008233099156740111,0.0546875576576206
5015,0.031716136377633805,0.027378143212326317
5016,0.05890666131011362,0.008071271262307184
5017,0.020775701302644674,0.030575889115455838
5018,0.1371464502674422,0.08936856335311746
5019,0.08489252401044288,0.0799181123765599
5020,0.02358765160801204,0.055004977686926235
5021,0.014209629268673817,0.016006159014992125
5022,0.007167109947260859,0.012784975281930315
5023,0.005122063524587191,0.004050511850650129
5024,0.0,0.004040542525157656
5025,0.0,0.010513311284898208
5026,0.030867843456158655,0.008361898200748076
5027,0.000456747043338899,0.031983401186486085
5028,0.0027033286623915982,0.033536433247835534
5029,0.056643554684429095,0.06456775226036811
5030,0.06826353995346161,0.0693880483234392
5031,0.09157579546811369,0.06746126990758546
5032,0.00011334046898815285,0.00484822436209681
5033,0.0,0.0
5034,0.0,0.0
5035,0.0,0.00499333115515471
5036,0.019228183278052428,0.05905725174013924
5037,0.002418861026508792,0.0
5038,0.011820093281041093,0.0
5039,0.0,0.07575666691124443
5040,0.0,0.06548779140064101
5041,0.002539900614154055,0.04277364274485074
5042,0.007654944898477177,0.06924166894484782
5043,0.0,0.09046884823271219
5044,0.0,0.07844835481887542
5045,0.0,0.006379950414883071
5046,0.0,0.020137499224238624
5047,0.0,0.004010552108845523
5048,0.0,0.0019709399592983097
5049,0.0,0.001577748127534121
5050,0.0,0.005742275785342946
5051,0.0,0.001080954537251413
5052,0.0,0.0012484051169627053
5053,0.0,0.014341590758846898
5054,0.0,0.031204775541714743
5055,0.0,0.0207872431388776
5056,0.0,0.0022310769784592743
5057,0.0,0.0028033547325405405
5058,0.0,0.030450580200668764
5059,0.00495815522614018,0.08420467529263376
5060,0.0,0.05716328655789038
5061,0.03027288239997472,0.039203068838615795
5062,0.055576489976431775,0.04568013930448802
5063,0.04294565769797074,0.042587505528673214
5064,0.1277787777115585,0.08008726436696145
5065,0.17246689318860148,0.08690093618310042
5066,0.10505153761459445,0.08046295721048667
5067,0.10493018072500397,0.07251463325603608
5068,0.11350447991183811,0.07307695818396219
5069,0.07442751083541585,0.05734039960825768
5070,0.009026525878729636,0.0393163094061787
5071,0.021750478961094815,0.04728837971589662
5072,0.040525610044982674,0.03134583508648913
5073,0.06867750895098547,0.050850614142532224
5074,0.027052538321261952,0.054786114837970995
5075,0.007842133819787902,0.029097997453255642
5076,0.01034635245201937,0.0
5077,0.03978176109545561,0.02090086525223726
5078,0.07388243904109802,0.05271803763984859
5079,0.16933398332099014,0.026802282579937657
5080,0.0492505536341672,0.012927547513254487
5081,0.13635088030077572,0.04013009670408249
5082,0.1622010913829998,0.03746048708617728
5083,0.1618917073667791,0.02332809601216569
5084,0.03141177147864259,0.014948886179346815
5085,0.0336850930693836,0.0427984816133929
5086,0.035039121567548036,0.014691805343052101
5087,0.06585703890060919,0.008295370434973439
5088,0.05547681640616039,0.010084250594936284
5089,0.021117633977791674,0.0893984069386558
5090,0.03231383815295431,0.08166449386853154
5091,0.02030731149138528,0.08187684472427119
5092,0.036812872599615645,0.10156822339440386
5093,0.0018684894929552856,0.012139495949561712
5094,0.0009984177381219686,0.01707618764016372
5095,0.0038249714513251395,0.018671400099146137
5096,0.022656384952174455,0.012882343123279938
5097,0.02075480217814727,0.014154386736604484
5098,0.04239242101176555,0.023533424022986558
5099,0.042903372751153225,0.0687521123741053
5100,0.035834662164346456,0.07269112701460752
5101,0.017185704741670596,0.026908346839041655
5102,0.06157171635149036,0.04101398853266968
5103,0.06747038136453783,0.05028747550454654
5104,0.0,0.0
5105,0.0,0.0
5106,0.0,0.0
5107,0.0,0.0
5108,0.04819626071476698,0.05242509404772118
5109,0.014306835695457194,0.038032391962560454
5110,0.0011489372885982632,0.0
5111,0.0007970610948195454,0.05938322365429476
5112,0.0,0.07961027412451656
5113,0.0,0.05860094090750259
5114,0.0,0.06417558942415404
5115,0.0,0.08014801123954675
5116,0.0,0.0
5117,0.0,0.005362765390253785
5118,0.0,0.0
5119,0.0,0.0
5120,0.0,0.0033533413479329673
5121,0.0,0.004010330028985775
5122,0.0,0.004010322686604375
5123,0.0,0.013706157252968174
5124,0.0,0.019464030516777576
5125,0.0,0.021997122279740586
5126,0.0,0.05322290737944095
5127,0.0,0.0367632448977687
5128,0.0017486342734188694,0.013494492369989997
5129,0.0,0.030251145342446023
5130,0.0,0.07149069726209263
5131,0.0,0.07435962783206022
5132,0.0,0.05625166627065141
5133,0.02059988059324725,0.05170619235745559
5134,0.06267515233314924,0.04740064410645901
5135,0.013236935733272188,0.034982524957714804
5136,0.06370689019767824,0.060168704146028
5137,0.12103452939826718,0.07484215476636175
5138,0.07337866242064012,0.07722309996610359
5139,0.1252266272798768,0.06863339681243762
5140,0.08139950467893937,0.04118658929361243
5141,0.01771274266103214,0.030445192836179375
5142,0.020048852386726174,0.05004050815329171
5143,0.013051255936503596,0.034544736905483944
5144,0.00354292086022303,0.038259947190454585
5145,0.03438232459807196,0.04857007785939331
5146,0.05174607348791776,0.04040284644600527
5147,0.02083172431177148,0.01722856230033913
5148,0.03500170957508013,0.010928694318889926
5149,0.1697887060100957,0.039749441909818474
5150,0.13309152649363534,0.05033522995757454
5151,0.0359015341943438,0.023090788698679646
5152,0.07799776197640088,0.04084295807295647
5153,0.13194358246212415,0.03336603516610342
5154,0.12928779266324644,0.0448187855341822
5155,0.18537371832122687,0.0227579918743075
5156,0.08423731687926403,0.022950687460942833
5157,0.010267402541075716,0.04479168898970099
5158,0.05347867045453276,0.0039004431555159425
5159,0.04289024066410776,0.009400878202225503
5160,0.00542028077248939,0.025448871538015613
5161,0.029036080544431003,0.029970184048431017
5162,0.02781827493545078,0.040143436228623854
5163,0.034234938611377046,0.04386266157055359
5164,0.014247703461714051,0.02311248584419361
5165,0.0013475588707299797,0.018809725512165715
5166,0.037245140811376226,0.06268935890506819
5167,0.059401340688790674,0.09149636234857811
5168,0.045305676092320044,0.04867759137252224
5169,0.05869682300812041,0.03699271238664892
5170,0.040197792245598205,0.024589016608487904
5171,0.027823155054130227,0.052609453552050565
5172,0.004858453284959746,0.00869913533306719
5173,0.006675248196072262,0.0
5174,0.08161914313537269,0.045621964159509754
5175,0.019767204640343376,0.0233247061479896
5176,0.0,0.0
5177,0.0,0.0
5178,0.0,0.0
5179,0.0,0.0011842407789722767
5180,0.02848322406288287,0.03298526857628717
5181,0.03278676402898442,0.03985217546309707
5182,0.012780837420905699,0.0529495731481938
5183,0.0,0.055576308861379264
5184,0.0,0.059466174910367445
5185,0.0,0.06367035267489832
5186,0.0,0.06403068428847158
5187,0.0,0.003730180941621646
5188,0.0,0.004831029099989422
5189,0.0,0.00624143666461173
5190,0.0,0.0
5191,0.0,0.0
5192,0.0,0.0
5193,0.0,0.0009398392028393843
5194,0.0,0.009709224491706012
5195,0.0,0.0339283356811942
5196,0.0006819339403979098,0.015537658028150518
5197,0.0,0.020628942685401504
5198,0.09521902234564666,0.02126366076940391
5199,0.0,0.0507125312419328
5200,0.0,0.008386762519205603
5201,0.0,0.041424589150079884
5202,0.0,0.052802694772884476
5203,0.0,0.016652582884626878
5204,0.0001973432571497976,0.010775301979413756
5205,0.014983496918410803,0.01390670449749827
5206,0.00021358528706048828,0.005840723444278195
5207,0.0009729358764820006,0.03176665318890368
5208,0.009129328197603034,0.05845375186948236
5209,0.03420076113102861,0.05997867394228183
5210,0.07312031223914413,0.07152888154984977
5211,0.005236095892523276,0.022597393143584985
5212,0.000954571849345778,0.024544644487742386
5213,0.0023449388259661422,0.014640406723899966
5214,0.0,0.019060392985081744
5215,0.0027940323008301257,0.04038827851281618
5216,0.009122068731463841,0.03018444212938896
5217,0.0009589840493387139,0.058889781369913664
5218,0.0,0.01780388978656661
5219,0.0,0.017911741792396005
5220,0.007873033952303654,0.010565803846959206
5221,0.02289447598118985,0.026526670292493348
5222,0.05447470146753741,0.051478359397584654
5223,0.14188739897670896,0.05199754574027688
5224,0.05659613079984971,0.03272404284983674
5225,0.09926216768365557,0.03245702108838639
5226,0.17413064583234567,0.01641902143099799
5227,0.1359062823269634,0.022912932292037082
5228,0.02669494515343579,0.026847470368091247
5229,0.1279191808670932,0.0025645564187276545
5230,0.031102024341763495,0.01869368657978902
5231,0.0,0.005836888316125917
5232,0.008383635301853907,0.0439028687789134
5233,0.006617334040444053,0.0416174242533367
5234,0.002389718767419877,0.006951835634573964
5235,0.0006567314601516955,0.0037521109933616663
5236,0.030270927687032073,0.07408342852678965
5237,0.007590796898566613,0.07053737750295096
5238,0.03370657173377424,0.07619287328706585
5239,0.11764024184570458,0.08402018361540962
5240,0.05599709407907879,0.06775103028270663
5241,0.03188922544953319,0.08016307176928375
5242,0.03286124198069232,0.06879798833286954
5243,0.028689101434167797,0.024041181299426444
5244,0.05329826203978437,0.021532186287448084
5245,0.11199154926384815,0.05547961524534048
5246,0.0007563532396659826,0.004378811698505852
5247,0.0,0.0
5248,0.0,0.0
5249,0.0,0.0
5250,0.0,0.0
5251,0.040633290030906336,0.02047159491389003
5252,0.011930019299367142,0.03633569843638379
5253,0.0,0.003025484647625267
5254,0.0,0.0061662796010737465
5255,0.0,0.010484176905132257
5256,0.0,0.003070696043825967
5257,0.0,0.004034298159845116
5258,0.0,0.004382180092683611
5259,0.0,0.00339324165784731
5260,0.0,0.0
5261,0.0,0.0072404701790860365
5262,0.0,0.0
5263,0.0,0.0
5264,0.0,0.0027393942540604992
5265,0.0,0.00910069836594883
5266,0.0,0.0
5267,0.0,0.004268140816307464
5268,0.0,0.009172766344429255
5269,0.0,0.0
5270,0.0,0.005052183845914948
5271,0.0,0.0
5272,0.0,0.0
5273,0.0,0.011028946684965462
5274,0.0,0.04095901603401211
5275,0.0,0.046246468441005516
5276,0.004676970319888978,0.04134048435098505
5277,0.0,0.015122591216175322
5278,0.0,0.004818890787418385
5279,0.015779378746899025,0.027509143236370368
5280,0.009553388703499434,0.04013669613068044
5281,0.016162711270412064,0.04378890164084814
5282,0.004618406251163393,0.05001101198245728
5283,0.01927092051424141,0.08091858535809295
5284,0.02482298746327661,0.06829909074334733
5285,0.019134855702755197,0.01076306780390754
5286,0.13932721934872816,0.00979045863776459
5287,0.10339249187376756,0.031991148465890754
5288,0.12528102486952042,0.030475059664874342
5289,0.04596850477575768,0.015518142345667662
5290,0.022612849603934285,0.013974043903631547
5291,0.07653300546811961,0.0255624508370854
5292,0.02986302612785596,0.04533327336553401
5293,0.03361898525808437,0.03382062828357329
5294,0.048626389308453914,0.03607867421289201
5295,0.02607994184637252,0.0258355199368351
5296,0.021604095792403022,0.030619243336267372
5297,0.01347432162429881,0.05427343204827011
5298,0.013037179109331599,0.08971392781620445
5299,0.046177463347290934,0.08195323466922141
5300,0.015100055876203944,0.014038109492402303
5301,0.007573117863104344,0.02883799698278963
5302,0.010625221160068258,0.07774627863136857
5303,0.005630440595835747,0.09584373473457536
5304,0.0180324553433804,0.06136749268610803
5305,0.10641760189292757,0.08053927126270116
5306,0.13815565471610644,0.05232373483928843
5307,0.06996566127772727,0.07902510278100358
5308,0.020383630387358416,0.03012218204265363
5309,0.0,0.0
5310,0.007467905138772984,0.007637517354158601
5311,0.01975974527034784,0.01433827793687677
5312,0.0,0.0
5313,0.0,0.0
5314,0.0,0.0
5315,0.0,0.0
5316,0.0,0.0
5317,0.034185771461048266,0.031767133289053326
5318,0.018161789236888534,0.04327531440496178
5319,0.030671078320718363,0.05119757070586415
5320,0.0,0.003765191090294849
5321,0.0,0.0
5322,0.0,0.015950345198123758
5323,0.0,0.0491597677690518
5324,0.0,0.027709775638601702
5325,0.0,0.006905956806219275
5326,0.0,0.0
5327,0.0,0.0
5328,0.0,0.0
5329,0.0,0.004713066460369934
5330,0.0,0.0
5331,0.0,0.0
5332,0.0,0.002366935114792227
5333,0.0,0.0048984054061825665
5334,0.0,0.0
5335,0.0,0.0
5336,0.0,0.005897237408083432
5337,0.0,0.0005724247233259592
5338,0.0,0.004633403810694486
5339,0.0,0.0
5340,0.0,0.0
5341,0.0,0.0
5342,0.0,0.019768191246072413
5343,0.01958338437812942,0.021424536737738503
5344,0.0,0.02203274386910473
5345,0.0,0.04653216435895304
5346,0.001209878202386713,0.008802268549946788
5347,0.048197272480855875,0.017497067128794477
5348,0.0175640310043299,0.04968963371272336
5349,0.19926651087657715,0.006815666708197849
5350,0.004077722457669121,0.020123716380458106
5351,0.016611769103995717,0.03431117574079177
5352,0.058510093333801166,0.024938791698604232
5353,0.04428935002836038,0.027195074605113573
5354,0.07184829232444953,0.026013575828635442
5355,0.14765034390237458,0.022496206995612358
5356,0.18760167294355745,0.006421541335348286
5357,0.07065304509945966,0.004029067119040536
5358,0.007918297402024451,0.0132382193118672
5359,0.017628183146426477,0.04721616769936568
5360,0.017622535303285187,0.03302883800403308
5361,0.014284547491619965,0.062234745570887255
5362,0.018400099374507803,0.04022479676348704
5363,0.013747946065492988,0.042420932631427447
5364,0.058327555683402504,0.05261873498843418
5365,0.10243320337268261,0.08373872021267874
5366,0.019455662453745175,0.04540362051148543
5367,0.09971257006249813,0.059408638620617175
5368,0.03890330172135533,0.03174082413918835
5369,0.013133867015470216,0.025156612437756812
5370,0.004840254122033196,0.037375535540961465
5371,0.003964882464026734,0.0883605769983252
5372,0.02322896146299636,0.08498978614137369
5373,0.02168840300138756,0.07477047895228672
5374,0.1182156223978873,0.047148721216887846
5375,0.08382154394091781,0.08167701234978596
5376,0.027480827476604908,0.03331053553877785
5377,0.0,0.0
5378,0.0,0.0
5379,0.0,0.0
5380,0.0,0.0
5381,0.0,0.0
5382,0.0,0.0
5383,0.0,0.0
5384,0.0,0.009065550486991774
5385,0.03961023916161718,0.04289758372453382
5386,0.03430677975457653,0.0301264382930785
5387,0.036136452896217794,0.03729243396699718
5388,0.0,0.0
5389,0.0,0.007145899528265846
5390,0.0,0.0043711280362144075
5391,0.0,0.019598799844053962
5392,0.0,0.0375542619367512
5393,0.002246954594259499,0.021347157361536685
5394,0.0,0.003931097932856334
5395,0.0,0.0
5396,0.0,0.0
5397,0.0,0.0
5398,0.0,0.005541621600224835
5399,0.0,0.0
5400,0.0,0.005435786991694195
5401,0.0,0.027718253758908885
5402,0.0,0.004750107687471063
5403,0.0,0.0
5404,0.0,0.0
5405,0.0,0.0
5406,0.0,0.0
5407,0.0,0.004551133271005193
5408,0.0,0.0
5409,0.0,0.0
5410,0.0,0.0
5411,0.0,0.01065967661599973
5412,0.011916499852797626,0.01787983470855529
5413,0.004334780252630637,0.048836553715003984
5414,0.0,0.049806825549933396
5415,0.029608608661469964,0.03717993267751177
5416,0.04438153978543209,0.023069097346467168
5417,0.03631039230037362,0.03318224108492242
5418,0.014469459570721875,0.006527223474031863
5419,0.0006659710879818434,0.011807480080131327
5420,0.024162142315856262,0.01827359651320076
5421,0.09494046763747505,0.008896140159844227
5422,0.14286306879300523,0.010580367143500939
5423,0.05106528597486478,0.029363540938601062
5424,0.05081705923059634,0.04842167954662473
5425,0.05761256014905228,0.00958321781570442
5426,0.003074267197238872,0.008886889530732746
5427,0.011763862812938465,0.009682140329986414
5428,0.027199190103557227,0.012217719627655521
5429,0.11066001801078156,0.006916523176010948
5430,0.11653559699194248,0.01716772562639317
5431,0.06692120295622565,0.02873974979243095
5432,0.042169854531723915,0.04229470091759513
5433,0.11587083856898633,0.041023150451155704
5434,0.17299902278675533,0.02269208199035315
5435,0.05138581784425726,0.06865343958573851
5436,0.16989864709930746,0.051123726619008
5437,0.03369735942979607,0.0436104718904933
5438,0.017402432153006884,0.041683257494084344
5439,0.004120716406554678,0.05176941200787033
5440,0.016180774584729298,0.07208420989702369
5441,0.01628588831440679,0.07116563960092863
5442,0.026870378630837573,0.07191119204503742
5443,0.04408183912163197,0.04494665294078826
5444,0.05070152128920416,0.04111976865873484
5445,0.022930854573911037,0.03286038448980448
5446,0.0,0.0
5447,0.0,0.0
5448,0.0,0.0
5449,0.0,0.0
5450,0.0,0.0
5451,0.0,0.0
5452,0.0,0.0
5453,0.002478611435836544,0.01526616686318762
5454,0.03706166226877613,0.04832306913034592
5455,0.019669370063919986,0.04192056991364922
5456,0.0017250621015283381,0.008412000815527928
5457,0.0,0.004097602917944882
5458,0.0,0.0022457230813208756
5459,0.0,0.004483390099130846
5460,0.0,0.03151665883058199
5461,0.0,0.028813473198962113
5462,0.0,0.004010439005705489
5463,0.0,0.007665737402828616
5464,0.0,0.005547273876952193
5465,0.0,0.0
5466,0.0,0.0
5467,0.0,0.010459512636137393
5468,0.0,0.006273439856765446
5469,0.0,0.004843364653729216
5470,0.0,0.007202974069161902
5471,0.0,0.0015482807362090514
5472,0.0,0.003155895134693685
5473,0.0,0.0
5474,0.0,0.003329916190794694
5475,0.0,0.0025176770535343574
5476,0.0,0.0029698192584048963
5477,0.0,0.0021654684405359764
5478,0.0,0.0
5479,0.0055254691753225,0.0
5480,0.023987371369573286,0.0
5481,0.011658311608382129,0.022293911331844496
5482,0.017769362084843258,0.044319360315705825
5483,0.06419518462041024,0.02859954269383498
5484,0.029017895722393102,0.058777746524821164
5485,0.033821534374338616,0.041776807290837936
5486,0.0,0.03792807003581802
5487,0.0,0.005553815939629184
5488,0.0,0.012459850626657273
5489,0.0,0.011786078769839307
5490,0.05904183001874352,0.016376288469653378
5491,0.00413420865309065,0.009841391250469497
5492,0.004153057869426632,0.01157334157532687
5493,0.030981008092760193,0.020846130555956466
5494,0.0,0.002816738265434484
5495,0.0,0.0
5496,0.11098983154362937,0.0071789359322391826
5497,0.0673313654187039,0.03489880069077635
5498,0.2383087073260551,0.022812746491063244
5499,0.032348553661348756,0.06868929316580369
5500,0.030618065324678388,0.04379401029786353
5501,0.04153474241925402,0.041016744393716
5502,0.1109646031448114,0.07492112787936117
5503,0.1339945774734546,0.04948305305707177
5504,0.18614218292891704,0.021611816556104727
5505,0.07573402314647172,0.04758736291464603
5506,0.02733688964381245,0.03812685404807478
5507,0.045087305040933064,0.045367707736068776
5508,0.034501216933726125,0.05023862998184392
5509,0.0655488434806198,0.05167104590872004
5510,0.028640919004890072,0.04568961318940424
5511,0.06293443880402726,0.03350335030541891
5512,0.016146984848161093,0.038136805769793926
5513,0.0012766373408052434,0.03101380173239843
5514,0.017670325477760256,0.0221045634240408
5515,0.0,0.0
5516,0.0,0.0
5517,0.0,0.0
5518,0.0,0.0
5519,0.0,0.0
5520,0.0,0.0
5521,0.0,0.0
5522,0.0,0.0
5523,0.0,0.007414924781543038
5524,0.0,0.0040809075680948576
5525,0.0,0.005525692087780877
5526,0.0,0.0
5527,0.0,0.009140752753036559
5528,0.0,0.009878941814829343
5529,0.0,0.0
5530,0.0,0.0
5531,0.0,0.004587464724803605
5532,0.0,0.006254884909590057
5533,0.0,0.00464611094220002
5534,0.0006787109463305145,0.011028899141038707
5535,0.0,0.002519725324659198
5536,0.0,0.004634993653524089
5537,0.0,0.0
5538,0.0,0.0
5539,0.0,0.0018283177403190139
5540,0.0025370382940133255,0.00544723293117298
5541,0.05526317931661704,0.03354581087431947
5542,0.06179364236436812,0.00943028758971764
5543,0.1110186696115697,0.007676436331728214
5544,0.042753556396370004,0.001991558169439611
5545,0.02863251620555234,0.019780178563435388
5546,0.0736084450514214,0.042664523260238084
5547,0.023603776950301972,0.0241331286756659
5548,0.0003190759641457674,0.027464917683073846
5549,0.0,0.013958012764438914
5550,0.0,0.010188239350974735
5551,0.0,0.033382198294933565
5552,0.06854701234763373,0.020531506243366988
5553,0.0,0.009898241133736657
5554,0.003798348681775847,0.02070305179953561
5555,0.004682235401766383,0.024992329115518696
5556,0.01332038909982948,0.013129767656104897
5557,0.0,0.0007058213157148784
5558,0.0,0.0
5559,0.0,0.0
5560,0.021083915907063336,0.02216684077409373
5561,0.21774353548954115,0.003835341492441171
5562,0.1308306318717211,0.03407855551901186
5563,0.04761638990397169,0.05758774351585964
5564,0.06085192540375838,0.02232756365972593
5565,0.04085415597863344,0.04203497457440285
5566,0.016424773741248514,0.060069816709614296
5567,0.01743633323302467,0.029907995291485072
5568,0.015582689665601888,0.030800237270541243
5569,0.02592416099155404,0.05084434513821209
5570,0.024716691855420584,0.05592803201134987
5571,0.07027570259039968,0.0843830269840564
5572,0.08269382419694511,0.07426620764155653
5573,0.05870373449768815,0.058437011185836586
5574,0.06329283798434515,0.06456728361215856
5575,0.04935574445448104,0.06817363020877946
5576,0.009223112159906179,0.03238850203592244
5577,0.011628044800465785,0.052039160492512185
5578,0.03694573051499312,0.039171526273088904
5579,0.0,0.0
5580,0.0,0.0
5581,0.0,0.0
5582,0.0,0.0
5583,0.0,0.0
5584,0.0,0.0
5585,0.0,0.004755680038451693
5586,0.0,0.008602176922939042
5587,0.0,0.00519502062626347
5588,0.0,0.004315958583418246
5589,0.0,0.008346900486400586
5590,0.0,0.006327354098977575
5591,0.0,0.007089626057006137
5592,0.0,4.0120287488060236e-05
5593,0.0,0.018080719259639853
5594,0.0,0.012966744812706014
5595,0.0,0.012599316490885366
5596,0.0,0.0
5597,0.0,0.008571889161945564
5598,0.0,0.008770025355666665
5599,0.0,0.004021559808618653
5600,0.0,0.004446880280939086
5601,0.0,0.004010098956757716
5602,0.0003340501503016776,0.003922678562969319
5603,0.027229650788765842,0.025652001186949
5604,0.03069425736767784,0.02063039871197816
5605,0.06308275637889932,0.024413573137803533
5606,0.03461140309387962,0.02978550539218248
5607,0.0,0.0005538007840325622
5608,0.0,0.031823336165491246
5609,0.03248482399225489,0.028632400598448026
5610,0.020937371434520565,0.013317564606054757
5611,0.0,0.043364854599427724
5612,0.0,0.02560729473665068
5613,0.0,0.048234903294367575
5614,0.02864043990589237,0.015448147037476136
5615,0.00573949308983012,0.010222959103510358
5616,0.0,0.010458603187563956
5617,0.0,0.012331374183427418
5618,0.016668820362730468,0.004984031819738187
5619,0.0,0.000604564396162727
5620,0.0011496177447488723,0.011515696996607837
5621,0.0,0.011990470729782578
5622,0.0,0.0023314178327501008
5623,0.12632544251262454,0.0
5624,0.20222608611076265,0.0012792537975651302
5625,0.15111414637446255,0.00536914162444027
5626,0.010369807117489024,0.011927516000370505
5627,0.014872368039226716,0.022904717496170762
5628,0.0035083520736197554,0.009255390191417934
5629,0.0012301559842508114,0.011896671786336493
5630,0.03674795068427238,0.026908041464961188
5631,0.007316107043784193,0.03516089450214429
5632,0.05772864311761141,0.08127224542203158
5633,0.04357506465691982,0.06674443378658872
5634,0.03020450023873272,0.038318413325143595
5635,0.03508154391964758,0.06838826398675987
5636,0.02689647611888834,0.06587481097383056
5637,0.018750002545407356,0.0725121167539366
5638,0.008454230919493886,0.04001562039882663
5639,0.017675215604345366,0.02261918144212942
5640,0.02638590213421064,0.03559610767852903
5641,0.0,0.0
5642,0.0,0.0
5643,0.0,0.0
5644,0.0,0.0
5645,0.0,0.0
5646,0.0,0.0
5647,0.0,0.0026719759107744264
5648,0.0,0.019487516120754573
5649,0.0,0.016767274342701224
5650,0.0,0.031059921762780638
5651,0.0,0.004908521315013801
5652,0.0,0.0018228969455709888
5653,0.0,0.0
5654,0.0,6.137113477214287e-05
5655,0.0,0.0039725474310209515
5656,0.0,0.03878117720116735
5657,0.0004672482822218378,0.03390694159034739
5658,0.0,0.004649011240330831
5659,0.0,0.0
5660,0.0,0.0
5661,0.0,0.004836660812047224
5662,0.0,0.0
5663,0.0,0.0
5664,0.0,0.0
5665,0.0,0.0
5666,0.0,0.00585870888515526
5667,0.0,0.014440265778201927
5668,0.0,0.041160620289824854
5669,0.0,0.023559759039023315
5670,0.0,0.004362244080446025
5671,0.00041774994509253215,0.010979537255538796
5672,0.0,0.06067187346891041
5673,0.0,0.04300644662735811
5674,0.0,0.02865646282684641
5675,0.0,0.05213590514863464
5676,0.0,0.006948948362554634
5677,0.0,0.009539905266629595
5678,0.0,0.02771055666915129
5679,0.0,0.033282297475996286
5680,0.0,0.007188307234579492
5681,0.0,0.0
5682,0.0007179932659380256,0.011829771135284887
5683,0.0,0.04735487370063971
5684,0.0,0.024521580479720015
5685,0.0,0.006130150021262791
5686,0.024503451265907892,0.004022053654073012
5687,0.05260417318793182,0.0063694509984274245
5688,0.0095828555721291,0.004041337491653921
5689,0.0,0.03273339306971513
5690,0.0,0.046111208929186166
5691,0.0,0.007267433118636228
5692,0.0,0.014275186513577304
5693,0.0,0.022109216096868983
5694,0.0,0.02609950452690135
5695,0.0,0.038520052369263265
5696,0.0,0.05479383871917555
5697,0.0009714571482189875,0.038599515868685555
5698,0.0,0.05611434763304214
5699,0.0,0.058130164538730385
5700,0.0,0.02084443959057426
5701,0.0,0.015089952659194963
5702,0.0,0.0004588384718615997
5703,0.0,0.016201885594640943
5704,0.0,0.0
5705,0.0001856498385312966,0.0
5706,0.0,0.0
5707,0.0,0.0
5708,0.0,0.0
5709,0.0,0.0
5710,0.0,0.005416921076586177
5711,0.0,0.009127183275429501
5712,0.0,0.03545032039139076
5713,0.0,0.008472127182898165
5714,0.0,0.0
5715,0.0,0.0
5716,0.0,0.0
5717,0.0,0.0015488669378736148
5718,0.0,0.008726197925509887
5719,0.0,0.005520770041356733
5720,0.0,0.004696975769302369
5721,0.0,0.004658295418220253
5722,0.0,0.0
5723,0.0,0.0
5724,0.0,0.0030986088432312943
5725,0.0,0.002173355953270306
5726,0.0,0.0
5727,0.0,0.002265216992366922
5728,0.0,0.009194713587538093
5729,0.0,0.0035014548768934986
5730,0.0,0.024325944741395072
5731,0.019267845558697514,0.02303554208411894
5732,0.0,0.021196399011050783
5733,0.0014754190271705195,0.0
5734,0.02191762377779498,0.0
5735,0.0,0.031255090710528004
5736,0.0,0.06620143990517596
5737,0.0,0.014712271786848065
5738,0.0,0.019827344332560063
5739,0.0,0.0063852144758096765
5740,0.0,0.006020849826453548
5741,0.0,0.034889010005959814
5742,0.0,0.05327068699921165
5743,0.0,0.027062122438896163
5744,0.0,0.0046210415731619435
5745,0.0,0.018954084552781747
5746,0.0,0.03929869136092214
5747,0.0,0.0
5748,0.0,0.0
5749,0.0,0.0019393318896296855
5750,0.0,0.00318593891748459
5751,0.0,0.0
5752,0.0038976676813740857,0.011397857929302846
5753,0.0,0.014371447107452475
5754,0.0,0.0011592414318183418
5755,0.0,0.007919860863847161
5756,0.0,0.015539936748215499
5757,0.0,0.01805632491419238
5758,0.0,0.024397754132854502
5759,0.0,0.04817675160890135
5760,0.0,0.02360934332724226
5761,0.0,0.027426867506503905
5762,0.0,0.010045862999286543
5763,0.0,0.011885567884788357
5764,0.0,0.004975108409269857
5765,0.0,0.005971947462475284
5766,0.0,0.0025654779227412003
5767,0.0,0.0
5768,0.0,0.0
5769,0.0,0.0
5770,0.0,0.0
5771,0.0,0.0
5772,0.0,0.0009885940655318657
5773,0.0,0.009875751181654848
5774,0.0,0.003814662735991211
5775,0.0,0.004742748126004644
5776,0.0,0.0034086255309356407
5777,0.0,0.0056301690732208295
5778,0.0,0.0
5779,0.0,0.0
5780,0.0025657233083483722,0.005317425014378235
5781,0.0,0.004574571436473578
5782,0.0,0.004551995980664245
5783,0.0,0.004631988101103165
5784,0.0,0.0031466609775325275
5785,0.0,0.003999762937057314
5786,0.0,0.0
5787,0.0,0.0
5788,0.0,0.006361243608914994
5789,0.0,0.004091457126692905
5790,0.0,0.004793275754648245
5791,0.0,0.0012521957934658202
5792,0.0,0.006323729037949413
5793,0.0,0.01906169163017968
5794,0.0,0.043511724805991324
5795,0.0,0.05361155996506933
5796,0.010162222774529519,0.04642721485277188
5797,0.08892630777616052,0.023484846496367773
5798,0.10622391329482757,0.019643350963774234
5799,0.0,0.06894900199097767
5800,0.0,0.03659163666590339
5801,0.0,0.0039480375077015776
5802,0.0,0.0022559785357431804
5803,0.0,0.006336414960018968
5804,0.0,0.010492779808515741
5805,0.0,0.018972096741796347
5806,0.0,0.007981778043117126
5807,0.0,0.0
5808,0.0,0.005831374438566012
5809,0.0,0.006763816455087126
5810,0.0,0.004009978488083512
5811,0.0,0.005054634145771006
5812,0.0,0.009268153537799143
5813,0.0,0.027701936505203077
5814,0.0,0.027649517987757243
5815,0.0,0.015539946577625127
5816,0.0,0.003924687865049989
5817,0.0,0.006145610752456011
5818,0.0,0.0
5819,0.0,0.0054037564496334225
5820,0.0,0.021561512105282815
5821,0.0,0.002795370422939898
5822,0.0,0.055404170909793
5823,0.0,0.01932343173887709
5824,0.0,0.007073776463368351
5825,0.0,0.004661584942841377
5826,0.0,0.00956014565498241
5827,0.0,0.0010095437215490897
5828,0.0,0.005605118896559568
5829,0.0,0.0
5830,0.0,0.0
5831,0.0,0.0
5832,0.0,0.0
5833,0.0,0.006499548656219897
5834,0.0,0.005085873905135796
5835,0.0,0.005467653013699187
5836,0.0,0.0
5837,0.0,0.011919823458973446
5838,0.0,0.0053996272490424106
5839,0.0,0.00339635577001283
5840,0.0,0.003879592791958742
5841,0.0,0.004568980310408876
5842,0.0,0.0022489519163348894
5843,0.0,0.005713317004387249
5844,0.0,0.0018251246854121272
5845,0.0,0.0
5846,0.0,0.0
5847,0.0,0.0032039788115765257
5848,0.0,0.007745753732592224
5849,0.0,0.013422572168528058
5850,0.0,0.004010528893187459
5851,0.0,0.006030717757086082
5852,0.0,0.00781546176118129
5853,0.0,0.05258267130963592
5854,0.0,0.0537403911334451
5855,0.0,0.05624224367017858
5856,0.0,0.05212953888286331
5857,0.0,0.03835760254920654
5858,0.0,0.004761380070022534
5859,0.0,0.030325040100723934
5860,0.0,0.0023160748823725444
5861,0.0,7.063920158029744e-05
5862,0.0,0.005107413751165813
5863,0.0,0.02443592065535396
5864,0.0,0.03193200648335924
5865,0.0,0.008835491112956766
5866,0.0,0.004653126071269458
5867,0.0,0.0
5868,0.0,0.005066895081183332
5869,0.0,0.0
5870,0.0,0.0
5871,0.022742538713763978,0.003669020499889471
5872,0.04582433079368552,0.013890970888211647
5873,0.0,0.031676328228069935
5874,0.0,0.042751779557333114
5875,0.0,0.005026462819935032
5876,0.0,0.004141287732602815
5877,0.0,0.0049900294209860524
5878,0.0,0.00556717101227622
5879,0.0,0.010165513946667856
5880,0.0,0.006925332783028903
5881,0.0,0.006039492055516422
5882,0.0,0.010248175764991959
5883,0.0,0.008271153332501549
5884,0.0,0.008767149098610023
5885,0.0,0.004010182225522451
5886,0.0,0.0108511571278079
5887,0.0,0.004655093788321522
5888,0.0,0.0
5889,0.0,0.0
5890,0.0,0.0
5891,0.0,0.0
5892,0.0,0.0
5893,0.0,0.0
5894,0.0,0.005331251970387498
5895,0.0,0.008350683614068197
5896,0.0,0.005137933343085057
5897,0.0,0.03110091850483957
5898,0.0,0.011061091792513028
5899,0.0,0.0008932871720365592
5900,0.0,0.0
5901,0.0,0.004598528139060848
5902,0.0,0.0
5903,0.0,0.00457086088500251
5904,0.0,0.0
5905,0.0,0.0
5906,0.0,0.005175564984367164
5907,0.0,0.002121379533333562
5908,0.0,0.0
5909,0.0,0.021920504295512618
5910,0.0,0.0005428172262919725
5911,0.0,0.010946163621014715
5912,0.0,0.03133532027781825
5913,0.0,0.05054553896810561
5914,0.0,0.056129148484234274
5915,0.0,0.04407210765273713
5916,0.10512888666657316,0.05501990593521155
5917,0.0,0.0395026195022593
5918,0.0,0.01929668936923285
5919,0.0,0.011925643729149126
5920,0.0,0.009265180117877126
5921,0.0,0.006666020288393502
5922,0.0,0.0
5923,0.0,0.003875545715541312
5924,0.0,0.011567255788861738
5925,0.0,0.0013110157715329545
5926,0.0,0.0
5927,0.0,0.0
5928,0.0,0.004182447015787597
5929,0.0,0.004022950470701518
5930,0.0,0.008239995263578057
5931,0.0,0.014495701354008069
5932,0.0,0.0
5933,0.0,0.0
5934,0.0,0.013014348969759523
5935,0.0,0.009445543770664092
5936,0.0,0.003909555399063088
5937,0.0,0.0
5938,0.0,0.001117328481540228
5939,0.0,0.029269706291073037
5940,0.0,0.007132244446717534
5941,0.0,0.004407657593800903
5942,0.0,0.008130148059462654
5943,0.0,0.004551654097659303
5944,0.0,0.0
5945,0.0,0.0
5946,0.0,0.005461928618409538
5947,0.0,0.0
5948,0.0,0.0
5949,0.0,0.004414000500531236
5950,0.0,0.0022303126352464257
5951,0.0,0.0045628835402359
5952,0.0,0.004954672363584305
5953,0.0,0.0
5954,0.0,0.004552472991735329
5955,0.0,0.0
5956,0.0,0.0
5957,0.0,0.0018622850618481243
5958,0.0,0.0031504794564232506
5959,0.0,0.004582621332112186
5960,0.0,0.0
5961,0.0,0.0
5962,0.0,0.005259301740116985
5963,0.0,0.004010193573674281
5964,0.0,0.004010219541973715
5965,0.0,0.023165077733434302
5966,0.0,0.05965857231361174
5967,0.03618291359226877,0.03441109199598534
5968,1.2854561434374087e-06,0.02119616248699435
5969,0.0,0.04986916428570176
5970,0.0,0.04097624678320675
5971,0.0,0.05418852016891502
5972,0.0,0.05128603539331835
5973,0.0,0.01279606489537332
5974,0.00920836970125579,0.00016127070841331058
5975,0.044689446761226825,0.012768350909847874
5976,0.0,0.029309614086644988
5977,0.0,0.03344137678093548
5978,0.0,0.005620191726637959
5979,0.0,0.002406745751389036
5980,0.0,0.01056195431365013
5981,0.0,0.006914852299376257
5982,0.0,0.004295894195021133
5983,0.0,0.004142936532416491
5984,0.0,0.003986782170199506
5985,0.0,0.0013673987546871792
5986,0.0,0.01016980552977307
5987,0.0,0.00986144882145106
5988,0.0,0.017049419001484108
5989,0.0,0.038478840335113625
5990,0.015930523622524666,0.022360204468815658
5991,0.0024682136182454617,0.01350133754919174
5992,0.0,0.00402979637978437
5993,0.0,0.011625180429995096
5994,0.0,0.0265493328108745
5995,0.001606335266727851,0.03994636765828489
5996,0.0,0.019583289520368127
5997,0.0,0.007828059630712059
5998,0.0,0.004417855086627771
5999,0.0,0.008377523394987043
6000,0.0,0.0031519234622229535
6001,0.0,0.006731185855270315
6002,0.0,0.0013461931184658345
6003,0.0,0.0
6004,0.0,0.0
6005,0.0,0.0010492079063723746
6006,0.0,0.018400479732580462
6007,0.0,0.03419498195699148
6008,0.0,0.013004594125298344
6009,0.0,0.0013795684733648552
6010,0.0,0.0004578156103768469
6011,0.0,0.0086245158751544
6012,0.0,0.0064752509985576325
6013,0.0,0.0
6014,0.0,0.0
6015,0.0,0.005149342651373737
6016,0.0,0.00036734363762680054
6017,0.0,0.00448507547835419
6018,0.0,0.0
6019,0.0,0.0
6020,0.0,0.0
6021,0.0,0.0
6022,0.0,0.02304402675865101
6023,0.0015747164062349505,0.044827145080839216
6024,0.01757323258971649,0.055797530868332744
6025,0.0,0.06247510808843023
6026,0.0,0.046254199141650146
6027,0.0,0.05207248234479785
6028,0.0,0.04296621331774705
6029,0.006787600030979226,0.05111358788003352
6030,0.0,0.020376677883837374
6031,0.10290113111509296,0.0
6032,0.13320805818484183,0.004972844584612943
6033,0.0,0.03704012500489938
6034,0.0,0.0512112945861025
6035,0.00040761055300282613,0.035622383765801235
6036,0.0,0.01620034968079682
6037,0.0,0.02228946227928704
6038,0.0,0.02746514385548825
6039,0.0,0.0020188361002915728
6040,0.0,0.005213212963866806
6041,0.0,0.00030709196781169293
6042,0.0,0.014607197841518926
6043,0.0,0.0072755548509104585
6044,0.0,0.02443849129572976
6045,0.0,0.04519880329932431
6046,0.0,0.04928857930288915
6047,0.0,0.015516004772626128
6048,0.0012489667857952863,0.00943184172475906
6049,0.0,0.0
6050,0.0,0.003165972890163714
6051,0.0,0.010420602043976523
6052,0.0,0.004437711034637098
6053,0.0,0.004463530978713063
6054,0.0,0.010929909847556632
6055,0.0,0.007411292652839939
6056,0.0,0.013970626099979974
6057,0.0,0.011740153454437897
6058,0.0,0.006032924616698763
6059,0.0,0.0
6060,0.0,0.0
6061,0.0068860917143489546,0.004043925480437474
6062,0.0,0.004010288480990646
6063,0.0,0.025836406608654588
6064,0.0,0.041954813214414056
6065,0.0,0.03360902187408807
6066,0.0,0.0007121302063110644
6067,0.0,0.012542292980434465
6068,0.0007408674256161933,0.03991947769510645
6069,0.0,0.009688006631783113
6070,0.0,0.0040103194319182035
6071,0.0,0.004012765760952278
6072,0.0,0.009466790922648353
6073,0.0,0.027642250626073717
6074,0.0,0.0018891830743256322
6075,0.0,0.0013451803753602423
6076,0.0,0.0
6077,0.0,0.0
6078,0.0,0.0
6079,0.0,0.01410687565300189
6080,0.0,0.04941566563879065
6081,0.003970506289790171,0.04819133534849944
6082,0.0,0.04665425875245345
6083,0.0,0.03409588671820469
6084,0.0,0.05720315332494207
6085,0.0,0.1119512467626753
6086,0.0,0.08092985423893868
6087,0.0,0.028089264588297507
6088,0.0005079781249380013,0.0006895318498096431
6089,0.0,0.03306246001201074
6090,0.0,0.05044940938336421
6091,0.0,0.05361742407571406
6092,0.0,0.011447972454075429
6093,0.0,0.004135806911251506
6094,0.0,0.02776044661309592
6095,0.0,0.022092030875655744
6096,0.0,0.014953194126836777
6097,0.0,0.019349586264711477
6098,0.0,0.011995198046138945
6099,0.0,0.008359497204289216
6100,0.0,0.0
6101,0.0,0.004552880365899244
6102,0.0,0.01285693746634243
6103,0.0,0.020303243826560936
6104,0.0,0.009599571301851182
6105,0.0,0.01651496550297486
6106,0.0,0.005939941207238954
6107,0.0,0.0030658297248546506
6108,0.0,0.006035447550324689
6109,0.0,0.011607922131343325
6110,0.0,0.0037976513862097204
6111,0.0,0.008032867733177188
6112,0.0,0.021410171671083316
6113,0.0,0.007919820704814439
6114,0.0,0.01742392903484543
6115,0.0,0.006261087855873935
6116,0.0,0.0
6117,0.0,0.0
6118,0.0,0.0
6119,0.0,0.002791482026668743
6120,0.0,0.007085937291916648
6121,0.0,0.007885763411820726
6122,0.0,0.015317561191563352
6123,0.0,0.009193835926831293
6124,0.0,0.014023076424887086
6125,0.0,0.005280038164709605
6126,0.0,0.0
6127,0.0,0.0
6128,0.0,0.01196295618247422
6129,0.0,0.052227515953354973
6130,0.0,0.035359454965017606
6131,0.0,0.034186005263753406
6132,0.0,0.0015715448190504282
6133,0.02101021751875948,0.004403519837579896
6134,0.0,0.00440118905933074
6135,0.0,0.009692385292548568
6136,0.0,0.023519639485295087
6137,0.0,0.008462317621099183
6138,0.0,0.005681572268813197
6139,0.0,0.006447741316729156
6140,0.0,0.056012428929989075
6141,0.0,0.11000025790570248
6142,0.0,0.0380096402130556
6143,0.0,0.0339820541673773
6144,0.0,0.005198954312253305
6145,0.0,0.007416381721424346
6146,0.0,0.029593009102726272
6147,0.0,0.0271491879825867
6148,0.0,0.04982233804601413
6149,0.0,0.016980830598631143
6150,0.0,0.017240057953327642
6151,0.0,0.01794855264423613
6152,0.0,0.005200982847910299
6153,0.0,0.0076601453193799185
6154,0.0,0.020127538106436114
6155,0.0,0.016483845455234986
6156,0.0,0.015160662231342464
6157,0.0,0.014298686007904135
6158,0.0,0.008429556161745578
6159,0.0,0.002111091090984904
6160,0.0,0.01637250102743801
6161,0.0,0.0017979120990734407
6162,0.0,0.003330203318868459
6163,0.0,0.004677031181903615
6164,0.0,0.0
6165,0.0,0.0
6166,0.0,0.0050615727745462165
6167,0.0,0.010283437680909528
6168,0.0,0.009055339665637123
6169,0.0,0.0
6170,0.0,0.018449305046776585
6171,0.0,0.010828224294274756
6172,0.0,0.0018541671136038198
6173,0.0,0.0
6174,0.0,0.0
6175,0.0,0.0
6176,0.0,0.004553380054072312
6177,0.0,0.0009718878637038577
6178,0.0,0.01172436808011268
6179,0.0,0.007762420637581
6180,0.0,0.0016232524834255099
6181,0.0,0.0
6182,0.0,0.0
6183,0.0,0.002633640985224746
6184,0.0,0.0007821626798772226
6185,0.0,0.00388709966206547
6186,0.0,0.01812455114054147
6187,0.0,0.02281306765374115
6188,0.0,0.010570448316445743
6189,0.0,0.0
6190,0.0,0.0
6191,0.0,0.0
6192,0.0,0.0
6193,0.0,0.012084593007615354
6194,0.0,0.005533167509325885
6195,0.0,0.004192383918593307
6196,0.0,0.0015009868674843412
6197,0.0,0.02924980962181819
6198,0.0,0.016212671798129182
6199,0.0,0.03938202480482735
6200,0.0,0.010908521370605377
6201,0.0,0.02643756088380403
6202,0.0,0.023062557849542118
6203,0.0,0.010429796466001314
6204,0.0,0.007197119193643516
6205,0.0006901215511545497,0.046773028029458145
6206,0.0,0.10519591975368503
6207,0.0,0.007400529429148336
6208,0.0,0.006345973824775247
6209,0.0,0.01297407176882179
6210,0.0,0.012032950662059425
6211,0.0,0.015170022679846759
6212,0.0,0.0
6213,0.0,0.0
6214,0.0,0.005694599297026966
6215,0.0,0.025666216550895706
6216,0.0,0.037174371647532206
6217,0.12082551646684463,0.005742766670749165
6218,0.002322831808618734,0.0
6219,0.0,0.0003500562803787292
6220,0.0,0.008580837184722613
6221,0.0,0.0007043967181948808
6222,0.0,0.001150589153964769
6223,0.0,0.006858863847449696
6224,0.0,0.004710475221819878
6225,0.0,0.0
6226,0.0,0.0
6227,0.0,0.0049429776103253956
6228,0.0,0.003741345035650072
6229,0.0,0.0026983096550390676
6230,0.0,0.0
6231,0.0,0.0
6232,0.0,0.0
6233,0.0,0.0035841280952612045
6234,0.0,0.02012689241651361
6235,0.0,0.05515457746972719
6236,0.0,0.014990340682751988
6237,0.0,0.00401144031097939
6238,0.0,0.004010606793069277
6239,0.0,0.008311845467759638
6240,0.0,0.017391489743032968
6241,0.0,0.0
6242,0.0,0.005354590380008659
6243,0.0,0.038996201237988394
6244,0.0011294230482078952,0.02293714586412257
6245,0.0,0.008164291149275657
6246,0.0,0.0040102677049493165
6247,0.0,0.0046761156333160175
6248,0.0,0.008469485827625913
6249,0.0,0.0074421729177739015
6250,0.0,0.0
6251,0.0,0.004555109382624303
6252,0.0,0.0
6253,0.0,0.02499007418794724
6254,0.0,0.009912918566040804
6255,0.0,0.016591377204154642
6256,0.0,0.01541181072714093
6257,0.00013976372985286046,0.03607947170642768
6258,0.0,0.017327688128702428
6259,0.0,0.01058078310961461
6260,0.0,0.012852403656756078
6261,0.0,0.01911313759858568
6262,0.0,0.02993314082227823
6263,0.0,0.0010625424363050026
6264,0.0,0.01078320348567445
6265,0.0,0.01898014475627137
6266,0.0,0.00956366294565996
6267,0.0,0.01772436774197976
6268,0.0,0.0
6269,0.0,0.0
6270,0.0,0.0
6271,0.0,0.01676457878172926
6272,0.00038814690700106385,0.012816527869834449
6273,0.0,0.0071372379584134305
6274,0.0,0.0
6275,0.0,0.004138162525978924
6276,0.0,0.0006060975950814286
6277,0.00016495063373954437,0.025273502767350884
6278,0.0,0.004379994618129248
6279,0.0,0.0037358958147321844
6280,0.0,0.00909307617962955
6281,0.0,0.0
6282,0.0,0.0
6283,0.0,0.00494173746469352
6284,0.0,0.0
6285,0.0,0.0028342458947418474
6286,0.0,0.005422895858739657
6287,0.0,0.01087820373182934
6288,0.0,0.004077237280781843
6289,0.0,0.0
6290,0.0,0.020350566474401206
6291,0.0,0.033305307410314636
6292,0.0,0.023425435028090386
6293,0.04413200863921271,0.0
6294,0.23087214543789247,0.0
6295,0.0,0.01277424528751011
6296,0.0,0.04878482188054498
6297,0.0,0.007818936506310057
6298,0.0,0.006484136080285983
6299,0.0,0.0
6300,0.0,0.0019911457161524045
6301,0.0,0.004422034372235888
6302,0.0,0.009491478142344712
6303,0.0,0.011540979957897315
6304,0.0,0.007074631690622566
6305,0.0,0.0
6306,0.0,0.0
6307,0.0,0.00455373697456605
6308,0.0,0.0
6309,0.0,0.020965349043236537
6310,0.0,0.05114147788345909
6311,0.0,0.055241936439843035
6312,0.0,0.01700927156714752
6313,0.0,0.01253384279390781
6314,0.0,0.010344791420302408
6315,0.0,0.050347291591916095
6316,0.0006820065121591122,0.012772839759088493
6317,0.0,0.004795486582559247
6318,0.0,0.004793334825953935
6319,0.0,0.002516344542505345
6320,0.0,0.013444761928981384
6321,0.0,0.032152133111926814
6322,0.0,0.03916048515889108
6323,0.0,0.028410176664546823
6324,0.0,0.0
6325,0.0,0.0
6326,0.0,0.0026708760189637333
6327,0.0016765700481450264,0.011067463142970805
6328,0.0,0.0
6329,0.0,0.004965515747340651
6330,0.0,0.0
6331,0.0,0.0008004994749056996
6332,0.0,0.00034926027118318414
6333,0.0,0.01965194030711972
6334,0.0,0.01936524972521264
6335,0.0002514522069642564,0.02155840751132945
6336,0.0019479674266128534,0.025368791784044664
6337,0.00015114337564165514,0.005073781486851223
6338,0.0,0.014927514196602876
6339,0.0,0.014806843169448655
6340,0.0,0.004916409004905702
6341,0.0,0.004009854390354876
6342,0.0,0.0050068810510485685
6343,0.0,0.008991913215355753
6344,0.0,1.534061499454604e-05
6345,0.0,0.0
6346,0.0,0.0
6347,0.0005227649591993093,0.004554037778853682
6348,9.687421444375889e-05,0.004135059950899022
6349,0.31639157369247306,0.0030813091260215785
6350,0.0,0.0074453791601394575
6351,0.0,0.004795627478915374
6352,0.0,0.0
6353,0.0,0.002396340591165828
6354,0.0,0.0022201021520413962
6355,0.0,0.0
6356,0.0,0.0045847666810590075
6357,0.0,0.000642690419112207
6358,0.0,0.010406621955574936
6359,0.0,0.006371820081346381
6360,0.0,0.0
6361,0.0,0.0
6362,0.0,0.003959525127197244
6363,0.0,0.007307882928765159
6364,0.0,0.0054510164969803375
6365,0.0,0.02473274357365454
6366,0.0,0.023581904339283
6367,0.0,0.02491490612885393
6368,0.0,0.009086414541370682
6369,0.0,0.014916441095524377
6370,0.0,0.05598724488246114
6371,0.004016904896485746,0.002175964495977288
6372,0.0,0.01112812988491621
6373,0.0,0.013699143695699537
6374,0.0,0.025551007775935563
6375,0.0,0.03505714582387646
6376,0.0,0.029505599308835215
6377,0.0,0.0209044028142831
6378,0.0,0.007580143660675418
6379,0.0,0.0
6380,0.0,0.0
6381,0.0,0.02416015505663865
6382,0.0,0.03315227960720488
6383,0.0,0.0
6384,0.0,0.008767772965159635
6385,0.0,0.016573947772481088
6386,0.0,0.010283441453616624
6387,0.0,0.0
6388,0.0,0.0
6389,0.0,0.0066509646161596585
6390,0.0009195117827094877,0.019855891907082864
6391,0.004800677339547897,0.0305917856403373
6392,0.0,0.00512458874073909
6393,0.0,0.016198333301261043
6394,0.0,0.025770492531676986
6395,0.0,0.0012831694269131947
6396,0.0,0.0
6397,0.0,0.0
6398,0.0,0.0015236496823391146
6399,0.0,0.00354722891491491
6400,0.0,0.0
6401,0.0,0.0
6402,0.0,0.002519970869620729
6403,0.0,0.005509848557406826
6404,0.0,0.00027671177543897254
6405,0.004601234607077508,0.002217344790779891
6406,0.025950469910628216,0.011940121682207643
6407,0.0,0.0
6408,0.0,0.00027386990135141364
6409,0.0008352705966727962,0.014625277657558552
6410,0.0,0.00949069620028506
6411,0.0,0.004903324668190237
6412,0.0,0.00401053690528936
6413,0.0,0.004019763460224855
6414,0.0,0.013123358783151065
6415,0.0,0.030430888947748824
6416,0.0,0.006222455961542235
6417,0.0,0.004432016514878364
6418,0.0,0.0014683694772169619
6419,0.0,0.02603418772645041
6420,0.0,0.016804093162536633
6421,0.0,0.01165122779697649
6422,0.0,0.01485067331470723
6423,0.0,0.006844320521970106
6424,0.0,0.017501906499449542
6425,0.011341850281065434,0.03708843486623656
6426,0.0,0.006404865359273619
6427,0.0,0.010340551337689602
6428,0.0,0.030934421397255177
6429,0.0,0.042049075060783835
6430,0.0,0.0004904470423205117
6431,0.0,0.0062541326058878815
6432,0.0,0.004513071512446409
6433,0.0,0.00958880189505461
6434,0.0,0.008394167133038314
6435,0.0,0.0
6436,0.0,0.008102701982586929
6437,0.0,0.037275448189994655
6438,0.0,0.008001889344194279
6439,0.0,0.007094290919552843
6440,0.0,0.0042003503234440695
6441,0.0,0.00798340631297179
6442,0.0,0.010206079800595251
6443,0.0,0.014779927679336093
6444,0.0,0.012857600360741324
6445,0.0,0.00041975155370473327
6446,0.0,0.007255284215454656
6447,0.0,0.004009872221735395
6448,0.0,0.007815532923120861
6449,0.0,0.018531637921878997
6450,0.0,0.004009827884071799
6451,0.0,0.010976650186212864
6452,0.0,0.0034476101528514436
6453,0.0,0.0
6454,0.0,0.0
6455,0.0,0.0029750571637912207
6456,0.002893929548955522,0.006948369361016728
6457,0.010174009633013232,0.015086797210725289
6458,0.02509528958854543,0.03508715932241798
6459,0.0,0.0
6460,0.023115286487981213,0.0
6461,0.2420777767317806,0.009747240444602548
6462,0.059670197583308,0.0069040017758918845
6463,0.0,0.0
6464,0.0002533956918108651,0.0012178578650846865
6465,6.963143300544218e-05,0.018855786811817224
6466,0.0,0.0074189837499762075
6467,0.0,0.0
6468,0.0,0.0
6469,0.0,0.006525625393764674
6470,0.0,0.004884839978533532
6471,0.0,0.032446110465619335
6472,0.0,0.017860593556803032
6473,0.0,0.014202494794342008
6474,0.0,0.00598815828343059
6475,0.001102579078521235,0.013395243296461795
6476,0.0,0.004803438437559732
6477,0.0,0.010130292314109607
6478,0.0,0.03667984385374232
6479,0.0,0.018910764320870316
6480,0.0,0.020881320442310475
6481,0.0,0.049267270131924036
6482,0.0,0.012535016186070707
6483,0.0,0.011926284806533642
6484,0.0,0.0020697422287792823
6485,0.0,0.0040645277567840955
6486,0.0,0.008551484060363088
6487,0.0,0.00830262732083936
6488,0.0,0.004009944893364778
6489,0.0,0.003863490801242922
6490,0.0,0.0
6491,0.0,0.00525496133471331
6492,0.0,0.009229672705025756
6493,0.0,0.0022872014969513473
6494,0.0,0.008887988213596112
6495,0.0,0.021869799215714213
6496,0.0,0.0059949047731874825
6497,0.0,0.0
6498,0.0,0.00023797459072332503
6499,0.0,0.006868547689861715
6500,0.0,0.000155727157379833
6501,0.0,0.006108836996472836
6502,0.0,0.006105945727404809
6503,0.0,0.0036801383776947447
6504,0.0,0.005331282889999331
6505,0.0,0.0
6506,0.0,0.0042715562225108
6507,0.0,0.0
6508,0.0,0.0010084026451018509
6509,0.019021266686587317,0.011822234698268236
6510,0.0,0.0
6511,0.0,0.0
6512,0.0,0.0035177588028597957
6513,0.0,0.0050332024129169034
6514,0.0,0.004476208230193549
6515,0.0,0.001939123867311864
6516,0.0,0.004554540131400576
6517,0.0,0.04449031770120232
6518,0.0011531548044755406,0.062826224885632
6519,0.0,0.02059682290535626
6520,0.0,0.008380223390001591
6521,0.023996245812839167,0.029859309460387735
6522,0.0,0.039099810781671594
6523,0.02746793312938073,0.030903295201221512
6524,0.0,0.03696597935406797
6525,0.0,0.03827001282665665
6526,0.0,0.055125634525770996
6527,0.0,0.02176918860548693
6528,0.0005869605102237963,0.0034896389783537103
6529,0.0,0.005853456288044009
6530,0.0,0.0
6531,0.0,0.008255024677723256
6532,0.0,0.004009892990412181
6533,0.0,0.022070207340008047
6534,0.0,0.04847455250110645
6535,0.0,0.004697591240846117
6536,0.0004529640812586462,0.0
6537,0.0,0.021448738230546667
6538,0.0,0.007825122332425234
6539,0.0,0.0025181050003423846
6540,0.0,0.0
6541,0.0,0.004005059942288298
6542,0.0,0.011009244522357527
6543,0.0,0.015703973904170523
6544,0.0,0.002809138253885803
6545,0.0,0.006256088837136306
6546,0.0,0.0014246064901914113
6547,0.0,0.005828267070273308
6548,0.0,0.0038742929024057596
6549,0.0,0.0
6550,0.0,0.007567815032376179
6551,0.0014176648155307375,0.05416122316893961
6552,0.0,0.0765751086562983
6553,0.00033265339805779595,0.04833818253503308
6554,0.0053763017245236485,0.05193655948554844
6555,0.0,0.04118309599174017
6556,0.0,0.044785467139471985
6557,0.027260846141775368,0.015615479097000819
6558,0.013575245198815427,0.009626805357827051
6559,0.0,0.00926571295932295
6560,0.0,0.012906160006051506
6561,0.0,0.021987221119932936
6562,0.0,0.024627057970869337
6563,0.0,0.005645279148661759
6564,0.0,0.004713709133025364
6565,0.0,0.003348119724369409
6566,0.0,0.0
6567,0.0,0.005653415761566122
6568,0.0,0.006471413107577711
6569,0.0,0.0043503119556014
6570,0.0,0.003822129027537316
6571,0.0,0.030991752198008916
6572,0.0,0.020925680041805835
6573,0.0,0.00423562476187087
6574,0.0,0.00401034811817677
6575,0.0,0.001003105743508607
6576,0.0,0.0010990446720487712
6577,0.0,0.004167965919297153
6578,0.0,0.0021740416814849907
6579,0.0,0.004551509683067869
6580,0.0,0.004010392883352143
6581,0.0,0.008653212515179629
6582,0.0,0.01279010901868921
6583,0.0,0.014106270620996914
6584,0.0,0.020585626143077042
6585,0.0,0.04458139313721639
6586,0.0,0.07072239435416096
6587,0.0,0.050416901042982055
6588,0.0004399351156338583,0.050449682035274994
6589,0.0,0.02531114408155367
6590,0.0,0.036401172821317454
6591,0.0,0.028900040622096078
6592,0.0,0.008194972188879265
6593,0.0,0.02206272917797254
6594,0.0,0.011262470802051254
6595,0.0,0.00437074885947913
6596,0.0,0.00948037341112895
6597,0.0,0.006804583293461248
6598,0.0,0.0003869558587097306
6599,0.0,0.0
6600,0.0,0.003378483638682008
6601,0.0,0.005440352515265704
6602,0.0,0.004170055956982597
6603,0.0,0.0018940428478936393
6604,0.0,0.006608107291761599
6605,0.0,0.004554706563781748
6606,0.0,0.0
6607,0.0,0.0011575396038510314
6608,0.0,0.004349789831336278
6609,0.0,0.007981056915889182
6610,0.0,0.0
6611,0.0,0.0
6612,0.0,0.004622434430194748
6613,0.0,0.022342545640142323
6614,0.019214217004431086,0.026249516071910624
6615,0.004444591380479136,0.03339413170444681
6616,0.0,0.04088394152732304
6617,0.0,0.05377471728976569
6618,0.0012659870868006963,0.06263177435218695
6619,0.0020850531273443563,0.06164546312830407
6620,0.00015445358920816412,0.047273219286524774
6621,0.0,0.05023164941423237
6622,0.0,0.07483488700117484
6623,0.0010208616816491118,0.057307760000781596
6624,0.0,0.00431749755966925
6625,0.0,0.011769978277556896
6626,0.0,0.0037237119893060583
6627,0.0,0.0
6628,0.0029542310540892087,0.012285461987628424
6629,0.00025680363053159417,0.04546274710033859
6630,0.0,0.0030935138534702684
6631,0.0,0.0
6632,0.0,0.0
6633,0.0,0.0
6634,0.0,0.0
6635,0.0,0.004668296615974275
6636,0.0,0.004555388327010101
6637,0.0,0.001166161851081262
6638,0.0,0.006341608954433673
6639,0.0,0.0040389674721722
6640,0.0,0.010968429581287104
6641,0.0,0.0
6642,0.0,0.0
6643,0.0,0.014555953466982406
6644,0.0,0.013049396528990126
6645,0.0,0.00663889229437828
6646,0.0,0.010891396594870614
6647,0.0,0.005104477480726837
6648,0.0,0.020811069547379223
6649,0.0,0.03348223905192274
6650,0.0,0.08102472507254851
6651,0.0018220987908408788,0.06970573124341893
6652,0.0,0.04358477948250397
6653,0.0,0.05777095090237726
6654,0.0,0.06367545607187695
6655,0.0011726476313728654,0.03246327946984087
6656,0.0,0.008285656901529935
6657,0.0,0.00404436699917042
6658,0.0,0.016511319670560597
6659,0.002673508312281111,0.01455358224377084
6660,0.0,0.03182211828710594
6661,0.0,0.012747801143977557
6662,0.0,0.0
6663,0.0002864615768589002,0.0
6664,0.0,0.0
6665,0.0,0.007024594446472389
6666,0.0,0.008188592302613417
6667,0.0,0.005684886934020414
6668,0.0,0.004900750040343026
6669,0.0,0.003944263077609716
6670,0.0,0.0035018489718940055
6671,0.0,0.011536218611390436
6672,0.0,0.004135927059465912
6673,0.0,0.0025030907307549174
6674,0.0,0.00455540989636784
6675,0.0,0.0
6676,0.0,0.022669809965659076
6677,0.0038443126760146205,0.06717256630272035
6678,0.0,0.0593230033084555
6679,0.0,0.028429911178565786
6680,0.0,0.03600015120692699
6681,0.0009730588294237142,0.020217094473426362
6682,0.0,0.003412464551637292
6683,0.0,0.0
6684,0.0,0.007519720240721088
6685,0.0,0.020956941956125803
6686,0.0,0.012266361545609169
6687,0.0,0.0018381036629396012
6688,0.0,0.00024588021374474307
6689,0.0,0.0
6690,0.0,0.00415211123846648
6691,0.0,0.0
6692,0.0,0.004861749573049788
6693,0.0,0.026613504242109242
6694,0.0,0.025142566621341428
6695,0.0,0.004555578352858528
6696,0.0,0.010838209903092427
6697,0.0,0.005347613077478926
6698,0.0,0.0
6699,0.0,0.0
6700,0.0,0.007348120914282152
6701,0.0,0.0
6702,0.0,0.008629372542514419
6703,0.0,0.004297550129885633
6704,0.0,0.019293995803377203
6705,0.0,0.013643621277892507
6706,0.0,0.0
6707,0.0,0.018556099980998605
6708,0.0,0.0
