cell_id,pct_residential,pct_industrial_commercial,pct_green_farm
0,0.0,0.0,0.0
1,0.0,0.0,0.0
2,0.0,0.0,0.0
3,0.0,0.0,0.0
4,0.0,0.0,0.6044206863593758
5,0.0,0.0,0.5523542904615603
6,0.0,0.0,0.5163828779026182
7,0.0,0.0,0.0
8,0.0,0.0,0.0
9,0.0,0.0,0.0
10,0.0,0.0,0.0
11,0.0,0.0,0.0
12,0.0,0.0,0.1879274762191767
13,0.0,0.0,0.8341281350138693
14,0.0,0.0,0.46800229887744205
15,0.0,0.0,0.0
16,0.0,0.0,0.0
17,0.0,0.0,0.0
18,0.0,0.0,0.0
19,0.0,0.0,0.0
20,0.0,0.0,0.0
21,0.0,0.0,0.0
22,0.0,0.0,0.0
23,0.0,0.0,0.0
24,0.0,0.0,0.0
25,0.0,0.0,0.0
26,0.0,0.0,0.07856129305885151
27,0.0,0.0,0.0
28,0.0,0.0,0.0
29,0.0,0.0,0.0
30,0.0,0.0,0.0
31,0.0,0.0,0.0
32,0.0,0.0,0.0
33,0.0,0.0,0.0
34,0.0,0.0,0.0
35,0.0,0.0,0.0
36,0.0,0.0,0.0
37,0.0,0.0,0.0
38,0.0,0.0,0.0
39,0.0,0.0,0.0
40,0.0,0.0,0.0
41,0.0,0.0,0.0
42,0.0,0.0,0.0
43,0.0,0.0,0.0
44,0.0,0.0,0.0
45,0.0,0.0,0.0
46,0.0,0.0,0.0
47,0.0,0.0,0.0
48,0.0,0.0,0.0
49,0.0,0.0,0.0
50,0.0,0.0,0.0
51,0.0,0.0,0.0
52,0.0,0.0,0.0
53,0.0,0.0,0.0
54,0.0,0.0,0.0
55,0.0,0.0,0.0
56,0.0,0.0,0.0
57,0.0,0.0,0.0
58,0.0,0.0,0.0
59,0.0,0.0,0.0
60,0.0,0.0,0.0
61,0.0,0.0,0.0
62,0.0,0.0,0.0
63,0.0,0.0,0.0
64,0.0,0.0,0.0
65,0.0,0.0,0.0
66,0.0,0.0,0.0
67,0.0,0.0,0.0
68,0.0,0.0,0.0
69,0.0,0.0,0.0
70,0.0,0.0,0.0
71,0.0,0.0,0.0
72,0.0029992279237594523,0.0,0.0
73,0.5091005747091878,0.0,0.0
74,0.3344858866512313,0.0,0.0
75,0.0,0.0,0.0
76,0.0,0.0,0.0
77,0.0,0.0,0.0
78,0.0,0.0,0.0
79,0.0,0.0,0.0
80,0.0,0.0,0.0
81,0.0,0.0,0.0
82,0.0,0.0,0.0
83,0.0,0.0,0.0
84,0.0,0.0,0.0
85,0.0,0.0,0.0
86,0.0,0.0,0.0
87,0.0,0.0,0.0
88,0.0,0.0,0.0
89,0.9798277226818518,0.0,0.0
90,0.44231245427967414,0.0,0.0
91,0.14958608072534438,0.0,0.0
92,0.0,0.0,0.0
93,0.0,0.0,0.0
94,0.0,0.0,0.0
95,0.0,0.0,0.0
96,0.5192109342483013,0.0,0.0
97,0.11773509395093155,0.0,0.0
98,0.0,0.0,0.0
99,0.0,0.0,0.0
100,0.0,0.0,0.0
101,0.0,0.0,0.0
102,0.0,0.0,0.0
103,0.0,0.0,0.0
104,0.0,0.0,0.0
105,0.0,0.0,0.0
106,0.0,0.0,0.0
107,0.0,0.0,0.0
108,0.0,0.0,0.0
109,0.0,0.0,0.0
110,0.0,0.0,0.0
111,0.0,0.0,0.0
112,0.0,0.0,0.7906672601438061
113,0.0,0.0,0.0
114,0.0,0.0,0.0
115,0.41920236319652304,0.0,0.0
116,0.0355174907548799,0.0,0.007224646451557199
117,0.0,0.0,0.0
118,0.0,0.0,0.0
119,0.0,0.0,0.0
120,0.0,0.0,0.0
121,0.0,0.0,0.0
122,0.0,0.0,0.0
123,0.0,0.0,0.0
124,0.0,0.0,0.0
125,0.0,0.0,0.0
126,0.0,0.0,0.0
127,0.0,0.0,0.0
128,0.0,0.0,0.0
129,0.0,0.0,0.0
130,0.0,0.0,0.0
131,0.0,0.0,0.0
132,0.0,0.0,0.0
133,0.0,0.0,0.0
134,0.0,0.0,0.0
135,0.0,0.0,0.0
136,0.0,0.0,0.0
137,0.0,0.0,0.0
138,0.0,0.0,0.8766631938040008
139,0.0,0.0,0.5982323267109462
140,0.0,0.0,0.031491567242564036
141,0.0,0.0,0.0
142,0.0009344380654788326,0.0,0.0
143,0.0,0.0,0.0
144,0.0,0.0,0.0
145,0.0,0.0,0.0
146,0.0,0.0,0.0
147,0.0,0.0,0.0
148,0.0,0.0,0.0
149,0.0,0.0,0.0
150,0.0,0.0,0.0
151,0.0,0.0,0.0
152,0.0,0.0,0.0
153,0.0,0.0,0.0
154,0.0,0.0,0.0
155,0.0,0.0,0.0
156,0.0,0.0,0.0
157,0.0,0.0,0.0
158,0.01269898004847025,0.0,0.0
159,0.04908573824568149,0.0,0.0
160,0.0,0.0,0.0
161,0.0,0.0,0.0
162,0.0,0.0,0.0
163,0.0,0.0,0.0
164,0.0,0.0,1.0
165,0.0,0.0,1.0000000000000002
166,0.0,0.0,1.0
167,0.0,0.0,0.34094632019531496
168,0.2754556434726603,0.0,0.0
169,0.11573311006212829,0.0,0.0
170,0.0,0.0,0.0
171,0.0,0.0,0.0
172,0.0,0.0,0.0
173,0.0,0.0,0.0
174,0.0,0.0,0.0
175,0.0,0.0,0.0
176,0.17707082417216383,0.0,0.0
177,0.3662793396790272,0.0,0.0
178,0.09441038753905752,0.0,0.0
179,0.0,0.0,0.0
180,0.0,0.0,0.0
181,0.0,0.0,0.0
182,0.0,0.0,0.0
183,0.0,0.0,0.0
184,0.04836698954269065,0.0,0.0
185,0.18638264419430464,0.0,0.0
186,0.00047618655870801385,0.0,0.0
187,0.0,0.0,0.0
188,0.0,0.0,0.0
189,0.0,0.0,0.0
190,0.0,0.0,0.0
191,0.0,0.0,1.0
192,0.0,0.0,0.9999999999999999
193,0.0,0.0,1.0
194,0.0,0.0,0.8388014990972203
195,0.225808417237794,0.0,0.13991922765954626
196,0.0,0.0,0.0
197,0.0,0.0,0.0
198,0.0,0.0,0.0
199,0.0,0.0,0.0
200,0.0,0.0,0.0
201,0.0,0.0,0.0
202,0.15857472550009244,0.0,0.0
203,0.9710551664137521,0.0,0.0
204,0.9914236638304288,0.0,0.0
205,0.5139969934042287,0.05277314302326034,0.0
206,0.007479059661282924,0.16080557402217274,0.0
207,0.0,9.144586725968395e-05,0.0
208,0.0,0.17331804660768527,0.0
209,0.0,0.0,0.0
210,0.0,0.0,0.0
211,0.0,0.0,0.0
212,0.0,0.0,0.0
213,0.0,0.0,0.0
214,0.0,0.0,0.0
215,0.0,0.0,1.0000000000000002
216,0.0,0.0,1.0
217,0.0,0.0,1.0
218,0.0,0.0,0.856422582594485
219,0.018267918923048333,0.0,0.09423072217199785
220,0.0997910622914274,0.0,0.0
221,0.0036660951047756724,0.0,0.0
222,0.00027957764363873306,0.0,0.0
223,0.0,0.0,0.0
224,0.0,0.0,0.0
225,0.0,0.0,0.0
226,0.19397843082107794,0.0,0.0
227,0.35280690956494504,0.0,0.0
228,0.526515389156895,0.0,0.0
229,0.22289120818377925,0.1672864853608532,0.0
230,0.00160861324854442,0.30198600181871693,0.0
231,0.0,0.0,0.0
232,0.0,0.0,0.0
233,0.0,0.0,0.0
234,0.0,0.0,0.0
235,0.0,0.0,0.0
236,0.0,0.0,0.0
237,0.0,0.0,0.0
238,0.0,0.0,0.0
239,0.0,0.0,1.0
240,0.0,0.0,1.0000000000000002
241,0.0,0.0,0.9656644152046978
242,0.0,0.0,0.7983808179992706
243,0.0,0.0,0.9247934748764647
244,0.0,0.0,0.05874253725483625
245,0.0,0.0,0.0
246,0.8471883581656745,0.0,0.0
247,0.5961108295925333,0.0,0.0
248,0.0,0.0,0.0
249,0.0,0.0,0.0
250,0.0,0.0,0.0
251,0.0,0.0,0.0
252,0.0,0.0,0.0
253,0.0006580824420505242,0.0,0.0
254,0.0,0.0,0.0
255,0.0,0.0,0.0
256,0.0,0.0,0.0
257,0.0,0.0,0.0
258,0.016764288463500972,0.14215347551458796,0.0
259,0.0,0.0,0.0
260,0.0,0.0,0.0
261,0.0,0.0,0.0
262,0.0,0.0,0.0
263,0.0,0.0,0.0
264,0.0,0.0,0.9999999999999999
265,0.0,0.0,0.4362005396501991
266,0.0,0.0,0.5420081548891604
267,0.0,0.0,0.0581490632313701
268,0.0,0.0,0.011386231169178463
269,0.0,0.0,0.5504621367316892
270,0.0,0.0,0.026559960898371426
271,0.0,0.0,0.0
272,0.0799886425657153,0.0,0.0
273,0.009411496458182315,0.0,0.0
274,0.0,0.0,0.0
275,0.0,0.0,0.0
276,0.0,0.0,0.0
277,0.0,0.0,0.0
278,0.0,0.0,0.0
279,0.0,0.0,0.0
280,0.0,0.0,0.0
281,0.0,0.0,0.0
282,0.0,0.0,0.0
283,0.0,0.0,0.0
284,0.0,0.0,0.0
285,0.0,0.0,0.0
286,0.0,0.0,0.0
287,0.0,0.0,0.0
288,0.0,0.0,0.0
289,0.0,0.0,0.0
290,0.0,0.0,0.0
291,0.0,0.0,0.7859701940977375
292,0.0,0.0,0.19938514021980963
293,0.0,0.0,0.0039390933327459665
294,0.09505178288271864,0.0,0.0
295,0.12747740831859414,0.0,0.0
296,0.0,0.0,0.0
297,0.0,0.0,0.0
298,0.0,0.0,0.0
299,0.0,0.0,0.0
300,0.0,0.0,0.0
301,0.0036647973319793564,0.0,0.0
302,0.1334895803837502,0.0,0.0
303,0.3893275585986465,0.0,0.0
304,0.6054569511127653,0.0,0.0
305,0.1649749902754807,0.0,0.0
306,0.0,0.0,0.0
307,0.0,0.0,0.0
308,0.0,0.0,0.0
309,0.0,0.0,0.0
310,0.0,0.0,0.0
311,0.0,0.0,0.0
312,0.0,0.0,0.0
313,0.0,0.0,0.0
314,0.0,0.0,0.0
315,0.0,0.0,0.0
316,0.0,0.0,0.0
317,0.0,0.0,0.0
318,0.0,0.0,0.0
319,0.0,0.0,0.48727537661534126
320,0.0,0.0,0.0
321,0.0,0.0,0.04678324124770712
322,0.16675063568022544,0.0,0.0
323,0.17264775327020992,0.0,0.0
324,0.0,0.0,0.0
325,0.0,0.0,0.0
326,0.0,0.0,0.0
327,0.0,0.0,0.0
328,0.0,0.0,0.0
329,0.07810128252391238,0.0,0.0
330,0.924647600248969,0.0,0.0
331,0.9999999999999999,0.0,0.0
332,1.0,0.0,0.0
333,0.8739392275527309,0.0,0.0
334,0.02036955913120093,0.0,0.0
335,0.0,0.0,0.0
336,0.0,0.0,0.0
337,0.0,0.0,0.0
338,0.0,0.0,0.0
339,0.0,0.0,0.0
340,0.0,0.0,0.0
341,0.0,0.0,0.0
342,0.0,0.0,0.0
343,0.0,0.0,0.0
344,0.0,0.0,0.0
345,0.0,0.0,0.0
346,0.0,0.0,0.0
347,0.0,0.0,0.0
348,0.0,0.0,0.8596902582226464
349,0.0,0.0,0.6396034915130335
350,0.0,0.0,0.834864232729431
351,0.0,0.0,0.06871769835130154
352,0.0,0.0,0.0
353,0.0,0.0,0.0
354,0.0,0.0,0.0
355,0.0,0.0,0.0
356,0.0,0.0,0.0
357,0.0,0.0,0.0
358,0.26318288009855006,0.0,0.0
359,0.915197783833297,0.0,0.0
360,1.0,0.0,0.0
361,0.9999999999999998,0.0,0.0
362,0.7920353638123397,0.0,0.0
363,0.21768725139421533,0.0,0.0
364,0.0,0.0,0.0
365,0.0,0.0,0.0
366,0.0,0.0,0.0
367,0.0,0.0,0.0
368,0.0,0.0,0.0
369,0.0,0.0,0.0
370,0.0,0.0,0.0
371,0.0,0.0,0.0
372,0.0,0.0,0.0
373,0.0,0.0,0.0
374,0.0,0.0,0.0
375,0.0,0.0,0.0
376,0.0,0.0,0.0
377,0.0,0.0,0.0
378,0.0,0.0,0.0
379,0.0,0.0,0.9849508787169831
380,0.0,0.0,0.2801580099589964
381,0.0,0.0,0.0
382,0.0,0.0,0.0
383,0.0,0.0,0.0
384,0.0,0.0,0.0
385,0.0,0.0,0.0
386,0.0,0.0,0.0
387,0.0,0.0,0.0
388,0.37113746680657167,0.0,0.011784490862584289
389,1.0,0.0,0.016469672829431018
390,1.0000000000000002,0.0,0.0
391,1.0,0.0,0.0
392,0.9375442135379259,0.0,0.0
393,0.6248194722976315,0.0,0.0
394,0.0,0.0,0.0
395,0.0,0.0,0.0
396,0.0,0.0,0.0
397,0.0,0.0,0.0
398,0.0,0.0,0.0
399,0.0,0.0,0.0
400,0.0,0.0,0.0
401,0.0009976032422569674,0.0,0.0
402,0.01951546218833311,0.0,0.0
403,0.27646871554257085,0.0,0.0
404,0.1340582573297429,0.0,0.0
405,0.0,0.0,0.0
406,0.0002615055408032583,0.0,0.0
407,0.09707527138784743,0.0,0.0
408,0.0019174831364285386,0.0,0.0
409,0.0,0.0,0.0
410,0.0,0.0,0.0
411,0.0,0.0,0.0
412,0.0,0.0,0.0
413,0.0,0.0,1.0
414,0.0,0.0,0.6054630702174709
415,0.0,0.0,0.0
416,0.0,0.0,0.0
417,0.0,0.0,0.0
418,0.0,0.0,0.0
419,0.0,0.012831613549628647,0.006365568552348338
420,0.0,0.0,0.0
421,0.0,0.0,0.0
422,0.012881330028039912,0.0,0.0
423,0.874594510767076,0.0,0.0025836728080030967
424,0.7698810008136153,0.21927488453029423,0.0
425,0.3902290421065902,0.3368663826753915,0.0
426,0.004253015278001,0.0,0.0
427,0.0,0.0,0.0
428,0.0,0.0,0.0
429,0.0,0.0,0.0
430,0.0,0.0,0.0
431,0.0,0.0,0.0
432,0.0,0.0,0.0
433,0.09313180133183924,0.0,0.0
434,0.2728305628484033,0.0,0.0
435,0.7836483609896369,0.0,0.0
436,0.7978273968560936,0.0,0.0
437,0.9693970704503615,0.0,0.0
438,0.7031549084243849,0.0,0.0
439,0.521244720196063,0.0,0.0
440,0.6506514145973168,0.0,0.0
441,0.8712515667837132,0.0,0.0
442,0.08639234381413242,0.0053597878948123965,0.0
443,0.014807010978589304,0.0,0.0
444,0.0,0.0,0.0
445,0.0,0.0,0.0
446,0.0,0.0,0.0
447,0.0,0.7953481805332991,0.0
448,0.0,0.0028189039868943386,0.0
449,0.0,0.0,0.0
450,0.0,0.0,0.0
451,0.0,0.0,0.0
452,0.0,0.0,0.0
453,0.0,0.0,0.7563121217861641
454,0.0,0.0,1.0
455,0.0,0.0,0.2647298617912008
456,0.0,0.0,0.0
457,0.0,0.0,0.0
458,0.0,0.0,0.0
459,0.0,0.0,0.0
460,0.0,0.030687255113944295,0.001383360333682297
461,0.0,0.0,0.0
462,0.0,0.0,0.0
463,0.0705859114326324,0.003567872134791897,0.0
464,0.10280433830546176,0.16421237653905219,0.0
465,0.001311322130467361,0.973847749059808,0.0
466,0.0,0.9846936905712232,0.0
467,0.0,0.25391724236645824,0.0
468,0.036491070738777553,0.07182388638695932,0.0
469,0.0,0.03799009569650855,0.0
470,0.0,0.0,0.0
471,0.0,0.0,0.0
472,0.0,0.0,0.0
473,0.20905833863115422,0.0,0.0
474,0.8888230677487202,0.0,0.0
475,0.9527395568420325,0.0,0.0
476,0.9538909847634194,0.0,0.0
477,0.9944817570430531,0.0,0.0
478,0.9979808685150791,0.0,0.0
479,0.9999999999999999,0.0,0.0
480,1.0000000000000002,0.0,0.0
481,1.0,0.0,0.0
482,1.0,0.0,0.0
483,0.9583852286080117,0.027858564422330444,0.0
484,0.25192068866118356,0.0,0.0
485,0.0,0.0,0.0
486,0.0,0.0,0.0
487,0.0,0.0,0.0
488,0.0,0.0,0.0
489,0.0,0.0,0.0
490,0.0,0.0,0.0
491,0.16136537897810807,0.0,0.0
492,0.0,0.46047741345406046,0.0
493,0.0,0.06554116722425579,0.0
494,0.0,0.0,0.0
495,0.0,0.0,0.0
496,0.0,0.0,0.0
497,0.0,0.0,0.0
498,0.0,0.0,0.0
499,0.0,0.0,0.0
500,0.0,0.0,0.0
501,0.0,0.0,0.017289772347311955
502,0.0,0.0,0.9253627754239527
503,0.0,0.0,0.2480766511945175
504,0.0,0.0,0.0
505,0.0,0.0,0.0
506,0.14627949769496998,0.14979813335321115,0.0
507,0.3184618620016824,0.3651300985759707,0.0
508,0.03307791412455991,0.0,0.0
509,0.0,0.0,0.0
510,0.0,0.0,0.0
511,0.0,0.0,0.0
512,0.0,0.0,0.0
513,0.0,0.399178558213778,0.0
514,0.0,0.38209502447677673,0.11030106949620863
515,0.0,0.011222336793112804,0.21041907406215526
516,0.053445478455530916,0.0,0.0
517,0.013017278250411251,0.0,0.0
518,0.0,0.0,0.0
519,0.0,0.0,0.0
520,0.02711755561265097,0.0,0.0
521,0.4981100841919625,0.0,0.0
522,0.9999999999999999,0.0,0.0
523,0.9999999999999999,0.004769156172659613,0.0
524,1.0,0.0,0.0
525,0.3098137113034326,0.0,0.0
526,4.798351709085442e-05,0.0,0.0
527,0.3062881367342057,0.0,0.0
528,1.0,0.0,0.0
529,1.0,0.0,0.0
530,0.9999999999999999,0.0,0.0
531,0.9899681140441514,0.0,0.0
532,0.6085595285981347,0.0,0.0
533,0.0,0.0,0.0
534,0.0,0.0,0.0
535,0.0,0.0,0.0
536,0.009566288272183213,0.0,0.0
537,0.07114309001727578,0.0,0.0
538,0.0,0.0,0.0
539,0.14109429083298022,0.09316205928446158,0.0
540,0.2763371331246383,0.0077066162820919855,0.0
541,0.0,0.0,0.0
542,0.3427832443234443,0.016527571124556228,0.0
543,0.024857934278360572,0.8094016945649881,0.0
544,0.0,0.6474623307761145,0.0
545,0.0,0.0,0.0
546,0.0,0.0,0.0
547,0.0,0.0,0.0
548,0.0,0.0,0.0
549,0.0,0.0,0.0
550,0.0,0.0,0.0
551,0.0,0.0,0.0
552,0.0,0.0,0.1808190886379497
553,0.0,0.0,0.9067199790019396
554,0.0,0.0,0.5916713388075187
555,0.0,0.0,0.0
556,0.0,0.0,0.0
557,0.0,0.0,0.0
558,0.0,0.0,0.05094167581824848
559,0.0,0.0,0.0
560,0.0,0.0,0.5781169628478101
561,0.0,0.0,0.7443799338782122
562,0.0,0.0,0.0008674218940638776
563,0.0,0.247277480725598,0.0
564,0.7526145803691745,0.0981864046685416,0.0
565,0.9935974547139736,0.0,0.0
566,0.14946311675397062,0.0,0.0
567,0.0,0.0,0.0
568,0.0,0.0,0.0
569,0.0,0.0,0.02108654175412337
570,0.020894287152642774,0.0,0.0015959148866348167
571,0.034982566482646506,0.0,0.0
572,0.0,0.0,0.0
573,0.0,0.000304366457472786,0.0
574,0.0,0.04635424441381794,0.0
575,0.0,0.0,0.0
576,0.024326398797627664,0.0,0.0
577,0.2136708397621907,0.0,0.0
578,0.09140233331871153,0.0,0.15011569232986471
579,0.8874594556669466,0.0,0.021167575873883897
580,1.0,0.0018910571205159657,0.0
581,1.0000000000000002,0.00642820909177553,0.0
582,1.0,0.0,0.0
583,0.9112456376926282,0.0,0.0
584,0.16978197682720178,0.0,0.0
585,0.004300858906237046,0.0,0.0
586,0.5443252883433831,0.0,0.0
587,0.9963705592264613,0.0,0.0
588,1.0,0.0,0.0
589,0.9922718831296832,0.0,0.0
590,0.6412232936090853,0.0,0.0
591,0.01447947435071656,0.0,0.0
592,0.0,0.0,0.0
593,0.06013700715593507,0.0,0.0
594,0.09665067091146094,0.02839845426842091,0.0
595,0.006570508626944371,0.139002084141838,0.0
596,0.0,0.038846935693422964,0.0
597,0.38508272841707825,0.2925574140956193,0.0
598,0.5174586248837246,0.015616839056526796,0.0
599,0.010272978909501145,0.28948600992159323,0.0
600,0.5401165074261625,0.13166754901905053,0.0
601,0.002513588470485598,0.9256758577256696,0.0
602,0.0,0.6254282620030133,0.0
603,0.0,0.0,0.0
604,0.0,0.0,0.0
605,0.0,0.0,0.0
606,0.0,0.0,0.0
607,0.19346655106710425,0.0,0.0
608,0.0,0.0,0.0
609,0.0,0.0,0.0
610,0.11214679704108617,0.0,0.0
611,0.0677840236068279,0.0,0.5086195276428243
612,0.0,0.0,1.0
613,0.0,0.0,0.757605622837609
614,0.0,0.0,0.009138600486095069
615,0.0,0.0,0.7472563466718786
616,0.0,0.0,0.9866968959564464
617,0.0,0.0,0.9769936001252515
618,0.0,0.0,0.9788129105696086
619,0.0,0.0,0.3026462758787747
620,0.0,0.0,0.0
621,0.0,0.0,0.0
622,0.0,0.0,0.0
623,0.4145861227022131,0.0,0.0
624,0.36151074234469044,0.0,0.0
625,0.2941366113349398,0.0,0.0
626,0.3305636451668778,0.0,0.4574091693948923
627,0.0,0.0,1.0
628,0.0,0.0,0.361857416689179
629,0.0,0.2526159854859829,0.0
630,0.4536722528918525,0.26468593204846264,0.0
631,0.2535875330214588,0.0,0.0
632,0.029163994783838826,0.0,0.0
633,0.0,0.0,0.0
634,0.0,0.0,0.0
635,0.11900738680611922,0.0,0.028317022201140966
636,0.6792030877094049,0.0,0.0
637,0.36282820296209994,0.0,0.0
638,0.33157129090842624,0.0,0.0
639,0.0,0.0,0.0
640,0.0,0.0,0.0
641,0.0,0.0,0.0
642,0.018532250879676946,0.0,0.0
643,0.6597303551993882,0.0,0.0
644,0.3163849940783819,0.0,0.0
645,0.28391924550973235,0.0,0.0
646,0.9204043524173156,0.05498120126030368,0.032990173157398994
647,1.0000000000000002,0.0031286126379816985,0.0
648,1.0,0.0,0.0
649,0.9270177775294415,0.0,0.0
650,0.017788938623202404,0.0,0.0
651,0.12561239901498705,0.0,0.0
652,0.2472442892403106,0.0,0.0
653,0.14725034566565198,0.0,0.0
654,0.27844163108047515,0.0016806779673540367,0.0
655,0.1719028120468216,0.0,0.0
656,0.0,0.0,0.0
657,0.0,0.0,0.006064372768150253
658,0.0,0.0,0.0
659,0.0,0.0,0.0
660,0.0,0.0,0.0
661,0.0,0.06410388637464773,0.0
662,0.0,0.07318787143852619,0.0
663,0.0,0.8972990893174141,0.0
664,0.0,0.3906671382525379,0.0
665,0.0,0.5248167963700158,0.0
666,0.02169392213722405,0.006753664363901425,0.0
667,0.0,0.3750852050597615,0.0
668,0.014875602775507235,0.6758643199571918,0.0
669,0.0,0.025584678478965627,0.0
670,0.0,0.0,0.0
671,0.0,0.0,0.0
672,0.0,0.0,0.0
673,0.39788271139350323,0.0,0.0
674,0.9663452622761869,0.0,0.0
675,0.0,0.0,0.0
676,0.0,0.0,0.0
677,0.0,0.0,0.5549614944550758
678,0.0,0.0,1.0000000000000002
679,0.0,0.0,1.0000000000000002
680,0.0,0.0,1.0
681,0.0,0.0,0.9999222051188843
682,0.0,0.0,0.47333926088369227
683,0.0,0.0,0.0
684,0.0,0.0,0.0
685,0.0,0.0,0.0
686,0.0,0.0,0.46607000307807517
687,0.0,0.0,0.9916443429756648
688,0.0,0.0,0.9677598290587256
689,0.0,0.0,1.0
690,0.0,0.0,0.9699174931872486
691,0.0,0.0,0.23794152467060084
692,0.0,0.0,0.0
693,0.0,0.0,0.0
694,0.0,0.0,0.0
695,0.0,0.0,0.0
696,3.228963813253842e-07,0.0,0.0
697,0.0,3.038474427130004e-07,0.0
698,0.0,0.0,0.0
699,0.0,0.0,0.0
700,0.5697980547276904,0.0,0.0
701,0.5995512685434039,0.0,0.0
702,0.6752030398908101,0.0,0.03995590107424552
703,0.43682230221194396,0.0,0.4043550930275137
704,0.000391079525142466,0.0,0.9650374747647347
705,0.0,0.0,0.5217437807267541
706,0.0,0.0,0.0
707,0.0,0.0,0.0
708,0.0,0.0,0.0
709,0.0,0.0,0.0
710,0.0,0.0,0.010965302950738592
711,0.16081085991932034,0.0,0.0
712,0.1735025535209304,0.0,0.11732138756379207
713,0.7362289868448344,0.0,0.0
714,0.2854150590624358,0.0,0.0
715,5.699099960946414e-08,0.0,0.0
716,0.0,0.0,0.0
717,0.0,0.0,0.0
718,0.0,0.0,0.0
719,0.007492408246754325,0.0,0.0
720,0.3640062340850273,0.0,0.0
721,0.8732506630261139,1.7331146771634587e-06,0.0
722,0.510256860592282,0.0,0.04224300337009774
723,0.19340054645731472,0.0,0.8065994535426477
724,0.7961972007740449,0.0,0.20380279922575192
725,0.9999999999999999,0.0,0.0
726,0.5892370209287902,0.0,0.0
727,0.3800441692396502,0.0,0.0
728,0.7000444054694094,0.0,0.0
729,0.42660712252965755,0.0,0.0
730,0.10012924762724776,0.41395845812641446,0.10031525470163195
731,0.0,0.17967628976060063,0.23915359615035375
732,0.03431848907964474,0.0,0.0
733,0.09217862381663752,0.0,0.0
734,0.0,0.0,0.0
735,0.0,0.0,0.0
736,0.0,0.0,0.0
737,0.0,0.0,0.0
738,0.0,0.07331758632425449,0.0
739,0.0,0.5413567045450521,0.0
740,0.0,0.4484811466341069,0.0
741,0.0,0.025910975404846038,0.0
742,0.0,0.4023300226044167,0.0
743,0.0,0.0,0.0
744,0.1844719604991627,0.0,0.0
745,0.49731991391457075,0.0,0.0
746,0.0,0.0,0.0
747,0.0,0.0,0.0
748,0.0,0.0,0.0
749,0.0,0.0,0.0
750,0.34008594063739894,0.0,0.0
751,0.6900104680793349,0.0,0.0
752,4.280733021693641e-05,0.0,0.0
753,0.0,0.0,0.0
754,0.0,0.0,0.0
755,0.0,0.0,0.004755905279066343
756,0.08022510460981618,0.0,0.44231239073078277
757,0.024739616284807763,0.0,0.5941070291513791
758,0.0,0.0,1.0
759,0.0,0.0,0.9999992067882029
760,0.0,0.0,0.35144005224766767
761,0.0,0.0,0.0
762,0.0,0.0,0.0
763,0.0,0.0,0.032212135446422735
764,0.0,0.0,0.8861833209982197
765,0.0,0.0,0.9728418581038136
766,0.0,0.0,0.9837395075836856
767,0.0,0.0,0.9803527369182844
768,0.0,0.0,1.0
769,0.06805696525204308,0.0,0.7452705597589518
770,0.6197288483254068,0.0,0.0
771,0.04814665894867022,0.0,0.0
772,0.0,0.0,0.0
773,0.20939090026546045,0.0,0.0
774,0.3194111251360527,0.0,0.0
775,0.0,0.0,0.0
776,0.0,0.0,0.0
777,0.0,0.0,0.0
778,0.10615783481546627,0.0,0.0
779,0.0,0.0,0.0
780,0.0,0.0,0.0
781,0.0,0.0,0.0
782,0.0,0.0,0.0
783,0.0,0.0,0.0
784,0.0,0.0,0.0
785,0.0,0.0,0.0
786,4.3808819042797475e-08,0.0,0.0
787,3.24830350829458e-08,0.0,0.0
788,0.0,6.327310757651336e-10,0.0
789,0.0,0.0,0.0
790,0.0,0.0,0.0
791,0.0,0.0,0.0
792,0.0,0.0,0.0
793,0.0,0.0,0.0
794,0.001881911155359418,0.0,0.0
795,0.0,0.0,0.0
796,0.0,0.0,0.31070578662611886
797,0.0,0.0,1.0
798,0.0,0.0,0.9999999999999999
799,0.0,0.0,0.9145150765461056
800,0.0,0.0,0.10398262720097984
801,0.0,0.0,0.0
802,0.0,0.0,0.0
803,0.0,0.0,0.0
804,0.0,0.0,0.017523155068072466
805,0.33914743393528957,0.0,0.0
806,0.669130567223875,0.03292365500806183,0.0
807,0.9013039468800865,0.013384216791668239,0.0
808,0.31198654408519105,0.0,0.0
809,0.0,0.0,0.0
810,0.0,0.0,0.0
811,0.0,0.0,0.0
812,0.0,0.0,0.0
813,0.0,0.0,0.0
814,0.13361596270044251,0.012784911262790355,0.0
815,0.7515210458855328,0.01406544870326143,0.0
816,0.2396128440031622,0.0,0.10940579827819062
817,0.0,0.0,0.3300066638757216
818,0.5147951995972404,0.0,0.03342805815962565
819,1.0000000000000002,0.0,0.0
820,0.9993235540184072,0.04002620674961333,0.0
821,0.9054898079017553,0.0,0.0
822,1.0,0.0,0.0
823,1.0,0.0,0.0
824,0.7528518078351867,0.0,0.2471481921649825
825,0.0,0.0,0.9989655306333823
826,0.034498846705803624,0.0,0.5558794182652873
827,0.8034084903537844,0.0,0.0604048349717183
828,0.13125657368012864,0.0,0.0
829,0.0,0.0,0.0
830,0.0,0.0,0.0
831,0.0,9.691093856123361e-05,0.0
832,0.0,0.6616735648435581,0.0
833,0.17461042019788064,0.8253895798020955,0.0
834,0.28353055589083376,0.08978112052363393,0.0
835,0.0,0.40016193903444136,0.0
836,0.0,0.06422315377650697,0.0
837,0.0,0.0,0.0
838,0.726746449341783,0.0,0.0
839,0.22093734430108689,0.0,0.0
840,0.0,0.0,0.0
841,0.0,0.0,0.0
842,0.0,0.0,0.0
843,0.0,0.0,0.0
844,0.020360817873835087,0.0,0.0
845,0.07282657844070023,0.0,0.0
846,0.0,0.0,0.0
847,0.0,0.0,0.0
848,0.0,0.0,0.0
849,0.0,0.0,0.0
850,0.0,0.0,0.0
851,0.5997874704596807,0.0,0.0
852,0.3210406040508078,0.0,0.24654074868049355
853,0.0,0.0,0.9701853476586484
854,0.0,0.0,0.3891438600045249
855,0.0,0.0,0.0
856,0.0,0.0,0.0
857,0.0,0.0,0.0
858,0.0,0.0,0.1427889195211114
859,0.0,0.0,0.734140128394723
860,0.0,0.0,0.9996414143442609
861,0.0,0.0,0.975633348764581
862,0.0016718458951680973,0.0,0.8992503800764116
863,0.18946593983871193,0.0,0.4259727765094177
864,0.0014975759367680268,0.0,0.07917710263597161
865,0.106277089420069,0.0,0.0
866,0.00251220858037573,0.0,0.0
867,0.0,0.0,0.0
868,0.0,0.0,0.0
869,0.0,0.0,0.0
870,0.0,0.0,0.0
871,0.0,0.0,0.0
872,0.0,0.0,0.0
873,0.0,0.0,0.0
874,0.0,0.0,0.0
875,0.0,0.0,0.0
876,0.0,0.0,0.0
877,0.0,0.0,0.0
878,0.0,0.03975548636726228,0.0
879,0.0,0.38556452552352655,0.0
880,0.0,0.1416192371772673,0.0
881,0.0,0.0,0.0
882,0.0,0.0,0.0
883,0.0,0.0,0.0
884,0.0,0.0,0.0
885,0.08040531948384448,0.0,0.0
886,0.055446610662953436,0.0,0.0
887,0.07381602543656238,0.14654354265929412,0.0
888,0.026785196373660086,0.15245370520422655,0.0
889,0.0,0.16358002673174474,0.0
890,0.0,0.0,0.0
891,0.0,0.0,0.0
892,0.0,0.0,0.0
893,0.0,0.0,0.0022024410575786357
894,0.0,0.0,0.6018400413881059
895,0.0,0.0,0.9999999999999999
896,0.010703356860383102,0.0,0.9833366766992068
897,0.5227778858781007,0.0,0.14863572990591303
898,0.4702531558358422,0.0,0.0
899,0.5078473399676809,0.0,0.0
900,0.4725022840585428,0.0,0.0
901,0.21013334350671295,0.0,0.0
902,0.20690835886777514,0.09447409428732309,4.892859511355212e-05
903,0.48520533123880605,0.0,0.00011301806910363158
904,0.34287890855136793,0.09130408776334005,0.0051714985367382555
905,0.031522399391944726,0.0,0.5161483954910344
906,0.0,0.0,0.24574528040631086
907,0.0,0.0,0.3898171343155819
908,0.0,0.0,0.07309143551807488
909,0.028554812901801924,0.0,0.002643043241830459
910,0.5552944883967884,0.0,0.0
911,0.09766260346435209,0.0,0.0
912,0.021402949116026245,0.0,0.0
913,0.025682285771018967,0.11318256056509965,0.0
914,0.0,0.0,0.0
915,0.30407028269172515,0.04939166335146572,0.0
916,0.9999984976701702,1.502329906604145e-06,0.0
917,1.0000000000000002,0.07210356589842667,0.0
918,0.8781879736003716,0.0,0.0
919,0.9999617012378236,3.8298762274246896e-05,0.0
920,1.0000000000000002,0.0,0.0
921,0.5325772835943994,0.0,0.46742271640546273
922,0.0006251221834819897,0.0,0.9993748778164099
923,0.5002199015588934,0.0072016609763916155,0.4671661016250963
924,0.7283458474923005,0.03856630581727571,0.16146288564742758
925,0.937788836800988,0.010191048655120579,0.0
926,0.062215755774988044,0.012952518737779868,0.0
927,0.0,0.0,0.0
928,0.0,0.36154396448336557,0.0
929,0.0,1.0,0.0
930,0.11756301400596657,0.6729462478240916,0.0
931,0.26244611675591994,0.1083886251470129,0.0
932,0.0,0.49236866450493927,0.0
933,0.0,0.0,0.16343006884464573
934,0.21035118072595,0.0,0.0
935,0.5254502857905275,0.0,0.0
936,0.0,0.0,0.0
937,0.0,0.0,0.0
938,0.0037069525583197627,0.0,0.0
939,0.0,0.0,0.0
940,0.0,0.0,0.0
941,0.0,0.0,0.0
942,0.5736591105099439,0.0,0.0
943,0.10390281564741534,0.0,0.0
944,0.0,0.0,0.0
945,0.0,0.0,0.0
946,0.0,0.0,0.0
947,0.04271025737264405,0.0,0.0
948,0.010238029799251834,0.0,0.2607341221913915
949,0.0,0.0,0.08874373350664479
950,0.0,0.0,0.0
951,0.0007474278221619013,0.0,0.0
952,0.0754508943866641,0.0,0.0
953,0.11001109790691183,0.0,0.0
954,0.0,0.0,0.823934353859362
955,0.0,0.0,0.8270925561501039
956,0.0,0.0,0.5004653453968467
957,0.0,0.0,0.41436622535916995
958,0.159830643671363,0.0,0.24077462563348476
959,0.7412673364674233,0.0,0.0
960,0.0,0.0,0.0
961,0.0,0.0,0.0
962,0.0,0.0,0.0
963,0.0,0.0,0.0
964,0.0,0.0,0.0
965,0.0,0.0,0.0
966,0.14728380889061238,0.0,0.0
967,0.0,0.0,0.0
968,0.0,0.015221362835624173,0.0
969,0.0,0.019199464326532578,0.0
970,0.0,0.0,0.0
971,0.0,0.0,0.0
972,0.0,0.0,0.0
973,0.0,1.268401651976785e-06,0.0
974,0.07062859085102921,0.7048381279173042,0.0
975,0.0,0.3389755404613633,0.0
976,0.0,0.0,0.0
977,0.0,0.0,0.0
978,0.0,0.0,0.0
979,0.0,0.0,0.0
980,0.30438304549491463,0.0,0.0
981,0.22348142238158003,0.0,0.0
982,0.1546904042869734,0.0206338150672995,0.0
983,0.2333783896427533,0.030152430823158542,0.0
984,0.0,0.049743995002755254,0.0
985,0.0,0.0,0.0
986,0.0,0.0,0.0
987,0.0,0.0,0.0
988,0.0,0.0,0.0
989,0.0,0.0,0.008279850421180545
990,0.0,0.0,0.5250639211215725
991,0.003091381612026339,0.0,0.9769009549282758
992,0.4438363559544152,0.0,0.1957669479980297
993,0.4361726583609154,0.0,0.0
994,0.521030578429142,0.0,0.0
995,0.7226082483939976,0.0,0.0
996,0.3889606136061872,0.0,0.0
997,0.5581485575765405,0.0,0.07114258604827403
998,0.3827181783016589,0.0,0.041700396327534785
999,0.1226203764639313,0.0,0.0
1000,0.0,0.0,0.5809916461643562
1001,0.0,0.0,1.0000000000000002
1002,0.0,0.0,0.9998663402312593
1003,0.0,0.0,0.6433363729728014
1004,0.03304687881478536,0.0,0.24196962773754505
1005,0.30747280622766276,0.0,0.0
1006,0.02859407283988071,0.0,0.0
1007,0.13182535341100612,0.0,0.0
1008,0.5561528453370371,0.055967847362753544,0.004478030974568004
1009,0.42086270601355336,0.0,0.0
1010,0.05318537140839756,0.43534562816952466,0.03186197426794352
1011,0.15706454933219818,0.6418988913696332,0.0243234757978943
1012,0.9115422530484304,0.0,0.0
1013,0.9211658669250634,0.010719767523586997,0.0
1014,0.08784985218629514,0.31317394022085465,0.3206931932443844
1015,0.1682284020546709,0.0,0.7645301289594449
1016,0.2642345573650563,0.0,0.7381885404862234
1017,0.7039992697547449,0.0,0.12564339592730725
1018,0.6343131023976251,0.05444136843405532,0.001720154603677211
1019,0.9633816046495948,0.12403305670915231,0.0
1020,0.8132667400474534,0.20451701892192653,0.0
1021,0.5226635550394426,0.07534757486264458,0.0
1022,0.047360059120262636,0.12035736469610846,0.0
1023,0.0,0.9405159300380544,0.0
1024,0.0,1.0000000000000002,0.0
1025,0.0,0.47167999162884644,0.0
1026,0.06453005249255221,0.30503982282369885,0.0
1027,0.25201690230337515,0.014035631813786765,0.0
1028,0.0,0.0027348187240175247,0.0
1029,0.12129645483517293,0.0,0.0
1030,0.15950209312602706,0.0,0.0
1031,0.20216033301862427,0.0,0.0
1032,0.4393732569661586,0.0,0.0
1033,0.6695533802419134,0.0,0.0
1034,0.029994139955953854,0.0,0.0
1035,0.0,0.0,0.0
1036,0.0,0.0,0.0
1037,0.042580921884730796,0.0,0.0
1038,0.00837161583632745,0.0,0.0
1039,0.0,0.0,0.0
1040,0.0,0.0,0.0
1041,0.0,0.0,0.0
1042,0.0,0.0,0.0
1043,0.0,0.0,0.0
1044,0.0,0.0,0.0
1045,0.0,0.08705945744623637,0.0
1046,0.01233674584728203,0.0068209604442454235,0.0
1047,0.8944024870732122,0.0,0.0
1048,0.7149458877573371,0.0,0.0
1049,0.0,0.0,0.024542190149789814
1050,0.0,0.0,0.0009482968234159964
1051,0.0,0.0,0.0
1052,0.0,0.0,0.0
1053,0.0,0.0,0.0
1054,0.0,0.0,0.0
1055,0.0,0.0,0.0
1056,0.0,0.0,0.0
1057,0.0,0.0,0.0
1058,0.0,0.0,0.0
1059,0.0,0.0,0.0
1060,0.0,0.0,0.0
1061,0.02284888208016472,0.0,0.0
1062,0.0,0.0,0.0
1063,0.0,0.03372307305288414,0.0
1064,0.0,0.15872911441147108,0.0
1065,0.0,0.0,0.0
1066,0.0,0.0,0.0
1067,0.0,0.0,0.0
1068,0.0,0.0,0.0
1069,0.18488244344711474,0.0,0.0
1070,0.7939902847591863,0.0,0.0
1071,0.9532253603986188,0.0014861660542050572,0.0
1072,0.6079901984066334,0.004470584753193436,0.0
1073,0.0,0.0,0.0
1074,0.0,0.0,0.0
1075,0.0,0.0,0.0
1076,0.0,0.0,0.0
1077,0.0,0.0,0.0
1078,0.0,0.0,0.0
1079,0.0,0.00015653691696933475,0.0
1080,0.0,0.28363102527604134,0.0
1081,0.0,0.0,0.0
1082,0.0,0.0,0.0
1083,0.0,0.0,0.0
1084,0.0,0.0,0.0
1085,0.0,0.0,0.0
1086,0.0,0.0,0.0
1087,0.0,0.0,0.0
1088,0.0,0.0,0.4056394841433305
1089,0.0,0.0,0.5146993361673317
1090,0.0,0.0,0.0
1091,0.07870530346379195,0.0,0.0
1092,0.8090860602241765,0.0,0.0
1093,0.5520163377535521,0.0,0.0
1094,0.20340703969199603,0.0,0.0
1095,0.0,0.0,0.0
1096,0.0,0.0,0.0
1097,0.0,0.0,0.24256779776704748
1098,0.0,0.0,1.0000000000000002
1099,0.0,0.0,0.9999999999999999
1100,0.0,0.0,1.0
1101,0.0,0.0,0.6632801451357725
1102,0.0,0.0,0.0
1103,0.2077489031145252,0.0,0.0
1104,0.6230867871530048,0.0,0.0
1105,0.8168942630700466,0.0,0.0
1106,0.9317124935646325,0.0,0.0
1107,0.14620611873510808,0.0007938822029952845,0.0
1108,0.24491607486709316,0.0,0.0
1109,0.6243718507750778,0.0,0.0
1110,0.9309091113205459,0.0,0.0
1111,0.11165410964546238,0.0036491957756404503,0.7572311808603462
1112,0.5788816966479661,0.0,0.42111830335194533
1113,0.9930889924267389,0.08081627095990682,0.006911007573258699
1114,0.9550669346487619,0.0024489008167458788,0.010177629559960774
1115,0.6671305274370853,0.025579301737872585,0.0
1116,0.9791706166352298,0.01787104600769016,0.0
1117,0.9241729383400714,0.02970273972975481,0.0
1118,0.6648329712839064,0.059336834033529184,0.12758059933286733
1119,0.10107382786941085,0.5852937026969641,7.187818955804425e-05
1120,0.0,1.0,0.0
1121,0.0,1.0000000000000002,0.0
1122,0.0,0.35845404049547114,0.0
1123,0.5040335177983575,0.16591634307041708,0.0
1124,0.5510655389956605,0.023739197034126063,0.0
1125,0.10542691814405179,0.0016121886605545027,0.0
1126,0.719605162668272,0.0,0.0
1127,0.4896991740102477,0.0,0.0
1128,0.6405807374570548,0.10513072703164256,0.0
1129,0.48582646759229153,0.0,0.0
1130,0.1277255325578496,0.0,0.0
1131,0.014090408612666366,0.0,0.0
1132,0.0,0.0,0.0
1133,0.0,0.0,0.0
1134,0.0,0.0,0.0
1135,0.0,0.0,0.0
1136,0.0038162393597763107,0.0,0.0
1137,0.0,0.0,0.0
1138,0.0,0.0,0.0
1139,0.31699087938587917,0.0,0.0
1140,0.2638887162605276,0.0,0.0
1141,0.0,0.0013562104442967344,0.0
1142,0.0,0.5772340669324107,0.0
1143,0.0,0.007173565631133632,0.04877935528667103
1144,0.013407319638685394,0.0,0.27461939251119094
1145,0.018867732149315558,0.0,0.0676703881756547
1146,0.0,0.0,0.0
1147,0.0,0.0,0.0
1148,0.0,0.0,0.0
1149,0.0,0.0,0.0
1150,0.0,0.0,0.0
1151,0.0,0.0,0.0
1152,0.0,0.0,0.0
1153,0.0,0.0,0.0
1154,0.0,0.0,0.0
1155,0.0,0.0,0.0
1156,0.0,0.0,0.0
1157,0.0,0.0,0.0
1158,0.0,0.0,0.0
1159,0.0,0.0,0.0
1160,0.0,0.0,0.0
1161,0.0,0.0,0.0
1162,0.0,0.0,0.0
1163,0.0,0.0,0.0
1164,0.0,0.04674860183577539,0.0
1165,0.0,0.0,0.0
1166,0.0,0.0,0.0
1167,0.0774446611674305,0.0,0.0
1168,0.44079108162982555,0.0,0.0
1169,0.7797740238589272,0.053038049939895526,0.0
1170,0.4522187523748767,0.5257357346771099,0.0
1171,0.04675674577009292,0.10746984733367718,0.0
1172,0.0,0.0,0.0
1173,0.0,0.0,0.0
1174,0.0,0.0,0.0
1175,0.0,0.0,0.0
1176,0.0,0.0,0.00043286322059045825
1177,0.0,0.0,0.092273665889153
1178,0.0,0.11633124841051228,0.2224299163318512
1179,0.0,0.11567955462735129,0.19579585561868548
1180,0.0,0.03589772754683148,0.27252949441964597
1181,0.0,0.0,0.32423516378386535
1182,0.0,0.0,0.41341118763366985
1183,0.04464804484000625,0.0,0.023284574531524903
1184,0.0714746270304692,0.0,0.0
1185,0.0,0.0,0.0
1186,0.37468698513517973,0.0,0.0004605523694136279
1187,0.14417192131197992,0.0,0.2937258769356823
1188,0.27337441533342205,0.0,0.0
1189,0.9418367160973566,0.0,0.0
1190,0.424265663586852,0.06792935848317595,0.0
1191,0.14923251299508,0.1737638125273763,0.0
1192,0.0,0.0,0.0
1193,0.0,0.0,0.0
1194,0.0,0.0,0.0
1195,0.0,0.0,0.006042406389185339
1196,0.0,0.0,0.8157227118041007
1197,0.0,0.15767595931773754,0.8423240406823004
1198,0.015431375747073584,0.6413484737272325,0.36931908724386825
1199,0.0,0.6881910673100065,0.19262275116186814
1200,0.0,0.024530473000004674,0.0
1201,0.48394037188306743,0.0,0.0
1202,0.6771498039009278,0.008290304770452419,0.0
1203,0.5475141867362656,0.0,0.0
1204,0.7779649149873279,0.0,0.0
1205,0.8285347551469997,0.0,0.0004501003166981175
1206,0.8216468757183242,0.0,0.06943772487546669
1207,0.9088053059723601,0.0530303647259815,0.0
1208,0.8438227547366252,0.0,0.0
1209,0.22014448026184988,0.0,0.6027813604665186
1210,1.0,0.06729546836343164,0.0
1211,1.0,0.017889749923975528,0.0
1212,1.0000000000000002,0.013121485042008453,0.0
1213,1.0,0.019342702801026394,0.0
1214,1.0,0.0,0.0
1215,1.0,0.0007643952106905887,0.0
1216,0.88026508340761,0.0,0.03610299142753327
1217,0.012171323806004561,0.8446293665454163,0.017255373229179034
1218,0.0,1.0000000000000002,0.0
1219,0.0,0.9335632028376134,0.0
1220,0.0,0.22071162598073216,0.0
1221,0.16186142265402442,0.5476800112127769,0.0
1222,0.003120344822902604,0.1081951134646362,0.0
1223,0.27807314671610855,0.004218513469303303,0.0
1224,0.4129843787313866,0.0,0.0
1225,0.0,0.11479661589924292,0.0
1226,0.0,0.6538865561503242,0.0
1227,0.0,0.0,0.0
1228,0.0,0.0,0.0
1229,0.0,0.0,0.0
1230,0.0,0.0,0.0
1231,0.0,0.0,0.0
1232,0.06104737356422237,0.0,0.0
1233,0.6073468999323184,0.0,0.0
1234,0.0,0.0,0.0
1235,0.0,0.0,0.0
1236,0.017961728176094198,0.0,0.0
1237,0.0,0.0,0.0
1238,0.0,0.0,0.0
1239,0.0,0.0,0.0
1240,0.0,0.0,0.03675514376698477
1241,0.0,0.0,0.3165243417860857
1242,0.0,0.0,0.07274316845079637
1243,0.0,0.0,0.0
1244,0.0,0.0,0.0
1245,0.0,0.0,0.0
1246,0.0,0.0,0.0
1247,0.2299396505467364,0.0,0.0
1248,0.0,0.0,0.0
1249,0.0,0.0,0.0
1250,0.0,0.0,0.0
1251,0.0,0.0,0.0
1252,0.0,0.0,0.0
1253,0.0,0.0,0.0
1254,0.0,0.0,0.0
1255,9.829084102212848e-05,0.0,0.0
1256,0.006008881991303559,0.0,0.0
1257,0.0,0.0,0.0
1258,0.0,0.0,0.0
1259,0.0,0.0,0.0
1260,0.0,0.0,0.0
1261,0.0,0.0,0.0
1262,0.0,0.0,0.0
1263,0.0,0.0,0.0
1264,0.0,0.12073051264899153,0.0
1265,0.2284783673055642,0.38466942000180715,0.0
1266,0.0,0.1739374339405507,0.0
1267,0.0,0.0,0.0
1268,0.3689363132201378,0.0,0.0
1269,0.7343222097600383,0.0,0.0
1270,0.3114520711781499,0.037011709541275084,0.0
1271,0.03154716847584102,0.8666867124165155,0.0
1272,0.0,0.3628091971755318,0.07959333437034478
1273,0.0,0.0,0.187690475934824
1274,0.0,0.0,0.11584377703368154
1275,0.0,0.0,0.29822119000116787
1276,0.0,0.0,0.4943490133912169
1277,0.0,0.0,0.7296043572834887
1278,0.0,0.0,0.6776788965454981
1279,0.0,0.0,0.558643085265209
1280,0.0,0.0,0.40853770190354943
1281,0.0,0.0,0.5273675159977836
1282,0.0,0.0,0.45895797265529326
1283,0.0,0.0,0.43057723219350613
1284,0.15878469291462333,0.0,0.09439088986364377
1285,0.8169246292148942,0.0,0.0
1286,0.5787421877918603,0.0007073207854869318,0.0
1287,0.7565453609461698,0.0,0.0
1288,0.027979261408147355,0.0,0.0
1289,0.0,0.0,0.0
1290,0.27001548705196904,0.057276043566022575,0.0
1291,0.03299186109076873,0.8253339149125093,0.0
1292,0.0,0.35938796005367285,0.0
1293,0.0,0.30615447256552536,0.0
1294,0.0,0.0,0.0
1295,0.0,0.0,0.0
1296,0.0,0.0,0.0
1297,0.0,0.03644661426595723,0.16635729565715482
1298,0.044747406565028486,0.46809439712362266,0.3852339751604154
1299,0.33166403783832393,0.31864126886986965,0.01848514798391444
1300,0.22562798925740993,0.022223386510526206,0.0024924263949760404
1301,0.08034968724527847,0.0,0.0
1302,0.0,0.0,0.0
1303,0.0084191350861725,0.0,0.02173944332594742
1304,0.2809115430740062,0.0,0.0
1305,0.5795245960884212,0.0,0.0005839148245151305
1306,0.9596715809103302,0.0,0.0
1307,0.7168989893762222,0.0,0.0
1308,0.7638048726963425,0.0,0.0
1309,0.43546929288600944,0.0,0.013875388921737316
1310,0.14503930689253508,0.0,0.40804656066290373
1311,0.3741003781962511,0.07792534445010355,0.32606183073426254
1312,0.845224743837809,0.013125505748920699,0.0
1313,0.9958954447182556,0.01583728159000208,0.0
1314,1.0,0.0,0.0
1315,1.0,0.13118304128312633,0.0
1316,0.9999999999999999,0.056705185893017006,0.0
1317,0.4838863768272983,0.0,0.32681702895607534
1318,0.0,0.09570588647665051,0.7580272158711289
1319,0.0,0.5683939083938446,0.041564817001698215
1320,0.0,0.5657226287569667,0.0
1321,0.0,0.3784207730289013,0.0
1322,0.0,0.9041483642185463,0.0
1323,0.3385049359746494,0.10734191274097984,0.0
1324,0.39059490985587364,0.03538686079646241,0.0
1325,0.0,0.0,0.0
1326,0.0,0.0,0.0
1327,0.0,0.0,0.0
1328,0.0,0.0,0.0
1329,0.0,0.0,0.47478723983950544
1330,0.0,0.0,0.0
1331,0.0,0.0,0.0
1332,0.0,0.0,0.0
1333,0.0,0.0,0.0
1334,0.0,0.0,0.0
1335,0.0,0.0,0.0
1336,0.0,0.0,0.0
1337,0.0,0.0,0.0
1338,0.0,0.0,0.0
1339,0.0,0.0,0.0
1340,0.0,0.0,0.0
1341,0.0,0.0,0.0
1342,0.0,0.0,0.0
1343,0.0,0.0,0.0
1344,0.0,0.0,0.0
1345,0.0,0.0,0.0
1346,0.0,0.0,0.0
1347,0.0,0.0,0.0
1348,0.0,0.0,0.0
1349,0.0,0.0,0.0
1350,0.010819200315295888,0.0,0.0
1351,0.8033977389639783,0.0,0.0
1352,0.05931557982825568,0.0,0.0
1353,0.0,0.0,0.0
1354,0.0,0.0,0.0
1355,0.0,0.0,0.0
1356,0.0,0.0,0.0
1357,0.6151483125105823,0.0,0.0
1358,0.6262769004726635,0.0,0.0
1359,0.0,0.0,0.0
1360,0.0,0.0,0.0
1361,0.0,0.0,0.0
1362,0.0,0.0,0.0
1363,0.0,0.0,0.0
1364,0.0,0.0,0.0
1365,0.0,0.0,0.0
1366,0.0,0.36201409040233334,0.0
1367,0.2715452463302005,0.5739998408727605,0.0
1368,0.0,0.5072848396419757,0.0
1369,0.0,0.0,0.0
1370,0.12328098258531857,0.0,0.0
1371,0.607618932895193,0.0,0.0
1372,0.1038954978318579,0.0,0.0
1373,0.0,0.13042282686784862,0.0
1374,0.0,0.07398688860830119,0.2450089848441889
1375,0.0,0.0,0.5313282059560329
1376,0.0,0.0,0.5619552472801719
1377,0.0,0.0,0.4849299902227265
1378,0.0,0.0,0.5985029254194673
1379,0.0,0.0,0.5128730260308569
1380,0.0,0.0,0.5247526692075134
1381,0.0,0.0,0.3653603055042461
1382,0.0,0.0,0.24193975660166517
1383,0.0,0.0,0.14007412858536317
1384,0.0,0.0652323338000267,0.07975299169534794
1385,0.0,0.0,0.18859764467500717
1386,0.0,0.0,0.0
1387,0.16326482342119533,0.0,0.0
1388,0.7905631430362118,0.005615912739504569,0.0
1389,1.0000000000000002,0.0,0.0
1390,0.16604460546427363,0.0,0.0
1391,0.0,0.0,0.0
1392,0.0,0.04223074731089763,0.0
1393,0.0,0.34747965789377777,0.0
1394,0.0,0.00022535613828169582,0.0
1395,0.0,0.14171046259055012,0.0
1396,0.0,0.0,0.0
1397,0.01332083690613567,0.001311162556193805,0.0
1398,0.0239535843064452,0.0,0.00012834102045162932
1399,0.0,0.0,0.0
1400,0.2057316174706272,0.005977338564564233,0.0
1401,0.029670258257208957,0.0,0.051709793061871956
1402,0.13230836761032402,0.0,0.00022842794399502878
1403,0.0,0.0,0.04537437015137159
1404,0.4630597865372287,0.0,0.0
1405,0.7806655494005462,0.0,0.0
1406,0.5144812387220155,0.0,0.0
1407,0.757490619454403,0.019390674582142192,0.0
1408,0.6688452125925652,0.0,0.0
1409,0.46303955543808867,0.0,0.0
1410,0.14088108582190897,0.0,0.0
1411,0.28230358584721404,0.0005563925331064667,0.09904062895272192
1412,0.39844899806818856,0.0,0.5206066029716461
1413,0.37077660983511534,0.056086161722390046,0.49497818413914096
1414,0.7640304151935128,0.0,0.10529309349942874
1415,0.8648879296384067,0.003134506762905246,0.0
1416,0.536710206023326,0.32929350616952546,0.0
1417,0.89428682656209,0.04236008291242795,0.0
1418,0.9833202935837322,0.00027579680935488094,0.0
1419,0.09973711931124499,0.5768864082097145,0.0060735759163703384
1420,0.06635662286293034,0.2328789681496269,0.01684695918592318
1421,0.4609578533585242,0.0007220651654443692,0.003371129327042411
1422,0.06759148789150214,0.6077116310292418,0.0
1423,0.0,1.0,0.0
1424,0.0,0.775561157179249,0.0
1425,0.318534877774158,0.0026156824792469965,0.0
1426,0.20232978192507667,0.0004891495238459174,0.0
1427,0.0,0.0,0.0
1428,0.0,0.0,0.0
1429,0.0,0.0,0.0
1430,0.0,0.0,0.9728039541057835
1431,0.0,0.0,0.9717706613686138
1432,0.0,0.0,0.6071326243000174
1433,0.09073816783642703,0.0,0.0
1434,0.09269641858261339,0.0,0.011353297408736638
1435,0.0,0.0,0.04430020727610043
1436,0.0,0.0,0.05745333791185213
1437,0.0,0.0,0.06557978693161297
1438,0.0,0.0,0.021592134528914404
1439,0.0,0.0,0.0
1440,0.0,0.0,0.0
1441,0.8187485997450762,0.0,0.0
1442,0.0,0.0,0.0
1443,0.3098771140297666,0.0,0.0
1444,0.08140779030250832,0.0,0.0
1445,0.0,0.0,0.0
1446,0.0,0.0,0.0
1447,0.0,0.0,0.0
1448,0.0,0.0,0.0
1449,0.0,0.0,0.0
1450,0.3336953495726215,0.0,0.0
1451,0.040651811466528937,0.0,0.0
1452,0.0,0.0,0.0
1453,0.0,0.0,0.0
1454,0.0,0.0,0.0
1455,0.0,0.0,0.0
1456,0.0,0.0,0.0
1457,0.0,0.0,0.0
1458,0.0,0.0,0.0
1459,0.0,0.0,0.0
1460,0.037281553620868386,0.0,0.0
1461,0.0,0.0,0.0
1462,0.0,0.0,0.0
1463,0.0,0.0,0.0
1464,0.0,0.0,0.0
1465,0.0,0.0,0.0
1466,0.0,0.0,0.0
1467,0.0,0.0,0.0
1468,0.0,0.0,0.0
1469,0.07856961273571561,0.0,0.0
1470,0.22672452517338448,0.0,0.0
1471,0.0,0.0,0.0
1472,0.0,0.0,0.0
1473,0.0,0.0,0.14680313076823942
1474,0.0,0.0,0.003432501173821886
1475,0.0,0.0,0.0
1476,0.0,0.0,0.0
1477,0.0,0.0,0.10924463310703149
1478,0.0,0.0,0.5301383410570235
1479,0.0038311683733446445,0.0,0.4172546346250249
1480,0.018425681468602795,0.0,0.3351619933515742
1481,0.0,0.0,0.20285552434668647
1482,0.0,0.0,0.08530706164125486
1483,0.0,0.0,0.09700720026320785
1484,0.0,0.0,0.20719418607454473
1485,0.0,0.0,0.0
1486,0.0,0.0,0.01983012571045876
1487,0.0,0.0,0.0
1488,0.0,0.0,0.15479179291483328
1489,0.0,0.0,0.0
1490,0.0,0.30006390541471656,0.0
1491,0.02554420921025717,0.024061949143674446,0.0
1492,0.6047399317121478,0.0,0.0
1493,0.18598453104562723,0.0,0.0
1494,0.0,0.0,0.0
1495,0.0,0.0,0.0
1496,0.0,0.0,0.0
1497,0.07965176041946212,0.0,0.0
1498,0.05765516342655222,0.0,0.0
1499,0.3766350286653158,0.0,0.0
1500,0.014029233407074621,0.0023098071972057796,0.015309360983805713
1501,0.1612159937756906,0.0,0.027245515645531015
1502,0.12449069710485337,0.0,0.0
1503,0.19724423187635984,0.0,0.0
1504,0.23749665822052493,0.0,0.006070343725879622
1505,0.0,0.0,0.0
1506,0.0,0.08737496553316595,0.0
1507,0.47206779804693216,0.0,0.0
1508,0.9129564256068108,0.06431925898646583,0.0
1509,0.6237471385915587,8.359744726427335e-05,0.0
1510,0.3618859285204696,0.0,0.01569043507910207
1511,0.6396316718619115,0.003826632962601549,0.0
1512,0.22999466609227032,0.0,0.0
1513,0.0,0.0,0.0
1514,0.24910653861989235,0.0,0.33555600311923756
1515,0.9954097652356373,0.07857462937932805,0.0
1516,0.7689064630996335,0.023363173388773077,0.0
1517,0.999548425994586,0.028304441663366705,0.0
1518,0.6219924102011707,0.07886191337649642,0.004376559660944399
1519,0.014065740789790447,0.647218373513987,0.0
1520,2.966771723772575e-10,0.6411977689214932,0.009113317537589613
1521,0.031704257772197444,0.0028584196798569885,0.07080035849156813
1522,0.0,0.6135844036907621,0.0
1523,0.0,0.9714509329953893,0.0
1524,0.020382125930334335,0.2054949925757581,0.0
1525,0.0,0.8028107010873313,0.0
1526,0.0,0.9467697335418604,0.0
1527,0.0011910034903143297,0.7066456023634395,0.0
1528,0.19629065483661354,0.009203219569784113,0.0
1529,0.0019439988196309908,0.0,0.0
1530,0.0,0.0,0.0
1531,0.0,0.0,0.8497704115521069
1532,0.0,0.0,0.9534611098237937
1533,0.0,0.0,0.9656446351260538
1534,0.013458031128216306,0.0,0.6388587412609603
1535,0.936193102843077,0.0,0.0
1536,0.8892237384355046,0.0,0.09473029852695182
1537,0.016243025281368503,0.0,0.975401489261331
1538,0.0,0.0,0.9999999999999999
1539,0.0,0.0,0.9987928472558204
1540,0.0,0.0,0.4409821281232093
1541,0.0,0.0,0.0
1542,0.0,0.0,0.0
1543,0.0,0.0,0.0
1544,0.0,0.0,0.0
1545,0.12331517287145571,0.0,0.0
1546,0.01951396042559859,0.0,0.0
1547,0.0,0.0,0.0
1548,0.0,0.0,0.0
1549,0.0,0.0,0.0
1550,0.0,0.0,0.0
1551,0.0,0.0,0.0
1552,0.2519359268593886,0.0,0.0
1553,0.009306519266752245,0.0,0.0
1554,0.0,0.0,0.0
1555,0.0,0.0,0.0
1556,0.0,0.0,0.0
1557,0.07269971920648173,0.0,0.0
1558,0.0,0.0,0.0
1559,0.0,0.0,0.0
1560,0.0,0.0,0.0
1561,0.0,0.0,0.0
1562,0.0,0.0,0.0
1563,0.0,0.0,0.0
1564,0.0,0.0,0.0
1565,0.0,0.0,0.0
1566,0.0,0.0,0.0
1567,0.0,0.0,0.0
1568,0.0,0.0,0.0
1569,0.0,0.0,0.0
1570,0.0,0.0,0.0
1571,0.24676323964060637,0.0,0.0
1572,0.6798508717099367,0.0,0.0
1573,0.0,0.0,0.0
1574,0.0,0.0,0.0
1575,0.0,0.0,0.08267005443472832
1576,0.0,0.0,0.12805016192283078
1577,0.08224761289323432,0.19255526190564182,0.0
1578,0.16993173367767955,0.0,0.0
1579,0.02352105266305178,0.05747629261965047,0.0
1580,0.604428067599793,0.0,0.09629350760489833
1581,0.9226595673447878,0.0,0.028252387424620613
1582,0.3548536354786326,0.0,0.3181464967874801
1583,0.0,0.0,0.023631166267497408
1584,0.0,0.0,0.06834494004193048
1585,0.0,0.0,0.09002729217719878
1586,0.0,0.0,0.12202739638986823
1587,0.0,0.0,0.0
1588,0.0,0.0,0.0
1589,0.0,0.0,0.01172082564846768
1590,0.0,0.0,0.1800230122610588
1591,0.0,0.0,0.2662370684797745
1592,0.0,0.1393046985460075,0.20434496797332913
1593,0.0,0.12556126641383633,0.39014107002799936
1594,0.0,0.0,0.4942115037751869
1595,0.0,0.0,0.0
1596,0.0,0.0,0.0
1597,0.0,0.0,0.0
1598,0.0,0.0,0.0
1599,0.13388885221663002,0.0,0.0
1600,0.7336160356276856,0.0,0.0
1601,0.8769291155410331,0.01663383343441156,0.0
1602,0.7715087298524514,0.07837303841569584,0.0
1603,0.8812547115275134,0.056730596717201424,0.0
1604,0.5362017163601124,0.11832583664318017,0.0
1605,0.8959003775009213,0.03032339706133216,0.0
1606,0.8488658945168628,0.0,0.0
1607,0.0012953881847990877,0.0,0.0
1608,0.0,0.10971542625634824,0.0
1609,0.04723347695528709,0.0018343242687949728,0.0
1610,0.8842743141066239,0.0,0.0
1611,0.6775475753654799,0.0,0.0
1612,0.5095146808696147,0.0,0.0
1613,0.2847684764145747,0.0,0.0
1614,0.4369284688086684,0.0,0.0039918915344290574
1615,0.5173136733700879,0.0,0.0
1616,0.5348286665745149,0.0,0.028050141122506266
1617,0.664405482076205,0.010657818705317897,0.0
1618,0.35828652273029304,0.1999272893463492,0.0
1619,0.9098205426512651,0.027585512524764107,0.0
1620,0.9641395748788396,0.0,0.0
1621,0.6494917436821905,0.0,0.0
1622,0.44498616721194606,0.0,0.01899473929799048
1623,0.1559132990018306,0.0,0.2278316026813807
1624,0.01518477994876967,0.28299994818687946,0.0
1625,0.10583514365211891,0.2993378945662015,0.0
1626,0.5257959292454979,0.001019616745778096,0.0
1627,0.3373435351037389,0.17500112521578745,0.0
1628,0.11512468884412944,0.03721960314626724,0.0
1629,0.15619156839915183,0.15262059900608757,0.0
1630,0.06965646120013687,0.02812783118021591,0.0
1631,0.0,0.0,0.0
1632,0.0,0.0,0.8575950584499017
1633,0.0,0.0,0.8235301796699989
1634,0.0,0.0,0.6648138697889396
1635,0.007981751767680467,0.0,0.2576721191853783
1636,0.4213140078576608,0.0,0.0
1637,0.09194614491463451,0.0,0.22402238548560904
1638,0.00044614633948193624,0.0,0.9967189457988003
1639,0.0,0.0,0.96972773853663
1640,0.0,0.0,0.9608010622492096
1641,0.0,0.0,0.3027781618089857
1642,0.0,0.0,0.5943175466519676
1643,0.0,0.0,0.2399682061950081
1644,0.0,0.0,0.0
1645,0.0,0.0,0.0
1646,0.0,0.0,0.0
1647,0.0,0.0,0.0
1648,0.0,0.0,0.0
1649,0.0,0.0,0.0
1650,0.0,0.0,0.0
1651,0.0,0.0,0.0
1652,0.18290669053420142,0.0,0.0
1653,0.13428602114363578,0.0,0.0
1654,0.0,0.0,0.0
1655,0.0,0.0,0.0
1656,0.0,0.0,0.0
1657,0.0,0.0,0.0
1658,0.5613951002613091,0.0,0.0
1659,0.0,0.0,0.0
1660,0.0,0.0,0.0
1661,0.0,0.0,0.0
1662,0.0,0.0,0.0
1663,0.0,0.0,0.0
1664,0.0,0.0,0.0
1665,0.0,0.0,0.0
1666,0.08642254328287467,0.0,0.0
1667,0.7335127833706928,0.0,0.0
1668,0.021350991093637743,0.0,0.0
1669,0.0,0.0,0.0
1670,0.0,0.0,0.0
1671,0.0,0.0,0.0
1672,0.0,0.0,0.0
1673,0.0,0.0,0.0
1674,0.0,0.0,0.0
1675,0.013197374266271216,0.0,0.0
1676,0.5000401589653564,0.0,0.0
1677,0.6842765731535354,0.0,0.0
1678,0.5597180936932237,0.0,0.0
1679,0.32137672517331745,0.0,0.0
1680,0.5421015679627427,0.15639160042593678,0.0
1681,0.108056259791997,0.17617355965467615,0.0
1682,0.3585406692258457,0.0,0.0
1683,0.07793334156028704,0.0,0.07974503745938588
1684,0.0,0.0,0.09667517407477115
1685,0.0,0.006847849075005462,0.053286212528411786
1686,0.0,0.00612301137492143,0.09427145302959684
1687,0.0,0.0,0.09816959428563181
1688,0.0,0.0,0.18371862091733174
1689,0.0,0.0,0.3721424566219083
1690,0.0,0.0,0.3763249895986784
1691,0.0,0.0,0.4925070184966164
1692,0.0,0.0,0.34404925847177564
1693,0.0,0.0,0.39759326691903213
1694,0.14100153355103157,0.0,0.5364786919490077
1695,0.0,0.0,0.3509473600311697
1696,0.0,0.0,0.0009915198552694047
1697,0.0,0.0,0.0
1698,0.0,0.0,0.0
1699,0.0,0.0,0.0
1700,0.5236339860374334,0.0,0.0
1701,1.0,0.0,0.0
1702,0.9999999999999999,0.04820199253765334,0.0
1703,0.9999915736883451,0.06623899085602694,0.0
1704,0.7435096413501963,0.0014720086164362455,0.0
1705,0.9830432171438841,0.0,0.0
1706,1.0,0.0,0.0
1707,0.9999999999999999,0.0,0.009925827212617906
1708,0.41712270167010557,0.0,0.0
1709,0.568206256795478,0.0866279040602282,0.0
1710,0.7272965764100843,0.007697166948066143,0.0
1711,0.9242663453529761,0.0,0.0
1712,0.8209022379761922,0.0,0.0
1713,0.7354929372218909,0.0,0.0
1714,0.8542345330855861,0.002745453487469029,0.0
1715,0.8939122380311865,0.009886666728433044,0.0
1716,0.9849250195556136,0.0070180417788259595,0.0
1717,0.8285036676934203,0.0,0.0
1718,0.211588066625397,0.010844600044463503,0.011302574710504425
1719,0.11691844532771432,0.0003655843383000122,0.02278377314948379
1720,0.9451498285655132,0.0,0.0
1721,0.9999999999999999,0.0,0.0
1722,0.9789973513736451,0.0,0.0
1723,0.9510279246704,0.0,0.0
1724,0.46863781072636385,0.05239962623777326,0.0
1725,0.044073902379305335,0.15199592455299574,0.0
1726,0.5072857071458869,0.12151347065350351,0.0
1727,0.29144509525379764,0.0,0.0
1728,0.0042093929357532285,0.0,0.0
1729,0.02806951839473872,0.0,0.0
1730,0.1447312680623829,0.0,0.0
1731,0.014426025520913467,0.0,0.0
1732,0.0,0.0,0.0
1733,0.0,0.0,0.8906650420229195
1734,0.0,0.0,0.6619505961621128
1735,0.0,0.0,0.4121221263584573
1736,0.0,0.0,0.0
1737,0.0,0.0,0.0
1738,0.0,0.0,0.0
1739,0.0,0.0,0.7365442846408141
1740,0.0,0.0,0.9811361476946513
1741,0.0,0.0,0.9132191666176286
1742,0.0,0.0,0.0731484916853111
1743,0.0,0.0,0.16023893701932349
1744,0.0,0.0,0.07395714822215314
1745,0.0,0.0,0.0
1746,0.0,0.0,0.0
1747,0.10234566245832234,0.0,0.0
1748,0.0,0.0,0.0
1749,0.0,0.0,0.0
1750,0.0,0.0,0.0
1751,0.0,0.0,0.0
1752,0.0,0.0,0.0
1753,0.07298155979120866,0.0,0.0
1754,0.0633711249369404,0.0,0.0
1755,0.0,0.0,0.0
1756,0.0,0.0,0.0
1757,0.0,0.0,0.0
1758,0.23551515292227956,0.0,0.0
1759,0.20488633966640749,0.0,0.0
1760,0.0,0.0,0.0
1761,0.0,0.0,0.0
1762,0.0,0.0,0.0
1763,0.31025497448310496,0.0,0.0
1764,0.0,0.0,0.0
1765,0.0,0.0,0.0
1766,0.0,0.0,0.0
1767,0.25617689340115535,0.0,0.0
1768,0.7861085208974122,0.0,0.0
1769,0.15163889246187318,0.0,0.0
1770,0.0,0.0,0.0
1771,0.0,0.0,0.0
1772,0.0,0.0,0.0
1773,0.0,0.0,0.0
1774,0.0,0.0,0.0
1775,0.0,0.0,0.0
1776,0.09364005098834956,0.0,0.0
1777,0.3873242396446879,0.0,0.0
1778,0.6091446941221315,0.0,0.0
1779,0.3368565778565435,0.019546768691032893,0.0
1780,0.27060469585834596,0.0,0.0
1781,0.4359387208256435,0.0,0.0
1782,0.3287790903040976,0.2306620013277445,0.0
1783,0.0,0.0,0.0
1784,0.0,0.0,0.0
1785,0.0,0.0,0.22645913078696403
1786,0.0,0.004602398500963355,0.28201322231963977
1787,0.0,0.0,0.42387848046867865
1788,0.0,0.0,0.5948797829165412
1789,0.0,0.0,0.3940458302033488
1790,0.0,0.0,0.312740834415587
1791,0.0,0.0,0.19058878890396128
1792,0.0,0.0,0.07841001967441431
1793,0.0,0.0,0.01917970769615331
1794,0.11100502453613686,0.0,0.0
1795,0.28068784099354466,0.0,0.0
1796,0.0,0.0,0.0
1797,0.0,0.01897769486512363,0.0
1798,0.0,0.012057011536572501,0.0
1799,0.0,0.0,0.0
1800,0.0,0.0,0.0
1801,0.43151518294530766,0.0,0.0
1802,0.9999691498126513,0.0,0.0
1803,0.9999999999999999,0.005573809020706559,0.0
1804,0.8884725506964779,0.0,0.0
1805,0.9850608811765211,0.0,0.0
1806,0.9598225730684018,0.040177426931826285,0.0
1807,0.5852769068368604,0.4147230931631059,0.0
1808,0.8436096156298765,0.16035758068491354,0.0022195858231035975
1809,0.9157205469238685,0.004751266135671441,0.01259405770516525
1810,0.9323105365264185,0.0,0.0
1811,0.9953206122462392,0.0,0.0
1812,0.20170615900812355,0.0,0.0
1813,0.13666438359751137,0.0,0.0
1814,0.30273316038991294,0.0,0.0
1815,0.28100277220890835,0.0,0.0
1816,0.9449321911876498,0.0,0.0
1817,0.7147645600034634,0.08205014209230908,0.0
1818,0.9105858662378178,0.0,0.0
1819,0.2589597032357087,0.10818225466033868,0.0
1820,0.5026906657964254,0.00560045974703,0.0
1821,0.5987713849770013,0.0,0.0
1822,0.741040069510335,0.0,0.0
1823,0.6078333094232281,0.0,0.0023450913706313126
1824,0.8313677094843402,0.0,0.0
1825,0.46539046798900857,0.0,0.0
1826,0.14976419328391963,0.001384675819090035,0.0
1827,0.9772609170539427,0.09664492968581873,0.0
1828,0.42786611328153196,0.41195825518801976,0.0
1829,0.11746961836424033,0.16172093246697666,0.0
1830,0.13399959473769948,0.0,0.0
1831,0.26509654715851655,0.0,0.0
1832,0.09507455646633303,0.0,0.0
1833,0.0,0.0,0.8910869167419118
1834,0.0,0.0,0.874990639641726
1835,0.0,0.0,0.07987368618464895
1836,0.0,0.0,0.0
1837,0.0,0.0,0.07584312543171962
1838,0.0,0.0,0.5942990435073001
1839,0.0,0.0,0.7182775462215667
1840,0.0,0.0,0.514111857650003
1841,0.0,0.0,0.9840267875938333
1842,0.0,0.0,0.9727255657229497
1843,0.0,0.0,1.0
1844,0.0,0.0,0.9032122062078135
1845,0.0,0.0,0.2910790015812029
1846,0.0,0.0,0.0
1847,0.45704902506879513,0.0,0.0
1848,0.9853898095897818,0.0,0.0
1849,0.2340514596282987,0.0,0.0
1850,0.0,0.0,0.0
1851,0.0,0.0,0.0
1852,0.0,0.0,0.0
1853,0.0,0.0,0.0091026372432641
1854,0.0,0.0,0.24998341019769807
1855,0.0,0.0,0.09498679207175074
1856,0.0,0.0,0.0
1857,0.0,0.0,0.0
1858,0.0,0.0,0.0
1859,0.7969433394163473,0.0,0.0
1860,0.519541488855179,0.0,0.0
1861,0.0,0.0,0.3035680179861225
1862,0.0,0.0,0.4099089423194477
1863,0.0,0.0,0.048665317240090766
1864,0.0,0.0,0.0
1865,0.0,0.0,0.0
1866,0.0,0.0,0.0
1867,0.0,0.0,0.0
1868,0.0,0.0,0.0
1869,0.0,0.0,0.0
1870,0.0,0.0,0.0
1871,0.0,0.0,0.0
1872,0.0,0.0,0.0
1873,0.0,0.0,0.0
1874,0.0,0.0,0.0
1875,0.0,0.0,0.0
1876,0.0,0.0,0.0
1877,0.295191332411412,0.0,0.0
1878,0.0,0.0,0.0
1879,0.0,0.0,0.0
1880,0.0,0.0,0.0
1881,0.0,0.0,0.0
1882,0.0,0.0,0.0
1883,0.048575629071681524,0.0,0.0
1884,0.07462979651524944,0.0,0.0
1885,0.0920194292489915,0.0,0.00010281512704220711
1886,0.0,0.0,0.6335911535933764
1887,0.0,0.0,0.6919787254251389
1888,0.0,0.0,0.5014070280440426
1889,0.0,0.0,0.5414550203965699
1890,0.0,0.0,0.37077662602646255
1891,0.0,0.0,0.4324670851140401
1892,0.0,0.0,0.40632187959895966
1893,0.0,0.0,0.4222706737445817
1894,0.0,0.0,0.32552404868501456
1895,0.0,0.0,0.1474884326822929
1896,0.000723722376240867,0.0,0.0
1897,0.0,0.0,0.0
1898,0.0,0.007518102302817195,0.0
1899,0.0,0.005288128012514649,0.0
1900,0.0,0.0,0.0
1901,0.0,0.0,0.0
1902,0.0,0.0,0.0
1903,0.49565228803547656,0.0,0.0
1904,0.953122648599075,0.0,0.0
1905,0.9218204910808317,0.0,0.0
1906,0.9999999999999999,0.0,0.0
1907,0.9127749287564489,0.08772908795927464,0.0
1908,0.420641166217411,0.5548199471738485,0.0
1909,0.18658068380966505,0.47640068157626997,0.0
1910,0.32437544064438834,0.42235447257779446,0.0
1911,0.7353567498600998,0.34780746993227235,0.004390525921211976
1912,0.7589316021944631,0.09866656826929605,0.0
1913,0.221317678942003,0.0,0.0
1914,0.1880647570982772,0.0,0.0
1915,0.27645931714720584,0.04659375270496897,0.01772644835496443
1916,0.5749626638253001,0.1024563300770616,0.0
1917,0.8576051688660394,0.11416788307775483,0.0
1918,0.6400294001855484,0.0,0.0
1919,0.9463355653475423,0.0,0.011897770997391135
1920,0.7431532220683722,0.010441449434325298,0.0
1921,0.24450223363868684,0.0,0.004664440077333808
1922,0.6557119880720427,0.10509697197822868,0.0
1923,0.777369763886326,0.0,0.0
1924,0.16746864269209402,0.0,0.0
1925,0.5397502193364452,0.0,0.0
1926,0.042269308090063046,0.0,0.0
1927,0.7026804343592284,0.0,0.0
1928,1.0,0.0,0.0
1929,0.8693410351490367,0.0,0.0
1930,0.25416779359247393,0.0,0.0
1931,0.11732359769224242,0.0,0.0
1932,0.0,0.0001525564046704959,0.0
1933,0.0,0.0,0.0
1934,0.0,0.0,0.9042441216542294
1935,0.0,0.0,0.8550556446217129
1936,0.0,0.0,0.07615397227338869
1937,0.0,0.0,0.0
1938,0.11609281681262953,0.0,0.18026773218862607
1939,0.6107655111247043,0.0,0.32075025413249864
1940,0.43895459851643887,0.0,0.5458487587328649
1941,0.0,0.0,0.9822042365414764
1942,0.0,0.0,0.8873672128525649
1943,0.0,0.0,0.9130355689354214
1944,0.0,0.0,1.0
1945,0.0,0.0,1.0
1946,0.0,0.0,0.7394051413270086
1947,0.0,0.0,0.1242062671366273
1948,0.1285542215496151,0.0,0.0
1949,0.34749528015029274,0.0,0.0
1950,0.052384809310046465,0.0,0.0
1951,0.0,0.0,0.0
1952,0.0,0.0,0.0
1953,0.0,0.0,0.0
1954,0.0,0.0,0.07535606044331856
1955,0.0,0.0,0.6071336065057815
1956,0.0,0.0,0.0
1957,0.058613503357636126,0.0,0.0
1958,0.2275614139088629,0.0,0.0
1959,0.0,0.0,0.0
1960,0.0,0.0,0.04773733341857615
1961,0.0,0.0,0.5081962258260423
1962,0.0,0.0,0.9784215409071982
1963,0.0,0.0,1.0
1964,0.0,0.0,0.9146112334572549
1965,0.0,0.0,0.4285671480509899
1966,0.0,0.0,0.0019486574748093053
1967,0.0,0.0,0.0
1968,0.0,0.0,0.0
1969,0.0,0.0,0.0
1970,0.0,0.0,0.0
1971,0.017900396659519025,0.0,0.0
1972,0.1344954573279141,0.0,0.0
1973,0.0,0.0,0.0
1974,0.0,0.0,0.0
1975,0.0,0.0,0.0
1976,0.0,0.0,0.0
1977,0.0,0.0,0.0
1978,0.10761747108856198,0.0,0.0
1979,0.13889071574973458,0.0,0.0
1980,0.0694367712581455,0.020270121918405288,0.0
1981,0.00010270019317981584,0.011620413189589548,0.0
1982,0.0,0.0,0.0
1983,0.0,0.0,0.0
1984,0.0,0.0,0.0
1985,0.3394715534504061,0.0,0.0
1986,0.1360533752350498,0.0,0.0
1987,0.0,0.0,0.1214938959651183
1988,0.0,0.0,0.4299219887626629
1989,0.0,0.0,0.47769545552540543
1990,0.0,0.009242497610260608,0.3302541846801877
1991,0.0,0.0,0.25461722137653836
1992,0.0,0.0,0.3447820654568208
1993,0.0,0.0,0.5116188879542217
1994,0.0,0.0,0.23685516967365716
1995,0.0,0.0,0.0
1996,0.0,0.0,0.0
1997,0.0,0.0,0.0
1998,0.0,0.0,0.0
1999,0.0,0.0,0.0
2000,0.0,0.0,0.0
2001,0.0,0.0,0.0
2002,0.0,0.0,0.0
2003,0.0,0.0,0.0
2004,0.442432186462484,0.04894354865494054,0.0
2005,0.7988852533910401,0.0,0.0
2006,0.8796980001361446,0.0,0.0
2007,0.9830437304439124,0.0,0.0
2008,1.0,0.01902558210784233,0.0
2009,0.9008839701772515,0.0,0.0
2010,1.0,0.0,0.0
2011,0.8133756497701727,0.0,0.0
2012,0.746258786965176,0.0,0.0
2013,1.0,0.0,0.0
2014,1.0,0.0,0.0
2015,0.8487057750739274,0.12566505083969678,0.0
2016,0.5185315095586531,0.1257357664465414,0.0
2017,0.6298582930119615,0.1178417503820929,0.0
2018,0.5486638672101187,0.014704103683202591,0.0
2019,0.24384396133312022,0.0,0.0
2020,0.8860836118133404,0.07418628070977563,0.0
2021,1.0,0.0,0.034858211021177435
2022,0.8290163678420762,0.0,0.0
2023,1.0,0.0,0.0
2024,0.24944453880328288,0.0,0.0
2025,0.16144358286513757,0.0,0.0
2026,0.47603391246433224,0.02568392582955966,0.0
2027,0.6227904005335669,0.008756570217281389,0.0
2028,0.997638270617778,0.0,0.0
2029,0.8982455064763634,0.0,0.0
2030,0.47488450243318053,0.0,0.0
2031,0.0017713393235493995,0.0,0.0
2032,0.0,0.0,0.0
2033,0.0,0.0,0.0
2034,0.0,0.0,0.0
2035,0.0,0.0,0.9992106756174818
2036,0.0,0.0,0.4761666352773848
2037,0.0,0.0,0.10182497672583463
2038,0.0,0.0,0.0
2039,0.4798837912251478,0.0,0.0
2040,0.8349266798970216,0.0,0.0
2041,0.4128163286748543,0.0,0.1719721761973796
2042,0.0,0.0,0.36447236166386643
2043,0.08462106849226544,0.0,0.2377927719363559
2044,0.5502256547688936,0.0,0.3318123982385303
2045,0.0,0.0,0.9336940599045925
2046,0.0,0.0,0.9229124401691523
2047,0.0,0.0,0.912097634171566
2048,0.0,0.0,0.39075888991310387
2049,0.24685829667713807,0.0,0.0
2050,0.30800533013213227,0.0,0.0
2051,0.0,0.0,0.0
2052,0.0,0.0,0.0
2053,0.0,0.0,0.0
2054,0.0,0.0,0.0
2055,0.0,0.0,8.09484471068169e-05
2056,0.0,0.0,0.0837027254889075
2057,0.04803397393316803,0.0,0.0
2058,0.25675579470208904,0.0,0.0
2059,0.0,0.0,0.0
2060,0.0,0.0,0.19649734558273618
2061,0.0,0.0,0.9114582501909193
2062,0.0,0.0,1.0
2063,0.0,0.0,0.9663463207744901
2064,0.0,0.0,0.9999999999999999
2065,0.0,0.0,1.0
2066,0.0,0.0,0.9012195526734292
2067,0.0,0.0,0.5250138369936465
2068,0.0,0.0,0.005541264435970732
2069,0.0,0.0,0.0
2070,0.0,0.0,0.0
2071,0.0,0.0,0.0
2072,0.06580803546372037,0.0,0.0
2073,0.2432802558441475,0.0,0.0
2074,0.0,0.0,0.1142389478146974
2075,0.0,0.0,0.09511461155489638
2076,0.0,0.0,0.21549521770325797
2077,0.0,0.0,0.03366636535652426
2078,0.0,0.0,0.0
2079,0.08741104165562824,0.0,0.0
2080,0.557115225317987,0.0,0.0
2081,0.7542911631723727,0.00024803930749836377,0.0
2082,0.1071934667012328,0.0001822250820645136,0.0
2083,0.0,0.0,0.0
2084,0.0,0.0,0.0
2085,0.12958575784807172,0.0,0.0
2086,0.1199157205932087,0.0,0.0
2087,0.10232718865469746,0.0,0.01684246282248063
2088,0.0,0.0,0.0
2089,0.2589981205403689,0.0,0.0
2090,0.002266817876635715,0.0,0.0
2091,0.0,0.005582623276172297,0.0
2092,0.05906253873830946,0.01828743673225084,0.0
2093,0.0,0.0,0.0
2094,0.0,0.0,0.0
2095,0.0,0.0,0.0
2096,0.053810587804383976,0.0,0.0
2097,0.0,0.0,0.0
2098,0.0,0.0,0.17286298077807763
2099,0.0,0.0,0.08575817083802321
2100,0.0,0.0,0.0
2101,0.04819205388766883,0.0,0.0
2102,0.010366811132267381,0.0,0.0
2103,0.0,0.008986090815137219,0.017146131558508065
2104,0.0,0.0,0.0
2105,0.0,0.0013520890265003031,0.0
2106,0.385912334346351,0.0,0.0
2107,1.0000000000000002,0.0,0.0
2108,0.9236732257869027,0.0,0.0
2109,0.8320470338108804,0.0,0.0
2110,0.954454983074303,0.0,0.13214017122643204
2111,1.0,0.0,0.018088449948164914
2112,0.8911120421754617,0.02152282066118998,0.004594221766803093
2113,1.0,0.04248994034100493,0.0
2114,1.0,0.20729088805621404,0.0
2115,1.0,0.0,0.0
2116,1.0,0.0,0.0
2117,0.6444466518745023,0.015842433420481226,0.0
2118,0.10478847287240162,0.0075710135889053235,0.0
2119,0.35120252934049256,0.006960941454556081,0.0
2120,0.6121868677347129,0.0329480129443086,0.0
2121,0.614184020022765,0.08652465568414465,0.0
2122,0.5504203688807113,0.08146053347254234,0.017847646447763803
2123,0.5878680210818523,0.0,0.001148767497945181
2124,0.8907106788946109,0.0,0.0
2125,0.4423540619290142,0.0,0.0
2126,0.6413728186101431,0.0,0.0
2127,0.7369866285900966,0.0,0.0
2128,0.49541294248357354,0.0,0.0
2129,0.7025433305023778,0.0,0.0
2130,0.17639640325315986,0.0,0.0
2131,0.0,0.0,0.0
2132,0.0,0.0,0.0
2133,0.0,0.0,0.0
2134,0.0,0.0,0.0
2135,0.0,0.0,0.0
2136,0.0,0.0,0.921876308492528
2137,0.0,0.0,0.8316428434936255
2138,0.0,0.0,0.09795058600994061
2139,0.0,0.0,0.0
2140,0.0,0.0,0.0
2141,0.0,0.0,0.0
2142,0.0,0.0,0.0
2143,0.0,0.0,0.0
2144,0.0,0.0,0.0
2145,0.0,0.0,0.0
2146,0.0,0.0,0.0
2147,0.0,0.0,0.0
2148,0.0,0.0,0.0
2149,0.0,0.0,0.0
2150,0.5530862963303309,0.0,0.0
2151,0.45094025811662963,0.0,0.0
2152,0.0,0.0,0.0
2153,0.0,0.0,0.0
2154,0.0,0.0,0.0
2155,0.0,0.0,0.0
2156,0.0,0.0,0.0
2157,0.7243857945044391,0.0,0.0
2158,0.04921687745018276,0.0,0.0
2159,0.15561844472035052,0.0,0.0
2160,0.0,0.0,0.0
2161,0.0,0.0,0.0
2162,0.33933414789038335,0.0,0.3266115808251365
2163,3.503164818382435e-07,0.0,0.985824632807614
2164,0.0,0.0,0.9974451687669419
2165,0.0,0.0,0.9650882845009006
2166,0.0,0.0,0.9929093724443314
2167,0.0,0.0,0.8667517756304794
2168,0.0,0.0,0.7254185034441969
2169,0.0,0.0,0.4189785158863307
2170,0.0,0.0,0.06340467200146947
2171,0.11704396935926169,0.0,0.0
2172,0.18054053102540396,0.0,0.0
2173,0.06144215767539898,0.0,0.0
2174,0.047203741031141895,0.0,0.0
2175,0.0,0.0,0.16141541694526884
2176,0.0,0.0,0.23137427446120684
2177,0.0,0.0,0.03601401735927572
2178,0.015693570432687824,0.0,0.0
2179,0.1767857486852113,0.021882505833445226,0.0
2180,0.013048368886363957,0.012496492804698759,0.0
2181,0.3347401600124842,0.0,0.0
2182,0.05266423952495493,0.0,0.0
2183,0.05150046940138944,0.0,0.0
2184,0.25753769367481444,0.0,0.0
2185,0.2715307348644149,0.0,0.0
2186,0.4797922530974082,0.0,0.017139129364763698
2187,0.3513216412939266,0.018502694493453375,0.03795296403927313
2188,0.08912506667618053,0.0,0.05459605729129085
2189,0.0,0.0,0.0
2190,0.8826124997141338,0.0,0.0
2191,0.47764233948442003,0.0,0.0
2192,0.0,0.0,0.0
2193,0.0,0.0,0.0
2194,0.0,0.0,0.0
2195,0.0,0.0,0.0
2196,0.0,0.0,0.0
2197,0.2158073175756263,0.0,0.0
2198,0.0,0.0,0.0
2199,0.0,0.0,0.054515539745684335
2200,0.0,0.0,0.2413087995895615
2201,0.0,0.0,0.0
2202,0.45103916075517897,0.0,0.09200661462636704
2203,0.06582947508944012,0.0,0.0
2204,0.0,0.0,0.005630037466289357
2205,0.0,0.0,0.0455979347681602
2206,0.0,0.0,0.0
2207,0.046929187996401375,0.0,0.0
2208,0.9069228821447493,0.0,0.0
2209,0.9782310423238618,0.0,0.0
2210,0.8714686392130262,0.0,0.0
2211,0.9133518712089791,0.0,0.0
2212,0.5158755895030956,0.0,0.0
2213,0.2671896842069875,0.03570982037508872,1.3962786160235298e-07
2214,0.6058136596250268,0.01560232294666831,0.0
2215,0.9303879914002183,0.0,0.0
2216,0.28322604128205436,0.0,0.06638469070493588
2217,0.05657529117398795,0.0,0.39356113856216285
2218,0.006886304068528444,0.0,0.03901540266471214
2219,0.5682297305174006,0.0,0.007600909384499669
2220,0.9401468793250493,0.08773924735305938,0.08838869777790131
2221,0.9879009284954418,0.0,0.00666196107665046
2222,0.5855086516220573,0.0,0.0028943393908432958
2223,0.0,0.0,0.027809620837366156
2224,0.16376395729414073,0.13688899535021393,0.0
2225,0.9737858141376575,0.0,0.0
2226,0.8800510334511903,0.0,0.0
2227,0.5338905740028624,0.0,0.0
2228,0.4672329207011243,0.0,0.0
2229,0.4071759721168348,0.18106817755442242,0.0
2230,0.3060159766965617,0.0,0.0
2231,0.0,0.0,0.0
2232,0.0,0.0,0.0
2233,0.0,0.0,0.0
2234,0.0,0.0,0.0
2235,0.0,0.0,0.0003103879845497188
2236,0.0,0.0,0.0
2237,0.0,0.0,0.0
2238,0.0,0.0,0.0
2239,0.0,0.0,0.0
2240,0.0,0.0,0.0
2241,0.0,0.0,0.0
2242,0.0,0.0,0.0
2243,0.0,0.0,0.0
2244,0.0,0.0,0.0
2245,0.0,0.0,0.0
2246,0.0,0.0,0.0
2247,0.0,0.0,0.0
2248,0.09208230807056911,0.0,0.0
2249,0.12212404747882405,0.0,0.0
2250,0.0,0.0,0.04266170381813365
2251,0.0,0.0,0.48333075929753416
2252,0.07618218175551084,0.0,0.18423429461853902
2253,0.0,0.0,0.0
2254,0.0,0.0,0.0
2255,0.0,0.0,0.0
2256,0.0,0.0,0.021270264016829805
2257,0.331442201471086,0.0,0.2899262472534595
2258,0.04148319293480752,0.0,0.8697860387885963
2259,0.0,0.0,1.0
2260,0.0,0.0,0.8992111160972607
2261,0.6718655425248559,0.0,0.08155843057844496
2262,0.27598852732721296,0.0,0.6665825723488433
2263,0.0,0.0,0.9999999999999999
2264,0.06581655471595864,0.0,0.7576290821653626
2265,0.03507895530473095,0.0,0.2757646729349997
2266,0.6566493844584596,0.0,0.0
2267,0.6032279166294499,0.0,0.0
2268,0.5560190731665066,0.0,0.09736566577358079
2269,0.18261348372386937,0.0,0.3116855243906353
2270,0.0,0.0,0.14634191182168638
2271,0.0,0.0,0.0
2272,0.2452079606687963,0.0,0.007769368442070552
2273,0.5572200136902835,0.0,0.0
2274,0.5032282412057624,0.0,0.0
2275,0.4356893971938423,0.0,0.0
2276,0.3874402636172387,0.14436466761412844,0.0
2277,0.2143867620924701,0.0878238892291107,0.0
2278,0.25181188628444495,0.1468071825173574,0.0
2279,0.3865325963637947,0.0,0.0
2280,0.5017477756309027,0.0,0.020866683652802254
2281,0.3647108618893969,0.0,0.02656511875192631
2282,0.007229693734680136,0.0,0.0
2283,0.0007960260254339688,0.0,0.0
2284,0.19652813953282747,0.0,0.0
2285,0.6031116847100307,0.0,0.0
2286,0.8191743517682208,0.0,0.0
2287,0.31702750902012666,0.0,0.0
2288,0.0,0.0,0.0
2289,0.0,0.0,0.0
2290,0.0,0.0,0.0
2291,0.0,0.0,0.0
2292,0.0,0.0,0.0
2293,0.0,0.0,0.0
2294,0.0,0.0,0.0
2295,0.0,0.0,0.0
2296,0.0,0.0,0.0
2297,0.0,0.0,0.05109747686839271
2298,0.0,0.0,0.44340816294943836
2299,0.0,0.0,0.059168512077561235
2300,0.0,0.0,0.0
2301,0.0,0.0,0.003184874708916942
2302,0.0,0.0,0.0
2303,0.401930648624599,0.0,0.011749308568526134
2304,0.5428029612332974,0.0,0.0
2305,0.43980375865215765,0.0,0.0
2306,0.26827255840189246,0.0,0.003815086003501765
2307,0.0,0.0,0.0
2308,0.0,0.003819044457659915,0.0
2309,0.3359260432319535,0.07173165756671301,0.0
2310,0.5420334678037,0.0,0.028333296009450237
2311,0.0,0.0,0.49693515401069344
2312,0.08268295311484553,0.0,0.09112382169176876
2313,0.09802083833436037,0.26230358644723567,0.0
2314,0.8545690949533494,0.0,0.0
2315,0.9885191224626063,0.005643075475799444,0.0
2316,0.884642606103785,0.03934347475936256,0.0
2317,0.5253712659401797,0.0,0.0
2318,0.3036072009658744,0.1987934633327589,0.009969230100298859
2319,0.0,0.8679072410851619,0.0
2320,0.40506486873589886,0.016951174968404845,0.0
2321,0.530764393208577,0.0,0.0008669105818105207
2322,0.6009701472168635,0.0,0.0
2323,0.5144097469480624,0.0,0.0
2324,0.0,0.004777232962979497,0.0
2325,0.0,0.5785397339450057,0.00997076133597973
2326,0.0,0.03693354081428295,0.5393236650430183
2327,0.0,0.0,0.4305687362868133
2328,0.0,0.0,0.025856301047606972
2329,0.0,0.0,0.4428904066611885
2330,0.0,0.0,0.809675038120709
2331,0.0,0.0,0.4410696566380657
2332,0.0,0.0,0.14079425943622564
2333,0.2569694583263183,0.0,0.0
2334,0.0,0.0,0.0
2335,0.0,0.0,0.0
2336,0.0,0.0,0.0
2337,0.0,0.0,0.0
2338,0.0,0.0,0.0
2339,0.0,0.0,0.0
2340,0.0,0.0,0.0
2341,0.0,0.0,0.0
2342,0.0,0.0,0.0
2343,0.0,0.0,0.0
2344,0.0,0.0,0.0
2345,0.3597475222988104,0.0,0.0
2346,0.35345766586829724,0.0,0.0
2347,0.0,0.0,0.13447657005774272
2348,0.0,0.0,0.7630169955654809
2349,0.0,0.0,0.5257161791257116
2350,0.0,0.0,0.0
2351,0.0,0.0,0.0073554804497316046
2352,0.0,0.0,0.3596035398243649
2353,0.0,0.0,0.8632891635087113
2354,0.0,0.0,0.8621945148081961
2355,0.0,0.0,0.7030534526438462
2356,0.04904862240536425,0.0,0.8835415823215489
2357,0.020392147157316735,0.0,0.8078220319418126
2358,0.5262272208953972,0.0,0.39176600003150774
2359,0.3264657537420071,0.0,0.47746098460525965
2360,0.3207996472994164,0.0,0.36790404302639124
2361,0.46795204208675606,0.0,0.03233972477815556
2362,0.4423472505253112,0.0,0.0
2363,0.6452298141994174,0.0,0.0
2364,0.8985998749158909,0.0,0.0
2365,0.22139340934196935,0.0,0.13034548732378762
2366,0.0,0.0,0.3413243813245379
2367,0.0,0.0,0.17083776752006982
2368,0.04075062726040349,0.0,0.0025153407267868946
2369,0.06612748308489216,0.0,0.07727485385275856
2370,0.3420461372904216,0.15991591466268956,0.0030874676916110228
2371,0.3603500839590742,0.011877911183046944,0.0
2372,0.055381967881034055,0.06997603366174587,0.003181064651334344
2373,0.17056227720079373,0.09323927055153866,0.0021522154738794325
2374,0.14600223581484803,0.0,0.0
2375,0.04596648271172725,0.0,0.0
2376,0.3298125316938324,0.11695600605072747,0.0
2377,0.31385511831059004,0.03802596289070551,0.0
2378,0.48806038121483825,0.0,0.0
2379,0.38518077240158793,0.0,0.0
2380,0.08795900748412779,0.0,0.0
2381,0.057522323635382344,0.0,0.0
2382,0.1634018049376726,0.0,0.0
2383,0.5150902978027802,0.0,0.0
2384,0.8771196421643919,0.0,0.0
2385,0.08662888241469328,0.0,0.0
2386,0.0,0.0,0.0
2387,0.0,0.0,0.0
2388,0.0,0.0,0.0
2389,0.001987840265110731,0.0,0.002709026382139154
2390,0.041711460438873006,0.0,0.002422144007931023
2391,0.0,0.0,0.0
2392,0.0,0.0,0.0
2393,0.0,0.0,0.0
2394,0.0,0.0,0.13594940074686349
2395,0.0,0.0,0.8109917368129098
2396,0.0,0.0,0.03943360605325423
2397,0.0,0.0,0.0
2398,0.0,0.0,0.0
2399,0.0,0.0,0.0006829789379229522
2400,0.0,0.0,0.04632418570608398
2401,0.0,0.0,0.0
2402,0.0,0.0,0.0
2403,0.0,0.0,0.0
2404,0.0,0.0,0.006060807120747017
2405,0.0,0.0,0.003569536024783835
2406,0.0,0.0,0.0
2407,0.0,0.0,0.00029930700690314555
2408,0.025317913132357723,0.0,0.00036649453337734693
2409,0.0973471254174007,0.0,0.0015521069121457215
2410,0.3827821194142614,0.0,0.0
2411,0.6817817406851133,0.0,0.0
2412,0.07527494028108274,0.0,0.0013920024281131624
2413,0.43309608063438393,0.14459551032350318,0.0008718166286828372
2414,0.5385394115732491,0.0,0.009366687789734054
2415,0.16775155950944898,0.22879858079094662,0.0
2416,0.016476237557735893,0.25007644576021093,0.0
2417,0.7243436642426582,0.0,0.012048825498907222
2418,0.2979586387955556,0.0,0.0017085730509858604
2419,0.39266184913926727,0.0,0.0
2420,0.14463891137766724,0.01112515183552113,0.0
2421,0.0,0.0,0.3561272027223001
2422,0.0,0.0993880186260915,0.8029732798618645
2423,0.0,0.0,0.2308362473360954
2424,0.0,0.0,0.2495748211841454
2425,0.0,0.0,0.856785828687741
2426,0.0,0.0,1.0
2427,0.0,0.0,1.0
2428,0.0,0.0,0.9560196416520427
2429,0.5069480532978431,0.0,0.12935735741516632
2430,0.31851679186701015,0.0,0.0
2431,0.9292398404583978,0.0,0.0
2432,0.006194030333516839,0.0,0.0
2433,0.22009225916155645,0.0,0.0
2434,0.0,0.0,0.0
2435,0.0,0.0,0.0
2436,0.0,0.0,0.0
2437,0.0,0.0,0.0
2438,0.0,0.0,0.0
2439,0.0,0.0,0.0
2440,0.0,0.0,0.0
2441,0.0,0.0,0.0
2442,0.0,0.0,0.0
2443,0.0,0.0,0.0
2444,0.0,0.0,0.0
2445,0.024148984652393637,0.0,0.0
2446,0.7663369722830694,0.0,0.10272979981005884
2447,0.12119475318953911,0.0,0.11632598430413262
2448,0.0,0.0,0.7875832818296802
2449,0.0,0.0,1.0
2450,0.0,0.0,0.9743472060530229
2451,0.0,0.0,0.88175190226528
2452,0.0353132245505178,0.0,0.3961219086981173
2453,0.8599789543487268,0.0,0.09824628154364536
2454,0.6271243340105004,0.0,0.0
2455,0.5020208092346319,0.0,0.14258335247777298
2456,0.14441285930566497,0.0,0.07932979371705381
2457,0.0415038583228043,0.0,0.0
2458,0.5901803836843035,0.0,0.0
2459,0.8124775931615797,0.0,0.0
2460,0.9494864616786304,0.0,0.0
2461,1.0,0.0,0.0
2462,0.5597554090187223,0.0,0.0
2463,0.0,0.0,0.0
2464,0.0,0.0,0.0
2465,0.15354922652493827,0.0,0.0
2466,0.41459014714611203,0.164722224198618,0.0
2467,0.20880264229609855,0.10046016304982994,0.0
2468,0.25624355973893626,0.1567499871890433,0.0
2469,0.2437871556911326,0.09563496153706924,0.0
2470,0.3489642381638536,0.0024270002072272526,0.0
2471,0.5579983173117383,0.1393694082285308,0.0
2472,0.2532355147196657,0.04545716134403008,0.0
2473,0.09453413238924123,0.0,0.0
2474,0.389600142856252,0.0,0.0
2475,0.44066471526390594,0.07451782295386092,0.0
2476,0.3041818100563794,0.0,0.0
2477,0.338642105162289,0.0,0.0
2478,0.46367134747154987,0.0,0.0
2479,0.0,0.0,0.0
2480,0.0,0.0,0.0
2481,0.151961442251143,0.0,0.0
2482,0.6225765143099973,0.0035654700962382594,0.0
2483,0.04557528995514981,0.07961924977892645,0.0
2484,0.0,0.0,0.0
2485,0.0,0.0,0.0
2486,0.10010851195239685,0.0,0.0
2487,0.25321522109879496,0.0,0.01338344282117289
2488,0.03136252327157634,0.0,0.0045194073279394165
2489,0.09659997131334892,0.0,0.01561587652005284
2490,0.4119313414391822,0.0,0.02002693311603904
2491,0.025382758402504597,0.0,0.005694019742503664
2492,0.0,0.0,0.002363817211565745
2493,0.0,0.0,0.00014050535405465368
2494,0.0,0.0,0.0
2495,0.0,0.0,0.0
2496,0.0,0.0,0.002730912402772658
2497,0.0026102494839954035,0.0,0.12393897920899734
2498,0.0,0.0,0.0
2499,0.0,0.0,0.0
2500,0.026245354329719098,0.0,0.007372408671054385
2501,0.023035753937590733,0.0,0.0
2502,0.0,0.0,0.013620754297174551
2503,0.0,0.0,0.0
2504,0.11700895161823463,0.027524904579363924,0.0
2505,0.1619498199233771,0.0,0.0
2506,0.28434956707724107,0.0,0.0
2507,0.894395344739424,0.0,0.0018850865634532608
2508,0.9159524704576584,0.0,0.0
2509,0.3201950463524801,0.0,0.00015766991885035215
2510,0.7942055915414347,0.0,0.003591756873248224
2511,0.925837555931858,0.0,0.0
2512,0.18203648175123413,0.0,0.0
2513,0.0,0.0,0.0
2514,0.0,0.0,0.0
2515,0.0,0.0,0.02558880376171347
2516,0.0,0.0,0.0
2517,0.0,0.0,0.0
2518,0.0,0.0,0.16215576644159233
2519,0.0,0.0,0.2997790135424754
2520,0.0,0.0,0.3244057148662731
2521,0.0,0.0,0.9816908981687963
2522,0.0,0.0,1.0000000000000002
2523,0.0,0.0,1.0000000000000002
2524,0.0,0.0,1.0
2525,0.0,0.0,0.5177169745431716
2526,0.373421184666805,0.0,0.0
2527,0.8406984803629657,0.005967174956975159,0.0
2528,0.36370161223667036,0.0,0.0
2529,0.9788586777696825,0.0001762249392343953,0.0
2530,0.0,0.0,0.0
2531,0.0,0.0,0.0
2532,0.0,0.0,0.0
2533,0.0,0.0,0.0
2534,0.0,0.0,0.0
2535,0.0,0.0,0.0
2536,0.0,0.0,0.0
2537,0.0,0.0,0.0
2538,0.0,0.0,0.0
2539,0.0,0.0,0.0
2540,0.0,0.0,0.0
2541,0.0,0.0,0.0
2542,0.0,0.0,0.0
2543,0.004965603440795305,0.0,0.0
2544,0.2828082436735208,0.0,0.0
2545,0.029086748956108282,0.0,0.6293899454324956
2546,0.0,0.0,0.813980985705623
2547,0.0,0.0,0.997207126282124
2548,0.0,0.0,0.9674725627685631
2549,0.014610979322512048,0.0,0.7022509048158591
2550,0.0021475707620197647,0.0,0.1832720601837444
2551,0.31443417945010327,0.0,0.0
2552,0.0874340457224113,0.0,0.0
2553,0.4100248074293969,0.0,0.0
2554,0.37897063339771814,0.0,0.0
2555,0.44252381098366395,0.0008422455385509101,0.0
2556,0.37063313638739187,0.11642814144300444,0.0
2557,0.1104776524000652,0.0,0.0
2558,0.5423657989456396,0.0,0.0
2559,0.8952330671183567,0.0,0.0
2560,0.5956852544727531,0.0,0.0
2561,0.006345823327231179,0.0,0.0
2562,0.3679454674131203,0.0,0.0
2563,0.13926490628074256,0.0,0.0
2564,0.006345924544650887,0.3954178050313685,0.0
2565,0.2914553709079552,0.16642763240253464,0.0
2566,0.14243243524324645,0.12304489120981107,0.0
2567,0.41584049583708604,0.0,0.0
2568,0.34773512721181116,0.0,0.0
2569,0.4237652056924351,0.12000248894402293,0.0
2570,0.47868382600293735,0.0008081416791110847,0.0
2571,0.22480619798227336,0.0,0.0
2572,0.454871628243695,0.0,0.0
2573,0.2351822966751829,0.0,0.012784124951401405
2574,0.37601743105104574,0.0,0.0
2575,0.8898627071954756,0.0,0.0
2576,0.7392110696782213,0.0,0.0
2577,0.042215703414198405,0.0,0.0
2578,0.06489355607855553,0.0,0.0
2579,0.0,0.0,0.0
2580,0.06146120700179906,6.781597763814833e-06,0.0
2581,0.3084822152012632,0.047398048019326476,0.0
2582,0.05619292257765024,0.0,0.0
2583,0.001157527531957753,0.0,0.0
2584,0.6810756443834635,0.0,0.0
2585,0.6561010231590061,0.0062712621750494,0.015642853116388362
2586,0.4491146297368931,0.0,0.039033857830537165
2587,0.9830449488208871,0.0,0.0038683120603707475
2588,0.21097632916875533,0.0,0.0
2589,0.23232265915689987,0.0,0.0
2590,0.0,0.0,0.0
2591,0.0,0.0,0.0
2592,0.0,0.0,0.0
2593,0.0,0.0,0.0
2594,0.30929302237750034,0.0,0.0
2595,0.6667569059023726,0.0,0.0007157020676250208
2596,0.0,0.0,0.0
2597,0.0,0.0,0.0
2598,0.03432968525303634,0.0,0.0
2599,0.5312804800329225,0.026216277941261596,0.0
2600,0.3822038829479021,0.02675547956108704,0.0
2601,0.0,0.0,0.0
2602,0.08507541542116805,0.0,0.004498555609302227
2603,0.8271425130297133,0.0,0.0
2604,0.5670751408264082,0.0,0.04841369136165225
2605,0.913808392697465,0.0,0.0
2606,0.7791509830674533,0.055441422230961004,0.005090087372190131
2607,0.8521807802949537,0.0,0.01337533031278108
2608,0.6598580593843378,0.2370614392327012,0.0020675430111013787
2609,0.586594819140158,0.23562926581964508,0.0
2610,0.1329916087807337,0.0,0.0
2611,0.29449624549687575,0.0,0.006780715018306768
2612,0.5084874367459089,0.061732772686034866,0.0
2613,0.0,0.0,0.0
2614,0.0,0.0,0.0
2615,0.0,0.0,0.0
2616,0.0,0.0,0.09193963156942046
2617,0.0,0.0,0.21033358806401486
2618,0.0,0.0,0.9653623560310775
2619,0.0,0.0,1.0
2620,0.0,0.0,0.9999999999999999
2621,0.0,0.0,1.0
2622,0.0,0.0,0.9425184260279852
2623,0.37420249371885766,0.0,0.06927927293674474
2624,0.2271258607237236,0.03785604525635424,0.003023089634881257
2625,0.22034942900524088,0.8420930388585435,6.067905150695302e-06
2626,0.7675768152238592,0.021696432859895913,0.0
2627,0.2623911413089081,0.0,0.0
2628,0.6043673188927534,0.0,0.0
2629,0.6707722658982813,0.027989612799392608,0.0
2630,0.0979574428492207,1.4857281615147658e-08,0.06064571301653506
2631,0.6960949747931291,3.585916674044332e-09,0.02325398613188896
2632,0.0,0.0,0.0
2633,0.0,0.0,0.0
2634,0.0,0.0,0.0
2635,0.0,0.0,0.0
2636,0.0,0.0,0.0
2637,0.0,0.0,0.0
2638,0.0,0.0,0.0
2639,0.0,0.0,0.0
2640,0.0,0.0,0.0
2641,0.0,0.0,0.0
2642,0.0,0.0,0.0
2643,0.0,0.0,0.0
2644,0.0,0.0,0.0
2645,0.0,0.0,0.0
2646,0.16322587467336191,0.0,0.015957882255549748
2647,0.4766351981165962,0.0,0.00877096336956802
2648,0.002645833715968935,0.0,0.6642723933061986
2649,0.0,0.0,0.854144786735006
2650,0.34219977635511795,0.0,0.19879227879867092
2651,0.1523295521307324,0.0,0.0
2652,0.06291444484696615,0.0,0.0
2653,0.11563862294114621,0.0,0.0
2654,0.8511760544587856,0.0,0.0
2655,0.8491839920162615,0.0,0.0
2656,0.32265612954722506,0.0,0.0
2657,0.23620463873733305,0.0,0.0
2658,0.5465477068430955,0.0,0.0
2659,0.444933802357485,0.0,0.0
2660,0.1760142296750223,0.0,0.0
2661,0.04448998335970952,0.0,0.0
2662,0.3032212770358792,0.0,0.0
2663,0.5490706401373913,0.0,0.0
2664,0.08288670022771513,0.0014139814978576172,0.0
2665,0.16862986295648424,0.21382944987692562,0.0
2666,0.42218294396682327,0.0,0.0
2667,0.3794926830368337,0.0,0.014480717075721903
2668,0.48400775561297915,0.0,0.002990566684138684
2669,0.4051256714725377,0.0,0.0
2670,0.47849876971405786,0.0073889038056727425,0.00417745604971552
2671,0.41080470094727595,0.0,0.0
2672,0.8759557165146878,0.0,0.0
2673,0.61195793325967,0.0,0.0
2674,0.30044995954043874,0.0,0.0
2675,0.0,0.0,0.0
2676,0.005342789026979735,0.0,0.0
2677,0.0785219858123177,0.0,0.01284075449293132
2678,0.2796307961112065,0.0,0.0
2679,0.3378809133905597,0.0,0.0
2680,0.22357283555916466,0.0,0.0
2681,0.889266566711306,0.0,0.0
2682,0.8461314081003914,0.0,0.0
2683,0.5262055779125502,0.0,0.0
2684,0.021700495351851524,0.0,0.0
2685,0.2955033621803233,0.0,0.0
2686,0.5716024426945745,0.002894611447149604,0.10363575073163424
2687,0.2422304801145989,0.047981556046895336,0.0070748570646509395
2688,0.3706833257842683,0.0,0.028266688039252738
2689,0.17124338454032872,0.0,0.0032185852193309765
2690,0.16847996921982963,0.0,0.0
2691,0.0,0.0,0.0
2692,0.0,0.0,0.0
2693,0.0,0.0,0.0
2694,0.0,0.0,0.0
2695,0.06981168000186701,0.0,0.0
2696,0.11324207875520866,0.0,0.0
2697,0.0,0.0,0.0
2698,0.0,0.0,0.0
2699,0.0,0.0,0.0
2700,0.25122789799362755,0.001593012375832506,0.0
2701,0.6592730760172704,0.0,0.0
2702,0.2901481363037911,0.0,0.0011915866996224803
2703,0.11050174374520595,0.0,0.0140751233335961
2704,0.6651176928984817,0.21834101745386367,0.0
2705,0.8026300263327721,0.12806815720465595,0.03379326657500985
2706,0.8498654687677697,0.0,0.02574234033886063
2707,0.8661253713685396,0.0,0.057746139149647095
2708,0.9125482813068904,0.0,0.09295394914632917
2709,0.3826107836842764,0.27021875046093613,0.0
2710,0.7080866058084444,0.02641383106023477,0.0
2711,0.6306245993539198,0.0,0.0002464320444244606
2712,0.7706368482640669,0.0,0.005653316611386142
2713,0.4316078259179284,0.007658737285876624,0.0
2714,0.0,0.0,0.0
2715,0.0,0.0,0.0
2716,0.0,0.0,0.0
2717,0.0,0.0,0.5602756801823776
2718,0.0,0.0,0.7326230611821097
2719,0.0,0.0,0.7190321363101906
2720,0.0,0.0,0.7400151640181284
2721,0.0,0.0,0.996748138384632
2722,0.0,0.0,1.0
2723,0.11688021288529643,0.0,0.5058317270200275
2724,0.6810606856249386,0.14422805470709818,0.0
2725,0.43397468853948734,0.02334403458108153,0.0
2726,0.6213666636752643,0.24551349750947446,0.0
2727,1.0,0.0,0.0
2728,0.6956032432772782,0.0,0.0
2729,0.44071636505928163,0.0,0.0
2730,0.7270614488995026,0.0,0.0574543530639409
2731,0.5956310025532489,0.0,0.012946385876051462
2732,1.0,0.0,0.0
2733,1.0,0.0,0.0
2734,0.9999999999999999,0.0,0.0
2735,0.0,0.0,0.0
2736,0.0,0.0,0.0
2737,0.0,0.0,0.0
2738,0.10950485468235195,0.0,0.0
2739,0.23977041319015455,0.0,0.0
2740,0.0,0.0,0.0
2741,0.0,0.0,0.0
2742,0.0,0.0,0.0
2743,0.0,0.0,0.0
2744,0.0,0.0,0.0
2745,0.0,0.0,0.0
2746,0.0,0.0,0.0
2747,0.0,0.0,0.0
2748,0.0,0.0,0.0
2749,0.12969668995979589,0.0,0.0036550757992558224
2750,0.7924354451861619,0.0,0.0
2751,0.07466148631448212,0.0,0.0
2752,0.0,0.0,0.11932753912598508
2753,0.35553899174096826,0.0,0.05662282153743204
2754,0.5366924091578265,0.0,0.0
2755,0.7264688383806083,0.0,0.0
2756,0.740880698871466,0.0,0.0
2757,0.25701449068850585,0.0,0.1191762505546701
2758,0.8196828591262386,0.0,0.0
2759,0.6509385333772264,0.0,0.0
2760,0.29437329907085075,0.0,0.0
2761,0.8400096119563706,0.0,0.0
2762,0.02428673157220973,0.0,0.0
2763,0.09910179300547181,0.0,0.0
2764,0.06764486668315432,0.0,0.0
2765,0.19842852778702444,0.0,0.0
2766,0.4772512761955099,0.0,0.0
2767,0.0,0.0,0.0
2768,0.017420999200170796,0.0,0.0
2769,0.0558518586669556,0.0,0.0
2770,0.075304544736575,0.0,0.22514073429590228
2771,0.0006707903428736812,0.0,0.32492655043234697
2772,0.41395016047803873,0.0,3.589317102297127e-05
2773,0.3408979737625896,0.0,0.0
2774,0.3990161571982269,0.0,0.0
2775,0.21977269428500518,0.0,0.0
2776,0.06111150986497719,0.0,0.0
2777,0.0,0.0,0.0
2778,0.44565166869755524,0.0,0.0
2779,0.647847530181297,0.0,0.0
2780,0.6311004221097126,0.0,0.011837735828119166
2781,0.9509891058427596,0.0,0.0
2782,0.9958992571720082,0.0,0.0
2783,0.8781512815070401,0.07964992673988085,0.0
2784,0.6138155977002772,0.13491326693457767,0.0
2785,0.33004979315007044,0.2289374542931055,0.0
2786,0.6847485889929477,0.0,0.0
2787,0.5923008896403538,0.0,0.0
2788,0.08695013333175503,0.0,0.0
2789,0.001390825932935293,0.0,0.0
2790,0.0,0.0,0.0
2791,0.02039576804551876,0.0,0.0003037906592264998
2792,0.0,0.01227449022923659,0.0017297935464193098
2793,0.015220940399766309,0.0,0.04407235057425725
2794,0.0,0.0,0.0
2795,0.0,0.0,0.0
2796,0.0,0.0,0.0
2797,0.0,0.0,0.0
2798,0.0,0.0,0.0
2799,0.0,0.0,0.0
2800,0.0,0.0,0.0
2801,0.0,0.0,0.0
2802,0.0,0.02825824160233656,0.0
2803,0.0,0.0,0.0
2804,0.13677520552191116,0.0,0.0
2805,0.006030397363770641,0.0,0.005463094800260269
2806,0.12189537403157892,0.0,0.03213050210841558
2807,0.4774404430568593,0.3930916311508564,0.022297226296487886
2808,0.20867973442613313,0.3797643110952996,0.03009063462688848
2809,0.6184890130558305,0.02288148641209004,0.03002157379171198
2810,0.6800785660105818,0.0,0.0033768775080397343
2811,0.5962548024028513,0.0,0.05382006002984862
2812,0.26438438244711165,0.36784088438916285,0.042247641092957346
2813,0.16418374530768853,0.3292854547639914,0.05361855599299906
2814,0.16326273181860534,0.05116734929696659,0.04038252062191751
2815,0.13923508661579675,0.1716977681648402,0.00026305172192163585
2816,0.0,0.0,0.0
2817,0.035416669275115324,0.0,0.0
2818,0.0,0.0,0.0
2819,0.0,0.0,0.03919183193086607
2820,0.0,0.0,0.9645169127913248
2821,0.0,0.0,0.22762318084168306
2822,0.01102676052053886,0.0,0.8556503908068765
2823,0.2963647018575393,0.0,0.4454836814011816
2824,0.0,0.0,0.3010838426162722
2825,0.0,0.0,0.8891424334744473
2826,0.4754561192372783,0.0,0.06316606110242334
2827,0.29293263664979874,0.0,0.0
2828,0.5837467126040496,0.0008626679237273708,0.0
2829,0.9832262028548137,0.0,0.0
2830,1.0,0.0,0.0
2831,1.0,0.0,0.0
2832,0.5873240184539332,0.0,0.0
2833,0.6490659706070884,0.0,0.0
2834,0.9999999999999999,0.0,0.0
2835,0.8166540609474442,0.0,0.1833459390527684
2836,0.41303245424492613,0.0,0.5869675457550572
2837,0.9769474373998533,0.010067407224790536,0.023052562600364666
2838,0.0,0.0,0.0
2839,0.0,0.0,0.0
2840,0.0950153962034779,0.0,0.0
2841,0.4393043380052421,0.0,0.0
2842,0.0,0.0,0.0
2843,0.0,0.0,0.0
2844,0.0,0.0,0.0
2845,0.0,0.0,0.0
2846,0.0,0.0,0.0
2847,0.0,0.0,0.0
2848,0.0,0.0,0.0
2849,0.0,0.0,0.0
2850,0.0,0.0,0.2915546147127045
2851,0.0,0.0,0.8041233656172689
2852,0.0,0.0,0.12397360321754587
2853,0.0,0.0,0.0
2854,0.0,0.0,0.0
2855,0.0,0.0,0.0
2856,0.34441315684386026,0.0,0.0
2857,0.5876483991122464,0.0,0.0
2858,0.8638973999391591,0.0,0.0
2859,0.5023921872941428,0.061207813114390594,0.0
2860,0.7561726175979245,0.03547182299808861,0.0
2861,0.44329839426761347,0.0,0.0
2862,0.4028716956801906,0.0,0.0
2863,0.4240943688031355,0.0,0.0
2864,0.16582641442016818,0.0,0.0
2865,0.4403441150962306,0.0,0.021250262875743334
2866,0.2513033479423936,0.0,0.029945406496293642
2867,0.3981837535713638,0.0,0.0
2868,0.09108609680412486,0.0,0.0
2869,0.0,0.0,0.12748704838499436
2870,0.009763713700765203,0.0,0.10657701694569939
2871,0.045436500969792744,0.0,0.0
2872,0.3484509359856132,0.0,0.047169516593298995
2873,0.556221167507224,0.0,9.45186934153877e-06
2874,0.4672978087805199,0.0,0.0
2875,0.7366560288210064,0.0,0.0
2876,0.7283869764790109,0.0,0.0
2877,0.2626001432580922,0.0,0.0
2878,0.7022371312992324,0.0,0.0
2879,0.437881542234292,0.0,0.0
2880,0.598701299392976,0.0,0.0
2881,0.5921925381210951,0.0,0.0
2882,0.8597635599713691,0.0,0.0
2883,0.5598525049108184,0.0,0.0
2884,0.16469107772594846,0.0,0.0
2885,0.6817414873592105,0.10754981888059163,0.0
2886,0.30460803227287603,0.0007496237882319429,0.0
2887,0.06896482485258322,0.044089802894305426,0.0
2888,0.47048289020330697,0.0,0.0
2889,0.28429790270897176,0.46054855005123585,0.0
2890,0.1800041962888371,0.13421431167079925,0.0
2891,0.0,0.0,0.0
2892,0.0,0.0,0.0
2893,0.0,0.0,0.002261249479412065
2894,0.005746582113240598,0.0,0.0
2895,0.34420718718885035,0.0,0.006009147835392975
2896,0.0,0.0,0.0
2897,0.0,0.0,0.0
2898,0.0,0.0,0.0
2899,0.0,0.0,0.0
2900,0.0,0.0,0.0
2901,0.0,0.0,0.0
2902,0.0,0.0,0.0
2903,0.0,0.0,0.0
2904,0.0,0.0,0.0
2905,0.0,0.0,0.0
2906,0.0,0.0,0.0
2907,0.0,0.0,0.22224395448105022
2908,0.0,0.0,0.3521855549089358
2909,0.0,0.3610491066964063,0.15105992386761363
2910,0.0,0.6974884470116625,0.24751923474032433
2911,0.0,0.12908395961301883,0.4109865375753034
2912,0.0,0.0,0.07984221656164601
2913,0.0,0.0,0.04215788029842878
2914,0.019863820941245305,0.0,0.04260789580354762
2915,0.10243575956417976,0.0,0.5550143458434542
2916,0.0,0.18014127237692193,0.3410284963806575
2917,0.015105233654594782,0.3466362233596433,0.010846197572186635
2918,0.0,0.47127344777583147,0.0
2919,0.0,0.4018655701966408,0.01027103470390928
2920,0.008188043277691976,0.2675969825478298,0.0
2921,0.0,0.0,0.14468546300423055
2922,0.0,0.0,0.38294890780258295
2923,0.0,0.0,0.10076576261474447
2924,0.02741148290549463,0.0,0.3818535343356012
2925,0.16180435681378344,0.0,1.2051093166840846e-06
2926,0.0,0.0,0.0
2927,0.156441062363894,0.0,0.04783822177820063
2928,0.3089230147439499,0.0,0.015083200404487887
2929,0.6019359288077791,0.0,0.0
2930,0.6482364257719353,0.0,0.0
2931,0.9983222496431655,0.0,0.0
2932,1.0,0.0,0.0
2933,0.9999999999999999,0.0,0.0
2934,1.0,0.0,0.0
2935,0.49361801140146006,0.0,0.0
2936,0.7946201188436143,0.0,0.0
2937,0.7498992819806574,0.0,0.25010071801912626
2938,0.4010120405259253,0.0,0.598987959474119
2939,0.9151059180911196,0.0,0.08489408190863876
2940,0.0,0.0,0.0
2941,0.019807379228124467,0.0,0.0
2942,0.486343631466008,0.0,0.0
2943,0.0,0.0,0.0
2944,0.0,0.0,0.0
2945,0.0,0.0,0.0
2946,0.0,0.0,0.0
2947,0.0,0.0,0.0
2948,0.0,0.0,0.0
2949,0.0,0.0,0.0
2950,0.0,0.024850580476244083,0.0
2951,0.0,0.12166536200886675,0.0
2952,0.0,0.0,0.328689442044162
2953,0.0,0.0,0.35702073256716776
2954,0.0,0.0,0.08955335404297553
2955,0.0,0.0,0.0
2956,0.0,0.0,0.0
2957,0.13227065020327303,0.0,0.0
2958,0.5207970120427633,0.0,0.0
2959,0.4011946848659371,0.0,0.0
2960,0.34840394554968834,0.12264523381617816,0.0
2961,0.7070765346201644,0.02140285448503231,0.0
2962,0.7226191667619122,0.012776370782170587,0.0
2963,0.3571135487855473,0.0,0.0
2964,0.680487220021897,0.0,0.0
2965,0.05604242049477069,0.016298645690308228,0.0
2966,0.508394070178651,0.0,0.0
2967,0.459224385791886,0.0,0.08016501761758335
2968,0.4973678054525434,0.0,0.008932044723920429
2969,0.5851477759665046,0.0,0.10824499567914836
2970,0.546681791674212,0.0,0.07418676479677697
2971,0.28470202800500627,0.0,0.0
2972,0.5064002060037853,0.0,0.0
2973,0.20308035474637903,0.0,0.0
2974,0.684230349197752,0.04482545319240556,0.0
2975,0.5490932354119872,0.0,0.0
2976,0.019615385512981594,0.0,0.0
2977,0.7221412199281098,0.0,0.0
2978,0.3743541185957059,0.0,0.0
2979,0.0,0.0,0.0
2980,0.01296041231387614,0.0,0.0
2981,0.15191220699588834,0.0,0.0
2982,0.9012007623201569,0.0,0.0
2983,0.6915181322952171,0.0,0.0
2984,0.6785750248274168,0.0,0.0
2985,0.6777290589980003,0.0,0.0
2986,0.5581665193022782,8.839583075653619e-05,0.0
2987,0.5080630775986599,0.0,0.0
2988,0.0014523577796062112,0.0,0.0
2989,0.0,0.0,0.0
2990,0.45194159363525926,0.0,0.0
2991,0.16371900420544047,0.4155748820948055,0.0
2992,0.06754219492259951,0.932574634613443,0.0
2993,0.04177244517841957,0.3614311055026646,0.0
2994,0.0,0.0,0.0
2995,0.0,0.0,0.0
2996,0.06550051087934293,0.0,0.0
2997,0.260718026939848,0.0,0.0
2998,0.05223866619844033,0.0,0.0
2999,0.0,0.0,0.0
3000,0.0,0.0,0.0
3001,0.034699595235377495,0.0,0.0
3002,0.015679434672326232,0.0,0.0
3003,0.0,0.0,0.0
3004,0.0,0.0,0.0
3005,0.0,0.0,0.0
3006,0.0,0.0,0.0
3007,0.0,0.0,0.0
3008,0.0,0.0,0.0
3009,0.0,0.0,0.16716819427172863
3010,0.0,0.0,0.04169000703037128
3011,0.4203704971852139,0.16393772212604832,0.0
3012,0.028624046056644082,0.13387305544643827,0.019846850788958644
3013,0.0127627550056032,0.22656432486428651,0.008385592751941427
3014,0.4409737582020502,0.284744201541539,0.009576656235080605
3015,0.6079643747823701,0.047371148362245624,0.006672418815912517
3016,0.5879712479177609,0.19045452196994764,0.0
3017,0.7911465844309254,0.0008082705731205438,0.0013259689209176905
3018,0.19253855373617068,0.7707010866155476,8.259669512817817e-05
3019,0.6695281458719526,0.014635467998812742,0.0
3020,0.0,0.929599166769671,0.04476144314828777
3021,0.0,0.18055164543395194,0.0
3022,0.0,0.6320472785290007,0.0
3023,0.0,0.011259856322739042,0.0
3024,0.0,0.0,0.0
3025,0.0,0.0,0.430727371306118
3026,0.0,0.0,0.5528084968494601
3027,0.0,0.0,0.20282493536813673
3028,0.0,0.0,0.00763598858468915
3029,0.6847112844320994,0.003700366675895072,0.0
3030,0.3413924868229518,0.42525006877832855,0.011939437689865065
3031,0.8015992019719491,0.04668466917048383,0.0
3032,0.8939714189892177,0.0043852701458239165,0.0
3033,1.0,0.08388010721408012,0.0
3034,0.9999999999999999,0.005379883094092517,0.0
3035,1.0000000000000002,0.0,0.0
3036,1.0,0.0,0.0
3037,0.7321001486417236,0.0,0.03169088312402633
3038,0.11409990377165433,0.01074178108356385,0.15218833999917447
3039,0.869247920827344,0.002357460162001402,0.0
3040,0.7422258694746027,0.2577741305251592,0.0
3041,0.37772850099560973,0.6222714990044788,0.0
3042,0.0,0.0,0.0
3043,0.0,0.0,0.0
3044,0.0,0.0,0.0
3045,0.0,0.0,0.0
3046,0.0,0.0,0.0
3047,0.0,0.0,0.0
3048,0.12984236659487866,0.0,0.0
3049,0.4883722260880198,0.0,0.003743495526225505
3050,0.0,0.0,0.4107650817220268
3051,0.0,0.08827264921823866,0.07066055730893785
3052,0.047789538635413714,0.0,0.0
3053,0.004684070357134133,0.0,0.0
3054,0.0,0.0,0.0
3055,0.0,0.0,0.0
3056,0.0011803364497935214,0.0,0.0
3057,0.03631426643915213,0.0,0.0
3058,0.2943681416609472,0.0,0.0
3059,0.6182109808276774,0.09530147538008979,0.0
3060,0.07568253594516706,0.0034122333798670113,0.0
3061,0.10437189068692236,0.0,0.0
3062,0.6004459248998203,0.0,0.0
3063,0.15255910415842427,0.10132300969163158,0.0
3064,0.0010814976729319054,0.709073929499355,0.0
3065,0.06883692713383162,0.6505222467868061,0.0
3066,0.12166373591636127,0.577134178892018,0.0
3067,0.2193951187257257,0.0,0.0
3068,0.3405715317404167,0.0,0.28500740438534683
3069,0.20323811567588812,0.0,0.2953660873827702
3070,0.16284487496918437,0.0,0.0
3071,0.6379976434656792,0.0,0.0
3072,0.5464450071068978,0.0,0.0
3073,0.465006000700366,0.0,0.0
3074,0.48881460479441885,0.0,0.0
3075,0.208324277118009,0.0,0.0
3076,0.31295010841664167,0.0,0.0
3077,0.38493210058729177,0.0,0.0
3078,0.06396466066070199,0.000895600668383541,0.0
3079,0.02323079116795886,0.0,0.0
3080,0.3288466109104556,0.0,0.0
3081,0.5570464207025339,0.034136721990450924,0.0
3082,0.41008247543445114,0.0,0.0
3083,0.7179099246027708,0.0,0.0
3084,0.6708191436743032,0.0,0.0
3085,0.23642616667782582,0.0,0.0
3086,0.2108993428459635,0.051349312127766444,0.003459217759599107
3087,0.18460781504503437,0.11809298036110207,0.0
3088,0.2882172002635204,0.0,0.0
3089,0.5313211939112163,0.0,0.0
3090,0.6402193565397983,0.0,0.0
3091,0.3425374861356644,0.27758351642381435,0.0
3092,0.010191034179212842,0.660749211295929,0.0
3093,0.051146442408536934,0.1537257212693671,0.0
3094,0.0,0.0,0.0
3095,0.5374476840297711,0.0,0.0
3096,0.9998784349833911,0.0,0.0
3097,0.44767046696059665,0.0002300897945451311,0.0
3098,0.17072082523534435,0.0,0.0
3099,0.0,1.2995673213407456e-06,0.0
3100,0.42383281898249336,0.05766657161833763,0.10344623223260485
3101,0.7112007726635292,0.0,0.056160719817927696
3102,0.11330884721746357,0.0,0.0
3103,0.0,0.0,0.0
3104,0.0,0.0,0.0
3105,0.0,0.0,0.0
3106,0.0,0.0,0.0
3107,0.0,0.0,0.0
3108,0.0,0.0,0.0
3109,0.0,0.0,0.0
3110,0.645415964833212,0.0,0.05462983002327424
3111,0.70746079081005,0.040012970327879496,0.0386940776879912
3112,0.16286764505275195,0.5255038690977429,0.0
3113,0.1989447613158882,0.7028406573935662,0.007528297561315743
3114,0.037212563888607254,0.20566830032674127,0.0
3115,0.22802831036863394,0.1568424238312991,0.0016154944401764902
3116,0.5008417910692264,0.2029589023422108,0.0
3117,0.09833584741150284,0.642995672190294,0.0
3118,0.04754649941527043,0.024658846979987138,0.0
3119,0.1098097288563727,0.13834994368464365,0.006835830082997469
3120,0.08772887889585332,0.40234131319882216,0.0
3121,0.0,0.5018282956715744,0.0
3122,0.0,0.0,6.0663772757845044e-05
3123,0.0,0.0,0.41047932024718986
3124,0.02093079954739929,0.0,0.2547512338214558
3125,0.0,0.0,0.5833781397697612
3126,0.04885100939811303,0.0,0.6059054923755683
3127,0.3553371362993524,0.0,0.004437620693360363
3128,0.06920706220409746,0.04363106549965106,0.0
3129,0.3731965086288293,0.5235111188845487,0.0
3130,0.38041897347259995,0.0,0.0
3131,0.6277802968120048,0.0,0.0
3132,0.6678014287418581,0.0594287556724351,0.0
3133,0.7914057374636059,0.0,0.0
3134,0.6101905483306175,0.0,0.0
3135,0.7003321160225288,0.0,0.0
3136,0.515582938316546,0.0,0.23251353589635704
3137,0.12096916290264913,0.08126746543431229,0.2834132172244458
3138,0.1576897677197564,0.0,0.0
3139,0.11101200083427293,0.8207174537708098,0.0
3140,0.0,0.9973481070110619,0.0
3141,0.0,0.0,0.0
3142,0.0,0.0,0.0
3143,0.0,0.0,0.0
3144,0.0,0.0,0.0
3145,0.07639962239386787,0.0,0.10895958212187762
3146,0.3015109627064056,0.0,0.5157450909598613
3147,0.0,0.0,0.9722831077695978
3148,0.03589902757407901,0.0,0.0
3149,0.0,0.0,0.0
3150,0.0,0.0,0.0
3151,0.013199854056896155,0.0,0.0
3152,0.45385716048923763,0.0,0.0
3153,0.44726026747547615,0.0,0.0
3154,0.11306742444576502,0.0,0.0
3155,0.0,0.0,0.0
3156,0.001506879151237945,0.0,0.0
3157,0.09637833382460793,0.0,0.0
3158,0.0,0.0,0.0
3159,0.0,0.0,0.0
3160,0.0,0.10108536582394184,0.0
3161,0.0,0.008075367769014824,0.0
3162,0.0,0.0,0.0
3163,0.0,0.0,0.0
3164,0.20494012715245588,0.0,0.0
3165,0.04592704480583942,0.0,0.0
3166,0.7837445272896152,0.0,0.0
3167,0.5237631070760043,0.0,0.0
3168,1.0000000000000002,0.0,0.0
3169,0.9803056674811396,0.0,0.0
3170,0.6292980840237999,0.0,0.0
3171,0.9092492667503562,0.0,0.0
3172,0.18233300366063604,0.0,0.0
3173,0.05540001892844918,0.0,0.0
3174,0.40323864762311523,0.0,0.0
3175,0.586093299844297,0.0,0.0
3176,0.8315636026070138,0.0,0.0
3177,0.548864517656582,0.019365672946874513,0.0026708652433315395
3178,0.25180005761915775,0.2916375823520974,0.0004374740009187322
3179,0.217052172009828,5.216665168697782e-05,0.0
3180,0.5307125329742071,0.08027935604452408,0.0
3181,0.7237824762651992,0.0,0.0
3182,0.9211493842263512,0.0,0.0
3183,0.7732009950216605,0.0,0.0
3184,0.5167551142644699,0.0,0.0
3185,0.516663573729757,0.04126055817990916,0.0
3186,0.7196842291394175,0.0,0.0
3187,0.0,0.330690444094241,0.0
3188,0.023961469180645636,0.9169793944274525,0.0
3189,0.0,0.13766825135274988,0.0
3190,0.2875113510390302,0.2995932347749927,0.0
3191,0.9985928491069633,0.0014071508931541722,0.0
3192,0.6385319967255021,0.07659073264464666,0.0
3193,0.8147895384113454,0.0,0.0
3194,0.0,0.0999510475648703,0.0
3195,0.0,0.5150848629274997,0.3723658908679538
3196,0.0,0.0,0.27048535994319023
3197,0.0,0.0,0.0
3198,0.0,0.0,0.0
3199,0.0,0.0,0.0
3200,0.0,0.0,0.0
3201,0.0,0.0,0.0
3202,0.0,0.0,0.0
3203,0.0,0.0,0.004638604571933758
3204,0.5956138421058372,0.0,0.0
3205,0.6702252625223216,0.0,0.0
3206,0.23627754435296044,0.016306685876139843,0.00415433273479274
3207,0.088546420134323,0.6267496932153924,0.0
3208,0.006163254088441346,0.5697440328225608,0.10160808143334747
3209,0.0,0.6511861253545735,0.0
3210,0.0395952678051824,0.311153191099268,0.0
3211,0.04472295370738502,0.007585370069136029,0.0017362618748195764
3212,0.0,0.0399633083495432,0.0037189904552421354
3213,0.0,0.09433276129822446,0.01060623904025337
3214,0.01716380182150807,0.27030292905031184,0.0
3215,0.0,0.34227339469341167,0.0
3216,0.0,0.27459786123949814,0.0
3217,0.0,0.0,0.0
3218,0.0,0.0,0.5849313259257428
3219,0.0,0.0,0.6390703235294611
3220,0.0,0.0,0.4848510238470855
3221,0.33424431456810694,0.0,6.5570047577082376e-06
3222,0.9999999999999999,0.0,0.0
3223,0.7921402302971008,0.0,0.0
3224,0.36930569741991254,0.0004926022949321311,0.0
3225,0.0,0.0,0.0
3226,0.0,0.0,0.0
3227,0.19099685200718103,0.0,0.0
3228,0.9398553602247598,0.005184840696593739,0.0
3229,0.8878732956863565,0.0290046482903772,0.0
3230,0.506593294232606,0.0,0.0
3231,0.15960341542567247,0.0,0.1606282565756847
3232,0.0,0.026396532655029056,0.4866685133080757
3233,0.0,0.37596466011516205,0.012652235293964512
3234,0.0,0.5027996506795152,0.0
3235,0.0,0.0,0.0
3236,0.0,0.0,0.0
3237,0.0,0.0,0.0
3238,0.048668606714570795,0.0,0.0
3239,0.3005392486246951,0.0,0.0
3240,0.00014775401203295639,0.0,0.0
3241,0.0,0.0,0.0
3242,0.0,0.0,0.0
3243,0.0,0.0,0.0
3244,0.0,0.0,0.0
3245,0.0,0.0,0.0
3246,0.0,0.0,0.0
3247,0.0,0.0,0.0
3248,0.0,0.0,0.0
3249,0.0,0.0,0.0
3250,0.0,0.0,0.0
3251,0.0,0.0,0.0
3252,0.0,0.0,0.0
3253,0.33617206409337835,0.0,0.0
3254,1.0000000000000002,0.0,0.0
3255,1.0,0.0,0.0
3256,1.0000000000000002,0.0,0.0
3257,0.9999999999999999,0.0,0.0
3258,0.7466449506694744,0.0,0.0
3259,0.1324437391682292,0.0,0.0
3260,0.2103965736034455,0.0,0.0
3261,0.21220114693231698,0.0,0.0
3262,0.4530790573892822,0.0,0.0
3263,0.6410130748267254,0.0,0.0
3264,0.4721163598856572,0.03093978197416329,0.0
3265,0.42867903224931386,0.18482241824924583,0.0
3266,0.3761234213562302,0.0,0.0
3267,0.15864664583041074,0.04738184815912884,0.0
3268,0.4580901445886565,0.07702814621795542,0.0
3269,0.8535047934020601,0.020305179109590395,0.0
3270,0.6573874647137118,0.0,0.0
3271,0.165062931758259,0.0,0.0
3272,0.18033732004380265,0.19138294620296364,0.0
3273,0.42294525110896053,0.0,0.0
3274,0.4707273500298084,0.0,0.0
3275,0.1330976500806524,0.5328678310171941,0.0
3276,0.0,0.8014413965336615,0.0
3277,0.0,0.8489143974896928,0.0
3278,0.6777458590061937,0.3222541409938171,0.0
3279,0.8657562478002242,0.0,0.0
3280,0.6136700262257669,0.0,0.08790260047846146
3281,0.0,0.0,0.10407707698730616
3282,0.0,0.0,0.9820450643424656
3283,0.0,0.0,0.5394683409720227
3284,0.0,0.0,0.015397961016792161
3285,0.0,0.0,0.0
3286,0.5113662723056881,0.0,0.0
3287,0.626624744038597,0.0,0.0
3288,0.06581872577257097,0.0,0.0
3289,0.0,0.0,0.0
3290,0.0,0.0,0.0
3291,0.5585940823615035,0.0,0.0
3292,1.0,0.0,0.0
3293,0.13519597234627168,0.20795505058911734,0.0
3294,0.8526949517221797,0.007318258383167056,0.0
3295,0.13105412978517142,0.36980123898983736,0.0
3296,0.0,0.5574642651230216,0.0
3297,0.006874855791053476,0.6843720991299657,0.0
3298,0.1242081923432109,0.11611948405129849,0.0
3299,0.004485194350555198,0.023340491953186545,0.0
3300,0.007111080395646441,0.30052810579372374,0.0
3301,0.0,0.12236874935630819,0.0
3302,0.0,0.0,0.0
3303,0.0,0.06475392332049965,0.008728285679642116
3304,0.0,0.0,0.0
3305,0.0,0.0,0.0
3306,0.0,0.0,0.0
3307,0.0,0.0,0.028699875885170614
3308,0.005473353488624633,0.0,0.0
3309,0.42465817612750667,0.0,0.0
3310,0.9616053631830164,0.0,0.0
3311,0.8888110381455061,0.0,0.0
3312,0.2319366799613948,0.0,0.0
3313,0.46903037806816045,0.0,0.0
3314,0.8630911638870555,0.0,0.0
3315,0.9822501496861183,0.009810058100390285,0.0
3316,1.0,0.008402583460275448,0.0020637148772257937
3317,0.6154379781005517,0.0,0.062099617024055954
3318,0.8394468641836821,0.019581307158735056,0.0
3319,0.02108405832811198,0.4783212800760628,0.0
3320,0.0,0.01307998907267249,0.0
3321,0.0,0.0,0.0
3322,0.0,0.0,0.0
3323,0.0,0.0,0.0
3324,0.0,0.0,0.0
3325,0.0,0.0,0.0
3326,0.0,0.0,0.0
3327,0.0,0.0,0.0
3328,0.0,0.0,0.0
3329,0.12870861202940587,0.0,0.0
3330,0.20681087533699782,0.0,0.0
3331,0.07153913894764126,0.0,0.0
3332,0.0,0.0,0.0
3333,0.0,0.0,0.0
3334,0.0,0.0,0.0
3335,0.0,0.0,0.0
3336,0.0,0.0,0.0
3337,0.0,0.0,0.0
3338,0.16536487602556926,0.038050005263162025,0.0
3339,0.300140965497081,0.0,0.0
3340,0.4061694753789571,0.0,0.0
3341,0.7055632942478793,0.0,0.0
3342,0.9028975188195109,0.0,0.0
3343,0.8684336120221892,0.0,0.0
3344,0.8532113945385097,0.0,0.0
3345,0.022623675798437694,0.0,0.0
3346,0.046681676905353915,0.0,0.0
3347,0.46305352122950744,0.005830038072265778,0.0
3348,0.4849840418348803,4.563178644745764e-05,0.0
3349,0.6247517222670366,0.0036380184512003993,0.0
3350,0.6722160890954105,0.015065448250243382,0.0
3351,0.5899205924364931,0.0,0.0
3352,0.6891866212793113,0.0,0.0
3353,0.9844363279320762,0.0,0.0
3354,0.8700899824442477,0.0,0.0
3355,0.7924351579997729,0.03351738678454968,0.0
3356,0.8029575252140092,0.0,0.0
3357,0.9512939954452273,0.0,0.0
3358,0.9376025040064202,0.01348141769955206,0.0
3359,0.9855446328820087,0.0,0.0
3360,0.9976261188157165,0.0,0.0
3361,0.972990523136227,0.04465384473143417,0.0
3362,0.5566521816413731,0.006548272522243728,0.0
3363,0.019653336718502782,0.42119887862869576,0.0
3364,0.0,0.7688383238044354,0.0
3365,0.11176615797729117,0.7371455973906268,0.0
3366,0.8218754015888037,0.03576032505096425,0.0
3367,0.15130111496144427,0.0,0.7406859390004983
3368,0.0,0.0,0.8834266575018426
3369,0.0,0.0,0.6234178977384428
3370,0.0,0.0,0.00861358258387065
3371,0.0,0.0,0.0
3372,0.0,0.0,0.0
3373,0.6205494029969805,0.0,0.0
3374,0.9863518402893202,0.0,0.0
3375,0.8540840388435398,0.0,0.0
3376,0.04647862232679477,0.0,0.0
3377,0.0,0.0,0.0
3378,0.16784688859449104,0.0,0.0
3379,0.9401163058206374,0.0,0.0
3380,0.9475261536578942,0.0085018133733782,0.0
3381,0.8737640643162435,0.01680646261686789,0.0
3382,0.31598919442831763,0.025309100859379034,0.0
3383,0.2909692320833963,0.27639528405900454,0.0
3384,0.26338454558476043,0.009346242716576032,0.0
3385,0.24049147267462015,0.0,0.0
3386,0.09003289962196452,0.023594953548956847,0.0
3387,0.09758509433543638,0.0,0.0
3388,0.0,0.0,0.09715624287438743
3389,0.0,0.25533281671914143,0.0324369470542107
3390,0.0,0.5295516818118472,0.0
3391,0.0,0.3769105564474344,0.0010674999585705397
3392,0.0,0.0,0.08122177371816382
3393,0.0,0.0,0.0
3394,0.0,0.0,0.0
3395,0.0,0.0,0.0
3396,0.0,0.0,0.0
3397,0.16195847956228496,0.04079038391655016,0.0
3398,0.6542101268661972,0.22686857180223166,0.0
3399,0.9594627547208238,7.204961155132404e-05,0.0
3400,0.6921769019370176,0.007277360895951049,0.0
3401,0.9268071038237535,0.07293300755784414,0.0
3402,0.5451539041583783,0.393335558191743,0.0
3403,0.42397368821699366,0.2871687657599137,0.0
3404,0.11508970156065702,0.2736228254571149,0.0
3405,0.32062198626590477,0.2450338507338066,0.0
3406,0.0,0.0,0.0
3407,0.0,0.0,0.0
3408,0.0,0.0,0.0
3409,0.0,0.0,0.0
3410,0.0,0.0,0.0
3411,0.0,0.0,0.0
3412,0.0,0.0,0.0
3413,0.0,0.0,0.0
3414,0.0,0.0,0.0
3415,0.024655395262849548,0.0,0.0
3416,0.7577765121127479,0.0,0.0
3417,0.6432409893884697,0.0,0.0
3418,0.0,0.0,0.0
3419,0.0,0.0,0.0
3420,0.0,0.0,0.0
3421,0.0,0.0,0.0
3422,0.04393571654898104,0.0,0.0
3423,0.5127508113372836,0.0020336330774653535,0.0
3424,0.0496654435985286,0.814358260329189,0.0
3425,0.42974814649024734,0.26343569688654284,0.0
3426,0.35854209337205983,0.0,0.0
3427,0.7522323630293666,0.0,0.0
3428,0.6361586401081609,0.0,0.0
3429,0.6370999483373009,0.0,0.0
3430,0.5236841189608751,0.0,0.0
3431,0.3241001110766946,0.0,0.0
3432,0.5033384757733824,0.0,0.0
3433,0.0,0.0,0.0
3434,0.1162965935348565,0.0,0.0
3435,0.5598307792165202,0.012449632385723941,0.0
3436,0.5342821860840257,0.022708809401551445,0.0
3437,0.5747700123689402,0.1827816398948915,0.0
3438,0.5512122901528462,0.03151605209387882,0.0
3439,0.6478305667051638,0.0,0.0
3440,0.9557821350706214,0.0,0.0
3441,0.8260745980017427,0.0,0.0
3442,0.9184454942121847,0.0,0.0
3443,0.6190040209773257,0.11325085343237373,0.0
3444,0.5430456442502655,0.14411108754711618,0.0
3445,0.9677012390580743,0.0,0.0
3446,1.0000000000000002,0.0,0.0
3447,1.0000000000000002,0.13149575521744705,0.0
3448,0.9772299747177055,0.0,0.0
3449,0.7995742602830881,0.0,0.0
3450,0.5302213026698638,0.12705788014380426,0.0
3451,0.0,0.7261775975149505,0.0
3452,0.15409903171343242,0.5022008787737491,0.04475354618601077
3453,0.0077801416545580536,0.0032241295011321107,0.9430457637768165
3454,0.0,0.0,0.9999999999999999
3455,0.0,0.0,1.0
3456,0.0,0.0,0.48444732181731576
3457,0.0,0.0,0.18116985750214723
3458,0.1321529284375444,0.0,0.0962194361701062
3459,0.5163598103095788,0.06319624790320044,0.0
3460,0.7917437264527379,0.012149505215734555,0.0
3461,0.9487960024411506,0.0,0.0
3462,0.6049715676842804,0.0,0.0030125808473537518
3463,0.0,0.0,0.005299913180907124
3464,0.0,0.0,0.0
3465,0.3241565431596878,0.0,0.0
3466,0.7891461430508497,0.027945149343895297,0.0
3467,0.03751613700696873,0.004006922860950526,0.0
3468,0.09417641894686543,0.0,0.0
3469,0.05018981733259749,0.10932420607148711,0.004820462838929224
3470,0.24043082308320657,0.12302249602421989,0.0
3471,0.19208420307798676,0.1691585746885166,0.0
3472,0.3025928542365959,0.0,0.0
3473,0.4443435494053392,0.0,0.0
3474,0.4054502228737494,0.0,0.0
3475,0.06480242793992057,0.05260182954925175,0.12804022470379797
3476,0.0,0.17019014626522527,0.10952634376326525
3477,0.0,0.14917937477190957,0.11550592713849374
3478,0.0,0.0,0.6654430975119362
3479,0.0,0.0,0.0
3480,0.0,0.0,0.0
3481,0.5124986936095067,0.0,0.0
3482,0.8194463662479881,0.0,0.0
3483,0.6252923611861886,0.19073931851378115,0.0
3484,0.8196891473081052,0.18031085269165198,0.0
3485,0.8320642847495779,0.06582201842701091,0.0
3486,0.8341363964447751,0.09200348377163585,0.0
3487,0.36774738867446305,0.0,0.0
3488,0.0,0.1591708971853394,0.0
3489,0.0,0.8367067510922264,0.0
3490,0.05822596560711351,0.5365850330573639,0.0
3491,0.0,0.0,0.0
3492,0.0,0.0,0.0
3493,0.0,0.0,0.0
3494,0.0,0.0,0.0
3495,0.0,0.0,0.0
3496,0.0,0.0,0.0
3497,0.0,0.0,0.0
3498,0.0,0.0,0.0
3499,0.0,0.0,0.0
3500,0.0,0.0,0.0
3501,0.0,0.0,0.0
3502,0.0,0.0,0.0
3503,0.018806687516587362,0.0,0.0
3504,0.0,0.0,0.0
3505,0.0,0.0,0.0
3506,0.0,0.0,0.0
3507,0.0,0.0,0.0
3508,0.0,0.0,0.0
3509,0.08052936780548219,0.0,0.0
3510,0.0011008882119757418,0.15401888147173873,0.0
3511,0.06039353211867522,0.02716684405685593,0.0
3512,0.0946083285503339,0.0,0.0
3513,0.16926696042921066,0.0,0.0
3514,0.8828399283609727,0.0,0.0
3515,0.5956527177551887,0.0,0.0
3516,0.024221035526507794,0.0,0.0
3517,0.4080043298521774,0.0,0.0
3518,0.8397734245807814,0.0,0.0
3519,0.005266314032635462,0.0,0.0
3520,0.0,0.0,0.0
3521,0.07538281536480759,0.0,0.0032257407321980847
3522,0.3825532687091382,0.0,0.14179625523004888
3523,0.9694885509885317,0.0,0.0
3524,0.7555448088507462,0.0,0.0
3525,0.5291739680564026,0.0,0.0
3526,0.5923284378268714,0.0,0.0
3527,0.7278162009115619,0.0,0.0
3528,1.0,0.0,0.0
3529,0.911104484430915,0.0,0.0
3530,0.39158069352893565,0.016257973896187616,0.0
3531,0.8685743381446509,0.0,0.0
3532,0.8588385309888704,0.0,0.0
3533,0.9940576962298556,0.0,0.0
3534,0.999465151734427,0.0,0.0
3535,0.9961847933933768,0.0,0.0
3536,0.9624084685230498,0.0,0.0
3537,0.17960370623946725,0.41508567925081435,0.0
3538,0.0027553556958574105,0.6286301641441119,0.0
3539,0.0,0.2746024585470093,0.4124561416160751
3540,0.0,0.0,1.0
3541,0.20643580276145268,0.0,0.7429657590758746
3542,0.773879217414631,0.0,0.1910999153234765
3543,0.771761390693446,0.0,0.15480940171232074
3544,0.9046437344662577,0.0,0.009285881106543829
3545,0.8308000360667165,0.12949211071659844,0.0
3546,0.018394767939168614,0.21637703633074346,0.0
3547,0.7087531420953594,0.0035283948125238254,0.0
3548,0.6108045423885239,0.0,0.0
3549,0.2871371671179562,0.0,0.0
3550,0.18157938926279704,0.0,0.0
3551,0.04411811280185674,0.04961850519123106,0.0
3552,0.6689132380983935,0.18492133520609366,0.0
3553,0.03390600186913367,0.0,0.0
3554,0.29671553734548983,0.0,0.0
3555,0.0,0.0,0.0
3556,0.4070772862586778,0.11052257242388053,0.0
3557,0.9212668721699657,0.00365996849519114,0.0
3558,1.0,0.0,0.0
3559,0.9454281658199772,0.0,0.0
3560,0.9915850645979165,0.0,0.0
3561,0.12721059161953055,0.0,0.02250186841473005
3562,0.0,0.03798275886171834,0.04847167729115795
3563,0.0,0.0,0.5791374459869228
3564,0.0,0.0,0.8703089453670998
3565,0.0,0.0,0.19844479383166308
3566,0.0,0.0,0.10066900825367864
3567,0.8627377284228083,0.0,0.0
3568,0.875022960745935,0.0,0.0
3569,0.3998266272581493,0.0,0.0
3570,0.63942357761112,0.0,0.0
3571,0.5793509594840035,0.0,0.0
3572,0.49784180762171126,0.05183225906222737,0.0
3573,0.26986443668284915,0.3886533744512803,0.0
3574,0.39822946635288153,0.16899326863325312,0.0
3575,0.0,0.18359207455030208,0.0008953987806565427
3576,0.0,0.26773980288284127,0.0
3577,0.31657140338788486,0.33626194841745977,0.0
3578,0.0,0.0,0.0
3579,0.0,0.0,0.0
3580,0.0,0.0,0.0
3581,0.0,0.0,0.0
3582,0.0,0.0,0.0
3583,0.33866799584712703,0.0,0.0
3584,0.3134400017595557,0.0,0.0
3585,0.0,0.0,0.0
3586,0.0,0.0,0.0
3587,0.0,0.0,0.0
3588,0.0,0.0,0.0
3589,0.0,0.0,0.0
3590,0.0,0.0,0.0
3591,0.0,0.0,0.0
3592,0.0,0.0,0.0
3593,0.0,0.0,0.0
3594,0.0,0.0,0.0
3595,0.0,0.0,0.0
3596,0.0,0.0,0.0
3597,0.0,0.0,0.0
3598,0.0,0.0,0.0
3599,0.0,0.0,0.0
3600,0.006287241860207887,0.0,0.0
3601,0.03681049934499853,0.0,0.0
3602,0.085274664644863,0.0,0.0
3603,0.36836033219792585,0.0,0.0
3604,0.351253908678559,0.0,0.0
3605,0.4742186792991072,0.0,0.0
3606,0.29943509673928237,0.0,0.0
3607,0.015762444084455474,0.0,0.0
3608,0.0,0.0,0.0
3609,0.0,0.0,0.0
3610,0.09753459897138697,0.0,0.0
3611,0.10859815497029074,0.0,0.0
3612,0.0,0.0,0.0
3613,0.30198879842567833,0.0,0.0
3614,0.5142415710064984,0.0,0.0
3615,0.4327042269013206,0.0,0.0
3616,0.8014475734302535,0.0,0.0
3617,1.0,0.0,0.0
3618,1.0,0.0,0.0
3619,1.0000000000000002,0.0,0.0
3620,0.9965826313307862,0.0,0.0
3621,0.43332714191050664,0.42038956466139454,0.0
3622,0.7379326389663751,0.07244786428190808,0.0
3623,0.9854608487966134,0.03895668278977335,0.0
3624,1.0,0.02330270125200526,0.0
3625,1.0,0.0,0.0
3626,0.5718247471096178,0.41724749851272264,0.0
3627,0.0,0.2960634060223235,0.00019992447965597974
3628,0.076230330956594,0.0,0.312620405922549
3629,0.8792945834831839,0.08445925767436305,0.018360090819540112
3630,0.9122984482618883,0.0,0.0
3631,0.9771520785189736,0.0,0.0
3632,0.5340441391906285,0.0,0.0
3633,0.2602726638951955,0.0,0.00020741827469724757
3634,0.486629103498844,0.0,0.0038050614740577364
3635,0.8620126897459143,0.0,0.0
3636,0.8416827534403144,0.02793914349136148,0.0
3637,0.9399446083894577,0.061128273941652406,0.0
3638,0.8737189756543378,0.0,0.0
3639,0.15255555113679467,0.043508580555618515,0.0
3640,0.04616289147679698,0.8083287538309728,0.0
3641,0.0,0.1546330501632769,0.0
3642,0.0,0.0,0.0
3643,0.28623453488957273,0.0,0.0
3644,0.9943051287428836,0.0,0.0
3645,1.0000000000000002,0.0,0.0
3646,0.6464324493387305,0.0,0.0
3647,0.39634811538088555,0.0,0.0
3648,0.5322458140098704,0.0,0.0
3649,0.0004146101070333048,0.0,0.0048100734760930155
3650,0.0,0.0,0.2545803427814873
3651,0.0,0.0,0.8985865225164017
3652,0.0,0.0,0.7014443308716994
3653,0.0001083730587617711,0.0,0.05919440145005188
3654,0.4543003822270008,0.0,0.005482745655576869
3655,0.7516298384504106,0.0,0.0
3656,0.5161539104655487,0.0,0.0
3657,0.0,0.0,0.0
3658,0.0,0.0,0.0
3659,0.0,0.029088273093324204,0.0
3660,0.48542164560670187,0.34302930514753766,0.0
3661,0.8100781653535352,0.12141738284616545,0.0
3662,0.4231837315261975,0.4239014968729058,0.0
3663,0.36824806104565616,0.5703103627270009,0.023920498838637227
3664,0.30593765735383005,0.0,0.0
3665,0.0,0.43026374240764953,0.0
3666,0.0,0.0,0.0
3667,0.0,0.0,0.0
3668,0.0,0.0,0.0
3669,0.0,0.0,0.0
3670,0.5939388474948247,0.0,0.0
3671,0.5669301393222258,0.0,0.0
3672,0.0,0.0,0.0
3673,0.0,0.0,0.0
3674,0.0,0.0,0.0
3675,0.0,0.0,0.0
3676,0.0,0.0,0.0
3677,0.0,0.0,0.0
3678,0.0,0.0,0.0
3679,0.0,0.0,0.0
3680,0.0,0.0,0.0
3681,0.0,0.0,0.0
3682,0.0,0.0,0.0
3683,0.0,0.0,0.0
3684,0.0,0.0,0.0
3685,0.0,0.0,0.0
3686,0.0,0.0,0.0
3687,0.0,0.0,0.0
3688,0.0,0.0,0.0
3689,0.009618772072273421,0.0,0.0
3690,0.0,0.0,0.0
3691,0.0,0.0006777293221280767,0.0
3692,0.0,0.3968427112778478,0.0
3693,0.00603698690150717,0.7361318324755126,0.0
3694,0.0030957192941075433,0.029147755198601227,0.0
3695,0.0,0.0,0.0
3696,0.0,0.0,0.0
3697,0.0,0.0,0.0
3698,0.0,0.0,0.0
3699,0.0,0.0,0.0
3700,0.0,0.0,0.0
3701,0.08434641413373646,0.08665625287142512,0.0
3702,0.44452919761935017,0.0,0.0
3703,0.7904943437575828,0.0,0.0
3704,0.9307991522950159,0.0,0.0
3705,1.0,0.0,0.0
3706,1.0,0.0,0.0
3707,0.9817699974070847,0.018230002592907146,0.0
3708,0.13574470346950437,0.5096839708879141,0.0
3709,0.42610611637560836,0.015078042069245689,0.004063494808057586
3710,0.730128043989357,0.0,0.0
3711,0.7311796681397734,0.0,0.0
3712,0.8339348733531201,0.03498194425722593,0.0
3713,0.8216334890091426,0.17837246445081759,0.0
3714,0.2043105186415411,0.7404597502229823,0.0
3715,0.05113241872727367,0.3042036988680911,0.0
3716,0.5768541936869318,0.16298825977774495,0.0
3717,1.0,0.0,0.0
3718,0.9743976423022257,0.0,0.0
3719,0.3234048774616922,0.0,0.0
3720,0.0,0.0,0.0
3721,0.5595745657292357,0.0,0.0
3722,0.9683134106488566,0.0,0.0
3723,0.8534214849459797,0.0,0.0
3724,0.31924208250669667,0.0,0.0
3725,0.4201682238833839,0.0,0.0
3726,0.35429351493247163,0.0,0.0
3727,0.26544229940400765,0.01858597076749408,0.0
3728,0.17532260267807598,0.0,0.0
3729,0.0,0.0,0.0
3730,0.7617129878938416,0.0,0.0
3731,0.9940687282075297,0.0,0.0
3732,0.9566227264249753,0.0,0.0
3733,0.6555650548971405,0.045895249511547456,0.0
3734,0.028939320432178235,0.003885421849447817,0.0
3735,0.0,0.0,0.0
3736,0.0,0.0,0.020854716004264872
3737,0.0,0.0,0.859790943939843
3738,0.0,0.0,0.9756526462930937
3739,0.0,0.0,0.45005622826746805
3740,0.45207472948047744,0.0,0.07414199588517378
3741,1.0,0.0,0.0
3742,1.0,0.0,0.0
3743,0.4912974859636661,0.0,0.0
3744,0.1713231029837954,0.0,0.0
3745,0.0,0.0,0.0
3746,0.005778552531217355,0.058762372893255255,0.0
3747,0.36147146748143844,0.24426454590923466,0.0
3748,0.715917772845817,0.28408222715402487,0.0
3749,1.0,0.0,0.0
3750,1.0,0.0,0.0
3751,0.7916994505415156,0.0,0.0
3752,0.03136003340510728,0.07933063677081346,0.0
3753,0.0,0.0,0.0
3754,0.0,0.0,0.0
3755,0.0,0.0,0.0
3756,0.0,0.0,0.0
3757,0.0,0.0,0.0
3758,0.0,0.0,0.0
3759,0.0,0.0,0.0
3760,0.0,0.0,0.0
3761,0.0,0.0,0.0
3762,0.0,0.0,0.0
3763,0.0,0.0,0.0
3764,0.0,0.0,0.0
3765,0.0,0.0,0.0
3766,0.0,0.0,0.0
3767,0.0,0.0,0.0
3768,0.0,0.0,0.0
3769,0.05347144132434254,0.0,0.0
3770,0.2061305348644332,0.0,0.0
3771,0.034177614241815625,0.0,0.0
3772,0.0,0.0,0.0
3773,0.0,0.0,0.0
3774,0.0,0.0,0.0
3775,0.0,0.0,0.0
3776,0.4414691634451968,0.0,0.0
3777,0.024259791902762572,0.0,0.0
3778,0.0,0.0,0.0
3779,0.0,0.025611929955193274,0.0
3780,0.0,0.663926943265018,0.0
3781,0.0,0.01007323007088922,0.0
3782,0.0,0.0,0.0
3783,0.0,0.0,0.0
3784,0.0,0.0,0.0
3785,0.0,0.0,0.0
3786,0.20530115653872777,0.0,0.0
3787,0.6037629977733505,0.0,0.0
3788,0.873387364466327,0.0,0.0
3789,0.6595971028680807,0.0,0.05819648837146658
3790,0.45738541103729047,0.0,0.01754435501481764
3791,0.13455357093520748,0.0,0.0
3792,0.7918294521230639,0.0,0.0
3793,0.7845525119523483,0.0,0.0
3794,0.9783861584642556,0.0,0.0
3795,0.3970947129302049,0.0,0.0
3796,0.1663778663910489,0.0,0.0
3797,0.25065878962929933,0.0,0.0
3798,0.7310454901028558,0.0,0.0
3799,0.670398421875289,0.03042005206513918,0.0
3800,0.3374374781343057,0.3934736863153172,0.0
3801,0.0012308433240779781,0.9093614649797853,0.0
3802,0.0,0.8228093457064979,0.0
3803,0.08382283442386312,0.3524388855002284,0.0
3804,0.6128156684333241,0.0,0.0
3805,0.07271062642940485,0.0,0.0
3806,0.24755484170550435,0.0,0.0
3807,0.0,0.0,0.0
3808,0.43245126996721145,0.0,0.0
3809,0.9238932545661992,0.0,0.0
3810,0.8633560520294756,0.0,0.0
3811,0.616328865602613,0.0,0.0
3812,0.3447813844922516,0.0,0.0
3813,0.07872495604977882,0.0,0.0
3814,0.11483787645235245,0.0,0.0
3815,0.20797273469909888,0.0,0.0
3816,0.0,0.0,0.0
3817,0.09716350680188199,0.0,0.0
3818,0.02151065163969105,0.0,0.0
3819,0.0,0.0,0.041404225903523495
3820,0.07606372182603022,0.3871119882475503,0.0
3821,0.04424253765886594,0.03219252413480822,0.0
3822,0.0,0.0,0.0
3823,0.0,0.0,0.36160557023963896
3824,0.0,0.0,0.6702130478829953
3825,0.0,0.0,0.2117809841428895
3826,0.27260811922862965,0.0,0.3000303799574656
3827,0.9917283111033172,0.0,0.0
3828,1.0000000000000002,0.0,0.0
3829,1.0,0.0,0.0
3830,1.0,0.0,0.0
3831,0.9919818640953819,0.0,0.0
3832,0.4543377448993564,0.0,0.0
3833,0.2374480166186172,0.0,0.0
3834,0.05775558982881494,0.4985406184100715,0.0
3835,0.01772934489504423,0.9822706551051891,0.0
3836,0.9531476053486432,0.06719132170216366,0.0
3837,0.8907557221288318,0.00807071117717927,0.0
3838,0.9778133298943235,0.0,0.0
3839,0.6797147974353659,0.0,0.0
3840,0.0,0.0,0.0
3841,0.0,0.0,0.0
3842,0.0,0.0,0.0
3843,0.0,0.0,0.0
3844,0.0,0.0017229413772748478,0.0
3845,0.0,0.22349137841786165,0.0
3846,0.0,0.264333267244459,0.0
3847,0.0,0.1696459072766301,0.0
3848,0.0,0.0,0.0
3849,0.11257782038376024,0.0,0.0
3850,0.08367282732494305,0.0,0.0
3851,0.0,0.0,0.0
3852,0.0,0.0,0.0
3853,0.0,0.0,0.0
3854,0.0,0.0,0.0
3855,0.06827841766371241,0.0,0.0
3856,0.518723994218057,0.0,0.0
3857,0.7040545677388893,0.0,0.0
3858,0.0529141906580468,0.0,0.0
3859,0.003761799841504094,0.0,0.0
3860,0.0,0.0,0.0
3861,0.0,0.0,0.0
3862,0.0,0.0,0.0
3863,0.0,0.0,0.0
3864,0.0,0.0,0.0
3865,0.0,0.0,0.0
3866,0.0,0.041497810586947556,0.0
3867,0.0,0.0,0.0
3868,0.0,0.0,0.0
3869,0.0,0.0,0.0
3870,0.0,0.0,0.0
3871,0.0,0.0,0.0
3872,0.3165810739431694,0.0,0.0
3873,0.7663500548457599,0.0,0.0
3874,0.9020791463185159,0.0,0.0
3875,0.656556792947422,0.0,0.026449411339826107
3876,0.27047903256223754,0.01727481215590505,0.014624691595002307
3877,0.5472548481565062,1.4624439233472279e-05,0.0
3878,0.5929618507355562,0.0,0.0
3879,0.347853596435932,0.0,0.0
3880,0.5220475997429554,0.0,0.0
3881,0.8705085381944118,0.0,0.0
3882,0.9921859446536371,0.0,0.0
3883,0.4942642813561937,0.0,0.0
3884,0.7003454711045364,0.0,0.0
3885,0.9189648863106789,0.0,0.0
3886,0.9651045430266685,0.023790348891516346,0.0
3887,0.7967880956085778,0.2041793265330865,0.0
3888,0.1629737413406296,0.44347779760853606,0.0
3889,0.03596901921885707,0.5187247572042379,0.0
3890,0.39718249828185354,0.18254870545847418,0.0
3891,0.10520392851176036,0.0,0.0
3892,0.0,5.279790785179431e-05,0.0
3893,0.0,0.0,0.0
3894,0.2297718104834689,0.0,0.0
3895,0.3032968592286927,0.0,0.0
3896,0.46542259836641225,0.0,0.0
3897,0.610489132377011,0.0,0.0
3898,0.6033411611541922,0.0,0.0
3899,0.09013409028311149,0.321303288840095,0.0
3900,0.0,0.043057752076145775,0.0
3901,0.0013118602116414444,0.0,0.0
3902,0.0,0.0,0.0
3903,0.0,0.0,0.0
3904,0.0,0.0,0.0
3905,0.0,0.0,0.0
3906,0.0,0.0,0.0019581599752150373
3907,0.0,0.0,0.0
3908,0.0,0.0,0.005975694137628181
3909,0.0,0.0,0.10215098932630189
3910,0.0,0.0,0.2859283272221675
3911,0.2506371207965811,0.0,0.47151888834899547
3912,0.9294550087208572,0.0,0.022602698700584064
3913,1.0,0.0,0.0
3914,0.9605282745740094,0.0,0.0
3915,0.522327286648446,0.0,0.0
3916,0.5852537851945637,0.0,0.0
3917,0.7904688545093663,0.0,0.0
3918,0.8000178470101316,0.0,0.0
3919,0.8509689186958517,0.0,0.0
3920,0.3499554760120711,0.505481025257228,0.0
3921,0.014133384868988423,0.9858666151309055,0.0
3922,0.9361408464987246,0.06385915350140846,0.0
3923,1.0000000000000002,0.0,0.0
3924,1.0000000000000002,0.0,0.0
3925,0.7897452618684148,0.0,0.0
3926,0.0,0.0,0.0
3927,0.0,0.0,0.0
3928,0.0,0.0,0.0
3929,0.0,0.0,0.0
3930,0.0,0.01640372194163462,0.0
3931,0.0,0.7962070409214069,0.0
3932,0.0,1.0,0.0
3933,0.0,0.6292364545074478,0.0
3934,0.0,0.0,0.0
3935,0.6864838223571972,0.0,0.0
3936,0.40348793471928,0.0,0.0
3937,0.0,0.0,0.0
3938,0.0,0.0,0.0
3939,0.0,0.0,0.0
3940,0.0,0.0,0.0
3941,0.0,0.0,0.0
3942,0.033571058715692735,0.0,0.0
3943,0.0673779835855472,0.0,0.0
3944,0.6103450325949329,0.0,0.0
3945,0.1895519948536894,0.0,0.0
3946,0.0,0.0,0.0
3947,0.0,0.0,0.0
3948,0.0,0.0,0.0
3949,0.0,0.0,0.0
3950,0.0,0.0,0.0
3951,0.0,0.03125472798853931,0.0
3952,0.0,0.6289249228257304,0.0
3953,0.0,0.019278832889696028,0.0
3954,0.0,0.0,0.0
3955,0.0,0.0,0.0
3956,0.0,0.0,0.0
3957,0.000917521845253466,0.0,0.0
3958,0.7014526477402087,0.007303078456270471,0.0
3959,0.648743614752614,0.006550241900273903,0.0
3960,0.23528785047107742,0.5353871644747904,0.0
3961,0.5052843900652753,0.03510722156537497,0.0
3962,0.48157055040593566,0.052440038540982524,0.0
3963,0.5264982534046295,0.12297597017150019,0.0
3964,0.7108909732686158,0.011038091787534818,0.0
3965,0.5010767710765338,0.04431808650193332,0.0
3966,0.6633918648811228,0.0,0.0
3967,0.5939806851285535,0.0,0.0
3968,0.9473946072965025,0.0,0.0
3969,0.4919877661755139,0.0,0.0
3970,0.3734508228645486,0.0,0.0
3971,0.7115202923499276,0.0,0.0
3972,0.7654756569079598,0.027516686740794345,0.0
3973,0.4538188431102659,0.0,0.0
3974,0.28152791818685646,0.0,0.0
3975,0.0,0.07514332134768541,0.0
3976,0.0,0.22815262924062507,0.0
3977,0.4364199077753441,0.02443516698637453,0.0
3978,0.11592035872997265,0.0,0.0
3979,0.0,0.0,0.0
3980,0.04843958603740348,0.0,0.0
3981,0.6546125594816441,0.0,0.0
3982,0.7058860865637887,0.0,0.0
3983,0.3927001428925758,0.0,0.0
3984,0.080842129499405,0.0008748690501314813,0.0
3985,0.04109483989967809,0.00922424616423974,0.0
3986,0.0,0.0,0.00014598507375141777
3987,0.09473631144796853,0.0,0.19353201051326124
3988,0.4994481816540256,0.0,2.1509615709141065e-06
3989,0.6084836256308421,0.0,0.0
3990,0.36085729123506927,0.0,0.0
3991,0.07467619053077798,0.0014832971114983238,0.009288853670127254
3992,0.0,0.0,0.0023086035449018747
3993,0.0,0.0,0.0
3994,0.0,0.0,0.0
3995,0.0,0.0,0.0
3996,0.0,0.0,0.0
3997,0.12362159984391233,0.0,0.0
3998,0.48406988528091827,0.0,0.0
3999,0.7354618339559982,0.0,0.0
4000,0.912154761454159,0.0,0.0
4001,0.06543933700164685,0.0,0.0
4002,0.0,0.0,0.0
4003,0.6107316557796647,0.0,0.0
4004,1.0000000000000002,0.0,0.0
4005,1.0,0.0,0.0
4006,1.0,0.0,0.0
4007,0.5813965980559178,0.11917496508860297,0.0
4008,0.9891190469586522,0.010880953041433512,0.0
4009,0.9999999999999999,0.0,0.0
4010,1.0,0.0,0.019695612774289543
4011,0.9444936767768557,0.0,0.0
4012,0.0,0.1627253584277717,0.0
4013,0.0,0.9030211258406922,0.0
4014,0.0,0.5846673797171968,0.0
4015,0.0,0.0,0.0
4016,0.0025676695060706687,0.0,0.0
4017,0.0034110583243735265,0.0,0.0
4018,0.0,0.0,0.0
4019,0.0,0.0,0.0
4020,0.0580545802985311,0.0,0.0
4021,0.28286197531568447,0.0,0.0
4022,0.0,0.0,0.0
4023,0.0,0.0,0.0
4024,0.0,0.0,0.0
4025,0.0,0.0,0.0
4026,0.0,0.2815679861178645,7.24773860743588e-05
4027,0.0,0.34731353110270513,0.40218796202046286
4028,0.0,0.06196596429783466,0.15472554834747565
4029,0.0,0.16104283596910648,0.19045474862084152
4030,0.0,0.3582497555292022,0.0
4031,0.0,0.6484446662537535,0.0
4032,0.0,0.5134127200435701,0.0
4033,0.0,1.0,0.0
4034,0.0,0.1515027358574255,0.0
4035,0.0,0.0,0.0
4036,0.0,0.0,0.0
4037,0.0,0.0,0.0
4038,0.06989106957060234,0.08829925694412014,0.0
4039,0.4410101274222238,0.19923941065791909,0.0
4040,0.7054921820035199,0.0,0.05132654835108039
4041,0.6940069809491727,0.04460858882700894,0.01567848897753391
4042,0.2360001042346532,0.0016205403081909432,0.0
4043,0.6006421584077299,0.04190451854200435,0.0
4044,0.6863268982905991,0.0790739054793209,0.0
4045,0.6347467504641409,0.013995081876366385,0.0
4046,0.6132951286282945,0.011927721401493547,0.0
4047,0.685513721776073,0.0,0.0
4048,0.79634192311623,0.0,0.0
4049,0.4766856277292847,0.0,0.0
4050,0.964489198133127,0.0,0.0
4051,0.8385293266179945,0.0,0.0
4052,0.4672320811991991,0.009029425861584348,0.0
4053,0.660330843566959,0.07759545304024641,0.0
4054,0.3149425534957751,0.0,0.0
4055,0.3361521561407604,0.0,0.0
4056,0.3569886592043305,0.0,0.0
4057,0.46849930442073223,0.0,0.0
4058,0.660663531343395,0.0,0.0
4059,0.16475266417244763,0.0,0.0
4060,0.659901853717342,0.0,0.0
4061,0.8401939619911115,0.0,0.0
4062,0.5225913555746362,0.0,0.0
4063,0.6611690377534905,0.0,0.0
4064,0.4931507202380644,0.0,0.0
4065,0.0,0.0,0.0
4066,0.0,0.0,0.0
4067,0.23118627793195434,0.0,0.006677559170198913
4068,0.028861192037480013,0.0,0.7205950603680598
4069,0.5659350489968885,0.0,0.4248490538878241
4070,1.0000000000000002,0.0,0.05930724418267355
4071,0.9999999999999999,0.0,0.0
4072,0.8124396663858351,0.0,0.0
4073,0.0,0.0,0.0
4074,0.0,0.0,0.0
4075,0.0,0.0,0.0
4076,0.0,0.0940249110501433,0.014073142989732801
4077,0.0,0.2278162935836169,0.08768784447610348
4078,0.0,0.0,0.0
4079,0.0,0.0,0.0
4080,0.0,0.0,0.0
4081,0.0,0.0,0.0
4082,0.0,0.0,0.02857081839281495
4083,0.00522032729050345,0.0,0.046315940352166574
4084,0.46600926578607205,0.0,0.0
4085,0.5891984486705548,0.0,0.0
4086,0.6065447070080235,0.0,0.0
4087,0.6557857497920148,0.0,0.0
4088,0.5159862535601327,0.15155373425093982,0.0
4089,0.6632705673624467,0.23420823131225352,0.0
4090,0.8944913319859215,0.0,0.0
4091,0.8932365529396618,0.0,0.0
4092,0.8766048601437567,0.017216075739427992,0.0
4093,0.22492272502396884,0.06547751108705796,0.0
4094,0.0,0.0,0.0
4095,0.01982295178734866,0.0,0.0
4096,0.10030420943857642,0.0,0.0
4097,0.05063924646307572,0.0,0.0
4098,0.0,0.0,0.0
4099,0.0,0.0,0.0
4100,0.0,0.1805718515426613,0.0
4101,0.0,0.0,0.0
4102,0.0,0.0,0.0
4103,0.0,0.0,0.0
4104,0.0,0.0,0.0
4105,0.0,0.0,0.0
4106,0.0,0.0,0.0
4107,0.0,0.5521091101665672,0.0
4108,0.0,0.8984159480305128,0.0
4109,0.4876454499342895,0.5123545500658012,0.0
4110,0.6034738208642448,0.1434577654852327,0.00019430712481282423
4111,0.6235825250413414,0.29029867357006717,0.07458485901358518
4112,0.007981360327724802,0.4937813748945185,0.0
4113,0.0,0.877330651775489,0.0
4114,0.0010665754871423065,0.20194344766238262,0.0
4115,0.391193400453549,0.19734551392845964,0.0
4116,0.0,0.03508952779765458,0.0
4117,0.0,0.0,0.0
4118,0.0,0.0,0.0
4119,0.0,0.0,0.0
4120,0.35858780990606065,0.0,0.0
4121,0.8787675369452779,0.0,0.0
4122,0.6047461572237369,0.014988363495014359,0.062237257978858186
4123,0.773084552934732,0.0,0.015273172812011189
4124,0.5099331626271361,0.08713138186960921,0.0
4125,0.7885865151838958,0.0,0.0
4126,0.47919886952942103,0.013922349142968173,0.0
4127,0.41325742422641276,0.03500990433209564,0.0
4128,0.3101577696251889,0.010826967034245117,0.0
4129,0.3560707621482086,0.037184716972978975,0.0
4130,0.25801115083068926,0.4417317094312816,0.0
4131,0.30635445519439136,0.4574215963213062,0.0
4132,0.07829612776755154,0.5071470715922549,0.0
4133,0.0,0.5692749814980783,0.0
4134,0.0,0.11747537199324998,0.0
4135,0.0,0.8158019726469247,0.0
4136,0.0,0.5570483499635961,0.0
4137,0.4996772897735014,0.003338784184001826,0.0
4138,0.9999999999999999,0.0,0.0
4139,1.0,0.0,0.0
4140,0.7266862933189134,0.0,0.0
4141,0.3722273912250499,0.0,0.0
4142,0.31865373516877044,0.0,0.0
4143,0.875124366146124,0.0,0.0
4144,0.422944473151462,0.0,0.0
4145,0.06874740374366717,0.032082071665759264,0.0
4146,0.4524725527437839,0.10237165635107878,0.0
4147,0.3189237437211243,0.09562354384309132,0.0
4148,0.44085964086467055,0.22948518868272183,0.0
4149,0.42462775368579786,0.0,0.0
4150,0.3935667753101164,0.0,0.17315935204003757
4151,0.33324570427770955,0.0014547384035045814,0.5877061697285793
4152,1.0000000000000002,0.00740546440637199,0.23861438975801966
4153,0.9999999999999999,0.0,0.0
4154,0.6030232595088597,0.0,0.0
4155,0.0,0.0,0.0
4156,0.0,0.0,0.0
4157,0.0,0.0,0.0
4158,0.0,0.0,0.0
4159,0.0,0.0,0.0
4160,0.0,0.0,0.0
4161,0.0,0.0,0.011258828600351196
4162,0.0,0.0,0.0
4163,0.0,0.0,0.0
4164,0.0,0.0,0.0
4165,0.13659625530704136,0.0,0.0
4166,0.5412476713050315,0.0,0.0
4167,0.8828532069980041,0.0,0.0
4168,0.6230206270493902,0.0,0.0
4169,0.6278177902678319,0.0,0.0
4170,0.2934978799769073,0.1129086153013169,0.0
4171,0.08019783568149502,0.16057141564558114,0.0
4172,0.4742397510390428,0.0,0.0
4173,0.33703652720742067,0.0,0.0
4174,0.23197761672918984,0.0,0.0
4175,0.0,0.1069534178333829,0.0
4176,0.0,0.0,0.0
4177,0.21535997688418645,0.0,0.0
4178,1.0000000000000002,0.0,0.0
4179,0.690104921555483,0.0,0.0
4180,0.0,0.1042485506568799,0.0
4181,0.0,0.9151516569043958,0.0
4182,0.0,0.8127389783229907,0.0
4183,0.0,0.0,0.0
4184,0.0,0.0,0.0
4185,0.0,0.0,0.0
4186,0.0,0.0,0.0
4187,0.0,0.0,0.0
4188,0.0,0.003800194104967285,0.0
4189,0.0,0.6874753505677407,0.0
4190,0.09830476108239522,0.708726414648801,0.0
4191,0.7006736033007164,0.03311505024294955,0.0
4192,0.6522566232135785,0.19801110229198923,0.0
4193,0.6076455298290236,0.21374759133006277,0.0
4194,0.019090778012032995,0.3023530199691733,0.0
4195,0.0,0.8348312394436164,0.0
4196,0.0,0.4292333370565354,0.0
4197,0.20611484454193799,0.06557361175951487,0.0
4198,0.007589775584296988,0.0,0.0
4199,0.4123594560782693,0.0,0.0
4200,0.28580190269007155,0.0,0.0
4201,0.12276814916022398,0.0,0.0
4202,0.13511853016877443,0.0,0.0
4203,0.3029140424114001,0.4513296002848662,0.0
4204,0.25030132511951997,0.5849654064266318,0.0
4205,0.22584056379489595,0.6750308170991981,0.0
4206,0.07197056267008459,0.3849425549444882,0.0
4207,0.38955636182103937,0.04617389525797961,0.0
4208,0.2340118453880472,0.13788557996126252,0.0
4209,0.34634031945976684,0.2427329243638479,0.0
4210,0.05738663365585298,0.3150727858989276,0.0
4211,0.0,0.19840297572444415,0.0
4212,0.0,0.2261937120209717,0.0
4213,0.08193108690092851,0.27437563630337075,0.0
4214,0.531405256710524,0.0,0.0
4215,0.6086303642784631,0.0,0.0
4216,0.6064251391360923,0.0,0.0
4217,0.2516764545416305,0.44149939060601884,0.0
4218,0.0,0.9332696322316506,0.0
4219,0.10563336301583832,0.07371799000104706,0.0
4220,1.0,0.0,0.0
4221,0.999111359960246,0.0,0.0
4222,0.7589210238918263,0.0,0.0
4223,0.9999999999999866,0.0,0.0
4224,0.8769053482895616,0.05278674726057323,0.0
4225,0.7772450773313029,0.11010010970392393,0.0
4226,0.6658043327770309,0.0009110697436791849,0.0
4227,0.6150412160767641,0.00020862302186544336,0.0
4228,0.8982485497203675,0.11422425955028179,0.0
4229,0.9420827522305861,0.03121903336452886,0.0
4230,0.9914663730630559,0.01561072032789564,0.0
4231,0.7622824514993711,0.0,0.001280343892157315
4232,0.018731512882425343,0.0,0.21874401924041456
4233,0.005920459936943132,0.0,0.8914105468931792
4234,0.8868525214577657,0.0,0.11314747854235041
4235,1.0000000000000002,0.0,0.0
4236,0.45199613217824136,0.0,0.1535113766107949
4237,0.0,0.0,0.0
4238,0.0,0.0,0.0
4239,0.0,0.0,0.0
4240,0.0,0.0,0.0
4241,0.0,0.0,0.0
4242,0.0,0.0,0.0
4243,0.0,0.0,0.0011955891218198543
4244,0.0,0.0,0.0
4245,0.0,0.0,0.0
4246,0.0,0.0,0.0
4247,0.0,0.0,0.0
4248,0.07650741961946333,0.0,0.002136182827900563
4249,0.5980421841431358,0.0,0.0
4250,0.2359706728104182,0.0,0.0
4251,0.5262847879378001,0.0,0.0
4252,0.18867585760267158,0.0,0.0
4253,0.06714918474437487,0.0,0.021620826876165653
4254,0.5838350934661458,0.0,0.0
4255,0.5865731533194035,0.0,0.0
4256,0.0,0.0,0.0
4257,0.0,0.0,0.0
4258,0.0,0.0,0.0
4259,0.0,0.0,0.0
4260,0.17686290769428725,0.0,0.0
4261,0.849308960341219,0.0,0.0
4262,0.7338643070058433,0.045142655730055964,0.0
4263,0.02710474542142144,0.1874371917813907,0.0
4264,0.0,0.7002494317827624,0.0
4265,0.0,0.7865329798983335,0.0
4266,0.0,0.4494595711399178,0.0
4267,0.0,0.4617185570504065,0.0
4268,0.0,0.6090023671776054,0.0
4269,0.0,0.6983348198162118,0.0
4270,0.0,0.7877013828919827,0.0
4271,0.0,0.8771020566623331,0.0
4272,0.0,0.4740389670775678,0.0
4273,0.0,0.5171169872563112,0.0
4274,0.0,0.34258232176021336,0.0
4275,0.0,0.8293795347951007,0.0
4276,0.0,0.9943388436210432,0.0
4277,0.0,0.9285062467777896,0.0
4278,0.0,0.8464456295340936,0.0
4279,0.0,0.07842360439486254,0.0
4280,0.21664297245137176,0.0,0.0
4281,0.0674842557752518,0.0,0.0
4282,0.26027320335973075,0.0,0.0
4283,0.5170055819955623,0.0,0.0
4284,0.5174177471463386,0.0,0.0
4285,0.20499105614061855,0.0,0.0
4286,0.0006249332113247531,0.1793472893854359,0.0
4287,0.0,0.8514670784325146,0.0
4288,0.0,0.8490072817478974,0.0
4289,0.0,0.7963507305902721,0.0
4290,0.0,1.0000000000000002,0.0
4291,0.0,0.9884737018887965,0.0
4292,0.0,1.0,0.0
4293,4.900563369036384e-05,0.9767249057279203,0.0
4294,0.07120516759212746,0.8434020472891125,0.0
4295,0.19482424393287887,0.664991435514449,0.0
4296,0.631775931448701,0.1007954155630288,0.0
4297,0.9450859002063696,0.0,0.0
4298,0.8149818244634931,0.06438826474163349,0.0
4299,0.8824327164278989,0.0,0.0
4300,0.5279993224466866,0.0,0.0
4301,0.3007731235303671,0.16427242665481973,0.0
4302,0.2344649873051124,0.10821511068172698,0.0
4303,1.0000000000000002,0.0,0.0
4304,0.8204101383631718,0.0,0.0
4305,0.9573995748438809,0.0,0.0
4306,1.0,0.01306747452171403,0.0
4307,1.0,0.006170637618649052,0.0
4308,1.0,0.0,0.008091050691821294
4309,1.0,0.018795991168035316,0.012708585123449518
4310,0.883223495266186,0.0,0.0
4311,0.8436857757800036,0.0,0.0
4312,0.4030150799566716,0.0,0.0
4313,0.9470124365638304,0.0,0.0
4314,0.1618503127645264,0.0,0.058163883995911235
4315,0.04782102217569617,0.0,0.11139572742712629
4316,0.0,0.0,0.7723827792939179
4317,0.6076954427638115,0.09114802329863345,0.3646131473046404
4318,1.0,0.5102750462721802,0.0
4319,0.34601156007031747,0.0,0.22445655000067746
4320,0.0,0.0,0.0
4321,0.0,0.0,0.0
4322,0.0,0.0,0.0
4323,0.0,0.0,0.0
4324,0.0,0.0,0.0
4325,0.0,0.0,0.0
4326,0.0,0.0,0.0
4327,0.0,0.0,0.0
4328,0.0,0.0,0.0
4329,0.0,0.0,0.0
4330,0.0,0.0,0.0
4331,0.0,0.0,0.0404024203169426
4332,0.23850398119644656,0.0,0.0
4333,0.1450949040066373,0.0,0.0
4334,0.0,0.0,0.0
4335,0.0,0.0,0.0
4336,0.0,0.0,0.0
4337,0.31154400524365705,0.0,0.0
4338,0.29223305015490997,0.0,0.0
4339,0.2382210758945472,0.0,0.0
4340,0.0,0.004112575884813446,0.0
4341,0.0,0.04500313149906245,0.0
4342,0.0,0.0,0.0
4343,0.0,0.0,0.0
4344,0.0,0.36526576332414706,0.0
4345,0.0,0.9999999999999999,0.0
4346,0.0,0.9814788655949029,0.0
4347,0.0,0.9070777592229021,0.0
4348,0.0,0.82884558129996,0.0
4349,0.06705674601421518,0.6569166924893787,0.0
4350,0.15344583517344126,0.6885754613467989,0.0
4351,0.06749886030467928,0.6091446401332636,0.0
4352,0.0,0.5296798979172991,0.0
4353,0.0,0.45018123446431846,0.0
4354,0.0,0.3397839164789668,0.0
4355,0.0,0.18039529344774355,0.0
4356,0.0,0.333345514854064,0.0
4357,0.0,0.04275390544940452,0.0
4358,0.0,0.016194742613039076,0.0
4359,0.0,0.0,0.0
4360,0.0,0.0,0.0
4361,0.0,0.0,0.0
4362,0.0,0.0,0.0
4363,0.0,0.0,0.0
4364,0.5128059145462808,0.0,0.0
4365,0.9999956266135598,0.0,0.0
4366,0.9871707579758272,0.0,0.0
4367,0.7472212839283757,0.0,0.0
4368,0.40089762325848083,0.0,0.0
4369,0.37724387522269365,0.0,0.0
4370,0.26580320748594843,0.0,0.0
4371,0.04372933468073616,0.004589883906457338,0.0
4372,0.6509744750272985,0.07903104604954868,0.0
4373,0.7694904928737201,0.08297814866394293,0.0
4374,0.8087320306496598,0.056378764420357386,0.0
4375,0.8977237507080128,0.010463339590950613,0.0
4376,0.9694793366233794,0.0,0.0
4377,0.5975631141418019,0.0,0.0
4378,0.7260869695332476,0.0,0.0
4379,0.5105614108249183,0.000651882335386863,0.0
4380,0.33813388980971076,0.2818204968140893,0.0
4381,0.7704083459194058,0.0,0.0
4382,0.6207342028094611,0.004096370332319361,0.0
4383,0.3165473982436159,0.23266147690152325,0.0
4384,0.11780686747117945,0.30280918214660835,0.0
4385,0.9870976355566218,0.0001845607586015504,0.0
4386,0.7829694767169543,0.0,0.0
4387,1.0,0.0,0.0
4388,1.0,0.0004959385609418923,0.0
4389,0.9999999999999999,4.128911612820427e-06,0.0
4390,1.0000000000000002,0.021690718190916437,0.0
4391,0.8338356412810235,0.012685743761001164,0.0
4392,0.49323487823868456,0.00039976771388556555,0.0
4393,0.4175353135848426,0.0,0.0
4394,0.7825598903282712,0.0,0.0
4395,0.6527306278359027,0.0,0.0
4396,0.10287407962324556,0.0,0.05531924616948378
4397,0.04217511357960386,0.0,0.05862139960923623
4398,0.019258385151115408,0.0,0.19332966870814297
4399,0.3305069785731622,0.02395628571927991,0.4532348771568751
4400,1.0,0.11367292355304943,0.0
4401,0.15136308258764075,0.0,0.2953660342263339
4402,0.0,0.0,0.0
4403,0.0,0.11115263474729373,0.0
4404,0.0,0.1517965846623492,0.0
4405,0.0,0.0,0.0
4406,0.0,0.0,0.0
4407,0.0,0.0,0.0
4408,0.0,0.0,0.0
4409,0.0,0.0,0.0
4410,0.0,0.0,0.0
4411,0.0,0.0,0.0
4412,0.09543575738180787,0.0,0.0
4413,0.5509675229755832,0.0,0.0
4414,0.7555615842333288,0.0068569853679104256,0.0
4415,0.23873536721308883,0.0,0.0
4416,0.0,0.0,0.0
4417,0.22508347701320333,0.0,0.0
4418,0.5252021242981143,0.0,0.0
4419,0.29389766953817864,0.0,0.0
4420,0.009659456121337789,0.0,0.0
4421,0.4644359860847353,0.0,0.10160658982326043
4422,0.36701557242733657,0.0,0.012720161372538782
4423,0.0007282670784838835,0.0,0.0
4424,0.0,0.0,0.0
4425,0.0,0.04194359536062615,0.0
4426,0.0,0.06344310406255377,0.0
4427,0.0,0.0037973323604476696,0.0
4428,0.0,0.0,0.0
4429,0.0,0.0,0.0
4430,0.24793298042122114,0.0,0.0
4431,0.8780092852554313,0.0,0.0
4432,0.3122925929911213,0.0,0.0
4433,0.0,0.0,0.0
4434,0.0,0.0,0.0
4435,0.0,0.0,0.0
4436,0.0,0.00460636069967171,0.0
4437,0.0,0.8256557772607384,0.0
4438,0.0,0.8272627852167359,0.0
4439,0.0,0.9239411771427026,0.0
4440,0.0,0.0,0.0
4441,0.0,0.0,0.0
4442,0.0,0.0,0.0
4443,0.00019084664151879582,0.0,0.0
4444,0.0,0.0,0.0
4445,0.0,0.0,0.0
4446,0.40036998068204926,0.0,0.0
4447,0.877935684895686,0.0,0.0
4448,0.9478131828560097,0.0,0.0
4449,0.05802254525552448,0.0,0.0
4450,0.0,0.0,0.0
4451,0.0,0.0,0.0
4452,0.0,0.0,0.0
4453,0.40497272866084827,0.0,0.0
4454,0.8608014616068226,0.0,0.0
4455,0.8066788606629988,0.0,0.0
4456,0.8864678413481076,0.0,0.0
4457,0.9695427916279927,0.0,0.0
4458,0.8431875722337856,0.018560589359618646,0.0
4459,0.9425228527759533,0.0,0.0
4460,0.8448158717349432,0.0,0.0
4461,0.7902073456158073,0.0,0.0
4462,0.7223618020988272,0.0,0.0
4463,0.3532217751733595,0.005957050917182219,0.0
4464,0.11743618615187734,0.5418718894666872,0.0
4465,0.0,0.3128333693388796,0.0
4466,0.22797560404984957,0.24414308030306112,0.0
4467,0.591222792609699,0.27250460558464984,0.0
4468,0.9375686554802777,0.021593550710129816,0.0
4469,1.0,0.0997334479990217,0.0
4470,1.0,0.010996028976760728,0.0
4471,0.9999999999999999,1.8373397327966035e-05,0.0
4472,0.30741007774706003,0.5882420968369928,0.0
4473,0.21429864597700288,0.3648936124184918,0.0
4474,0.17642039480776434,0.0,0.0
4475,0.3346562020190783,0.0,0.0
4476,0.34088793307333887,0.0,0.0
4477,0.6412510783317771,0.0,0.0038976201247709424
4478,0.15669971749326758,0.0254612944352368,0.05038271978833443
4479,0.3654797082375424,0.001071802475015192,0.0
4480,0.556780982463145,0.024160226404892345,0.0025040494104804642
4481,0.6948428515815969,0.0,0.0
4482,0.0391577228048434,0.0,0.10010265564420759
4483,0.0,0.0,0.0
4484,0.0,0.0,0.0
4485,0.0,0.0,0.0
4486,0.0,0.0,0.0
4487,0.0,0.0,0.0
4488,0.0,0.0,0.0
4489,0.0,0.0,0.0
4490,0.0,0.0,0.0
4491,0.0,0.0,0.0
4492,0.0,0.0,0.0
4493,0.014981784933298619,0.0,0.0
4494,0.4315959606149755,0.0,0.0
4495,0.0632896705416047,0.0,0.0
4496,0.0,0.0,0.0
4497,0.0,0.0,0.0
4498,0.3691932175358935,0.0,0.0
4499,1.0,0.0014674183075074107,0.0
4500,0.9865020785405477,0.0,0.0
4501,0.5937530445478987,0.0,0.0
4502,0.8685043566257863,0.0,0.0
4503,0.6794117288850954,0.0,0.22184599605301894
4504,0.0,0.0,0.0
4505,0.0027494101927098566,0.0,0.0
4506,0.15414132706502442,0.0,0.0
4507,0.14744815785178267,0.0,0.0
4508,0.01246359829717535,0.0,0.0
4509,0.4581271787221154,0.0,0.0
4510,0.0,0.0,0.0
4511,0.01260186666915845,0.0,0.0
4512,0.0,0.0,0.0
4513,0.0,0.0,0.0
4514,0.0,0.0,0.0
4515,0.0,0.0,0.0
4516,0.0,0.0,0.0
4517,0.0,0.11523152430557869,0.0
4518,0.0,0.16527973997119327,0.0
4519,0.0,0.14785057941634086,0.0
4520,0.0,0.0,0.0
4521,0.0,0.0,0.0
4522,0.0,0.0,0.0
4523,0.0,0.0,0.0
4524,0.0,0.0,0.0
4525,0.0,0.0,0.0
4526,0.0,0.0,0.0
4527,0.5236478465069868,0.0,0.0
4528,1.0,0.0,0.0
4529,0.9285421986389947,0.0,0.0
4530,0.2183221145312257,0.0,0.0
4531,0.0,0.0,0.0
4532,0.3815550021328511,0.0,0.0
4533,0.5270669741009356,0.0,0.0
4534,0.9264728242630628,0.0,0.0
4535,0.9780969459521407,0.0,0.0
4536,0.9986074956783177,0.0,0.0
4537,0.832300070867305,0.0,0.0
4538,0.8810880204457332,0.0,0.0
4539,0.8173240780194413,0.0,0.0
4540,0.9425554346051388,0.0,0.0
4541,0.7902608303890434,0.006776622535526139,0.0
4542,0.817867076595306,0.0,0.0
4543,0.9376360168037594,0.0,0.0
4544,0.728987107993211,8.405743024900974e-06,0.0
4545,0.09189050296222805,0.0,0.0
4546,0.12388688709744444,0.21773248155851177,0.0
4547,0.06716459544589364,0.8300261878245654,0.0
4548,0.020180206691081268,0.9373629223685794,0.0
4549,0.26182908240646435,0.624800861244564,0.0
4550,0.7697148857084934,0.11469627094133056,0.0
4551,0.6981196252242732,0.21373029173218375,0.0
4552,0.298600937962229,0.6160398948572581,0.0
4553,0.9768038468138343,0.001445905851240193,0.0
4554,0.16573920574183687,0.0,0.0
4555,0.0,0.0,0.0
4556,0.0,0.0,0.0
4557,0.7613357950710219,0.0,0.0
4558,0.13826531103458223,0.21861824285414327,0.0
4559,0.08225435970952061,0.0017426950950814742,0.0
4560,0.9049054921117433,0.0,0.0
4561,0.38478148923338507,0.0,0.0
4562,0.16143048941343702,0.0,0.0
4563,0.0,0.0,0.0
4564,0.0,0.0,0.0
4565,0.0,0.0,0.0
4566,0.0,0.0,0.0
4567,0.0,0.0,0.0
4568,0.0,0.0,0.0
4569,0.0,0.0,0.0
4570,0.0,0.0,0.0
4571,0.0,0.0,0.0
4572,0.0,0.0,0.0
4573,0.0,0.0,0.0
4574,0.0,0.0,0.0
4575,0.0,0.0,0.0
4576,0.25626166545091467,0.0,0.0
4577,0.1251486846328851,0.0,0.0
4578,0.17251495241143855,0.0,0.0
4579,0.41135447511463397,0.08127626233791548,0.0
4580,0.2614583722270406,0.0,0.0
4581,0.07956333304565723,0.0,0.0
4582,0.06086902725704842,0.0,0.0005575331068355403
4583,0.15808010286278418,0.0,0.0
4584,0.0,0.0,0.0
4585,0.0,0.0,0.0
4586,0.003582393537106041,0.0,0.012654373067298235
4587,0.32698535083164876,0.0,0.0
4588,0.32501761919689465,0.0,0.0
4589,0.48069243821393715,0.0,0.0
4590,0.24012075740975022,0.0,0.0
4591,0.0,0.0,0.0
4592,0.0,0.0,0.0
4593,0.0,0.0,0.0
4594,0.0,0.0,0.0
4595,0.0,0.0,0.0
4596,0.16617959143496777,0.0,0.0
4597,0.49990612621521907,0.0,0.0
4598,0.17329031773476775,0.0,0.0
4599,0.0,0.0,0.0
4600,0.0,0.0,0.0
4601,0.0,0.0,0.0
4602,0.0,0.0,0.0
4603,0.0,0.0,0.0
4604,0.0,0.0,0.0
4605,0.0,0.0,0.0
4606,0.0,0.0,0.0
4607,0.0,0.0,0.0
4608,0.23588024774795494,0.0,0.0
4609,0.47856851775395715,0.0,0.0
4610,0.4658723195543952,0.0,0.0
4611,0.5011222463286832,0.0,0.0
4612,0.1659244684509812,0.0,0.0
4613,0.0,0.0,0.0
4614,0.14631303065310505,0.0,0.0
4615,0.96083177301597,0.0002344986100340808,0.0
4616,1.0,0.0,0.0
4617,0.9526158568207774,0.0,0.0
4618,0.9481846988130576,0.0,0.0
4619,0.9390180051632132,0.0,0.0
4620,0.9861239887797282,0.0,0.0
4621,0.7199161194011224,0.03388991806152042,0.0
4622,0.9348061124244288,0.00010276043263616147,0.0
4623,0.8518035007003196,0.031089455131556268,0.0
4624,0.7062468055458513,0.1600794591282386,0.08441681995386051
4625,0.9566760023331544,0.0,0.004427192247571917
4626,0.6891091515628143,0.0,0.0
4627,0.8521033375758001,0.0,0.0
4628,0.9205880838799578,0.0,0.0
4629,0.7310682007478262,0.15735246790270546,0.0
4630,0.2612362390288958,0.5714622491582675,0.0
4631,0.34952437209911474,0.3792972484859103,0.0
4632,0.0873960411954642,0.6522569719273498,0.0
4633,0.6776792946318129,0.031911937426093114,0.0
4634,0.5890337230781325,0.027277417766386942,0.0
4635,0.5623219746199248,0.0030459420955344634,0.0
4636,0.40499797812600175,0.02794964813499629,0.0
4637,0.5903692454542938,0.0,0.0
4638,0.6773277857028374,0.21824159173802435,0.0
4639,0.38433454253252186,0.0,0.0
4640,0.16985451566469043,0.0,0.0
4641,0.6566998870504512,0.0,0.0
4642,0.6287102729882807,0.0,5.21690951529826e-05
4643,0.11749510125753876,0.0,0.0
4644,0.0,0.0,0.0
4645,0.0,0.0,0.0
4646,0.0,0.0,0.0
4647,0.0,0.0,0.0
4648,0.0,0.0,0.0
4649,0.0,0.0,0.0
4650,0.0,0.0,0.0
4651,0.0,0.0,0.0
4652,0.0,0.0,0.0
4653,0.0,0.0,0.0
4654,0.0,0.0,0.0
4655,0.0,0.0,0.0
4656,0.0,0.0,0.0
4657,0.09061393799734274,0.0,0.0
4658,0.0,0.0,0.0
4659,0.0,0.0,0.0
4660,0.0,0.0,0.0
4661,0.0,0.0,0.0
4662,0.0,0.0,0.0
4663,0.0,0.0,0.0
4664,0.0,0.0,0.0
4665,0.0,0.0,0.42103978136934567
4666,0.0,0.0,0.48556947218173174
4667,0.0,0.0,0.8642124786381651
4668,0.0,0.0,0.8276911225272
4669,0.0,0.0,0.021541088625371824
4670,0.11155971640638306,0.0,0.0
4671,0.023342318347186437,0.0,0.0
4672,0.0,0.0,0.0
4673,0.0,0.0,0.0
4674,0.0,0.0,0.0
4675,0.0,0.0,0.0
4676,0.0,0.0,0.0
4677,0.0,0.0,0.0
4678,0.09169039620122427,0.0,0.0
4679,0.4300847368199258,0.0,0.0
4680,0.06930259566921873,0.0,0.0
4681,0.0,0.0,0.0
4682,0.0,0.0,0.0
4683,0.0,0.0,0.0
4684,0.0,0.0,0.0
4685,0.0,0.0,0.0
4686,0.0,0.0,0.0
4687,0.0,0.0,0.0
4688,0.002732639398587024,0.0,0.0
4689,0.10564425847474734,0.0,0.0
4690,0.0,0.02893323209500285,0.0
4691,0.4260516751962094,0.0,0.0
4692,0.2140362049352638,0.0,0.0
4693,0.9121076176389173,0.0,0.0
4694,0.8759852960860384,0.0,0.0
4695,0.7109235922455018,0.0,0.0
4696,0.980285679348336,0.0,0.0
4697,0.9153847995957941,0.0,0.0
4698,0.9211333950932764,0.0,0.0
4699,0.9507767836913975,0.0,0.0
4700,1.0,0.009714929036469465,0.0
4701,0.9415439827677301,0.09144819012945826,0.0
4702,0.8384397284143709,0.0,0.0
4703,0.9942726682724262,0.0,0.0
4704,0.8064858818310908,0.0,0.0
4705,0.43381306746668896,0.005050480183813252,0.0
4706,0.23822720563806848,0.021231965329013096,0.36423416401934583
4707,0.3538942545213234,0.0,0.5798085222112975
4708,0.36660207687173146,0.0014113747249899886,0.0
4709,0.5040696688678686,0.0185201503288108,0.0
4710,0.4531859022838924,0.0,0.0
4711,0.6059702414937006,0.0,0.0
4712,0.45078543381767394,0.006792733897199587,0.0
4713,0.4539227518553018,0.0,0.0
4714,0.37274323529000186,0.028247721151883995,0.0
4715,0.8659882217261017,0.0,0.0
4716,0.9915517745195013,0.038856992854825106,0.0
4717,0.8444537915757768,0.05112593979705568,0.0
4718,0.286299251096399,0.7049948218541828,0.0
4719,0.28051539062909797,0.06951018271221582,0.0
4720,0.6423267935665017,0.1634062188281353,0.0
4721,0.14093873667479326,0.0,0.0014010839229133324
4722,0.5632804995730053,0.0,0.0
4723,0.4927130457266519,0.06692733621081302,0.0
4724,0.5673081121375021,0.0,0.015005837880659999
4725,0.0,0.00541581655010127,0.0
4726,0.0,0.0,0.0
4727,0.0,0.0,9.57133255204447e-07
4728,0.0,0.0,0.0
4729,0.0,0.11760499583966652,0.0
4730,0.0,0.0,0.0
4731,0.0,0.0,0.0
4732,0.0,0.0,0.0
4733,0.0,0.0,0.0
4734,0.0,0.0,0.0
4735,0.0,0.0,0.0
4736,0.0,0.0,0.0
4737,0.0,0.0,0.0
4738,0.0,0.0,0.0
4739,0.0,0.0,0.0
4740,0.0,0.0,0.0
4741,0.0,0.0,0.0
4742,0.0,0.0,0.0
4743,0.0,0.0,0.0
4744,0.0,0.0,0.0
4745,0.0,0.0,0.0
4746,0.018323614608660374,0.0,0.0
4747,0.11716578871021086,0.0,0.648222117343878
4748,0.022207241762367463,0.0,0.9239957362434381
4749,0.0,0.0,0.675377791610291
4750,0.0,0.0,0.8270766380261746
4751,0.0,0.0,0.3029962243663517
4752,0.24264508273972912,0.0,0.0
4753,0.06607260562494802,0.0,0.0
4754,0.0,0.0,0.0
4755,0.0,0.0,0.0
4756,0.0,0.0,0.0
4757,0.0,0.0,0.0
4758,0.0,0.0,0.0
4759,0.0,0.0,0.0
4760,0.0,0.0,0.0
4761,0.0760926245835663,0.0,0.0
4762,0.24928207639232566,0.0,0.0
4763,0.0,0.0,0.0
4764,0.0,0.0,0.0
4765,0.014726771389413874,0.0,0.0
4766,0.2743886698133826,0.0,0.0
4767,0.0488276020384915,0.0,0.0
4768,0.10837358307875682,0.0,0.0
4769,0.08647159292081287,0.0,0.0
4770,0.4667639633975068,0.0,0.0
4771,0.8951656744876394,0.0,0.0
4772,0.1381662742015838,0.0,0.0
4773,0.5839773876725153,0.0,0.0
4774,0.7543378189273592,0.0,0.0
4775,0.9735441523988164,0.0,0.0
4776,0.9913343020363504,0.0,0.0
4777,0.7723181374826337,0.0,0.0
4778,0.9999999999999999,0.0,0.0
4779,0.9331016072831777,0.0,0.0
4780,0.9445197115793442,0.0,0.0
4781,0.9734009654017093,0.0031789588562671843,0.0
4782,0.8648692953387892,0.034661623429058395,0.0
4783,0.9315442931981165,0.09865165534653701,0.0
4784,0.978993609689148,0.025058330143948915,0.0
4785,0.9652403437250596,0.005855648585505488,0.0
4786,0.99511970784234,0.026136967039256276,0.0
4787,0.7932899582308783,0.03585836881638882,0.0
4788,0.5403336299155628,0.0,0.0
4789,0.41225613900128955,0.0,0.07908895591431964
4790,0.8131054539579695,0.0,0.055380431256391825
4791,0.6268303881059857,0.15954226835996324,0.0013815199306775093
4792,0.3830183097028502,0.0,0.0
4793,0.12597770669253636,0.0726551505600102,0.0
4794,0.11906359269010276,0.6453724089107717,0.0
4795,0.5995360843076112,0.05806900448785406,0.0
4796,0.4062024051615411,0.0,0.0
4797,0.3313610098166887,0.0,0.0
4798,0.06495529844721529,0.0,0.0
4799,0.0,0.09397376150277337,0.0
4800,0.0,0.9774766780697537,0.0
4801,0.4249162975033398,0.5042615789564115,0.0
4802,0.7979070392273615,0.08717530821860012,0.0
4803,0.9578177467427873,0.0,0.02949619331776882
4804,0.9994240854303414,0.0,0.0
4805,0.5433674274259545,0.0,0.017405579274064067
4806,0.06918151816681854,0.0,0.0
4807,0.16212099759340592,0.08678831562228795,0.0
4808,0.0,0.0,0.0
4809,0.0,0.0,0.008561826249142007
4810,0.0,0.0,0.0
4811,0.0,0.0021714910083811094,0.0
4812,0.0,0.0,0.0
4813,0.0,0.0,0.0
4814,0.0,0.0,0.0
4815,0.0,0.0,0.0
4816,0.0,0.0,0.0
4817,0.0,0.0,0.0
4818,0.0,0.0,0.0
4819,0.0,0.0,0.0
4820,0.0,0.0,0.0
4821,0.0,0.0,0.0
4822,0.22297546662886109,0.0,0.0
4823,1.0000000000000002,0.0,0.0
4824,0.367861160894081,0.0,0.3939425162465474
4825,0.0,0.0,0.9273591861845675
4826,0.0,0.0,0.9608166928923441
4827,0.0,0.0,0.152430754535203
4828,0.0,0.0,0.0
4829,0.0,0.0,0.0
4830,0.0,0.0,0.0
4831,0.0,0.0,0.0
4832,0.0,0.0,0.0
4833,0.0,0.0,0.0
4834,0.0,0.0,0.0
4835,0.0,0.0,0.0
4836,0.0,0.0,0.0
4837,0.08264150827583958,0.0,0.0
4838,0.26684601442502914,0.0,0.0
4839,0.0,0.0,0.0
4840,0.09077077402305286,0.0,0.0
4841,0.05334411811671092,0.0,0.0
4842,0.059344361787586564,0.0,0.0
4843,0.043017028251415436,0.0,0.0
4844,0.2714388958281143,0.0,0.0
4845,0.9176348390397018,0.0,0.0
4846,0.9749352649627167,0.0,0.0
4847,0.6244558262319942,0.0,0.030358347141620928
4848,0.7711771411264277,0.0,0.0
4849,0.9596009787700426,0.0,0.0
4850,0.776941622427074,0.0,0.0
4851,0.8377986440750198,0.0,0.0
4852,0.9806273162485536,0.0,0.0
4853,0.7586470768335187,0.0,0.0
4854,0.9511692537654516,0.0,0.0
4855,0.9665925360762732,0.0,0.0
4856,0.954771015481284,0.008731557274047667,0.0
4857,0.3880877221253954,0.3675875460310741,0.10864615565286394
4858,0.08211284661249739,0.14274780959627137,0.11121083607434523
4859,0.8464489453087247,0.0,0.0
4860,0.9572883787595665,0.0,0.0
4861,0.9379378778698771,0.0,0.0
4862,0.9494500825463212,0.09641139667862346,0.0
4863,0.7064042590396424,0.00786875232473087,0.0
4864,0.349119090212885,0.0,0.0
4865,0.0,0.0,0.0
4866,0.00852978463096215,0.0,0.0
4867,0.660446185994617,0.025647497622578178,0.0
4868,0.27717252504362655,0.04454056256362011,0.0
4869,0.4157750823473224,0.3674979002151822,0.0
4870,0.7366219214210299,0.03862338360766129,0.0
4871,0.9707312543543486,0.0,0.0
4872,0.35534661093735354,0.04137659098493459,0.0
4873,0.0,0.0,0.0
4874,0.0,0.0,0.0
4875,0.0,0.0,0.0
4876,0.0,0.518411622181615,0.0
4877,0.46562795178845684,0.10776008450177105,0.0
4878,0.4523016182946227,0.0,0.0
4879,0.05295227370374242,0.0,0.11546255788490599
4880,0.16965150118777694,0.0,0.18566700174641776
4881,0.16188868862157593,0.0,0.0
4882,0.3258191987913503,0.0,0.0
4883,0.02858436267909686,0.0,0.0
4884,0.0,0.0,0.0
4885,0.0,0.0,0.0
4886,0.0,0.0,0.0
4887,0.0,0.0,0.0
4888,0.0,0.0,0.0
4889,0.0019166480081756452,0.0,0.0
4890,0.2687473390863289,0.0,0.0
4891,0.0,0.0,0.0
4892,0.0,0.0,0.0
4893,0.0,0.0,0.0
4894,0.0,0.0,0.0
4895,0.0,0.0005542361549288977,0.0
4896,0.0,0.6200180399317747,0.0
4897,0.02686044711090806,0.0,0.0
4898,0.25368590331976837,0.0,0.0
4899,0.09150820730027338,0.0,0.018848862379104315
4900,0.0,0.0,0.16743584087698551
4901,0.0,0.0,0.15790765011861885
4902,0.0,0.0,0.03062752488109814
4903,0.0,0.0,0.0
4904,0.0,0.0,0.0
4905,0.0,0.0,0.0
4906,0.0,0.0,0.0
4907,0.0,0.0,0.0
4908,0.0,0.0,0.0
4909,0.0,0.0,0.0
4910,0.0,0.0,0.0
4911,0.0,0.0,0.0
4912,0.0,0.0,0.0
4913,0.0,0.0,0.0
4914,0.0,0.0,0.0
4915,0.0,0.0,0.0
4916,0.0,0.0,0.0
4917,0.0,0.0,0.0
4918,0.0,0.0,0.0
4919,0.0393967893550282,0.0,0.0
4920,0.8194442541146609,0.0,0.0
4921,0.7408226635927437,0.0,0.0
4922,0.16981060939815484,0.0,0.12796909382646618
4923,0.650394290202417,0.0,0.0
4924,0.7102606245107062,0.0,0.0
4925,0.9955497921645591,0.0,0.0
4926,0.7810340984281053,0.0,0.0
4927,0.9784031683260579,0.0,0.0
4928,0.8799434516853732,0.0,0.0
4929,0.6669401529633603,0.0,0.0
4930,0.8011768108773608,0.0,0.0
4931,0.17060112633674793,0.1309492577457611,0.0
4932,0.0,0.5739148734731023,0.0013958554324665297
4933,0.0,0.1947229818032522,0.0
4934,0.11323496109958428,0.0,0.0
4935,0.8842472800245165,0.0,0.007554488490415216
4936,1.0,0.0,0.0
4937,0.8568621464627147,0.0,0.06255738121596117
4938,0.09288460820084303,0.0,0.0
4939,0.341468117573693,0.0,0.0
4940,0.317674778859219,0.0,0.0
4941,0.2097919334479993,0.0,0.0
4942,0.7699573943770569,0.02107104523302305,0.0
4943,0.007058431785125935,0.6834591442120457,0.0
4944,0.01982296479489286,0.33727491186579617,0.0
4945,0.7213059354854764,0.0,0.0
4946,0.7526203664207606,0.00022246858494423977,0.0
4947,0.2030231120281811,0.49130344929570324,0.0
4948,0.0,0.0,0.0
4949,0.0,0.0,0.0
4950,0.0,0.0,0.0
4951,0.0,0.0,0.1093199037339406
4952,0.06376535543128524,0.0,0.011049159212167422
4953,0.0,0.0,0.0
4954,0.1261257879964212,0.0,0.07479953054128642
4955,0.29026199833927696,0.0,0.0063396761807618515
4956,0.263552843524524,0.0,0.0
4957,0.6561451158773095,0.0,0.0
4958,0.31865994254305013,0.0,0.0
4959,0.0,0.0,0.0
4960,0.0,0.0,0.0
4961,0.0,0.0,0.0
4962,0.0,0.0,0.0
4963,0.0,0.0,0.0
4964,0.0,0.0,0.0
4965,0.05023925213182045,0.0,0.0
4966,0.0,0.0,0.0
4967,0.0,0.0,0.0
4968,0.0,0.0,0.0
4969,0.0,0.0,0.0
4970,0.0,0.0,0.0
4971,0.0,0.1723578993105643,0.0
4972,0.0,0.0,0.0
4973,0.012093423328983355,0.0,0.0
4974,0.20424379005146737,0.0,0.0
4975,0.0,0.0,0.0
4976,0.0,0.0,0.0
4977,0.0,0.0,0.0
4978,0.0,0.0,0.0
4979,0.0,0.0,0.0
4980,0.0,0.0,0.0
4981,0.0,0.0,0.0
4982,0.0,0.0,0.0
4983,0.0,0.0,0.0
4984,0.0,0.0,0.0
4985,0.0,0.0,0.0
4986,0.0,0.0,0.0
4987,0.0,0.0,0.0
4988,0.0,0.0,0.0
4989,0.0,0.0,0.0
4990,0.0,0.0,0.0
4991,0.0,0.0,0.0
4992,0.0,0.0,0.0
4993,0.0,0.0,0.0
4994,0.0229983351602493,0.0,0.0
4995,0.0,0.0,0.0
4996,0.0,0.0,0.0
4997,0.005174802704431468,0.0,0.0
4998,0.0,0.0,0.0
4999,0.37209663591789416,0.0,0.0
5000,0.8636376729844335,0.0,0.0
5001,1.0,0.0,0.0
5002,0.9618581423405301,0.0,0.0
5003,0.23631115460024396,0.0,0.0
5004,0.0,0.0,0.030511076784188275
5005,0.0,0.0,0.5414032322354025
5006,0.04304913404195625,0.2252524728168177,0.21177344891342256
5007,0.016191352129546758,0.3064578360195156,0.029051214544520924
5008,0.0,0.0,0.5415207081947926
5009,0.14215953833706296,0.02296502432903023,0.4459075156788527
5010,0.6006224379306943,0.0363832113467727,0.0
5011,0.3325665595655488,0.0,0.0
5012,0.0,0.0,0.0
5013,0.0026196867126506303,0.0,0.0
5014,0.5644752450051699,0.0,0.0
5015,0.18477190660421774,0.0067905405713031145,0.0
5016,0.10284115289168377,0.6420424989635021,0.0
5017,0.28800708000150566,0.5951648776213149,0.0
5018,0.9420356784837021,0.03436884204485631,0.0
5019,0.9995617456063577,0.011387281150228128,0.0
5020,0.9807952517874807,0.0006310262143250681,0.0
5021,0.5126900869804227,0.06155232219185052,0.0
5022,0.0,0.39764784170838463,0.0
5023,0.0,0.2073653544196394,0.0
5024,0.0,0.0,0.0
5025,0.0,0.0,0.03306569476638655
5026,0.0,0.0,0.0
5027,0.0,0.0,0.03582000505140944
5028,0.0706231205159175,0.0,0.0
5029,0.7705619079726338,0.0,0.0
5030,0.9231989113234678,0.0,0.0
5031,0.9557090024479614,0.0,0.0
5032,0.03923914125967431,0.0,0.11036317880331012
5033,0.0,0.0,0.4948880121831281
5034,0.0,0.0,0.049647623698145196
5035,0.0,0.0,0.0
5036,0.0,0.0,0.0
5037,0.0,0.0,0.0
5038,0.0,0.0,0.0
5039,0.0,0.0,0.0
5040,0.0,0.0,0.0
5041,0.0,0.0,0.0
5042,0.0,0.0,0.0
5043,0.0,0.0,0.0
5044,0.0,0.0,0.0
5045,0.009387641885586525,0.0,0.0
5046,0.24988664583613182,0.0,0.0
5047,0.0,0.0,0.0
5048,0.0,0.0,0.0
5049,0.0,0.0,0.0
5050,0.0,0.0,0.0
5051,0.0,0.0,0.0
5052,0.0,0.0,0.0
5053,0.0,0.0,0.0
5054,0.15240418898153363,0.0,0.0
5055,0.0,0.0,0.0
5056,0.0,0.0,0.0
5057,0.0,0.0,0.0
5058,0.0,0.0,0.0
5059,0.0,0.0,0.0
5060,0.2874733244559959,0.0,0.0
5061,0.2550546301764101,0.0,0.0
5062,0.0,0.0,0.0
5063,0.0,0.0,0.0
5064,0.0,0.0,0.0
5065,0.0,0.0,0.0
5066,0.0,0.0,0.0
5067,0.0,0.0,0.0
5068,0.0,0.0,0.0
5069,0.0,0.0,0.0
5070,0.0,0.0,0.0
5071,0.008383529660522972,0.0,0.0
5072,0.6688252782441912,0.0,0.0
5073,0.841321024783291,0.0,0.0
5074,0.7695896329946135,0.0,0.0
5075,0.6334810868428564,0.0026666602399539074,0.028155903511787293
5076,0.3454889722107784,0.05312641495023164,0.46493090548791616
5077,0.23618065917714637,0.0,0.42744262422856777
5078,0.8603743891555353,0.006381610596150867,0.059985137202142776
5079,0.550374957152591,0.0,0.25929018653289676
5080,0.0010450055323106573,0.0,0.325438094611614
5081,0.42489289757862936,0.0,0.0
5082,0.9588437396109032,0.0,0.0
5083,0.8041142196791679,0.0,0.0
5084,0.34197969846289106,0.0,0.0
5085,0.6154572316262643,0.0,0.0
5086,0.19405048327455093,0.0,0.0
5087,0.11638548169038646,0.001343004797820558,0.0
5088,0.09755693510928919,0.36266462188145787,0.0
5089,0.8617078879190565,0.031091825170873524,0.0
5090,1.0,0.05232046222733774,0.0
5091,1.0,0.017451026149034397,0.0
5092,0.9999999999999999,0.0,0.0
5093,0.24524475362258283,0.0,0.11088041118229795
5094,0.0,0.09627141811697205,0.0
5095,0.0,0.03429198426042987,0.0
5096,0.0,0.05340316244328955,0.0
5097,0.0,0.0,0.0
5098,0.0,0.0,0.30672782347453403
5099,0.0,0.0,0.09288015644403305
5100,0.4363136534602454,0.0,0.0
5101,0.4454603604755477,0.0,0.0
5102,0.6188050074415797,0.0,0.0
5103,0.6424020719661128,0.0,0.25551709655906507
5104,0.0,0.0,0.9506725274962808
5105,0.0,0.0,0.23262697249573652
5106,0.0,0.0,0.0
5107,0.0,0.0,0.0
5108,0.0,0.0,0.0
5109,0.0,0.0,0.0
5110,0.0,0.0,0.0
5111,0.0,0.0,0.0
5112,0.0,0.0,0.0
5113,0.0,0.0,0.0
5114,0.0,0.0,0.0
5115,0.0,0.0,0.0
5116,0.0,0.0,0.0
5117,0.0,0.0,0.0
5118,0.0,0.0,0.0
5119,0.0,0.0,0.0
5120,0.0,0.0,0.0
5121,0.0,0.0,0.0
5122,0.0,0.0,0.0
5123,0.02757512229077307,0.0,0.0
5124,0.35027667758586223,0.0,0.0
5125,0.2035679120891381,0.0,0.0
5126,0.8655838248758781,0.0,0.0
5127,0.0571984885487169,0.0,0.0
5128,0.0,0.0,0.0
5129,0.0,0.0,0.0
5130,0.0,0.0,0.0
5131,0.0,0.0,0.0
5132,0.9504619342659028,0.0,0.0
5133,0.5755434035566543,0.0,0.0
5134,0.0,0.0,0.0
5135,0.0,0.0,0.0
5136,0.0,0.0,0.0
5137,0.0,0.0,0.0
5138,0.0,0.0,0.0
5139,0.0,0.0,0.0
5140,0.0,0.0,0.0
5141,0.0,0.0,0.0
5142,0.0,0.0,0.0
5143,0.0,0.0,0.0
5144,0.04606243352393279,0.0,0.0
5145,0.8290664109532723,0.0,0.0
5146,0.953652396635787,0.0,0.0
5147,0.3283023687025665,0.0,0.0
5148,0.7571807696228577,0.06225809894682733,0.0
5149,0.9979371271346059,0.0,0.0
5150,0.6976818749656954,0.2607397145377732,0.0
5151,0.09784203218914639,0.021708199418980986,0.0
5152,0.06590226580567805,0.0,0.0
5153,0.10353428950312756,0.0,0.0
5154,0.8539792315199657,0.0,0.0
5155,0.9552592849827946,0.0,0.0
5156,0.7357162397308676,0.0,0.0
5157,0.8204663691808436,0.0,0.0
5158,0.1133267056741646,0.45133537619272873,0.0
5159,0.0,0.24885179992345488,0.0
5160,0.05768973041197602,0.0,0.0
5161,0.3900560688119496,0.0,0.0
5162,0.8053383529693865,0.006803690590780188,0.0
5163,0.6669525534981484,0.0,0.0
5164,0.34138203103517134,0.0,0.0
5165,0.026175209481424294,0.0,0.002758421272749471
5166,0.0,0.0,0.0
5167,0.0,0.0,0.0
5168,0.0,0.07323006897223526,0.0
5169,0.0,0.0,0.184638644419956
5170,0.0,0.0,0.720208173564475
5171,0.03453864006039385,0.0,0.24620027906674025
5172,0.107838116495171,0.0,0.0
5173,0.06703253459643546,0.0,0.0
5174,0.8864121112313186,0.0,0.0
5175,0.2876830183091114,0.0,0.6397343057336121
5176,0.0,0.0,0.6306595042370525
5177,0.0,0.0,0.0
5178,0.0,0.0,0.0
5179,0.0,0.0,0.0
5180,0.0,0.0,0.0
5181,0.0,0.0,0.0
5182,0.0,0.0,0.0
5183,0.0,0.0,0.0
5184,0.0,0.0,0.0
5185,0.0,0.0,0.0
5186,0.0,0.0,0.0
5187,0.0,0.0,0.0
5188,0.0,0.0,0.0
5189,0.0,0.0,0.0
5190,0.0,0.0,0.0
5191,0.0,0.0,0.0
5192,0.0,0.0,0.0
5193,0.0,0.0,0.0
5194,0.002604809709329289,0.0,0.0
5195,0.7520139613887893,0.0,0.0
5196,0.2581763709193799,0.0,0.0
5197,0.16729105082996523,0.0,0.0
5198,0.008174489015412257,0.0,0.0
5199,0.0,0.0,0.0
5200,0.0,0.0,0.0
5201,0.0,0.0,0.0
5202,0.0,0.0,0.0
5203,0.4281210494605794,0.0,0.0
5204,0.09122112796954816,0.0,0.0
5205,0.0,0.0,0.0
5206,0.0,0.0,0.0
5207,0.0,0.0,0.0
5208,0.0,0.0,0.0
5209,0.0,0.0,0.0
5210,0.0,0.0,0.0
5211,0.0,0.0,0.0
5212,0.0,0.0,0.0
5213,0.0,0.0,0.0
5214,0.0,0.0,0.0
5215,0.0,0.0,0.0
5216,0.12135061263755573,0.0,0.0
5217,0.4457177179383376,0.0,0.0
5218,0.009819304651888001,0.0,0.0
5219,0.010804873278394347,0.0,0.0
5220,0.1340007882757695,0.0,0.0
5221,0.001499244421490978,0.13680567478883238,0.0
5222,0.02804044340570459,0.0,0.0
5223,0.01900138839870533,0.0,0.0
5224,0.014960262511197473,0.007517416639879298,0.0
5225,0.21975021552050866,0.0,0.0
5226,0.5343990756181212,0.0,0.0
5227,0.21802770829505125,0.0,0.0
5228,0.29278631440710845,0.12789295418866145,0.0
5229,0.0011468331950663566,0.9806027939567518,0.0
5230,0.0,0.5459444794291836,0.0
5231,0.0,0.0,0.0
5232,0.23899163397124948,0.0,0.21385177255337146
5233,0.0,0.0,0.14087509178011165
5234,0.0,0.0,0.0
5235,0.0,0.0,0.0
5236,0.0,0.0,0.0
5237,0.0,0.0,0.0
5238,0.0,0.0,0.0
5239,0.0,0.0,0.0
5240,0.0,0.0,0.0
5241,0.0,0.0,0.0
5242,0.19089126506769646,0.0,0.0
5243,0.38511879632523227,0.0,0.0
5244,0.6991169192588841,0.0,0.0
5245,0.925850041706011,0.0,0.029245875580371578
5246,0.01992809619664077,0.0,0.9426296264664574
5247,0.0,0.0,0.18910240910930914
5248,0.0,0.0,0.0
5249,0.0,0.0,0.0
5250,0.0,0.0,0.0
5251,0.0,0.0,0.0
5252,0.0,0.0,0.0
5253,0.0,0.0,0.0
5254,0.05078941879227792,0.0,0.0
5255,0.0932457229313521,0.0,0.0
5256,0.0031475244365192943,0.0,0.0
5257,0.0,0.0,0.0
5258,0.0,0.0,0.0
5259,0.0,0.0,0.0
5260,0.0,0.0,0.0
5261,0.0,0.0,0.0
5262,0.0,0.0,0.0
5263,0.0,0.0,0.0
5264,0.0,0.0,0.0
5265,0.0,0.0,0.0
5266,0.0,0.0,0.0
5267,0.0,0.0,0.0
5268,0.0,0.0,0.0
5269,0.0,0.0,0.0
5270,0.0,0.0,0.0
5271,0.0,0.0,0.0
5272,0.0,0.0,0.0
5273,0.0,0.0,0.0
5274,0.0,0.07119880036201998,0.0
5275,0.0,0.0,0.0
5276,0.0,0.0,0.0
5277,0.0,0.0,0.0
5278,0.0,0.0,0.0
5279,0.21704430631683136,0.0,0.0
5280,0.028614467971434892,0.0,0.0
5281,0.0015676857288811285,0.11231202723001597,0.0
5282,0.17543660585947177,0.0,0.0
5283,0.0,0.0,0.0
5284,0.0,0.0,0.0
5285,0.0,0.0,0.0
5286,0.0,0.012395055362758778,0.0
5287,0.17796324304386302,0.08432725755264553,0.0
5288,0.009061171367578969,0.0,0.0
5289,0.0,0.0,0.0
5290,0.04975033704623274,0.0037197714171475034,0.0
5291,0.12942763527924506,0.3291697079162176,0.0
5292,0.14363640140298445,0.32451158341732617,0.0
5293,0.002456938820376344,0.0033578446705329573,0.0
5294,0.12207729347027642,0.0,0.0
5295,0.03086008381445127,0.05023405538381581,0.0
5296,0.0,2.8927936057713308e-05,0.0
5297,0.0,0.0,0.0
5298,0.0018042420148202496,0.0,0.09520522595511834
5299,0.011508798007703628,0.0,0.34492495465787626
5300,0.0,0.0,0.03057176856093445
5301,0.0,0.0,0.0
5302,0.0,0.0,0.0
5303,0.0,0.0,0.0
5304,0.0,0.0,0.0
5305,0.0,0.0,0.0
5306,0.009604592355483884,0.0,0.0
5307,0.0,0.0,0.0
5308,0.0,0.0,0.0
5309,0.0,0.0,0.0
5310,0.1747368077613992,0.0,0.0
5311,0.21000917504827712,0.0,0.2871497694153339
5312,0.0,0.0,0.7560074406869378
5313,0.0,0.0,0.0
5314,0.0,0.0,0.0
5315,0.0,0.0,0.0
5316,0.0,0.0,0.0
5317,0.0,0.0,0.0
5318,0.0,0.0,0.0
5319,0.0,0.0,0.0
5320,0.0,0.0,0.0
5321,0.0,0.0,0.0
5322,0.5273177806103739,0.0,0.0
5323,0.9999999999999999,0.0,0.0
5324,0.6465055194727312,0.0,0.0
5325,0.0,0.0,0.0
5326,0.0,0.0,0.0
5327,0.0,0.0,0.0
5328,0.0,0.0,0.0
5329,0.0,0.0,0.0
5330,0.0,0.0,0.0
5331,0.00036400364622264316,0.0,0.0
5332,0.07940432452512709,0.0,0.0
5333,0.0,0.0,0.0
5334,0.0,0.0,0.0
5335,0.0,0.0,0.0
5336,0.0,0.0,0.0
5337,0.0,0.0,0.0
5338,0.0,0.0,0.0
5339,0.0,0.0,0.0
5340,0.0,0.0,0.0
5341,0.0,0.0,0.0
5342,0.0,0.14560580420564667,0.0
5343,0.0,0.0,0.0
5344,0.135196193828826,0.0,0.0
5345,0.010453068750768308,0.0,0.0
5346,0.0,0.027074117448622412,0.0
5347,0.19957863725090746,0.3747467291075238,0.0
5348,0.686804586989447,0.009090456533945208,0.0
5349,0.0,0.846866829853005,0.0
5350,0.39922006549143624,0.02254049815391452,0.0
5351,0.7217030644241776,0.0,0.0
5352,0.013396676816084876,0.0,0.0
5353,0.0006032543995161529,0.0,0.0
5354,0.0,0.001344141836402604,0.0
5355,0.13234592921138422,0.3457835920493865,0.0
5356,0.0,0.0,0.0
5357,0.0,0.0,0.011366658952102229
5358,0.0,0.061903157602143315,0.3825561296564787
5359,0.0,0.39395906065829456,0.07241899241469774
5360,0.02638621892172075,0.2817036138863746,0.0
5361,0.4152480359857754,0.0,0.0
5362,0.2264269542711657,0.0,0.0
5363,0.0,0.0,0.0
5364,0.0,0.0,0.0
5365,0.0,0.0,0.0
5366,0.0011639895094170667,0.11488764890590601,0.17166159052850818
5367,0.12681174637925577,0.0,0.0
5368,0.035953916182000945,0.0,0.000260916403873442
5369,0.1513559932841132,0.0,0.01993686091753733
5370,0.06267014522621635,0.0,0.0010360445673462707
5371,0.0,0.0,0.0935631900596006
5372,0.0,0.016589393574930618,0.0
5373,0.0,0.0,0.0
5374,0.0,0.0,0.0
5375,0.0,0.0,0.0
5376,0.0,0.0,0.1369010464092099
5377,0.0,0.0,0.2744270115115024
5378,0.0,0.0,0.34164263522487676
5379,0.0,0.0,0.5502526124553779
5380,0.0,0.0,0.43438718273346977
5381,0.0,0.0,0.0
5382,0.0,0.0,0.0
5383,0.0,0.0,0.0
5384,0.0,0.0,0.0
5385,0.0,0.0,0.0
5386,0.0,0.0,0.0
5387,0.0,0.0,0.0
5388,0.0,0.0,0.0
5389,0.0,0.0,0.0
5390,0.0,0.0,0.0
5391,0.2893274667086279,0.0,0.0
5392,0.6268697628404913,0.0,0.0
5393,0.3093084502031127,0.0,0.0
5394,0.0,0.0,0.0
5395,0.0,0.0,0.0
5396,0.0,0.0,0.0
5397,0.0,0.0,0.0
5398,0.0,0.0,0.0
5399,0.0,0.0,0.0
5400,0.0004537892234584919,0.0,0.0
5401,0.4934821267654579,0.0,0.0
5402,0.0,0.0,0.0
5403,0.0,0.0,0.0
5404,0.0,0.0,0.0
5405,0.0,0.0,0.0
5406,0.0,0.0,0.0
5407,0.0,0.0,0.0
5408,0.0,0.0,0.0
5409,0.0,0.0,0.0
5410,0.0,0.0,0.0
5411,0.0,0.0,0.0
5412,0.09578931580119486,0.0,0.0
5413,0.17403965698021115,0.0,0.0
5414,2.0825431515309357e-05,0.0,0.0
5415,0.0,0.0,0.0
5416,0.08487459254395556,0.0,0.03552101639888155
5417,0.33754158544495827,0.1324631778499611,0.0
5418,0.17318727449212779,0.11683441984687758,0.0
5419,0.6771461197084014,0.0,0.0
5420,0.8357892806341531,0.0,0.0
5421,0.8332497995912762,0.0,0.0
5422,0.5832305396814889,0.0,0.0
5423,0.00968967002788947,0.0,0.0
5424,0.0,0.0,0.0007322704649491341
5425,0.0,0.0,0.509790079223314
5426,0.0,0.0,0.7382456736498562
5427,0.0,0.0,0.6810522476667183
5428,0.15510276406934873,0.0,0.0006630169474096382
5429,0.773832034951558,0.0,0.0
5430,0.5505468741760177,0.0,0.0
5431,0.8719447232197992,0.0,0.0
5432,0.3171736351780042,0.0,0.0
5433,0.397334973826122,0.0,0.0
5434,0.0,0.0,0.0
5435,0.3441156185922621,0.050920466185403,0.0
5436,0.6477382894622039,0.0,0.0
5437,0.34403130550277966,0.0,0.0694226518052473
5438,0.4426930787452518,0.0,0.499719256521299
5439,0.5074822117671487,0.0,0.07165261150304775
5440,0.0,0.0,0.0
5441,0.0,0.0,0.0
5442,0.0,0.0,0.0
5443,0.0,0.0,0.0
5444,0.0,0.0,0.0
5445,0.0,0.0,0.4722434915538532
5446,0.0,0.0,1.0
5447,0.0,0.0,1.0
5448,0.0,0.0,1.0000000000000002
5449,0.0,0.0,0.32842521183116263
5450,0.0,0.0,0.0
5451,0.0,0.0,0.0
5452,0.0,0.0,0.0
5453,0.0,0.0,0.0
5454,0.0,0.0,0.0
5455,0.0,0.0,0.0
5456,0.0,0.0,0.0
5457,0.0,0.0,0.0
5458,0.0,0.0,0.0
5459,0.0,0.0,0.0
5460,0.28609881794172604,0.0,0.0
5461,0.21139922107548595,0.0,0.0
5462,0.0,0.0,0.0
5463,0.0,0.0,0.0
5464,0.0,0.0,0.0
5465,0.0,0.0,0.0
5466,0.0,0.0,0.0
5467,0.0,0.0,0.0
5468,0.0,0.0,0.0
5469,0.0,0.0,0.0
5470,0.0,0.0,0.0
5471,0.0,0.0,0.0
5472,0.0,0.0,0.0
5473,0.0,0.0,0.0
5474,0.0,0.0,0.0
5475,0.0,0.0,0.0
5476,0.0,0.0,0.0
5477,0.0,0.0,0.0
5478,0.0,0.0,0.0
5479,0.0,0.0,0.0
5480,0.0,0.0,0.0
5481,0.0,0.0,0.0
5482,0.020584874852826823,0.0,0.0
5483,0.1736408942984843,0.0,0.0
5484,0.0,0.0,0.0
5485,0.0,0.0,0.0
5486,0.0,0.0,0.0
5487,0.009088483461107244,0.0,0.0
5488,0.720709232650652,0.0,0.0
5489,0.7782417493078646,0.0,0.0
5490,0.881641174722183,0.0,0.0
5491,0.9013543029942593,0.0,0.0
5492,0.5489939376657547,0.0,0.0
5493,0.000360973450321508,0.0,0.23864805985769977
5494,0.0,0.0,0.9063161033582505
5495,0.0,0.0,1.0000000000000002
5496,0.0,0.0,0.31480326544157633
5497,0.018895737291174882,0.012762290383720403,0.00809212283770343
5498,0.062139552941528245,0.0,0.0
5499,0.0,0.0,0.0
5500,0.0713229318396959,0.0,0.0
5501,0.3978522295597045,0.0,0.0
5502,0.5199902531107821,0.0,0.0
5503,0.0,0.0,0.0
5504,0.0014944962860437181,0.0015668398777815516,0.0
5505,0.04583086883509066,0.0,0.08430763219514636
5506,0.01704957388917582,0.07098142463028231,0.0
5507,0.004758572258424136,0.0,0.1385575881041134
5508,0.00725565134175999,0.0,0.0
5509,0.0,0.0,0.0
5510,0.0,0.1097538945783229,0.0
5511,0.0,0.21824806835555072,0.0
5512,0.0,0.06066868560610439,0.0
5513,0.0,0.0,0.0
5514,0.0,0.0,0.3403245981347575
5515,0.0,0.0,1.0
5516,0.0,0.0,1.0
5517,0.0,0.0,1.0000000000000002
5518,0.0,0.0,0.27823816987895217
5519,0.0,0.0,0.0
5520,0.0,0.0,0.0
5521,0.0,0.0,0.0
5522,0.0,0.0,0.0
5523,0.0,0.0,0.0
5524,0.00357012646264748,0.0,0.0
5525,0.010536148691828642,0.0,0.0
5526,0.0,0.0,0.0
5527,0.0,0.0,0.0
5528,0.0,0.0,0.0
5529,0.0,0.0,0.0
5530,0.0,0.0,0.0
5531,0.0,0.0,0.0
5532,0.0,0.0,0.0
5533,0.0,0.0,0.0
5534,0.0,0.0,0.0
5535,0.0,0.0,0.0
5536,0.0,0.0,0.0
5537,0.0,0.0,0.0
5538,0.0,0.0,0.0
5539,0.0,0.0,0.0
5540,0.0014131174956713958,0.0,0.0
5541,0.20030414020881537,0.0,0.0
5542,0.0,0.0,0.0
5543,0.0,0.0,0.0
5544,0.0,0.0,0.0
5545,0.025456131334790754,0.0,0.0
5546,0.3557140369993468,0.0,0.0
5547,0.06278471650377371,0.0,0.0
5548,0.0,0.0,0.0
5549,0.0,0.0,0.0
5550,0.0,0.0,0.0
5551,0.0002803437679903368,0.0,0.0
5552,0.5937448193306495,0.0,0.0
5553,0.913009688451499,0.0,0.0
5554,0.8155003865607334,0.0,0.0
5555,0.8844423820546546,0.0,0.0
5556,0.3408434794627782,0.0,0.28131971789895355
5557,0.0,0.0,0.9708016849458412
5558,0.0,0.0,0.9999999999999999
5559,0.0,0.0,0.90194033585882
5560,0.0,0.04067264650212279,0.3267023742305897
5561,0.0,0.7247208634306832,0.0
5562,0.10182208118898947,0.34151465102791595,0.0
5563,0.0,0.008783185406454494,0.0
5564,0.0,0.0,0.0
5565,0.0010983903986383004,0.0,0.0
5566,0.003903786378524171,0.0,0.0
5567,0.0,0.0,0.0
5568,0.0,0.0,0.0
5569,0.0,0.0,0.027613101301801352
5570,0.0,0.0,0.0
5571,0.0,0.0,0.0034007374289224536
5572,0.0,0.0,0.0
5573,0.0,0.0,0.0
5574,0.0,0.004520943469718778,0.0
5575,0.0,0.0,0.0
5576,0.0,0.0,0.0
5577,0.0,0.0,0.0
5578,0.0,0.0,0.2885862531480589
5579,0.0,0.0,0.9999999999999999
5580,0.0,0.0,1.0
5581,0.0,0.0,1.0
5582,0.0,0.0,0.22804983865940878
5583,0.0,0.0,0.0
5584,0.0,0.0,0.0
5585,0.0,0.0,0.0
5586,0.0,0.0,0.0
5587,0.0,0.0,0.0
5588,0.0,0.0,0.0
5589,0.0,0.0,0.0
5590,0.0,0.0,0.0
5591,0.0,0.0,0.0
5592,0.0,0.0,0.0
5593,8.95818250394024e-05,0.0,0.0
5594,0.007976248390787678,0.0,0.0
5595,0.0,0.0,0.0
5596,0.0,0.0,0.0
5597,0.0,0.0,0.0
5598,0.0,0.0,0.0
5599,0.0,0.0,0.0
5600,0.0,0.0,0.0
5601,0.0,0.0,0.0
5602,0.0,0.0,0.0
5603,0.30264191892478587,0.0,0.0
5604,0.16344783924838258,0.0,0.0
5605,0.4612482835057164,0.0,0.0
5606,0.0,0.0,0.0
5607,0.0,0.0,0.0
5608,0.0,0.0,0.0
5609,0.0,0.0,0.0
5610,0.10375294628783345,0.0,0.0
5611,0.026555667911378086,0.0,0.0
5612,0.0,0.0,0.0
5613,0.0,0.0,0.0
5614,0.01607248941906095,0.0,0.0
5615,0.7834519376888363,0.0,0.0
5616,0.590708869611925,0.0,0.0
5617,0.2205538998434865,0.0,0.0
5618,0.0,0.0,0.16854299645958606
5619,0.0,0.0,0.9904650568423323
5620,0.16010782682836186,0.0,0.7662194765340017
5621,0.10116811015775681,0.0378638645073314,0.6927541676696384
5622,0.0,0.01026446767006106,0.5230422094324622
5623,0.0,0.5027886177427863,0.038272929049307826
5624,0.0,0.6328668585907676,0.0
5625,0.0,0.3287245167169718,0.0
5626,0.0,0.0,0.0
5627,0.0,0.0,0.0
5628,0.0,0.0,0.0
5629,0.0,0.0,0.0
5630,0.0,0.0,0.1138746140345412
5631,0.0,0.0,0.006234601724097285
5632,0.0,0.0,0.0
5633,0.0,0.0,0.0868426411832725
5634,0.0,0.0037240335368487745,0.0
5635,0.0,0.05116964635724153,0.0
5636,0.0,0.0,0.0
5637,0.0,0.0,0.0
5638,0.0,0.0,0.0
5639,0.0,0.0,0.0
5640,0.0,0.0,0.2687684378963104
5641,0.0,0.0,0.9999999999999999
5642,0.0,0.0,0.9287338927156722
5643,0.0,0.0,0.6572244092646635
5644,0.0,0.0,0.5585933165401274
5645,0.0,0.0,0.23209640081241317
5646,0.0,0.0,0.0
5647,0.0,0.0,0.0
5648,0.0,0.0,0.0
5649,0.0,0.0,0.0
5650,0.0,0.0,0.0
5651,0.0,0.0,0.0
5652,0.0,0.0,0.0
5653,0.0,0.0,0.0
5654,0.0,0.0,0.0
5655,0.0,0.0,0.0
5656,0.3577548074849476,0.0,0.0
5657,0.47836676797854266,0.0,0.0
5658,0.0,0.0,0.0
5659,0.0,0.0,0.0
5660,0.0,0.0,0.0
5661,0.0,0.0,0.0
5662,0.0,0.0,0.0
5663,0.0,0.0,0.0
5664,0.0,0.0,0.0
5665,0.0,0.0,0.0
5666,0.0,0.0,0.0
5667,0.24168362467297833,0.0,0.0
5668,0.7866334129248607,0.0,0.0
5669,0.030722816187581718,0.0,0.0
5670,0.0,0.0,0.0
5671,0.0,0.0,0.0
5672,0.0,0.0,0.0
5673,0.18216079880606803,0.0,0.0
5674,0.11891831095043699,0.0,0.0
5675,0.0,0.0,0.0
5676,0.0,0.0,0.0
5677,0.0,0.0,0.0
5678,0.3235845814031343,0.0,0.0
5679,0.6933309134126541,0.0,0.0
5680,0.13680300892093075,0.0,0.0
5681,0.0,0.17286294053086176,0.0
5682,0.04737031281075378,0.3639523337124962,0.3018872436782556
5683,0.7155048905718053,0.0,0.06150945518251472
5684,0.42718781364476444,0.40339199876971493,0.037964555937618646
5685,0.0,0.6721025842082636,4.168283952898814e-06
5686,0.0,0.3527339458354967,0.0
5687,0.0,0.22697510038103944,0.0
5688,0.0,0.0,0.0
5689,0.29451629386455447,0.02777194474072923,0.0
5690,0.5305643328042473,0.005098195256246435,0.0
5691,0.0,0.0,0.0
5692,0.0,0.0,0.0
5693,0.054389317975761804,0.0,0.0
5694,0.0,0.0,0.0
5695,0.0,0.0,0.0
5696,0.0,0.0,0.0
5697,0.0,0.11814544760840905,0.0
5698,0.0,0.0,0.0
5699,0.0,0.0,0.0
5700,0.0,0.0,0.0
5701,0.0,0.0,0.0
5702,0.0,0.0,0.0
5703,0.0,0.0,0.4461813070022318
5704,0.0,0.0,0.9344376295865741
5705,0.0,0.0,0.42392814470451845
5706,0.0,0.0,0.967019848019817
5707,0.0,0.0,0.9999999999999999
5708,0.0,0.0,0.949722350190209
5709,0.0,0.0,0.4288942703737405
5710,0.0,0.0,0.0
5711,0.1572697474219282,0.0,0.0
5712,0.7677665644102083,0.0,0.0
5713,0.006678169076030594,0.0,0.0
5714,0.0,0.0,0.0
5715,0.0,0.0,0.0
5716,0.0,0.0,0.0
5717,0.0,0.0,0.0
5718,0.0,0.0,0.0
5719,0.0,0.0,0.0
5720,0.0,0.0,0.0
5721,0.0,0.0,0.0
5722,0.0,0.0,0.0
5723,0.0,0.0,0.0
5724,0.0,0.0,0.0
5725,0.0,0.0,0.0
5726,0.0,0.0,0.0
5727,0.0,0.0,0.0
5728,0.0,0.0,0.0
5729,0.0,0.0,0.0
5730,0.0,0.0,0.0
5731,3.179033770685679e-05,0.0,0.0
5732,0.0,0.0,0.0
5733,0.0,0.0,0.0
5734,0.0,0.0,0.0
5735,0.0,0.0,0.0
5736,0.0,0.0,0.0
5737,0.21156477690542977,0.0,0.0
5738,0.058640304242793546,0.0,0.0
5739,0.0,0.0,0.13567006448991073
5740,0.0,0.0,0.1234940250543984
5741,0.7062619242548075,0.0,0.0684602531847763
5742,0.9702322910557691,0.0,0.018956863352452433
5743,0.42146997461534214,0.0,0.13890907418087026
5744,0.0,0.015831372719084233,0.11816031096848116
5745,0.19443152336675046,0.001687733516691808,0.20112533240087327
5746,0.6082517977585334,0.3230017224364066,0.013685257153968854
5747,4.375526991697327e-05,0.9984141812551315,0.0
5748,0.0,0.5089860369993517,0.0
5749,0.0,0.2584466920766906,0.0
5750,0.0,0.13957556649068562,0.0
5751,0.0,0.0,0.0
5752,0.009849996231932846,0.6209569261598891,0.0
5753,0.0036234505376960633,0.4262747078578985,0.0
5754,0.0,0.0,0.0
5755,0.0,0.0,0.0
5756,0.18004389088240624,0.0,0.0
5757,0.06377886347030072,0.0,0.0
5758,0.0,0.0,0.0
5759,0.49813036175317765,0.0,0.0
5760,0.2540742686917384,0.03034381635280535,0.0
5761,0.0,0.0,0.0
5762,0.0,0.0,0.0
5763,0.0,0.0,0.0
5764,0.0,0.0,0.0
5765,0.0,0.0,0.060449616963258956
5766,0.0,0.0,0.8972440804792525
5767,0.0,0.0,0.5593076116832405
5768,0.0,0.0,0.9560628882543496
5769,0.0,0.0,1.0
5770,0.0,0.0,1.0000000000000002
5771,0.0,0.0,1.0
5772,0.0,0.0,0.0
5773,0.0,0.0,0.0
5774,0.0,0.0,0.0
5775,1.6351996789303445e-05,0.0,0.0
5776,0.0,0.0,0.0
5777,0.0,0.0,0.0
5778,0.0,0.0,0.0
5779,0.0,0.0,0.0
5780,0.0,0.0,0.0
5781,0.0,0.0,0.0
5782,0.0,0.0,0.0
5783,0.0,0.0,0.0
5784,0.0,0.0,0.0
5785,0.0,0.0,0.0
5786,0.0,0.0,0.0
5787,0.0,0.0,0.0
5788,0.0,0.0,0.0
5789,0.0,0.0,0.0
5790,0.0,0.0,0.0
5791,0.0,0.0,0.0
5792,0.0,0.0,0.0
5793,0.0,0.5325416688478767,0.0
5794,0.0,0.8052800593766988,0.0
5795,0.0,0.818356639172734,0.0
5796,0.0,0.6142486797905586,0.0
5797,0.0,0.016782722650813445,0.0
5798,0.0,0.0,0.0
5799,0.0,0.0,0.0
5800,0.12236416755985739,0.0,0.0
5801,0.03150457387188192,0.0,0.24629504332595156
5802,0.0,0.0,0.9433825361809207
5803,0.0,0.0,0.9443695168060493
5804,0.08865452993736529,0.0,0.7183883329536702
5805,0.20877033213890808,0.0,0.570660726188745
5806,0.0,0.0,0.8571386582115457
5807,0.0,0.0,0.5997800879528246
5808,0.0,0.0,0.6679739313050234
5809,0.0,0.5957967654691394,0.006702280535647841
5810,0.0,0.6424762925940224,0.0
5811,0.0,0.28095688733120083,0.0
5812,0.0,0.5123612791431922,0.0
5813,0.19221648937831445,0.38656765988316294,0.0
5814,0.1702771999443638,0.5052191597191069,0.0
5815,0.0,0.16313702413058725,0.0
5816,0.0,0.02612238628003772,0.0
5817,0.0,0.0,0.0
5818,0.0,0.0,0.0
5819,0.02797678404375943,0.0,0.0
5820,0.23775958537549677,0.0,0.0
5821,0.0,0.0,0.0
5822,0.0,0.0,0.0
5823,0.0,0.0,0.0
5824,0.0,0.0,0.0
5825,0.0,0.0,0.0
5826,0.0,0.0,0.0
5827,0.0,0.0,0.002755663475554254
5828,0.0,0.0,0.6893869688294648
5829,0.0,0.0,0.6969928549053406
5830,0.0,0.0,0.8744530732262833
5831,0.0,0.0,0.9999999999999999
5832,0.0,0.0,1.0000000000000002
5833,0.0,0.0,0.16114816480059965
5834,0.0,0.0,0.7335430638347388
5835,0.0,0.0,0.12901310582560602
5836,0.0,0.0,0.0
5837,0.13507061904785572,0.0,0.0
5838,0.04684082924151541,0.0,0.0
5839,0.0,0.0,0.0
5840,0.0,0.0,0.0
5841,0.0,0.0,0.0
5842,0.0,0.0,0.0
5843,0.0,0.0,0.0
5844,0.0,0.0,0.0
5845,0.0,0.0,0.0
5846,0.0,0.0,0.0
5847,0.0,0.0,0.0
5848,0.0,0.0,0.0
5849,0.0,0.0,0.0
5850,0.0,0.0,0.0
5851,0.0,0.0,0.0
5852,0.0,0.1396581943425267,0.0
5853,0.0,0.9841408700053673,0.0
5854,0.0,1.0,0.0
5855,0.0,1.0,0.0
5856,0.0,1.0000000000000002,0.0
5857,0.0,0.6735945548941373,0.0
5858,0.0,0.01801402758192698,0.0
5859,7.75543368979564e-05,0.0,0.0
5860,0.0,0.0,0.0
5861,0.0,0.0,0.2846295026541864
5862,0.0,0.0,0.9510374437658129
5863,0.2944930061582087,0.0,0.6138778236591603
5864,0.7031628407616878,0.0,0.0824225435778383
5865,0.0,0.0,0.6509122209393772
5866,0.0,0.0,0.8836003538337435
5867,0.0,0.0,0.3785573569110146
5868,0.0,0.0,0.7127014575103597
5869,0.0,0.0,0.0
5870,0.0,0.0,0.0
5871,0.0,0.3810326205470126,0.0
5872,0.0,0.44125905010854793,0.0
5873,0.0010519113828038721,0.7807545860890508,0.0
5874,0.0,0.707564688531441,0.0
5875,0.0,0.0,0.0
5876,0.0,0.0,0.0
5877,0.0,0.0,0.0
5878,0.0,0.0,0.0
5879,0.0,0.0,0.0
5880,0.0,0.0,0.0
5881,0.0,0.0,0.0
5882,0.0,0.0,0.0
5883,0.0,0.0,0.0
5884,0.0,0.0,0.0
5885,0.0,0.0,0.0
5886,0.0,0.0,0.0
5887,0.0,0.0,0.18819050858525557
5888,0.0,0.0,0.9786815748594858
5889,0.0,0.0,0.5740957401122242
5890,0.0,0.0,1.0
5891,0.0,0.0,1.0
5892,0.0,0.0,1.0
5893,0.0,0.0,0.8792736432677093
5894,0.0,0.0,0.780214239298978
5895,0.0,0.0,0.15323267270553775
5896,0.0,0.0,0.0
5897,0.49098444920990575,0.0,0.0
5898,0.14862958603850307,0.0,0.0
5899,0.0,0.0,0.0
5900,0.0,0.0,0.0
5901,0.0,0.0,0.0
5902,0.0,0.0,0.0
5903,0.0,0.0,0.0
5904,0.0,0.0,0.0
5905,0.0,0.0,0.0
5906,0.0,0.0,0.0
5907,0.0,0.0,0.0
5908,0.0,0.0,0.0
5909,0.0,0.0,0.0
5910,0.0,0.0,0.0
5911,0.0,0.0,0.026084131700165512
5912,0.0,0.6019847656981638,0.0
5913,0.0,1.0000000000000002,0.0
5914,0.0,1.0,0.0
5915,0.0,1.0,0.0
5916,0.0,0.9999999999999999,0.0
5917,0.0,0.9951081943078985,0.0
5918,0.2738138341140922,0.3014174857695193,0.0
5919,0.6908896328002776,0.0,0.0
5920,0.008294441450633416,0.0,0.0
5921,0.0,0.0,0.5071538535825756
5922,0.0,0.0,0.9011853535864635
5923,0.0,0.0,0.7797492985491545
5924,0.027719723946093712,0.0,0.0
5925,0.0,0.0,0.041413513425338486
5926,0.0,0.0,0.7829084950494698
5927,0.0,0.0,0.7209913254917693
5928,0.0,0.0,0.5141039994047854
5929,0.0,0.0,0.0
5930,0.0,0.0,0.0
5931,0.0,0.011795565957194368,0.0
5932,0.0,0.41863507377411463,0.2877697113962765
5933,0.0,0.9479451958723525,0.05205480412759556
5934,0.0,0.6421293830235927,0.15292714952961592
5935,0.0,0.4458402310154054,0.0
5936,0.0,0.7272049954744225,0.0
5937,0.0017526316987353497,0.33395680145870643,0.0
5938,0.0,0.0,0.0
5939,0.33335155854944937,0.0,0.0
5940,0.001964263464367476,0.0,0.0
5941,0.0,0.0,0.0
5942,0.0,0.0,0.0
5943,0.0,0.0,0.0
5944,0.0,0.0,0.0
5945,0.0,0.0,0.0
5946,0.0,0.0,0.0
5947,0.0,0.0,0.46688910782765947
5948,0.0,0.0,0.6908713426243439
5949,0.0,0.0,0.8931197574338365
5950,0.0005159330583609473,0.0,0.47351210058056653
5951,0.02650459921048473,0.0,0.0
5952,0.0,0.0,0.0
5953,0.0,0.0,0.0
5954,0.0,0.0,0.0
5955,0.0,0.0,0.0
5956,0.0,0.0,0.0
5957,0.0,0.0,0.0
5958,0.0,0.0,0.0
5959,0.0,0.0,0.0
5960,0.0,0.0,0.0
5961,0.0,0.0,0.0
5962,0.0,0.0,0.0
5963,0.0,0.0,0.0
5964,0.0,0.0,0.0
5965,0.0008567539340173279,0.0,0.0
5966,0.586367796285865,0.0,0.0
5967,0.140899748255471,0.0,0.0
5968,0.0,0.3808933394451062,0.0
5969,0.0,0.9975766178963517,0.0
5970,0.0,1.0,0.0
5971,0.0,1.0,0.0
5972,0.001559681921826792,0.935174261196718,0.0
5973,0.4765438887381168,0.308024724926909,0.0
5974,0.9909546507943918,0.24045033828573964,0.0
5975,1.0000000000000002,0.36996874761888415,0.0
5976,0.5911684752683204,0.029770033314720726,0.0
5977,0.07730232642026465,0.0,0.21465178367329588
5978,0.0,0.0,0.8602114824617881
5979,0.0,0.0,0.8665971309089389
5980,0.3362754012826554,0.0,0.0
5981,0.05241838489125593,0.0,0.0
5982,0.0,0.0,0.3684902546159886
5983,0.0,0.0,0.5394332024271619
5984,0.0,0.0,0.2767213616650561
5985,0.0,0.0,0.0
5986,0.0,0.0,0.0
5987,0.0,0.0,0.0
5988,0.10676384625173553,0.0201655679215162,0.5868196473093429
5989,0.4912813769662139,0.4257092998002622,0.0
5990,0.17957630549767986,0.3604120490408154,0.0
5991,0.0,0.5933462781307228,0.0
5992,0.0,1.0000000000000002,0.0
5993,0.14283999928125957,0.5238936854447102,0.0
5994,0.22303773237271074,0.0,0.0
5995,0.4022468665917273,0.0,0.0
5996,0.1345057563554947,0.0,0.0
5997,0.0,0.0,0.0
5998,0.0,0.0,0.0
5999,0.0,0.0,0.0
6000,0.0,0.0,0.0
6001,0.0,0.0,0.0
6002,0.0,0.0,0.0
6003,0.0,0.0,0.0
6004,0.0,0.0,0.0
6005,0.0,0.0,0.04116031449853367
6006,0.13175633215037744,0.0,0.18502329088950292
6007,0.7419762359558718,0.0,0.057339848873144
6008,0.328640353630762,0.0,0.0
6009,0.0,0.0,0.0
6010,0.0,0.0,0.0
6011,0.0,0.0,0.0
6012,0.0,0.0,0.0
6013,0.0,0.0,0.0
6014,0.0,0.0,0.0
6015,0.0,0.0,0.0
6016,0.0,0.0,0.0
6017,0.0,0.0,0.0
6018,0.0,0.0,0.0
6019,0.0,0.0,0.0
6020,0.0,0.0,0.0
6021,0.0,0.0,0.0
6022,0.0,0.0,0.0
6023,0.897402321729393,0.0,0.0
6024,0.8526573148591349,0.0,0.0
6025,0.6285591150479728,0.00980849785721965,0.0
6026,0.021370677413333563,0.8115861922388284,0.0
6027,0.0,1.0000000000000002,0.0
6028,0.07437170084169814,0.8096990929470248,0.0
6029,0.7313473496028774,0.13389252523603698,0.0
6030,1.0000000000000002,0.0,0.0
6031,1.0,0.5360754004429149,0.0
6032,1.0,0.8553145253943668,0.0
6033,0.9999999999999999,0.3045951907311589,0.0
6034,0.978966791030426,0.0,0.0
6035,0.7055907714774821,0.0,0.020779442952511162
6036,0.2591307788376939,0.0,0.09811535576147376
6037,0.5906003238971036,0.0,0.0
6038,0.42929230700366444,0.0,0.0
6039,0.0,0.0,0.0
6040,0.0,0.0,0.16819479842153218
6041,0.0,0.0,0.0
6042,0.03156309463718326,0.0,0.0
6043,0.0,0.0,0.0
6044,0.3113809128932904,0.3759001475228903,0.0
6045,0.9086588038051764,0.08120741254983319,0.0
6046,1.0,0.0,0.0
6047,0.20783366225390065,0.14087894195516207,0.0
6048,0.0,0.5035983653116967,0.0
6049,0.0,0.8525553079923511,0.0
6050,0.0,0.08552234612942007,0.0
6051,0.0,0.0,0.0
6052,0.0,0.0,0.0
6053,0.0,0.0,0.0
6054,0.0,0.0,0.0
6055,0.0,0.0,0.0
6056,0.27060797181886953,0.0,0.0
6057,0.043160109846396164,0.0,0.0
6058,0.0,0.0,0.0
6059,0.0,0.0,0.0
6060,0.0,0.0,0.0
6061,0.0,0.0,0.0
6062,0.0,0.0,0.0
6063,0.24569690692426255,0.0,0.0
6064,0.7364495655692026,0.0,0.0
6065,0.46913705206021494,0.0,0.0
6066,0.0,0.0,0.0
6067,0.29602447476411736,0.0,0.0
6068,0.7823016798589223,0.0,0.0
6069,0.0,0.0,0.0
6070,0.0,0.0,0.0
6071,0.0,0.0,0.0
6072,0.07271361181679895,0.0,0.0
6073,0.5447446643294225,0.0,0.0
6074,0.0572077426104031,0.0,0.49509531421479214
6075,0.0,0.0,0.7729534254577338
6076,0.0,0.0,0.7860579415636006
6077,0.0,0.0,0.799195813795159
6078,0.0,0.0,0.8123670422511666
6079,0.0,0.09373169187786619,0.29092801927780254
6080,0.44635144507690894,0.0,0.0
6081,0.9977588512746576,0.0,0.027586719057924425
6082,0.5803602508628589,0.11575397747133209,0.1268722470941778
6083,0.0,0.8200264438578293,0.0
6084,0.21378790347102153,0.6216152917110769,0.0
6085,0.8688985659390286,0.034995261546999674,0.0
6086,1.0000000000000002,0.0,0.0
6087,1.0000000000000002,0.0,0.0
6088,1.0,0.019011574122607396,0.0
6089,0.9999999999999999,0.010940551708624785,0.0
6090,1.0,0.0,0.0
6091,1.0000000000000002,0.0,0.0
6092,1.0,0.0,0.0
6093,1.0,0.0,0.0
6094,0.9138881474813199,0.0,0.0
6095,0.607072224409745,0.0,0.0
6096,0.002875509431819792,0.0,0.0
6097,0.0,0.0,0.0
6098,0.0,0.0,0.0
6099,0.0,0.0,0.0
6100,0.0,0.0,0.0
6101,0.0,0.8619611337095804,0.0
6102,0.09559696396724013,0.9046878723511305,0.0
6103,0.1969264388131518,0.4270292282164349,0.0
6104,0.009207030499027826,0.3988984728316043,0.0
6105,0.0,0.27351322387899274,0.0
6106,0.0,0.5390965047702657,0.0
6107,0.0,0.4081726990639465,0.0
6108,0.0,0.0,0.0
6109,0.0,0.0,0.0
6110,0.0,0.0,0.0
6111,0.0,0.0,0.0
6112,0.0,0.0,0.0
6113,0.1454147872506755,0.0,0.0
6114,0.16383875563794079,0.0,0.0
6115,0.0,0.0,0.0
6116,0.0,0.0,0.0
6117,0.0,0.0,0.0
6118,0.0,0.0,0.0
6119,0.0,0.0,0.0
6120,0.0,0.0,0.0
6121,0.0,0.0,0.0
6122,0.09912424196823337,0.0,0.0
6123,0.22589840477096323,0.0,0.0
6124,0.1784213653955522,0.0,0.0
6125,0.0,0.0,0.0
6126,0.0,0.0,0.0
6127,0.0,0.0,0.0
6128,0.11434176433480256,0.0,0.0
6129,0.6254701388531233,0.0,0.0
6130,0.10640217208800623,0.0,0.15806319927270068
6131,0.0,0.0,0.38373453702340443
6132,0.0,0.0,0.861709768358323
6133,0.0,0.0,0.8614932664608032
6134,0.0,0.0,0.9366538970903979
6135,0.0,0.0,0.7137740711422069
6136,0.0,0.0,0.6269347967760932
6137,0.028262400013549776,0.0,0.7949658650911227
6138,0.005529212145856236,0.0,0.10901731578725034
6139,0.0,0.003903664978763293,0.0
6140,0.547067549153934,6.626272888004125e-05,0.0
6141,0.9999999999999999,0.0,0.0
6142,1.0,0.0,0.0
6143,1.0,0.0,0.0
6144,1.0,0.0,0.0
6145,1.0000000000000002,0.0,0.0
6146,1.0,0.0,0.0
6147,1.0,0.0,0.0
6148,1.0,0.0,0.0
6149,1.0,0.0,0.0
6150,1.0000000000000002,0.0,0.0
6151,0.6751357454100856,0.0,0.0
6152,0.0,0.0,0.0
6153,0.0,0.0,0.0
6154,0.0,0.20079143314114378,0.0
6155,0.0,0.5567873575444849,0.0
6156,0.0,0.0,0.0
6157,0.0,0.08259239035865985,0.0
6158,0.0,0.0914482548953235,0.0
6159,0.0,0.5064698010578242,0.0
6160,0.0,0.490880595706522,0.0
6161,0.0,0.8930153524102404,0.0
6162,0.0,0.239442407942565,0.0
6163,0.0,0.26544762914062625,0.0
6164,0.0,0.0,0.0
6165,0.0,0.0,0.0
6166,0.0,0.0,0.0
6167,0.0,0.0,0.0
6168,0.0,0.0,0.0
6169,0.0001828963499507935,0.0,0.0
6170,0.24480584879410466,0.0,0.0
6171,0.0,0.0,0.0
6172,0.0,0.0,0.0
6173,0.0,0.0,0.0
6174,0.0,0.0,0.0
6175,0.0,0.0,0.0
6176,0.0,0.0,0.0
6177,0.0,0.0,0.0
6178,0.0,0.0,0.0
6179,0.0,0.0,0.0
6180,0.0,0.0,0.0
6181,0.0,0.0,0.0
6182,0.0,0.0,0.0
6183,0.0,0.0,0.028192179751352738
6184,0.0,0.0,0.5713641281336508
6185,0.0,0.0,0.5769168790517353
6186,0.0,0.0,0.46128965931001376
6187,0.47870524611398085,0.0,0.3014661231832495
6188,0.145034845783964,0.0,0.6150749113068786
6189,0.0,0.0,1.0
6190,0.0,0.0,0.9999999999999999
6191,0.0,0.0,1.0
6192,0.0,0.0,0.9999999999999999
6193,0.0,0.0,0.5873176529467112
6194,0.0,0.0,0.0
6195,0.0,0.0,0.0
6196,4.077281796934753e-06,0.0,0.0
6197,0.43117465730775356,0.0,0.0
6198,0.9859532968636789,0.0,0.0
6199,1.0,0.0,0.0
6200,1.0,0.0,0.0
6201,1.0000000000000002,0.0,0.0
6202,1.0000000000000002,0.0,0.0
6203,1.0,0.0,0.0
6204,1.0,0.0,0.0
6205,0.9999999999999999,0.0,0.0
6206,1.0,0.0,0.0
6207,0.2960146909773291,0.0,0.0
6208,0.0,0.0,0.0
6209,0.0,0.08219539634465552,0.0
6210,0.0,0.8295590862974042,0.0
6211,0.0,0.7461784731286746,0.0
6212,0.0,0.0186523126706194,0.0
6213,0.0,0.2142354058216385,0.0
6214,0.0,0.08623323588729216,0.0
6215,0.0,0.0,0.0
6216,0.5071346842442035,0.050176207571730684,0.0
6217,0.1275865935934871,0.836271576212782,0.0
6218,0.0,0.5616753771067783,0.0
6219,0.0,0.816188704577728,0.0
6220,0.0,0.14368422252948246,0.0
6221,0.0,0.0,0.0
6222,0.0,0.0,0.0
6223,0.0,0.0,0.0
6224,0.0,0.0,0.0
6225,0.0,0.0,0.0
6226,0.0,0.0,0.0
6227,0.0,0.0,0.0
6228,0.0,0.0,0.0
6229,0.0,0.0,0.0
6230,0.0,0.0,0.7241372482126632
6231,0.0,0.0,0.0
6232,0.0,0.0,0.0
6233,0.0,0.0,0.0
6234,0.2500387378137837,0.0,0.0
6235,0.8353035832374105,0.0,0.0
6236,0.08108931942369957,0.0,0.0
6237,0.0,0.0,0.0
6238,0.0,0.0,0.0
6239,0.0,0.0,0.0007327970653003912
6240,0.2519717982536928,0.0,0.6686653373285487
6241,0.0,0.0,1.0
6242,0.0,0.0,0.8163433805930987
6243,0.493523233483987,0.0,0.1664945376411239
6244,0.31130695762976107,0.0,0.4073448413892237
6245,0.0,0.0,0.9513011634792872
6246,0.0,0.0,1.0
6247,0.0,0.0,0.9654193815837478
6248,0.0,0.0,0.6140640298689263
6249,0.0,0.0,0.0588208282974563
6250,0.0,0.0,0.0
6251,0.0,0.0,0.0
6252,0.0,0.0,0.0
6253,0.0,0.0,0.0
6254,0.27400238745950617,0.0,0.0
6255,0.9354607115748393,0.0,0.0
6256,1.0,0.0,0.0
6257,0.9999999999999999,0.0,0.0
6258,1.0000000000000002,0.0,0.0
6259,0.9999999999999999,0.0,0.0
6260,0.6409188761889132,0.3590811238109527,0.0
6261,0.4098915682929199,0.5901084317069838,0.0
6262,0.56696441417848,0.33510006618999555,0.0
6263,0.013829130483572769,0.0,0.0
6264,0.005464577257097021,0.0,0.0
6265,0.08491300931206702,0.12146523485639574,0.0
6266,0.0,0.9135849642509483,0.0
6267,0.0,0.48975806845123754,0.0
6268,0.0,0.7094655256294526,0.0
6269,0.0,1.0,0.0
6270,0.0,0.7283340665982452,0.0
6271,0.0,0.013800985666905352,0.0
6272,0.05636989964376067,0.0,0.0
6273,0.007701406933776542,0.2890292254829887,0.0
6274,0.0,0.11062913602969672,0.0
6275,0.0,0.0,0.0
6276,0.0,0.0,0.0
6277,0.22881161073026313,0.0,0.0
6278,0.004454300824854066,0.0,0.0
6279,0.0,0.0,0.0
6280,0.023383892114034358,0.0,0.0
6281,0.0,0.0,0.0
6282,0.0,0.0,0.0
6283,0.0,0.0,0.0
6284,0.0,0.0,0.0
6285,0.0,0.0,0.0
6286,0.0,0.0,0.0
6287,0.0,0.0,0.0
6288,0.0,0.0,0.1353630360629781
6289,0.0,0.0,0.2123934596110331
6290,0.1627063387621053,0.0,0.0
6291,0.47179417298761633,0.0,0.0
6292,0.04218411617484166,0.0,0.0
6293,0.0,0.0,0.0
6294,0.0,0.0,0.0
6295,0.13604674624115393,0.0,0.0
6296,0.7853550346292555,0.0,0.015980218455284002
6297,0.12118946564854213,0.0,0.1735371333534241
6298,0.0,0.0,0.00801790771042872
6299,0.0,0.0,0.8530853502458746
6300,0.0,0.0,0.8901494541396264
6301,0.0,0.0,0.7371515367722595
6302,0.0,0.0,0.38343860528472046
6303,0.0,0.0,0.04473215559248404
6304,0.0,0.0,0.0
6305,0.0,0.0,0.0
6306,0.0,0.0,0.0
6307,0.0,0.0,0.0
6308,0.0,0.0,0.0
6309,0.0,0.0,0.0
6310,0.0,0.0,0.0
6311,0.16464223705594738,0.0,0.0
6312,0.8783303459542896,0.0,0.0
6313,1.0,0.0,0.0
6314,1.0000000000000002,0.0,0.0
6315,1.0,0.0,0.0
6316,0.2254917267334564,0.7745082732666236,0.0
6317,0.0,0.9999999999999999,0.0
6318,0.0,0.5354124787794599,0.0
6319,0.0,0.05006729580063395,0.0
6320,0.01350658230168913,0.3298816332508584,0.0
6321,0.24212390778041304,0.05356237213729861,0.0
6322,0.0,0.0008864761970565438,0.0
6323,0.0,0.0026556895334095263,0.32420641462652455
6324,0.0,0.9688410703903537,0.03115892960957356
6325,0.0,1.0,0.0
6326,0.0,0.994253696999804,0.0
6327,0.009325047685099123,0.09538422997449349,0.0
6328,0.0,0.0,0.0
6329,0.0,0.0,0.0
6330,0.0,0.0,0.0
6331,0.0,0.0,0.0
6332,0.0,0.0,0.0
6333,0.16235516860407573,0.0,0.0
6334,0.0748301531916911,0.0,0.0
6335,0.39141277891800497,0.0,0.0
6336,0.608230071851443,0.0,0.0
6337,0.059325729263182275,0.0,0.0
6338,0.16836106689280045,0.0,0.0
6339,0.1257746343631886,0.0,0.0
6340,0.0,0.0,0.0
6341,0.0,0.0,0.0
6342,0.0,0.0,0.0
6343,0.0,0.0,0.21817958763804648
6344,0.0,0.0,0.9564797371476004
6345,0.0,0.0,0.8704547706715124
6346,0.0,0.0,0.3047225891888012
6347,0.0,0.0,0.0
6348,0.0,0.0,0.0
6349,0.0,0.0,0.0
6350,0.0,0.0,0.0
6351,0.0007151513804130933,0.0,0.0
6352,0.0,0.0,0.0
6353,0.0,0.0,0.0
6354,0.0,0.0,0.680232262611691
6355,0.0,0.0,0.8030773503698443
6356,0.0,0.0,0.1458153651221221
6357,0.0,0.0,0.0
6358,0.0,0.0,0.0
6359,0.0,0.0,0.0
6360,0.0,0.0,0.0
6361,0.0,0.0,0.0
6362,0.0,0.0,0.0
6363,0.0,0.0,0.0
6364,0.0,0.0,0.0
6365,0.0,0.0,0.3692175482240818
6366,0.0,0.0,0.08428290885055459
6367,0.09846635155096986,0.0,0.0
6368,0.8056704929488008,0.0,0.0
6369,1.0,0.0,0.0
6370,0.8981538165495077,0.10184618345070323,0.0
6371,0.0066138098580470015,0.9933861901420628,0.0
6372,0.0,0.996863151047115,0.0
6373,0.06938320146865301,0.15817074828848915,0.0
6374,0.27648922960581684,0.5720883473259093,0.0
6375,0.3959722419955179,0.9999999999999999,0.0
6376,0.10761673631985419,0.9775627482230493,0.0
6377,0.2657811488345024,0.43996441980510526,0.0
6378,0.000669716402788923,0.005810853801653189,0.331040066587528
6379,0.0,0.7222094287983998,0.25015857242713263
6380,0.0,0.9467242904841725,0.052259662466869417
6381,0.012491647835471804,0.789026025003231,0.0
6382,0.20202734169086592,0.0,0.0
6383,0.0,0.0,0.0
6384,0.0056700538634438195,0.0,0.0
6385,0.24709756733462215,0.0,0.0
6386,0.0,0.0,0.0
6387,0.0,0.0,0.0
6388,0.0,0.0,0.0
6389,0.0,0.0,0.0
6390,0.4538312663328784,0.0,0.0
6391,0.7401843031801598,0.0,0.0
6392,0.08483690219692157,0.0,0.0
6393,0.3330435576931277,0.0,0.0
6394,0.4216664250382446,0.0,0.0
6395,0.0,0.0,0.0
6396,0.0,0.0,0.0
6397,0.0,0.0,0.0
6398,0.0,0.0,0.01528825571092048
6399,0.0,0.0,0.7236124954047056
6400,0.0,0.0,0.82448508118898
6401,0.0,0.0,0.5198818078697496
6402,0.0,0.0,0.0
6403,0.0,0.0,0.0
6404,0.0,0.0,0.0
6405,0.007731455238417834,0.0,0.0
6406,0.15191459121690867,0.0,0.23288434610228922
6407,0.0,0.0,0.040183449949371564
6408,0.0,0.0,0.0
6409,0.0,0.0,0.0
6410,0.0,0.0,0.0
6411,0.0,0.0,0.0
6412,0.0,0.0,0.0
6413,0.0,0.0,0.0
6414,0.19257239278533037,0.0,0.0
6415,0.6192618169022676,0.0,0.0
6416,0.036726991129232195,0.0,0.0
6417,0.0,0.0,0.061941513171151125
6418,0.0,0.0,0.0
6419,0.0,0.0,0.0
6420,0.05066779604498979,0.0,0.0
6421,0.7165816825369213,0.0,0.0
6422,0.5840160263089792,0.4159839736906003,0.0
6423,0.0,1.0,0.0
6424,0.02993342935944356,0.75502526781935,0.0
6425,0.6411322523608733,0.3845725926429393,0.0
6426,0.7665758967100856,1.0000000000000002,0.0
6427,0.5957245879745522,0.9999999999999999,0.0
6428,0.7349439069761649,0.7790412219918756,0.0
6429,0.6210065160948464,0.04903838563308483,0.0
6430,0.0,0.0,0.07997201740834499
6431,0.0,0.0,0.303925638004612
6432,0.0,0.2376702321403643,0.5029836840229253
6433,0.0,0.45650543254487685,0.022555495145252465
6434,0.0,0.0,0.0
6435,0.0,0.0,0.0
6436,0.007778722100980607,0.0,0.0
6437,0.5020151973341475,0.0,0.0
6438,0.0027349010903251108,0.0,0.0
6439,0.0,0.0,0.0
6440,0.0,0.0,0.0
6441,0.0,0.0,0.0
6442,0.0,0.0,0.0
6443,0.018301200078981537,0.0,0.0
6444,0.18446823128471737,0.0,0.0
6445,0.0,0.0,0.0
6446,0.0,0.0,0.0
6447,0.0,0.0,0.0
6448,0.12147520899157803,0.0,0.0
6449,0.27524356386830123,0.0,0.0
6450,0.0,0.0,0.0
6451,0.0,0.0,0.0
6452,0.0,0.0,0.0
6453,0.0,0.0,0.0
6454,0.0,0.0,0.0
6455,0.0,0.0,0.0
6456,0.0,0.0,0.0
6457,0.15746848537240452,0.0,0.0
6458,0.74143314780862,0.0,0.0
6459,0.0,0.0,0.0
6460,0.0,0.0,0.0
6461,0.0,0.0,0.0
6462,0.0,0.0,0.0
6463,0.0,0.0,0.0
6464,0.01385866003688524,0.0,0.0
6465,0.3501794962664636,0.0,0.0
6466,0.05998600336291002,0.0,0.0
6467,0.0,0.0,0.0
6468,0.0,0.0,0.0
6469,0.0,0.0,0.0
6470,0.0,0.0,0.0
6471,2.3929243685050445e-05,0.0,0.0
6472,0.03290208792927328,0.1324644055107049,0.0
6473,0.0,0.45936066879074755,0.0
6474,0.0162755267495039,0.504556580462657,0.0
6475,0.4469715062466197,0.7183172765136251,0.0
6476,0.7006939503934392,1.0000000000000002,0.0
6477,0.8218590452413792,0.8205260363394252,0.0
6478,0.9671535768396758,0.032846423160508294,0.0
6479,0.32963164425187674,0.0,0.0
6480,0.3153212467218711,0.0,0.09363021104252858
6481,0.570180232939809,0.0,0.0
6482,0.08707195721094838,0.12908185276280554,0.0
6483,0.0,0.04930074866061668,0.0005853298796076159
6484,0.0,0.0,0.0
6485,0.0,0.0,0.0
6486,0.0,0.0,0.0
6487,0.0,0.0,0.0
6488,0.0,0.0,0.0
6489,0.0,0.0,0.0
6490,0.0,0.0,0.0
6491,0.001266944787003176,0.0,0.0
6492,0.014963422310492126,0.0,0.0
6493,0.005418999206071956,0.0,0.0
6494,0.11019696620747305,0.0,0.0
6495,0.3847737151401497,0.0,0.0
6496,0.0,0.0,0.0
6497,0.0,0.0,0.0
6498,0.0,0.0,0.0
6499,0.0,0.0,0.0
6500,0.0,0.0,0.0
6501,0.0,0.0,0.0
6502,0.0,0.0,0.0
6503,0.0,0.0,0.0
6504,0.0,0.0,0.0
6505,0.0,0.0,0.0
6506,0.0,0.0,0.0
6507,0.0,0.0,0.0
6508,0.0,0.0,0.0
6509,0.0,0.0,0.0
6510,0.0,0.0,0.0
6511,0.0,0.0,0.0
6512,0.0,0.0,0.0
6513,0.0,0.0,0.0
6514,0.0,0.0,0.0
6515,0.0,0.0,0.0
6516,0.0,0.0,0.0
6517,0.0,0.0,0.0
6518,0.0,0.0,0.0
6519,0.0,0.32032896352576185,0.0
6520,0.01921510001732934,0.763848906267834,0.0
6521,0.10410526677002128,0.014027229336671995,0.0
6522,0.878882488844373,0.24090175658721033,0.0
6523,0.5687684749369873,0.5240607178243916,0.0
6524,0.8029887853519907,0.14944092145629126,0.0
6525,0.33889774175746856,0.0,0.0
6526,0.3124154224203757,0.0,0.0
6527,0.016843567704016387,0.3678574069772836,0.0
6528,0.0,0.6680852597620432,0.0
6529,0.0,0.0,0.0
6530,0.0,0.0,0.0
6531,0.0,0.0,0.0
6532,0.0,0.0,0.0
6533,0.2542092145028206,0.0,0.0
6534,0.6999645410647956,0.0,0.013559420377120138
6535,0.06596877955074557,0.0,0.002020600716434838
6536,0.0,0.0,0.0
6537,0.4235961897661205,0.0,0.0
6538,3.168131922049901e-05,0.0,0.0
6539,0.0,0.0,0.0
6540,0.0,0.0,0.0
6541,0.0,0.0,0.0
6542,0.0,0.0,0.0
6543,0.0,0.0,0.0
6544,0.0,0.0,0.0
6545,0.0,0.0,0.0
6546,0.0,0.0,0.0
6547,0.0,0.0,0.0
6548,0.0,0.0,0.0
6549,0.0,0.0,0.0
6550,0.0,0.0,0.0
6551,0.0,0.0,0.0
6552,0.03401257823369861,0.0,0.0
6553,0.12389681404812407,0.1073519801425434,0.0
6554,0.6627003188540682,0.16643374674456524,0.0
6555,0.6278484635024029,0.0,0.0
6556,0.9279715970339197,0.07202840296603416,0.0
6557,0.03982421649096659,0.9601757835090224,0.0
6558,0.0,0.6290755668920724,0.0
6559,0.07707262560936831,0.0,0.0
6560,0.0,0.0,0.0
6561,0.18714982895024268,0.0,0.0
6562,0.07195035182009075,0.0,0.0
6563,0.0,0.0,0.0
6564,0.0,0.0,0.0
6565,0.0,0.0,0.0
6566,0.0,0.0,0.0
6567,0.0,0.0,0.0
6568,0.0,0.0,0.01532847469673227
6569,0.0,0.0,0.03969740623697772
6570,0.0,0.0,0.0
6571,0.42538319887078985,0.0,0.0
6572,0.23508127087758232,0.0,0.0
6573,0.0,0.0,0.0
6574,0.0,0.0,0.0
6575,0.0,0.0,0.0
6576,0.0,0.0,0.0
6577,0.0,0.0,0.0
6578,0.0,0.0,0.0
6579,0.0,0.0,0.0
6580,0.0,0.0,0.0
6581,0.0,0.0,0.0
6582,0.0410962665450422,0.0,0.0
6583,0.019166003317860704,0.0,0.0
6584,0.0,0.0,0.0014883081018602761
6585,0.0,0.0,0.0008014707792617019
6586,0.10529470073898971,0.0,0.0
6587,0.3954457448718992,0.13767713904814644,0.0
6588,0.055565965286493525,0.10875896218539459,0.0
6589,0.16587315033485756,0.0,0.0
6590,0.709153597867941,0.2908464021320406,0.0
6591,0.2814306424693408,0.7185693575306721,0.0
6592,0.2585829838472546,0.2261831422658155,0.0
6593,0.5942349959797149,0.0,0.0
6594,0.19950908078932994,0.0,0.0
6595,0.0,0.0,0.0
6596,0.0,0.0,0.0
6597,0.0352217297489911,0.0,0.0
6598,0.0,0.0,0.0
6599,0.0,0.0,0.0
6600,0.0,0.0,0.0
6601,0.0,0.0,0.0
6602,0.0,0.0,0.0
6603,0.0,0.0,0.0
6604,0.0,0.0,0.0
6605,0.0,0.0,0.0
6606,0.0,0.0,0.0
6607,0.0,0.0,0.0
6608,0.0,0.0,0.0
6609,0.0,0.0,0.0
6610,0.0,0.0,0.0
6611,0.0,0.0,0.0
6612,0.0,0.0,0.0
6613,0.0,0.0,0.012706082810184491
6614,0.23247144262309793,0.0,0.1242789176226611
6615,0.11227031453407445,0.0,0.0
6616,0.008952688040777451,0.0,0.07322731701320036
6617,0.47987050536367626,0.0,0.01264612168572791
6618,0.14420399063492562,0.0,0.0
6619,0.13189113919107612,0.0,0.0
6620,2.616741442481799e-05,0.0,0.0
6621,0.10275482611059868,0.0,0.0
6622,1.0000000000000002,0.0,0.0
6623,0.9035091884193867,0.0,0.0
6624,0.16501864221625534,0.0,0.0
6625,0.01570131871603188,0.0,0.0
6626,0.0,0.0,0.0
6627,0.0,0.0,0.0
6628,0.0,0.0,0.0
6629,0.3165201627473204,0.0,0.0
6630,0.0,0.0,0.0
6631,0.0,0.0,0.0
6632,0.0,0.0,0.0
6633,0.0,0.0,0.0
6634,0.0,0.0,0.0
6635,0.0,0.0,0.0
6636,0.0,0.0,0.0
6637,0.0,0.0,0.0
6638,0.0,0.0,0.0
6639,0.0,0.0,0.0
6640,0.0,0.0,0.0
6641,0.0,0.0,0.0
6642,0.0,0.0,0.0
6643,0.0,0.0,0.0
6644,0.0,0.0,0.4861696171051938
6645,0.0,0.0,0.7179510567832746
6646,0.0,0.0,0.22788125281233493
6647,0.0,0.0,0.0
6648,0.0,0.0,0.0
6649,0.0,0.0,0.37744320641128304
6650,0.0,0.0,0.0
6651,0.0,0.0,0.0
6652,0.22577737236558262,0.20435446845040492,0.0
6653,0.9026707851157937,0.09732921488393174,0.0
6654,0.6767086740910995,0.0,0.0
6655,0.18975082436440713,0.0,0.0
6656,0.011960493737790491,0.0,0.0
6657,0.0,0.0,0.0
6658,0.0,0.0,0.0
6659,0.0,0.17716572436421402,0.0
6660,0.0,0.0,0.0
6661,0.0,0.0,0.0
6662,0.0,0.0,0.0
6663,0.0,0.0,0.0
6664,0.0,0.0,0.0
6665,0.0,0.0,0.0
6666,0.0,0.0,0.0
6667,0.0,0.0,0.0
6668,0.0,0.0,0.0
6669,0.0,0.0,0.0
6670,0.0,0.0,0.0
6671,0.0,0.0,0.30587230988610375
6672,0.0,0.0,0.3206795587372324
6673,0.0,0.0,0.03329829341312142
6674,0.0,0.0,0.0
6675,0.0,0.0,0.0
6676,0.0,0.0,0.4532423602327115
6677,0.0,0.0,0.0
6678,0.0,0.0,0.0
6679,0.011258537752756837,0.1915645278523991,0.0
6680,0.8678388891778255,0.10750038118175739,0.0
6681,0.4391193549342609,0.0,0.0
6682,0.06647002639406654,0.0,0.0
6683,0.0,0.0,0.0
6684,0.0,0.0,0.0
6685,0.0,0.0828728131096116,0.0
6686,0.0,0.02753794446478218,0.0
6687,0.0,0.0,0.0
6688,0.0,0.0,0.0
6689,0.0,0.0,0.0
6690,0.0,0.0,0.0
6691,0.0,0.0,0.04928000743099134
6692,0.0,0.0,0.7270524110555984
6693,0.0,0.0,0.0049613618210287294
6694,0.0,0.0,0.0
6695,0.0,0.0,0.0
6696,0.33541340918468854,0.0,0.0
6697,0.07138989324633728,0.0,0.0
6698,0.0,0.0,0.0
6699,0.0,0.0,0.0
6700,0.0,0.0,0.40982617502206925
6701,0.0,0.0,0.1446834787820004
6702,0.0,0.0,0.0
6703,0.0,0.0,0.0
6704,0.015184608842035329,0.0,0.0
6705,0.0,0.0,0.7329508428683856
6706,0.0,0.0,0.2669584787666594
6707,0.0,0.0,0.2648988191179045
6708,0.0,0.0,0.11681945097978788
