cell_id,elevation
0,301.9312210382708
1,300.42728922952796
2,295.9524287349662
3,296.7117873709412
4,301.31771258943013
5,298.7116161270451
6,292.51106727165126
7,299.6133336438152
8,288.04592518639004
9,296.48895672725223
10,290.81036568213784
11,288.8769036068342
12,294.9863682403918
13,292.5148241912801
14,290.5571960908391
15,292.8719261718532
16,303.21315049226473
17,302.69797043559015
18,300.0515041982532
19,302.8893514676721
20,283.1934155205589
21,285.0726007171484
22,293.60708758898164
23,289.6732724792192
24,282.17253743935913
25,283.3380602684225
26,289.9146554149087
27,287.2995008085496
28,285.4554611445612
29,293.6732397535797
30,296.6196658133844
31,297.3139099859352
32,299.8003600663873
33,292.21769645142706
34,292.55699583848804
35,283.9772765622362
36,281.56502961326896
37,281.69683117906015
38,272.98080573718613
39,277.70899805858
40,289.58872839280434
41,280.92232299796103
42,279.8754818378772
43,285.7805845452756
44,283.5878224422626
45,296.84116513593705
46,301.81379484943517
47,299.9618278738099
48,292.38724331926835
49,286.2872754891068
50,280.1277467546595
51,264.6726574200691
52,274.91007649474085
53,269.20914398255593
54,268.14430582708593
55,267.59092187412114
56,273.55759383264825
57,281.35702330553164
58,280.91655886157804
59,274.2325558494173
60,276.3465682137833
61,283.28464535366163
62,291.18382301233413
63,294.99423339287455
64,296.1789873417719
65,297.5390922771828
66,291.12407876230634
67,274.84545492904243
68,279.76304476102183
69,257.7160297393466
70,261.41612399611773
71,262.21119313787494
72,262.1991306060431
73,265.4008495196834
74,268.9275961470856
75,269.75572218392546
76,271.18727408261685
77,273.58665541728163
78,270.7571008539308
79,273.5776815100281
80,278.2932811994538
81,284.63465027637466
82,287.5725758811775
83,293.0499163138719
84,297.50895230593903
85,295.5432847156776
86,287.50891011125304
87,282.66659165389063
88,278.1084019366228
89,259.4439561839256
90,252.34195882920554
91,256.2224222562908
92,257.4001716327624
93,260.1676277813726
94,258.1795798413864
95,260.08298866098323
96,266.9253154052803
97,266.0287281164316
98,267.2468698123296
99,267.3596956356632
100,269.7699533157099
101,273.4240032638363
102,275.8313900336155
103,278.1661204798945
104,285.6063095120891
105,292.49152590050534
106,294.8975091070202
107,298.9912094403581
108,296.566984064474
109,289.4763358134438
110,286.00108298171625
111,288.1330398458493
112,257.831426174762
113,252.38538444231995
114,256.55072504535946
115,259.8477456566082
116,258.76948928511194
117,254.31561625339342
118,252.97317258454797
119,256.1011828577056
120,261.8633378798321
121,261.2748719824434
122,261.9734314125376
123,264.10340851566497
124,264.8307073321704
125,267.8060478199721
126,270.6841779627654
127,269.70138146418327
128,271.45369901547133
129,278.6630051055572
130,286.87045189237847
131,292.69652175136105
132,298.57320074825265
133,299.86441822196605
134,295.23969394787576
135,289.04669479606207
136,285.80676783730195
137,280.24395218002843
138,259.8992431276552
139,253.6559516276455
140,258.64233874370575
141,267.8586581883148
142,259.396068284726
143,262.8595620191564
144,258.34084098870346
145,254.64202028157928
146,257.0125569492097
147,260.19564452822755
148,257.5186570837846
149,263.34942910174965
150,265.41654708646365
151,263.3223674031986
152,264.8800973058105
153,268.6903338350943
154,271.6763104966315
155,274.89895637008107
156,283.5431440667238
157,287.8421311729047
158,290.78205038045553
159,295.9704496547067
160,295.936693905681
161,286.8845834681222
162,279.7193952180027
163,276.22214095838217
164,284.30603016871606
165,262.95671196646106
166,256.55044645995906
167,263.51214503720144
168,270.94154720537944
169,270.274709976798
170,270.4818492524508
171,264.375800120985
172,256.0531231100295
173,256.23888068621255
174,256.2838934766398
175,256.9007145067373
176,260.43460591998866
177,263.35979066724786
178,261.8216571259792
179,264.5203262321593
180,266.6759095129567
181,269.93261508600705
182,273.1966834976582
183,276.40072293562463
184,281.19935582778936
185,284.71397226363604
186,291.3244349428259
187,294.2132519444718
188,287.85910996089916
189,280.18372972896935
190,275.55363787506906
191,290.9868649505548
192,265.9395077884247
193,257.898593530239
194,262.3824402459095
195,277.29320218948266
196,279.4446491610524
197,274.6031540593388
198,264.2645109544508
199,255.55926170814374
200,253.15426160337543
201,254.63700451686404
202,255.97384710615876
203,258.2581715893107
204,261.722895295988
205,263.0637573506653
206,263.0218424753866
207,267.5270593532767
208,269.30665991390214
209,272.287916942166
210,273.9879577395436
211,277.2340503355232
212,284.14709564874863
213,289.1031581908979
214,293.49927549484386
215,286.08504988056785
216,267.7115652381819
217,258.50751430459263
218,260.13507698797696
219,269.9748523206746
220,273.40043582173445
221,271.69375386692144
222,263.72782379994607
223,255.768069070251
224,253.6966863955237
225,254.12053615381336
226,257.05753979413885
227,259.5860372265645
228,262.51124456758635
229,263.62717608347134
230,264.7296256203342
231,266.845684308237
232,269.0422267844083
233,269.6826030710386
234,273.86362933277053
235,278.2371370315683
236,283.92939604865325
237,289.4449631587824
238,296.98870843000725
239,286.87340129482516
240,278.28689977214583
241,265.91370529810666
242,259.6590733319274
243,259.66506793440084
244,271.1479115963031
245,270.6026913774682
246,268.30121380047586
247,262.6975366824699
248,256.3833668546677
249,254.01801282411864
250,256.37387279659015
251,255.8173085037558
252,257.3635609426855
253,260.52083509186605
254,262.42949168753006
255,264.1754622794069
256,267.84772516248864
257,270.92933796537255
258,273.0572300594949
259,274.29800700431815
260,280.0158933318334
261,286.0501554170949
262,292.3040408444565
263,291.83667843429623
264,283.59880638709865
265,285.09802294842257
266,275.5576246870519
267,266.4400489568535
268,264.68621247275576
269,261.833553686461
270,268.4797490257869
271,267.529557342933
272,265.1240822526656
273,259.6109055611046
274,256.5464211873587
275,256.9281294822401
276,258.0958738376266
277,257.33722467579986
278,259.99173170217284
279,262.3506886315997
280,264.7222706686549
281,263.37466955396843
282,267.3434668842496
283,270.7609074798169
284,276.73979943459153
285,275.6671401848128
286,279.2257869419675
287,282.248090690446
288,288.94282620008744
289,286.03687815581117
290,281.11873707093
291,279.8386336866902
292,279.576311941054
293,275.05136427566805
294,272.127243824208
295,269.33230215422714
296,270.15624692330437
297,271.34395925946785
298,267.2187693346086
299,265.90167231606637
300,262.91306182738936
301,258.1199735579965
302,257.5500449969065
303,258.9366242755049
304,260.46990815623286
305,259.5613082850555
306,257.9587811603171
307,264.3024050632911
308,264.0518589346984
309,267.2457902511079
310,270.1203814399643
311,276.8425997552708
312,279.5779243611198
313,281.84039156668865
314,285.2176230661044
315,281.6749834742127
316,281.2244585091422
317,275.6145515408094
318,274.042536890843
319,280.7370210089694
320,282.13916895169785
321,279.93686179639354
322,274.7364030274894
323,272.4288827954719
324,273.6628644566027
325,271.02222753682287
326,267.44866134203284
327,265.4616520626169
328,261.884444944642
329,260.76891051787663
330,259.4012290125713
331,259.0790214118902
332,260.0970772736221
333,261.38816862590704
334,260.58308480108013
335,264.84374120956375
336,266.1861325158896
337,269.19452181986975
338,270.6620861346309
339,273.07093026526775
340,278.7310754170296
341,274.9842332522256
342,279.2689208005737
343,273.3884669479606
344,268.91338837395756
345,268.95134952671617
346,268.68058622484125
347,267.36486191066075
348,280.43811861106576
349,285.43853703807855
350,284.4989310529127
351,276.59698385009256
352,272.65076284890637
353,271.39785369695744
354,270.02907868266635
355,266.1071503902128
356,263.2035190368359
357,261.45862524971125
358,261.50169481989883
359,259.76498959446525
360,258.12481183968
361,262.39265520830395
362,260.88174084229746
363,261.2445204130438
364,264.4137552742611
365,266.2264360542782
366,268.7155156647857
367,269.5699658223039
368,273.85970069481533
369,274.1969620253162
370,261.4253143548339
371,267.19230931517995
372,265.00623066104026
373,252.4440568784368
374,255.44562434948912
375,266.68493670886033
376,261.8788995471037
377,256.4931292985834
378,252.16400416738995
379,278.5198897591291
380,281.3792545710265
381,275.5625175848288
382,273.2366134203271
383,270.83642756680683
384,268.97577513927126
385,265.58848922886534
386,262.5771308016876
387,259.78826458837375
388,260.53584438599665
389,260.4354918090414
390,258.80988956882567
391,259.46657477601616
392,261.46218853703795
393,263.01582612365405
394,263.29101675129
395,263.7283452387645
396,264.95489906449967
397,269.58071729957766
398,267.6615986160138
399,253.16940928270006
400,248.54859353023875
401,254.5045499936705
402,249.38846694796018
403,244.41504099916997
404,252.86535864978856
405,252.64236286919805
406,256.56030323914507
407,253.2590014064695
408,253.86219603099767
409,261.0851527457446
410,264.5855752119753
411,202.05794363316107
412,199.54627272727262
413,268.2521668588018
414,278.0577785904166
415,275.04791514264843
416,270.59741830249203
417,269.6097272816779
418,267.2492860458902
419,266.7682312906042
420,261.59038805046526
421,258.76282655487273
422,260.9880165405499
423,261.5932139040446
424,258.7828203252495
425,258.9087034797045
426,259.2864374604518
427,261.49008187726884
428,264.30597203859486
429,264.78734444210113
430,264.9138178441803
431,267.6011055007808
432,259.44450695509113
433,246.1827988748243
434,242.92814244926103
435,245.0364702738439
436,241.098554108414
437,244.76143124375886
438,244.29181845033025
439,248.85018284106908
440,249.61411552905145
441,246.9228540485804
442,254.61600562587927
443,256.5119199988752
444,261.5747278404458
445,261.99663768605285
446,258.13954276515534
447,213.29254151143584
448,211.77055065581152
449,207.70562587904405
450,204.2326058833458
451,200.61006147742793
452,200.8187912846298
453,254.79586203466548
454,265.65063305692513
455,276.8339756392586
456,274.415998424355
457,270.37280461224816
458,267.76926539051203
459,267.4474143267121
460,266.9160374042048
461,266.0060197752433
462,264.86522797293316
463,262.98209538812097
464,261.3771496871266
465,259.3557018654513
466,260.3306938212915
467,260.3482479329549
468,263.9774348297061
469,265.0597063208531
470,266.73787527244633
471,267.12243433732397
472,258.4575169833614
473,246.72775988410558
474,243.27180028129408
475,240.81390475118866
476,241.1062055191427
477,239.52279887482422
478,242.12925638897894
479,242.80585951784894
480,243.21358950196208
481,242.7951898734179
482,243.17257626689567
483,246.3493157428377
484,251.4774958507979
485,256.9639089707167
486,255.86562187864897
487,256.40154114404663
488,240.518924316798
489,230.60719768036816
490,223.06041695007494
491,213.72005988023963
492,213.03922814720661
493,209.27193562455162
494,204.14952180028158
495,205.69088096744724
496,202.9759010720014
497,200.58209794930966
498,200.3727034120734
499,247.87348982404933
500,252.03417345444714
501,254.80926449688315
502,260.63817667824645
503,275.8001744464142
504,275.3698341002153
505,270.74970464135055
506,267.3683581165679
507,264.4383249373818
508,263.4908369783832
509,266.15249778428034
510,263.67719194562846
511,264.99653925692485
512,264.2523171263413
513,264.1184532687921
514,261.55366261975433
515,260.89641350210974
516,263.71730901825026
517,262.3623088502174
518,265.0095780590719
519,259.1742978555749
520,247.95910357052443
521,242.09712452872643
522,240.96997917956207
523,238.4231954194393
524,238.39526181030365
525,239.6755574312442
526,240.23797867251912
527,239.7537385872854
528,239.74642676270332
529,238.68402172078126
530,238.62373033960776
531,242.27021171836535
532,244.88478419897595
533,246.79639008469127
534,249.84140541453252
535,246.2866526019693
536,243.3026321342659
537,230.14219176540104
538,224.99561187606375
539,222.55433161700574
540,219.69023597450283
541,215.79476793248946
542,215.5024618760903
543,212.53372920946705
544,209.29888582522096
545,205.01893108298185
546,203.3934737641944
547,201.31328165665494
548,201.11988748241922
549,201.12011918910076
550,213.5967730694174
551,213.87344407094326
552,212.82895550930868
553,211.0968763495033
554,211.05366327715745
555,242.06930423908523
556,246.02340518027174
557,249.71026210698014
558,253.75625395486193
559,255.1382559774963
560,256.5644515049697
561,273.33037572416913
562,275.8434036568212
563,270.93554146574627
564,267.96916305753984
565,264.63553255228464
566,263.532138338254
567,265.6570765661253
568,264.88060646123114
569,265.6636996414259
570,264.91917615633355
571,264.5728470766936
572,263.54638261970047
573,259.83512111456326
574,257.2281715893108
575,256.7525732605883
576,258.81954422122584
577,249.67459915611803
578,244.33668002531118
579,241.60536306878905
580,238.31301939058164
581,236.53756591436408
582,236.49151374534205
583,235.90623769615829
584,237.27130703789643
585,236.0922449553541
586,235.93800269981435
587,235.02926205073408
588,235.32944286638354
589,236.47893582316215
590,238.04163620001123
591,237.32543064051197
592,235.06306610407864
593,234.0449030661738
594,228.25677765903598
595,229.87676511954987
596,225.0369735140304
597,218.64992406772035
598,217.77955303019638
599,214.15730131728793
600,212.65170988244563
601,213.48528150096328
602,212.4815934529502
603,207.92336566849437
604,203.69201558346572
605,204.89896788345806
606,203.16912457297104
607,200.91583566576173
608,213.44327429392075
609,214.25616532785585
610,212.75881178092177
611,213.0802061616865
612,212.89857486953025
613,211.15728661275838
614,210.61892594196638
615,210.98745244452851
616,210.22065907287777
617,210.66235812036703
618,211.14184447038625
619,211.82954992967615
620,212.56140167364018
621,242.496889723204
622,248.1110704791908
623,247.19510822937005
624,251.29351036597356
625,256.154551721227
626,258.28340012655536
627,269.1067103616083
628,277.96041247555644
629,271.8692259017082
630,268.6509606458689
631,266.84145294936854
632,264.8821924742674
633,267.2458403071773
634,270.56970020961353
635,268.7322606506418
636,268.66016086394035
637,264.61198880182275
638,263.6006132294404
639,261.49135906630084
640,248.64464077205483
641,248.82442791037823
642,251.5580397946986
643,247.0753766723404
644,241.3207921349103
645,237.1698360010125
646,235.78807015569814
647,233.210062167712
648,234.60974992264167
649,232.93251663173862
650,234.04856676699757
651,233.95992911292686
652,236.55225811896068
653,236.74060113363035
654,237.1387361284967
655,236.29036568213755
656,240.05599234869663
657,240.2750428985342
658,238.21791426923406
659,239.55260419596144
660,236.75091070197865
661,236.9366374519924
662,231.15013499071924
663,218.03012700600553
664,214.41984722085422
665,214.77248439169804
666,211.02542933093272
667,210.385985397352
668,210.8445525893836
669,204.41695844758468
670,206.3711910188231
671,206.45134884244248
672,206.58486957744483
673,203.6106468585574
674,200.18765442617354
675,213.11191433541495
676,213.552705991587
677,213.33548995063205
678,212.11576399735424
679,211.49024254878725
680,211.50338020354238
681,210.61788171725235
682,211.36224360597598
683,212.34645414515415
684,212.72404867412217
685,211.46926832013273
686,210.83476829577089
687,211.03070971372276
688,211.69905603308783
689,211.63718469957644
690,211.15906533115717
691,211.754846515292
692,211.98852067164395
693,213.516021831413
694,225.63095757320536
695,223.82522900436584
696,225.62074546182595
697,239.57510020783852
698,243.89978399910214
699,245.08106016909784
700,247.47530351842167
701,251.54444803961522
702,254.90783345293832
703,261.339221670581
704,272.45973664218764
705,278.3176016998039
706,273.8096202531645
707,270.8310683436029
708,269.1085891987726
709,267.7578655715106
710,269.70735618924317
711,272.47832327240445
712,273.4582530281499
713,270.59310257528233
714,265.26283647825227
715,264.49547711829797
716,262.02603338912223
717,248.42682858188098
718,243.30840003939042
719,243.93734265340814
720,244.03287038991323
721,239.1203944684379
722,235.02952927604713
723,232.6037419990148
724,232.177229436011
725,230.59856787136138
726,231.47748406792005
727,233.15916828451608
728,233.36166171939803
729,236.0791728212699
730,238.9542365966543
731,241.42972904532743
732,240.41997608496834
733,242.01328024984832
734,243.46944374103128
735,239.8754133423385
736,237.12123769338928
737,231.1701954053709
738,227.190904357859
739,226.19738119013772
740,216.7564362285808
741,215.75704616770045
742,213.53285513361445
743,210.5677025449121
744,208.67935891482648
745,207.63044089924293
746,207.56909185524785
747,209.16305739654086
748,210.7502356400261
749,211.37633440695362
750,206.10645034193516
751,199.15123165876494
752,198.55844821162444
753,213.22541326739247
754,213.27106417683817
755,213.26726367879473
756,213.13348616756463
757,212.34036419883324
758,212.1850951062128
759,211.83372948341116
760,214.13977164070005
761,213.39760103495826
762,211.637957702908
763,211.89142937495652
764,211.8717851367507
765,211.88480791945582
766,210.93007101174177
767,211.39649305360282
768,211.68988694527275
769,212.2240986557178
770,215.06921086675328
771,211.4142698414933
772,214.0405459163378
773,214.03916902495487
774,214.24557506572415
775,214.50968150179318
776,213.18044431816148
777,213.04029560482306
778,214.92961859956563
779,213.92068917018292
780,212.96602163377133
781,220.80027049928322
782,220.74559516276486
783,223.13795672772812
784,223.30322081575267
785,225.39820569789399
786,228.83851622874786
787,229.5412555758201
788,231.0075703202434
789,232.8008577655913
790,235.5408065695486
791,238.12434788722533
792,242.12493672310077
793,244.53308678778362
794,247.49884695427212
795,249.40734595157102
796,248.03153305203978
797,253.66750080836803
798,265.5248541095412
799,275.66751054852335
800,274.3171894110871
801,271.65169582091255
802,268.4959845853084
803,267.65228943779823
804,269.8810377557482
805,273.2110940774394
806,271.72173240525933
807,269.6903740984947
808,268.01829842895137
809,270.5740420445761
810,261.65508709282926
811,249.71848101265843
812,245.81908176896638
813,243.19175886744213
814,239.64398936693914
815,237.61758254120062
816,234.0094776066938
817,231.38463918105663
818,230.9890459115521
819,228.00492160585003
820,230.27329996062784
821,232.93725743855157
822,234.4551641707098
823,238.0501574891728
824,245.21077128594564
825,248.51952471349261
826,243.15667360368997
827,239.49509238687205
828,234.56601889870112
829,229.47907905655353
830,225.4167803067583
831,222.92229487449936
832,220.03066060955572
833,220.99125557070798
834,216.16589796951484
835,215.33408346108956
836,210.05253686859487
837,207.510258032764
838,207.84011251758093
839,207.53911270477428
840,208.40851386877765
841,208.10772000393825
842,206.92578322740337
843,205.60755507444043
844,200.5394298251784
845,197.9096687102765
846,195.44110379920247
847,212.5478000996182
848,213.6045327293446
849,213.6289258639362
850,213.84646211822962
851,215.60520799628597
852,213.44088441306394
853,213.14451037741168
854,214.15718244868674
855,213.95126445188353
856,212.40958381974448
857,212.1338537271449
858,212.47638470843088
859,212.88092659531094
860,212.98578059071738
861,211.80446707361688
862,211.17292788928137
863,214.2921460519283
864,213.65649305897438
865,213.72190888760753
866,212.7565206381363
867,214.40573148096087
868,214.79178328809147
869,212.91844630145465
870,213.85901906743933
871,213.53006371397643
872,213.37773275934845
873,213.7824790831752
874,213.60268924582996
875,213.69035209472284
876,213.01396836750936
877,219.51417224179104
878,218.98829553767376
879,220.0162311176125
880,221.93112661004577
881,223.8793804425813
882,224.90967397113863
883,227.93324800630126
884,228.99094220734477
885,231.6873611072043
886,232.78272549543604
887,234.08651317177453
888,236.54294072969734
889,239.45509782134792
890,240.85499092814248
891,244.7362128862574
892,246.1655578840772
893,248.07204355533057
894,249.73956268016616
895,256.5979408993097
896,265.56914549393656
897,273.76625513245995
898,271.42182027876646
899,268.178891983906
900,271.05467124135237
901,272.34321640552497
902,273.27045847811723
903,271.4082617195743
904,264.46252495992377
905,266.95669850737875
906,268.13393999915615
907,261.75948815299176
908,255.0341291166665
909,244.2277669165531
910,242.50831036616265
911,238.64440161501344
912,233.23730625334068
913,232.80981448402957
914,231.3615752461323
915,231.1357844102508
916,230.86892923951132
917,228.85967651195503
918,230.9400123772822
919,235.42921841376122
920,238.89461322081587
921,246.38105150637162
922,244.39349357937553
923,238.07994486561014
924,235.46442284701635
925,232.2403375527428
926,226.04212036802576
927,221.13087069014017
928,218.71631105922737
929,216.35591288933912
930,213.87776309128762
931,213.0900434605271
932,210.18868349230468
933,207.81004274706132
934,206.76090747981675
935,205.73204563679087
936,208.30238118679617
937,206.64547563805127
938,199.9712167466202
939,199.59483255742012
940,199.66329185122692
941,198.93206521739114
942,214.69348550765585
943,213.8428129395217
944,213.15398362085926
945,213.69962859795723
946,213.13060478199714
947,213.22521001308615
948,214.38348128244448
949,215.70160757232668
950,214.68683073719163
951,212.72401277379953
952,212.86811192549564
953,212.3916071127115
954,212.56173152134153
955,212.07260628569813
956,212.97708345056543
957,212.41890466074864
958,212.91110392076857
959,215.708138144475
960,213.30948328010902
961,213.35558431692513
962,215.42984789001906
963,213.42873417721532
964,213.99607495568515
965,212.89248022964554
966,214.14724331926868
967,213.74967291757514
968,213.8461311157075
969,213.7816486406661
970,213.17594265071145
971,217.69145103744506
972,218.57190475520758
973,219.28594143554673
974,222.62822334454103
975,220.88908579465553
976,224.59266034390558
977,227.612996257843
978,227.85376044568238
979,228.8963479826683
980,230.21929293924015
981,232.10645301970948
982,233.91408876696903
983,233.8397507139542
984,233.43271949692627
985,238.3643998649485
986,242.00886300329194
987,245.79343575026047
988,247.1764954198152
989,248.82415155905016
990,252.86394777935652
991,258.66624452980955
992,267.39562031476385
993,267.7197501512317
994,270.1105169842119
995,269.5093389592127
996,271.40407692415937
997,274.9907974165226
998,265.6061786925143
999,264.91886190067635
1000,256.225688434857
1001,255.09261004740915
1002,257.9123347398032
1003,247.50579742774318
1004,243.60462564362322
1005,240.15164556962063
1006,233.90857922805228
1007,232.60408255138373
1008,231.7118298327309
1009,231.84411619891654
1010,229.11296653208234
1011,226.3081890184714
1012,225.03331270046692
1013,230.1595621957739
1014,234.05818632002487
1015,239.98297788531877
1016,247.75465301126877
1017,246.51373746184063
1018,239.8518393472602
1019,233.32671665517788
1020,229.75437165004303
1021,223.14456576799674
1022,223.32990154711692
1023,219.7155257308462
1024,218.54222835111025
1025,215.04838255977495
1026,212.64438754695212
1027,211.61010032785953
1028,207.73160715039174
1029,205.1671989083186
1030,202.81779166138986
1031,198.3901636115528
1032,198.68990154711662
1033,198.54833535023772
1034,199.4384935708056
1035,198.86365821245792
1036,213.47333242704374
1037,214.14524361948963
1038,213.81846171149013
1039,213.67375527426142
1040,214.6350102307204
1041,215.09104328633094
1042,214.894345991561
1043,213.54742318779452
1044,213.19280191199218
1045,214.34433192686342
1046,213.97568726710256
1047,215.78862405962178
1048,216.6157404803419
1049,215.42281624388335
1050,213.2237049327859
1051,212.94338906309306
1052,213.14132039654083
1053,212.9031709203403
1054,213.91851341470263
1055,214.1775127959953
1056,214.76355531807195
1057,213.82789271599543
1058,214.29196834010483
1059,214.7888490473178
1060,212.77856540084377
1061,213.82990299451717
1062,213.48016592842586
1063,213.00571026722912
1064,213.66276960597526
1065,213.52444423622012
1066,215.7334654404417
1067,215.88261768470193
1068,217.1176669103999
1069,217.55873587133786
1070,220.27544303797458
1071,223.44274766223725
1072,224.98013496415018
1073,225.11495077355818
1074,223.9967236627482
1075,224.81423308397552
1076,226.83450981495014
1077,228.9244041341489
1078,230.815144484286
1079,231.70310061168527
1080,233.64714898403994
1081,234.50985024256488
1082,236.71989819593057
1083,239.0886720287981
1084,241.47871083862978
1085,242.96469810551176
1086,245.9712928077377
1087,248.52669619630186
1088,252.97704641350194
1089,261.51462793999804
1090,263.13378142752697
1091,264.38376394143535
1092,267.6628052466577
1093,270.30999085987486
1094,268.397046413502
1095,261.31870913309433
1096,257.5701008169407
1097,256.60026722925437
1098,243.7876397384518
1099,244.74829893718731
1100,242.55051265101739
1101,237.98769615838918
1102,235.5305918740334
1103,232.89646976090006
1104,234.46852281515854
1105,230.54300780426072
1106,230.92288655154957
1107,231.25887282749315
1108,227.83962821306034
1109,224.9265566117328
1110,228.9722140195458
1111,236.00639808760468
1112,241.50841570932403
1113,243.73298554474377
1114,242.58564879914508
1115,237.48208560661448
1116,234.3791323911974
1117,227.92125430640516
1118,228.13464135021093
1119,230.11199212709124
1120,222.83556211769667
1121,218.00528832630084
1122,215.10893984338762
1123,214.04291579953883
1124,213.3548473298546
1125,211.9274166338639
1126,208.42493144906138
1127,201.81727144866372
1128,199.24959572523392
1129,199.49151565421545
1130,199.548613943545
1131,199.01718714253036
1132,214.42267282011002
1133,214.40958584210196
1134,213.14267630594378
1135,213.39429945441236
1136,213.4509439801916
1137,213.34314608005855
1138,213.69520220484833
1139,214.2979375932019
1140,213.93305015612248
1141,213.32214972720607
1142,214.30817928589485
1143,213.39301537293042
1144,214.37685480808432
1145,213.5947903627333
1146,214.00077355836842
1147,213.90210695096883
1148,212.2191139240504
1149,212.70093392219167
1150,214.4947959154967
1151,215.52379746835425
1152,214.46120847281202
1153,214.89673408534676
1154,215.14803820885416
1155,216.0419883287631
1156,215.34257865792736
1157,212.45922372437826
1158,213.290768473599
1159,213.17547116736966
1160,212.4928814608477
1161,211.5707435738792
1162,213.26524666959432
1163,214.65704158989556
1164,214.9685157842929
1165,217.02636354683924
1166,218.84618630360458
1167,217.45436265204236
1168,218.26965280513167
1169,220.48480969928812
1170,220.8001574891725
1171,222.17818857094593
1172,222.78290528566174
1173,222.99268635724317
1174,225.8424450414209
1175,227.61732770745414
1176,228.32058567048276
1177,230.99132183746354
1178,231.4568840630666
1179,231.6966764652104
1180,235.42184840855683
1181,238.37120956399426
1182,240.39120650369887
1183,241.16956234261346
1184,243.69192153554084
1185,243.67565894961865
1186,248.9040571717964
1187,255.70696758770993
1188,262.39639943741184
1189,262.6307081961676
1190,265.18180667660346
1191,265.82890054712414
1192,260.3242969486372
1193,263.2629469183377
1194,259.30520557961626
1195,251.22755409245622
1196,246.0467939070871
1197,239.8387963158263
1198,235.27627247404376
1199,235.54399437412076
1200,235.37489981016643
1201,232.04994091497355
1202,232.32289234577595
1203,228.6932825114629
1204,229.2061322081572
1205,228.61639404211004
1206,226.69380722654307
1207,223.80509142053415
1208,229.06993164364664
1209,231.60217443283284
1210,233.90805777859023
1211,234.70831809614876
1212,237.93413502109695
1213,234.17313886271225
1214,233.8919127988745
1215,230.97216518045508
1216,231.01122647083605
1217,227.69736768097172
1218,223.47196826914941
1219,218.05101079020267
1220,213.45215496027544
1221,210.34428535261185
1222,210.43764331837406
1223,211.58681009632272
1224,207.42473768601064
1225,201.35151370209843
1226,200.79833469295892
1227,200.85730356038005
1228,199.4407866970538
1229,212.7639553204656
1230,213.2361607519767
1231,212.90306969415587
1232,214.72565400843868
1233,216.32991402479306
1234,213.5243802931826
1235,214.21625574886409
1236,214.08819846060717
1237,212.9662361779351
1238,213.42932489451454
1239,213.62206962541828
1240,214.59844125880986
1241,213.99781945050128
1242,214.35443981768015
1243,213.8615018850935
1244,214.05715853298233
1245,213.36115018850896
1246,214.75217703248288
1247,215.44642178861307
1248,214.64955545551703
1249,214.26537990799466
1250,214.9758451387811
1251,215.1310331241378
1252,216.2395887540256
1253,214.08120199206513
1254,212.94244867519353
1255,212.67132208157514
1256,212.8513547733601
1257,212.2852097316613
1258,212.17139240506313
1259,212.65145489399438
1260,214.1023104593248
1261,212.53024235699013
1262,216.4474964838254
1263,216.56073845807435
1264,215.35555117888674
1265,215.82894514767892
1266,215.4754949554641
1267,214.94047719535155
1268,217.16494845360808
1269,219.34378825615212
1270,218.5557665794431
1271,220.9335161744019
1272,221.3985760117066
1273,223.2999493542665
1274,223.34395486902417
1275,224.81356122951362
1276,225.17935623645909
1277,226.36924440442843
1278,226.89360474931033
1279,230.11528776219325
1280,232.6492128919711
1281,231.94925721681352
1282,235.30517845335703
1283,237.7947469859175
1284,242.04618242197353
1285,245.12165963431758
1286,244.99864948511606
1287,250.78211803112538
1288,252.3396624472571
1289,258.4203758933089
1290,259.98128500267313
1291,263.5323769338957
1292,263.91418361891874
1293,258.75585011327314
1294,253.55301548893516
1295,263.43793248945116
1296,251.10460551310675
1297,240.78070706075965
1298,236.9558227848098
1299,234.62826105310518
1300,232.6443362782057
1301,231.50202531645544
1302,229.67107096120523
1303,230.25295780988398
1304,230.13613854421635
1305,227.321352203027
1306,227.7054147967866
1307,226.4552846672198
1308,224.58688312419068
1309,226.58502855856588
1310,225.82859232998493
1311,226.34469078836278
1312,229.71644016769335
1313,229.9693874679944
1314,230.93054891258438
1315,230.12153569117334
1316,228.82840944261537
1317,228.13620949245038
1318,227.54501343159717
1319,225.78461495174568
1320,216.8214361095862
1321,215.17091180152164
1322,207.06953842690916
1323,210.35090829780313
1324,208.41974683544282
1325,203.11777615215777
1326,199.4577370650226
1327,202.02453504403337
1328,199.63279771009692
1329,212.64713409522128
1330,214.01918909221374
1331,214.68692962103663
1332,213.98203938115344
1333,213.76759097812055
1334,214.66026064585085
1335,213.99834038902435
1336,214.2328903888068
1337,214.2367496133844
1338,214.84866385372737
1339,213.38231034240357
1340,213.71084337349427
1341,214.68272855133628
1342,214.5031216603861
1343,213.80499191450505
1344,214.87634461521182
1345,214.4861212666633
1346,214.17561695844782
1347,214.1083581753757
1348,214.31689071376374
1349,213.98588222059763
1350,214.02606971610186
1351,217.24877314847404
1352,214.79278924573967
1353,215.46964177719036
1354,214.99886125599267
1355,214.05243619489602
1356,213.39192135131725
1357,214.24654164089338
1358,214.48853265837053
1359,211.77383966244747
1360,211.97555249395535
1361,211.90689727905524
1362,214.8884528832632
1363,214.61799901567926
1364,216.97212185966765
1365,213.43735583684966
1366,213.66122954046952
1367,214.7022957641537
1368,213.38156118143476
1369,214.12876327075898
1370,215.9960916631523
1371,218.85638537271464
1372,217.30924558813226
1373,218.54903697455396
1374,223.0090576652604
1375,221.26902525451422
1376,221.45886240596244
1377,222.68747802854554
1378,222.49973985797683
1379,225.62244252267496
1380,225.5123954158758
1381,224.44644589749038
1382,230.07583491527842
1383,232.9319571972948
1384,235.1528207435743
1385,237.90817689657635
1386,238.84578059071745
1387,242.1530837468899
1388,244.67752232299827
1389,247.92793248945162
1390,250.9716583253672
1391,254.33891107486392
1392,258.49123769338973
1393,264.3767643254798
1394,259.91489960065286
1395,252.7238576110042
1396,246.90858597221475
1397,256.70994770286256
1398,249.46723674772508
1399,240.55768662907656
1400,237.44562222347207
1401,233.14053445850934
1402,229.68834017661317
1403,230.74636937481594
1404,229.09272855133622
1405,227.54954650917577
1406,226.59006412059216
1407,226.15032973831893
1408,227.76736272235152
1409,228.45207058988987
1410,226.51489840399378
1411,223.9128453912681
1412,222.12001687407746
1413,223.0757364831613
1414,226.07838008858928
1415,227.97530794757898
1416,232.4955284324205
1417,232.38853968923618
1418,231.6934683259513
1419,227.1388466947964
1420,221.7849430619995
1421,226.10390213035262
1422,217.26746835443058
1423,211.42393611786744
1424,206.60083525507645
1425,208.00614627285532
1426,204.3678194854495
1427,202.38792097307214
1428,201.92032348804509
1429,204.10695300871797
1430,213.78381553186873
1431,213.848619530514
1432,213.5392504431503
1433,214.33833930956922
1434,216.2465576168442
1435,214.7013533284565
1436,214.3343788238937
1437,214.33852211207224
1438,213.71039081624042
1439,213.20772736223253
1440,213.23522132853392
1441,216.0870953673874
1442,214.69567785763533
1443,214.98361831374112
1444,213.74064122223334
1445,214.2761782866145
1446,214.5739602526057
1447,214.86771965850437
1448,215.03059157782243
1449,214.08101379766254
1450,214.71406871914607
1451,214.15214211370227
1452,214.69639089707184
1453,213.48754553509903
1454,214.12126752837617
1455,214.449443733386
1456,214.23215114725053
1457,214.70089712582276
1458,212.81109438951333
1459,212.670160235218
1460,212.11620614497673
1461,212.64353427663244
1462,212.85934554458237
1463,212.5339379877664
1464,214.29828410689197
1465,214.00211017950602
1466,214.0480034880942
1467,217.16156928917965
1468,214.3280109168156
1469,213.54467714032558
1470,212.58344934261436
1471,212.68184631833662
1472,214.98229229665696
1473,215.42027701610107
1474,215.70064572401265
1475,215.74491905652707
1476,216.71678267594754
1477,218.4618685198992
1478,218.5067863120439
1479,218.9644444444447
1480,221.27859744862806
1481,221.12180370755868
1482,223.65474415595398
1483,223.82123769338963
1484,226.35146767183807
1485,230.80135868800835
1486,231.48535864978902
1487,235.17129636141172
1488,235.55481792992896
1489,239.3336944135728
1490,239.52199957814835
1491,241.75567526512725
1492,246.59704285191748
1493,249.33860172113188
1494,257.6437643286125
1495,258.4843420275177
1496,261.34887154608765
1497,258.25938480147414
1498,248.33849162246958
1499,244.16038200255986
1500,246.98977712156375
1501,250.23424728838114
1502,240.74625522159255
1503,235.94181255712596
1504,232.88161559888582
1505,232.81597231989656
1506,232.57069535259808
1507,229.3183883628997
1508,225.1980590717301
1509,224.50448663853746
1510,224.95736930195923
1511,224.72189482271222
1512,224.46446504170254
1513,226.957495886018
1514,224.8297701763765
1515,222.37847759430662
1516,224.3881293952182
1517,227.8430920266109
1518,234.31146710924233
1519,236.37940055415686
1520,236.13305391074434
1521,236.82620008720264
1522,223.7317502075038
1523,219.25230609145638
1524,219.14643168584226
1525,216.8703609915309
1526,210.5608943260917
1527,207.5924415251974
1528,206.9367069018879
1529,203.23650425367387
1530,202.62798966201643
1531,213.96335143330074
1532,214.63997187060488
1533,213.96445050925675
1534,215.19772890371047
1535,218.34877637130805
1536,217.43003249722153
1537,214.70351504235495
1538,215.00316531378817
1539,214.4117721518987
1540,213.69795843966463
1541,213.68927435919068
1542,214.08562467475855
1543,214.67025482994907
1544,214.80505887483656
1545,214.69592123769337
1546,215.1958715015407
1547,214.52639205424717
1548,214.4499810081173
1549,214.33060885712672
1550,214.07630623786616
1551,213.93798798587574
1552,214.4157475662595
1553,214.32879410275163
1554,213.98688838243163
1555,214.0485897165364
1556,214.19554880279128
1557,213.91221529760983
1558,214.52404069399293
1559,215.8021265523691
1560,212.16032188177044
1561,212.23417338567816
1562,211.82122362869202
1563,213.4071521017389
1564,213.81013424140926
1565,213.99707454289734
1566,214.2627173484892
1567,214.68533475923772
1568,211.66359518316366
1569,213.71776371308016
1570,213.88396864930274
1571,211.59759151402613
1572,213.8501990126721
1573,213.7131258266962
1574,213.78812092905483
1575,214.168635724332
1576,214.35480103562773
1577,214.53123153540977
1578,216.58494254651836
1579,216.44868150733106
1580,219.18807591125872
1581,220.89188694905968
1582,222.1266248382195
1583,221.46056019020017
1584,224.05933991727863
1585,226.0164732362664
1586,226.74896951451117
1587,230.8145970203847
1588,232.2144223735298
1589,234.50621104905525
1590,234.98465152921978
1591,236.50563552703775
1592,239.24215189873425
1593,239.33776008328294
1594,243.03782399459647
1595,249.334411611651
1596,255.77861091962913
1597,260.15774069175126
1598,255.6601876204274
1599,253.238049013815
1600,250.99282367343474
1601,244.129454299903
1602,241.5475309770609
1603,246.1614555483633
1604,238.62211780594524
1605,234.15019690576653
1606,231.63074801598458
1607,230.91846036971378
1608,227.28001012643998
1609,230.75438324937377
1610,224.57574947596478
1611,221.71199459778848
1612,221.573715604074
1613,221.27584654558748
1614,220.8792661996005
1615,221.2293170148413
1616,219.5081524415121
1617,220.72022846531524
1618,223.3056806032299
1619,223.8239522811361
1620,228.668143833882
1621,228.87641555883795
1622,232.14671787513018
1623,231.55537892323068
1624,221.72063996847984
1625,218.27958819144587
1626,216.41071704908356
1627,214.23344168179315
1628,211.07289630244316
1629,209.72145238664658
1630,206.73092996749534
1631,204.59593530239107
1632,214.76689222458234
1633,215.43017647472414
1634,215.86867422431013
1635,216.37307091709673
1636,216.8241158686635
1637,218.23634982699923
1638,215.17955319208784
1639,215.26817536111614
1640,214.70729512346026
1641,213.97087870346914
1642,214.86085598953568
1643,214.82171381967504
1644,214.63390169100467
1645,214.94158848928961
1646,214.46843185780983
1647,214.14073490518254
1648,214.47478867494615
1649,214.13550310838568
1650,214.5300562587903
1651,215.06582463641737
1652,213.17429463557335
1653,214.5074261603374
1654,214.09258920659923
1655,213.9271428169568
1656,214.01440265548953
1657,214.0800995794596
1658,214.97447221479905
1659,215.20396162178866
1660,214.40732616185056
1661,211.83252929014475
1662,213.17441582375517
1663,212.62896716585814
1664,212.72826622034054
1665,213.11993022241583
1666,214.30415096462127
1667,215.58008664097443
1668,212.90439480051754
1669,211.96310829817148
1670,211.3000168738399
1671,213.90881082677973
1672,213.2730277500386
1673,211.52270937623047
1674,211.58202383129554
1675,213.24162423696868
1676,214.3150345913719
1677,214.8746940153623
1678,217.58844130636578
1679,217.5452295577586
1680,217.80348325197278
1681,213.89462432135915
1682,219.3111620580044
1683,220.86319076217654
1684,220.18562848985218
1685,223.44490702973357
1686,226.3499767929223
1687,225.325546069565
1688,226.96964752876312
1689,229.53249694088507
1690,230.44450695509073
1691,231.9914063488937
1692,231.754737419636
1693,236.81001195247146
1694,241.80618846694796
1695,244.29377919081648
1696,250.33240525908735
1697,251.64094233473958
1698,254.38194786376482
1699,255.5456859215929
1700,251.56339137528477
1701,247.89584007427925
1702,245.1105360131648
1703,242.0754693102721
1704,237.14374947244008
1705,235.00101267247078
1706,233.2182240033748
1707,228.64182212093053
1708,228.9240906917212
1709,227.69957111720453
1710,226.06711966461233
1711,222.91781766013116
1712,221.7563785197896
1713,220.6344585091419
1714,219.69584235843473
1715,219.65569135993474
1716,218.72222222222211
1717,217.02962066977034
1718,217.71697210931228
1719,218.22025316455677
1720,220.34222222222218
1721,221.66002334772654
1722,222.2701725762666
1723,222.35140646976078
1724,220.65924977847794
1725,216.42894122281297
1726,217.24365103917648
1727,215.437080690305
1728,217.00655571655656
1729,214.64885957757977
1730,208.5538474521441
1731,205.6392386365232
1732,203.2993429341189
1733,215.66617909733995
1734,215.36275322995593
1735,216.06998425108256
1736,217.84461540625279
1737,219.82574404971098
1738,221.93447233354408
1739,215.9836851802362
1740,215.81428933010844
1741,214.78318876439226
1742,213.74982067762764
1743,214.6089628213058
1744,214.23574812669568
1745,214.79226733801178
1746,213.23733055852395
1747,213.53415529094187
1748,213.6955414908576
1749,213.17640193486676
1750,214.7926064458067
1751,214.50253107598823
1752,213.80128241183402
1753,213.7926205073398
1754,214.06067551605798
1755,213.67004148210623
1756,214.00178581472508
1757,213.5009983688618
1758,213.47393658159302
1759,213.62222284717896
1760,213.03531595898764
1761,211.42148992703582
1762,212.29720874639648
1763,213.75928608599
1764,211.55376699329395
1765,212.8932573999857
1766,212.91064697608962
1767,214.6292333862872
1768,215.2185192997255
1769,212.7334177215186
1770,211.89255582428697
1771,211.1373381507358
1772,210.86427566807276
1773,214.13640070872094
1774,211.068507401836
1775,210.67033755274227
1776,212.13279898755525
1777,213.83225552493943
1778,214.7263291139238
1779,216.0221472263233
1780,217.65526985421255
1781,216.3035302390994
1782,215.37781590122887
1783,217.07151796386114
1784,218.19330117974576
1785,219.59363003585725
1786,220.474780285453
1787,222.26615670172646
1788,223.8171834352807
1789,225.33597693876106
1790,229.24206929523564
1791,228.82927652394002
1792,230.1043661674751
1793,231.09023909985908
1794,238.3215616257328
1795,241.72448850453472
1796,240.5181012658225
1797,244.6386245097074
1798,246.2892457393555
1799,247.98143459915582
1800,254.07003978574735
1801,255.8396000899937
1802,246.70208157524596
1803,243.36197707937833
1804,240.15901646258314
1805,236.1627684561395
1806,233.60136398790695
1807,232.08283308262216
1808,229.1422764799366
1809,227.20989945862314
1810,225.00671999550121
1811,224.57227043220172
1812,219.4019911131108
1813,219.88690149757417
1814,217.15598458855928
1815,218.14490410034287
1816,219.66576671588257
1817,217.47384554811828
1818,216.70535463186886
1819,216.99441757129188
1820,217.08765959840224
1821,218.12870521401632
1822,219.1862871927554
1823,216.66447775465411
1824,215.39727202418604
1825,215.09203273524915
1826,215.38191279887457
1827,215.22385457817248
1828,213.43620282355576
1829,211.55850128690133
1830,210.94465141780648
1831,207.61049005132506
1832,206.993488136594
1833,216.10373496451564
1834,216.03894916065076
1835,216.20117019929936
1836,216.61433816805686
1837,218.18302446986596
1838,218.0638247000742
1839,216.91071001505244
1840,216.8964061576558
1841,215.06932740599
1842,214.25028129395187
1843,213.17089747558606
1844,213.85643341492886
1845,216.0088888888887
1846,214.8047335612869
1847,215.2233304728273
1848,216.55339587347552
1849,214.41234908394972
1850,214.3552888876381
1851,213.74148530590983
1852,213.7433213758173
1853,211.94938311551266
1854,212.47148363861427
1855,212.8662587043677
1856,212.82931221248364
1857,213.2614830550199
1858,214.20149400708988
1859,214.43989420817897
1860,212.4901453230728
1861,210.29847890019246
1862,211.63786216596316
1863,211.83825722405092
1864,213.05373802186625
1865,213.38567671340763
1866,213.4201004459572
1867,214.25244139250805
1868,215.9152332597288
1869,212.425502581489
1870,212.66348183378798
1871,211.87317642755627
1872,211.1092686357242
1873,210.81960684987376
1874,212.09702741865124
1875,213.69152332597267
1876,211.33671516618313
1877,212.01156410905693
1878,211.54213783403642
1879,212.83542291077399
1880,213.9630009988321
1881,214.3035021097044
1882,213.5160060224854
1883,215.25927436939892
1884,216.27842100080164
1885,216.89416895266194
1886,218.45567091528062
1887,219.02646202326815
1888,219.6257438278114
1889,223.7066527861792
1890,224.67160462564323
1891,225.84862979010703
1892,227.3002546319087
1893,229.0394046396462
1894,230.54215036514773
1895,234.42371308016854
1896,234.81873303040092
1897,238.01874314017897
1898,240.18351617440186
1899,241.80345235080574
1900,244.54829949202806
1901,247.3323863236801
1902,253.1462093608874
1903,250.83674560625823
1904,243.3675754762102
1905,238.8767229254567
1906,234.73136617558012
1907,232.15556462163914
1908,229.7476230661037
1909,228.93552472349577
1910,228.57672017219252
1911,224.64250351617406
1912,222.69224816018635
1913,220.48507357699535
1914,220.23004093805793
1915,217.99984525567945
1916,216.51832364981746
1917,218.8518633147163
1918,217.81631332386047
1919,216.90997847586607
1920,215.5546755201662
1921,215.4213125131881
1922,216.1564953152693
1923,217.5493296568797
1924,215.37103989646013
1925,211.55974002222726
1926,211.8756242702192
1927,212.3866265161959
1928,212.76834362385878
1929,211.69978757227437
1930,209.02373816257852
1931,206.80852051364988
1932,205.43594721589133
1933,203.08746675672222
1934,216.66488524729604
1935,216.52732055935414
1936,215.44709273711624
1937,216.5026090381022
1938,216.8455467552019
1939,217.8236121266666
1940,216.4319329385789
1941,215.47517690587074
1942,214.9119959493105
1943,214.37899177388766
1944,213.95534734531947
1945,213.5272300205353
1946,214.02244252267485
1947,214.04458168619806
1948,214.67311316774067
1949,216.02173913043512
1950,212.90133929827542
1951,211.79840785383794
1952,212.59564263411113
1953,212.09772289343056
1954,213.34875805226636
1955,213.14073334364787
1956,212.50045007032375
1957,211.73645198947978
1958,212.44058904610574
1959,213.08001406469785
1960,211.7829786635539
1961,210.8231761346858
1962,211.6119638159284
1963,213.08969978204354
1964,212.38107427671306
1965,214.00485348114188
1966,213.58356769222144
1967,213.463191650961
1968,213.8357553845507
1969,214.96159795264106
1970,212.89646830475857
1971,212.65665006612096
1972,212.4318626141018
1973,212.0446594296645
1974,210.38577437643337
1975,211.40155841233255
1976,211.92408178187773
1977,213.3475000703414
1978,210.9562863050117
1979,211.41318990367753
1980,213.48633287846613
1981,211.93859180286404
1982,213.58249314490646
1983,213.05037772744546
1984,213.80266951715234
1985,216.27998987327564
1986,218.3206469760902
1987,219.19443311439014
1988,217.24609347529542
1989,221.99551329835876
1990,221.66467411178976
1991,224.73932122814705
1992,226.64782908339106
1993,225.19032616492532
1994,228.67577147036522
1995,231.11953631670045
1996,236.94229065598017
1997,238.12235052532435
1998,240.25009144368488
1999,239.06786191380215
2000,241.30708318096188
2001,241.86588917181336
2002,245.4580890107577
2003,251.30207175909678
2004,252.61174964478175
2005,243.1238976638212
2006,238.145440483724
2007,234.75420283330757
2008,233.03919886355695
2009,233.07469591506748
2010,229.3416288001353
2011,228.41262183715696
2012,225.55895380721404
2013,222.85511099856524
2014,219.2762767408828
2015,217.7667337093351
2016,215.7981968804064
2017,215.04585220400048
2018,216.61733639010419
2019,217.68840630669925
2020,215.69418697872027
2021,214.76307350417773
2022,215.24426503888955
2023,215.47621592731184
2024,215.34790925329514
2025,213.53362869198338
2026,212.26904738463296
2027,211.39011800447307
2028,210.2334735450109
2029,207.96505659846747
2030,207.29532060929162
2031,201.95816158575195
2032,202.7409547915353
2033,201.7667055795442
2034,200.68166095261392
2035,215.35392879239552
2036,216.67622610725883
2037,216.83585216009902
2038,217.25336070645145
2039,216.62229141246266
2040,218.32733509531585
2041,216.52246361527102
2042,214.8183569851337
2043,214.4367512233535
2044,215.7165652106677
2045,214.2564802182809
2046,214.40685640362224
2047,213.8560543223069
2048,214.32276620581973
2049,214.08065695483444
2050,215.39775059749766
2051,211.56938115330505
2052,211.97345145187376
2053,211.95707013892797
2054,213.50915405815843
2055,212.98841297072318
2056,212.37056879701896
2057,212.3354378761459
2058,212.32023230306265
2059,211.94904028685937
2060,212.8477839023566
2061,211.631132672432
2062,211.1572501265539
2063,212.64020591006891
2064,211.94782865417335
2065,212.58735024467072
2066,213.2915049226441
2067,215.37923859866174
2068,214.693978851454
2069,215.2697327707453
2070,214.19085643592197
2071,212.96190730637278
2072,213.08180028129382
2073,213.1829405478374
2074,212.97726761513815
2075,213.1591960731916
2076,212.22508296304636
2077,211.40473780402087
2078,214.69621659634305
2079,212.06177231565337
2080,213.95210178546333
2081,214.67102672292532
2082,213.76885326583698
2083,213.80279769436257
2084,211.97967679779453
2085,215.03186388244401
2086,214.2419039583773
2087,215.10128522414075
2088,218.55633832524794
2089,218.64733674559872
2090,222.47722031610314
2091,224.7311959502216
2092,225.7364728049947
2093,228.03422529071798
2094,226.82940307951907
2095,228.70200798695095
2096,232.01873391372825
2097,235.05806106956084
2098,234.77936048146702
2099,238.38707454289724
2100,239.61376702604687
2101,236.51317565667352
2102,239.24181434599143
2103,244.4016111118923
2104,248.74715601490553
2105,249.87133433662905
2106,245.44653026787597
2107,241.5822496520505
2108,239.07247538677908
2109,235.14082823595595
2110,234.74690004217632
2111,230.73205721438512
2112,227.83352550762135
2113,224.1907071559118
2114,221.27887090195625
2115,219.13854828730533
2116,218.09344020248898
2117,216.50443635136455
2118,215.83411609201877
2119,214.05188705776473
2120,214.5088375493904
2121,214.56024748646553
2122,215.42821587265885
2123,214.84404353450694
2124,214.49577444983487
2125,211.6008071320096
2126,210.41498396985205
2127,210.94470849621732
2128,211.15429937425301
2129,209.83929902533006
2130,205.0471524370528
2131,202.82362370807851
2132,202.93769251325602
2133,202.15006115477078
2134,200.567382867428
2135,202.66527339879283
2136,215.65146814404417
2137,216.80944199914788
2138,216.42358649789028
2139,215.3690896557544
2140,214.5553069638509
2141,214.6623206751054
2142,214.6770957894292
2143,214.48545738528398
2144,214.6135222205028
2145,214.90697739834872
2146,213.81214645540734
2147,213.68596831828015
2148,214.4072855133614
2149,213.8474115975064
2150,215.32968501610787
2151,214.2357350810817
2152,211.1008344238534
2153,211.22356962986913
2154,211.72382988900293
2155,213.21812222159681
2156,213.00364367913102
2157,215.43289440364646
2158,212.64211355579295
2159,212.46756608471765
2160,212.29776458506248
2161,212.8473095589785
2162,212.88232066738877
2163,212.484883868154
2164,212.7303108334387
2165,212.3739943741208
2166,212.87717002898052
2167,212.63680240902806
2168,213.69032348804495
2169,216.63009439669108
2170,215.4363628688418
2171,215.75623408953442
2172,213.09474839272391
2173,213.55767093024866
2174,213.34112234992895
2175,211.9477777777778
2176,213.10104691413588
2177,214.29802200275722
2178,213.38413502109702
2179,212.22687041805597
2180,212.0744481802963
2181,212.9409291008564
2182,213.59436869433048
2183,214.7624045130339
2184,216.81644163150492
2185,215.8144260265103
2186,217.27330407135406
2187,218.8021721392194
2188,216.79794327837473
2189,219.56286313183168
2190,220.6899117932556
2191,221.35608074839973
2192,222.5316883080345
2193,224.47934105200972
2194,222.90222834955827
2195,223.75317239244814
2196,226.47927745420793
2197,229.807165170405
2198,232.9683122362872
2199,232.84570150387592
2200,234.71777336879282
2201,236.611186903138
2202,235.56688659735812
2203,240.65362263779247
2204,246.08943741209578
2205,251.4682901437778
2206,253.02583513916625
2207,252.52100391097608
2208,246.270689170183
2209,242.47027452966913
2210,238.07458886090936
2211,234.70029957384577
2212,231.22665934962797
2213,228.31889481310597
2214,223.82254571026743
2215,221.92991022429825
2216,218.018752989505
2217,215.67111223657167
2218,214.7470316808281
2219,216.53106931333778
2220,214.0631374590266
2221,212.28449039881818
2222,212.4211133463697
2223,214.71191424109833
2224,211.33035563558587
2225,212.44241861512046
2226,212.91544976224625
2227,210.73940689888005
2228,205.8967544982625
2229,206.02615252592037
2230,206.17975994484055
2231,203.59616601735553
2232,202.37373211597705
2233,202.87297901979807
2234,200.91804500703242
2235,200.8313778453054
2236,201.60285674078227
2237,214.1379625592483
2238,213.80896979587223
2239,214.05431862614108
2240,213.31391931605668
2241,214.2054358988785
2242,214.31488930771604
2243,214.02926246220918
2244,213.8458118792378
2245,213.1813386967467
2246,212.64167897068126
2247,212.1892154242222
2248,212.21962334210048
2249,213.11793580691432
2250,213.56691373999615
2251,213.22585409077487
2252,212.0108862290607
2253,212.56575856879633
2254,212.14928480006742
2255,212.76062617795154
2256,212.76705720192965
2257,213.3968888013728
2258,212.77349892403552
2259,212.8748083226648
2260,212.8864796456443
2261,215.03852374857587
2262,214.73344869305856
2263,214.1428671869507
2264,214.27904752528153
2265,214.85238383298386
2266,214.2016536130602
2267,213.1647280552469
2268,214.5721983061812
2269,214.96763667562135
2270,213.64159964002468
2271,213.29161684228276
2272,213.55619628968049
2273,213.66237783871196
2274,216.94784969683315
2275,212.37484880024746
2276,213.30641918020112
2277,214.83047986157013
2278,215.84487826833015
2279,217.16592375943856
2280,217.35579533784423
2281,219.10900447269952
2282,216.3544634945639
2283,218.27721518987337
2284,220.3794568137385
2285,220.12655592905665
2286,221.10419274532669
2287,220.35609502243355
2288,219.88233142985735
2289,221.22333647449315
2290,222.6962783763256
2291,224.36620768224594
2292,228.4823234810009
2293,228.42074105322374
2294,230.31861655742782
2295,231.2893940886004
2296,234.85287417740034
2297,234.94642681331655
2298,235.21351096605358
2299,240.52240736834707
2300,246.42885272647993
2301,249.35551897808142
2302,251.8537110226585
2303,250.93888771707793
2304,245.75788866536277
2305,240.96060367380232
2306,235.16785488293615
2307,231.32195211164546
2308,232.05375603032402
2309,230.0414961681783
2310,220.84387045946912
2311,214.4562370778773
2312,215.97194013896305
2313,214.32314097244668
2314,215.92240288053105
2315,214.94420455983897
2316,212.5208371425756
2317,210.83274026357608
2318,211.32871067103628
2319,212.2682419127987
2320,209.29054263129763
2321,209.90042054037312
2322,209.3133939999155
2323,208.45326938494205
2324,204.98448642034342
2325,203.3052249514644
2326,203.17056879701894
2327,202.0734479169597
2328,201.35811656795556
2329,201.3542150038671
2330,201.60427010225177
2331,201.77962382004117
2332,202.1431464086844
2333,204.06516231312875
2334,214.84263264129166
2335,213.94658302977422
2336,214.25625052732215
2337,214.1862900844919
2338,214.75014064697575
2339,212.9907473810024
2340,213.371309677782
2341,212.90516174402228
2342,212.43433263963087
2343,213.10408963742938
2344,212.75153305203904
2345,214.63853422577176
2346,213.8928074245938
2347,212.24289551021525
2348,211.7938550235533
2349,212.45801870210192
2350,212.74229427976798
2351,213.17033214275642
2352,212.72472755396169
2353,211.72593050887954
2354,212.0203332630246
2355,211.1454525001404
2356,213.01843881856507
2357,214.04249905104652
2358,214.05898813206576
2359,214.0796483825594
2360,214.01859948545632
2361,213.52087463966797
2362,215.0128410689167
2363,212.9048107743348
2364,214.1394501863179
2365,211.83473980309387
2366,212.91924461443267
2367,213.69539300726814
2368,212.15252950028793
2369,211.87600365605
2370,213.30216504990838
2371,211.7539978340667
2372,212.45332208394836
2373,212.8784794466625
2374,210.87123769338928
2375,214.76268016592834
2376,216.2712703143451
2377,217.94798874824156
2378,217.4552983857359
2379,217.04613718817663
2380,216.67814103916163
2381,217.59504190336904
2382,217.46237783871175
2383,217.82372709759952
2384,219.66928679903234
2385,217.80288265485467
2386,220.07649366536816
2387,222.4914715601489
2388,223.16934542642196
2389,224.7968945584446
2390,226.73309808662873
2391,228.31288317678144
2392,230.1710407876228
2393,232.59967664839021
2394,232.49650565984652
2395,232.41187060478183
2396,237.93072035089665
2397,239.97920299229418
2398,244.28428973277033
2399,247.06639856009897
2400,249.48846494496055
2401,244.39400843881825
2402,239.79620619832377
2403,234.87494727962866
2404,230.56636334228745
2405,227.11360472474132
2406,228.8601031898891
2407,220.69371738794086
2408,216.57722811260774
2409,217.6512599133808
2410,217.97063993138036
2411,216.22540954791518
2412,217.89619776140373
2413,215.9537369050128
2414,213.41120719960605
2415,211.92682378086505
2416,212.80922717813118
2417,211.61126891276206
2418,213.74492019967644
2419,211.26923617751254
2420,206.8478120254231
2421,203.09099346129494
2422,202.75347744757428
2423,201.7152256431885
2424,201.6927652394007
2425,201.85055062516682
2426,202.4456425468501
2427,202.30905843973213
2428,201.42065512440016
2429,202.74773305591086
2430,202.44604589684442
2431,204.38500703234857
2432,213.5188906243401
2433,213.7104048844994
2434,213.6823769338957
2435,213.36451004671548
2436,213.22091387411686
2437,213.37388185653995
2438,212.94189907972842
2439,213.7589966517541
2440,213.718330262584
2441,214.14535783637712
2442,212.97757551031856
2443,213.41151892857627
2444,212.76167632659917
2445,212.45149264230025
2446,215.0549068707443
2447,212.92906983287347
2448,212.1146969036194
2449,212.82958190310035
2450,211.41736537054712
2451,210.27788641447302
2452,212.6947371382748
2453,215.06583927842706
2454,215.69008438818543
2455,213.958160997158
2456,214.31094600869565
2457,214.141924867442
2458,214.21176950564114
2459,213.9805251456389
2460,214.32148181485726
2461,212.8191103232884
2462,212.36543494779463
2463,213.13394012717325
2464,212.36476793248931
2465,212.7082612182866
2466,213.35303799783327
2467,214.5317646727892
2468,213.87051655480002
2469,213.49684172024237
2470,215.3418706047819
2471,214.16501097540345
2472,215.71315223049086
2473,215.74760900140632
2474,217.48570383294825
2475,217.74017332095298
2476,216.30937508792647
2477,217.10590138566468
2478,216.9643093285313
2479,216.4315579190228
2480,217.62066540057646
2481,218.2200807506715
2482,219.64239891955756
2483,218.3353215913563
2484,222.37107847274942
2485,222.7974931067467
2486,222.18357324777983
2487,224.45971870604757
2488,226.83167801474292
2489,228.29857739879225
2490,230.52866385372693
2491,230.27175273975456
2492,232.80635175257112
2493,235.3488326300981
2494,239.2982147630231
2495,242.99897278586045
2496,247.22630201738775
2497,247.81093092924107
2498,244.93338586665843
2499,240.48420860121217
2500,233.6038677918423
2501,230.64922747868124
2502,226.19336550229977
2503,226.34427566807295
2504,224.58575127346373
2505,219.07018555772817
2506,219.50821563220944
2507,217.45214112880504
2508,217.40380963099443
2509,217.47722348836527
2510,215.19852568791822
2511,212.394806071775
2512,212.88652542134417
2513,213.9931912499118
2514,214.22857785968483
2515,212.62481359556543
2516,208.94621855832514
2517,205.53533847279263
2518,203.78817422132158
2519,202.52995806714858
2520,202.0777626193723
2521,202.23354717087284
2522,202.58209858302692
2523,202.64572433192671
2524,201.994640068652
2525,202.0757594945611
2526,205.01933895921223
2527,204.05250274331036
2528,203.1081514627039
2529,203.4949579710356
2530,213.50556541832205
2531,212.4422346620159
2532,211.66218097447802
2533,211.8248667051193
2534,212.31711159244978
2535,212.6559938128385
2536,213.32090966519266
2537,213.61940392973187
2538,213.57115938972095
2539,213.7439858191946
2540,214.53067596838164
2541,213.99419111648717
2542,212.66930617870852
2543,213.55073279135848
2544,213.45447129314465
2545,212.35402250351615
2546,212.49045696845246
2547,212.447966919366
2548,210.99202531645574
2549,211.19455969844864
2550,213.0592421727757
2551,214.2988478257811
2552,215.57065920467957
2553,214.76756353816526
2554,214.93534319035479
2555,214.66927273749948
2556,215.5096483825598
2557,213.85176692363953
2558,212.65266118259163
2559,211.857478410082
2560,213.299912779247
2561,213.74123769338962
2562,212.55486810281803
2563,212.41740525027421
2564,213.9348926833385
2565,214.7042859553407
2566,214.0212709086559
2567,215.63460808168895
2568,217.41875017577422
2569,218.06068961636387
2570,218.14493874738042
2571,216.29457920269996
2572,214.96141076503181
2573,216.69193226251093
2574,215.51559818841608
2575,216.39558924879387
2576,217.25028481413244
2577,216.4576218740331
2578,216.35280383690338
2579,216.9367642301579
2580,218.52362199187064
2581,221.26245094867704
2582,220.60512250696223
2583,223.1907507946778
2584,222.5944120874482
2585,222.01134781691636
2586,226.52061942670684
2587,227.14670380687085
2588,228.44256485973426
2589,230.13811727309817
2590,231.4505015263845
2591,236.16932898363243
2592,238.5140791583449
2593,240.7239948228805
2594,244.57227246515419
2595,250.4987907081389
2596,245.78612326435285
2597,240.0409704641351
2598,234.707646661792
2599,230.66351077598324
2600,228.36151898734167
2601,224.88617188818284
2602,224.60789499599053
2603,219.4707876230662
2604,219.67039381153307
2605,216.832658227848
2606,216.37423873753497
2607,218.05315123982058
2608,214.5847960618847
2609,213.65510063432671
2610,213.40876805580962
2611,215.1985259989592
2612,214.53436757197707
2613,210.15469978480715
2614,208.54922010154854
2615,207.57484036119163
2616,204.2062645925343
2617,202.28088686305946
2618,202.20651058145268
2619,202.71854737760023
2620,201.9553754818378
2621,201.90366308092536
2622,201.25344941560365
2623,203.29956529690634
2624,204.47724108837807
2625,202.57626093561007
2626,204.1423848512983
2627,203.46600466961107
2628,204.8758349152781
2629,206.39616217889193
2630,203.15700302795568
2631,203.34540048240865
2632,211.6518805607028
2633,211.23738680465735
2634,211.54186713936022
2635,212.75759152730703
2636,212.57520319487034
2637,212.49556152666614
2638,212.92558263829326
2639,213.3069913943418
2640,212.41871359837933
2641,213.1013094417644
2642,213.75145923290074
2643,214.21659634317868
2644,213.03348898703223
2645,213.38297303759563
2646,213.53145613862364
2647,216.02381153305214
2648,213.50412804680815
2649,211.97367014543315
2650,212.21862473452538
2651,214.2400455702614
2652,213.01904815497372
2653,214.849424867115
2654,214.85033544775615
2655,215.30466222109683
2656,215.73904606558318
2657,216.26076682888433
2658,214.70907249271974
2659,213.7349926175914
2660,213.8932770745431
2661,213.46487155679355
2662,213.83883036329647
2663,215.26331627200653
2664,213.14180605770724
2665,215.4881925202889
2666,216.59752513534434
2667,215.0908234036268
2668,215.9663281667559
2669,216.8671044490694
2670,217.5718325314426
2671,218.0026723301315
2672,217.3007663643396
2673,215.7810759101907
2674,215.12669836001035
2675,214.74420174686017
2676,215.7503621710574
2677,216.60787071548145
2678,217.5149371290333
2679,217.43293952180034
2680,217.7135402748283
2681,219.44306450251798
2682,219.97144866385366
2683,220.92084165518045
2684,222.2875989817017
2685,222.99181227314935
2686,221.89072628840634
2687,224.88847787560846
2688,227.15905126329423
2689,227.03059832665426
2690,228.87897157484653
2691,230.36715342843493
2692,233.61412340401614
2693,234.76774311513716
2694,238.94436081763578
2695,241.96409232197388
2696,245.85376005399667
2697,248.53184964267632
2698,240.42544094067378
2699,236.38808971384404
2700,231.49433049154513
2701,229.083206751055
2702,225.74619981719778
2703,224.25011606150562
2704,220.72715125601312
2705,219.55672292545734
2706,218.04741276248632
2707,215.6464929183253
2708,215.41160088891405
2709,213.78084388185664
2710,212.8033446321327
2711,214.41824779532786
2712,213.63442523804844
2713,213.3803623168023
2714,208.01749648382577
2715,207.94013980506065
2716,204.80054571794275
2717,201.9336971504122
2718,203.33282219377352
2719,202.941221964424
2720,202.93231972320297
2721,202.65344250302465
2722,201.15750323415287
2723,202.1923796396576
2724,206.87486459491018
2725,204.9916472143322
2726,205.87625705002893
2727,205.03885653189278
2728,203.76781344060342
2729,202.84930254794992
2730,203.23855547114604
2731,202.3325644523834
2732,203.79326443085162
2733,203.609512823038
2734,204.08762607255758
2735,211.9344337793291
2736,211.1442572698128
2737,211.33454315256378
2738,212.71210565549455
2739,212.61201417402566
2740,212.46651848517246
2741,211.82704398092807
2742,213.20572023173415
2743,212.629888582522
2744,212.69321650093525
2745,213.13057848914906
2746,213.25683183077584
2747,212.92075949367094
2748,212.1618869463706
2749,214.34751972546084
2750,215.36918424753867
2751,214.64121858254003
2752,213.98579485520582
2753,213.78888591963332
2754,214.24091759377774
2755,215.01425074559668
2756,215.8013527195005
2757,214.66028129395232
2758,217.09018907208355
2759,217.04697958265385
2760,215.68067510548536
2761,215.6712762365652
2762,215.10495528432423
2763,214.24011589473838
2764,212.5281075910189
2765,214.25488403493736
2766,215.87240564711192
2767,214.47885600135038
2768,214.28141042771355
2769,214.8359722144103
2770,215.3715129774212
2771,216.91679207865093
2772,216.8619298048261
2773,216.2595661470935
2774,216.4170604781999
2775,216.73201529894834
2776,215.30276855551165
2777,215.05250425463086
2778,215.00275671950388
2779,216.1090420669189
2780,215.88253164556963
2781,218.0860630951209
2782,218.51277759806476
2783,218.14723132533524
2784,219.15158931083002
2785,219.91443037974685
2786,220.82172745045648
2787,220.43166570556565
2788,222.05614484272112
2789,225.34537938016774
2790,223.81026722925458
2791,227.8388244893365
2792,230.3448591034368
2793,230.63975583341548
2794,230.30674544559324
2795,230.2046403712298
2796,232.81293689081426
2797,237.0472398852062
2798,240.4331003248991
2799,244.6894510377414
2800,250.39358514454526
2801,245.76529909000106
2802,241.49444569435857
2803,233.42318946598382
2804,229.5690717299579
2805,226.59730014764838
2806,222.12738450284155
2807,220.9823766860295
2808,218.6644537897862
2809,216.5183471399838
2810,215.64337552742623
2811,215.69245699658228
2812,214.39303244680102
2813,214.00939535014564
2814,214.49125175808723
2815,213.6456449276381
2816,215.5559571864584
2817,209.9236979423059
2818,207.15845065470245
2819,203.05341772151908
2820,202.7966807313644
2821,203.1491334196163
2822,202.31405028404313
2823,201.79956117526277
2824,203.02204403179275
2825,201.11342032735266
2826,205.0650501413523
2827,206.5488717573575
2828,205.67821587265877
2829,206.5823347398032
2830,205.77559260040778
2831,205.55999381144605
2832,204.402089543844
2833,203.61147921502422
2834,204.582770745429
2835,203.98067945328762
2836,204.0929604411682
2837,203.83867564944654
2838,211.068295200413
2839,210.09806983483844
2840,211.90075670201676
2841,215.86007368243443
2842,212.72904532793103
2843,212.82059973557634
2844,212.1650824005849
2845,212.27155578689676
2846,212.69072701444458
2847,213.3879801403677
2848,214.0480872011251
2849,213.36479606188462
2850,215.57502320740377
2851,218.68898296741153
2852,214.11952180028103
2853,212.17692231958242
2854,212.541639122913
2855,213.46037215713304
2856,213.71522806227932
2857,214.64175681949246
2858,215.58251539781196
2859,215.74292184137602
2860,217.5872712181533
2861,218.23180763552
2862,216.93115136853345
2863,216.23855211513288
2864,214.69629473388167
2865,213.076204675237
2866,213.13594158858757
2867,213.39528832630097
2868,214.6734630744137
2869,213.57561689316543
2870,214.48162421412385
2871,215.36112829742956
2872,214.88641447322124
2873,214.9648236965358
2874,215.0002109229992
2875,216.19533228293264
2876,216.6507918647501
2877,217.188297992013
2878,217.67914972637598
2879,217.41151071041793
2880,216.55066246589217
2881,215.8730783836621
2882,216.15040999170168
2883,216.44005457256165
2884,217.69602520464704
2885,218.10008579586201
2886,218.63107779293665
2887,216.88881543784612
2888,220.18256491040515
2889,219.3253632259244
2890,220.70464105341622
2891,223.83253884553193
2892,223.61848971152884
2893,225.62881942490557
2894,229.02628100568083
2895,234.94344426003536
2896,235.85096505542714
2897,236.3662466955397
2898,233.12595113855323
2899,234.79608345173938
2900,239.7228934302875
2901,242.44150402159855
2902,249.8455445823131
2903,255.1954344707305
2904,247.11772481192443
2905,236.35561745589587
2906,232.82687276716626
2907,229.75796948604378
2908,225.05071536091603
2909,224.87880109145124
2910,221.7021997805845
2911,214.13180213505095
2912,215.92119439091962
2913,215.64402655489596
2914,213.79599156118132
2915,214.93736902066124
2916,213.25225389949227
2917,211.80141774145898
2918,208.61553608348916
2919,208.21645569620242
2920,210.4237471694396
2921,204.33176741961793
2922,208.03118143459906
2923,208.63254223935388
2924,203.73026787597556
2925,203.19696479556677
2926,201.6815835009775
2927,204.15599865009287
2928,207.32179526850268
2929,206.764933457134
2930,206.93286929621027
2931,204.93818391515924
2932,206.39673897751874
2933,205.30650220115626
2934,206.80843703859946
2935,204.1668917588136
2936,205.9993811358968
2937,203.10193348801238
2938,203.88929686840527
2939,204.76930434048762
2940,211.56313353900416
2941,211.50865889171786
2942,213.7999015471165
2943,214.12499472685084
2944,212.91117426107516
2945,212.26537644692607
2946,212.3288008324426
2947,212.3393779103299
2948,212.426855511329
2949,213.0502538713623
2950,214.40685523003108
2951,213.63469240365043
2952,214.0176836861767
2953,214.608362986821
2954,213.25924415251947
2955,213.0136990154711
2956,212.78603375527393
2957,213.09741483586023
2958,213.15952404393857
2959,213.26274918053522
2960,214.65107711344834
2961,214.78750755988102
2962,214.70175710085365
2963,216.30512550094903
2964,217.8687023544965
2965,215.01169039446256
2966,214.62223159670944
2967,216.44321921854313
2968,213.76255926170785
2969,213.6221518987341
2970,213.28920355475543
2971,214.08733575307357
2972,215.2766002334772
2973,216.1668986852279
2974,215.5155241056228
2975,216.13571217597968
2976,214.93894396400194
2977,216.43289440364617
2978,217.0632638996329
2979,217.67110073682423
2980,217.5471146000391
2981,217.06579650623067
2982,217.3883458276486
2983,217.09464135021065
2984,218.13021463332296
2985,218.97743959042427
2986,218.25643117343387
2987,219.18989015316654
2988,217.49854428332313
2989,216.3144444444442
2990,219.30021941545456
2991,217.6666291597512
2992,220.20367739121838
2993,220.64428039091598
2994,223.30647838195142
2995,224.8090515179648
2996,226.84330047667908
2997,242.0967664805411
2998,237.50488168593986
2999,233.82789847430203
3000,231.06707642971654
3001,235.24498121913788
3002,238.6047708796308
3003,240.83795261196616
3004,244.62703638051804
3005,254.20678500098458
3006,252.54845604364706
3007,242.68895078922898
3008,233.59305465695215
3009,229.2684946916965
3010,223.7510832254793
3011,222.5564432192184
3012,219.36560803398106
3013,217.47438079297845
3014,215.41666432248422
3015,215.49353718055082
3016,215.94542820574108
3017,218.08609122491166
3018,213.66534923626529
3019,210.72015471167344
3020,208.03821432087634
3021,207.70501279923468
3022,208.68894077272526
3023,203.26353394562497
3024,212.9799156118143
3025,207.96713654652342
3026,206.4654432960695
3027,205.59210396770686
3028,204.0661067499506
3029,207.9592918611845
3030,206.83884442819152
3031,209.21940548373001
3032,207.7401813963298
3033,205.48126582278465
3034,205.47711829832704
3035,205.33139706606275
3036,206.21005413766426
3037,205.12502286059924
3038,204.09998593530224
3039,204.45686564016023
3040,203.49778428034816
3041,203.4519754145626
3042,211.71411288053562
3043,212.6527285513361
3044,213.39656336126907
3045,213.07223746219304
3046,213.49062588770005
3047,212.51105955143083
3048,212.4483146699679
3049,215.337754398796
3050,213.56486638537282
3051,215.33834092594543
3052,213.62381201365602
3053,213.35303384061436
3054,213.12250351617453
3055,213.46976835768828
3056,213.1361622526337
3057,213.1600703234881
3058,213.24264250745588
3059,215.6102283593004
3060,212.94053362213256
3061,213.49298726876262
3062,215.82158726587554
3063,215.33883263009855
3064,213.30048956164526
3065,214.3187749592216
3066,214.56232067510555
3067,212.41913792133238
3068,213.32255977496487
3069,214.16302941672768
3070,215.57736512625723
3071,213.73972911011424
3072,215.29269081500644
3073,215.58872601429283
3074,216.10642756680738
3075,215.75611676697244
3076,215.15788363063405
3077,216.6590857946555
3078,217.8085662860679
3079,217.05463881268886
3080,217.2271902558405
3081,217.18306610407885
3082,218.38044471948348
3083,218.58855133614637
3084,219.2072181043334
3085,220.27721129098038
3086,220.09140646976098
3087,218.07306713174594
3088,218.73422688531957
3089,217.81303534508226
3090,217.7366385372715
3091,220.40969838500916
3092,221.0402716650028
3093,222.264448163828
3094,222.458465217697
3095,226.3330755385568
3096,232.51279202239135
3097,233.10874305409007
3098,234.2039172126768
3099,231.036511954993
3100,234.12019751558023
3101,240.53635724331932
3102,243.65117554418137
3103,245.1384961665611
3104,249.41035738899276
3105,258.41309972439404
3106,251.28844341281558
3107,238.8611794821306
3108,228.3697902019238
3109,224.0930307804849
3110,221.93783403656832
3111,218.95878985639743
3112,219.47347472644924
3113,219.95637069438393
3114,217.45390998593533
3115,217.2645391766642
3116,216.86621471469365
3117,217.88007032348807
3118,212.42549331233033
3119,209.14191279887484
3120,208.0691852206079
3121,207.6314960408433
3122,202.1988635564495
3123,205.37496483825595
3124,205.0406420572842
3125,203.33860172113174
3126,202.58592123769338
3127,205.5038054105763
3128,206.55506496428373
3129,205.37969591696097
3130,206.48112822677064
3131,205.96459305922733
3132,206.61005625879045
3133,206.07633222666126
3134,207.4997397994347
3135,207.03217278812087
3136,203.99199538574067
3137,204.60869198312238
3138,205.29326733787062
3139,203.05051698670593
3140,202.00984615384613
3141,211.01493411860133
3142,213.13170368078332
3143,213.6325059441777
3144,213.323221548103
3145,212.39188542809728
3146,214.18119804779258
3147,213.05462071621088
3148,213.56220200002824
3149,214.0319558918679
3150,212.9694796061887
3151,214.2026357984757
3152,214.9505056329908
3153,214.82711516276993
3154,214.62599133809564
3155,214.48189144713746
3156,213.69833856196288
3157,214.11209854322547
3158,213.09569754848903
3159,214.33842128216332
3160,213.5915770231318
3161,214.08693511863765
3162,212.9618474178075
3163,213.1698476771828
3164,212.9466786658421
3165,214.52272695299868
3166,211.64796973234527
3167,212.98794926598828
3168,214.0328915899948
3169,214.7728238090553
3170,214.37963861351363
3171,214.67342402543522
3172,215.6497229176633
3173,216.8120368417355
3174,214.9614107650321
3175,216.10502257415743
3176,216.73840333061455
3177,218.30437840194682
3178,219.17029775383656
3179,219.8965245643402
3180,219.51189186908417
3181,219.51643483030742
3182,219.38203068960212
3183,218.5839603932546
3184,219.22665578981446
3185,218.84112294125117
3186,219.1436208376126
3187,220.344863952753
3188,220.25690937987903
3189,220.35047761068063
3190,223.1536806580893
3191,227.3720217165042
3192,230.41171588143447
3193,229.7018913028197
3194,228.49834737478756
3195,228.23882276807086
3196,232.90364140142654
3197,241.2801096815023
3198,249.74472096000457
3199,255.4309122619487
3200,253.35283695422953
3201,252.22093890241013
3202,244.2127456082365
3203,232.12991633270096
3204,224.2786601578438
3205,221.6870982714247
3206,219.25276023572795
3207,217.38578601668118
3208,221.19004486701667
3209,221.20145149720838
3210,224.31779631218467
3211,218.02869238667236
3212,217.9771586098261
3213,213.03734177215213
3214,210.3618245238967
3215,208.82027876622772
3216,209.73202531645586
3217,202.05039452031693
3218,205.09998874792575
3219,204.45026236934308
3220,204.3609505730158
3221,205.7488572272468
3222,207.8806167524833
3223,207.2974014286521
3224,206.33426630473048
3225,206.94354487008155
3226,205.55299791889323
3227,206.83345757324318
3228,206.88807450445265
3229,208.99158919253466
3230,207.28071038866094
3231,206.65858222078438
3232,206.43279089719996
3233,206.2593931042243
3234,204.56078654707082
3235,213.32789384022237
3236,214.1737858479024
3237,215.94603299624464
3238,214.93994289652477
3239,215.68307571133224
3240,213.99846658132043
3241,214.30152145789995
3242,213.88026554522588
3243,213.26719468790006
3244,212.9210304291583
3245,214.06787718533332
3246,213.68861753161798
3247,213.201926457147
3248,214.69536842993588
3249,213.5569686141553
3250,212.8752443775581
3251,212.2388525627506
3252,212.65138853718236
3253,212.390225035162
3254,212.98683840485972
3255,213.80546411187083
3256,214.62806267405568
3257,213.5475075581807
3258,213.17050490271936
3259,214.3741033503053
3260,214.91463123110492
3261,213.31653137881065
3262,215.6212745608238
3263,216.76411763878548
3264,218.58718125430735
3265,217.8947523875162
3266,218.38433733245213
3267,218.9032489451477
3268,218.23284434380244
3269,220.00071730966692
3270,219.01526041153886
3271,217.53691331804967
3272,216.73660670332922
3273,218.21792833729577
3274,218.9794698727416
3275,219.43819798025277
3276,219.2353868013449
3277,221.0523237010479
3278,223.25134321640567
3279,226.65282349962015
3280,225.47559586585132
3281,225.58096457052858
3282,223.93251456064826
3283,228.72841711440572
3284,233.97362019264588
3285,240.72871150626725
3286,250.5587279708578
3287,244.95590303166676
3288,241.37409788557028
3289,246.90352888226303
3290,241.17454581247551
3291,227.29106818789307
3292,222.3992883162917
3293,220.93933810602127
3294,219.3333333333334
3295,218.9348232745891
3296,218.04257443845924
3297,220.59442467545267
3298,217.08755397403638
3299,215.3532679784527
3300,217.33008903078806
3301,213.42649582266748
3302,209.40508875073863
3303,210.75549585788843
3304,201.76945905651382
3305,203.01211004528986
3306,204.62652992318735
3307,203.4339309569011
3308,209.9297880420262
3309,209.68983708955855
3310,208.6456303170923
3311,207.39335293042117
3312,206.58324775262724
3313,206.0724450194051
3314,208.17379991279788
3315,209.03654882320666
3316,206.13081759237156
3317,203.67905956465506
3318,204.84315518478402
3319,202.19333827427963
3320,203.76590177996988
3321,213.46497840534207
3322,213.69041323243974
3323,214.26617814596545
3324,216.8857962616559
3325,219.15623285840883
3326,216.29437412095652
3327,214.0798340015473
3328,214.20874346138692
3329,213.53379091126467
3330,213.41946964901166
3331,213.32425895719675
3332,213.61793580691435
3333,212.65785549490738
3334,214.47161719420112
3335,217.85269835018775
3336,211.9793345994231
3337,212.65554149085804
3338,211.6006383936106
3339,211.5957177423892
3340,213.75765119549936
3341,213.69213679059564
3342,214.57902733424285
3343,212.88039212928462
3344,213.68993348988292
3345,213.46584322773055
3346,218.07736990154717
3347,213.27887846787686
3348,213.65585785830837
3349,214.69150058369306
3350,216.70502109704645
3351,217.59167944192075
3352,218.23616698078712
3353,219.81444444444463
3354,218.73355179882424
3355,218.75673356868592
3356,218.71208157524632
3357,218.17396135129806
3358,219.49533748716598
3359,218.53463480499028
3360,218.45264120419208
3361,218.97385960965204
3362,218.30263435491364
3363,221.3391854821692
3364,220.05722963567098
3365,219.99518980576389
3366,223.2233241893505
3367,221.48957351969304
3368,220.5343253772908
3369,224.5261521580103
3370,230.31284546899403
3371,232.01191011867937
3372,236.35604355410493
3373,240.35534458509156
3374,242.80307099568327
3375,238.16676045242235
3376,243.50084388185675
3377,247.97000717128117
3378,237.33245174722856
3379,225.39875385026517
3380,221.46083629868218
3381,219.12687585266025
3382,219.16561414365896
3383,217.83499296765123
3384,213.91936935669878
3385,215.5103306656915
3386,217.9629113924052
3387,218.51118112008086
3388,216.1845902838336
3389,211.25972235896432
3390,209.76589640089458
3391,208.08497890295368
3392,201.67083925231017
3393,204.89221354716176
3394,204.7463335067565
3395,209.35736086302208
3396,210.0718717028909
3397,210.07282468080342
3398,207.65913246504832
3399,207.83812109616775
3400,206.67208504415322
3401,207.18341772151894
3402,206.91145686793092
3403,205.78516174402245
3404,205.82101298555304
3405,203.1894896118258
3406,213.95682024014738
3407,213.18595198244677
3408,213.4772922263322
3409,215.71513966637588
3410,217.74587546941578
3411,219.12034093786036
3412,216.52722260509984
3413,214.49848768341218
3414,213.50215847570814
3415,214.42344965329045
3416,216.58096872669952
3417,215.9352457287492
3418,212.37169299146257
3419,212.7755549928249
3420,213.13863460591978
3421,211.70961616900374
3422,213.64391829155045
3423,214.73093855047182
3424,212.24255079800315
3425,211.2150303166719
3426,212.34806396714413
3427,211.95472122618295
3428,213.3458259474971
3429,213.62853204686417
3430,214.41421641004004
3431,215.00039390571558
3432,215.66144390216454
3433,211.34854812627424
3434,213.342289999015
3435,214.80517032827916
3436,217.5821319568488
3437,218.31273821746518
3438,217.59100690586362
3439,217.60254012011413
3440,217.7195741149664
3441,218.09311091732525
3442,217.92282591878944
3443,218.17147920505192
3444,218.10094375448313
3445,219.56215980534185
3446,218.14692889901778
3447,218.16982352527594
3448,218.95226307350416
3449,218.39535472616515
3450,218.72681637301906
3451,219.86873233097512
3452,221.0346355668724
3453,219.47223511214233
3454,219.84109257644377
3455,219.75009495941342
3456,224.27292929577067
3457,226.90696758770997
3458,229.35330529099767
3459,238.01064727559145
3460,242.1379033959079
3461,234.48311808896753
3462,235.0885103869253
3463,243.00532924617178
3464,241.4916224695073
3465,228.64030436433706
3466,224.21429274673338
3467,223.3593248945147
3468,221.69213350398732
3469,217.29179032053892
3470,215.27024290074388
3471,215.75567870152878
3472,218.20063855523352
3473,218.77636816270265
3474,216.43092632704136
3475,209.2895540021659
3476,209.43194891773655
3477,207.17997440189035
3478,203.88316291368358
3479,203.24593784730507
3480,204.85508183812357
3481,208.5562806790531
3482,208.81307766976613
3483,209.4828517190466
3484,209.53009184376705
3485,207.45094398019182
3486,207.9071925754059
3487,206.20875411403975
3488,206.13765597962916
3489,207.11323647308683
3490,206.89833368487652
3491,213.14014489848498
3492,213.33328644968898
3493,213.6407032348802
3494,213.80874555197653
3495,215.63844779814042
3496,217.38148215867994
3497,215.2367965794173
3498,214.84805693469647
3499,213.94600602121466
3500,214.18659917035757
3501,214.20503804554195
3502,213.38052698957526
3503,213.0510026155187
3504,212.36563102153318
3505,212.15266660101543
3506,212.0359272175036
3507,212.07265924977838
3508,211.73943136896267
3509,212.4371650796774
3510,214.02809533853605
3511,212.7915676040682
3512,212.1521399738391
3513,211.1003163889475
3514,211.97777215047378
3515,213.3438866932022
3516,214.94857697283305
3517,214.1228440392782
3518,212.24847044262202
3519,211.4263657456233
3520,211.69473713827472
3521,213.360741511716
3522,214.87819800559768
3523,217.50024613566973
3524,216.9174660327996
3525,216.27963825088935
3526,216.42208157524584
3527,217.61010703385398
3528,218.07866606655588
3529,217.8692246023149
3530,217.8017693638445
3531,218.54358772398638
3532,218.51910469598454
3533,218.4202629543694
3534,216.89006877733843
3535,218.09898427168588
3536,218.9087406490801
3537,219.61038833176258
3538,221.85753274341232
3539,220.9657461049552
3540,219.11429134024362
3541,222.17224934231785
3542,224.74130073982377
3543,227.3998734444208
3544,230.5223049111599
3545,234.48664538179142
3546,238.59175982563437
3547,234.31980923708872
3548,232.84887269863114
3549,235.97204527877372
3550,237.3390121407366
3551,234.56550725045346
3552,226.49879745144074
3553,225.50720112517558
3554,223.69445421173268
3555,217.20468642315632
3556,219.73982756438187
3557,222.97779121775554
3558,225.75709925596684
3559,221.85562587904334
3560,220.13641733944678
3561,212.76649460611281
3562,208.98908564114808
3563,206.05748322761204
3564,204.83566576182486
3565,203.79751839398995
3566,205.35456654714184
3567,208.169414048215
3568,208.1858390895148
3569,208.4209038753585
3570,207.93381060211803
3571,207.31106327902955
3572,207.04366167475197
3573,205.7269863148566
3574,206.6920317379924
3575,207.9023474310467
3576,206.07468185333605
3577,207.22281660658206
3578,212.7466589896663
3579,213.35759604968848
3580,212.9990011676492
3581,213.37797003587247
3582,213.355617455896
3583,214.77257252187613
3584,215.5657672612683
3585,213.9234978827568
3586,213.4729400841271
3587,213.11050135787343
3588,213.9700566799342
3589,213.5065627505874
3590,211.48229135885842
3591,211.64008438818576
3592,212.02747531020515
3593,212.37188849958486
3594,212.14603375527432
3595,212.9212036802566
3596,212.1494807643598
3597,212.05748209839203
3598,213.50884669479615
3599,212.88649987335702
3600,213.4089924312766
3601,212.9186779184248
3602,211.40506008499128
3603,213.4000787833599
3604,211.35380244447896
3605,210.98114455373087
3606,213.0422604560866
3607,213.88219409282706
3608,213.8896393544119
3609,212.46966222584874
3610,212.65620471842777
3611,218.1092635577125
3612,214.85397352390876
3613,215.75061547768104
3614,214.26027994654277
3615,215.6541789176034
3616,218.46392245684632
3617,217.3493704719701
3618,216.3139006513513
3619,218.38778610919627
3620,218.73005755132465
3621,217.81689170182858
3622,217.4646605329056
3623,218.19314440097924
3624,218.27205344585096
3625,218.72748758493591
3626,219.08499022049605
3627,220.2599119562314
3628,221.8622033397578
3629,223.70450420026165
3630,227.52345849218528
3631,231.32958748822105
3632,236.41518566986062
3633,233.388419171954
3634,234.20816866148155
3635,233.0016744761984
3636,231.3089205576579
3637,232.59279887482433
3638,232.87050248357178
3639,238.67091991052712
3640,232.8263579196152
3641,227.660636157731
3642,225.21642914421582
3643,219.22769477504858
3644,224.3916633841651
3645,225.39958076587598
3646,224.73861174418286
3647,219.42109335434122
3648,217.27983174362015
3649,211.14347746401432
3650,209.34767317539806
3651,204.6204155705303
3652,204.94846869152968
3653,204.2777981031716
3654,205.30767932489456
3655,207.31886667698333
3656,208.52864198573167
3657,209.04770745428985
3658,208.99236104272472
3659,207.70425091814755
3660,206.01752461322087
3661,207.14052784108503
3662,205.61774969746418
3663,206.7385836076645
3664,208.73035540990992
3665,206.84800635019627
3666,213.41715531181916
3667,213.26182943120335
3668,214.37092918611873
3669,213.9361043928231
3670,215.5408346926152
3671,215.93776277859823
3672,213.68907137634324
3673,212.7158264782397
3674,213.4812449895224
3675,213.22375616819704
3676,212.77727311078027
3677,210.60583684950797
3678,211.80824113255866
3679,211.42091793689212
3680,213.27084388185676
3681,212.96602044115824
3682,212.7093340457848
3683,212.2300389586646
3684,213.18032510264948
3685,213.39580492331092
3686,212.45610407876237
3687,213.30142726569684
3688,213.51046660387206
3689,213.16045232703712
3690,214.4349152780712
3691,212.4348596251989
3692,212.133401780566
3693,214.5184909162499
3694,214.2562736359677
3695,213.31693389592152
3696,215.1919004429449
3697,215.12670847629252
3698,213.55330727262523
3699,213.03134359839734
3700,213.6455740701683
3701,213.33192249282877
3702,215.61943331224106
3703,216.8251729568597
3704,217.2814978345241
3705,215.81878647261522
3706,216.79112998481386
3707,217.2219659357817
3708,214.72562278580696
3709,215.15420094213627
3710,217.7173417721522
3711,217.21333876931328
3712,218.76338657967307
3713,219.23956062502663
3714,218.24446787572103
3715,220.14553891584083
3716,228.37175285860974
3717,232.96912087294038
3718,231.2220379013667
3719,239.73877637130823
3720,239.64129930394472
3721,235.5961030197384
3722,229.978706347309
3723,226.99793292554338
3724,226.36820795433817
3725,227.42338363736107
3726,232.15647674222427
3727,237.07441363406312
3728,233.17561448900392
3729,224.6874639668147
3730,223.85042536736316
3731,225.87641318409376
3732,227.29169654784528
3733,222.9870491457503
3734,216.9597142736621
3735,213.966814781484
3736,207.1732943360143
3737,206.82283874233664
3738,205.10393025381453
3739,204.23802292062177
3740,206.12987159111714
3741,206.74060536193807
3742,208.24530689727948
3743,209.5549648382562
3744,209.1301823396272
3745,209.0244670678895
3746,205.90222359741796
3747,207.43980205814574
3748,207.2099838290097
3749,208.68512397856588
3750,208.09799620333303
3751,207.88358099843973
3752,207.8526796696538
3753,213.3012666070078
3754,212.58663272338583
3755,212.92119439091977
3756,213.4409282700422
3757,212.92030718163693
3758,213.5351195499297
3759,213.17906270218583
3760,213.10378486335966
3761,211.30859699224854
3762,211.7630912874741
3763,211.05661120409582
3764,211.6838299428829
3765,211.66419652398912
3766,212.81391881628193
3767,213.00109730877992
3768,212.62272375729458
3769,213.60674552384728
3770,212.35944402239664
3771,213.35701828410708
3772,213.75833509104993
3773,213.39051531308473
3774,213.8767194576502
3775,213.108583159908
3776,214.10614501561568
3777,214.7289132055306
3778,214.03383252478406
3779,213.09050111139257
3780,213.74229254571048
3781,215.23488715460888
3782,216.8913242266083
3783,215.2597541421702
3784,216.3302672292547
3785,215.44325517939788
3786,215.0355701205363
3787,214.5946721426765
3788,215.62281293952168
3789,214.44048439499872
3790,213.37554677280997
3791,215.17819066640422
3792,213.75747900814378
3793,214.8420230945585
3794,215.49500576798638
3795,212.527778949589
3796,214.90577794030798
3797,215.7254758521728
3798,218.1026084511004
3799,216.5918507995895
3800,217.53750597901026
3801,217.52470611395495
3802,218.71065697126556
3803,226.1360100164597
3804,241.56392584882852
3805,241.37080263231923
3806,239.00665428659863
3807,250.68045964078271
3808,243.63417000632822
3809,226.9997186387744
3810,223.0991856425549
3811,223.28602564823709
3812,224.75658033566393
3813,227.7621452080229
3814,236.7199960618296
3815,235.27245108932618
3816,226.49245418360326
3817,226.26472946173664
3818,222.83959212376948
3819,219.51704689302116
3820,221.1372452495817
3821,216.224672639559
3822,214.2135332423805
3823,208.39885791442802
3824,204.99074542897338
3825,202.59727418492798
3826,206.5032138286054
3827,209.80062743553316
3828,209.08857608909645
3829,209.1945596984488
3830,209.35268629630164
3831,208.89531188480817
3832,207.96689077048595
3833,207.33424306796286
3834,205.69722280812786
3835,203.0009986075755
3836,207.49496356320861
3837,207.01026737366232
3838,208.66102791253616
3839,208.37862011093134
3840,212.56973636082282
3841,212.7485264120419
3842,213.2389071776258
3843,212.31619819363559
3844,213.12905857858308
3845,211.80614211555508
3846,212.90962677433436
3847,211.66543776208036
3848,212.6394514767933
3849,211.99523092722598
3850,211.76718824754445
3851,212.14090014064718
3852,213.406581039067
3853,213.5924127935609
3854,212.61182841068927
3855,212.6662915183659
3856,212.60336579051045
3857,212.4567899497771
3858,213.24046413502126
3859,213.97437629279395
3860,213.04444100558496
3861,213.27748241912815
3862,214.4617960768862
3863,215.88866536302623
3864,215.530112517581
3865,214.93793093743832
3866,214.86964534417513
3867,216.13666474451844
3868,215.78448203078813
3869,215.5000562730367
3870,215.30351842212622
3871,213.60600689315606
3872,213.74360597619653
3873,216.15926676233076
3874,216.35162129844534
3875,215.26381835319276
3876,215.16296671449888
3877,215.63837150413596
3878,215.8416780383496
3879,217.79625226847503
3880,215.25318717811606
3881,214.48990154711683
3882,216.16912623271386
3883,214.83373202375245
3884,215.7045991561182
3885,216.55757354079026
3886,217.4822913588583
3887,217.54645569620257
3888,217.78236709199112
3889,218.70675559683116
3890,222.5871305375407
3891,229.39755274261606
3892,237.28584293694686
3893,231.59312353164626
3894,229.63073136427573
3895,225.1831677595474
3896,221.57769086842157
3897,220.4281153305206
3898,221.03731742324027
3899,221.23553079541958
3900,228.13453287002525
3901,230.78265151088837
3902,222.90949888860752
3903,221.62951239413658
3904,219.16423999437274
3905,218.96194535888145
3906,217.02896654567962
3907,209.7550678764859
3908,210.18642994808886
3909,206.02971216341703
3910,204.41564909121593
3911,206.78570122251463
3912,211.06655506161732
3913,212.26041989136843
3914,211.16639943741225
3915,209.55657470843957
3916,210.59943433661184
3917,208.98209563994402
3918,209.65724575496273
3919,208.4158751600602
3920,205.71261603375538
3921,202.9942320137307
3922,206.2443575167444
3923,205.77201299888884
3924,205.602306610408
3925,208.000457598887
3926,211.86042227319544
3927,212.80257607289485
3928,211.77985263513133
3929,212.09120438726018
3930,212.2128611023802
3931,212.33882670566396
3932,212.2055936779346
3933,211.90729957805897
3934,212.16995402848258
3935,214.67248822330035
3936,213.29715893108283
3937,211.24860115281882
3938,212.65270336778457
3939,213.94007032348793
3940,213.00958807816673
3941,211.82573296772833
3942,212.66120956399416
3943,212.89526822751876
3944,214.40348090143544
3945,213.2501125175807
3946,212.99503620895732
3947,213.11510993645615
3948,212.8968073136425
3949,216.3862227034324
3950,216.74267558904586
3951,213.27403271402645
3952,214.70688733899553
3953,216.2541648507683
3954,216.21446955738998
3955,215.97488610158067
3956,215.05710468958725
3957,214.05901625513235
3958,215.6184068058779
3959,215.46537298741484
3960,214.7739608526913
3961,214.66152007312098
3962,215.51939815791323
3963,216.5184560219362
3964,215.51828728116433
3965,215.17389898194494
3966,215.1196061884668
3967,216.7935780461404
3968,217.2864233987204
3969,215.66458509142043
3970,215.97290913947504
3971,214.0669057160936
3972,215.02752461322075
3973,215.2618830045972
3974,215.76732053715818
3975,217.05109632775898
3976,216.95026435682547
3977,218.61215222617426
3978,223.03727092445934
3979,221.55421500386694
3980,221.1177669684532
3981,219.84918636868662
3982,220.32479329546092
3983,220.12507732103705
3984,220.26511582115558
3985,221.6224565844057
3986,224.87456935948816
3987,227.367039302538
3988,223.459720171553
3989,218.69448077058286
3990,215.12289952893198
3991,214.0384728960136
3992,210.45235182450958
3993,204.02322997961033
3994,204.81477887928003
3995,206.71267665049572
3996,206.76713022202838
3997,210.02844688181102
3998,209.0456296754598
3999,209.5954627923656
4000,210.15984367092167
4001,208.85162270093932
4002,206.87523382230899
4003,209.35346051651177
4004,210.9828308678777
4005,212.64253164556942
4006,210.4241329378189
4007,207.71494459755888
4008,206.67528832630074
4009,206.99145046755257
4010,207.00673414874174
4011,208.08404302050425
4012,213.0864709770884
4013,211.37750179327418
4014,211.82706132267904
4015,211.13700151864566
4016,211.47867058608418
4017,211.95637494196922
4018,211.1420094213599
4019,211.37022674713737
4020,213.25135405089816
4021,215.49671658581173
4022,213.52445182070076
4023,213.40101851330803
4024,212.13873417721524
4025,211.33135062926257
4026,213.24019807830277
4027,213.45284743807937
4028,213.5857331683446
4029,213.43637719285903
4030,213.3547869871588
4031,215.08480629965564
4032,214.2416611566759
4033,213.96485232067516
4034,215.07755044646
4035,214.35346501223924
4036,214.01250369203504
4037,216.01203938115336
4038,213.14765119549924
4039,214.53105572589953
4040,217.26658602793282
4041,218.02902953586494
4042,216.20904654073902
4043,215.50950800303812
4044,215.3971223223955
4045,214.56084559340627
4046,215.19989029381566
4047,216.89586967531355
4048,217.6072699149266
4049,216.56915806351802
4050,216.46923271714348
4051,217.28724900163118
4052,215.81576134349777
4053,215.74218508201778
4054,217.63933066160456
4055,215.64268133166433
4056,215.40933837907792
4057,216.35483417255054
4058,217.44662869999303
4059,217.02999352860067
4060,220.21191577940616
4061,220.66662448147383
4062,219.26960411918617
4063,217.61159244985797
4064,218.23060914562123
4065,218.7281065796322
4066,221.75411403977623
4067,224.9689442741005
4068,234.93492172885692
4069,225.73767563538155
4070,220.09749922641993
4071,217.88448501385383
4072,215.56510731666154
4073,208.12472924695498
4074,206.10576652601972
4075,209.13252130861622
4076,208.3845537145912
4077,207.64455196275608
4078,209.2963994374121
4079,207.28155503671
4080,208.93310448643086
4081,207.62234409055745
4082,208.42794452727233
4083,207.91742048028357
4084,208.67168670463343
4085,208.50862881334476
4086,209.95009988464022
4087,208.980960683953
4088,209.02676549599863
4089,207.9258743423087
4090,207.21820585670494
4091,207.84312732897425
4092,208.57347645039664
4093,207.27695694509126
4094,211.4997116047435
4095,211.30468607121225
4096,211.63880563411954
4097,211.57667262063788
4098,213.02702474571956
4099,211.71013269168486
4100,211.86664041293335
4101,211.94766607579967
4102,212.33966060674229
4103,213.16909985935285
4104,213.1292151428608
4105,211.91305265527785
4106,212.94492431489462
4107,212.59105485232033
4108,212.5096880408624
4109,216.0113671534282
4110,215.34447257383948
4111,213.6445979793427
4112,214.0882642581805
4113,214.314679118437
4114,215.48007485998892
4115,215.415964435941
4116,215.11154711673674
4117,216.14995497270183
4118,218.34883655496444
4119,215.90767131381602
4120,215.69838500928446
4121,214.8737532180688
4122,215.5697705499202
4123,216.89246676513997
4124,216.01934358426047
4125,216.70201032595676
4126,216.27638742350672
4127,215.89173067724568
4128,216.1502046902912
4129,218.4221368567686
4130,217.5792827004218
4131,216.3424025435053
4132,217.042833422452
4133,217.64949860058215
4134,218.73809121859242
4135,218.83601390237348
4136,218.1616033755273
4137,218.07446224835752
4138,221.1373793375168
4139,220.04787428603558
4140,217.62893108298147
4141,214.66481861931132
4142,215.03965786474936
4143,217.62870604781986
4144,219.48077897225147
4145,218.74290256323656
4146,217.65368062783028
4147,218.96162721976702
4148,219.98600247594376
4149,224.0223826003766
4150,232.62886684954586
4151,228.92490468888445
4152,221.17907235203884
4153,220.36072307800492
4154,213.41536535269105
4155,205.37938747661158
4156,206.26266107703523
4157,205.72530703543688
4158,205.00505050505024
4159,204.24890270665657
4160,207.60827483364486
4161,205.9817393995664
4162,208.5814513065131
4163,209.97947960618814
4164,210.0576931193108
4165,207.91806208313346
4166,209.1302653971108
4167,209.9060956909525
4168,208.4890524301348
4169,209.27206751054825
4170,209.23900565543977
4171,209.52040299431465
4172,209.1218170563572
4173,208.81796573935998
4174,208.0717079897555
4175,206.85111515927338
4176,211.9574632526584
4177,212.03312897238342
4178,215.84523206751072
4179,213.35746720839046
4180,212.09052942417253
4181,212.96022559457694
4182,210.9273312620379
4183,212.41326021233198
4184,214.22631504922657
4185,213.24001124701283
4186,213.8081725631367
4187,213.96239152754544
4188,214.03764272456294
4189,213.99249272469137
4190,213.703206751055
4191,215.16178021514492
4192,216.03315010333083
4193,216.14039381153324
4194,215.11027209449517
4195,215.75089273161848
4196,215.32852320675133
4197,215.7386804657183
4198,216.44034246671663
4199,217.8131504922646
4200,218.75867257259407
4201,217.1869647753642
4202,215.35084931660975
4203,217.53599752517053
4204,217.18451803417034
4205,217.5761653659567
4206,216.60681993953494
4207,214.97478731631907
4208,217.292606445807
4209,217.2928355480564
4210,217.90491457498456
4211,215.0566244725741
4212,217.29136382168153
4213,215.76060239608557
4214,215.3189406618756
4215,217.67229017292325
4216,219.11643113267277
4217,217.8242194092828
4218,218.3585587358717
4219,218.57057483548044
4220,220.18097046413533
4221,221.1430499894542
4222,219.18722058203326
4223,218.29200714476613
4224,216.1972551887061
4225,216.90607470723066
4226,216.12385372714513
4227,217.68853265837055
4228,217.18356014170877
4229,218.7806641256806
4230,220.56513302210502
4231,221.76381916613965
4232,224.34454053293982
4233,234.75009491668453
4234,219.3118566848534
4235,215.91061208993654
4236,211.8977852773681
4237,204.57093440202516
4238,206.10636143765132
4239,205.3695230327919
4240,204.3500899938132
4241,204.37736406203882
4242,206.28932011530654
4243,208.24290234127844
4244,210.88151898734208
4245,211.78357138840497
4246,209.76736272235144
4247,208.73371308016903
4248,209.98775498727724
4249,210.819573929551
4250,209.53706698921266
4251,209.63623455314882
4252,209.06049356675842
4253,211.37634317862174
4254,208.89698375870108
4255,208.51848675701538
4256,208.36986821563698
4257,207.99797511073638
4258,208.50187255331457
4259,211.36923753297305
4260,214.69545281930843
4261,214.92984257839433
4262,215.4919568029698
4263,214.49546407122486
4264,214.7361957148685
4265,214.57030162413008
4266,214.71310426306982
4267,215.02190397141382
4268,214.86253251775315
4269,215.16830290584835
4270,214.03953180833406
4271,214.22201437432335
4272,214.07438655698542
4273,213.60448496103103
4274,214.94978761709203
4275,214.8280109681503
4276,214.58431692528458
4277,214.7331570508314
4278,215.4922942797686
4279,215.0872079118777
4280,214.84995780590737
4281,215.3574391495705
4282,218.39126092033257
4283,217.12115500921269
4284,216.93968972840716
4285,213.4784669479607
4286,216.42498488023753
4287,215.1028143855751
4288,216.96566759026152
4289,217.6412607772262
4290,216.00731374562267
4291,217.9901123785145
4292,216.68606711862515
4293,216.61080480463616
4294,217.12783647285568
4295,216.1320396540816
4296,218.0685532645084
4297,219.4029290115641
4298,218.62421430078058
4299,218.23226768308993
4300,219.05751104358347
4301,218.44966603388903
4302,219.28011645733432
4303,220.10324550173752
4304,221.28751459232922
4305,219.1935316037406
4306,220.1571824486867
4307,219.99789026568595
4308,218.99625963215044
4309,217.02018766793753
4310,215.54100620261903
4311,216.64892076214605
4312,216.56519843000444
4313,216.77354430379776
4314,218.04617505168858
4315,221.42657421342082
4316,232.33221750260233
4317,223.96254518347655
4318,218.01135037061002
4319,211.11885003797596
4320,205.57219612366038
4321,206.12150663159832
4322,205.7800250355139
4323,204.14809136684593
4324,204.0460062729434
4325,208.77193772064317
4326,210.26804877705754
4327,209.81680312878086
4328,210.9282711101739
4329,210.36480119270323
4330,208.63408972609486
4331,210.6365656111145
4332,210.9746831882307
4333,210.416808519618
4334,209.70619832386538
4335,209.97452847438092
4336,208.8098842198557
4337,209.710600711684
4338,206.42099416438182
4339,208.81901439162678
4340,208.1893275573497
4341,208.57907614427353
4342,214.59463637695066
4343,213.75953677515565
4344,212.5662386250158
4345,213.6210767694104
4346,213.02850830906036
4347,212.7776230661042
4348,215.95394116736762
4349,214.9010792632304
4350,213.48042194092832
4351,212.36341127148927
4352,212.27562722501298
4353,212.87102401418062
4354,213.4453305203939
4355,214.0274529669184
4356,215.2460503917956
4357,214.76124840011815
4358,213.28042551395149
4359,213.37754456058414
4360,213.8576793248946
4361,213.73140460979917
4362,214.66790934541316
4363,215.2897427602987
4364,217.2307854670305
4365,217.9134110828186
4366,215.94716036183064
4367,215.23468009678678
4368,216.4597020384621
4369,217.78098842198557
4370,217.639069819788
4371,217.83437438451364
4372,217.9750432592884
4373,218.0819441513679
4374,216.14152668748775
4375,216.70326238341093
4376,216.75798894001426
4377,216.98933895921243
4378,217.94448743018717
4379,218.25891060548472
4380,217.49441631504928
4381,218.36141357868368
4382,217.3239337526558
4383,217.3016272626264
4384,219.4801496862777
4385,220.09547328577239
4386,221.77222401980788
4387,218.50336146272852
4388,218.916051050417
4389,219.9511556912341
4390,220.29341772151912
4391,217.38825880167715
4392,215.9505514602442
4393,215.91334861675642
4394,214.85333352095222
4395,214.8477132366388
4396,215.03154014968212
4397,219.38444657025485
4398,223.08623721564945
4399,223.21905378219822
4400,216.30347194868037
4401,210.77626155339556
4402,205.62028895797886
4403,206.57597242737583
4404,206.42458006246318
4405,205.8555230431604
4406,204.4677358092425
4407,208.847331251231
4408,210.4624734465345
4409,210.38131622271942
4410,210.10634317862164
4411,210.82635791961522
4412,209.62760493618688
4413,210.5172573839664
4414,210.0366050954519
4415,209.31322554772248
4416,210.12497714518796
4417,209.3593455445824
4418,209.0949385790872
4419,208.44798334341564
4420,207.7501125175811
4421,206.1995440921947
4422,208.8280460869688
4423,208.46786828171471
4424,213.8255113812215
4425,212.97196130266042
4426,212.5894258628935
4427,213.39292095156355
4428,214.5651409688532
4429,213.74595985878835
4430,215.61129946682038
4431,215.51219134934462
4432,212.90312100029533
4433,212.1756844208096
4434,212.56682137834036
4435,213.11506714476548
4436,213.50529662507202
4437,213.2811471490055
4438,213.40674391135607
4439,212.92268193520226
4440,213.69242454077474
4441,213.57779652675245
4442,214.4628457274695
4443,214.05689250200425
4444,214.20371229698378
4445,216.72237071633535
4446,218.76379082393316
4447,218.45095501983184
4448,217.18579465541484
4449,215.94163068397583
4450,217.2942094825524
4451,217.1272328335536
4452,216.60905216669715
4453,216.88359728825003
4454,217.69997187060468
4455,217.60115615066525
4456,218.49612512130972
4457,218.28371059184312
4458,217.65219714546865
4459,218.02547152561914
4460,216.41401479980848
4461,218.40424664276176
4462,217.38230329967084
4463,218.04536885937745
4464,217.55988807019523
4465,215.8211929844302
4466,219.91757522895747
4467,218.75703957917239
4468,218.52841835873784
4469,219.62494020989823
4470,219.27662836326797
4471,219.63791042677354
4472,217.8771295527761
4473,216.82026470133198
4474,216.90545025029527
4475,215.14357863342826
4476,215.84699991560953
4477,215.45852320675095
4478,215.87579465541475
4479,220.76698687745252
4480,220.8169031913249
4481,215.92584987130604
4482,209.93859266656347
4483,208.3423724999296
4484,213.16661275123406
4485,207.22792483614163
4486,205.65887002630143
4487,205.13616033755264
4488,208.8305485232066
4489,209.8107849618139
4490,209.07885259278004
4491,210.06264413071602
4492,211.59485498888859
4493,210.79386069805693
4494,209.19735639457215
4495,207.46225685312035
4496,207.83704964618818
4497,208.32452612632872
4498,209.4079382269793
4499,209.8873273121181
4500,209.113897523172
4501,207.8800534345779
4502,207.91373586179722
4503,207.41544734595334
4504,212.651283312833
4505,212.77434592512407
4506,213.3328083694246
4507,212.5689934037495
4508,213.69518212874848
4509,213.41992547282572
4510,213.50704641350197
4511,213.9690711504126
4512,213.37975110736136
4513,211.9604224975738
4514,212.6897322684066
4515,212.7963616426032
4516,212.4672151898733
4517,213.6386697602476
4518,214.9891710441304
4519,212.62763713080147
4520,212.75081556892968
4521,212.80403762072814
4522,213.7648696924093
4523,215.03903536525354
4524,215.31359041768008
4525,214.97917018284096
4526,215.50082965379522
4527,219.0622090979401
4528,217.9461583891107
4529,216.29620619832394
4530,215.784475848977
4531,217.63485010405512
4532,217.26242002390504
4533,218.22843603228625
4534,218.49596433995148
4535,218.75217953765684
4536,215.3028573035604
4537,214.44126582278466
4538,218.01970983523606
4539,217.33784239833517
4540,219.18458249532335
4541,219.28058090002963
4542,218.28760458412435
4543,219.28952180028108
4544,218.40359904400412
4545,220.14373699308166
4546,218.8069225467995
4547,219.34726362562583
4548,217.60557281635295
4549,218.38337552742604
4550,218.33641285242211
4551,218.77001588618197
4552,219.00488038142913
4553,218.12211035491316
4554,217.90201315863476
4555,220.87710267229238
4556,218.49915630800388
4557,215.17856741099055
4558,212.03699589403217
4559,216.55705547352883
4560,217.98647261477896
4561,216.70136115642035
4562,207.76833298179017
4563,206.8474042409584
4564,211.8449012880364
4565,207.63142796878296
4566,205.68349855867262
4567,205.2232268406547
4568,208.30341976489117
4569,210.71669830556147
4570,209.85458713660833
4571,210.42349434853514
4572,209.70057371055748
4573,211.41999409291006
4574,208.87679071009828
4575,205.99094424523665
4576,207.44092040675662
4577,208.51987178586003
4578,207.88821081050676
4579,208.44502264352616
4580,208.64738803346702
4581,206.33134638905685
4582,205.4212798874823
4583,206.17257113339946
4584,212.0392637829242
4585,212.03830188413718
4586,212.8443903742562
4587,211.92109224427747
4588,212.74659124488113
4589,212.83735812435813
4590,213.57217618839914
4591,212.8975895985476
4592,213.5193457194693
4593,213.28186767581533
4594,213.55111373773997
4595,212.7790329614673
4596,213.43491469640907
4597,214.49848028593098
4598,215.04524352156645
4599,213.36795172927887
4600,212.96776236174782
4601,212.00825795197147
4602,213.76440225035142
4603,214.6845045450703
4604,215.64493120621242
4605,216.5661884669479
4606,214.87553998339564
4607,215.9004529979459
4608,217.86882755127863
4609,216.77988014180383
4610,217.2167606882094
4611,216.07865453061893
4612,216.98114906307995
4613,216.09037322566553
4614,218.69714277675382
4615,218.71297338360225
4616,217.31593089671063
4617,217.70249852283246
4618,218.03485492359184
4619,218.91563994374107
4620,218.23220741949532
4621,217.17883124375555
4622,218.40934726656425
4623,220.0268137248004
4624,219.59790057269868
4625,219.59096215243096
4626,219.90288817298065
4627,219.90722839011036
4628,220.66156464977539
4629,220.14681931337097
4630,217.39566887584922
4631,216.7791033017737
4632,216.76204272795033
4633,216.76064840221179
4634,216.1298482056186
4635,216.50160337552728
4636,214.9673683618042
4637,219.89915871810007
4638,217.8790833122307
4639,214.89608215516597
4640,211.94195517915642
4641,215.66389994794798
4642,217.77718224660595
4643,211.1366149430945
4644,206.1818859642948
4645,212.76481346013128
4646,207.80930474663023
4647,204.5577986297705
4648,206.71530864892196
4649,208.09524211474027
4650,210.5210601840124
4651,210.46591244881535
4652,209.5659634317859
4653,210.1282462508086
4654,208.17480933216956
4655,209.72238709405156
4656,209.0400664021829
4657,208.79965930522602
4658,209.78625722680337
4659,208.1395551679018
4660,210.15101242489428
4661,212.615345657128
4662,208.89915611814305
4663,206.833565508604
4664,207.10082428326467
4665,212.9547916577814
4666,212.18944007651336
4667,212.4832660411071
4668,214.31122829220297
4669,213.1811162058008
4670,212.8293825527906
4671,213.1864137465553
4672,212.9177754648516
4673,212.15529951323836
4674,212.5515151515155
4675,212.1821263308911
4676,212.69103723815832
4677,213.81672034768448
4678,213.19857697283345
4679,214.54268953195586
4680,213.00312240678522
4681,214.2022358152287
4682,214.8464308826427
4683,214.85387980140396
4684,214.18978851454
4685,213.47574632115038
4686,213.53230003234955
4687,213.913450045701
4688,214.52786922146268
4689,214.93502018312526
4690,217.2802571062888
4691,219.53427566807332
4692,217.65161254026123
4693,216.95059002236343
4694,218.4888395054785
4695,216.31281733920338
4696,216.29055260974184
4697,218.14851123081914
4698,217.9919689447114
4699,218.17094473902625
4700,217.5463190917661
4701,218.8159038177604
4702,219.1861488909833
4703,217.64126443734798
4704,218.31465050550534
4705,220.0106330609435
4706,219.32359809797146
4707,218.85765309709674
4708,220.08084501891753
4709,220.71558600509292
4710,219.87460793001148
4711,218.8733319271605
4712,217.24970808772852
4713,215.92936609516343
4714,213.62903747451352
4715,213.39443178301136
4716,214.02230692414844
4717,212.70387817087612
4718,210.07835910133244
4719,214.48587864637574
4720,216.31816199946584
4721,208.76839662447276
4722,211.02936750165304
4723,212.43234690146022
4724,213.34550415617684
4725,210.89622920153624
4726,204.9390427432175
4727,212.35411187217844
4728,214.93831050099885
4729,209.99521793555502
4730,207.43108298171612
4731,208.26321045303058
4732,210.10088749490177
4733,209.90567364911456
4734,209.67527701220567
4735,207.5740165121875
4736,208.50088630032937
4737,209.77110314279722
4738,208.18275918905556
4739,207.75429765134248
4740,212.08943066556023
4741,211.43598362846208
4742,213.15733670814907
4743,210.12821631051048
4744,208.09372637944062
4745,213.31668113043818
4746,212.36206532896503
4747,212.96471911692365
4748,212.53547724843943
4749,213.15793248945155
4750,212.95415500977094
4751,213.3021162905155
4752,213.68353469008886
4753,212.61766855986093
4754,212.51117891894958
4755,212.36486125370965
4756,212.08630554891704
4757,215.08548126274377
4758,212.9052039381154
4759,213.2739046065586
4760,212.45085827557642
4761,212.12379572720508
4762,213.85814525768149
4763,214.12579606641276
4764,214.53426160337565
4765,214.16246695539715
4766,212.92322508083828
4767,213.7328870198732
4768,213.8240174365467
4769,213.89117415509227
4770,212.52309423347404
4771,214.68402328589949
4772,214.13902833438823
4773,217.65607818322442
4774,217.4833792676756
4775,216.80544188989677
4776,216.3824683268417
4777,216.06842438304176
4778,216.5894454131281
4779,216.8771426562611
4780,217.90488778896471
4781,217.9402789886662
4782,218.7957131404622
4783,220.27425454443244
4784,219.07615726418817
4785,217.89122362869205
4786,219.77112651305356
4787,220.02214722632365
4788,219.33925934260688
4789,221.36082720614098
4790,219.42567672080455
4791,218.76539007890187
4792,219.14282500175796
4793,215.49242253837954
4794,215.51600562587925
4795,214.233621598819
4796,213.79098833122484
4797,211.150759493671
4798,209.42945932644338
4799,207.7371084743858
4800,206.2189732770746
4801,211.42150852128938
4802,212.5716093651132
4803,211.34161088925146
4804,211.94770442241463
4805,210.24211488434253
4806,206.057160132741
4807,210.99791886381234
4808,206.39166994769124
4809,207.06271443838247
4810,209.07961640137262
4811,206.20379666737
4812,208.4111732943362
4813,208.1568326911721
4814,208.6366218572476
4815,208.744106891702
4816,208.6843052353374
4817,209.35782886873398
4818,208.47561918960358
4819,208.75313154602108
4820,214.73551184189313
4821,211.159462476199
4822,213.19495470735066
4823,215.39093735492318
4824,214.22140314843207
4825,211.98477493069913
4826,213.4891420534459
4827,212.49447828594742
4828,212.63720151406412
4829,213.28700421940945
4830,212.36321816442515
4831,212.34618036500757
4832,212.79548523206756
4833,213.05879125517015
4834,212.74605653819623
4835,212.12503516965845
4836,212.73240506329125
4837,212.64577997917416
4838,215.15503003531086
4839,214.06423347398027
4840,213.82992106040768
4841,213.61214355049734
4842,214.0382273104459
4843,213.39200180114247
4844,213.6363495681045
4845,213.75937047298916
4846,214.38500288460173
4847,214.08526771897246
4848,214.17379927407788
4849,215.46217908138144
4850,216.98954757751386
4851,217.10216369826398
4852,215.82600866580367
4853,215.26016065725986
4854,216.9685578830381
4855,217.16892690338182
4856,218.03798376545726
4857,216.6474965884951
4858,216.93688965187275
4859,217.80284106891705
4860,219.64053289816124
4861,219.18351696286587
4862,219.08253164556953
4863,220.24612073210187
4864,221.04827838518563
4865,219.14673699015478
4866,218.4936692833629
4867,216.24188441892852
4868,215.44663280953247
4869,213.9487904360056
4870,213.57204570399338
4871,214.14246725658734
4872,210.8277098774983
4873,207.29727295753239
4874,206.9454292225881
4875,207.66229729539668
4876,208.7808234598824
4877,210.20895585380262
4878,210.1744042092233
4879,207.04605753675176
4880,207.47836301736027
4881,209.49312062125435
4882,208.99570936203133
4883,211.61537920459173
4884,209.8491179201487
4885,205.72766023296387
4886,208.10773169770974
4887,207.88407917504898
4888,208.74586404816841
4889,210.16987183996181
4890,208.06000028136128
4891,208.9331194506592
4892,209.25362869198315
4893,208.80878691107588
4894,208.44912547314493
4895,208.69786216596344
4896,209.33665357364367
4897,213.27489912410206
4898,213.101492285405
4899,216.0530949802388
4900,213.00728725574308
4901,213.49590100541374
4902,213.3326816506793
4903,213.72014405694736
4904,212.89727905505177
4905,213.28588708543137
4906,213.564987409085
4907,211.90625043942902
4908,213.8684913780979
4909,212.97040038265652
4910,213.85622863893997
4911,214.09661679509534
4912,213.52924791086343
4913,214.05502187091238
4914,213.72145508746272
4915,213.82641419186004
4916,213.76085121944362
4917,215.28451100330463
4918,214.07323935736167
4919,214.84064249345965
4920,215.1009351051114
4921,212.84674254041028
4922,214.02317927367858
4923,213.97966187515823
4924,212.48978185347178
4925,217.0289318968185
4926,217.9816028580269
4927,215.678209257514
4928,215.42854329878048
4929,215.73586126387158
4930,217.92437412095626
4931,218.76156118143456
4932,216.80884131761792
4933,215.54103711206767
4934,217.07670674260012
4935,220.20990449935994
4936,220.88475282068592
4937,219.44541939112693
4938,218.65989676366755
4939,218.8545904729746
4940,215.9728889826339
4941,213.25059424183178
4942,214.3799642671241
4943,211.76384708430615
4944,212.47201754879347
4945,213.31004600256023
4946,210.79933613693575
4947,208.13740930311045
4948,207.23459898991294
4949,207.7755945934541
4950,208.3506011390001
4951,208.440696087672
4952,206.77162829294366
4953,205.74798165911838
4954,208.2172463747729
4955,209.2692302282732
4956,209.0349512651373
4957,208.1006765214699
4958,207.80579192393697
4959,207.96209510682286
4960,207.5168917018282
4961,207.02936750165262
4962,208.92675105485233
4963,208.80028129395197
4964,208.05066104078765
4965,208.99452875567874
4966,209.51024858264265
4967,209.79437530760026
4968,208.84600345996424
4969,208.0273061069453
4970,207.27283976657526
4971,208.30004920305942
4972,212.9451888773192
4973,212.63811237977376
4974,213.6694701902925
4975,213.2556269418396
4976,213.18519299725796
4977,213.0792405063288
4978,213.08260814553435
4979,212.84000562469228
4980,212.0994092827002
4981,210.59768030366925
4982,212.98143851508112
4983,213.10058930254107
4984,212.77634816845946
4985,213.44167803067566
4986,213.90005625879016
4987,212.37391023117138
4988,213.60175448462027
4989,213.3365541490855
4990,214.60018280250287
4991,215.79901871195392
4992,215.78197212416111
4993,216.83760106869144
4994,215.16776325038654
4995,215.61534458509107
4996,216.2342932673377
4997,214.60896282130582
4998,214.5207407615724
4999,213.36269422765932
5000,215.2983196231454
5001,215.00478085408517
5002,213.84215706953506
5003,214.6992195739295
5004,216.2958546599919
5005,216.86076269756433
5006,216.8936104392821
5007,215.75478199718677
5008,215.10809632930784
5009,217.08418758349123
5010,218.0097606255799
5011,217.96888838902845
5012,219.08197989172447
5013,215.0378199718702
5014,214.7344514423885
5015,210.82908206310816
5016,211.78834036568185
5017,212.2654292343387
5018,211.4723885842822
5019,211.34164076454604
5020,209.24993320677765
5021,207.4672430760579
5022,207.72514767932464
5023,207.05567039302522
5024,209.06234974905442
5025,208.98821378340338
5026,207.19242072699134
5027,208.68916543626509
5028,208.36158724355613
5029,208.22955775856002
5030,207.40518877873842
5031,208.65257681220547
5032,208.1411516557687
5033,207.57368243433248
5034,207.49145749841787
5035,206.2239471278912
5036,209.86718695071346
5037,212.37201192418
5038,208.77250931589666
5039,209.12266047950493
5040,208.7930661040785
5041,210.8061491311927
5042,208.35672703751607
5043,206.97980309423318
5044,207.71897776547667
5045,215.74690150950306
5046,214.23209410970077
5047,213.3197890295358
5048,213.66177567069496
5049,212.75766189176247
5050,212.85332133162697
5051,212.7606145015616
5052,212.72648730793034
5053,211.98839662447259
5054,212.3875837037871
5055,213.01463428362362
5056,213.74898711383716
5057,213.13784810126597
5058,212.85099976078908
5059,213.65455875525797
5060,216.11482419127995
5061,217.2501160876355
5062,217.57777527678908
5063,215.71959606756596
5064,216.44334843666445
5065,215.30460166284493
5066,214.31436005625883
5067,213.1663805476598
5068,215.71857854309113
5069,213.84133817281452
5070,215.1727931349793
5071,213.94218270826886
5072,214.66975226144086
5073,215.1377947217376
5074,216.15546614521054
5075,214.4254463092442
5076,215.98370941421416
5077,216.6033228760745
5078,217.60127739793475
5079,216.37482411211786
5080,213.7785654008441
5081,216.89235270947052
5082,218.3924943010721
5083,219.32779668645045
5084,216.03913789707664
5085,215.0656132155118
5086,213.08912798874837
5087,212.88224867054953
5088,212.40428046772755
5089,211.58555491467723
5090,211.69686783589546
5091,211.5470689218472
5092,211.30509404498966
5093,207.85313642756694
5094,207.85399693247203
5095,207.8942911004193
5096,209.90901547116738
5097,209.29549579973818
5098,208.35875467769623
5099,209.68493169956255
5100,208.9951606549996
5101,206.5911540030669
5102,207.8757790188934
5103,207.6907223746218
5104,207.21127414431027
5105,207.49199516051883
5106,206.51479215024267
5107,206.92166793280995
5108,209.14848629790112
5109,209.60730966180853
5110,210.07682460187954
5111,209.4721870515743
5112,208.02306241909147
5113,209.72808720112522
5114,208.1325933428998
5115,207.7227049546197
5116,214.4715603623203
5117,214.72325911756883
5118,215.41685072380199
5119,214.24953947831
5120,213.51302427635113
5121,213.41435243802948
5122,213.3790426908155
5123,212.9030379746838
5124,214.28459687970425
5125,213.5641425859526
5126,216.50134319751365
5127,213.63699285352564
5128,213.420548523207
5129,213.9050846504307
5130,214.31583241889658
5131,213.85871812543112
5132,216.85668485291663
5133,218.36157731103089
5134,217.12024079101005
5135,216.85410748938367
5136,215.74774204439962
5137,215.29439646684895
5138,215.48656401603068
5139,215.17268788160163
5140,215.04592252946676
5141,214.72726377675923
5142,215.05135093320598
5143,215.9893810039525
5144,214.05250425463112
5145,214.42341772151912
5146,214.5279680445579
5147,214.73996821333674
5148,215.54130801687788
5149,217.83060478199747
5150,218.12285686155954
5151,215.61907910470862
5152,217.89452295577635
5153,218.28705448817155
5154,218.04923752180525
5155,219.93919793014274
5156,216.68799403640082
5157,217.72165949185455
5158,211.03431062363816
5159,210.74467995330494
5160,210.0786123264356
5161,209.43583504458655
5162,210.70478386815557
5163,211.29737486283457
5164,211.96336043208
5165,210.01688790145718
5166,208.3116963506937
5167,207.86380770204545
5168,208.34328903888093
5169,207.7765882617748
5170,208.62904360056294
5171,208.77624157864423
5172,209.70179608714625
5173,208.04668138792428
5174,207.79847817831507
5175,208.02389592123782
5176,207.8328668476353
5177,206.06519079030684
5178,207.483396390948
5179,207.18850037975778
5180,208.29634734665785
5181,208.2121267528378
5182,208.53780576618266
5183,209.06294465982182
5184,207.9768725299909
5185,208.60375002786907
5186,208.81724129914204
5187,214.44342740910236
5188,215.286138140503
5189,214.39976934220326
5190,214.86080611828893
5191,213.140868440295
5192,213.02345991561197
5193,213.3585918938299
5194,213.45056598467292
5195,215.8839943741209
5196,213.8226230476166
5197,213.37270618013088
5198,213.56967651195498
5199,212.83732212160436
5200,212.7920597207971
5201,214.35760900140644
5202,214.41976489116402
5203,213.8469443702466
5204,215.19821099562594
5205,215.37529353863468
5206,215.76408317048848
5207,216.83965063782503
5208,215.70113196934554
5209,215.59462119188552
5210,216.13315049226443
5211,216.43705266118263
5212,215.48356206760806
5213,216.7028136732428
5214,215.820827943079
5215,214.07047640474732
5216,213.94476629731702
5217,214.29058158501627
5218,214.57731030991638
5219,214.15748917261942
5220,213.6262585072278
5221,214.70103353722862
5222,218.03658227848098
5223,217.85153943483783
5224,218.00074527174314
5225,219.46690576652608
5226,218.2195245392307
5227,216.20994164381642
5228,215.92202531645572
5229,212.3156992028795
5230,211.32453068972816
5231,212.53211628528433
5232,208.93205371581269
5233,207.9744555819546
5234,209.03811479444738
5235,212.58735850383198
5236,209.97820921960923
5237,208.7059634317862
5238,207.35670393025413
5239,208.86135245325474
5240,209.50534458509154
5241,209.5983125922803
5242,209.73180437594937
5243,208.88635468811532
5244,209.9275549805953
5245,210.5219219303674
5246,208.07560780122904
5247,207.42569287230913
5248,207.3097096252551
5249,207.27295864561228
5250,208.157336708149
5251,208.094593264431
5252,208.01930648517924
5253,213.5557521262092
5254,215.92355415500197
5255,216.56850577623928
5256,214.49156118143455
5257,214.3210894306657
5258,213.36668214501796
5259,213.81045007032358
5260,213.73918181306627
5261,213.51849662994064
5262,212.72902953586495
5263,213.19556011986003
5264,212.52789621061797
5265,212.978278913383
5266,213.5175527426161
5267,213.23529908396296
5268,214.48087447068926
5269,213.50071729957804
5270,214.00233582394063
5271,214.31613747309487
5272,215.1338396624474
5273,215.8710794039426
5274,215.77859685156798
5275,216.64942334739808
5276,217.00897744382044
5277,216.398604448321
5278,216.72729063207808
5279,216.4008919025378
5280,215.16034776247486
5281,215.13809208952912
5282,214.17330200889083
5283,215.9783773898119
5284,216.42025519463178
5285,217.2438382758426
5286,216.15820941716024
5287,218.6698648059311
5288,218.42160215008357
5289,218.0365963431787
5290,219.07544701264717
5291,219.61997833030796
5292,218.11780590717314
5293,216.75721339842153
5294,215.96741103465726
5295,210.20309708997326
5296,212.73802456283502
5297,210.04488721910297
5298,208.3212019751559
5299,208.00798886060284
5300,206.8946487117789
5301,208.07488429019594
5302,207.13579465541505
5303,207.7828809433351
5304,207.60595360353395
5305,208.09483825597746
5306,210.47097809109704
5307,209.80317375462485
5308,209.29194040769255
5309,209.09449383827572
5310,208.85224315237124
5311,207.91525399884648
5312,206.94087193843802
5313,206.89958217858
5314,207.8533404611511
5315,207.9210370828878
5316,206.6491003474811
5317,208.06489596668692
5318,206.73953350965044
5319,206.8745150629819
5320,215.34322910726223
5321,215.2320426447629
5322,216.7020492552638
5323,218.33012577023706
5324,215.3018589346981
5325,214.45107526125543
5326,213.08015981317592
5327,214.3932925543134
5328,213.30894949296047
5329,213.61154408868373
5330,213.04284549187238
5331,213.54528193082882
5332,212.8895500970709
5333,213.02205375603032
5334,213.29820293604823
5335,214.63676265773796
5336,214.57825004571092
5337,214.1908598748506
5338,214.029500724505
5339,214.6779937550986
5340,214.62773496822092
5341,215.97885540643176
5342,216.51592849407163
5343,217.3598768209685
5344,216.4715895502439
5345,216.54279244433815
5346,216.16987819629242
5347,217.54737760024742
5348,219.82615544741054
5349,217.8235980815481
5350,215.80707454289717
5351,217.03578109396747
5352,216.27014444647608
5353,217.10587904360042
5354,216.2076511954993
5355,218.6479507159131
5356,218.32953026743363
5357,219.4254316890713
5358,220.12898915596566
5359,217.69348508082075
5360,217.24813330520985
5361,217.94932418177456
5362,214.94928392560692
5363,210.60270543900123
5364,209.43664467854674
5365,208.01930138007654
5366,208.49636422453204
5367,207.8778052758873
5368,206.81541556468375
5369,206.61181749134977
5370,206.77128594530004
5371,207.1925944683602
5372,208.41670065683064
5373,208.8697602474864
5374,210.4684242364559
5375,210.43746044248155
5376,209.04095755154873
5377,207.37350210970453
5378,208.52627359419395
5379,208.82373873050238
5380,208.0026161073446
5381,206.58061294814274
5382,207.57027525000342
5383,206.98320675105475
5384,207.79557793468163
5385,208.3874651888942
5386,208.04502173026336
5387,209.9900760593989
5388,215.37157507041246
5389,215.53367839210082
5390,212.90805777859026
5391,216.79897044965458
5392,218.6679515495967
5393,216.92884864165586
5394,214.26679700136424
5395,213.08861471800546
5396,214.17097658721784
5397,214.27862949731337
5398,214.3254410399254
5399,213.88334387963147
5400,213.77559774964814
5401,215.0247875752628
5402,214.0394655414907
5403,213.84258113504686
5404,212.64908134267438
5405,214.78830628147068
5406,212.67717077972281
5407,213.2832744819434
5408,214.13469950350904
5409,215.54447022428457
5410,216.9148729636192
5411,218.00962038847229
5412,216.843521057442
5413,216.8456149236089
5414,216.1580775830541
5415,218.17762806267385
5416,219.35738899281256
5417,218.62957284912565
5418,216.57618250608303
5419,215.86814345991516
5420,215.48329793667975
5421,215.58089424605114
5422,216.34077355836823
5423,216.03731416756906
5424,215.54526786593323
5425,217.66401249243808
5426,217.91849820712918
5427,215.74072407100044
5428,216.83219380433843
5429,215.49210433804393
5430,214.28865384885842
5431,211.94689306866596
5432,211.18925417627526
5433,210.0058791262886
5434,208.51807042471447
5435,207.32976553819321
5436,207.09276523940085
5437,207.59424326833766
5438,207.19158063517935
5439,207.7829742955172
5440,207.41251195768348
5441,208.55755274261594
5442,208.10073682434313
5443,209.82735432317583
5444,209.35529832062764
5445,209.57166165011654
5446,208.3594705973358
5447,208.8179861882726
5448,209.6160564846199
5449,208.64977496483792
5450,207.6631879491975
5451,207.1645452116061
5452,208.05153377684613
5453,208.77952966328144
5454,208.3637170010559
5455,206.63608069164243
5456,207.46923224282133
5457,215.3329160747686
5458,215.21730753002686
5459,216.23340693961907
5460,217.91278358345377
5461,217.17165365407567
5462,215.30526182574917
5463,215.15672292545688
5464,213.63128648800685
5465,213.30271668822738
5466,213.8885091420531
5467,213.9435456642841
5468,215.19342773176564
5469,213.3784669479603
5470,214.05485059929043
5471,213.33279887482385
5472,213.91550424658277
5473,213.33101682516408
5474,214.54212376933856
5475,214.88019573654273
5476,214.69716536540713
5477,214.5205063291137
5478,215.88421570695337
5479,217.36348034043698
5480,217.69545281930806
5481,217.2263766241069
5482,218.48949130605996
5483,217.9436419640218
5484,217.4269901547114
5485,215.68078762306584
5486,215.5254296885986
5487,217.56466335672764
5488,215.30651195499266
5489,215.2043910603522
5490,215.78707154812275
5491,215.05611814345957
5492,215.4465822784808
5493,217.77077033432226
5494,216.8941111923916
5495,216.87779121435398
5496,218.45505562666108
5497,215.99334599423187
5498,211.95813881545624
5499,211.93780503241933
5500,211.60257438278066
5501,211.8509758704088
5502,211.04891701828384
5503,209.80147710487407
5504,209.10360201971875
5505,207.48669094590576
5506,208.0897951719088
5507,207.9220534458507
5508,207.37133174908942
5509,208.33044004276584
5510,208.9040084388184
5511,208.57056077394657
5512,211.84594282820282
5513,210.65225035161717
5514,210.11827170564973
5515,208.7550842451687
5516,208.94790436005607
5517,209.4439865539597
5518,209.22379117324368
5519,208.44532271902543
5520,206.92493565310306
5521,208.08478228190623
5522,215.4446194742541
5523,215.4435489542457
5524,216.43530851348123
5525,216.1321412996074
5526,214.99111311097366
5527,214.1900589319118
5528,214.47780763332995
5529,214.16668541537774
5530,214.00947973951816
5531,214.5725982302378
5532,215.47355691485615
5533,214.22941573602645
5534,214.45120492944855
5535,213.3553777127667
5536,214.24111311097366
5537,214.07963929490865
5538,215.26978255365842
5539,216.3058242870802
5540,216.48038208854427
5541,216.69968635283198
5542,217.16587217886527
5543,218.77375743848734
5544,217.77168455252536
5545,217.07113729681095
5546,220.5564340278265
5547,218.46071619454835
5548,216.34105964922156
5549,216.42893108298176
5550,215.58851741937295
5551,216.5152043658049
5552,217.0897621626182
5553,215.93317768182388
5554,216.83490625747208
5555,216.22644163150477
5556,217.47509071985152
5557,216.33932966708392
5558,216.17261754030542
5559,218.63581522885477
5560,216.9558356071901
5561,212.36170392358227
5562,210.71515552055791
5563,210.27933730873085
5564,210.3323016755059
5565,212.40212332138097
5566,209.87406292634216
5567,208.99530126753223
5568,209.94921166261125
5569,208.44698024326794
5570,207.8660157843646
5571,206.7654645700302
5572,209.43364972228082
5573,209.0654164849542
5574,210.03406565585536
5575,209.76692680869013
5576,210.20066682610457
5577,209.78513059255397
5578,209.738308555676
5579,208.5329892122251
5580,208.39608152013395
5581,209.29352030267643
5582,208.55632911392394
5583,208.82366840602543
5584,207.9490702973362
5585,215.8198849491556
5586,216.45087835271963
5587,217.25125910919786
5588,213.0665541728188
5589,215.33743090620138
5590,214.9394932684327
5591,214.41163732493416
5592,214.57415716114158
5593,214.33806026842245
5594,215.25752654151748
5595,214.74750699728583
5596,213.64040122675215
5597,215.33127048200416
5598,216.31130828505567
5599,216.20732101909047
5600,216.3337880982857
5601,216.70691546206203
5602,216.69233149979607
5603,219.1968718792637
5604,218.4462912184492
5605,221.75916547086476
5606,217.41110282845074
5607,217.40545025029542
5608,216.61959427140496
5609,217.1423648715173
5610,215.74232749163158
5611,215.26876608672416
5612,215.7951700469777
5613,215.77265183268182
5614,216.19420807606303
5615,217.46049874119194
5616,217.94803021139566
5617,218.4572995780591
5618,215.83003980365427
5619,215.17000478213194
5620,215.4062715417188
5621,215.87513182872834
5622,213.37539205896024
5623,210.22972060437257
5624,210.44899881883143
5625,209.9289863429866
5626,210.20231278927452
5627,208.3911973563947
5628,209.1378238487724
5629,209.3415303237061
5630,209.68240059635187
5631,207.8547584228586
5632,208.25795197163876
5633,208.93607415117174
5634,208.16207551149574
5635,209.68382032272137
5636,208.4430582708619
5637,208.94314842157084
5638,208.12893378163554
5639,208.72694412017054
5640,209.62102139270607
5641,209.40589881714232
5642,209.4163490344452
5643,209.37928463929572
5644,209.9702527461709
5645,209.31916060704097
5646,207.8963135909086
5647,216.33983758836254
5648,216.42754469120533
5649,216.46468354430388
5650,216.5238798621369
5651,215.37753810675522
5652,216.4557665260197
5653,215.03749032847986
5654,215.33093818549986
5655,214.37895580747718
5656,217.2348348432839
5657,216.82702907925085
5658,215.38558910814515
5659,215.47817401702181
5660,216.7133192686359
5661,218.28639124810172
5662,216.68876259073767
5663,216.8469739377489
5664,217.43441700883065
5665,218.09812334702593
5666,219.14039578615734
5667,219.6490431261162
5668,221.35359077161135
5669,216.77309104206816
5670,216.20382479083182
5671,216.52642610958694
5672,216.33037974683546
5673,216.1724074881504
5674,216.65550414199524
5675,216.182306610408
5676,216.25381153305204
5677,216.30642756680726
5678,219.37346516828651
5679,219.7989029535867
5680,218.3069014500499
5681,216.27552742616038
5682,214.15919831223644
5683,214.9977351058591
5684,215.5709404353452
5685,213.14531849955716
5686,212.45226773957575
5687,211.3082147477362
5688,211.106400933909
5689,211.88705071393395
5690,211.12134932575904
5691,210.7038214320877
5692,211.1531146249507
5693,209.15740024472922
5694,207.0752010799257
5695,207.20814810646536
5696,209.9623201451498
5697,209.57004654302068
5698,208.40407962298647
5699,207.18128243716515
5700,207.72244955354006
5701,208.27447422100283
5702,208.8962573313267
5703,209.57457910800434
5704,209.06057494866528
5705,209.47133614627285
5706,209.1729138243858
5707,207.86364275668075
5708,208.19588179861879
5709,208.8307503326851
5710,216.94097046413478
5711,215.40833204405124
5712,218.05789110957957
5713,216.95114162317273
5714,215.47894255782882
5715,214.0918718969323
5716,215.64403584542
5717,215.35542431273282
5718,214.99172984148854
5719,215.1734732636494
5720,215.67434437179213
5721,215.0160904666797
5722,215.59142129623092
5723,216.6067651195499
5724,218.63238933573317
5725,217.5539158448572
5726,217.76961701289756
5727,217.52450256626577
5728,218.66534425030235
5729,221.41996371256977
5730,219.75012304014635
5731,218.5678793506091
5732,216.44928127373473
5733,217.06787597553247
5734,215.5887707155114
5735,216.0945455568369
5736,215.86441440807874
5737,216.70633904836902
5738,217.77490224760183
5739,218.91283861711995
5740,217.28925457102648
5741,218.14311031097492
5742,221.71281892598935
5743,218.16306610407867
5744,214.5576246870515
5745,213.60745731244182
5746,216.06552995132358
5747,212.05461576320047
5748,210.584699991561
5749,209.41466193973142
5750,210.56381916613933
5751,213.29604208275896
5752,212.69155341717993
5753,210.53617380299525
5754,208.4240565971391
5755,208.89607776933667
5756,209.3158035387775
5757,208.3056555486811
5758,207.01622070285006
5759,209.96743930912262
5760,210.61445545946702
5761,208.40430201313941
5762,207.23048468311345
5763,207.37814807002735
5764,209.016909809659
5765,208.9656108469999
5766,210.4579031758981
5767,209.75546772809736
5768,207.9099143447868
5769,208.48646938029188
5770,208.78593070346466
5771,208.42520066426775
5772,215.67898829270004
5773,215.2239412649964
5774,216.94198230636144
5775,217.4006104164613
5776,217.6875905631441
5777,215.7335339445411
5778,215.33795606064842
5779,215.10458196755872
5780,214.95535400407783
5781,216.14528832630083
5782,215.87086744886147
5783,215.88587499121124
5784,215.64206247626524
5785,215.52244559177254
5786,216.7779996905721
5787,216.54811856684844
5788,217.61187625733274
5789,218.2634954569748
5790,217.5328758647841
5791,218.69077966292423
5792,219.29731782444182
5793,217.72762810056807
5794,215.89799248765485
5795,216.00451483143206
5796,217.70415940154098
5797,216.72249342318102
5798,216.44078595741067
5799,217.425105485232
5800,218.04251817887712
5801,217.64519894794563
5802,216.04059185912377
5803,216.7428832630096
5804,216.14035359147076
5805,216.0220681313116
5806,213.67011251758055
5807,210.43546935216165
5808,210.88728392804393
5809,211.18278889170213
5810,210.56277859804533
5811,210.5400292553937
5812,209.65918714741898
5813,211.02175349785543
5814,215.24561872345188
5815,210.8285806732971
5816,211.11667018209937
5817,209.71081168511492
5818,207.19602436588187
5819,208.67386320482692
5820,210.4436960373484
5821,208.77085941786316
5822,208.93244630726147
5823,209.4133727061801
5824,208.7830986311774
5825,208.06742805704783
5826,208.5333895802571
5827,208.54468079119854
5828,209.99493663764585
5829,209.0595938001068
5830,207.78194092826965
5831,209.36426672667668
5832,209.1095083543695
5833,215.69603803040698
5834,215.7095880392126
5835,217.00562587904335
5836,216.87220752912003
5837,217.95962933798273
5838,216.37940055415652
5839,216.67969332489224
5840,216.46709601214903
5841,216.38795201057647
5842,216.1820803556351
5843,216.5402300466841
5844,217.1878199718702
5845,216.6256260199196
5846,217.30783836622166
5847,217.54990438157364
5848,217.45375254976395
5849,218.38107427671264
5850,216.70580460093333
5851,218.26100106915723
5852,219.84659634317833
5853,217.92440413414877
5854,217.11722585636872
5855,217.8521638841613
5856,217.5913859047189
5857,217.6871447864493
5858,217.75174402250335
5859,219.44641978086872
5860,218.37237169660023
5861,216.20101548544952
5862,215.68485232067468
5863,216.95438882716104
5864,217.66379273970063
5865,212.93572342789602
5866,211.42318673436338
5867,210.40198877621313
5868,210.2534775453942
5869,210.42714253559123
5870,209.74739506433227
5871,210.12340365682124
5872,209.44534635079586
5873,210.51937679284518
5874,212.01229271860322
5875,212.02010269395737
5876,210.57927892457377
5877,209.86191279887453
5878,208.14284508468808
5879,209.5384388185652
5880,209.44158839079788
5881,208.53476823521098
5882,208.86399246121582
5883,210.23175893246326
5884,210.48534128636504
5885,210.37247538677903
5886,211.2667332245905
5887,210.45429351190108
5888,209.15865202042198
5889,208.47877260598895
5890,208.33346917521342
5891,210.42944410507005
5892,209.66742219681876
5893,215.80101949995947
5894,215.90739672850566
5895,218.4548868479166
5896,217.16268306064768
5897,218.67889082625592
5898,219.18614889098333
5899,215.98926606924314
5900,217.75438719838044
5901,216.2391983122366
5902,216.11442800067547
5903,216.3962595795545
5904,216.79636557990423
5905,216.66340283053384
5906,216.2199859353028
5907,217.25419033691472
5908,218.8192088011031
5909,218.23957073335436
5910,218.53897208746423
5911,221.339912496659
5912,220.42660234321187
5913,218.13684876608352
5914,217.50078782251498
5915,217.4744999859352
5916,217.4663929354859
5917,218.39430814247945
5918,222.90169906326514
5919,219.0636023516839
5920,217.08433311298356
5921,216.664116232296
5922,218.90509142053472
5923,215.09573839662465
5924,215.223252085121
5925,211.431736030043
5926,210.47054107652735
5927,210.61758955822194
5928,210.89184095416283
5929,209.22465287058805
5930,209.99062082542392
5931,210.3477031702723
5932,210.49800230719475
5933,210.55562742561477
5934,212.27646347295305
5935,212.1483919979743
5936,210.25618021767895
5937,209.02294016709382
5938,209.5342205590649
5939,210.71411693554083
5940,209.9341920242986
5941,206.5902900875047
5942,206.09783678865819
5943,207.96666010461826
5944,208.4121321253729
5945,209.92006919928576
5946,210.86987274133483
5947,210.35796181928168
5948,209.72887579460672
5949,216.8655653740079
5950,216.06409462994756
5951,218.38702372747872
5952,219.11202397197653
5953,218.25583553630707
5954,218.31812427916412
5955,218.65987648242196
5956,219.90125991338112
5957,218.1023798137784
5958,217.38932500492396
5959,217.77351088362687
5960,217.7331711159247
5961,217.38880447933366
5962,216.26045007032366
5963,217.33113970329774
5964,217.5433788669584
5965,217.9946412748423
5966,220.51034928848657
5967,223.0029120886851
5968,219.05492418914744
5969,219.23380111367368
5970,219.0456233645649
5971,218.78729359475668
5972,218.5021022287845
5973,219.30781351115613
5974,221.00053447354372
5975,218.21419127988776
5976,216.774753867792
5977,216.5993473888524
5978,216.731082981716
5979,216.53960618846702
5980,216.49674397670867
5981,212.69845846577985
5982,212.3558509142053
5983,213.11726068243848
5984,211.99706039551057
5985,212.01294261637804
5986,210.92333652061444
5987,211.30683000928315
5988,212.11824205506252
5989,211.33874233646455
5990,213.72124391684733
5991,212.5488935469804
5992,211.5989650711516
5993,210.89418979169906
5994,210.7218001744465
5995,210.9151605507815
5996,210.70416930324134
5997,209.76659351171887
5998,208.96500654017655
5999,209.3155311818887
6000,209.38600489575416
6001,209.51469802244807
6002,209.34012036672482
6003,210.50369995216812
6004,217.23397463926534
6005,216.32268865004784
6006,216.61825445951254
6007,218.00725911962073
6008,217.8013589747198
6009,217.68844892847582
6010,216.3598874824191
6011,218.09186444016154
6012,217.8589922186105
6013,218.1917018284108
6014,217.27742216845095
6015,215.67980468859923
6016,218.42254788894834
6017,217.92286373484143
6018,217.3016027129327
6019,216.39173372348208
6020,216.97666666666674
6021,217.041918189877
6022,217.69213021580723
6023,222.2265790917146
6024,222.46722107307173
6025,219.84662999592027
6026,219.43558368495084
6027,218.3210305622783
6028,219.24727431312695
6029,219.3842053445851
6030,217.319623459222
6031,218.48805604794464
6032,217.95702207278825
6033,217.33738956727242
6034,217.69794465624696
6035,217.2166762798418
6036,216.61646784086426
6037,216.87347185684342
6038,214.40912735815877
6039,212.44895547583872
6040,213.82423116963506
6041,211.31697709751845
6042,212.6052964849575
6043,210.69974683544314
6044,211.21791426923457
6045,213.7608983198716
6046,212.8676549182864
6047,214.54994232013732
6048,212.5904146791055
6049,210.7881042460726
6050,209.86670511936754
6051,209.40045872850575
6052,209.22890464533927
6053,211.99904361401389
6054,209.3884698730756
6055,210.31180451022038
6056,211.04001462749127
6057,210.57049586311695
6058,209.38390872513438
6059,210.06046413502114
6060,210.84509293240197
6061,217.40432552634417
6062,216.75033396611116
6063,216.1997975167681
6064,218.96373581562784
6065,219.62535330099135
6066,217.8679887482417
6067,218.69733308965147
6068,220.98763973845186
6069,218.24983122362846
6070,217.23669337832143
6071,218.17083596990784
6072,216.88371308016855
6073,219.34060619692968
6074,218.07842117104454
6075,217.09919831223598
6076,217.49719468466577
6077,216.95581392079404
6078,217.70553156776964
6079,218.65974829501528
6080,220.81106424855898
6081,221.0664969550356
6082,221.5075510433658
6083,219.10051734802903
6084,219.60791842475368
6085,218.48924980665123
6086,217.39273161816396
6087,217.61926863572413
6088,216.90013499071932
6089,217.02173943612456
6090,217.86046740536574
6091,216.78090725012657
6092,216.91907701393467
6093,215.7475287202777
6094,215.24266329185122
6095,213.56477536384736
6096,213.37945581101016
6097,212.5898193067567
6098,212.45617661534143
6099,210.62774964838226
6100,210.11745933559214
6101,210.2818774959221
6102,210.99215200911368
6103,210.919431479503
6104,212.05560008437044
6105,211.6153586497889
6106,211.43283519140752
6107,209.77864023061235
6108,209.02907172995765
6109,209.76325669689945
6110,212.2109488127539
6111,210.05877554464757
6112,211.77391866809154
6113,210.9372706696096
6114,211.0107172995779
6115,209.96549251212835
6116,209.00663564409317
6117,210.81420443067822
6118,216.7914990576386
6119,217.35252253899463
6120,216.15176022166256
6121,217.99358640768494
6122,220.81704486304704
6123,217.91032834141853
6124,218.29844721370483
6125,218.25305984637427
6126,219.11266258876455
6127,217.94309343310024
6128,217.89249338810387
6129,219.21641801538286
6130,221.63383451244027
6131,220.08080694399473
6132,218.64041688350028
6133,217.99320818392727
6134,217.84413775639365
6135,218.8000365692422
6136,218.9107080081556
6137,219.6013533474948
6138,222.27764103573864
6139,220.22888279547197
6140,218.57937311837003
6141,217.67523699682116
6142,216.76743303100594
6143,216.86178129791898
6144,214.52289061730806
6145,213.21906074628313
6146,214.3121659634316
6147,215.2505907172994
6148,214.93516174402225
6149,214.24533052039354
6150,214.25312948324833
6151,213.87657880671733
6152,212.27340750221495
6153,213.4026638911937
6154,212.20787915441846
6155,209.83495350505711
6156,210.39520494972922
6157,210.33230189316126
6158,210.2610787541146
6159,210.70599732827097
6160,213.5651696929631
6161,211.94875005275495
6162,210.80690430992044
6163,212.2231005091562
6164,210.7127402155255
6165,210.04316577118885
6166,209.48584003599728
6167,209.7822576107137
6168,209.27508122477096
6169,211.09791045615597
6170,211.84467453540208
6171,210.42722119861017
6172,209.66305280179972
6173,210.70103926097008
6174,215.78281508271772
6175,217.78262643314287
6176,216.9112433527472
6177,217.94638661845977
6178,217.6812444594534
6179,217.44481012658196
6180,217.63136052220622
6181,218.5508119213121
6182,218.2622222222221
6183,218.66516607346313
6184,218.5281147102689
6185,218.74363229771714
6186,219.63682788891677
6187,220.5030253567102
6188,220.1432811884529
6189,219.79106891701812
6190,218.63565367892238
6191,218.72747351687434
6192,219.1443600562585
6193,223.2533946838894
6194,221.165836639374
6195,219.01725738396607
6196,216.53881548397948
6197,218.2080976899916
6198,218.1897582312481
6199,215.723285396673
6200,213.94080076531296
6201,214.69339091778699
6202,213.3691548027681
6203,212.90640518830074
6204,213.03101963873695
6205,212.1930392212026
6206,211.85545067034283
6207,213.10174165048787
6208,212.41742164200048
6209,215.64039221754814
6210,211.65873216848112
6211,210.6803439008255
6212,210.19257383966232
6213,210.6371514588781
6214,209.8147689536777
6215,212.22412095639928
6216,213.125065064783
6217,212.13212697697924
6218,211.2624331926861
6219,211.22629883375745
6220,211.0996946543398
6221,211.24643369629413
6222,210.60544858722076
6223,210.45248079250237
6224,210.70686380709844
6225,210.08812939521766
6226,210.58009455998604
6227,210.25706568377785
6228,210.47928270042158
6229,210.84479434899416
6230,210.5336619751852
6231,216.2674243276699
6232,216.71620210458698
6233,216.77835864700293
6234,216.7277598841055
6235,220.3746467784795
6236,218.74452647120893
6237,218.78952180028148
6238,219.04666038717335
6239,218.88993883147054
6240,218.56209563994398
6241,217.7827981780355
6242,219.16743303100645
6243,219.38468354430395
6244,220.23726025085824
6245,218.91396156387552
6246,219.03402202500692
6247,219.904944035098
6248,220.86949247856074
6249,224.3230053023166
6250,220.23760106869182
6251,218.21023478138656
6252,217.13398030942355
6253,216.87088518596673
6254,217.58766799752607
6255,217.0583395451542
6256,214.97137031568627
6257,214.5427687548341
6258,215.13719645091913
6259,213.23221542571935
6260,212.2612914112157
6261,212.06725631362852
6262,212.16674400618746
6263,213.2222987794592
6264,215.4230271668825
6265,213.527075863039
6266,211.44372574385548
6267,211.08687763713084
6268,209.80627293303954
6269,214.90170988244597
6270,211.34814345991578
6271,214.07113635405136
6272,212.35866752910778
6273,211.42676511955005
6274,210.1007141652144
6275,211.65604083469282
6276,211.73767563538192
6277,211.13334551999594
6278,212.01067030309878
6279,210.43864978902965
6280,210.78512268860317
6281,210.72166847084983
6282,210.61177215189895
6283,210.32470892626176
6284,210.59484043301023
6285,210.91251758087216
6286,210.96756004274746
6287,211.22098010265105
6288,209.66243883233045
6289,208.80047809885443
6290,218.89128202242452
6291,218.5100330450679
6292,217.46111084715142
6293,218.87167436799157
6294,219.35815228854693
6295,219.51678645269294
6296,222.10940731257824
6297,220.40383317396947
6298,219.18685213575455
6299,219.16895741597847
6300,218.03272901166005
6301,220.0379244885047
6302,222.7498417343106
6303,221.86274068552316
6304,221.1633809550595
6305,225.65427739403242
6306,221.32947017538947
6307,217.86073261618526
6308,217.3298819689659
6309,217.5549023193014
6310,217.65718905997335
6311,217.22945007948456
6312,217.05284255534627
6313,213.4133391468237
6314,212.47214447460598
6315,212.16664088102507
6316,211.97298095586396
6317,211.5560275109356
6318,212.39917579712812
6319,213.38248076625567
6320,213.73333333333338
6321,213.5072082589069
6322,213.2000900165969
6323,212.17073239357373
6324,213.07974407649613
6325,210.0647134940507
6326,210.99900116764908
6327,212.0295850499882
6328,210.44511174559432
6329,211.2642122589087
6330,211.49816494410476
6331,210.03040830391453
6332,211.07304342932713
6333,211.23433522271787
6334,211.49401673346003
6335,212.2496799516059
6336,212.9581147414171
6337,211.52794026660678
6338,211.10041782142017
6339,210.4418408394049
6340,209.8854812627435
6341,210.40638980332585
6342,210.2938760583984
6343,210.4239862726622
6344,210.7226582278482
6345,210.1913529022914
6346,209.0446407363419
6347,219.35047744577017
6348,218.25175583557117
6349,217.9805293261076
6350,220.26031906811855
6351,220.14397681061533
6352,218.61428973277086
6353,220.12813190214254
6354,218.7175161117833
6355,221.47804679037176
6356,220.5644163150493
6357,220.16384769087873
6358,220.41716022115003
6359,220.32524155778395
6360,222.15483979906276
6361,218.95961059606384
6362,218.2737514240308
6363,218.086298844752
6364,218.2358825018994
6365,220.91954992967658
6366,217.55084638439774
6367,218.55688420578767
6368,217.63631247977736
6369,216.05855044735804
6370,213.99058833459966
6371,213.0501674122846
6372,212.31831354453888
6373,213.8108689841454
6374,214.41317895980774
6375,212.72888795104453
6376,213.11112361605458
6377,213.07083268854734
6378,212.7611268239828
6379,211.20272855133632
6380,215.42405357117744
6381,212.21859653566358
6382,212.2476055189098
6383,209.82108239663484
6384,210.69804550635322
6385,211.19500703234903
6386,211.17117091768563
6387,210.53654349477932
6388,210.62322918278642
6389,211.01644140026175
6390,211.51891876679764
6391,215.09564874864594
6392,211.8700440218845
6393,211.31859116877266
6394,211.30702568864157
6395,210.5360618846696
6396,210.89605583463495
6397,210.7419495519324
6398,210.97979826400146
6399,211.43746219314917
6400,211.32882686436997
6401,210.89427820078726
6402,221.03911918555596
6403,220.08253164556947
6404,219.66536390603247
6405,221.11555768040947
6406,220.73752461322053
6407,220.83022104730307
6408,218.64189113198003
6409,220.47476125511577
6410,219.7439394791608
6411,220.48054997117978
6412,220.52068184695
6413,219.6232754377329
6414,218.95037325498032
6415,219.9833195032417
6416,219.84712086057795
6417,217.98717858598928
6418,217.13067510548507
6419,216.80336351875803
6420,217.86851060239619
6421,218.42406772034403
6422,217.2110214297768
6423,215.93496540862802
6424,215.33285055402436
6425,216.61247275539617
6426,212.51586866343249
6427,214.4775999775014
6428,213.77104689587287
6429,212.80444625681992
6430,211.09276944065456
6431,210.9748629270352
6432,210.63175138859597
6433,213.92831324453923
6434,211.37731790639808
6435,210.1144343668706
6436,212.92403656821358
6437,212.41461528728692
6438,210.49296210363497
6439,211.26880450070306
6440,210.69572248157957
6441,211.3081919275702
6442,211.31143459915606
6443,211.05624613307836
6444,212.39754818574175
6445,211.33466947960605
6446,210.15610147087776
6447,211.26924969422612
6448,211.2453445850913
6449,211.6249683606603
6450,211.2972467517859
6451,211.99105686484052
6452,211.42031920129367
6453,211.09943678384127
6454,220.11928179492116
6455,219.3062194898918
6456,220.4310984869788
6457,220.26408247654663
6458,221.62294251709247
6459,221.03765119549908
6460,221.87745201434288
6461,222.46701743032753
6462,220.27489278586899
6463,220.07521118761983
6464,219.7866510471728
6465,219.7681128837115
6466,218.7265924977846
6467,218.7461716937353
6468,217.60879535191222
6469,217.91638302061926
6470,216.83050394520308
6471,218.5256192070209
6472,217.7147639207302
6473,218.25426517953818
6474,219.05738477334387
6475,213.984964626788
6476,212.2176542567404
6477,213.38672292545684
6478,212.2723986610029
6479,212.7363394703159
6480,212.32207872597817
6481,211.72938198692236
6482,211.20588193926767
6483,213.07257814917955
6484,212.71156577374654
6485,210.55267377422692
6486,210.36140849429506
6487,210.69380150181394
6488,212.0439527982108
6489,211.2031428048899
6490,211.21454591485104
6491,211.07222003487243
6492,210.86916518949914
6493,211.06555647758748
6494,212.33085846867726
6495,213.46750323560835
6496,211.9261020000561
6497,210.6814314842154
6498,211.07285848937144
6499,211.89738252296078
6500,211.4469542468951
6501,210.51641350210946
6502,211.732063742106
6503,211.15211810012835
6504,221.81909963588214
6505,221.05544970253143
6506,221.2581610529207
6507,221.39510580591784
6508,220.42628696604604
6509,222.59353481254783
6510,219.170865222015
6511,219.34480138460884
6512,219.66876749715132
6513,219.50899424761963
6514,219.36656066191983
6515,219.03775920767563
6516,218.0842407360514
6517,217.45786030808176
6518,219.1548190143917
6519,220.299945134561
6520,219.7753189932895
6521,216.18754132493
6522,213.17224934231817
6523,212.2095660125202
6524,212.26640687646835
6525,211.59549534340624
6526,211.5790110601411
6527,211.4345428973278
6528,211.89693738305925
6529,212.3346560288178
6530,211.77319268635728
6531,211.25701302720805
6532,211.36374890970998
6533,212.41627870996788
6534,213.868068161031
6535,211.84352095437728
6536,212.2659737556435
6537,213.11078434131645
6538,211.5304718494134
6539,212.02524577713396
6540,211.1163268464969
6541,210.96445150943933
6542,212.01619233853393
6543,211.30876146530858
6544,211.386011522301
6545,220.71846995765546
6546,219.51364998101275
6547,219.4752724460386
6548,219.53561329713162
6549,218.97992939422534
6550,217.4154265942787
6551,218.7964950280596
6552,218.87899800275719
6553,219.86568024866773
6554,221.05216669714082
6555,218.61535323984887
6556,215.59093658138693
6557,212.00580880181167
6558,211.78060169622668
6559,211.1628011645737
6560,211.23881940829745
6561,211.69623848695807
6562,213.7373240129962
6563,211.4896738977521
6564,210.8227518807569
6565,211.07241252510397
6566,212.08457546648998
6567,212.34248270431442
6568,212.03716781790317
6569,211.8189144713713
6570,211.95529838573634
6571,212.46954968135856
6572,213.01177248305194
6573,210.82009421359788
6574,211.52248779595715
6575,211.63792230442513
6576,211.40488614467188
6577,211.31732770745455
6578,211.23108230924248
6579,220.40084850728206
6580,217.98025760728976
6581,218.87528644332312
6582,220.03575246132212
6583,219.342234409056
6584,218.8493728556164
6585,218.9546234321391
6586,220.1476341137597
6587,221.61344301483538
6588,221.28557969486042
6589,219.32983196231476
6590,214.15283480510743
6591,212.85193205467124
6592,211.85446108415962
6593,212.0599161932619
6594,210.9308167255032
6595,211.16993996991502
6596,212.11378752724474
6597,211.45325663492784
6598,210.87957261352483
6599,211.66440272797598
6600,212.88925676217997
6601,212.20614627285525
6602,211.74325046403078
6603,212.05028820469582
6604,211.40074542897335
6605,212.30685077900915
6606,211.6684521299032
6607,211.81206751054862
6608,211.91928679903262
6609,212.89758841313395
6610,211.67850664416795
6611,209.32392595179897
6612,219.01146546994374
6613,218.88568213783407
6614,218.72023977036068
6615,217.91967024000454
6616,216.28745674010315
6617,218.70421326580848
6618,219.10231844911513
6619,219.19802203058404
6620,220.05070057959594
6621,217.98061421155558
6622,214.22187051574255
6623,212.24146080693268
6624,212.6107875411498
6625,210.72103034480838
6626,211.42132072551257
6627,216.11897327707476
6628,211.52478757526328
6629,214.00806292741962
6630,212.20541201952167
6631,212.25750179367802
6632,210.90784152255483
6633,212.21080693264315
6634,212.12867791842498
6635,212.28830945881307
6636,211.7609555027223
6637,212.7097749648384
6638,211.68407277639415
6639,213.01847162432134
6640,213.03206111165838
6641,211.99742561721897
6642,207.83362174563987
6643,216.4182147846506
6644,214.2643183575898
6645,212.99244534481286
6646,213.15309854004335
6647,213.75082280795522
6648,212.9492679221928
6649,213.50948677196587
6650,215.1438276206416
6651,216.30151898734155
6652,214.16579698729942
6653,214.37217643252973
6654,211.746114572638
6655,211.98196880406184
6656,212.72563222594167
6657,214.355336090712
6658,215.34092428148566
6659,214.27736424271504
6660,212.49369047451557
6661,211.55384161088915
6662,211.1730095861318
6663,212.27622166681047
6664,212.21867309001436
6665,212.4499353647277
6666,211.68400305836394
6667,212.5954921155989
6668,212.48152501805714
6669,213.12063059556263
6670,211.51421750029863
6671,212.725243209807
6672,213.1164821873107
6673,213.5554305641485
6674,210.52992294279758
6675,213.59485073892296
6676,212.9588272516346
6677,213.3455248541094
6678,213.20692952359497
6679,213.42570484426616
6680,214.87717077972286
6681,213.73137875272425
6682,213.25512198551633
6683,212.08498790708126
6684,211.94546506328234
6685,212.13266561237054
6686,211.70490376918548
6687,213.63630479655723
6688,213.81348324093042
6689,214.39347730810474
6690,213.8503106130979
6691,213.27692800279416
6692,213.02324043723485
6693,212.31529782504677
6694,212.37089921782638
6695,212.061955741879
6696,212.96651801415206
6697,212.47123865794424
6698,211.7603331363772
6699,212.30873725924513
6700,212.59709237436775
6701,213.1466405997273
6702,212.58309423347416
6703,213.15325387617352
6704,213.8204994797088
6705,213.71499884579868
6706,212.7966954932153
6707,213.49577349572783
6708,211.25661111032832
